Integration (macos, Go 1.27.x)	Run self tests, using QUIC v2	﻿2026-09-11T01:06:39.0943670Z ##[group]Run go test  -v -timeout 5m -shuffle=on ./integrationtests/self -version=2  2>&1 | go-junit-report -set-exit-code -iocopy -out report_self_v2.xml
Integration (macos, Go 1.27.x)	Run self tests, using QUIC v2	2026-09-11T01:06:39.0944940Z ^[[36;1mgo test  -v -timeout 5m -shuffle=on ./integrationtests/self -version=2  2>&1 | go-junit-report -set-exit-code -iocopy -out report_self_v2.xml^[[0m
Integration (macos, Go 1.27.x)	Run self tests, using QUIC v2	2026-09-11T01:06:39.0992700Z shell: /bin/bash --noprofile --norc -e -o pipefail {0}
Integration (macos, Go 1.27.x)	Run self tests, using QUIC v2	2026-09-11T01:06:39.0993010Z env:
Integration (macos, Go 1.27.x)	Run self tests, using QUIC v2	2026-09-11T01:06:39.0993200Z   DEBUG: false
Integration (macos, Go 1.27.x)	Run self tests, using QUIC v2	2026-09-11T01:06:39.0993400Z   TIMESCALE_FACTOR: 3
Integration (macos, Go 1.27.x)	Run self tests, using QUIC v2	2026-09-11T01:06:39.0993740Z   QUIC_GO_CORRUPTION_CAPTURE_DIR: /Users/runner/work/_temp/quic-go-corruption
Integration (macos, Go 1.27.x)	Run self tests, using QUIC v2	2026-09-11T01:06:39.0994100Z   GOTOOLCHAIN: local
Integration (macos, Go 1.27.x)	Run self tests, using QUIC v2	2026-09-11T01:06:39.0994320Z ##[endgroup]
Integration (macos, Go 1.27.x)	Run self tests, using QUIC v2	2026-09-11T01:06:40.2969110Z using QUIC version: v2
Integration (macos, Go 1.27.x)	Run self tests, using QUIC v2	2026-09-11T01:06:40.3073230Z -test.shuffle 1789088800293547000
Integration (macos, Go 1.27.x)	Run self tests, using QUIC v2	2026-09-11T01:06:40.3174150Z === RUN   TestHandshake05RTT
Integration (macos, Go 1.27.x)	Run self tests, using QUIC v2	2026-09-11T01:06:40.3276770Z === RUN   TestHandshake05RTT/using_ListenEarly
Integration (macos, Go 1.27.x)	Run self tests, using QUIC v2	2026-09-11T01:06:40.3378160Z === RUN   TestHandshake05RTT/using_Listen
Integration (macos, Go 1.27.x)	Run self tests, using QUIC v2	2026-09-11T01:06:40.3480250Z --- PASS: TestHandshake05RTT (0.00s)
Integration (macos, Go 1.27.x)	Run self tests, using QUIC v2	2026-09-11T01:06:40.3581760Z     --- PASS: TestHandshake05RTT/using_ListenEarly (0.00s)
Integration (macos, Go 1.27.x)	Run self tests, using QUIC v2	2026-09-11T01:06:40.3712310Z     --- PASS: TestHandshake05RTT/using_Listen (0.00s)
Integration (macos, Go 1.27.x)	Run self tests, using QUIC v2	2026-09-11T01:06:40.3813490Z === RUN   TestStreamDataBlocked
Integration (macos, Go 1.27.x)	Run self tests, using QUIC v2	2026-09-11T01:06:40.3918350Z 2026/09/11 01:06:40 failed to sufficiently increase receive buffer size (was: 768 kiB, wanted: 7168 kiB, got: 6144 kiB). See https://github.com/quic-go/quic-go/wiki/UDP-Buffer-Sizes for details.
Integration (macos, Go 1.27.x)	Run self tests, using QUIC v2	2026-09-11T01:06:40.4254700Z --- PASS: TestStreamDataBlocked (0.13s)
Integration (macos, Go 1.27.x)	Run self tests, using QUIC v2	2026-09-11T01:06:40.4257560Z === RUN   TestGetConfigForClient
Integration (macos, Go 1.27.x)	Run self tests, using QUIC v2	2026-09-11T01:06:40.4300380Z --- PASS: TestGetConfigForClient (0.00s)
Integration (macos, Go 1.27.x)	Run self tests, using QUIC v2	2026-09-11T01:06:40.4303900Z === RUN   TestDatagramSizeLimit
Integration (macos, Go 1.27.x)	Run self tests, using QUIC v2	2026-09-11T01:06:40.4304480Z --- PASS: TestDatagramSizeLimit (0.00s)
Integration (macos, Go 1.27.x)	Run self tests, using QUIC v2	2026-09-11T01:06:40.4305890Z === RUN   TestHTTPGet
Integration (macos, Go 1.27.x)	Run self tests, using QUIC v2	2026-09-11T01:06:40.4314560Z === RUN   TestHTTPGet/small
Integration (macos, Go 1.27.x)	Run self tests, using QUIC v2	2026-09-11T01:06:40.4425870Z === RUN   TestHTTPGet/big
Integration (macos, Go 1.27.x)	Run self tests, using QUIC v2	2026-09-11T01:06:40.7263070Z --- PASS: TestHTTPGet (0.29s)
Integration (macos, Go 1.27.x)	Run self tests, using QUIC v2	2026-09-11T01:06:40.7375970Z     --- PASS: TestHTTPGet/small (0.01s)
Integration (macos, Go 1.27.x)	Run self tests, using QUIC v2	2026-09-11T01:06:40.7477440Z     --- PASS: TestHTTPGet/big (0.28s)
Integration (macos, Go 1.27.x)	Run self tests, using QUIC v2	2026-09-11T01:06:40.7578770Z === RUN   TestCorruptionCaptureInterruptedFixtureCleanup
Integration (macos, Go 1.27.x)	Run self tests, using QUIC v2	2026-09-11T01:06:44.0179280Z --- PASS: TestCorruptionCaptureInterruptedFixtureCleanup (3.30s)
Integration (macos, Go 1.27.x)	Run self tests, using QUIC v2	2026-09-11T01:06:44.0187390Z === RUN   TestMITMForgedRetryPacket
Integration (macos, Go 1.27.x)	Run self tests, using QUIC v2	2026-09-11T01:06:44.1677360Z --- PASS: TestMITMForgedRetryPacket (0.15s)
Integration (macos, Go 1.27.x)	Run self tests, using QUIC v2	2026-09-11T01:06:44.1766000Z === RUN   TestMITMForgedInitialPacket
Integration (macos, Go 1.27.x)	Run self tests, using QUIC v2	2026-09-11T01:06:44.3199870Z --- PASS: TestMITMForgedInitialPacket (0.15s)
Integration (macos, Go 1.27.x)	Run self tests, using QUIC v2	2026-09-11T01:06:44.3200470Z === RUN   TestPacketDrops
Integration (macos, Go 1.27.x)	Run self tests, using QUIC v2	2026-09-11T01:06:44.3200900Z === RUN   TestPacketDrops/from_client
Integration (macos, Go 1.27.x)	Run self tests, using QUIC v2	2026-09-11T01:06:44.3201830Z     drop_test.go:75: sending a message every 66.691186ms, 50 times
Integration (macos, Go 1.27.x)	Run self tests, using QUIC v2	2026-09-11T01:06:44.3202840Z     drop_test.go:76: dropping packets for 531.290796ms, after a delay of 1.397091782s
Integration (macos, Go 1.27.x)	Run self tests, using QUIC v2	2026-09-11T01:06:44.3276330Z     drop_test.go:114: dropped 9 packets
Integration (macos, Go 1.27.x)	Run self tests, using QUIC v2	2026-09-11T01:06:44.3277350Z === RUN   TestPacketDrops/from_server
Integration (macos, Go 1.27.x)	Run self tests, using QUIC v2	2026-09-11T01:06:44.3278010Z     drop_test.go:75: sending a message every 28.536745ms, 50 times
Integration (macos, Go 1.27.x)	Run self tests, using QUIC v2	2026-09-11T01:06:44.3278790Z     drop_test.go:76: dropping packets for 203.610955ms, after a delay of 294.475626ms
Integration (macos, Go 1.27.x)	Run self tests, using QUIC v2	2026-09-11T01:06:44.3279460Z     drop_test.go:114: dropped 7 packets
Integration (macos, Go 1.27.x)	Run self tests, using QUIC v2	2026-09-11T01:06:44.3280280Z --- PASS: TestPacketDrops (0.01s)
Integration (macos, Go 1.27.x)	Run self tests, using QUIC v2	2026-09-11T01:06:44.3281180Z     --- PASS: TestPacketDrops/from_client (0.00s)
Integration (macos, Go 1.27.x)	Run self tests, using QUIC v2	2026-09-11T01:06:44.3283390Z     --- PASS: TestPacketDrops/from_server (0.00s)
Integration (macos, Go 1.27.x)	Run self tests, using QUIC v2	2026-09-11T01:06:44.3284160Z === RUN   TestHandshakeDiagnosticsEventSnapshot
Integration (macos, Go 1.27.x)	Run self tests, using QUIC v2	2026-09-11T01:06:44.3284690Z --- PASS: TestHandshakeDiagnosticsEventSnapshot (0.00s)
Integration (macos, Go 1.27.x)	Run self tests, using QUIC v2	2026-09-11T01:06:44.3285250Z === RUN   TestGracefulShutdownIdleConnection
Integration (macos, Go 1.27.x)	Run self tests, using QUIC v2	2026-09-11T01:06:44.3285660Z --- PASS: TestGracefulShutdownIdleConnection (0.00s)
Integration (macos, Go 1.27.x)	Run self tests, using QUIC v2	2026-09-11T01:06:44.3286590Z === RUN   TestMultiplexingNonQUICPackets
Integration (macos, Go 1.27.x)	Run self tests, using QUIC v2	2026-09-11T01:06:44.3890330Z --- PASS: TestMultiplexingNonQUICPackets (0.06s)
Integration (macos, Go 1.27.x)	Run self tests, using QUIC v2	2026-09-11T01:06:44.3892370Z === RUN   TestTLSGetConfigForClientError
Integration (macos, Go 1.27.x)	Run self tests, using QUIC v2	2026-09-11T01:06:44.3897150Z --- PASS: TestTLSGetConfigForClientError (0.00s)
Integration (macos, Go 1.27.x)	Run self tests, using QUIC v2	2026-09-11T01:06:44.3898400Z === RUN   TestHandshakeCorruption
Integration (macos, Go 1.27.x)	Run self tests, using QUIC v2	2026-09-11T01:06:44.3899290Z === RUN   TestHandshakeCorruption/initial/corrupt
Integration (macos, Go 1.27.x)	Run self tests, using QUIC v2	2026-09-11T01:06:44.3910310Z === RUN   TestHandshakeCorruption/initial/control
Integration (macos, Go 1.27.x)	Run self tests, using QUIC v2	2026-09-11T01:06:44.3923770Z === RUN   TestHandshakeCorruption/handshake/corrupt
Integration (macos, Go 1.27.x)	Run self tests, using QUIC v2	2026-09-11T01:06:44.3941220Z === RUN   TestHandshakeCorruption/handshake/control
Integration (macos, Go 1.27.x)	Run self tests, using QUIC v2	2026-09-11T01:06:44.3955270Z === RUN   TestHandshakeCorruption/handshake/deadline
Integration (macos, Go 1.27.x)	Run self tests, using QUIC v2	2026-09-11T01:06:44.3966770Z --- PASS: TestHandshakeCorruption (0.01s)
Integration (macos, Go 1.27.x)	Run self tests, using QUIC v2	2026-09-11T01:06:44.3967890Z     --- PASS: TestHandshakeCorruption/initial/corrupt (0.00s)
Integration (macos, Go 1.27.x)	Run self tests, using QUIC v2	2026-09-11T01:06:44.3968540Z     --- PASS: TestHandshakeCorruption/initial/control (0.00s)
Integration (macos, Go 1.27.x)	Run self tests, using QUIC v2	2026-09-11T01:06:44.3969090Z     --- PASS: TestHandshakeCorruption/handshake/corrupt (0.00s)
Integration (macos, Go 1.27.x)	Run self tests, using QUIC v2	2026-09-11T01:06:44.3969710Z     --- PASS: TestHandshakeCorruption/handshake/control (0.00s)
Integration (macos, Go 1.27.x)	Run self tests, using QUIC v2	2026-09-11T01:06:44.3970360Z     --- PASS: TestHandshakeCorruption/handshake/deadline (0.00s)
Integration (macos, Go 1.27.x)	Run self tests, using QUIC v2	2026-09-11T01:06:44.3970920Z === RUN   TestHandshakeDiagnosticsCleanup
Integration (macos, Go 1.27.x)	Run self tests, using QUIC v2	2026-09-11T01:06:44.3971280Z === RUN   TestHandshakeDiagnosticsCleanup/pass
Integration (macos, Go 1.27.x)	Run self tests, using QUIC v2	2026-09-11T01:06:44.7083620Z === RUN   TestHandshakeDiagnosticsCleanup/fail
Integration (macos, Go 1.27.x)	Run self tests, using QUIC v2	2026-09-11T01:06:45.0460570Z --- PASS: TestHandshakeDiagnosticsCleanup (0.65s)
Integration (macos, Go 1.27.x)	Run self tests, using QUIC v2	2026-09-11T01:06:45.0462600Z     --- PASS: TestHandshakeDiagnosticsCleanup/pass (0.31s)
Integration (macos, Go 1.27.x)	Run self tests, using QUIC v2	2026-09-11T01:06:45.0463730Z     --- PASS: TestHandshakeDiagnosticsCleanup/fail (0.34s)
Integration (macos, Go 1.27.x)	Run self tests, using QUIC v2	2026-09-11T01:06:45.0464720Z === RUN   TestQlogHandshake
Integration (macos, Go 1.27.x)	Run self tests, using QUIC v2	2026-09-11T01:06:45.0480260Z --- PASS: TestQlogHandshake (0.00s)
Integration (macos, Go 1.27.x)	Run self tests, using QUIC v2	2026-09-11T01:06:45.0480820Z === RUN   Test0RTTWithIncreasedStreamLimit
Integration (macos, Go 1.27.x)	Run self tests, using QUIC v2	2026-09-11T01:06:45.0503920Z --- PASS: Test0RTTWithIncreasedStreamLimit (0.00s)
Integration (macos, Go 1.27.x)	Run self tests, using QUIC v2	2026-09-11T01:06:45.0505480Z === RUN   TestHTTPReestablishConnectionAfterDialError
Integration (macos, Go 1.27.x)	Run self tests, using QUIC v2	2026-09-11T01:06:45.0523570Z --- PASS: TestHTTPReestablishConnectionAfterDialError (0.00s)
Integration (macos, Go 1.27.x)	Run self tests, using QUIC v2	2026-09-11T01:06:45.0524550Z === RUN   TestConnContextRejection
Integration (macos, Go 1.27.x)	Run self tests, using QUIC v2	2026-09-11T01:06:45.0524920Z === RUN   TestConnContextRejection/rejecting
Integration (macos, Go 1.27.x)	Run self tests, using QUIC v2	2026-09-11T01:06:45.0528710Z === RUN   TestConnContextRejection/not_rejecting
Integration (macos, Go 1.27.x)	Run self tests, using QUIC v2	2026-09-11T01:06:45.0540720Z --- PASS: TestConnContextRejection (0.00s)
Integration (macos, Go 1.27.x)	Run self tests, using QUIC v2	2026-09-11T01:06:45.0541300Z     --- PASS: TestConnContextRejection/rejecting (0.00s)
Integration (macos, Go 1.27.x)	Run self tests, using QUIC v2	2026-09-11T01:06:45.0541790Z     --- PASS: TestConnContextRejection/not_rejecting (0.00s)
Integration (macos, Go 1.27.x)	Run self tests, using QUIC v2	2026-09-11T01:06:45.0542220Z === RUN   TestHandshakePacketBuffering
Integration (macos, Go 1.27.x)	Run self tests, using QUIC v2	2026-09-11T01:06:45.0551340Z     handshake_drop_test.go:445: buffered packets: 2
Integration (macos, Go 1.27.x)	Run self tests, using QUIC v2	2026-09-11T01:06:45.0552610Z --- PASS: TestHandshakePacketBuffering (0.00s)
Integration (macos, Go 1.27.x)	Run self tests, using QUIC v2	2026-09-11T01:06:45.0553070Z === RUN   TestConnectionCloseRetransmission
Integration (macos, Go 1.27.x)	Run self tests, using QUIC v2	2026-09-11T01:06:45.0576010Z --- PASS: TestConnectionCloseRetransmission (0.00s)
Integration (macos, Go 1.27.x)	Run self tests, using QUIC v2	2026-09-11T01:06:45.0576880Z === RUN   TestCorruptionCaptureWithoutCleanup
Integration (macos, Go 1.27.x)	Run self tests, using QUIC v2	2026-09-11T01:06:45.3378660Z --- PASS: TestCorruptionCaptureWithoutCleanup (0.28s)
Integration (macos, Go 1.27.x)	Run self tests, using QUIC v2	2026-09-11T01:06:45.3380690Z === RUN   TestMultiplexingServerAndClientOnSameConn
Integration (macos, Go 1.27.x)	Run self tests, using QUIC v2	2026-09-11T01:06:46.3405590Z --- PASS: TestMultiplexingServerAndClientOnSameConn (1.00s)
Integration (macos, Go 1.27.x)	Run self tests, using QUIC v2	2026-09-11T01:06:46.3406320Z === RUN   TestConnContextFreshContext
Integration (macos, Go 1.27.x)	Run self tests, using QUIC v2	2026-09-11T01:06:46.3420660Z --- PASS: TestConnContextFreshContext (0.00s)
Integration (macos, Go 1.27.x)	Run self tests, using QUIC v2	2026-09-11T01:06:46.3421550Z === RUN   Test0RTTDisabledOnDial
Integration (macos, Go 1.27.x)	Run self tests, using QUIC v2	2026-09-11T01:06:46.3440700Z --- PASS: Test0RTTDisabledOnDial (0.00s)
Integration (macos, Go 1.27.x)	Run self tests, using QUIC v2	2026-09-11T01:06:46.3441370Z === RUN   TestTransportClose
Integration (macos, Go 1.27.x)	Run self tests, using QUIC v2	2026-09-11T01:06:46.3441810Z === RUN   TestTransportClose/Close
Integration (macos, Go 1.27.x)	Run self tests, using QUIC v2	2026-09-11T01:06:46.3757460Z === RUN   TestTransportClose/connection_error
Integration (macos, Go 1.27.x)	Run self tests, using QUIC v2	2026-09-11T01:06:46.4074460Z --- PASS: TestTransportClose (0.06s)
Integration (macos, Go 1.27.x)	Run self tests, using QUIC v2	2026-09-11T01:06:46.4105480Z     --- PASS: TestTransportClose/Close (0.03s)
Integration (macos, Go 1.27.x)	Run self tests, using QUIC v2	2026-09-11T01:06:46.4106660Z     --- PASS: TestTransportClose/connection_error (0.03s)
Integration (macos, Go 1.27.x)	Run self tests, using QUIC v2	2026-09-11T01:06:46.4107320Z === RUN   TestHTTP3ServerHotswap
Integration (macos, Go 1.27.x)	Run self tests, using QUIC v2	2026-09-11T01:06:51.4790960Z     http_hotswap_test.go:97: 
Integration (macos, Go 1.27.x)	Run self tests, using QUIC v2	2026-09-11T01:06:51.4794340Z         	Error Trace:	/Users/runner/work/quic-go-fast/quic-go-fast/integrationtests/self/http_hotswap_test.go:97
Integration (macos, Go 1.27.x)	Run self tests, using QUIC v2	2026-09-11T01:06:51.4802480Z         	Error:      	Received unexpected error:
Integration (macos, Go 1.27.x)	Run self tests, using QUIC v2	2026-09-11T01:06:51.4804330Z         	            	Get "https://localhost:53452/hello2": timeout: no recent network activity
Integration (macos, Go 1.27.x)	Run self tests, using QUIC v2	2026-09-11T01:06:51.4804880Z         	Test:       	TestHTTP3ServerHotswap
Integration (macos, Go 1.27.x)	Run self tests, using QUIC v2	2026-09-11T01:06:51.4805250Z --- FAIL: TestHTTP3ServerHotswap (5.07s)
Integration (macos, Go 1.27.x)	Run self tests, using QUIC v2	2026-09-11T01:06:51.4805630Z === RUN   TestStreamPriority
Integration (macos, Go 1.27.x)	Run self tests, using QUIC v2	2026-09-11T01:06:51.4806060Z === RUN   TestStreamPriority/incremental_streams_use_urgency_and_round_robin
Integration (macos, Go 1.27.x)	Run self tests, using QUIC v2	2026-09-11T01:06:51.4859650Z === RUN   TestStreamPriority/non-incremental_streams_use_stream_ID
Integration (macos, Go 1.27.x)	Run self tests, using QUIC v2	2026-09-11T01:06:51.4919540Z --- PASS: TestStreamPriority (0.01s)
Integration (macos, Go 1.27.x)	Run self tests, using QUIC v2	2026-09-11T01:06:51.5043140Z     --- PASS: TestStreamPriority/incremental_streams_use_urgency_and_round_robin (0.01s)
Integration (macos, Go 1.27.x)	Run self tests, using QUIC v2	2026-09-11T01:06:51.5146680Z     --- PASS: TestStreamPriority/non-incremental_streams_use_stream_ID (0.01s)
Integration (macos, Go 1.27.x)	Run self tests, using QUIC v2	2026-09-11T01:06:51.5252970Z === RUN   TestStreamReadCancellation
Integration (macos, Go 1.27.x)	Run self tests, using QUIC v2	2026-09-11T01:06:51.5361400Z === RUN   TestStreamReadCancellation/immediate
Integration (macos, Go 1.27.x)	Run self tests, using QUIC v2	2026-09-11T01:06:51.5872810Z === RUN   TestStreamReadCancellation/after_reading_some_data
Integration (macos, Go 1.27.x)	Run self tests, using QUIC v2	2026-09-11T01:06:51.7641360Z === RUN   TestStreamReadCancellation/concurrent
Integration (macos, Go 1.27.x)	Run self tests, using QUIC v2	2026-09-11T01:06:51.8901320Z --- PASS: TestStreamReadCancellation (0.40s)
Integration (macos, Go 1.27.x)	Run self tests, using QUIC v2	2026-09-11T01:06:51.8902330Z     --- PASS: TestStreamReadCancellation/immediate (0.09s)
Integration (macos, Go 1.27.x)	Run self tests, using QUIC v2	2026-09-11T01:06:51.8903920Z     --- PASS: TestStreamReadCancellation/after_reading_some_data (0.18s)
Integration (macos, Go 1.27.x)	Run self tests, using QUIC v2	2026-09-11T01:06:51.8904670Z     --- PASS: TestStreamReadCancellation/concurrent (0.13s)
Integration (macos, Go 1.27.x)	Run self tests, using QUIC v2	2026-09-11T01:06:51.8905020Z === RUN   TestMITCorruptPackets
Integration (macos, Go 1.27.x)	Run self tests, using QUIC v2	2026-09-11T01:06:51.8905750Z === RUN   TestMITCorruptPackets/towards_the_server
Integration (macos, Go 1.27.x)	Run self tests, using QUIC v2	2026-09-11T01:06:51.8906260Z === RUN   TestMITCorruptPackets/towards_the_server/initial
Integration (macos, Go 1.27.x)	Run self tests, using QUIC v2	2026-09-11T01:06:52.1557670Z     mitm_test.go:219: corrupted 1 packets
Integration (macos, Go 1.27.x)	Run self tests, using QUIC v2	2026-09-11T01:06:52.1561520Z === RUN   TestMITCorruptPackets/towards_the_server/handshake
Integration (macos, Go 1.27.x)	Run self tests, using QUIC v2	2026-09-11T01:06:52.3320430Z     mitm_test.go:219: corrupted 1 packets
Integration (macos, Go 1.27.x)	Run self tests, using QUIC v2	2026-09-11T01:06:52.3321340Z === RUN   TestMITCorruptPackets/towards_the_server/1RTT
Integration (macos, Go 1.27.x)	Run self tests, using QUIC v2	2026-09-11T01:06:52.6274730Z     mitm_test.go:219: corrupted 1 packets
Integration (macos, Go 1.27.x)	Run self tests, using QUIC v2	2026-09-11T01:06:52.6277090Z === RUN   TestMITCorruptPackets/towards_the_client
Integration (macos, Go 1.27.x)	Run self tests, using QUIC v2	2026-09-11T01:06:52.6278870Z === RUN   TestMITCorruptPackets/towards_the_client/initial
Integration (macos, Go 1.27.x)	Run self tests, using QUIC v2	2026-09-11T01:06:53.0366780Z     mitm_test.go:219: corrupted 1 packets
Integration (macos, Go 1.27.x)	Run self tests, using QUIC v2	2026-09-11T01:06:53.0468390Z === RUN   TestMITCorruptPackets/towards_the_client/handshake
Integration (macos, Go 1.27.x)	Run self tests, using QUIC v2	2026-09-11T01:06:53.2070860Z     mitm_test.go:219: corrupted 1 packets
Integration (macos, Go 1.27.x)	Run self tests, using QUIC v2	2026-09-11T01:06:53.2072660Z === RUN   TestMITCorruptPackets/towards_the_client/1RTT
Integration (macos, Go 1.27.x)	Run self tests, using QUIC v2	2026-09-11T01:06:53.5029780Z     mitm_test.go:219: corrupted 1 packets
Integration (macos, Go 1.27.x)	Run self tests, using QUIC v2	2026-09-11T01:06:53.5031790Z --- PASS: TestMITCorruptPackets (1.61s)
Integration (macos, Go 1.27.x)	Run self tests, using QUIC v2	2026-09-11T01:06:53.5033280Z     --- PASS: TestMITCorruptPackets/towards_the_server (0.74s)
Integration (macos, Go 1.27.x)	Run self tests, using QUIC v2	2026-09-11T01:06:53.5034460Z         --- PASS: TestMITCorruptPackets/towards_the_server/initial (0.27s)
Integration (macos, Go 1.27.x)	Run self tests, using QUIC v2	2026-09-11T01:06:53.5036190Z         --- PASS: TestMITCorruptPackets/towards_the_server/handshake (0.17s)
Integration (macos, Go 1.27.x)	Run self tests, using QUIC v2	2026-09-11T01:06:53.5037080Z         --- PASS: TestMITCorruptPackets/towards_the_server/1RTT (0.30s)
Integration (macos, Go 1.27.x)	Run self tests, using QUIC v2	2026-09-11T01:06:53.5037860Z     --- PASS: TestMITCorruptPackets/towards_the_client (0.87s)
Integration (macos, Go 1.27.x)	Run self tests, using QUIC v2	2026-09-11T01:06:53.5038720Z         --- PASS: TestMITCorruptPackets/towards_the_client/initial (0.41s)
Integration (macos, Go 1.27.x)	Run self tests, using QUIC v2	2026-09-11T01:06:53.5039680Z         --- PASS: TestMITCorruptPackets/towards_the_client/handshake (0.17s)
Integration (macos, Go 1.27.x)	Run self tests, using QUIC v2	2026-09-11T01:06:53.5040370Z         --- PASS: TestMITCorruptPackets/towards_the_client/1RTT (0.30s)
Integration (macos, Go 1.27.x)	Run self tests, using QUIC v2	2026-09-11T01:06:53.5040930Z === RUN   TestWriteWithLimitConnectionFlowControl
Integration (macos, Go 1.27.x)	Run self tests, using QUIC v2	2026-09-11T01:06:53.5047160Z --- PASS: TestWriteWithLimitConnectionFlowControl (0.00s)
Integration (macos, Go 1.27.x)	Run self tests, using QUIC v2	2026-09-11T01:06:53.5047690Z === RUN   TestCorruptionCaptureSocketErrors
Integration (macos, Go 1.27.x)	Run self tests, using QUIC v2	2026-09-11T01:06:53.5072600Z --- PASS: TestCorruptionCaptureSocketErrors (0.00s)
Integration (macos, Go 1.27.x)	Run self tests, using QUIC v2	2026-09-11T01:06:53.5073790Z === RUN   TestMITMForgedInitialPacketWithAck
Integration (macos, Go 1.27.x)	Run self tests, using QUIC v2	2026-09-11T01:06:53.5079030Z --- PASS: TestMITMForgedInitialPacketWithAck (0.00s)
Integration (macos, Go 1.27.x)	Run self tests, using QUIC v2	2026-09-11T01:06:53.5079800Z === RUN   TestHandshakeCapturedCorruption
Integration (macos, Go 1.27.x)	Run self tests, using QUIC v2	2026-09-11T01:06:53.5080230Z === RUN   TestHandshakeCapturedCorruption/Initial_starvation
Integration (macos, Go 1.27.x)	Run self tests, using QUIC v2	2026-09-11T01:06:53.5091040Z     handshake_corruption_capture_test.go:206: Initial attempts=5 damaged=5 received_CRYPTO=0 received_ACK=6 authentication_drops=5 PTO=4 released=false handshake_keys=false
Integration (macos, Go 1.27.x)	Run self tests, using QUIC v2	2026-09-11T01:06:53.5091960Z === RUN   TestHandshakeCapturedCorruption/release_retransmission
Integration (macos, Go 1.27.x)	Run self tests, using QUIC v2	2026-09-11T01:06:53.5105280Z     handshake_corruption_capture_test.go:206: Initial attempts=3 damaged=1 received_CRYPTO=2 received_ACK=1 authentication_drops=1 PTO=1 released=true handshake_keys=true
Integration (macos, Go 1.27.x)	Run self tests, using QUIC v2	2026-09-11T01:06:53.5106110Z === RUN   TestHandshakeCapturedCorruption/undamaged
Integration (macos, Go 1.27.x)	Run self tests, using QUIC v2	2026-09-11T01:06:53.5118600Z     handshake_corruption_capture_test.go:206: Initial attempts=1 damaged=0 received_CRYPTO=1 received_ACK=1 authentication_drops=0 PTO=0 released=false handshake_keys=true
Integration (macos, Go 1.27.x)	Run self tests, using QUIC v2	2026-09-11T01:06:53.5119590Z --- PASS: TestHandshakeCapturedCorruption (0.00s)
Integration (macos, Go 1.27.x)	Run self tests, using QUIC v2	2026-09-11T01:06:53.5120500Z     --- PASS: TestHandshakeCapturedCorruption/Initial_starvation (0.00s)
Integration (macos, Go 1.27.x)	Run self tests, using QUIC v2	2026-09-11T01:06:53.5121320Z     --- PASS: TestHandshakeCapturedCorruption/release_retransmission (0.00s)
Integration (macos, Go 1.27.x)	Run self tests, using QUIC v2	2026-09-11T01:06:53.5122110Z     --- PASS: TestHandshakeCapturedCorruption/undamaged (0.00s)
Integration (macos, Go 1.27.x)	Run self tests, using QUIC v2	2026-09-11T01:06:53.5122590Z === RUN   TestReadDeadlineAsync
Integration (macos, Go 1.27.x)	Run self tests, using QUIC v2	2026-09-11T01:06:53.8479280Z --- PASS: TestReadDeadlineAsync (0.34s)
Integration (macos, Go 1.27.x)	Run self tests, using QUIC v2	2026-09-11T01:06:53.8481930Z === RUN   TestConnectionMigrationConcurrentAddresses
Integration (macos, Go 1.27.x)	Run self tests, using QUIC v2	2026-09-11T01:06:54.0203840Z --- PASS: TestConnectionMigrationConcurrentAddresses (0.17s)
Integration (macos, Go 1.27.x)	Run self tests, using QUIC v2	2026-09-11T01:06:54.0205810Z === RUN   TestHTTPGzip
Integration (macos, Go 1.27.x)	Run self tests, using QUIC v2	2026-09-11T01:06:54.0233490Z --- PASS: TestHTTPGzip (0.00s)
Integration (macos, Go 1.27.x)	Run self tests, using QUIC v2	2026-09-11T01:06:54.0234260Z === RUN   TestConnContextOnServerSide
Integration (macos, Go 1.27.x)	Run self tests, using QUIC v2	2026-09-11T01:06:54.0249660Z --- PASS: TestConnContextOnServerSide (0.00s)
Integration (macos, Go 1.27.x)	Run self tests, using QUIC v2	2026-09-11T01:06:54.0250470Z === RUN   TestHandshakeServerMismatch
Integration (macos, Go 1.27.x)	Run self tests, using QUIC v2	2026-09-11T01:06:54.0263940Z --- PASS: TestHandshakeServerMismatch (0.00s)
Integration (macos, Go 1.27.x)	Run self tests, using QUIC v2	2026-09-11T01:06:54.0264630Z === RUN   TestHTTP1xxResponse
Integration (macos, Go 1.27.x)	Run self tests, using QUIC v2	2026-09-11T01:06:54.0287170Z --- PASS: TestHTTP1xxResponse (0.00s)
Integration (macos, Go 1.27.x)	Run self tests, using QUIC v2	2026-09-11T01:06:54.0289950Z === RUN   TestGracefulShutdownShortRequest
Integration (macos, Go 1.27.x)	Run self tests, using QUIC v2	2026-09-11T01:06:54.0641590Z --- PASS: TestGracefulShutdownShortRequest (0.04s)
Integration (macos, Go 1.27.x)	Run self tests, using QUIC v2	2026-09-11T01:06:54.0642450Z === RUN   TestInvalidToken
Integration (macos, Go 1.27.x)	Run self tests, using QUIC v2	2026-09-11T01:06:54.1066870Z --- PASS: TestInvalidToken (0.04s)
Integration (macos, Go 1.27.x)	Run self tests, using QUIC v2	2026-09-11T01:06:54.1067770Z === RUN   TestContextOnClientSide
Integration (macos, Go 1.27.x)	Run self tests, using QUIC v2	2026-09-11T01:06:54.1081320Z --- PASS: TestContextOnClientSide (0.00s)
Integration (macos, Go 1.27.x)	Run self tests, using QUIC v2	2026-09-11T01:06:54.1081980Z === RUN   TestNATRebinding
Integration (macos, Go 1.27.x)	Run self tests, using QUIC v2	2026-09-11T01:06:55.0650760Z --- PASS: TestNATRebinding (0.96s)
Integration (macos, Go 1.27.x)	Run self tests, using QUIC v2	2026-09-11T01:06:55.0652530Z === RUN   TestHandshakeAddrResolutionHelpers
Integration (macos, Go 1.27.x)	Run self tests, using QUIC v2	2026-09-11T01:06:55.0653730Z === RUN   TestHandshakeAddrResolutionHelpers/early=false
Integration (macos, Go 1.27.x)	Run self tests, using QUIC v2	2026-09-11T01:06:55.0748680Z === RUN   TestHandshakeAddrResolutionHelpers/early=true
Integration (macos, Go 1.27.x)	Run self tests, using QUIC v2	2026-09-11T01:06:55.0752260Z --- PASS: TestHandshakeAddrResolutionHelpers (0.01s)
Integration (macos, Go 1.27.x)	Run self tests, using QUIC v2	2026-09-11T01:06:55.0753690Z     --- PASS: TestHandshakeAddrResolutionHelpers/early=false (0.00s)
Integration (macos, Go 1.27.x)	Run self tests, using QUIC v2	2026-09-11T01:06:55.0755180Z     --- PASS: TestHandshakeAddrResolutionHelpers/early=true (0.00s)
Integration (macos, Go 1.27.x)	Run self tests, using QUIC v2	2026-09-11T01:06:55.0756200Z === RUN   TestTimeoutAfterInactivity
Integration (macos, Go 1.27.x)	Run self tests, using QUIC v2	2026-09-11T01:06:55.0757010Z --- PASS: TestTimeoutAfterInactivity (0.00s)
Integration (macos, Go 1.27.x)	Run self tests, using QUIC v2	2026-09-11T01:06:55.0757770Z === RUN   TestHTTPRequestTrailers
Integration (macos, Go 1.27.x)	Run self tests, using QUIC v2	2026-09-11T01:06:55.0804020Z --- PASS: TestHTTPRequestTrailers (0.01s)
Integration (macos, Go 1.27.x)	Run self tests, using QUIC v2	2026-09-11T01:06:55.0805330Z === RUN   TestStreamWriteCancellation
Integration (macos, Go 1.27.x)	Run self tests, using QUIC v2	2026-09-11T01:06:55.0805670Z === RUN   TestStreamWriteCancellation/immediate
Integration (macos, Go 1.27.x)	Run self tests, using QUIC v2	2026-09-11T01:06:55.2453690Z === RUN   TestStreamWriteCancellation/after_writing_some_data
Integration (macos, Go 1.27.x)	Run self tests, using QUIC v2	2026-09-11T01:06:55.5235900Z === RUN   TestStreamWriteCancellation/concurrent
Integration (macos, Go 1.27.x)	Run self tests, using QUIC v2	2026-09-11T01:06:55.6974800Z --- PASS: TestStreamWriteCancellation (0.61s)
Integration (macos, Go 1.27.x)	Run self tests, using QUIC v2	2026-09-11T01:06:55.7074430Z     --- PASS: TestStreamWriteCancellation/immediate (0.16s)
Integration (macos, Go 1.27.x)	Run self tests, using QUIC v2	2026-09-11T01:06:55.7175400Z     --- PASS: TestStreamWriteCancellation/after_writing_some_data (0.28s)
Integration (macos, Go 1.27.x)	Run self tests, using QUIC v2	2026-09-11T01:06:55.7278170Z     --- PASS: TestStreamWriteCancellation/concurrent (0.18s)
Integration (macos, Go 1.27.x)	Run self tests, using QUIC v2	2026-09-11T01:06:55.7388550Z === RUN   TestDatagramSizeLimitWithMTUDiscovery
Integration (macos, Go 1.27.x)	Run self tests, using QUIC v2	2026-09-11T01:06:55.7492650Z --- PASS: TestDatagramSizeLimitWithMTUDiscovery (0.01s)
Integration (macos, Go 1.27.x)	Run self tests, using QUIC v2	2026-09-11T01:06:55.7594020Z === RUN   TestDownloadWithFixedRTT
Integration (macos, Go 1.27.x)	Run self tests, using QUIC v2	2026-09-11T01:06:55.7696000Z === RUN   TestDownloadWithFixedRTT/10ms
Integration (macos, Go 1.27.x)	Run self tests, using QUIC v2	2026-09-11T01:06:55.7797640Z === RUN   TestDownloadWithFixedRTT/100ms
Integration (macos, Go 1.27.x)	Run self tests, using QUIC v2	2026-09-11T01:06:55.7898580Z === RUN   TestDownloadWithFixedRTT/500ms
Integration (macos, Go 1.27.x)	Run self tests, using QUIC v2	2026-09-11T01:06:55.8003060Z --- PASS: TestDownloadWithFixedRTT (0.03s)
Integration (macos, Go 1.27.x)	Run self tests, using QUIC v2	2026-09-11T01:06:55.8104740Z     --- PASS: TestDownloadWithFixedRTT/10ms (0.00s)
Integration (macos, Go 1.27.x)	Run self tests, using QUIC v2	2026-09-11T01:06:55.8205170Z     --- PASS: TestDownloadWithFixedRTT/100ms (0.01s)
Integration (macos, Go 1.27.x)	Run self tests, using QUIC v2	2026-09-11T01:06:55.8306710Z     --- PASS: TestDownloadWithFixedRTT/500ms (0.01s)
Integration (macos, Go 1.27.x)	Run self tests, using QUIC v2	2026-09-11T01:06:55.8410080Z === RUN   TestKeyUpdates
Integration (macos, Go 1.27.x)	Run self tests, using QUIC v2	2026-09-11T01:06:56.2762920Z     key_update_test.go:90: Used 994 key phases on outgoing and 994 key phases on incoming packets.
Integration (macos, Go 1.27.x)	Run self tests, using QUIC v2	2026-09-11T01:06:56.2864400Z --- PASS: TestKeyUpdates (0.54s)
Integration (macos, Go 1.27.x)	Run self tests, using QUIC v2	2026-09-11T01:06:56.2972030Z === RUN   TestHandshakeDiagnosticsConcurrentProducers
Integration (macos, Go 1.27.x)	Run self tests, using QUIC v2	2026-09-11T01:06:56.3075150Z --- PASS: TestHandshakeDiagnosticsConcurrentProducers (0.01s)
Integration (macos, Go 1.27.x)	Run self tests, using QUIC v2	2026-09-11T01:06:56.3176530Z === RUN   TestGracefulShutdownLongLivedRequest
Integration (macos, Go 1.27.x)	Run self tests, using QUIC v2	2026-09-11T01:06:56.3712660Z --- PASS: TestGracefulShutdownLongLivedRequest (0.09s)
Integration (macos, Go 1.27.x)	Run self tests, using QUIC v2	2026-09-11T01:06:56.3812070Z === RUN   TestConnectionIDsRandomLengths
Integration (macos, Go 1.27.x)	Run self tests, using QUIC v2	2026-09-11T01:06:56.3830650Z     conn_id_test.go:43: issuing 11 byte connection ID from the server
Integration (macos, Go 1.27.x)	Run self tests, using QUIC v2	2026-09-11T01:06:56.3832090Z     conn_id_test.go:43: issuing 15 byte connection ID from the client
Integration (macos, Go 1.27.x)	Run self tests, using QUIC v2	2026-09-11T01:06:56.3833290Z --- PASS: TestConnectionIDsRandomLengths (0.01s)
Integration (macos, Go 1.27.x)	Run self tests, using QUIC v2	2026-09-11T01:06:56.3834140Z === RUN   TestHandshakeFailsWithoutClientCert
Integration (macos, Go 1.27.x)	Run self tests, using QUIC v2	2026-09-11T01:06:56.3835060Z --- PASS: TestHandshakeFailsWithoutClientCert (0.00s)
Integration (macos, Go 1.27.x)	Run self tests, using QUIC v2	2026-09-11T01:06:56.3836010Z === RUN   TestEarlyData
Integration (macos, Go 1.27.x)	Run self tests, using QUIC v2	2026-09-11T01:06:56.5512810Z --- PASS: TestEarlyData (0.17s)
Integration (macos, Go 1.27.x)	Run self tests, using QUIC v2	2026-09-11T01:06:56.5521770Z === RUN   TestHTTPDatagramClose
Integration (macos, Go 1.27.x)	Run self tests, using QUIC v2	2026-09-11T01:06:56.5626660Z --- PASS: TestHTTPDatagramClose (0.01s)
Integration (macos, Go 1.27.x)	Run self tests, using QUIC v2	2026-09-11T01:06:56.5727790Z === RUN   Test0RTTDataLoss
Integration (macos, Go 1.27.x)	Run self tests, using QUIC v2	2026-09-11T01:06:56.5809260Z     zero_rtt_test.go:425: sent 10 0-RTT packets, dropped 2 of those.
Integration (macos, Go 1.27.x)	Run self tests, using QUIC v2	2026-09-11T01:06:56.5810400Z --- PASS: Test0RTTDataLoss (0.02s)
Integration (macos, Go 1.27.x)	Run self tests, using QUIC v2	2026-09-11T01:06:56.5823030Z === RUN   TestHTTPRequestAfterGracefulShutdown
Integration (macos, Go 1.27.x)	Run self tests, using QUIC v2	2026-09-11T01:06:56.5825200Z === RUN   TestHTTPRequestAfterGracefulShutdown/Request.GetBody_set
Integration (macos, Go 1.27.x)	Run self tests, using QUIC v2	2026-09-11T01:06:56.8066140Z === RUN   TestHTTPRequestAfterGracefulShutdown/Request.GetBody_not_set
Integration (macos, Go 1.27.x)	Run self tests, using QUIC v2	2026-09-11T01:06:56.9023790Z --- PASS: TestHTTPRequestAfterGracefulShutdown (0.32s)
Integration (macos, Go 1.27.x)	Run self tests, using QUIC v2	2026-09-11T01:06:56.9024520Z     --- PASS: TestHTTPRequestAfterGracefulShutdown/Request.GetBody_set (0.23s)
Integration (macos, Go 1.27.x)	Run self tests, using QUIC v2	2026-09-11T01:06:56.9026890Z     --- PASS: TestHTTPRequestAfterGracefulShutdown/Request.GetBody_not_set (0.10s)
Integration (macos, Go 1.27.x)	Run self tests, using QUIC v2	2026-09-11T01:06:56.9028350Z === RUN   TestTLSSessionResumption
Integration (macos, Go 1.27.x)	Run self tests, using QUIC v2	2026-09-11T01:06:56.9029200Z === RUN   TestTLSSessionResumption/uses_session_resumption
Integration (macos, Go 1.27.x)	Run self tests, using QUIC v2	2026-09-11T01:06:56.9078010Z === RUN   TestTLSSessionResumption/disabled_in_tls.Config
Integration (macos, Go 1.27.x)	Run self tests, using QUIC v2	2026-09-11T01:06:56.9116640Z === RUN   TestTLSSessionResumption/disabled_in_tls.Config.GetConfigForClient
Integration (macos, Go 1.27.x)	Run self tests, using QUIC v2	2026-09-11T01:06:56.9136010Z --- PASS: TestTLSSessionResumption (0.01s)
Integration (macos, Go 1.27.x)	Run self tests, using QUIC v2	2026-09-11T01:06:56.9138990Z     --- PASS: TestTLSSessionResumption/uses_session_resumption (0.01s)
Integration (macos, Go 1.27.x)	Run self tests, using QUIC v2	2026-09-11T01:06:56.9139800Z     --- PASS: TestTLSSessionResumption/disabled_in_tls.Config (0.00s)
Integration (macos, Go 1.27.x)	Run self tests, using QUIC v2	2026-09-11T01:06:56.9141030Z     --- PASS: TestTLSSessionResumption/disabled_in_tls.Config.GetConfigForClient (0.00s)
Integration (macos, Go 1.27.x)	Run self tests, using QUIC v2	2026-09-11T01:06:56.9141840Z === RUN   TestHandshakeDiagnosticsTruncation
Integration (macos, Go 1.27.x)	Run self tests, using QUIC v2	2026-09-11T01:06:56.9143290Z --- PASS: TestHandshakeDiagnosticsTruncation (0.00s)
Integration (macos, Go 1.27.x)	Run self tests, using QUIC v2	2026-09-11T01:06:56.9144210Z === RUN   TestHTTPServerIdleTimeout
Integration (macos, Go 1.27.x)	Run self tests, using QUIC v2	2026-09-11T01:06:56.9468930Z --- PASS: TestHTTPServerIdleTimeout (0.03s)
Integration (macos, Go 1.27.x)	Run self tests, using QUIC v2	2026-09-11T01:06:56.9572890Z === RUN   TestHTTPHeaderSizeLimitClient
Integration (macos, Go 1.27.x)	Run self tests, using QUIC v2	2026-09-11T01:06:56.9590990Z === RUN   TestHTTPHeaderSizeLimitClient/large_HEADERS_frame
Integration (macos, Go 1.27.x)	Run self tests, using QUIC v2	2026-09-11T01:06:56.9594300Z === RUN   TestHTTPHeaderSizeLimitClient/large_decompressed_HEADERS_frame
Integration (macos, Go 1.27.x)	Run self tests, using QUIC v2	2026-09-11T01:06:56.9595130Z --- PASS: TestHTTPHeaderSizeLimitClient (0.01s)
Integration (macos, Go 1.27.x)	Run self tests, using QUIC v2	2026-09-11T01:06:56.9595940Z     --- PASS: TestHTTPHeaderSizeLimitClient/large_HEADERS_frame (0.00s)
Integration (macos, Go 1.27.x)	Run self tests, using QUIC v2	2026-09-11T01:06:56.9596700Z     --- PASS: TestHTTPHeaderSizeLimitClient/large_decompressed_HEADERS_frame (0.00s)
Integration (macos, Go 1.27.x)	Run self tests, using QUIC v2	2026-09-11T01:06:56.9597250Z === RUN   TestHTTPServeQUICConn
Integration (macos, Go 1.27.x)	Run self tests, using QUIC v2	2026-09-11T01:06:56.9597900Z --- PASS: TestHTTPServeQUICConn (0.00s)
Integration (macos, Go 1.27.x)	Run self tests, using QUIC v2	2026-09-11T01:06:56.9598950Z === RUN   Test0RTTRejectedOnConnectionWindowDecrease
Integration (macos, Go 1.27.x)	Run self tests, using QUIC v2	2026-09-11T01:06:56.9631450Z --- PASS: Test0RTTRejectedOnConnectionWindowDecrease (0.00s)
Integration (macos, Go 1.27.x)	Run self tests, using QUIC v2	2026-09-11T01:06:56.9632060Z === RUN   TestClosedConnectionsInAcceptQueue
Integration (macos, Go 1.27.x)	Run self tests, using QUIC v2	2026-09-11T01:06:57.0432470Z --- PASS: TestClosedConnectionsInAcceptQueue (0.08s)
Integration (macos, Go 1.27.x)	Run self tests, using QUIC v2	2026-09-11T01:06:57.0434060Z === RUN   TestContentLengthForSmallResponse
Integration (macos, Go 1.27.x)	Run self tests, using QUIC v2	2026-09-11T01:06:57.0455520Z --- PASS: TestContentLengthForSmallResponse (0.00s)
Integration (macos, Go 1.27.x)	Run self tests, using QUIC v2	2026-09-11T01:06:57.0457180Z === RUN   TestHTTPRequestRetryAfterIdleTimeout
Integration (macos, Go 1.27.x)	Run self tests, using QUIC v2	2026-09-11T01:06:57.0458080Z === RUN   TestHTTPRequestRetryAfterIdleTimeout/only_cached_conn
Integration (macos, Go 1.27.x)	Run self tests, using QUIC v2	2026-09-11T01:06:57.1341490Z === RUN   TestHTTPRequestRetryAfterIdleTimeout/allow_re-dialing
Integration (macos, Go 1.27.x)	Run self tests, using QUIC v2	2026-09-11T01:06:57.2465770Z --- PASS: TestHTTPRequestRetryAfterIdleTimeout (0.20s)
Integration (macos, Go 1.27.x)	Run self tests, using QUIC v2	2026-09-11T01:06:57.2741950Z     --- PASS: TestHTTPRequestRetryAfterIdleTimeout/only_cached_conn (0.09s)
Integration (macos, Go 1.27.x)	Run self tests, using QUIC v2	2026-09-11T01:06:57.2760660Z     --- PASS: TestHTTPRequestRetryAfterIdleTimeout/allow_re-dialing (0.11s)
Integration (macos, Go 1.27.x)	Run self tests, using QUIC v2	2026-09-11T01:06:57.2862280Z === RUN   TestACKBundling
Integration (macos, Go 1.27.x)	Run self tests, using QUIC v2	2026-09-11T01:06:58.6585420Z     packetization_test.go:125: bundled incoming packets: 98 / 100
Integration (macos, Go 1.27.x)	Run self tests, using QUIC v2	2026-09-11T01:06:58.6586290Z     packetization_test.go:126: bundled outgoing packets: 97 / 100
Integration (macos, Go 1.27.x)	Run self tests, using QUIC v2	2026-09-11T01:06:58.6586740Z --- PASS: TestACKBundling (1.41s)
Integration (macos, Go 1.27.x)	Run self tests, using QUIC v2	2026-09-11T01:06:58.6587120Z === RUN   TestHandshakeCapturedLoss
Integration (macos, Go 1.27.x)	Run self tests, using QUIC v2	2026-09-11T01:06:58.6587480Z === RUN   TestHandshakeCapturedLoss/ACK_blackout
Integration (macos, Go 1.27.x)	Run self tests, using QUIC v2	2026-09-11T01:06:58.6612970Z === RUN   TestHandshakeCapturedLoss/deliver_gap
Integration (macos, Go 1.27.x)	Run self tests, using QUIC v2	2026-09-11T01:06:58.6632630Z === RUN   TestHandshakeCapturedLoss/restore_ACKs
Integration (macos, Go 1.27.x)	Run self tests, using QUIC v2	2026-09-11T01:06:58.6656530Z === RUN   TestHandshakeCapturedLoss/delayed_ACK_feedback
Integration (macos, Go 1.27.x)	Run self tests, using QUIC v2	2026-09-11T01:06:58.6724770Z --- PASS: TestHandshakeCapturedLoss (0.01s)
Integration (macos, Go 1.27.x)	Run self tests, using QUIC v2	2026-09-11T01:06:58.6727510Z     --- PASS: TestHandshakeCapturedLoss/ACK_blackout (0.00s)
Integration (macos, Go 1.27.x)	Run self tests, using QUIC v2	2026-09-11T01:06:58.6728730Z     --- PASS: TestHandshakeCapturedLoss/deliver_gap (0.00s)
Integration (macos, Go 1.27.x)	Run self tests, using QUIC v2	2026-09-11T01:06:58.6730230Z     --- PASS: TestHandshakeCapturedLoss/restore_ACKs (0.00s)
Integration (macos, Go 1.27.x)	Run self tests, using QUIC v2	2026-09-11T01:06:58.6731680Z     --- PASS: TestHandshakeCapturedLoss/delayed_ACK_feedback (0.01s)
Integration (macos, Go 1.27.x)	Run self tests, using QUIC v2	2026-09-11T01:06:58.6732260Z === RUN   TestNoPacketsSentWhenClientHelloFails
Integration (macos, Go 1.27.x)	Run self tests, using QUIC v2	2026-09-11T01:06:58.7235580Z --- PASS: TestNoPacketsSentWhenClientHelloFails (0.05s)
Integration (macos, Go 1.27.x)	Run self tests, using QUIC v2	2026-09-11T01:06:58.7336340Z === RUN   TestMITMForgedVersionNegotiationPacket
Integration (macos, Go 1.27.x)	Run self tests, using QUIC v2	2026-09-11T01:06:58.7437320Z --- PASS: TestMITMForgedVersionNegotiationPacket (0.00s)
Integration (macos, Go 1.27.x)	Run self tests, using QUIC v2	2026-09-11T01:06:58.7539680Z === RUN   TestHandshakeCloseListener
Integration (macos, Go 1.27.x)	Run self tests, using QUIC v2	2026-09-11T01:06:58.7639470Z === RUN   TestHandshakeCloseListener/using_Transport.Listen
Integration (macos, Go 1.27.x)	Run self tests, using QUIC v2	2026-09-11T01:06:58.7942220Z === RUN   TestHandshakeCloseListener/using_Listen
Integration (macos, Go 1.27.x)	Run self tests, using QUIC v2	2026-09-11T01:06:58.8606970Z === RUN   TestHandshakeCloseListener/using_ListenAddr
Integration (macos, Go 1.27.x)	Run self tests, using QUIC v2	2026-09-11T01:06:59.5288160Z --- PASS: TestHandshakeCloseListener (0.80s)
Integration (macos, Go 1.27.x)	Run self tests, using QUIC v2	2026-09-11T01:06:59.5390000Z     --- PASS: TestHandshakeCloseListener/using_Transport.Listen (0.07s)
Integration (macos, Go 1.27.x)	Run self tests, using QUIC v2	2026-09-11T01:06:59.5490280Z     --- PASS: TestHandshakeCloseListener/using_Listen (0.07s)
Integration (macos, Go 1.27.x)	Run self tests, using QUIC v2	2026-09-11T01:06:59.5527620Z     --- PASS: TestHandshakeCloseListener/using_ListenAddr (0.67s)
Integration (macos, Go 1.27.x)	Run self tests, using QUIC v2	2026-09-11T01:06:59.5528300Z === RUN   TestHTTPResponseTrailers
Integration (macos, Go 1.27.x)	Run self tests, using QUIC v2	2026-09-11T01:06:59.5528830Z --- PASS: TestHTTPResponseTrailers (0.00s)
Integration (macos, Go 1.27.x)	Run self tests, using QUIC v2	2026-09-11T01:06:59.5529210Z === RUN   TestHTTP3Qlog
Integration (macos, Go 1.27.x)	Run self tests, using QUIC v2	2026-09-11T01:06:59.5530950Z --- PASS: TestHTTP3Qlog (0.00s)
Integration (macos, Go 1.27.x)	Run self tests, using QUIC v2	2026-09-11T01:06:59.5549140Z === RUN   TestConnDataBlocked
Integration (macos, Go 1.27.x)	Run self tests, using QUIC v2	2026-09-11T01:06:59.6606860Z --- PASS: TestConnDataBlocked (0.13s)
Integration (macos, Go 1.27.x)	Run self tests, using QUIC v2	2026-09-11T01:06:59.6707510Z === RUN   TestWriteDeadlineSync
Integration (macos, Go 1.27.x)	Run self tests, using QUIC v2	2026-09-11T01:07:00.0048970Z --- PASS: TestWriteDeadlineSync (0.34s)
Integration (macos, Go 1.27.x)	Run self tests, using QUIC v2	2026-09-11T01:07:00.0050010Z === RUN   Test0RTTWithSessionTicketData
Integration (macos, Go 1.27.x)	Run self tests, using QUIC v2	2026-09-11T01:07:00.0050780Z === RUN   Test0RTTWithSessionTicketData/server
Integration (macos, Go 1.27.x)	Run self tests, using QUIC v2	2026-09-11T01:07:00.0163470Z === RUN   Test0RTTWithSessionTicketData/client
Integration (macos, Go 1.27.x)	Run self tests, using QUIC v2	2026-09-11T01:07:00.0268070Z --- PASS: Test0RTTWithSessionTicketData (0.02s)
Integration (macos, Go 1.27.x)	Run self tests, using QUIC v2	2026-09-11T01:07:00.0268830Z     --- PASS: Test0RTTWithSessionTicketData/server (0.01s)
Integration (macos, Go 1.27.x)	Run self tests, using QUIC v2	2026-09-11T01:07:00.0269450Z     --- PASS: Test0RTTWithSessionTicketData/client (0.01s)
Integration (macos, Go 1.27.x)	Run self tests, using QUIC v2	2026-09-11T01:07:00.0269940Z === RUN   TestMultiplexingToDifferentServers
Integration (macos, Go 1.27.x)	Run self tests, using QUIC v2	2026-09-11T01:07:00.0411450Z --- PASS: TestMultiplexingToDifferentServers (0.01s)
Integration (macos, Go 1.27.x)	Run self tests, using QUIC v2	2026-09-11T01:07:00.0413750Z === RUN   TestDatagramLoss
Integration (macos, Go 1.27.x)	Run self tests, using QUIC v2	2026-09-11T01:07:00.0500360Z     datagram_test.go:331: dropped 22 to client and 18 to server out of 200 packets
Integration (macos, Go 1.27.x)	Run self tests, using QUIC v2	2026-09-11T01:07:00.0505920Z     datagram_test.go:334: server received 82 out of 100 sent datagrams
Integration (macos, Go 1.27.x)	Run self tests, using QUIC v2	2026-09-11T01:07:00.0509400Z     datagram_test.go:336: client received 78 out of 100 sent datagrams
Integration (macos, Go 1.27.x)	Run self tests, using QUIC v2	2026-09-11T01:07:00.0511170Z --- PASS: TestDatagramLoss (0.01s)
Integration (macos, Go 1.27.x)	Run self tests, using QUIC v2	2026-09-11T01:07:00.0512550Z === RUN   TestHTTPDeadlines
Integration (macos, Go 1.27.x)	Run self tests, using QUIC v2	2026-09-11T01:07:00.0514170Z === RUN   TestHTTPDeadlines/read_deadline
Integration (macos, Go 1.27.x)	Run self tests, using QUIC v2	2026-09-11T01:07:00.1181410Z === RUN   TestHTTPDeadlines/write_deadline
Integration (macos, Go 1.27.x)	Run self tests, using QUIC v2	2026-09-11T01:07:00.1796970Z --- PASS: TestHTTPDeadlines (0.12s)
Integration (macos, Go 1.27.x)	Run self tests, using QUIC v2	2026-09-11T01:07:00.1898060Z     --- PASS: TestHTTPDeadlines/read_deadline (0.06s)
Integration (macos, Go 1.27.x)	Run self tests, using QUIC v2	2026-09-11T01:07:00.1999410Z     --- PASS: TestHTTPDeadlines/write_deadline (0.07s)
Integration (macos, Go 1.27.x)	Run self tests, using QUIC v2	2026-09-11T01:07:00.2099210Z === RUN   TestCancelOpenStreamSync
Integration (macos, Go 1.27.x)	Run self tests, using QUIC v2	2026-09-11T01:07:00.5736310Z     cancelation_test.go:552: Canceled OpenStreamSync 12 times
Integration (macos, Go 1.27.x)	Run self tests, using QUIC v2	2026-09-11T01:07:00.5738030Z --- PASS: TestCancelOpenStreamSync (0.40s)
Integration (macos, Go 1.27.x)	Run self tests, using QUIC v2	2026-09-11T01:07:00.5738570Z === RUN   TestReadDeadlineSync
Integration (macos, Go 1.27.x)	Run self tests, using QUIC v2	2026-09-11T01:07:00.9050790Z --- PASS: TestReadDeadlineSync (0.33s)
Integration (macos, Go 1.27.x)	Run self tests, using QUIC v2	2026-09-11T01:07:00.9151700Z === RUN   Test0RTTWaitForHandshakeCompletion
Integration (macos, Go 1.27.x)	Run self tests, using QUIC v2	2026-09-11T01:07:00.9253280Z     zero_rtt_test.go:375: received 6 STREAM frames in 0-RTT packets
Integration (macos, Go 1.27.x)	Run self tests, using QUIC v2	2026-09-11T01:07:00.9353960Z --- PASS: Test0RTTWaitForHandshakeCompletion (0.01s)
Integration (macos, Go 1.27.x)	Run self tests, using QUIC v2	2026-09-11T01:07:00.9454460Z === RUN   TestHandshakeWithPacketLoss
Integration (macos, Go 1.27.x)	Run self tests, using QUIC v2	2026-09-11T01:07:00.9555630Z === RUN   TestHandshakeWithPacketLoss/drop_1st_packet_in_direction_to_client
Integration (macos, Go 1.27.x)	Run self tests, using QUIC v2	2026-09-11T01:07:00.9656430Z === RUN   TestHandshakeWithPacketLoss/drop_1st_packet_in_direction_to_client/retry:_true/client_speaks_first
Integration (macos, Go 1.27.x)	Run self tests, using QUIC v2	2026-09-11T01:07:00.9754770Z     handshake_drop_test.go:376: dropped 1 packets
Integration (macos, Go 1.27.x)	Run self tests, using QUIC v2	2026-09-11T01:07:00.9755820Z === RUN   TestHandshakeWithPacketLoss/drop_1st_packet_in_direction_to_client/retry:_true/server_speaks_first
Integration (macos, Go 1.27.x)	Run self tests, using QUIC v2	2026-09-11T01:07:00.9756590Z     handshake_drop_test.go:376: dropped 1 packets
Integration (macos, Go 1.27.x)	Run self tests, using QUIC v2	2026-09-11T01:07:00.9757370Z === RUN   TestHandshakeWithPacketLoss/drop_1st_packet_in_direction_to_client/retry:_true/nobody_speaks
Integration (macos, Go 1.27.x)	Run self tests, using QUIC v2	2026-09-11T01:07:00.9758190Z     handshake_drop_test.go:376: dropped 1 packets
Integration (macos, Go 1.27.x)	Run self tests, using QUIC v2	2026-09-11T01:07:00.9759080Z === RUN   TestHandshakeWithPacketLoss/drop_1st_packet_in_direction_to_client/retry:_false/client_speaks_first
Integration (macos, Go 1.27.x)	Run self tests, using QUIC v2	2026-09-11T01:07:00.9760170Z     handshake_drop_test.go:376: dropped 1 packets
Integration (macos, Go 1.27.x)	Run self tests, using QUIC v2	2026-09-11T01:07:00.9760920Z === RUN   TestHandshakeWithPacketLoss/drop_1st_packet_in_direction_to_client/retry:_false/server_speaks_first
Integration (macos, Go 1.27.x)	Run self tests, using QUIC v2	2026-09-11T01:07:00.9762140Z     handshake_drop_test.go:376: dropped 1 packets
Integration (macos, Go 1.27.x)	Run self tests, using QUIC v2	2026-09-11T01:07:00.9763650Z === RUN   TestHandshakeWithPacketLoss/drop_1st_packet_in_direction_to_client/retry:_false/nobody_speaks
Integration (macos, Go 1.27.x)	Run self tests, using QUIC v2	2026-09-11T01:07:00.9764300Z     handshake_drop_test.go:376: dropped 1 packets
Integration (macos, Go 1.27.x)	Run self tests, using QUIC v2	2026-09-11T01:07:00.9765090Z === RUN   TestHandshakeWithPacketLoss/drop_1st_packet_in_direction_to_client/retry:_false/client_speaks_first#01
Integration (macos, Go 1.27.x)	Run self tests, using QUIC v2	2026-09-11T01:07:00.9765980Z     handshake_drop_test.go:376: dropped 1 packets
Integration (macos, Go 1.27.x)	Run self tests, using QUIC v2	2026-09-11T01:07:00.9767180Z === RUN   TestHandshakeWithPacketLoss/drop_1st_packet_in_direction_to_client/retry:_false/server_speaks_first#01
Integration (macos, Go 1.27.x)	Run self tests, using QUIC v2	2026-09-11T01:07:00.9768050Z     handshake_drop_test.go:376: dropped 1 packets
Integration (macos, Go 1.27.x)	Run self tests, using QUIC v2	2026-09-11T01:07:00.9768630Z === RUN   TestHandshakeWithPacketLoss/drop_1st_packet_in_direction_to_client/retry:_false/nobody_speaks#01
Integration (macos, Go 1.27.x)	Run self tests, using QUIC v2	2026-09-11T01:07:00.9769310Z     handshake_drop_test.go:376: dropped 1 packets
Integration (macos, Go 1.27.x)	Run self tests, using QUIC v2	2026-09-11T01:07:00.9769930Z === RUN   TestHandshakeWithPacketLoss/drop_1st_packet_in_direction_to_client/retry:_false/client_speaks_first#02
Integration (macos, Go 1.27.x)	Run self tests, using QUIC v2	2026-09-11T01:07:00.9770590Z     handshake_drop_test.go:376: dropped 1 packets
Integration (macos, Go 1.27.x)	Run self tests, using QUIC v2	2026-09-11T01:07:00.9771310Z === RUN   TestHandshakeWithPacketLoss/drop_1st_packet_in_direction_to_client/retry:_false/server_speaks_first#02
Integration (macos, Go 1.27.x)	Run self tests, using QUIC v2	2026-09-11T01:07:00.9772330Z     handshake_drop_test.go:376: dropped 1 packets
Integration (macos, Go 1.27.x)	Run self tests, using QUIC v2	2026-09-11T01:07:00.9773470Z === RUN   TestHandshakeWithPacketLoss/drop_1st_packet_in_direction_to_client/retry:_false/nobody_speaks#02
Integration (macos, Go 1.27.x)	Run self tests, using QUIC v2	2026-09-11T01:07:00.9774230Z     handshake_drop_test.go:376: dropped 1 packets
Integration (macos, Go 1.27.x)	Run self tests, using QUIC v2	2026-09-11T01:07:00.9774870Z === RUN   TestHandshakeWithPacketLoss/drop_1st_packet_in_direction_to_client/retry:_false/client_speaks_first#03
Integration (macos, Go 1.27.x)	Run self tests, using QUIC v2	2026-09-11T01:07:00.9775550Z     handshake_drop_test.go:376: dropped 1 packets
Integration (macos, Go 1.27.x)	Run self tests, using QUIC v2	2026-09-11T01:07:00.9776230Z === RUN   TestHandshakeWithPacketLoss/drop_1st_packet_in_direction_to_client/retry:_false/server_speaks_first#03
Integration (macos, Go 1.27.x)	Run self tests, using QUIC v2	2026-09-11T01:07:00.9776880Z     handshake_drop_test.go:376: dropped 1 packets
Integration (macos, Go 1.27.x)	Run self tests, using QUIC v2	2026-09-11T01:07:00.9777520Z === RUN   TestHandshakeWithPacketLoss/drop_1st_packet_in_direction_to_client/retry:_false/nobody_speaks#03
Integration (macos, Go 1.27.x)	Run self tests, using QUIC v2	2026-09-11T01:07:00.9778510Z     handshake_drop_test.go:376: dropped 1 packets
Integration (macos, Go 1.27.x)	Run self tests, using QUIC v2	2026-09-11T01:07:00.9779210Z === RUN   TestHandshakeWithPacketLoss/drop_first_3_packets_in_direction_to_client
Integration (macos, Go 1.27.x)	Run self tests, using QUIC v2	2026-09-11T01:07:00.9780010Z === RUN   TestHandshakeWithPacketLoss/drop_first_3_packets_in_direction_to_client/retry:_true/client_speaks_first
Integration (macos, Go 1.27.x)	Run self tests, using QUIC v2	2026-09-11T01:07:00.9780690Z     handshake_drop_test.go:376: dropped 3 packets
Integration (macos, Go 1.27.x)	Run self tests, using QUIC v2	2026-09-11T01:07:00.9781330Z === RUN   TestHandshakeWithPacketLoss/drop_first_3_packets_in_direction_to_client/retry:_true/server_speaks_first
Integration (macos, Go 1.27.x)	Run self tests, using QUIC v2	2026-09-11T01:07:00.9782010Z     handshake_drop_test.go:376: dropped 3 packets
Integration (macos, Go 1.27.x)	Run self tests, using QUIC v2	2026-09-11T01:07:00.9782630Z === RUN   TestHandshakeWithPacketLoss/drop_first_3_packets_in_direction_to_client/retry:_true/nobody_speaks
Integration (macos, Go 1.27.x)	Run self tests, using QUIC v2	2026-09-11T01:07:00.9783600Z     handshake_drop_test.go:376: dropped 3 packets
Integration (macos, Go 1.27.x)	Run self tests, using QUIC v2	2026-09-11T01:07:00.9785700Z === RUN   TestHandshakeWithPacketLoss/drop_first_3_packets_in_direction_to_client/retry:_false/client_speaks_first
Integration (macos, Go 1.27.x)	Run self tests, using QUIC v2	2026-09-11T01:07:00.9786780Z     handshake_drop_test.go:376: dropped 3 packets
Integration (macos, Go 1.27.x)	Run self tests, using QUIC v2	2026-09-11T01:07:00.9787670Z === RUN   TestHandshakeWithPacketLoss/drop_first_3_packets_in_direction_to_client/retry:_false/server_speaks_first
Integration (macos, Go 1.27.x)	Run self tests, using QUIC v2	2026-09-11T01:07:00.9790040Z     handshake_drop_test.go:376: dropped 3 packets
Integration (macos, Go 1.27.x)	Run self tests, using QUIC v2	2026-09-11T01:07:00.9791230Z === RUN   TestHandshakeWithPacketLoss/drop_first_3_packets_in_direction_to_client/retry:_false/nobody_speaks
Integration (macos, Go 1.27.x)	Run self tests, using QUIC v2	2026-09-11T01:07:00.9792170Z     handshake_drop_test.go:376: dropped 3 packets
Integration (macos, Go 1.27.x)	Run self tests, using QUIC v2	2026-09-11T01:07:00.9792860Z === RUN   TestHandshakeWithPacketLoss/drop_first_3_packets_in_direction_to_client/retry:_false/client_speaks_first#01
Integration (macos, Go 1.27.x)	Run self tests, using QUIC v2	2026-09-11T01:07:00.9793830Z     handshake_drop_test.go:376: dropped 3 packets
Integration (macos, Go 1.27.x)	Run self tests, using QUIC v2	2026-09-11T01:07:00.9794610Z === RUN   TestHandshakeWithPacketLoss/drop_first_3_packets_in_direction_to_client/retry:_false/server_speaks_first#01
Integration (macos, Go 1.27.x)	Run self tests, using QUIC v2	2026-09-11T01:07:00.9795350Z     handshake_drop_test.go:376: dropped 3 packets
Integration (macos, Go 1.27.x)	Run self tests, using QUIC v2	2026-09-11T01:07:00.9796000Z === RUN   TestHandshakeWithPacketLoss/drop_first_3_packets_in_direction_to_client/retry:_false/nobody_speaks#01
Integration (macos, Go 1.27.x)	Run self tests, using QUIC v2	2026-09-11T01:07:00.9796690Z     handshake_drop_test.go:376: dropped 3 packets
Integration (macos, Go 1.27.x)	Run self tests, using QUIC v2	2026-09-11T01:07:00.9797340Z === RUN   TestHandshakeWithPacketLoss/drop_first_3_packets_in_direction_to_client/retry:_false/client_speaks_first#02
Integration (macos, Go 1.27.x)	Run self tests, using QUIC v2	2026-09-11T01:07:00.9799070Z     handshake_drop_test.go:376: dropped 3 packets
Integration (macos, Go 1.27.x)	Run self tests, using QUIC v2	2026-09-11T01:07:00.9800110Z === RUN   TestHandshakeWithPacketLoss/drop_first_3_packets_in_direction_to_client/retry:_false/server_speaks_first#02
Integration (macos, Go 1.27.x)	Run self tests, using QUIC v2	2026-09-11T01:07:00.9815700Z     handshake_drop_test.go:376: dropped 3 packets
Integration (macos, Go 1.27.x)	Run self tests, using QUIC v2	2026-09-11T01:07:00.9816470Z === RUN   TestHandshakeWithPacketLoss/drop_first_3_packets_in_direction_to_client/retry:_false/nobody_speaks#02
Integration (macos, Go 1.27.x)	Run self tests, using QUIC v2	2026-09-11T01:07:00.9829750Z     handshake_drop_test.go:376: dropped 3 packets
Integration (macos, Go 1.27.x)	Run self tests, using QUIC v2	2026-09-11T01:07:00.9830490Z === RUN   TestHandshakeWithPacketLoss/drop_first_3_packets_in_direction_to_client/retry:_false/client_speaks_first#03
Integration (macos, Go 1.27.x)	Run self tests, using QUIC v2	2026-09-11T01:07:00.9849830Z     handshake_drop_test.go:376: dropped 3 packets
Integration (macos, Go 1.27.x)	Run self tests, using QUIC v2	2026-09-11T01:07:00.9851060Z === RUN   TestHandshakeWithPacketLoss/drop_first_3_packets_in_direction_to_client/retry:_false/server_speaks_first#03
Integration (macos, Go 1.27.x)	Run self tests, using QUIC v2	2026-09-11T01:07:00.9867550Z     handshake_drop_test.go:376: dropped 3 packets
Integration (macos, Go 1.27.x)	Run self tests, using QUIC v2	2026-09-11T01:07:00.9868480Z === RUN   TestHandshakeWithPacketLoss/drop_first_3_packets_in_direction_to_client/retry:_false/nobody_speaks#03
Integration (macos, Go 1.27.x)	Run self tests, using QUIC v2	2026-09-11T01:07:00.9884200Z     handshake_drop_test.go:376: dropped 3 packets
Integration (macos, Go 1.27.x)	Run self tests, using QUIC v2	2026-09-11T01:07:00.9885040Z === RUN   TestHandshakeWithPacketLoss/drop_every_3rd_of_first_30_packets,_phase_1_in_direction_to_client
Integration (macos, Go 1.27.x)	Run self tests, using QUIC v2	2026-09-11T01:07:00.9885920Z === RUN   TestHandshakeWithPacketLoss/drop_every_3rd_of_first_30_packets,_phase_1_in_direction_to_client/retry:_true/client_speaks_first
Integration (macos, Go 1.27.x)	Run self tests, using QUIC v2	2026-09-11T01:07:00.9905870Z     handshake_drop_test.go:376: dropped 4 packets
Integration (macos, Go 1.27.x)	Run self tests, using QUIC v2	2026-09-11T01:07:00.9906610Z === RUN   TestHandshakeWithPacketLoss/drop_every_3rd_of_first_30_packets,_phase_1_in_direction_to_client/retry:_true/server_speaks_first
Integration (macos, Go 1.27.x)	Run self tests, using QUIC v2	2026-09-11T01:07:00.9929220Z     handshake_drop_test.go:376: dropped 7 packets
Integration (macos, Go 1.27.x)	Run self tests, using QUIC v2	2026-09-11T01:07:00.9929970Z === RUN   TestHandshakeWithPacketLoss/drop_every_3rd_of_first_30_packets,_phase_1_in_direction_to_client/retry:_true/nobody_speaks
Integration (macos, Go 1.27.x)	Run self tests, using QUIC v2	2026-09-11T01:07:00.9949400Z     handshake_drop_test.go:376: dropped 4 packets
Integration (macos, Go 1.27.x)	Run self tests, using QUIC v2	2026-09-11T01:07:00.9950200Z === RUN   TestHandshakeWithPacketLoss/drop_every_3rd_of_first_30_packets,_phase_1_in_direction_to_client/retry:_false/client_speaks_first
Integration (macos, Go 1.27.x)	Run self tests, using QUIC v2	2026-09-11T01:07:00.9969380Z     handshake_drop_test.go:376: dropped 3 packets
Integration (macos, Go 1.27.x)	Run self tests, using QUIC v2	2026-09-11T01:07:00.9974320Z === RUN   TestHandshakeWithPacketLoss/drop_every_3rd_of_first_30_packets,_phase_1_in_direction_to_client/retry:_false/server_speaks_first
Integration (macos, Go 1.27.x)	Run self tests, using QUIC v2	2026-09-11T01:07:00.9992990Z     handshake_drop_test.go:376: dropped 6 packets
Integration (macos, Go 1.27.x)	Run self tests, using QUIC v2	2026-09-11T01:07:00.9993690Z === RUN   TestHandshakeWithPacketLoss/drop_every_3rd_of_first_30_packets,_phase_1_in_direction_to_client/retry:_false/nobody_speaks
Integration (macos, Go 1.27.x)	Run self tests, using QUIC v2	2026-09-11T01:07:01.0011360Z     handshake_drop_test.go:376: dropped 3 packets
Integration (macos, Go 1.27.x)	Run self tests, using QUIC v2	2026-09-11T01:07:01.0012170Z === RUN   TestHandshakeWithPacketLoss/drop_every_3rd_of_first_30_packets,_phase_1_in_direction_to_client/retry:_false/client_speaks_first#01
Integration (macos, Go 1.27.x)	Run self tests, using QUIC v2	2026-09-11T01:07:01.0035100Z     handshake_drop_test.go:376: dropped 5 packets
Integration (macos, Go 1.27.x)	Run self tests, using QUIC v2	2026-09-11T01:07:01.0035940Z === RUN   TestHandshakeWithPacketLoss/drop_every_3rd_of_first_30_packets,_phase_1_in_direction_to_client/retry:_false/server_speaks_first#01
Integration (macos, Go 1.27.x)	Run self tests, using QUIC v2	2026-09-11T01:07:01.0061980Z     handshake_drop_test.go:376: dropped 7 packets
Integration (macos, Go 1.27.x)	Run self tests, using QUIC v2	2026-09-11T01:07:01.0062850Z === RUN   TestHandshakeWithPacketLoss/drop_every_3rd_of_first_30_packets,_phase_1_in_direction_to_client/retry:_false/nobody_speaks#01
Integration (macos, Go 1.27.x)	Run self tests, using QUIC v2	2026-09-11T01:07:01.0085980Z     handshake_drop_test.go:376: dropped 5 packets
Integration (macos, Go 1.27.x)	Run self tests, using QUIC v2	2026-09-11T01:07:01.0086740Z === RUN   TestHandshakeWithPacketLoss/drop_every_3rd_of_first_30_packets,_phase_1_in_direction_to_client/retry:_false/client_speaks_first#02
Integration (macos, Go 1.27.x)	Run self tests, using QUIC v2	2026-09-11T01:07:01.0100550Z     handshake_drop_test.go:376: dropped 3 packets
Integration (macos, Go 1.27.x)	Run self tests, using QUIC v2	2026-09-11T01:07:01.0101350Z === RUN   TestHandshakeWithPacketLoss/drop_every_3rd_of_first_30_packets,_phase_1_in_direction_to_client/retry:_false/server_speaks_first#02
Integration (macos, Go 1.27.x)	Run self tests, using QUIC v2	2026-09-11T01:07:01.0116310Z     handshake_drop_test.go:376: dropped 5 packets
Integration (macos, Go 1.27.x)	Run self tests, using QUIC v2	2026-09-11T01:07:01.0117340Z === RUN   TestHandshakeWithPacketLoss/drop_every_3rd_of_first_30_packets,_phase_1_in_direction_to_client/retry:_false/nobody_speaks#02
Integration (macos, Go 1.27.x)	Run self tests, using QUIC v2	2026-09-11T01:07:01.0130920Z     handshake_drop_test.go:376: dropped 3 packets
Integration (macos, Go 1.27.x)	Run self tests, using QUIC v2	2026-09-11T01:07:01.0131750Z === RUN   TestHandshakeWithPacketLoss/drop_every_3rd_of_first_30_packets,_phase_1_in_direction_to_client/retry:_false/client_speaks_first#03
Integration (macos, Go 1.27.x)	Run self tests, using QUIC v2	2026-09-11T01:07:01.0149800Z     handshake_drop_test.go:376: dropped 4 packets
Integration (macos, Go 1.27.x)	Run self tests, using QUIC v2	2026-09-11T01:07:01.0150600Z === RUN   TestHandshakeWithPacketLoss/drop_every_3rd_of_first_30_packets,_phase_1_in_direction_to_client/retry:_false/server_speaks_first#03
Integration (macos, Go 1.27.x)	Run self tests, using QUIC v2	2026-09-11T01:07:01.0167730Z     handshake_drop_test.go:376: dropped 6 packets
Integration (macos, Go 1.27.x)	Run self tests, using QUIC v2	2026-09-11T01:07:01.0168390Z === RUN   TestHandshakeWithPacketLoss/drop_every_3rd_of_first_30_packets,_phase_1_in_direction_to_client/retry:_false/nobody_speaks#03
Integration (macos, Go 1.27.x)	Run self tests, using QUIC v2	2026-09-11T01:07:01.0184190Z     handshake_drop_test.go:376: dropped 4 packets
Integration (macos, Go 1.27.x)	Run self tests, using QUIC v2	2026-09-11T01:07:01.0184970Z === RUN   TestHandshakeWithPacketLoss/drop_every_3rd_of_first_30_packets,_phase_2_in_direction_to_client
Integration (macos, Go 1.27.x)	Run self tests, using QUIC v2	2026-09-11T01:07:01.0185830Z === RUN   TestHandshakeWithPacketLoss/drop_every_3rd_of_first_30_packets,_phase_2_in_direction_to_client/retry:_true/client_speaks_first
Integration (macos, Go 1.27.x)	Run self tests, using QUIC v2	2026-09-11T01:07:01.0207300Z     handshake_drop_test.go:376: dropped 3 packets
Integration (macos, Go 1.27.x)	Run self tests, using QUIC v2	2026-09-11T01:07:01.0208220Z === RUN   TestHandshakeWithPacketLoss/drop_every_3rd_of_first_30_packets,_phase_2_in_direction_to_client/retry:_true/server_speaks_first
Integration (macos, Go 1.27.x)	Run self tests, using QUIC v2	2026-09-11T01:07:01.0231910Z     handshake_drop_test.go:376: dropped 6 packets
Integration (macos, Go 1.27.x)	Run self tests, using QUIC v2	2026-09-11T01:07:01.0232790Z === RUN   TestHandshakeWithPacketLoss/drop_every_3rd_of_first_30_packets,_phase_2_in_direction_to_client/retry:_true/nobody_speaks
Integration (macos, Go 1.27.x)	Run self tests, using QUIC v2	2026-09-11T01:07:01.0262040Z     handshake_drop_test.go:376: dropped 4 packets
Integration (macos, Go 1.27.x)	Run self tests, using QUIC v2	2026-09-11T01:07:01.0262860Z === RUN   TestHandshakeWithPacketLoss/drop_every_3rd_of_first_30_packets,_phase_2_in_direction_to_client/retry:_false/client_speaks_first
Integration (macos, Go 1.27.x)	Run self tests, using QUIC v2	2026-09-11T01:07:01.0273260Z     handshake_drop_test.go:376: dropped 1 packets
Integration (macos, Go 1.27.x)	Run self tests, using QUIC v2	2026-09-11T01:07:01.0274040Z === RUN   TestHandshakeWithPacketLoss/drop_every_3rd_of_first_30_packets,_phase_2_in_direction_to_client/retry:_false/server_speaks_first
Integration (macos, Go 1.27.x)	Run self tests, using QUIC v2	2026-09-11T01:07:01.0293380Z     handshake_drop_test.go:376: dropped 3 packets
Integration (macos, Go 1.27.x)	Run self tests, using QUIC v2	2026-09-11T01:07:01.0294120Z === RUN   TestHandshakeWithPacketLoss/drop_every_3rd_of_first_30_packets,_phase_2_in_direction_to_client/retry:_false/nobody_speaks
Integration (macos, Go 1.27.x)	Run self tests, using QUIC v2	2026-09-11T01:07:01.0311670Z     handshake_drop_test.go:376: dropped 1 packets
Integration (macos, Go 1.27.x)	Run self tests, using QUIC v2	2026-09-11T01:07:01.0312370Z === RUN   TestHandshakeWithPacketLoss/drop_every_3rd_of_first_30_packets,_phase_2_in_direction_to_client/retry:_false/client_speaks_first#01
Integration (macos, Go 1.27.x)	Run self tests, using QUIC v2	2026-09-11T01:07:01.0336520Z     handshake_drop_test.go:376: dropped 3 packets
Integration (macos, Go 1.27.x)	Run self tests, using QUIC v2	2026-09-11T01:07:01.0338140Z === RUN   TestHandshakeWithPacketLoss/drop_every_3rd_of_first_30_packets,_phase_2_in_direction_to_client/retry:_false/server_speaks_first#01
Integration (macos, Go 1.27.x)	Run self tests, using QUIC v2	2026-09-11T01:07:01.0365340Z     handshake_drop_test.go:376: dropped 5 packets
Integration (macos, Go 1.27.x)	Run self tests, using QUIC v2	2026-09-11T01:07:01.0365950Z === RUN   TestHandshakeWithPacketLoss/drop_every_3rd_of_first_30_packets,_phase_2_in_direction_to_client/retry:_false/nobody_speaks#01
Integration (macos, Go 1.27.x)	Run self tests, using QUIC v2	2026-09-11T01:07:01.0391830Z     handshake_drop_test.go:376: dropped 3 packets
Integration (macos, Go 1.27.x)	Run self tests, using QUIC v2	2026-09-11T01:07:01.0394600Z === RUN   TestHandshakeWithPacketLoss/drop_every_3rd_of_first_30_packets,_phase_2_in_direction_to_client/retry:_false/client_speaks_first#02
Integration (macos, Go 1.27.x)	Run self tests, using QUIC v2	2026-09-11T01:07:01.0410250Z     handshake_drop_test.go:376: dropped 2 packets
Integration (macos, Go 1.27.x)	Run self tests, using QUIC v2	2026-09-11T01:07:01.0411820Z === RUN   TestHandshakeWithPacketLoss/drop_every_3rd_of_first_30_packets,_phase_2_in_direction_to_client/retry:_false/server_speaks_first#02
Integration (macos, Go 1.27.x)	Run self tests, using QUIC v2	2026-09-11T01:07:01.0429320Z     handshake_drop_test.go:376: dropped 5 packets
Integration (macos, Go 1.27.x)	Run self tests, using QUIC v2	2026-09-11T01:07:01.0431850Z === RUN   TestHandshakeWithPacketLoss/drop_every_3rd_of_first_30_packets,_phase_2_in_direction_to_client/retry:_false/nobody_speaks#02
Integration (macos, Go 1.27.x)	Run self tests, using QUIC v2	2026-09-11T01:07:01.0447900Z     handshake_drop_test.go:376: dropped 2 packets
Integration (macos, Go 1.27.x)	Run self tests, using QUIC v2	2026-09-11T01:07:01.0448680Z === RUN   TestHandshakeWithPacketLoss/drop_every_3rd_of_first_30_packets,_phase_2_in_direction_to_client/retry:_false/client_speaks_first#03
Integration (macos, Go 1.27.x)	Run self tests, using QUIC v2	2026-09-11T01:07:01.0474850Z     handshake_drop_test.go:376: dropped 4 packets
Integration (macos, Go 1.27.x)	Run self tests, using QUIC v2	2026-09-11T01:07:01.0477700Z === RUN   TestHandshakeWithPacketLoss/drop_every_3rd_of_first_30_packets,_phase_2_in_direction_to_client/retry:_false/server_speaks_first#03
Integration (macos, Go 1.27.x)	Run self tests, using QUIC v2	2026-09-11T01:07:01.0500250Z     handshake_drop_test.go:376: dropped 6 packets
Integration (macos, Go 1.27.x)	Run self tests, using QUIC v2	2026-09-11T01:07:01.0501940Z === RUN   TestHandshakeWithPacketLoss/drop_every_3rd_of_first_30_packets,_phase_2_in_direction_to_client/retry:_false/nobody_speaks#03
Integration (macos, Go 1.27.x)	Run self tests, using QUIC v2	2026-09-11T01:07:01.0527400Z     handshake_drop_test.go:376: dropped 4 packets
Integration (macos, Go 1.27.x)	Run self tests, using QUIC v2	2026-09-11T01:07:01.0528170Z === RUN   TestHandshakeWithPacketLoss/drop_every_3rd_of_first_30_packets,_phase_3_in_direction_to_client
Integration (macos, Go 1.27.x)	Run self tests, using QUIC v2	2026-09-11T01:07:01.0529110Z === RUN   TestHandshakeWithPacketLoss/drop_every_3rd_of_first_30_packets,_phase_3_in_direction_to_client/retry:_true/client_speaks_first
Integration (macos, Go 1.27.x)	Run self tests, using QUIC v2	2026-09-11T01:07:01.0554450Z     handshake_drop_test.go:376: dropped 1 packets
Integration (macos, Go 1.27.x)	Run self tests, using QUIC v2	2026-09-11T01:07:01.0556260Z === RUN   TestHandshakeWithPacketLoss/drop_every_3rd_of_first_30_packets,_phase_3_in_direction_to_client/retry:_true/server_speaks_first
Integration (macos, Go 1.27.x)	Run self tests, using QUIC v2	2026-09-11T01:07:01.0577730Z     handshake_drop_test.go:376: dropped 3 packets
Integration (macos, Go 1.27.x)	Run self tests, using QUIC v2	2026-09-11T01:07:01.0579410Z === RUN   TestHandshakeWithPacketLoss/drop_every_3rd_of_first_30_packets,_phase_3_in_direction_to_client/retry:_true/nobody_speaks
Integration (macos, Go 1.27.x)	Run self tests, using QUIC v2	2026-09-11T01:07:01.0608020Z     handshake_drop_test.go:376: dropped 1 packets
Integration (macos, Go 1.27.x)	Run self tests, using QUIC v2	2026-09-11T01:07:01.0609940Z === RUN   TestHandshakeWithPacketLoss/drop_every_3rd_of_first_30_packets,_phase_3_in_direction_to_client/retry:_false/client_speaks_first
Integration (macos, Go 1.27.x)	Run self tests, using QUIC v2	2026-09-11T01:07:01.0635520Z     handshake_drop_test.go:376: dropped 1 packets
Integration (macos, Go 1.27.x)	Run self tests, using QUIC v2	2026-09-11T01:07:01.0636350Z === RUN   TestHandshakeWithPacketLoss/drop_every_3rd_of_first_30_packets,_phase_3_in_direction_to_client/retry:_false/server_speaks_first
Integration (macos, Go 1.27.x)	Run self tests, using QUIC v2	2026-09-11T01:07:01.0663170Z     handshake_drop_test.go:376: dropped 3 packets
Integration (macos, Go 1.27.x)	Run self tests, using QUIC v2	2026-09-11T01:07:01.0663860Z === RUN   TestHandshakeWithPacketLoss/drop_every_3rd_of_first_30_packets,_phase_3_in_direction_to_client/retry:_false/nobody_speaks
Integration (macos, Go 1.27.x)	Run self tests, using QUIC v2	2026-09-11T01:07:01.0693140Z     handshake_drop_test.go:376: dropped 1 packets
Integration (macos, Go 1.27.x)	Run self tests, using QUIC v2	2026-09-11T01:07:01.0693960Z === RUN   TestHandshakeWithPacketLoss/drop_every_3rd_of_first_30_packets,_phase_3_in_direction_to_client/retry:_false/client_speaks_first#01
Integration (macos, Go 1.27.x)	Run self tests, using QUIC v2	2026-09-11T01:07:01.0742590Z     handshake_drop_test.go:376: dropped 3 packets
Integration (macos, Go 1.27.x)	Run self tests, using QUIC v2	2026-09-11T01:07:01.0744320Z === RUN   TestHandshakeWithPacketLoss/drop_every_3rd_of_first_30_packets,_phase_3_in_direction_to_client/retry:_false/server_speaks_first#01
Integration (macos, Go 1.27.x)	Run self tests, using QUIC v2	2026-09-11T01:07:01.0795460Z     handshake_drop_test.go:376: dropped 5 packets
Integration (macos, Go 1.27.x)	Run self tests, using QUIC v2	2026-09-11T01:07:01.0796570Z === RUN   TestHandshakeWithPacketLoss/drop_every_3rd_of_first_30_packets,_phase_3_in_direction_to_client/retry:_false/nobody_speaks#01
Integration (macos, Go 1.27.x)	Run self tests, using QUIC v2	2026-09-11T01:07:01.0847160Z     handshake_drop_test.go:376: dropped 3 packets
Integration (macos, Go 1.27.x)	Run self tests, using QUIC v2	2026-09-11T01:07:01.0847790Z === RUN   TestHandshakeWithPacketLoss/drop_every_3rd_of_first_30_packets,_phase_3_in_direction_to_client/retry:_false/client_speaks_first#02
Integration (macos, Go 1.27.x)	Run self tests, using QUIC v2	2026-09-11T01:07:01.0870110Z     handshake_drop_test.go:376: dropped 1 packets
Integration (macos, Go 1.27.x)	Run self tests, using QUIC v2	2026-09-11T01:07:01.0871750Z === RUN   TestHandshakeWithPacketLoss/drop_every_3rd_of_first_30_packets,_phase_3_in_direction_to_client/retry:_false/server_speaks_first#02
Integration (macos, Go 1.27.x)	Run self tests, using QUIC v2	2026-09-11T01:07:01.0890040Z     handshake_drop_test.go:376: dropped 3 packets
Integration (macos, Go 1.27.x)	Run self tests, using QUIC v2	2026-09-11T01:07:01.0891690Z === RUN   TestHandshakeWithPacketLoss/drop_every_3rd_of_first_30_packets,_phase_3_in_direction_to_client/retry:_false/nobody_speaks#02
Integration (macos, Go 1.27.x)	Run self tests, using QUIC v2	2026-09-11T01:07:01.0917930Z     handshake_drop_test.go:376: dropped 1 packets
Integration (macos, Go 1.27.x)	Run self tests, using QUIC v2	2026-09-11T01:07:01.0919610Z === RUN   TestHandshakeWithPacketLoss/drop_every_3rd_of_first_30_packets,_phase_3_in_direction_to_client/retry:_false/client_speaks_first#03
Integration (macos, Go 1.27.x)	Run self tests, using QUIC v2	2026-09-11T01:07:01.0936450Z     handshake_drop_test.go:376: dropped 3 packets
Integration (macos, Go 1.27.x)	Run self tests, using QUIC v2	2026-09-11T01:07:01.0937810Z === RUN   TestHandshakeWithPacketLoss/drop_every_3rd_of_first_30_packets,_phase_3_in_direction_to_client/retry:_false/server_speaks_first#03
Integration (macos, Go 1.27.x)	Run self tests, using QUIC v2	2026-09-11T01:07:01.0967080Z     handshake_drop_test.go:376: dropped 5 packets
Integration (macos, Go 1.27.x)	Run self tests, using QUIC v2	2026-09-11T01:07:01.0969920Z === RUN   TestHandshakeWithPacketLoss/drop_every_3rd_of_first_30_packets,_phase_3_in_direction_to_client/retry:_false/nobody_speaks#03
Integration (macos, Go 1.27.x)	Run self tests, using QUIC v2	2026-09-11T01:07:01.0990990Z     handshake_drop_test.go:376: dropped 3 packets
Integration (macos, Go 1.27.x)	Run self tests, using QUIC v2	2026-09-11T01:07:01.0992150Z === RUN   TestHandshakeWithPacketLoss/drop_1/3_of_packets_in_direction_to_client
Integration (macos, Go 1.27.x)	Run self tests, using QUIC v2	2026-09-11T01:07:01.0993710Z     handshake_drop_test.go:276: random loss is opt-in stress; set QUIC_GO_TEST_RANDOM_LOSS=1
Integration (macos, Go 1.27.x)	Run self tests, using QUIC v2	2026-09-11T01:07:01.0994920Z === RUN   TestHandshakeWithPacketLoss/drop_1st_packet_in_direction_to_server
Integration (macos, Go 1.27.x)	Run self tests, using QUIC v2	2026-09-11T01:07:01.0996340Z === RUN   TestHandshakeWithPacketLoss/drop_1st_packet_in_direction_to_server/retry:_true/client_speaks_first
Integration (macos, Go 1.27.x)	Run self tests, using QUIC v2	2026-09-11T01:07:01.1026950Z     handshake_drop_test.go:376: dropped 1 packets
Integration (macos, Go 1.27.x)	Run self tests, using QUIC v2	2026-09-11T01:07:01.1028330Z === RUN   TestHandshakeWithPacketLoss/drop_1st_packet_in_direction_to_server/retry:_true/server_speaks_first
Integration (macos, Go 1.27.x)	Run self tests, using QUIC v2	2026-09-11T01:07:01.1059590Z     handshake_drop_test.go:376: dropped 1 packets
Integration (macos, Go 1.27.x)	Run self tests, using QUIC v2	2026-09-11T01:07:01.1060610Z === RUN   TestHandshakeWithPacketLoss/drop_1st_packet_in_direction_to_server/retry:_true/nobody_speaks
Integration (macos, Go 1.27.x)	Run self tests, using QUIC v2	2026-09-11T01:07:01.1087480Z     handshake_drop_test.go:376: dropped 1 packets
Integration (macos, Go 1.27.x)	Run self tests, using QUIC v2	2026-09-11T01:07:01.1088130Z === RUN   TestHandshakeWithPacketLoss/drop_1st_packet_in_direction_to_server/retry:_false/client_speaks_first
Integration (macos, Go 1.27.x)	Run self tests, using QUIC v2	2026-09-11T01:07:01.1111330Z     handshake_drop_test.go:376: dropped 1 packets
Integration (macos, Go 1.27.x)	Run self tests, using QUIC v2	2026-09-11T01:07:01.1112030Z === RUN   TestHandshakeWithPacketLoss/drop_1st_packet_in_direction_to_server/retry:_false/server_speaks_first
Integration (macos, Go 1.27.x)	Run self tests, using QUIC v2	2026-09-11T01:07:01.1142380Z     handshake_drop_test.go:376: dropped 1 packets
Integration (macos, Go 1.27.x)	Run self tests, using QUIC v2	2026-09-11T01:07:01.1143910Z === RUN   TestHandshakeWithPacketLoss/drop_1st_packet_in_direction_to_server/retry:_false/nobody_speaks
Integration (macos, Go 1.27.x)	Run self tests, using QUIC v2	2026-09-11T01:07:01.1174190Z     handshake_drop_test.go:376: dropped 1 packets
Integration (macos, Go 1.27.x)	Run self tests, using QUIC v2	2026-09-11T01:07:01.1174740Z === RUN   TestHandshakeWithPacketLoss/drop_1st_packet_in_direction_to_server/retry:_false/client_speaks_first#01
Integration (macos, Go 1.27.x)	Run self tests, using QUIC v2	2026-09-11T01:07:01.1206270Z     handshake_drop_test.go:376: dropped 1 packets
Integration (macos, Go 1.27.x)	Run self tests, using QUIC v2	2026-09-11T01:07:01.1207430Z === RUN   TestHandshakeWithPacketLoss/drop_1st_packet_in_direction_to_server/retry:_false/server_speaks_first#01
Integration (macos, Go 1.27.x)	Run self tests, using QUIC v2	2026-09-11T01:07:01.1277000Z     handshake_drop_test.go:376: dropped 1 packets
Integration (macos, Go 1.27.x)	Run self tests, using QUIC v2	2026-09-11T01:07:01.1278300Z === RUN   TestHandshakeWithPacketLoss/drop_1st_packet_in_direction_to_server/retry:_false/nobody_speaks#01
Integration (macos, Go 1.27.x)	Run self tests, using QUIC v2	2026-09-11T01:07:01.1314950Z     handshake_drop_test.go:376: dropped 1 packets
Integration (macos, Go 1.27.x)	Run self tests, using QUIC v2	2026-09-11T01:07:01.1318750Z === RUN   TestHandshakeWithPacketLoss/drop_1st_packet_in_direction_to_server/retry:_false/client_speaks_first#02
Integration (macos, Go 1.27.x)	Run self tests, using QUIC v2	2026-09-11T01:07:01.1342060Z     handshake_drop_test.go:376: dropped 1 packets
Integration (macos, Go 1.27.x)	Run self tests, using QUIC v2	2026-09-11T01:07:01.1343000Z === RUN   TestHandshakeWithPacketLoss/drop_1st_packet_in_direction_to_server/retry:_false/server_speaks_first#02
Integration (macos, Go 1.27.x)	Run self tests, using QUIC v2	2026-09-11T01:07:01.1357830Z     handshake_drop_test.go:376: dropped 1 packets
Integration (macos, Go 1.27.x)	Run self tests, using QUIC v2	2026-09-11T01:07:01.1358810Z === RUN   TestHandshakeWithPacketLoss/drop_1st_packet_in_direction_to_server/retry:_false/nobody_speaks#02
Integration (macos, Go 1.27.x)	Run self tests, using QUIC v2	2026-09-11T01:07:01.1376800Z     handshake_drop_test.go:376: dropped 1 packets
Integration (macos, Go 1.27.x)	Run self tests, using QUIC v2	2026-09-11T01:07:01.1377640Z === RUN   TestHandshakeWithPacketLoss/drop_1st_packet_in_direction_to_server/retry:_false/client_speaks_first#03
Integration (macos, Go 1.27.x)	Run self tests, using QUIC v2	2026-09-11T01:07:01.1405350Z     handshake_drop_test.go:376: dropped 1 packets
Integration (macos, Go 1.27.x)	Run self tests, using QUIC v2	2026-09-11T01:07:01.1406270Z === RUN   TestHandshakeWithPacketLoss/drop_1st_packet_in_direction_to_server/retry:_false/server_speaks_first#03
Integration (macos, Go 1.27.x)	Run self tests, using QUIC v2	2026-09-11T01:07:01.1433310Z     handshake_drop_test.go:376: dropped 1 packets
Integration (macos, Go 1.27.x)	Run self tests, using QUIC v2	2026-09-11T01:07:01.1434320Z === RUN   TestHandshakeWithPacketLoss/drop_1st_packet_in_direction_to_server/retry:_false/nobody_speaks#03
Integration (macos, Go 1.27.x)	Run self tests, using QUIC v2	2026-09-11T01:07:01.1460670Z     handshake_drop_test.go:376: dropped 1 packets
Integration (macos, Go 1.27.x)	Run self tests, using QUIC v2	2026-09-11T01:07:01.1462020Z === RUN   TestHandshakeWithPacketLoss/drop_first_3_packets_in_direction_to_server
Integration (macos, Go 1.27.x)	Run self tests, using QUIC v2	2026-09-11T01:07:01.1462590Z === RUN   TestHandshakeWithPacketLoss/drop_first_3_packets_in_direction_to_server/retry:_true/client_speaks_first
Integration (macos, Go 1.27.x)	Run self tests, using QUIC v2	2026-09-11T01:07:01.1496630Z     handshake_drop_test.go:376: dropped 3 packets
Integration (macos, Go 1.27.x)	Run self tests, using QUIC v2	2026-09-11T01:07:01.1497330Z === RUN   TestHandshakeWithPacketLoss/drop_first_3_packets_in_direction_to_server/retry:_true/server_speaks_first
Integration (macos, Go 1.27.x)	Run self tests, using QUIC v2	2026-09-11T01:07:01.1576420Z     handshake_drop_test.go:376: dropped 3 packets
Integration (macos, Go 1.27.x)	Run self tests, using QUIC v2	2026-09-11T01:07:01.1578160Z === RUN   TestHandshakeWithPacketLoss/drop_first_3_packets_in_direction_to_server/retry:_true/nobody_speaks
Integration (macos, Go 1.27.x)	Run self tests, using QUIC v2	2026-09-11T01:07:01.1634090Z     handshake_drop_test.go:376: dropped 3 packets
Integration (macos, Go 1.27.x)	Run self tests, using QUIC v2	2026-09-11T01:07:01.1636120Z === RUN   TestHandshakeWithPacketLoss/drop_first_3_packets_in_direction_to_server/retry:_false/client_speaks_first
Integration (macos, Go 1.27.x)	Run self tests, using QUIC v2	2026-09-11T01:07:01.1695760Z     handshake_drop_test.go:376: dropped 3 packets
Integration (macos, Go 1.27.x)	Run self tests, using QUIC v2	2026-09-11T01:07:01.1698140Z === RUN   TestHandshakeWithPacketLoss/drop_first_3_packets_in_direction_to_server/retry:_false/server_speaks_first
Integration (macos, Go 1.27.x)	Run self tests, using QUIC v2	2026-09-11T01:07:01.1768020Z     handshake_drop_test.go:376: dropped 3 packets
Integration (macos, Go 1.27.x)	Run self tests, using QUIC v2	2026-09-11T01:07:01.1772900Z === RUN   TestHandshakeWithPacketLoss/drop_first_3_packets_in_direction_to_server/retry:_false/nobody_speaks
Integration (macos, Go 1.27.x)	Run self tests, using QUIC v2	2026-09-11T01:07:01.1879720Z     handshake_drop_test.go:376: dropped 3 packets
Integration (macos, Go 1.27.x)	Run self tests, using QUIC v2	2026-09-11T01:07:01.1984840Z === RUN   TestHandshakeWithPacketLoss/drop_first_3_packets_in_direction_to_server/retry:_false/client_speaks_first#01
Integration (macos, Go 1.27.x)	Run self tests, using QUIC v2	2026-09-11T01:07:01.2088490Z     handshake_drop_test.go:376: dropped 3 packets
Integration (macos, Go 1.27.x)	Run self tests, using QUIC v2	2026-09-11T01:07:01.2191870Z === RUN   TestHandshakeWithPacketLoss/drop_first_3_packets_in_direction_to_server/retry:_false/server_speaks_first#01
Integration (macos, Go 1.27.x)	Run self tests, using QUIC v2	2026-09-11T01:07:01.2296110Z     handshake_drop_test.go:376: dropped 3 packets
Integration (macos, Go 1.27.x)	Run self tests, using QUIC v2	2026-09-11T01:07:01.2398760Z === RUN   TestHandshakeWithPacketLoss/drop_first_3_packets_in_direction_to_server/retry:_false/nobody_speaks#01
Integration (macos, Go 1.27.x)	Run self tests, using QUIC v2	2026-09-11T01:07:01.2504980Z     handshake_drop_test.go:376: dropped 3 packets
Integration (macos, Go 1.27.x)	Run self tests, using QUIC v2	2026-09-11T01:07:01.2607370Z === RUN   TestHandshakeWithPacketLoss/drop_first_3_packets_in_direction_to_server/retry:_false/client_speaks_first#02
Integration (macos, Go 1.27.x)	Run self tests, using QUIC v2	2026-09-11T01:07:01.2711610Z     handshake_drop_test.go:376: dropped 3 packets
Integration (macos, Go 1.27.x)	Run self tests, using QUIC v2	2026-09-11T01:07:01.2814850Z === RUN   TestHandshakeWithPacketLoss/drop_first_3_packets_in_direction_to_server/retry:_false/server_speaks_first#02
Integration (macos, Go 1.27.x)	Run self tests, using QUIC v2	2026-09-11T01:07:01.2917980Z     handshake_drop_test.go:376: dropped 3 packets
Integration (macos, Go 1.27.x)	Run self tests, using QUIC v2	2026-09-11T01:07:01.3020680Z === RUN   TestHandshakeWithPacketLoss/drop_first_3_packets_in_direction_to_server/retry:_false/nobody_speaks#02
Integration (macos, Go 1.27.x)	Run self tests, using QUIC v2	2026-09-11T01:07:01.3123320Z     handshake_drop_test.go:376: dropped 3 packets
Integration (macos, Go 1.27.x)	Run self tests, using QUIC v2	2026-09-11T01:07:01.3224740Z === RUN   TestHandshakeWithPacketLoss/drop_first_3_packets_in_direction_to_server/retry:_false/client_speaks_first#03
Integration (macos, Go 1.27.x)	Run self tests, using QUIC v2	2026-09-11T01:07:01.3326400Z     handshake_drop_test.go:376: dropped 3 packets
Integration (macos, Go 1.27.x)	Run self tests, using QUIC v2	2026-09-11T01:07:01.3327090Z === RUN   TestHandshakeWithPacketLoss/drop_first_3_packets_in_direction_to_server/retry:_false/server_speaks_first#03
Integration (macos, Go 1.27.x)	Run self tests, using QUIC v2	2026-09-11T01:07:01.3428760Z     handshake_drop_test.go:376: dropped 3 packets
Integration (macos, Go 1.27.x)	Run self tests, using QUIC v2	2026-09-11T01:07:01.3520540Z === RUN   TestHandshakeWithPacketLoss/drop_first_3_packets_in_direction_to_server/retry:_false/nobody_speaks#03
Integration (macos, Go 1.27.x)	Run self tests, using QUIC v2	2026-09-11T01:07:01.3623560Z     handshake_drop_test.go:376: dropped 3 packets
Integration (macos, Go 1.27.x)	Run self tests, using QUIC v2	2026-09-11T01:07:01.3670630Z === RUN   TestHandshakeWithPacketLoss/drop_every_3rd_of_first_30_packets,_phase_1_in_direction_to_server
Integration (macos, Go 1.27.x)	Run self tests, using QUIC v2	2026-09-11T01:07:01.3673000Z === RUN   TestHandshakeWithPacketLoss/drop_every_3rd_of_first_30_packets,_phase_1_in_direction_to_server/retry:_true/client_speaks_first
Integration (macos, Go 1.27.x)	Run self tests, using QUIC v2	2026-09-11T01:07:01.3674830Z     handshake_drop_test.go:376: dropped 7 packets
Integration (macos, Go 1.27.x)	Run self tests, using QUIC v2	2026-09-11T01:07:01.3675540Z === RUN   TestHandshakeWithPacketLoss/drop_every_3rd_of_first_30_packets,_phase_1_in_direction_to_server/retry:_true/server_speaks_first
Integration (macos, Go 1.27.x)	Run self tests, using QUIC v2	2026-09-11T01:07:01.3676520Z     handshake_drop_test.go:376: dropped 4 packets
Integration (macos, Go 1.27.x)	Run self tests, using QUIC v2	2026-09-11T01:07:01.3677300Z === RUN   TestHandshakeWithPacketLoss/drop_every_3rd_of_first_30_packets,_phase_1_in_direction_to_server/retry:_true/nobody_speaks
Integration (macos, Go 1.27.x)	Run self tests, using QUIC v2	2026-09-11T01:07:01.3678210Z     handshake_drop_test.go:376: dropped 4 packets
Integration (macos, Go 1.27.x)	Run self tests, using QUIC v2	2026-09-11T01:07:01.3680060Z === RUN   TestHandshakeWithPacketLoss/drop_every_3rd_of_first_30_packets,_phase_1_in_direction_to_server/retry:_false/client_speaks_first
Integration (macos, Go 1.27.x)	Run self tests, using QUIC v2	2026-09-11T01:07:01.3681780Z     handshake_drop_test.go:376: dropped 6 packets
Integration (macos, Go 1.27.x)	Run self tests, using QUIC v2	2026-09-11T01:07:01.3683020Z === RUN   TestHandshakeWithPacketLoss/drop_every_3rd_of_first_30_packets,_phase_1_in_direction_to_server/retry:_false/server_speaks_first
Integration (macos, Go 1.27.x)	Run self tests, using QUIC v2	2026-09-11T01:07:01.3684310Z     handshake_drop_test.go:376: dropped 3 packets
Integration (macos, Go 1.27.x)	Run self tests, using QUIC v2	2026-09-11T01:07:01.3685560Z === RUN   TestHandshakeWithPacketLoss/drop_every_3rd_of_first_30_packets,_phase_1_in_direction_to_server/retry:_false/nobody_speaks
Integration (macos, Go 1.27.x)	Run self tests, using QUIC v2	2026-09-11T01:07:01.3686420Z     handshake_drop_test.go:376: dropped 3 packets
Integration (macos, Go 1.27.x)	Run self tests, using QUIC v2	2026-09-11T01:07:01.3687020Z === RUN   TestHandshakeWithPacketLoss/drop_every_3rd_of_first_30_packets,_phase_1_in_direction_to_server/retry:_false/client_speaks_first#01
Integration (macos, Go 1.27.x)	Run self tests, using QUIC v2	2026-09-11T01:07:01.3687590Z     handshake_drop_test.go:376: dropped 6 packets
Integration (macos, Go 1.27.x)	Run self tests, using QUIC v2	2026-09-11T01:07:01.3688230Z === RUN   TestHandshakeWithPacketLoss/drop_every_3rd_of_first_30_packets,_phase_1_in_direction_to_server/retry:_false/server_speaks_first#01
Integration (macos, Go 1.27.x)	Run self tests, using QUIC v2	2026-09-11T01:07:01.3688880Z     handshake_drop_test.go:376: dropped 3 packets
Integration (macos, Go 1.27.x)	Run self tests, using QUIC v2	2026-09-11T01:07:01.3689430Z === RUN   TestHandshakeWithPacketLoss/drop_every_3rd_of_first_30_packets,_phase_1_in_direction_to_server/retry:_false/nobody_speaks#01
Integration (macos, Go 1.27.x)	Run self tests, using QUIC v2	2026-09-11T01:07:01.3690070Z     handshake_drop_test.go:376: dropped 3 packets
Integration (macos, Go 1.27.x)	Run self tests, using QUIC v2	2026-09-11T01:07:01.3690630Z === RUN   TestHandshakeWithPacketLoss/drop_every_3rd_of_first_30_packets,_phase_1_in_direction_to_server/retry:_false/client_speaks_first#02
Integration (macos, Go 1.27.x)	Run self tests, using QUIC v2	2026-09-11T01:07:01.3691360Z     handshake_drop_test.go:376: dropped 6 packets
Integration (macos, Go 1.27.x)	Run self tests, using QUIC v2	2026-09-11T01:07:01.3694730Z === RUN   TestHandshakeWithPacketLoss/drop_every_3rd_of_first_30_packets,_phase_1_in_direction_to_server/retry:_false/server_speaks_first#02
Integration (macos, Go 1.27.x)	Run self tests, using QUIC v2	2026-09-11T01:07:01.3695490Z     handshake_drop_test.go:376: dropped 3 packets
Integration (macos, Go 1.27.x)	Run self tests, using QUIC v2	2026-09-11T01:07:01.3696150Z === RUN   TestHandshakeWithPacketLoss/drop_every_3rd_of_first_30_packets,_phase_1_in_direction_to_server/retry:_false/nobody_speaks#02
Integration (macos, Go 1.27.x)	Run self tests, using QUIC v2	2026-09-11T01:07:01.3696730Z     handshake_drop_test.go:376: dropped 3 packets
Integration (macos, Go 1.27.x)	Run self tests, using QUIC v2	2026-09-11T01:07:01.3697340Z === RUN   TestHandshakeWithPacketLoss/drop_every_3rd_of_first_30_packets,_phase_1_in_direction_to_server/retry:_false/client_speaks_first#03
Integration (macos, Go 1.27.x)	Run self tests, using QUIC v2	2026-09-11T01:07:01.3697930Z     handshake_drop_test.go:376: dropped 6 packets
Integration (macos, Go 1.27.x)	Run self tests, using QUIC v2	2026-09-11T01:07:01.3698440Z === RUN   TestHandshakeWithPacketLoss/drop_every_3rd_of_first_30_packets,_phase_1_in_direction_to_server/retry:_false/server_speaks_first#03
Integration (macos, Go 1.27.x)	Run self tests, using QUIC v2	2026-09-11T01:07:01.3699030Z     handshake_drop_test.go:376: dropped 3 packets
Integration (macos, Go 1.27.x)	Run self tests, using QUIC v2	2026-09-11T01:07:01.3700240Z === RUN   TestHandshakeWithPacketLoss/drop_every_3rd_of_first_30_packets,_phase_1_in_direction_to_server/retry:_false/nobody_speaks#03
Integration (macos, Go 1.27.x)	Run self tests, using QUIC v2	2026-09-11T01:07:01.3700980Z     handshake_drop_test.go:376: dropped 3 packets
Integration (macos, Go 1.27.x)	Run self tests, using QUIC v2	2026-09-11T01:07:01.3701410Z === RUN   TestHandshakeWithPacketLoss/drop_every_3rd_of_first_30_packets,_phase_2_in_direction_to_server
Integration (macos, Go 1.27.x)	Run self tests, using QUIC v2	2026-09-11T01:07:01.3702570Z === RUN   TestHandshakeWithPacketLoss/drop_every_3rd_of_first_30_packets,_phase_2_in_direction_to_server/retry:_true/client_speaks_first
Integration (macos, Go 1.27.x)	Run self tests, using QUIC v2	2026-09-11T01:07:01.3703300Z     handshake_drop_test.go:376: dropped 6 packets
Integration (macos, Go 1.27.x)	Run self tests, using QUIC v2	2026-09-11T01:07:01.3703850Z === RUN   TestHandshakeWithPacketLoss/drop_every_3rd_of_first_30_packets,_phase_2_in_direction_to_server/retry:_true/server_speaks_first
Integration (macos, Go 1.27.x)	Run self tests, using QUIC v2	2026-09-11T01:07:01.3704490Z     handshake_drop_test.go:376: dropped 3 packets
Integration (macos, Go 1.27.x)	Run self tests, using QUIC v2	2026-09-11T01:07:01.3705040Z === RUN   TestHandshakeWithPacketLoss/drop_every_3rd_of_first_30_packets,_phase_2_in_direction_to_server/retry:_true/nobody_speaks
Integration (macos, Go 1.27.x)	Run self tests, using QUIC v2	2026-09-11T01:07:01.3705630Z     handshake_drop_test.go:376: dropped 3 packets
Integration (macos, Go 1.27.x)	Run self tests, using QUIC v2	2026-09-11T01:07:01.3706140Z === RUN   TestHandshakeWithPacketLoss/drop_every_3rd_of_first_30_packets,_phase_2_in_direction_to_server/retry:_false/client_speaks_first
Integration (macos, Go 1.27.x)	Run self tests, using QUIC v2	2026-09-11T01:07:01.3706690Z     handshake_drop_test.go:376: dropped 5 packets
Integration (macos, Go 1.27.x)	Run self tests, using QUIC v2	2026-09-11T01:07:01.3707270Z === RUN   TestHandshakeWithPacketLoss/drop_every_3rd_of_first_30_packets,_phase_2_in_direction_to_server/retry:_false/server_speaks_first
Integration (macos, Go 1.27.x)	Run self tests, using QUIC v2	2026-09-11T01:07:01.3708370Z     handshake_drop_test.go:376: dropped 2 packets
Integration (macos, Go 1.27.x)	Run self tests, using QUIC v2	2026-09-11T01:07:01.3709110Z === RUN   TestHandshakeWithPacketLoss/drop_every_3rd_of_first_30_packets,_phase_2_in_direction_to_server/retry:_false/nobody_speaks
Integration (macos, Go 1.27.x)	Run self tests, using QUIC v2	2026-09-11T01:07:01.3709740Z     handshake_drop_test.go:376: dropped 2 packets
Integration (macos, Go 1.27.x)	Run self tests, using QUIC v2	2026-09-11T01:07:01.3710750Z === RUN   TestHandshakeWithPacketLoss/drop_every_3rd_of_first_30_packets,_phase_2_in_direction_to_server/retry:_false/client_speaks_first#01
Integration (macos, Go 1.27.x)	Run self tests, using QUIC v2	2026-09-11T01:07:01.3711580Z     handshake_drop_test.go:376: dropped 5 packets
Integration (macos, Go 1.27.x)	Run self tests, using QUIC v2	2026-09-11T01:07:01.3712250Z === RUN   TestHandshakeWithPacketLoss/drop_every_3rd_of_first_30_packets,_phase_2_in_direction_to_server/retry:_false/server_speaks_first#01
Integration (macos, Go 1.27.x)	Run self tests, using QUIC v2	2026-09-11T01:07:01.3712960Z     handshake_drop_test.go:376: dropped 2 packets
Integration (macos, Go 1.27.x)	Run self tests, using QUIC v2	2026-09-11T01:07:01.3713580Z === RUN   TestHandshakeWithPacketLoss/drop_every_3rd_of_first_30_packets,_phase_2_in_direction_to_server/retry:_false/nobody_speaks#01
Integration (macos, Go 1.27.x)	Run self tests, using QUIC v2	2026-09-11T01:07:01.3714290Z     handshake_drop_test.go:376: dropped 2 packets
Integration (macos, Go 1.27.x)	Run self tests, using QUIC v2	2026-09-11T01:07:01.3715050Z === RUN   TestHandshakeWithPacketLoss/drop_every_3rd_of_first_30_packets,_phase_2_in_direction_to_server/retry:_false/client_speaks_first#02
Integration (macos, Go 1.27.x)	Run self tests, using QUIC v2	2026-09-11T01:07:01.3715730Z     handshake_drop_test.go:376: dropped 6 packets
Integration (macos, Go 1.27.x)	Run self tests, using QUIC v2	2026-09-11T01:07:01.3716360Z === RUN   TestHandshakeWithPacketLoss/drop_every_3rd_of_first_30_packets,_phase_2_in_direction_to_server/retry:_false/server_speaks_first#02
Integration (macos, Go 1.27.x)	Run self tests, using QUIC v2	2026-09-11T01:07:01.3716980Z     handshake_drop_test.go:376: dropped 3 packets
Integration (macos, Go 1.27.x)	Run self tests, using QUIC v2	2026-09-11T01:07:01.3717510Z === RUN   TestHandshakeWithPacketLoss/drop_every_3rd_of_first_30_packets,_phase_2_in_direction_to_server/retry:_false/nobody_speaks#02
Integration (macos, Go 1.27.x)	Run self tests, using QUIC v2	2026-09-11T01:07:01.3718660Z     handshake_drop_test.go:376: dropped 3 packets
Integration (macos, Go 1.27.x)	Run self tests, using QUIC v2	2026-09-11T01:07:01.3719300Z === RUN   TestHandshakeWithPacketLoss/drop_every_3rd_of_first_30_packets,_phase_2_in_direction_to_server/retry:_false/client_speaks_first#03
Integration (macos, Go 1.27.x)	Run self tests, using QUIC v2	2026-09-11T01:07:01.3720000Z     handshake_drop_test.go:376: dropped 6 packets
Integration (macos, Go 1.27.x)	Run self tests, using QUIC v2	2026-09-11T01:07:01.3720620Z === RUN   TestHandshakeWithPacketLoss/drop_every_3rd_of_first_30_packets,_phase_2_in_direction_to_server/retry:_false/server_speaks_first#03
Integration (macos, Go 1.27.x)	Run self tests, using QUIC v2	2026-09-11T01:07:01.3721290Z     handshake_drop_test.go:376: dropped 3 packets
Integration (macos, Go 1.27.x)	Run self tests, using QUIC v2	2026-09-11T01:07:01.3721900Z === RUN   TestHandshakeWithPacketLoss/drop_every_3rd_of_first_30_packets,_phase_2_in_direction_to_server/retry:_false/nobody_speaks#03
Integration (macos, Go 1.27.x)	Run self tests, using QUIC v2	2026-09-11T01:07:01.3722520Z     handshake_drop_test.go:376: dropped 3 packets
Integration (macos, Go 1.27.x)	Run self tests, using QUIC v2	2026-09-11T01:07:01.3722960Z === RUN   TestHandshakeWithPacketLoss/drop_every_3rd_of_first_30_packets,_phase_3_in_direction_to_server
Integration (macos, Go 1.27.x)	Run self tests, using QUIC v2	2026-09-11T01:07:01.3723690Z === RUN   TestHandshakeWithPacketLoss/drop_every_3rd_of_first_30_packets,_phase_3_in_direction_to_server/retry:_true/client_speaks_first
Integration (macos, Go 1.27.x)	Run self tests, using QUIC v2	2026-09-11T01:07:01.3724370Z     handshake_drop_test.go:376: dropped 5 packets
Integration (macos, Go 1.27.x)	Run self tests, using QUIC v2	2026-09-11T01:07:01.3724980Z === RUN   TestHandshakeWithPacketLoss/drop_every_3rd_of_first_30_packets,_phase_3_in_direction_to_server/retry:_true/server_speaks_first
Integration (macos, Go 1.27.x)	Run self tests, using QUIC v2	2026-09-11T01:07:01.3725700Z     handshake_drop_test.go:376: dropped 2 packets
Integration (macos, Go 1.27.x)	Run self tests, using QUIC v2	2026-09-11T01:07:01.3726300Z === RUN   TestHandshakeWithPacketLoss/drop_every_3rd_of_first_30_packets,_phase_3_in_direction_to_server/retry:_true/nobody_speaks
Integration (macos, Go 1.27.x)	Run self tests, using QUIC v2	2026-09-11T01:07:01.3726850Z     handshake_drop_test.go:376: dropped 2 packets
Integration (macos, Go 1.27.x)	Run self tests, using QUIC v2	2026-09-11T01:07:01.3727400Z === RUN   TestHandshakeWithPacketLoss/drop_every_3rd_of_first_30_packets,_phase_3_in_direction_to_server/retry:_false/client_speaks_first
Integration (macos, Go 1.27.x)	Run self tests, using QUIC v2	2026-09-11T01:07:01.3728040Z     handshake_drop_test.go:376: dropped 4 packets
Integration (macos, Go 1.27.x)	Run self tests, using QUIC v2	2026-09-11T01:07:01.3728550Z === RUN   TestHandshakeWithPacketLoss/drop_every_3rd_of_first_30_packets,_phase_3_in_direction_to_server/retry:_false/server_speaks_first
Integration (macos, Go 1.27.x)	Run self tests, using QUIC v2	2026-09-11T01:07:01.3729200Z     handshake_drop_test.go:376: dropped 1 packets
Integration (macos, Go 1.27.x)	Run self tests, using QUIC v2	2026-09-11T01:07:01.3729810Z === RUN   TestHandshakeWithPacketLoss/drop_every_3rd_of_first_30_packets,_phase_3_in_direction_to_server/retry:_false/nobody_speaks
Integration (macos, Go 1.27.x)	Run self tests, using QUIC v2	2026-09-11T01:07:01.3731200Z     handshake_drop_test.go:376: dropped 1 packets
Integration (macos, Go 1.27.x)	Run self tests, using QUIC v2	2026-09-11T01:07:01.3731870Z === RUN   TestHandshakeWithPacketLoss/drop_every_3rd_of_first_30_packets,_phase_3_in_direction_to_server/retry:_false/client_speaks_first#01
Integration (macos, Go 1.27.x)	Run self tests, using QUIC v2	2026-09-11T01:07:01.3732560Z     handshake_drop_test.go:376: dropped 5 packets
Integration (macos, Go 1.27.x)	Run self tests, using QUIC v2	2026-09-11T01:07:01.3733090Z === RUN   TestHandshakeWithPacketLoss/drop_every_3rd_of_first_30_packets,_phase_3_in_direction_to_server/retry:_false/server_speaks_first#01
Integration (macos, Go 1.27.x)	Run self tests, using QUIC v2	2026-09-11T01:07:01.3733710Z     handshake_drop_test.go:376: dropped 2 packets
Integration (macos, Go 1.27.x)	Run self tests, using QUIC v2	2026-09-11T01:07:01.3734370Z === RUN   TestHandshakeWithPacketLoss/drop_every_3rd_of_first_30_packets,_phase_3_in_direction_to_server/retry:_false/nobody_speaks#01
Integration (macos, Go 1.27.x)	Run self tests, using QUIC v2	2026-09-11T01:07:01.3735100Z     handshake_drop_test.go:376: dropped 2 packets
Integration (macos, Go 1.27.x)	Run self tests, using QUIC v2	2026-09-11T01:07:01.3735650Z === RUN   TestHandshakeWithPacketLoss/drop_every_3rd_of_first_30_packets,_phase_3_in_direction_to_server/retry:_false/client_speaks_first#02
Integration (macos, Go 1.27.x)	Run self tests, using QUIC v2	2026-09-11T01:07:01.3736650Z     handshake_drop_test.go:376: dropped 5 packets
Integration (macos, Go 1.27.x)	Run self tests, using QUIC v2	2026-09-11T01:07:01.3737200Z === RUN   TestHandshakeWithPacketLoss/drop_every_3rd_of_first_30_packets,_phase_3_in_direction_to_server/retry:_false/server_speaks_first#02
Integration (macos, Go 1.27.x)	Run self tests, using QUIC v2	2026-09-11T01:07:01.3737870Z     handshake_drop_test.go:376: dropped 2 packets
Integration (macos, Go 1.27.x)	Run self tests, using QUIC v2	2026-09-11T01:07:01.3738470Z === RUN   TestHandshakeWithPacketLoss/drop_every_3rd_of_first_30_packets,_phase_3_in_direction_to_server/retry:_false/nobody_speaks#02
Integration (macos, Go 1.27.x)	Run self tests, using QUIC v2	2026-09-11T01:07:01.3739110Z     handshake_drop_test.go:376: dropped 2 packets
Integration (macos, Go 1.27.x)	Run self tests, using QUIC v2	2026-09-11T01:07:01.3739640Z === RUN   TestHandshakeWithPacketLoss/drop_every_3rd_of_first_30_packets,_phase_3_in_direction_to_server/retry:_false/client_speaks_first#03
Integration (macos, Go 1.27.x)	Run self tests, using QUIC v2	2026-09-11T01:07:01.3740420Z     handshake_drop_test.go:376: dropped 5 packets
Integration (macos, Go 1.27.x)	Run self tests, using QUIC v2	2026-09-11T01:07:01.3741030Z === RUN   TestHandshakeWithPacketLoss/drop_every_3rd_of_first_30_packets,_phase_3_in_direction_to_server/retry:_false/server_speaks_first#03
Integration (macos, Go 1.27.x)	Run self tests, using QUIC v2	2026-09-11T01:07:01.3741800Z     handshake_drop_test.go:376: dropped 2 packets
Integration (macos, Go 1.27.x)	Run self tests, using QUIC v2	2026-09-11T01:07:01.3742390Z === RUN   TestHandshakeWithPacketLoss/drop_every_3rd_of_first_30_packets,_phase_3_in_direction_to_server/retry:_false/nobody_speaks#03
Integration (macos, Go 1.27.x)	Run self tests, using QUIC v2	2026-09-11T01:07:01.3743010Z     handshake_drop_test.go:376: dropped 2 packets
Integration (macos, Go 1.27.x)	Run self tests, using QUIC v2	2026-09-11T01:07:01.3743550Z === RUN   TestHandshakeWithPacketLoss/drop_1/3_of_packets_in_direction_to_server
Integration (macos, Go 1.27.x)	Run self tests, using QUIC v2	2026-09-11T01:07:01.3744240Z     handshake_drop_test.go:276: random loss is opt-in stress; set QUIC_GO_TEST_RANDOM_LOSS=1
Integration (macos, Go 1.27.x)	Run self tests, using QUIC v2	2026-09-11T01:07:01.3744780Z === RUN   TestHandshakeWithPacketLoss/drop_1st_packet_in_direction_both
Integration (macos, Go 1.27.x)	Run self tests, using QUIC v2	2026-09-11T01:07:01.3745410Z === RUN   TestHandshakeWithPacketLoss/drop_1st_packet_in_direction_both/retry:_true/client_speaks_first
Integration (macos, Go 1.27.x)	Run self tests, using QUIC v2	2026-09-11T01:07:01.3746120Z     handshake_drop_test.go:376: dropped 2 packets
Integration (macos, Go 1.27.x)	Run self tests, using QUIC v2	2026-09-11T01:07:01.3746700Z === RUN   TestHandshakeWithPacketLoss/drop_1st_packet_in_direction_both/retry:_true/server_speaks_first
Integration (macos, Go 1.27.x)	Run self tests, using QUIC v2	2026-09-11T01:07:01.3750640Z     handshake_drop_test.go:376: dropped 2 packets
Integration (macos, Go 1.27.x)	Run self tests, using QUIC v2	2026-09-11T01:07:01.3752030Z === RUN   TestHandshakeWithPacketLoss/drop_1st_packet_in_direction_both/retry:_true/nobody_speaks
Integration (macos, Go 1.27.x)	Run self tests, using QUIC v2	2026-09-11T01:07:01.3774740Z     handshake_drop_test.go:376: dropped 2 packets
Integration (macos, Go 1.27.x)	Run self tests, using QUIC v2	2026-09-11T01:07:01.3776150Z === RUN   TestHandshakeWithPacketLoss/drop_1st_packet_in_direction_both/retry:_false/client_speaks_first
Integration (macos, Go 1.27.x)	Run self tests, using QUIC v2	2026-09-11T01:07:01.3796640Z     handshake_drop_test.go:376: dropped 2 packets
Integration (macos, Go 1.27.x)	Run self tests, using QUIC v2	2026-09-11T01:07:01.3798070Z === RUN   TestHandshakeWithPacketLoss/drop_1st_packet_in_direction_both/retry:_false/server_speaks_first
Integration (macos, Go 1.27.x)	Run self tests, using QUIC v2	2026-09-11T01:07:01.3820990Z     handshake_drop_test.go:376: dropped 2 packets
Integration (macos, Go 1.27.x)	Run self tests, using QUIC v2	2026-09-11T01:07:01.3822160Z === RUN   TestHandshakeWithPacketLoss/drop_1st_packet_in_direction_both/retry:_false/nobody_speaks
Integration (macos, Go 1.27.x)	Run self tests, using QUIC v2	2026-09-11T01:07:01.3854510Z     handshake_drop_test.go:376: dropped 2 packets
Integration (macos, Go 1.27.x)	Run self tests, using QUIC v2	2026-09-11T01:07:01.3855920Z === RUN   TestHandshakeWithPacketLoss/drop_1st_packet_in_direction_both/retry:_false/client_speaks_first#01
Integration (macos, Go 1.27.x)	Run self tests, using QUIC v2	2026-09-11T01:07:01.3906880Z     handshake_drop_test.go:376: dropped 2 packets
Integration (macos, Go 1.27.x)	Run self tests, using QUIC v2	2026-09-11T01:07:01.3908500Z === RUN   TestHandshakeWithPacketLoss/drop_1st_packet_in_direction_both/retry:_false/server_speaks_first#01
Integration (macos, Go 1.27.x)	Run self tests, using QUIC v2	2026-09-11T01:07:01.3911190Z     handshake_drop_test.go:376: dropped 2 packets
Integration (macos, Go 1.27.x)	Run self tests, using QUIC v2	2026-09-11T01:07:01.3911780Z === RUN   TestHandshakeWithPacketLoss/drop_1st_packet_in_direction_both/retry:_false/nobody_speaks#01
Integration (macos, Go 1.27.x)	Run self tests, using QUIC v2	2026-09-11T01:07:01.3937480Z     handshake_drop_test.go:376: dropped 2 packets
Integration (macos, Go 1.27.x)	Run self tests, using QUIC v2	2026-09-11T01:07:01.3938100Z === RUN   TestHandshakeWithPacketLoss/drop_1st_packet_in_direction_both/retry:_false/client_speaks_first#02
Integration (macos, Go 1.27.x)	Run self tests, using QUIC v2	2026-09-11T01:07:01.3950030Z     handshake_drop_test.go:376: dropped 2 packets
Integration (macos, Go 1.27.x)	Run self tests, using QUIC v2	2026-09-11T01:07:01.3951690Z === RUN   TestHandshakeWithPacketLoss/drop_1st_packet_in_direction_both/retry:_false/server_speaks_first#02
Integration (macos, Go 1.27.x)	Run self tests, using QUIC v2	2026-09-11T01:07:01.3978030Z     handshake_drop_test.go:376: dropped 2 packets
Integration (macos, Go 1.27.x)	Run self tests, using QUIC v2	2026-09-11T01:07:01.3979310Z === RUN   TestHandshakeWithPacketLoss/drop_1st_packet_in_direction_both/retry:_false/nobody_speaks#02
Integration (macos, Go 1.27.x)	Run self tests, using QUIC v2	2026-09-11T01:07:01.3990850Z     handshake_drop_test.go:376: dropped 2 packets
Integration (macos, Go 1.27.x)	Run self tests, using QUIC v2	2026-09-11T01:07:01.3992220Z === RUN   TestHandshakeWithPacketLoss/drop_1st_packet_in_direction_both/retry:_false/client_speaks_first#03
Integration (macos, Go 1.27.x)	Run self tests, using QUIC v2	2026-09-11T01:07:01.4016160Z     handshake_drop_test.go:376: dropped 2 packets
Integration (macos, Go 1.27.x)	Run self tests, using QUIC v2	2026-09-11T01:07:01.4017410Z === RUN   TestHandshakeWithPacketLoss/drop_1st_packet_in_direction_both/retry:_false/server_speaks_first#03
Integration (macos, Go 1.27.x)	Run self tests, using QUIC v2	2026-09-11T01:07:01.4040550Z     handshake_drop_test.go:376: dropped 2 packets
Integration (macos, Go 1.27.x)	Run self tests, using QUIC v2	2026-09-11T01:07:01.4042330Z === RUN   TestHandshakeWithPacketLoss/drop_1st_packet_in_direction_both/retry:_false/nobody_speaks#03
Integration (macos, Go 1.27.x)	Run self tests, using QUIC v2	2026-09-11T01:07:01.4055350Z     handshake_drop_test.go:376: dropped 2 packets
Integration (macos, Go 1.27.x)	Run self tests, using QUIC v2	2026-09-11T01:07:01.4055840Z === RUN   TestHandshakeWithPacketLoss/drop_first_3_packets_in_direction_both
Integration (macos, Go 1.27.x)	Run self tests, using QUIC v2	2026-09-11T01:07:01.4056480Z === RUN   TestHandshakeWithPacketLoss/drop_first_3_packets_in_direction_both/retry:_true/client_speaks_first
Integration (macos, Go 1.27.x)	Run self tests, using QUIC v2	2026-09-11T01:07:01.4086490Z     handshake_drop_test.go:376: dropped 6 packets
Integration (macos, Go 1.27.x)	Run self tests, using QUIC v2	2026-09-11T01:07:01.4087560Z === RUN   TestHandshakeWithPacketLoss/drop_first_3_packets_in_direction_both/retry:_true/server_speaks_first
Integration (macos, Go 1.27.x)	Run self tests, using QUIC v2	2026-09-11T01:07:01.4110960Z     handshake_drop_test.go:376: dropped 6 packets
Integration (macos, Go 1.27.x)	Run self tests, using QUIC v2	2026-09-11T01:07:01.4113150Z === RUN   TestHandshakeWithPacketLoss/drop_first_3_packets_in_direction_both/retry:_true/nobody_speaks
Integration (macos, Go 1.27.x)	Run self tests, using QUIC v2	2026-09-11T01:07:01.4133500Z     handshake_drop_test.go:376: dropped 6 packets
Integration (macos, Go 1.27.x)	Run self tests, using QUIC v2	2026-09-11T01:07:01.4134100Z === RUN   TestHandshakeWithPacketLoss/drop_first_3_packets_in_direction_both/retry:_false/client_speaks_first
Integration (macos, Go 1.27.x)	Run self tests, using QUIC v2	2026-09-11T01:07:01.4164640Z     handshake_drop_test.go:376: dropped 6 packets
Integration (macos, Go 1.27.x)	Run self tests, using QUIC v2	2026-09-11T01:07:01.4165410Z === RUN   TestHandshakeWithPacketLoss/drop_first_3_packets_in_direction_both/retry:_false/server_speaks_first
Integration (macos, Go 1.27.x)	Run self tests, using QUIC v2	2026-09-11T01:07:01.4195310Z     handshake_drop_test.go:376: dropped 6 packets
Integration (macos, Go 1.27.x)	Run self tests, using QUIC v2	2026-09-11T01:07:01.4196600Z === RUN   TestHandshakeWithPacketLoss/drop_first_3_packets_in_direction_both/retry:_false/nobody_speaks
Integration (macos, Go 1.27.x)	Run self tests, using QUIC v2	2026-09-11T01:07:01.4215160Z     handshake_drop_test.go:376: dropped 6 packets
Integration (macos, Go 1.27.x)	Run self tests, using QUIC v2	2026-09-11T01:07:01.4216150Z === RUN   TestHandshakeWithPacketLoss/drop_first_3_packets_in_direction_both/retry:_false/client_speaks_first#01
Integration (macos, Go 1.27.x)	Run self tests, using QUIC v2	2026-09-11T01:07:01.4244200Z     handshake_drop_test.go:376: dropped 6 packets
Integration (macos, Go 1.27.x)	Run self tests, using QUIC v2	2026-09-11T01:07:01.4245670Z === RUN   TestHandshakeWithPacketLoss/drop_first_3_packets_in_direction_both/retry:_false/server_speaks_first#01
Integration (macos, Go 1.27.x)	Run self tests, using QUIC v2	2026-09-11T01:07:01.4275950Z     handshake_drop_test.go:376: dropped 6 packets
Integration (macos, Go 1.27.x)	Run self tests, using QUIC v2	2026-09-11T01:07:01.4276960Z === RUN   TestHandshakeWithPacketLoss/drop_first_3_packets_in_direction_both/retry:_false/nobody_speaks#01
Integration (macos, Go 1.27.x)	Run self tests, using QUIC v2	2026-09-11T01:07:01.4301650Z     handshake_drop_test.go:376: dropped 6 packets
Integration (macos, Go 1.27.x)	Run self tests, using QUIC v2	2026-09-11T01:07:01.4303100Z === RUN   TestHandshakeWithPacketLoss/drop_first_3_packets_in_direction_both/retry:_false/client_speaks_first#02
Integration (macos, Go 1.27.x)	Run self tests, using QUIC v2	2026-09-11T01:07:01.4317620Z     handshake_drop_test.go:376: dropped 6 packets
Integration (macos, Go 1.27.x)	Run self tests, using QUIC v2	2026-09-11T01:07:01.4318990Z === RUN   TestHandshakeWithPacketLoss/drop_first_3_packets_in_direction_both/retry:_false/server_speaks_first#02
Integration (macos, Go 1.27.x)	Run self tests, using QUIC v2	2026-09-11T01:07:01.4340110Z     handshake_drop_test.go:376: dropped 6 packets
Integration (macos, Go 1.27.x)	Run self tests, using QUIC v2	2026-09-11T01:07:01.4341540Z === RUN   TestHandshakeWithPacketLoss/drop_first_3_packets_in_direction_both/retry:_false/nobody_speaks#02
Integration (macos, Go 1.27.x)	Run self tests, using QUIC v2	2026-09-11T01:07:01.4355890Z     handshake_drop_test.go:376: dropped 6 packets
Integration (macos, Go 1.27.x)	Run self tests, using QUIC v2	2026-09-11T01:07:01.4356520Z === RUN   TestHandshakeWithPacketLoss/drop_first_3_packets_in_direction_both/retry:_false/client_speaks_first#03
Integration (macos, Go 1.27.x)	Run self tests, using QUIC v2	2026-09-11T01:07:01.4378520Z     handshake_drop_test.go:376: dropped 6 packets
Integration (macos, Go 1.27.x)	Run self tests, using QUIC v2	2026-09-11T01:07:01.4380120Z === RUN   TestHandshakeWithPacketLoss/drop_first_3_packets_in_direction_both/retry:_false/server_speaks_first#03
Integration (macos, Go 1.27.x)	Run self tests, using QUIC v2	2026-09-11T01:07:01.4404310Z     handshake_drop_test.go:376: dropped 6 packets
Integration (macos, Go 1.27.x)	Run self tests, using QUIC v2	2026-09-11T01:07:01.4405940Z === RUN   TestHandshakeWithPacketLoss/drop_first_3_packets_in_direction_both/retry:_false/nobody_speaks#03
Integration (macos, Go 1.27.x)	Run self tests, using QUIC v2	2026-09-11T01:07:01.4428040Z     handshake_drop_test.go:376: dropped 6 packets
Integration (macos, Go 1.27.x)	Run self tests, using QUIC v2	2026-09-11T01:07:01.4429330Z === RUN   TestHandshakeWithPacketLoss/drop_every_3rd_of_first_30_packets,_phase_1_in_direction_both
Integration (macos, Go 1.27.x)	Run self tests, using QUIC v2	2026-09-11T01:07:01.4431110Z === RUN   TestHandshakeWithPacketLoss/drop_every_3rd_of_first_30_packets,_phase_1_in_direction_both/retry:_true/client_speaks_first
Integration (macos, Go 1.27.x)	Run self tests, using QUIC v2	2026-09-11T01:07:01.4454590Z     handshake_drop_test.go:376: dropped 11 packets
Integration (macos, Go 1.27.x)	Run self tests, using QUIC v2	2026-09-11T01:07:01.4455540Z === RUN   TestHandshakeWithPacketLoss/drop_every_3rd_of_first_30_packets,_phase_1_in_direction_both/retry:_true/server_speaks_first
Integration (macos, Go 1.27.x)	Run self tests, using QUIC v2	2026-09-11T01:07:01.4492470Z     handshake_drop_test.go:376: dropped 11 packets
Integration (macos, Go 1.27.x)	Run self tests, using QUIC v2	2026-09-11T01:07:01.4494000Z === RUN   TestHandshakeWithPacketLoss/drop_every_3rd_of_first_30_packets,_phase_1_in_direction_both/retry:_true/nobody_speaks
Integration (macos, Go 1.27.x)	Run self tests, using QUIC v2	2026-09-11T01:07:01.4530570Z     handshake_drop_test.go:376: dropped 7 packets
Integration (macos, Go 1.27.x)	Run self tests, using QUIC v2	2026-09-11T01:07:01.4532630Z === RUN   TestHandshakeWithPacketLoss/drop_every_3rd_of_first_30_packets,_phase_1_in_direction_both/retry:_false/client_speaks_first
Integration (macos, Go 1.27.x)	Run self tests, using QUIC v2	2026-09-11T01:07:01.4556470Z     handshake_drop_test.go:376: dropped 10 packets
Integration (macos, Go 1.27.x)	Run self tests, using QUIC v2	2026-09-11T01:07:01.4558020Z === RUN   TestHandshakeWithPacketLoss/drop_every_3rd_of_first_30_packets,_phase_1_in_direction_both/retry:_false/server_speaks_first
Integration (macos, Go 1.27.x)	Run self tests, using QUIC v2	2026-09-11T01:07:01.4587840Z     handshake_drop_test.go:376: dropped 11 packets
Integration (macos, Go 1.27.x)	Run self tests, using QUIC v2	2026-09-11T01:07:01.4589540Z === RUN   TestHandshakeWithPacketLoss/drop_every_3rd_of_first_30_packets,_phase_1_in_direction_both/retry:_false/nobody_speaks
Integration (macos, Go 1.27.x)	Run self tests, using QUIC v2	2026-09-11T01:07:01.4618460Z     handshake_drop_test.go:376: dropped 5 packets
Integration (macos, Go 1.27.x)	Run self tests, using QUIC v2	2026-09-11T01:07:01.4625040Z === RUN   TestHandshakeWithPacketLoss/drop_every_3rd_of_first_30_packets,_phase_1_in_direction_both/retry:_false/client_speaks_first#01
Integration (macos, Go 1.27.x)	Run self tests, using QUIC v2	2026-09-11T01:07:01.4651990Z     handshake_drop_test.go:376: dropped 16 packets
Integration (macos, Go 1.27.x)	Run self tests, using QUIC v2	2026-09-11T01:07:01.4652990Z === RUN   TestHandshakeWithPacketLoss/drop_every_3rd_of_first_30_packets,_phase_1_in_direction_both/retry:_false/server_speaks_first#01
Integration (macos, Go 1.27.x)	Run self tests, using QUIC v2	2026-09-11T01:07:01.4687750Z     handshake_drop_test.go:376: dropped 12 packets
Integration (macos, Go 1.27.x)	Run self tests, using QUIC v2	2026-09-11T01:07:01.4689300Z === RUN   TestHandshakeWithPacketLoss/drop_every_3rd_of_first_30_packets,_phase_1_in_direction_both/retry:_false/nobody_speaks#01
Integration (macos, Go 1.27.x)	Run self tests, using QUIC v2	2026-09-11T01:07:01.4714110Z     handshake_drop_test.go:376: dropped 7 packets
Integration (macos, Go 1.27.x)	Run self tests, using QUIC v2	2026-09-11T01:07:01.4715530Z === RUN   TestHandshakeWithPacketLoss/drop_every_3rd_of_first_30_packets,_phase_1_in_direction_both/retry:_false/client_speaks_first#02
Integration (macos, Go 1.27.x)	Run self tests, using QUIC v2	2026-09-11T01:07:01.4739850Z     handshake_drop_test.go:376: dropped 14 packets
Integration (macos, Go 1.27.x)	Run self tests, using QUIC v2	2026-09-11T01:07:01.4742410Z === RUN   TestHandshakeWithPacketLoss/drop_every_3rd_of_first_30_packets,_phase_1_in_direction_both/retry:_false/server_speaks_first#02
Integration (macos, Go 1.27.x)	Run self tests, using QUIC v2	2026-09-11T01:07:01.4760310Z     handshake_drop_test.go:376: dropped 7 packets
Integration (macos, Go 1.27.x)	Run self tests, using QUIC v2	2026-09-11T01:07:01.4761870Z === RUN   TestHandshakeWithPacketLoss/drop_every_3rd_of_first_30_packets,_phase_1_in_direction_both/retry:_false/nobody_speaks#02
Integration (macos, Go 1.27.x)	Run self tests, using QUIC v2	2026-09-11T01:07:01.4779630Z     handshake_drop_test.go:376: dropped 4 packets
Integration (macos, Go 1.27.x)	Run self tests, using QUIC v2	2026-09-11T01:07:01.4783150Z === RUN   TestHandshakeWithPacketLoss/drop_every_3rd_of_first_30_packets,_phase_1_in_direction_both/retry:_false/client_speaks_first#03
Integration (macos, Go 1.27.x)	Run self tests, using QUIC v2	2026-09-11T01:07:01.4816010Z     handshake_drop_test.go:376: dropped 13 packets
Integration (macos, Go 1.27.x)	Run self tests, using QUIC v2	2026-09-11T01:07:01.4816690Z === RUN   TestHandshakeWithPacketLoss/drop_every_3rd_of_first_30_packets,_phase_1_in_direction_both/retry:_false/server_speaks_first#03
Integration (macos, Go 1.27.x)	Run self tests, using QUIC v2	2026-09-11T01:07:01.4841290Z     handshake_drop_test.go:376: dropped 12 packets
Integration (macos, Go 1.27.x)	Run self tests, using QUIC v2	2026-09-11T01:07:01.4842910Z === RUN   TestHandshakeWithPacketLoss/drop_every_3rd_of_first_30_packets,_phase_1_in_direction_both/retry:_false/nobody_speaks#03
Integration (macos, Go 1.27.x)	Run self tests, using QUIC v2	2026-09-11T01:07:01.4856700Z     handshake_drop_test.go:376: dropped 9 packets
Integration (macos, Go 1.27.x)	Run self tests, using QUIC v2	2026-09-11T01:07:01.4858500Z === RUN   TestHandshakeWithPacketLoss/drop_every_3rd_of_first_30_packets,_phase_2_in_direction_both
Integration (macos, Go 1.27.x)	Run self tests, using QUIC v2	2026-09-11T01:07:01.4859360Z === RUN   TestHandshakeWithPacketLoss/drop_every_3rd_of_first_30_packets,_phase_2_in_direction_both/retry:_true/client_speaks_first
Integration (macos, Go 1.27.x)	Run self tests, using QUIC v2	2026-09-11T01:07:01.4893120Z     handshake_drop_test.go:376: dropped 10 packets
Integration (macos, Go 1.27.x)	Run self tests, using QUIC v2	2026-09-11T01:07:01.4893860Z === RUN   TestHandshakeWithPacketLoss/drop_every_3rd_of_first_30_packets,_phase_2_in_direction_both/retry:_true/server_speaks_first
Integration (macos, Go 1.27.x)	Run self tests, using QUIC v2	2026-09-11T01:07:01.4926510Z     handshake_drop_test.go:376: dropped 12 packets
Integration (macos, Go 1.27.x)	Run self tests, using QUIC v2	2026-09-11T01:07:01.4927270Z === RUN   TestHandshakeWithPacketLoss/drop_every_3rd_of_first_30_packets,_phase_2_in_direction_both/retry:_true/nobody_speaks
Integration (macos, Go 1.27.x)	Run self tests, using QUIC v2	2026-09-11T01:07:01.4960050Z     handshake_drop_test.go:376: dropped 6 packets
Integration (macos, Go 1.27.x)	Run self tests, using QUIC v2	2026-09-11T01:07:01.4961610Z === RUN   TestHandshakeWithPacketLoss/drop_every_3rd_of_first_30_packets,_phase_2_in_direction_both/retry:_false/client_speaks_first
Integration (macos, Go 1.27.x)	Run self tests, using QUIC v2	2026-09-11T01:07:01.4984010Z     handshake_drop_test.go:376: dropped 7 packets
Integration (macos, Go 1.27.x)	Run self tests, using QUIC v2	2026-09-11T01:07:01.4984880Z === RUN   TestHandshakeWithPacketLoss/drop_every_3rd_of_first_30_packets,_phase_2_in_direction_both/retry:_false/server_speaks_first
Integration (macos, Go 1.27.x)	Run self tests, using QUIC v2	2026-09-11T01:07:01.5020050Z     handshake_drop_test.go:376: dropped 11 packets
Integration (macos, Go 1.27.x)	Run self tests, using QUIC v2	2026-09-11T01:07:01.5021580Z === RUN   TestHandshakeWithPacketLoss/drop_every_3rd_of_first_30_packets,_phase_2_in_direction_both/retry:_false/nobody_speaks
Integration (macos, Go 1.27.x)	Run self tests, using QUIC v2	2026-09-11T01:07:01.5054000Z     handshake_drop_test.go:376: dropped 3 packets
Integration (macos, Go 1.27.x)	Run self tests, using QUIC v2	2026-09-11T01:07:01.5055630Z === RUN   TestHandshakeWithPacketLoss/drop_every_3rd_of_first_30_packets,_phase_2_in_direction_both/retry:_false/client_speaks_first#01
Integration (macos, Go 1.27.x)	Run self tests, using QUIC v2	2026-09-11T01:07:01.5079830Z     handshake_drop_test.go:376: dropped 11 packets
Integration (macos, Go 1.27.x)	Run self tests, using QUIC v2	2026-09-11T01:07:01.5081280Z === RUN   TestHandshakeWithPacketLoss/drop_every_3rd_of_first_30_packets,_phase_2_in_direction_both/retry:_false/server_speaks_first#01
Integration (macos, Go 1.27.x)	Run self tests, using QUIC v2	2026-09-11T01:07:01.5114890Z     handshake_drop_test.go:376: dropped 10 packets
Integration (macos, Go 1.27.x)	Run self tests, using QUIC v2	2026-09-11T01:07:01.5116440Z === RUN   TestHandshakeWithPacketLoss/drop_every_3rd_of_first_30_packets,_phase_2_in_direction_both/retry:_false/nobody_speaks#01
Integration (macos, Go 1.27.x)	Run self tests, using QUIC v2	2026-09-11T01:07:01.5159790Z     handshake_drop_test.go:376: dropped 6 packets
Integration (macos, Go 1.27.x)	Run self tests, using QUIC v2	2026-09-11T01:07:01.5160720Z === RUN   TestHandshakeWithPacketLoss/drop_every_3rd_of_first_30_packets,_phase_2_in_direction_both/retry:_false/client_speaks_first#02
Integration (macos, Go 1.27.x)	Run self tests, using QUIC v2	2026-09-11T01:07:01.5180030Z     handshake_drop_test.go:376: dropped 9 packets
Integration (macos, Go 1.27.x)	Run self tests, using QUIC v2	2026-09-11T01:07:01.5181660Z === RUN   TestHandshakeWithPacketLoss/drop_every_3rd_of_first_30_packets,_phase_2_in_direction_both/retry:_false/server_speaks_first#02
Integration (macos, Go 1.27.x)	Run self tests, using QUIC v2	2026-09-11T01:07:01.5195150Z     handshake_drop_test.go:376: dropped 9 packets
Integration (macos, Go 1.27.x)	Run self tests, using QUIC v2	2026-09-11T01:07:01.5196300Z === RUN   TestHandshakeWithPacketLoss/drop_every_3rd_of_first_30_packets,_phase_2_in_direction_both/retry:_false/nobody_speaks#02
Integration (macos, Go 1.27.x)	Run self tests, using QUIC v2	2026-09-11T01:07:01.5213310Z     handshake_drop_test.go:376: dropped 5 packets
Integration (macos, Go 1.27.x)	Run self tests, using QUIC v2	2026-09-11T01:07:01.5214840Z === RUN   TestHandshakeWithPacketLoss/drop_every_3rd_of_first_30_packets,_phase_2_in_direction_both/retry:_false/client_speaks_first#03
Integration (macos, Go 1.27.x)	Run self tests, using QUIC v2	2026-09-11T01:07:01.5249880Z     handshake_drop_test.go:376: dropped 15 packets
Integration (macos, Go 1.27.x)	Run self tests, using QUIC v2	2026-09-11T01:07:01.5250650Z === RUN   TestHandshakeWithPacketLoss/drop_every_3rd_of_first_30_packets,_phase_2_in_direction_both/retry:_false/server_speaks_first#03
Integration (macos, Go 1.27.x)	Run self tests, using QUIC v2	2026-09-11T01:07:01.5278300Z     handshake_drop_test.go:376: dropped 14 packets
Integration (macos, Go 1.27.x)	Run self tests, using QUIC v2	2026-09-11T01:07:01.5280880Z === RUN   TestHandshakeWithPacketLoss/drop_every_3rd_of_first_30_packets,_phase_2_in_direction_both/retry:_false/nobody_speaks#03
Integration (macos, Go 1.27.x)	Run self tests, using QUIC v2	2026-09-11T01:07:01.5306380Z     handshake_drop_test.go:376: dropped 9 packets
Integration (macos, Go 1.27.x)	Run self tests, using QUIC v2	2026-09-11T01:07:01.5307820Z === RUN   TestHandshakeWithPacketLoss/drop_every_3rd_of_first_30_packets,_phase_3_in_direction_both
Integration (macos, Go 1.27.x)	Run self tests, using QUIC v2	2026-09-11T01:07:01.5309610Z === RUN   TestHandshakeWithPacketLoss/drop_every_3rd_of_first_30_packets,_phase_3_in_direction_both/retry:_true/client_speaks_first
Integration (macos, Go 1.27.x)	Run self tests, using QUIC v2	2026-09-11T01:07:01.5339240Z     handshake_drop_test.go:376: dropped 6 packets
Integration (macos, Go 1.27.x)	Run self tests, using QUIC v2	2026-09-11T01:07:01.5339890Z === RUN   TestHandshakeWithPacketLoss/drop_every_3rd_of_first_30_packets,_phase_3_in_direction_both/retry:_true/server_speaks_first
Integration (macos, Go 1.27.x)	Run self tests, using QUIC v2	2026-09-11T01:07:01.5369340Z     handshake_drop_test.go:376: dropped 10 packets
Integration (macos, Go 1.27.x)	Run self tests, using QUIC v2	2026-09-11T01:07:01.5370910Z === RUN   TestHandshakeWithPacketLoss/drop_every_3rd_of_first_30_packets,_phase_3_in_direction_both/retry:_true/nobody_speaks
Integration (macos, Go 1.27.x)	Run self tests, using QUIC v2	2026-09-11T01:07:01.5402280Z     handshake_drop_test.go:376: dropped 3 packets
Integration (macos, Go 1.27.x)	Run self tests, using QUIC v2	2026-09-11T01:07:01.5403920Z === RUN   TestHandshakeWithPacketLoss/drop_every_3rd_of_first_30_packets,_phase_3_in_direction_both/retry:_false/client_speaks_first
Integration (macos, Go 1.27.x)	Run self tests, using QUIC v2	2026-09-11T01:07:01.5422220Z     handshake_drop_test.go:376: dropped 6 packets
Integration (macos, Go 1.27.x)	Run self tests, using QUIC v2	2026-09-11T01:07:01.5423950Z === RUN   TestHandshakeWithPacketLoss/drop_every_3rd_of_first_30_packets,_phase_3_in_direction_both/retry:_false/server_speaks_first
Integration (macos, Go 1.27.x)	Run self tests, using QUIC v2	2026-09-11T01:07:01.5452870Z     handshake_drop_test.go:376: dropped 5 packets
Integration (macos, Go 1.27.x)	Run self tests, using QUIC v2	2026-09-11T01:07:01.5454470Z === RUN   TestHandshakeWithPacketLoss/drop_every_3rd_of_first_30_packets,_phase_3_in_direction_both/retry:_false/nobody_speaks
Integration (macos, Go 1.27.x)	Run self tests, using QUIC v2	2026-09-11T01:07:01.5478440Z     handshake_drop_test.go:376: dropped 1 packets
Integration (macos, Go 1.27.x)	Run self tests, using QUIC v2	2026-09-11T01:07:01.5480160Z === RUN   TestHandshakeWithPacketLoss/drop_every_3rd_of_first_30_packets,_phase_3_in_direction_both/retry:_false/client_speaks_first#01
Integration (macos, Go 1.27.x)	Run self tests, using QUIC v2	2026-09-11T01:07:01.5505520Z     handshake_drop_test.go:376: dropped 10 packets
Integration (macos, Go 1.27.x)	Run self tests, using QUIC v2	2026-09-11T01:07:01.5506900Z === RUN   TestHandshakeWithPacketLoss/drop_every_3rd_of_first_30_packets,_phase_3_in_direction_both/retry:_false/server_speaks_first#01
Integration (macos, Go 1.27.x)	Run self tests, using QUIC v2	2026-09-11T01:07:01.5544820Z     handshake_drop_test.go:376: dropped 8 packets
Integration (macos, Go 1.27.x)	Run self tests, using QUIC v2	2026-09-11T01:07:01.5546360Z === RUN   TestHandshakeWithPacketLoss/drop_every_3rd_of_first_30_packets,_phase_3_in_direction_both/retry:_false/nobody_speaks#01
Integration (macos, Go 1.27.x)	Run self tests, using QUIC v2	2026-09-11T01:07:01.5569460Z     handshake_drop_test.go:376: dropped 5 packets
Integration (macos, Go 1.27.x)	Run self tests, using QUIC v2	2026-09-11T01:07:01.5571100Z === RUN   TestHandshakeWithPacketLoss/drop_every_3rd_of_first_30_packets,_phase_3_in_direction_both/retry:_false/client_speaks_first#02
Integration (macos, Go 1.27.x)	Run self tests, using QUIC v2	2026-09-11T01:07:01.5583140Z     handshake_drop_test.go:376: dropped 6 packets
Integration (macos, Go 1.27.x)	Run self tests, using QUIC v2	2026-09-11T01:07:01.5584460Z === RUN   TestHandshakeWithPacketLoss/drop_every_3rd_of_first_30_packets,_phase_3_in_direction_both/retry:_false/server_speaks_first#02
Integration (macos, Go 1.27.x)	Run self tests, using QUIC v2	2026-09-11T01:07:01.5611990Z     handshake_drop_test.go:376: dropped 11 packets
Integration (macos, Go 1.27.x)	Run self tests, using QUIC v2	2026-09-11T01:07:01.5614370Z === RUN   TestHandshakeWithPacketLoss/drop_every_3rd_of_first_30_packets,_phase_3_in_direction_both/retry:_false/nobody_speaks#02
Integration (macos, Go 1.27.x)	Run self tests, using QUIC v2	2026-09-11T01:07:01.5627740Z     handshake_drop_test.go:376: dropped 3 packets
Integration (macos, Go 1.27.x)	Run self tests, using QUIC v2	2026-09-11T01:07:01.5629290Z === RUN   TestHandshakeWithPacketLoss/drop_every_3rd_of_first_30_packets,_phase_3_in_direction_both/retry:_false/client_speaks_first#03
Integration (macos, Go 1.27.x)	Run self tests, using QUIC v2	2026-09-11T01:07:01.5647330Z     handshake_drop_test.go:376: dropped 11 packets
Integration (macos, Go 1.27.x)	Run self tests, using QUIC v2	2026-09-11T01:07:01.5649000Z === RUN   TestHandshakeWithPacketLoss/drop_every_3rd_of_first_30_packets,_phase_3_in_direction_both/retry:_false/server_speaks_first#03
Integration (macos, Go 1.27.x)	Run self tests, using QUIC v2	2026-09-11T01:07:01.5673390Z     handshake_drop_test.go:376: dropped 11 packets
Integration (macos, Go 1.27.x)	Run self tests, using QUIC v2	2026-09-11T01:07:01.5674860Z === RUN   TestHandshakeWithPacketLoss/drop_every_3rd_of_first_30_packets,_phase_3_in_direction_both/retry:_false/nobody_speaks#03
Integration (macos, Go 1.27.x)	Run self tests, using QUIC v2	2026-09-11T01:07:01.5691290Z     handshake_drop_test.go:376: dropped 7 packets
Integration (macos, Go 1.27.x)	Run self tests, using QUIC v2	2026-09-11T01:07:01.5700750Z === RUN   TestHandshakeWithPacketLoss/drop_1/3_of_packets_in_direction_both
Integration (macos, Go 1.27.x)	Run self tests, using QUIC v2	2026-09-11T01:07:01.5703560Z     handshake_drop_test.go:276: random loss is opt-in stress; set QUIC_GO_TEST_RANDOM_LOSS=1
Integration (macos, Go 1.27.x)	Run self tests, using QUIC v2	2026-09-11T01:07:01.5704440Z --- PASS: TestHandshakeWithPacketLoss (0.66s)
Integration (macos, Go 1.27.x)	Run self tests, using QUIC v2	2026-09-11T01:07:01.5705460Z     --- PASS: TestHandshakeWithPacketLoss/drop_1st_packet_in_direction_to_client (0.04s)
Integration (macos, Go 1.27.x)	Run self tests, using QUIC v2	2026-09-11T01:07:01.5706530Z         --- PASS: TestHandshakeWithPacketLoss/drop_1st_packet_in_direction_to_client/retry:_true/client_speaks_first (0.01s)
Integration (macos, Go 1.27.x)	Run self tests, using QUIC v2	2026-09-11T01:07:01.5707750Z         --- PASS: TestHandshakeWithPacketLoss/drop_1st_packet_in_direction_to_client/retry:_true/server_speaks_first (0.00s)
Integration (macos, Go 1.27.x)	Run self tests, using QUIC v2	2026-09-11T01:07:01.5709980Z         --- PASS: TestHandshakeWithPacketLoss/drop_1st_packet_in_direction_to_client/retry:_true/nobody_speaks (0.00s)
Integration (macos, Go 1.27.x)	Run self tests, using QUIC v2	2026-09-11T01:07:01.5711320Z         --- PASS: TestHandshakeWithPacketLoss/drop_1st_packet_in_direction_to_client/retry:_false/client_speaks_first (0.00s)
Integration (macos, Go 1.27.x)	Run self tests, using QUIC v2	2026-09-11T01:07:01.5714830Z         --- PASS: TestHandshakeWithPacketLoss/drop_1st_packet_in_direction_to_client/retry:_false/server_speaks_first (0.00s)
Integration (macos, Go 1.27.x)	Run self tests, using QUIC v2	2026-09-11T01:07:01.5741740Z         --- PASS: TestHandshakeWithPacketLoss/drop_1st_packet_in_direction_to_client/retry:_false/nobody_speaks (0.00s)
Integration (macos, Go 1.27.x)	Run self tests, using QUIC v2	2026-09-11T01:07:01.5749960Z         --- PASS: TestHandshakeWithPacketLoss/drop_1st_packet_in_direction_to_client/retry:_false/client_speaks_first#01 (0.00s)
Integration (macos, Go 1.27.x)	Run self tests, using QUIC v2	2026-09-11T01:07:01.5753020Z         --- PASS: TestHandshakeWithPacketLoss/drop_1st_packet_in_direction_to_client/retry:_false/server_speaks_first#01 (0.00s)
Integration (macos, Go 1.27.x)	Run self tests, using QUIC v2	2026-09-11T01:07:01.5790560Z         --- PASS: TestHandshakeWithPacketLoss/drop_1st_packet_in_direction_to_client/retry:_false/nobody_speaks#01 (0.00s)
Integration (macos, Go 1.27.x)	Run self tests, using QUIC v2	2026-09-11T01:07:01.5797700Z         --- PASS: TestHandshakeWithPacketLoss/drop_1st_packet_in_direction_to_client/retry:_false/client_speaks_first#02 (0.00s)
Integration (macos, Go 1.27.x)	Run self tests, using QUIC v2	2026-09-11T01:07:01.5801830Z         --- PASS: TestHandshakeWithPacketLoss/drop_1st_packet_in_direction_to_client/retry:_false/server_speaks_first#02 (0.00s)
Integration (macos, Go 1.27.x)	Run self tests, using QUIC v2	2026-09-11T01:07:01.5802980Z         --- PASS: TestHandshakeWithPacketLoss/drop_1st_packet_in_direction_to_client/retry:_false/nobody_speaks#02 (0.00s)
Integration (macos, Go 1.27.x)	Run self tests, using QUIC v2	2026-09-11T01:07:01.5804330Z         --- PASS: TestHandshakeWithPacketLoss/drop_1st_packet_in_direction_to_client/retry:_false/client_speaks_first#03 (0.00s)
Integration (macos, Go 1.27.x)	Run self tests, using QUIC v2	2026-09-11T01:07:01.5805340Z         --- PASS: TestHandshakeWithPacketLoss/drop_1st_packet_in_direction_to_client/retry:_false/server_speaks_first#03 (0.00s)
Integration (macos, Go 1.27.x)	Run self tests, using QUIC v2	2026-09-11T01:07:01.5806440Z         --- PASS: TestHandshakeWithPacketLoss/drop_1st_packet_in_direction_to_client/retry:_false/nobody_speaks#03 (0.00s)
Integration (macos, Go 1.27.x)	Run self tests, using QUIC v2	2026-09-11T01:07:01.5807320Z     --- PASS: TestHandshakeWithPacketLoss/drop_first_3_packets_in_direction_to_client (0.03s)
Integration (macos, Go 1.27.x)	Run self tests, using QUIC v2	2026-09-11T01:07:01.5808340Z         --- PASS: TestHandshakeWithPacketLoss/drop_first_3_packets_in_direction_to_client/retry:_true/client_speaks_first (0.00s)
Integration (macos, Go 1.27.x)	Run self tests, using QUIC v2	2026-09-11T01:07:01.5809450Z         --- PASS: TestHandshakeWithPacketLoss/drop_first_3_packets_in_direction_to_client/retry:_true/server_speaks_first (0.00s)
Integration (macos, Go 1.27.x)	Run self tests, using QUIC v2	2026-09-11T01:07:01.5810620Z         --- PASS: TestHandshakeWithPacketLoss/drop_first_3_packets_in_direction_to_client/retry:_true/nobody_speaks (0.00s)
Integration (macos, Go 1.27.x)	Run self tests, using QUIC v2	2026-09-11T01:07:01.5811750Z         --- PASS: TestHandshakeWithPacketLoss/drop_first_3_packets_in_direction_to_client/retry:_false/client_speaks_first (0.00s)
Integration (macos, Go 1.27.x)	Run self tests, using QUIC v2	2026-09-11T01:07:01.5812910Z         --- PASS: TestHandshakeWithPacketLoss/drop_first_3_packets_in_direction_to_client/retry:_false/server_speaks_first (0.00s)
Integration (macos, Go 1.27.x)	Run self tests, using QUIC v2	2026-09-11T01:07:01.5814390Z         --- PASS: TestHandshakeWithPacketLoss/drop_first_3_packets_in_direction_to_client/retry:_false/nobody_speaks (0.00s)
Integration (macos, Go 1.27.x)	Run self tests, using QUIC v2	2026-09-11T01:07:01.5815640Z         --- PASS: TestHandshakeWithPacketLoss/drop_first_3_packets_in_direction_to_client/retry:_false/client_speaks_first#01 (0.00s)
Integration (macos, Go 1.27.x)	Run self tests, using QUIC v2	2026-09-11T01:07:01.5816890Z         --- PASS: TestHandshakeWithPacketLoss/drop_first_3_packets_in_direction_to_client/retry:_false/server_speaks_first#01 (0.00s)
Integration (macos, Go 1.27.x)	Run self tests, using QUIC v2	2026-09-11T01:07:01.5818680Z         --- PASS: TestHandshakeWithPacketLoss/drop_first_3_packets_in_direction_to_client/retry:_false/nobody_speaks#01 (0.00s)
Integration (macos, Go 1.27.x)	Run self tests, using QUIC v2	2026-09-11T01:07:01.5820390Z         --- PASS: TestHandshakeWithPacketLoss/drop_first_3_packets_in_direction_to_client/retry:_false/client_speaks_first#02 (0.00s)
Integration (macos, Go 1.27.x)	Run self tests, using QUIC v2	2026-09-11T01:07:01.5821570Z         --- PASS: TestHandshakeWithPacketLoss/drop_first_3_packets_in_direction_to_client/retry:_false/server_speaks_first#02 (0.00s)
Integration (macos, Go 1.27.x)	Run self tests, using QUIC v2	2026-09-11T01:07:01.5822600Z         --- PASS: TestHandshakeWithPacketLoss/drop_first_3_packets_in_direction_to_client/retry:_false/nobody_speaks#02 (0.00s)
Integration (macos, Go 1.27.x)	Run self tests, using QUIC v2	2026-09-11T01:07:01.5823770Z         --- PASS: TestHandshakeWithPacketLoss/drop_first_3_packets_in_direction_to_client/retry:_false/client_speaks_first#03 (0.00s)
Integration (macos, Go 1.27.x)	Run self tests, using QUIC v2	2026-09-11T01:07:01.5824970Z         --- PASS: TestHandshakeWithPacketLoss/drop_first_3_packets_in_direction_to_client/retry:_false/server_speaks_first#03 (0.00s)
Integration (macos, Go 1.27.x)	Run self tests, using QUIC v2	2026-09-11T01:07:01.5826070Z         --- PASS: TestHandshakeWithPacketLoss/drop_first_3_packets_in_direction_to_client/retry:_false/nobody_speaks#03 (0.00s)
Integration (macos, Go 1.27.x)	Run self tests, using QUIC v2	2026-09-11T01:07:01.5826870Z     --- PASS: TestHandshakeWithPacketLoss/drop_every_3rd_of_first_30_packets,_phase_1_in_direction_to_client (0.03s)
Integration (macos, Go 1.27.x)	Run self tests, using QUIC v2	2026-09-11T01:07:01.5827990Z         --- PASS: TestHandshakeWithPacketLoss/drop_every_3rd_of_first_30_packets,_phase_1_in_direction_to_client/retry:_true/client_speaks_first (0.00s)
Integration (macos, Go 1.27.x)	Run self tests, using QUIC v2	2026-09-11T01:07:01.5829300Z         --- PASS: TestHandshakeWithPacketLoss/drop_every_3rd_of_first_30_packets,_phase_1_in_direction_to_client/retry:_true/server_speaks_first (0.00s)
Integration (macos, Go 1.27.x)	Run self tests, using QUIC v2	2026-09-11T01:07:01.5830490Z         --- PASS: TestHandshakeWithPacketLoss/drop_every_3rd_of_first_30_packets,_phase_1_in_direction_to_client/retry:_true/nobody_speaks (0.00s)
Integration (macos, Go 1.27.x)	Run self tests, using QUIC v2	2026-09-11T01:07:01.5831770Z         --- PASS: TestHandshakeWithPacketLoss/drop_every_3rd_of_first_30_packets,_phase_1_in_direction_to_client/retry:_false/client_speaks_first (0.00s)
Integration (macos, Go 1.27.x)	Run self tests, using QUIC v2	2026-09-11T01:07:01.5832990Z         --- PASS: TestHandshakeWithPacketLoss/drop_every_3rd_of_first_30_packets,_phase_1_in_direction_to_client/retry:_false/server_speaks_first (0.00s)
Integration (macos, Go 1.27.x)	Run self tests, using QUIC v2	2026-09-11T01:07:01.5834260Z         --- PASS: TestHandshakeWithPacketLoss/drop_every_3rd_of_first_30_packets,_phase_1_in_direction_to_client/retry:_false/nobody_speaks (0.00s)
Integration (macos, Go 1.27.x)	Run self tests, using QUIC v2	2026-09-11T01:07:01.5835550Z         --- PASS: TestHandshakeWithPacketLoss/drop_every_3rd_of_first_30_packets,_phase_1_in_direction_to_client/retry:_false/client_speaks_first#01 (0.00s)
Integration (macos, Go 1.27.x)	Run self tests, using QUIC v2	2026-09-11T01:07:01.5836860Z         --- PASS: TestHandshakeWithPacketLoss/drop_every_3rd_of_first_30_packets,_phase_1_in_direction_to_client/retry:_false/server_speaks_first#01 (0.00s)
Integration (macos, Go 1.27.x)	Run self tests, using QUIC v2	2026-09-11T01:07:01.5838150Z         --- PASS: TestHandshakeWithPacketLoss/drop_every_3rd_of_first_30_packets,_phase_1_in_direction_to_client/retry:_false/nobody_speaks#01 (0.00s)
Integration (macos, Go 1.27.x)	Run self tests, using QUIC v2	2026-09-11T01:07:01.5839450Z         --- PASS: TestHandshakeWithPacketLoss/drop_every_3rd_of_first_30_packets,_phase_1_in_direction_to_client/retry:_false/client_speaks_first#02 (0.00s)
Integration (macos, Go 1.27.x)	Run self tests, using QUIC v2	2026-09-11T01:07:01.5840680Z         --- PASS: TestHandshakeWithPacketLoss/drop_every_3rd_of_first_30_packets,_phase_1_in_direction_to_client/retry:_false/server_speaks_first#02 (0.00s)
Integration (macos, Go 1.27.x)	Run self tests, using QUIC v2	2026-09-11T01:07:01.5841870Z         --- PASS: TestHandshakeWithPacketLoss/drop_every_3rd_of_first_30_packets,_phase_1_in_direction_to_client/retry:_false/nobody_speaks#02 (0.00s)
Integration (macos, Go 1.27.x)	Run self tests, using QUIC v2	2026-09-11T01:07:01.5843150Z         --- PASS: TestHandshakeWithPacketLoss/drop_every_3rd_of_first_30_packets,_phase_1_in_direction_to_client/retry:_false/client_speaks_first#03 (0.00s)
Integration (macos, Go 1.27.x)	Run self tests, using QUIC v2	2026-09-11T01:07:01.5844460Z         --- PASS: TestHandshakeWithPacketLoss/drop_every_3rd_of_first_30_packets,_phase_1_in_direction_to_client/retry:_false/server_speaks_first#03 (0.00s)
Integration (macos, Go 1.27.x)	Run self tests, using QUIC v2	2026-09-11T01:07:01.5845810Z         --- PASS: TestHandshakeWithPacketLoss/drop_every_3rd_of_first_30_packets,_phase_1_in_direction_to_client/retry:_false/nobody_speaks#03 (0.00s)
Integration (macos, Go 1.27.x)	Run self tests, using QUIC v2	2026-09-11T01:07:01.5846780Z     --- PASS: TestHandshakeWithPacketLoss/drop_every_3rd_of_first_30_packets,_phase_2_in_direction_to_client (0.03s)
Integration (macos, Go 1.27.x)	Run self tests, using QUIC v2	2026-09-11T01:07:01.5848250Z         --- PASS: TestHandshakeWithPacketLoss/drop_every_3rd_of_first_30_packets,_phase_2_in_direction_to_client/retry:_true/client_speaks_first (0.00s)
Integration (macos, Go 1.27.x)	Run self tests, using QUIC v2	2026-09-11T01:07:01.5849460Z         --- PASS: TestHandshakeWithPacketLoss/drop_every_3rd_of_first_30_packets,_phase_2_in_direction_to_client/retry:_true/server_speaks_first (0.00s)
Integration (macos, Go 1.27.x)	Run self tests, using QUIC v2	2026-09-11T01:07:01.5850740Z         --- PASS: TestHandshakeWithPacketLoss/drop_every_3rd_of_first_30_packets,_phase_2_in_direction_to_client/retry:_true/nobody_speaks (0.00s)
Integration (macos, Go 1.27.x)	Run self tests, using QUIC v2	2026-09-11T01:07:01.5851970Z         --- PASS: TestHandshakeWithPacketLoss/drop_every_3rd_of_first_30_packets,_phase_2_in_direction_to_client/retry:_false/client_speaks_first (0.00s)
Integration (macos, Go 1.27.x)	Run self tests, using QUIC v2	2026-09-11T01:07:01.5853270Z         --- PASS: TestHandshakeWithPacketLoss/drop_every_3rd_of_first_30_packets,_phase_2_in_direction_to_client/retry:_false/server_speaks_first (0.00s)
Integration (macos, Go 1.27.x)	Run self tests, using QUIC v2	2026-09-11T01:07:01.5854450Z         --- PASS: TestHandshakeWithPacketLoss/drop_every_3rd_of_first_30_packets,_phase_2_in_direction_to_client/retry:_false/nobody_speaks (0.00s)
Integration (macos, Go 1.27.x)	Run self tests, using QUIC v2	2026-09-11T01:07:01.5855670Z         --- PASS: TestHandshakeWithPacketLoss/drop_every_3rd_of_first_30_packets,_phase_2_in_direction_to_client/retry:_false/client_speaks_first#01 (0.00s)
Integration (macos, Go 1.27.x)	Run self tests, using QUIC v2	2026-09-11T01:07:01.5856910Z         --- PASS: TestHandshakeWithPacketLoss/drop_every_3rd_of_first_30_packets,_phase_2_in_direction_to_client/retry:_false/server_speaks_first#01 (0.00s)
Integration (macos, Go 1.27.x)	Run self tests, using QUIC v2	2026-09-11T01:07:01.5858320Z         --- PASS: TestHandshakeWithPacketLoss/drop_every_3rd_of_first_30_packets,_phase_2_in_direction_to_client/retry:_false/nobody_speaks#01 (0.00s)
Integration (macos, Go 1.27.x)	Run self tests, using QUIC v2	2026-09-11T01:07:01.5859560Z         --- PASS: TestHandshakeWithPacketLoss/drop_every_3rd_of_first_30_packets,_phase_2_in_direction_to_client/retry:_false/client_speaks_first#02 (0.00s)
Integration (macos, Go 1.27.x)	Run self tests, using QUIC v2	2026-09-11T01:07:01.5860790Z         --- PASS: TestHandshakeWithPacketLoss/drop_every_3rd_of_first_30_packets,_phase_2_in_direction_to_client/retry:_false/server_speaks_first#02 (0.00s)
Integration (macos, Go 1.27.x)	Run self tests, using QUIC v2	2026-09-11T01:07:01.5862070Z         --- PASS: TestHandshakeWithPacketLoss/drop_every_3rd_of_first_30_packets,_phase_2_in_direction_to_client/retry:_false/nobody_speaks#02 (0.00s)
Integration (macos, Go 1.27.x)	Run self tests, using QUIC v2	2026-09-11T01:07:01.5863310Z         --- PASS: TestHandshakeWithPacketLoss/drop_every_3rd_of_first_30_packets,_phase_2_in_direction_to_client/retry:_false/client_speaks_first#03 (0.00s)
Integration (macos, Go 1.27.x)	Run self tests, using QUIC v2	2026-09-11T01:07:01.5864730Z         --- PASS: TestHandshakeWithPacketLoss/drop_every_3rd_of_first_30_packets,_phase_2_in_direction_to_client/retry:_false/server_speaks_first#03 (0.00s)
Integration (macos, Go 1.27.x)	Run self tests, using QUIC v2	2026-09-11T01:07:01.5865910Z         --- PASS: TestHandshakeWithPacketLoss/drop_every_3rd_of_first_30_packets,_phase_2_in_direction_to_client/retry:_false/nobody_speaks#03 (0.00s)
Integration (macos, Go 1.27.x)	Run self tests, using QUIC v2	2026-09-11T01:07:01.5866780Z     --- PASS: TestHandshakeWithPacketLoss/drop_every_3rd_of_first_30_packets,_phase_3_in_direction_to_client (0.05s)
Integration (macos, Go 1.27.x)	Run self tests, using QUIC v2	2026-09-11T01:07:01.5867900Z         --- PASS: TestHandshakeWithPacketLoss/drop_every_3rd_of_first_30_packets,_phase_3_in_direction_to_client/retry:_true/client_speaks_first (0.00s)
Integration (macos, Go 1.27.x)	Run self tests, using QUIC v2	2026-09-11T01:07:01.5869120Z         --- PASS: TestHandshakeWithPacketLoss/drop_every_3rd_of_first_30_packets,_phase_3_in_direction_to_client/retry:_true/server_speaks_first (0.00s)
Integration (macos, Go 1.27.x)	Run self tests, using QUIC v2	2026-09-11T01:07:01.5870370Z         --- PASS: TestHandshakeWithPacketLoss/drop_every_3rd_of_first_30_packets,_phase_3_in_direction_to_client/retry:_true/nobody_speaks (0.00s)
Integration (macos, Go 1.27.x)	Run self tests, using QUIC v2	2026-09-11T01:07:01.5871940Z         --- PASS: TestHandshakeWithPacketLoss/drop_every_3rd_of_first_30_packets,_phase_3_in_direction_to_client/retry:_false/client_speaks_first (0.00s)
Integration (macos, Go 1.27.x)	Run self tests, using QUIC v2	2026-09-11T01:07:01.5873320Z         --- PASS: TestHandshakeWithPacketLoss/drop_every_3rd_of_first_30_packets,_phase_3_in_direction_to_client/retry:_false/server_speaks_first (0.00s)
Integration (macos, Go 1.27.x)	Run self tests, using QUIC v2	2026-09-11T01:07:01.5964600Z         --- PASS: TestHandshakeWithPacketLoss/drop_every_3rd_of_first_30_packets,_phase_3_in_direction_to_client/retry:_false/nobody_speaks (0.00s)
Integration (macos, Go 1.27.x)	Run self tests, using QUIC v2	2026-09-11T01:07:01.5966480Z         --- PASS: TestHandshakeWithPacketLoss/drop_every_3rd_of_first_30_packets,_phase_3_in_direction_to_client/retry:_false/client_speaks_first#01 (0.00s)
Integration (macos, Go 1.27.x)	Run self tests, using QUIC v2	2026-09-11T01:07:01.5968060Z         --- PASS: TestHandshakeWithPacketLoss/drop_every_3rd_of_first_30_packets,_phase_3_in_direction_to_client/retry:_false/server_speaks_first#01 (0.01s)
Integration (macos, Go 1.27.x)	Run self tests, using QUIC v2	2026-09-11T01:07:01.5969360Z         --- PASS: TestHandshakeWithPacketLoss/drop_every_3rd_of_first_30_packets,_phase_3_in_direction_to_client/retry:_false/nobody_speaks#01 (0.01s)
Integration (macos, Go 1.27.x)	Run self tests, using QUIC v2	2026-09-11T01:07:01.5970760Z         --- PASS: TestHandshakeWithPacketLoss/drop_every_3rd_of_first_30_packets,_phase_3_in_direction_to_client/retry:_false/client_speaks_first#02 (0.00s)
Integration (macos, Go 1.27.x)	Run self tests, using QUIC v2	2026-09-11T01:07:01.5972090Z         --- PASS: TestHandshakeWithPacketLoss/drop_every_3rd_of_first_30_packets,_phase_3_in_direction_to_client/retry:_false/server_speaks_first#02 (0.00s)
Integration (macos, Go 1.27.x)	Run self tests, using QUIC v2	2026-09-11T01:07:01.5973300Z         --- PASS: TestHandshakeWithPacketLoss/drop_every_3rd_of_first_30_packets,_phase_3_in_direction_to_client/retry:_false/nobody_speaks#02 (0.00s)
Integration (macos, Go 1.27.x)	Run self tests, using QUIC v2	2026-09-11T01:07:01.5974560Z         --- PASS: TestHandshakeWithPacketLoss/drop_every_3rd_of_first_30_packets,_phase_3_in_direction_to_client/retry:_false/client_speaks_first#03 (0.00s)
Integration (macos, Go 1.27.x)	Run self tests, using QUIC v2	2026-09-11T01:07:01.5975860Z         --- PASS: TestHandshakeWithPacketLoss/drop_every_3rd_of_first_30_packets,_phase_3_in_direction_to_client/retry:_false/server_speaks_first#03 (0.00s)
Integration (macos, Go 1.27.x)	Run self tests, using QUIC v2	2026-09-11T01:07:01.5977260Z         --- PASS: TestHandshakeWithPacketLoss/drop_every_3rd_of_first_30_packets,_phase_3_in_direction_to_client/retry:_false/nobody_speaks#03 (0.00s)
Integration (macos, Go 1.27.x)	Run self tests, using QUIC v2	2026-09-11T01:07:01.5978170Z     --- SKIP: TestHandshakeWithPacketLoss/drop_1/3_of_packets_in_direction_to_client (0.00s)
Integration (macos, Go 1.27.x)	Run self tests, using QUIC v2	2026-09-11T01:07:01.5978910Z     --- PASS: TestHandshakeWithPacketLoss/drop_1st_packet_in_direction_to_server (0.05s)
Integration (macos, Go 1.27.x)	Run self tests, using QUIC v2	2026-09-11T01:07:01.5979900Z         --- PASS: TestHandshakeWithPacketLoss/drop_1st_packet_in_direction_to_server/retry:_true/client_speaks_first (0.00s)
Integration (macos, Go 1.27.x)	Run self tests, using QUIC v2	2026-09-11T01:07:01.5980870Z         --- PASS: TestHandshakeWithPacketLoss/drop_1st_packet_in_direction_to_server/retry:_true/server_speaks_first (0.00s)
Integration (macos, Go 1.27.x)	Run self tests, using QUIC v2	2026-09-11T01:07:01.5981950Z         --- PASS: TestHandshakeWithPacketLoss/drop_1st_packet_in_direction_to_server/retry:_true/nobody_speaks (0.00s)
Integration (macos, Go 1.27.x)	Run self tests, using QUIC v2	2026-09-11T01:07:01.5982970Z         --- PASS: TestHandshakeWithPacketLoss/drop_1st_packet_in_direction_to_server/retry:_false/client_speaks_first (0.00s)
Integration (macos, Go 1.27.x)	Run self tests, using QUIC v2	2026-09-11T01:07:01.5984080Z         --- PASS: TestHandshakeWithPacketLoss/drop_1st_packet_in_direction_to_server/retry:_false/server_speaks_first (0.00s)
Integration (macos, Go 1.27.x)	Run self tests, using QUIC v2	2026-09-11T01:07:01.5985070Z         --- PASS: TestHandshakeWithPacketLoss/drop_1st_packet_in_direction_to_server/retry:_false/nobody_speaks (0.00s)
Integration (macos, Go 1.27.x)	Run self tests, using QUIC v2	2026-09-11T01:07:01.5986080Z         --- PASS: TestHandshakeWithPacketLoss/drop_1st_packet_in_direction_to_server/retry:_false/client_speaks_first#01 (0.00s)
Integration (macos, Go 1.27.x)	Run self tests, using QUIC v2	2026-09-11T01:07:01.5987140Z         --- PASS: TestHandshakeWithPacketLoss/drop_1st_packet_in_direction_to_server/retry:_false/server_speaks_first#01 (0.01s)
Integration (macos, Go 1.27.x)	Run self tests, using QUIC v2	2026-09-11T01:07:01.5992730Z         --- PASS: TestHandshakeWithPacketLoss/drop_1st_packet_in_direction_to_server/retry:_false/nobody_speaks#01 (0.00s)
Integration (macos, Go 1.27.x)	Run self tests, using QUIC v2	2026-09-11T01:07:01.5993810Z         --- PASS: TestHandshakeWithPacketLoss/drop_1st_packet_in_direction_to_server/retry:_false/client_speaks_first#02 (0.00s)
Integration (macos, Go 1.27.x)	Run self tests, using QUIC v2	2026-09-11T01:07:01.5995050Z         --- PASS: TestHandshakeWithPacketLoss/drop_1st_packet_in_direction_to_server/retry:_false/server_speaks_first#02 (0.00s)
Integration (macos, Go 1.27.x)	Run self tests, using QUIC v2	2026-09-11T01:07:01.5996250Z         --- PASS: TestHandshakeWithPacketLoss/drop_1st_packet_in_direction_to_server/retry:_false/nobody_speaks#02 (0.00s)
Integration (macos, Go 1.27.x)	Run self tests, using QUIC v2	2026-09-11T01:07:01.5997280Z         --- PASS: TestHandshakeWithPacketLoss/drop_1st_packet_in_direction_to_server/retry:_false/client_speaks_first#03 (0.00s)
Integration (macos, Go 1.27.x)	Run self tests, using QUIC v2	2026-09-11T01:07:01.5998400Z         --- PASS: TestHandshakeWithPacketLoss/drop_1st_packet_in_direction_to_server/retry:_false/server_speaks_first#03 (0.00s)
Integration (macos, Go 1.27.x)	Run self tests, using QUIC v2	2026-09-11T01:07:01.5999620Z         --- PASS: TestHandshakeWithPacketLoss/drop_1st_packet_in_direction_to_server/retry:_false/nobody_speaks#03 (0.00s)
Integration (macos, Go 1.27.x)	Run self tests, using QUIC v2	2026-09-11T01:07:01.6000780Z     --- PASS: TestHandshakeWithPacketLoss/drop_first_3_packets_in_direction_to_server (0.09s)
Integration (macos, Go 1.27.x)	Run self tests, using QUIC v2	2026-09-11T01:07:01.6001800Z         --- PASS: TestHandshakeWithPacketLoss/drop_first_3_packets_in_direction_to_server/retry:_true/client_speaks_first (0.00s)
Integration (macos, Go 1.27.x)	Run self tests, using QUIC v2	2026-09-11T01:07:01.6002990Z         --- PASS: TestHandshakeWithPacketLoss/drop_first_3_packets_in_direction_to_server/retry:_true/server_speaks_first (0.01s)
Integration (macos, Go 1.27.x)	Run self tests, using QUIC v2	2026-09-11T01:07:01.6004160Z         --- PASS: TestHandshakeWithPacketLoss/drop_first_3_packets_in_direction_to_server/retry:_true/nobody_speaks (0.01s)
Integration (macos, Go 1.27.x)	Run self tests, using QUIC v2	2026-09-11T01:07:01.6005310Z         --- PASS: TestHandshakeWithPacketLoss/drop_first_3_packets_in_direction_to_server/retry:_false/client_speaks_first (0.01s)
Integration (macos, Go 1.27.x)	Run self tests, using QUIC v2	2026-09-11T01:07:01.6006500Z         --- PASS: TestHandshakeWithPacketLoss/drop_first_3_packets_in_direction_to_server/retry:_false/server_speaks_first (0.01s)
Integration (macos, Go 1.27.x)	Run self tests, using QUIC v2	2026-09-11T01:07:01.6007680Z         --- PASS: TestHandshakeWithPacketLoss/drop_first_3_packets_in_direction_to_server/retry:_false/nobody_speaks (0.00s)
Integration (macos, Go 1.27.x)	Run self tests, using QUIC v2	2026-09-11T01:07:01.6008920Z         --- PASS: TestHandshakeWithPacketLoss/drop_first_3_packets_in_direction_to_server/retry:_false/client_speaks_first#01 (0.01s)
Integration (macos, Go 1.27.x)	Run self tests, using QUIC v2	2026-09-11T01:07:01.6010180Z         --- PASS: TestHandshakeWithPacketLoss/drop_first_3_packets_in_direction_to_server/retry:_false/server_speaks_first#01 (0.01s)
Integration (macos, Go 1.27.x)	Run self tests, using QUIC v2	2026-09-11T01:07:01.6011460Z         --- PASS: TestHandshakeWithPacketLoss/drop_first_3_packets_in_direction_to_server/retry:_false/nobody_speaks#01 (0.01s)
Integration (macos, Go 1.27.x)	Run self tests, using QUIC v2	2026-09-11T01:07:01.6012710Z         --- PASS: TestHandshakeWithPacketLoss/drop_first_3_packets_in_direction_to_server/retry:_false/client_speaks_first#02 (0.00s)
Integration (macos, Go 1.27.x)	Run self tests, using QUIC v2	2026-09-11T01:07:01.6013990Z         --- PASS: TestHandshakeWithPacketLoss/drop_first_3_packets_in_direction_to_server/retry:_false/server_speaks_first#02 (0.00s)
Integration (macos, Go 1.27.x)	Run self tests, using QUIC v2	2026-09-11T01:07:01.6015140Z         --- PASS: TestHandshakeWithPacketLoss/drop_first_3_packets_in_direction_to_server/retry:_false/nobody_speaks#02 (0.01s)
Integration (macos, Go 1.27.x)	Run self tests, using QUIC v2	2026-09-11T01:07:01.6016270Z         --- PASS: TestHandshakeWithPacketLoss/drop_first_3_packets_in_direction_to_server/retry:_false/client_speaks_first#03 (0.00s)
Integration (macos, Go 1.27.x)	Run self tests, using QUIC v2	2026-09-11T01:07:01.6017530Z         --- PASS: TestHandshakeWithPacketLoss/drop_first_3_packets_in_direction_to_server/retry:_false/server_speaks_first#03 (0.01s)
Integration (macos, Go 1.27.x)	Run self tests, using QUIC v2	2026-09-11T01:07:01.6018800Z         --- PASS: TestHandshakeWithPacketLoss/drop_first_3_packets_in_direction_to_server/retry:_false/nobody_speaks#03 (0.00s)
Integration (macos, Go 1.27.x)	Run self tests, using QUIC v2	2026-09-11T01:07:01.6019850Z     --- PASS: TestHandshakeWithPacketLoss/drop_every_3rd_of_first_30_packets,_phase_1_in_direction_to_server (0.06s)
Integration (macos, Go 1.27.x)	Run self tests, using QUIC v2	2026-09-11T01:07:01.6020990Z         --- PASS: TestHandshakeWithPacketLoss/drop_every_3rd_of_first_30_packets,_phase_1_in_direction_to_server/retry:_true/client_speaks_first (0.01s)
Integration (macos, Go 1.27.x)	Run self tests, using QUIC v2	2026-09-11T01:07:01.6022400Z         --- PASS: TestHandshakeWithPacketLoss/drop_every_3rd_of_first_30_packets,_phase_1_in_direction_to_server/retry:_true/server_speaks_first (0.00s)
Integration (macos, Go 1.27.x)	Run self tests, using QUIC v2	2026-09-11T01:07:01.6023760Z         --- PASS: TestHandshakeWithPacketLoss/drop_every_3rd_of_first_30_packets,_phase_1_in_direction_to_server/retry:_true/nobody_speaks (0.01s)
Integration (macos, Go 1.27.x)	Run self tests, using QUIC v2	2026-09-11T01:07:01.6025020Z         --- PASS: TestHandshakeWithPacketLoss/drop_every_3rd_of_first_30_packets,_phase_1_in_direction_to_server/retry:_false/client_speaks_first (0.01s)
Integration (macos, Go 1.27.x)	Run self tests, using QUIC v2	2026-09-11T01:07:01.6026310Z         --- PASS: TestHandshakeWithPacketLoss/drop_every_3rd_of_first_30_packets,_phase_1_in_direction_to_server/retry:_false/server_speaks_first (0.00s)
Integration (macos, Go 1.27.x)	Run self tests, using QUIC v2	2026-09-11T01:07:01.6027600Z         --- PASS: TestHandshakeWithPacketLoss/drop_every_3rd_of_first_30_packets,_phase_1_in_direction_to_server/retry:_false/nobody_speaks (0.01s)
Integration (macos, Go 1.27.x)	Run self tests, using QUIC v2	2026-09-11T01:07:01.6028790Z         --- PASS: TestHandshakeWithPacketLoss/drop_every_3rd_of_first_30_packets,_phase_1_in_direction_to_server/retry:_false/client_speaks_first#01 (0.01s)
Integration (macos, Go 1.27.x)	Run self tests, using QUIC v2	2026-09-11T01:07:01.6030000Z         --- PASS: TestHandshakeWithPacketLoss/drop_every_3rd_of_first_30_packets,_phase_1_in_direction_to_server/retry:_false/server_speaks_first#01 (0.00s)
Integration (macos, Go 1.27.x)	Run self tests, using QUIC v2	2026-09-11T01:07:01.6036380Z         --- PASS: TestHandshakeWithPacketLoss/drop_every_3rd_of_first_30_packets,_phase_1_in_direction_to_server/retry:_false/nobody_speaks#01 (0.00s)
Integration (macos, Go 1.27.x)	Run self tests, using QUIC v2	2026-09-11T01:07:01.6043120Z         --- PASS: TestHandshakeWithPacketLoss/drop_every_3rd_of_first_30_packets,_phase_1_in_direction_to_server/retry:_false/client_speaks_first#02 (0.00s)
Integration (macos, Go 1.27.x)	Run self tests, using QUIC v2	2026-09-11T01:07:01.6045630Z         --- PASS: TestHandshakeWithPacketLoss/drop_every_3rd_of_first_30_packets,_phase_1_in_direction_to_server/retry:_false/server_speaks_first#02 (0.00s)
Integration (macos, Go 1.27.x)	Run self tests, using QUIC v2	2026-09-11T01:07:01.6047270Z         --- PASS: TestHandshakeWithPacketLoss/drop_every_3rd_of_first_30_packets,_phase_1_in_direction_to_server/retry:_false/nobody_speaks#02 (0.00s)
Integration (macos, Go 1.27.x)	Run self tests, using QUIC v2	2026-09-11T01:07:01.6049060Z         --- PASS: TestHandshakeWithPacketLoss/drop_every_3rd_of_first_30_packets,_phase_1_in_direction_to_server/retry:_false/client_speaks_first#03 (0.00s)
Integration (macos, Go 1.27.x)	Run self tests, using QUIC v2	2026-09-11T01:07:01.6050480Z         --- PASS: TestHandshakeWithPacketLoss/drop_every_3rd_of_first_30_packets,_phase_1_in_direction_to_server/retry:_false/server_speaks_first#03 (0.00s)
Integration (macos, Go 1.27.x)	Run self tests, using QUIC v2	2026-09-11T01:07:01.6051810Z         --- PASS: TestHandshakeWithPacketLoss/drop_every_3rd_of_first_30_packets,_phase_1_in_direction_to_server/retry:_false/nobody_speaks#03 (0.00s)
Integration (macos, Go 1.27.x)	Run self tests, using QUIC v2	2026-09-11T01:07:01.6052810Z     --- PASS: TestHandshakeWithPacketLoss/drop_every_3rd_of_first_30_packets,_phase_2_in_direction_to_server (0.04s)
Integration (macos, Go 1.27.x)	Run self tests, using QUIC v2	2026-09-11T01:07:01.6054050Z         --- PASS: TestHandshakeWithPacketLoss/drop_every_3rd_of_first_30_packets,_phase_2_in_direction_to_server/retry:_true/client_speaks_first (0.00s)
Integration (macos, Go 1.27.x)	Run self tests, using QUIC v2	2026-09-11T01:07:01.6055490Z         --- PASS: TestHandshakeWithPacketLoss/drop_every_3rd_of_first_30_packets,_phase_2_in_direction_to_server/retry:_true/server_speaks_first (0.00s)
Integration (macos, Go 1.27.x)	Run self tests, using QUIC v2	2026-09-11T01:07:01.6056830Z         --- PASS: TestHandshakeWithPacketLoss/drop_every_3rd_of_first_30_packets,_phase_2_in_direction_to_server/retry:_true/nobody_speaks (0.00s)
Integration (macos, Go 1.27.x)	Run self tests, using QUIC v2	2026-09-11T01:07:01.6058250Z         --- PASS: TestHandshakeWithPacketLoss/drop_every_3rd_of_first_30_packets,_phase_2_in_direction_to_server/retry:_false/client_speaks_first (0.00s)
Integration (macos, Go 1.27.x)	Run self tests, using QUIC v2	2026-09-11T01:07:01.6059650Z         --- PASS: TestHandshakeWithPacketLoss/drop_every_3rd_of_first_30_packets,_phase_2_in_direction_to_server/retry:_false/server_speaks_first (0.00s)
Integration (macos, Go 1.27.x)	Run self tests, using QUIC v2	2026-09-11T01:07:01.6061070Z         --- PASS: TestHandshakeWithPacketLoss/drop_every_3rd_of_first_30_packets,_phase_2_in_direction_to_server/retry:_false/nobody_speaks (0.00s)
Integration (macos, Go 1.27.x)	Run self tests, using QUIC v2	2026-09-11T01:07:01.6062440Z         --- PASS: TestHandshakeWithPacketLoss/drop_every_3rd_of_first_30_packets,_phase_2_in_direction_to_server/retry:_false/client_speaks_first#01 (0.00s)
Integration (macos, Go 1.27.x)	Run self tests, using QUIC v2	2026-09-11T01:07:01.6063750Z         --- PASS: TestHandshakeWithPacketLoss/drop_every_3rd_of_first_30_packets,_phase_2_in_direction_to_server/retry:_false/server_speaks_first#01 (0.00s)
Integration (macos, Go 1.27.x)	Run self tests, using QUIC v2	2026-09-11T01:07:01.6065000Z         --- PASS: TestHandshakeWithPacketLoss/drop_every_3rd_of_first_30_packets,_phase_2_in_direction_to_server/retry:_false/nobody_speaks#01 (0.00s)
Integration (macos, Go 1.27.x)	Run self tests, using QUIC v2	2026-09-11T01:07:01.6066330Z         --- PASS: TestHandshakeWithPacketLoss/drop_every_3rd_of_first_30_packets,_phase_2_in_direction_to_server/retry:_false/client_speaks_first#02 (0.00s)
Integration (macos, Go 1.27.x)	Run self tests, using QUIC v2	2026-09-11T01:07:01.6067770Z         --- PASS: TestHandshakeWithPacketLoss/drop_every_3rd_of_first_30_packets,_phase_2_in_direction_to_server/retry:_false/server_speaks_first#02 (0.00s)
Integration (macos, Go 1.27.x)	Run self tests, using QUIC v2	2026-09-11T01:07:01.6069020Z         --- PASS: TestHandshakeWithPacketLoss/drop_every_3rd_of_first_30_packets,_phase_2_in_direction_to_server/retry:_false/nobody_speaks#02 (0.00s)
Integration (macos, Go 1.27.x)	Run self tests, using QUIC v2	2026-09-11T01:07:01.6070300Z         --- PASS: TestHandshakeWithPacketLoss/drop_every_3rd_of_first_30_packets,_phase_2_in_direction_to_server/retry:_false/client_speaks_first#03 (0.00s)
Integration (macos, Go 1.27.x)	Run self tests, using QUIC v2	2026-09-11T01:07:01.6071610Z         --- PASS: TestHandshakeWithPacketLoss/drop_every_3rd_of_first_30_packets,_phase_2_in_direction_to_server/retry:_false/server_speaks_first#03 (0.00s)
Integration (macos, Go 1.27.x)	Run self tests, using QUIC v2	2026-09-11T01:07:01.6073130Z         --- PASS: TestHandshakeWithPacketLoss/drop_every_3rd_of_first_30_packets,_phase_2_in_direction_to_server/retry:_false/nobody_speaks#03 (0.00s)
Integration (macos, Go 1.27.x)	Run self tests, using QUIC v2	2026-09-11T01:07:01.6074130Z     --- PASS: TestHandshakeWithPacketLoss/drop_every_3rd_of_first_30_packets,_phase_3_in_direction_to_server (0.04s)
Integration (macos, Go 1.27.x)	Run self tests, using QUIC v2	2026-09-11T01:07:01.6075330Z         --- PASS: TestHandshakeWithPacketLoss/drop_every_3rd_of_first_30_packets,_phase_3_in_direction_to_server/retry:_true/client_speaks_first (0.00s)
Integration (macos, Go 1.27.x)	Run self tests, using QUIC v2	2026-09-11T01:07:01.6076510Z         --- PASS: TestHandshakeWithPacketLoss/drop_every_3rd_of_first_30_packets,_phase_3_in_direction_to_server/retry:_true/server_speaks_first (0.00s)
Integration (macos, Go 1.27.x)	Run self tests, using QUIC v2	2026-09-11T01:07:01.6077690Z         --- PASS: TestHandshakeWithPacketLoss/drop_every_3rd_of_first_30_packets,_phase_3_in_direction_to_server/retry:_true/nobody_speaks (0.00s)
Integration (macos, Go 1.27.x)	Run self tests, using QUIC v2	2026-09-11T01:07:01.6081050Z         --- PASS: TestHandshakeWithPacketLoss/drop_every_3rd_of_first_30_packets,_phase_3_in_direction_to_server/retry:_false/client_speaks_first (0.00s)
Integration (macos, Go 1.27.x)	Run self tests, using QUIC v2	2026-09-11T01:07:01.6082610Z         --- PASS: TestHandshakeWithPacketLoss/drop_every_3rd_of_first_30_packets,_phase_3_in_direction_to_server/retry:_false/server_speaks_first (0.00s)
Integration (macos, Go 1.27.x)	Run self tests, using QUIC v2	2026-09-11T01:07:01.6084010Z         --- PASS: TestHandshakeWithPacketLoss/drop_every_3rd_of_first_30_packets,_phase_3_in_direction_to_server/retry:_false/nobody_speaks (0.00s)
Integration (macos, Go 1.27.x)	Run self tests, using QUIC v2	2026-09-11T01:07:01.6085430Z         --- PASS: TestHandshakeWithPacketLoss/drop_every_3rd_of_first_30_packets,_phase_3_in_direction_to_server/retry:_false/client_speaks_first#01 (0.00s)
Integration (macos, Go 1.27.x)	Run self tests, using QUIC v2	2026-09-11T01:07:01.6086880Z         --- PASS: TestHandshakeWithPacketLoss/drop_every_3rd_of_first_30_packets,_phase_3_in_direction_to_server/retry:_false/server_speaks_first#01 (0.01s)
Integration (macos, Go 1.27.x)	Run self tests, using QUIC v2	2026-09-11T01:07:01.6088330Z         --- PASS: TestHandshakeWithPacketLoss/drop_every_3rd_of_first_30_packets,_phase_3_in_direction_to_server/retry:_false/nobody_speaks#01 (0.01s)
Integration (macos, Go 1.27.x)	Run self tests, using QUIC v2	2026-09-11T01:07:01.6089730Z         --- PASS: TestHandshakeWithPacketLoss/drop_every_3rd_of_first_30_packets,_phase_3_in_direction_to_server/retry:_false/client_speaks_first#02 (0.00s)
Integration (macos, Go 1.27.x)	Run self tests, using QUIC v2	2026-09-11T01:07:01.6091120Z         --- PASS: TestHandshakeWithPacketLoss/drop_every_3rd_of_first_30_packets,_phase_3_in_direction_to_server/retry:_false/server_speaks_first#02 (0.00s)
Integration (macos, Go 1.27.x)	Run self tests, using QUIC v2	2026-09-11T01:07:01.6092450Z         --- PASS: TestHandshakeWithPacketLoss/drop_every_3rd_of_first_30_packets,_phase_3_in_direction_to_server/retry:_false/nobody_speaks#02 (0.00s)
Integration (macos, Go 1.27.x)	Run self tests, using QUIC v2	2026-09-11T01:07:01.6093760Z         --- PASS: TestHandshakeWithPacketLoss/drop_every_3rd_of_first_30_packets,_phase_3_in_direction_to_server/retry:_false/client_speaks_first#03 (0.00s)
Integration (macos, Go 1.27.x)	Run self tests, using QUIC v2	2026-09-11T01:07:01.6095230Z         --- PASS: TestHandshakeWithPacketLoss/drop_every_3rd_of_first_30_packets,_phase_3_in_direction_to_server/retry:_false/server_speaks_first#03 (0.00s)
Integration (macos, Go 1.27.x)	Run self tests, using QUIC v2	2026-09-11T01:07:01.6096430Z         --- PASS: TestHandshakeWithPacketLoss/drop_every_3rd_of_first_30_packets,_phase_3_in_direction_to_server/retry:_false/nobody_speaks#03 (0.00s)
Integration (macos, Go 1.27.x)	Run self tests, using QUIC v2	2026-09-11T01:07:01.6097310Z     --- SKIP: TestHandshakeWithPacketLoss/drop_1/3_of_packets_in_direction_to_server (0.00s)
Integration (macos, Go 1.27.x)	Run self tests, using QUIC v2	2026-09-11T01:07:01.6097940Z     --- PASS: TestHandshakeWithPacketLoss/drop_1st_packet_in_direction_both (0.04s)
Integration (macos, Go 1.27.x)	Run self tests, using QUIC v2	2026-09-11T01:07:01.6098900Z         --- PASS: TestHandshakeWithPacketLoss/drop_1st_packet_in_direction_both/retry:_true/client_speaks_first (0.00s)
Integration (macos, Go 1.27.x)	Run self tests, using QUIC v2	2026-09-11T01:07:01.6099830Z         --- PASS: TestHandshakeWithPacketLoss/drop_1st_packet_in_direction_both/retry:_true/server_speaks_first (0.00s)
Integration (macos, Go 1.27.x)	Run self tests, using QUIC v2	2026-09-11T01:07:01.6100740Z         --- PASS: TestHandshakeWithPacketLoss/drop_1st_packet_in_direction_both/retry:_true/nobody_speaks (0.00s)
Integration (macos, Go 1.27.x)	Run self tests, using QUIC v2	2026-09-11T01:07:01.6101680Z         --- PASS: TestHandshakeWithPacketLoss/drop_1st_packet_in_direction_both/retry:_false/client_speaks_first (0.00s)
Integration (macos, Go 1.27.x)	Run self tests, using QUIC v2	2026-09-11T01:07:01.6102610Z         --- PASS: TestHandshakeWithPacketLoss/drop_1st_packet_in_direction_both/retry:_false/server_speaks_first (0.00s)
Integration (macos, Go 1.27.x)	Run self tests, using QUIC v2	2026-09-11T01:07:01.6103500Z         --- PASS: TestHandshakeWithPacketLoss/drop_1st_packet_in_direction_both/retry:_false/nobody_speaks (0.00s)
Integration (macos, Go 1.27.x)	Run self tests, using QUIC v2	2026-09-11T01:07:01.6105100Z         --- PASS: TestHandshakeWithPacketLoss/drop_1st_packet_in_direction_both/retry:_false/client_speaks_first#01 (0.00s)
Integration (macos, Go 1.27.x)	Run self tests, using QUIC v2	2026-09-11T01:07:01.6106240Z         --- PASS: TestHandshakeWithPacketLoss/drop_1st_packet_in_direction_both/retry:_false/server_speaks_first#01 (0.00s)
Integration (macos, Go 1.27.x)	Run self tests, using QUIC v2	2026-09-11T01:07:01.6107180Z         --- PASS: TestHandshakeWithPacketLoss/drop_1st_packet_in_direction_both/retry:_false/nobody_speaks#01 (0.00s)
Integration (macos, Go 1.27.x)	Run self tests, using QUIC v2	2026-09-11T01:07:01.6108130Z         --- PASS: TestHandshakeWithPacketLoss/drop_1st_packet_in_direction_both/retry:_false/client_speaks_first#02 (0.00s)
Integration (macos, Go 1.27.x)	Run self tests, using QUIC v2	2026-09-11T01:07:01.6109090Z         --- PASS: TestHandshakeWithPacketLoss/drop_1st_packet_in_direction_both/retry:_false/server_speaks_first#02 (0.00s)
Integration (macos, Go 1.27.x)	Run self tests, using QUIC v2	2026-09-11T01:07:01.6110020Z         --- PASS: TestHandshakeWithPacketLoss/drop_1st_packet_in_direction_both/retry:_false/nobody_speaks#02 (0.00s)
Integration (macos, Go 1.27.x)	Run self tests, using QUIC v2	2026-09-11T01:07:01.6111010Z         --- PASS: TestHandshakeWithPacketLoss/drop_1st_packet_in_direction_both/retry:_false/client_speaks_first#03 (0.00s)
Integration (macos, Go 1.27.x)	Run self tests, using QUIC v2	2026-09-11T01:07:01.6112010Z         --- PASS: TestHandshakeWithPacketLoss/drop_1st_packet_in_direction_both/retry:_false/server_speaks_first#03 (0.00s)
Integration (macos, Go 1.27.x)	Run self tests, using QUIC v2	2026-09-11T01:07:01.6112970Z         --- PASS: TestHandshakeWithPacketLoss/drop_1st_packet_in_direction_both/retry:_false/nobody_speaks#03 (0.00s)
Integration (macos, Go 1.27.x)	Run self tests, using QUIC v2	2026-09-11T01:07:01.6113650Z     --- PASS: TestHandshakeWithPacketLoss/drop_first_3_packets_in_direction_both (0.04s)
Integration (macos, Go 1.27.x)	Run self tests, using QUIC v2	2026-09-11T01:07:01.6114580Z         --- PASS: TestHandshakeWithPacketLoss/drop_first_3_packets_in_direction_both/retry:_true/client_speaks_first (0.00s)
Integration (macos, Go 1.27.x)	Run self tests, using QUIC v2	2026-09-11T01:07:01.6115580Z         --- PASS: TestHandshakeWithPacketLoss/drop_first_3_packets_in_direction_both/retry:_true/server_speaks_first (0.00s)
Integration (macos, Go 1.27.x)	Run self tests, using QUIC v2	2026-09-11T01:07:01.6116540Z         --- PASS: TestHandshakeWithPacketLoss/drop_first_3_packets_in_direction_both/retry:_true/nobody_speaks (0.00s)
Integration (macos, Go 1.27.x)	Run self tests, using QUIC v2	2026-09-11T01:07:01.6117630Z         --- PASS: TestHandshakeWithPacketLoss/drop_first_3_packets_in_direction_both/retry:_false/client_speaks_first (0.00s)
Integration (macos, Go 1.27.x)	Run self tests, using QUIC v2	2026-09-11T01:07:01.6119840Z         --- PASS: TestHandshakeWithPacketLoss/drop_first_3_packets_in_direction_both/retry:_false/server_speaks_first (0.00s)
Integration (macos, Go 1.27.x)	Run self tests, using QUIC v2	2026-09-11T01:07:01.6122550Z         --- PASS: TestHandshakeWithPacketLoss/drop_first_3_packets_in_direction_both/retry:_false/nobody_speaks (0.00s)
Integration (macos, Go 1.27.x)	Run self tests, using QUIC v2	2026-09-11T01:07:01.6125190Z         --- PASS: TestHandshakeWithPacketLoss/drop_first_3_packets_in_direction_both/retry:_false/client_speaks_first#01 (0.00s)
Integration (macos, Go 1.27.x)	Run self tests, using QUIC v2	2026-09-11T01:07:01.6127860Z         --- PASS: TestHandshakeWithPacketLoss/drop_first_3_packets_in_direction_both/retry:_false/server_speaks_first#01 (0.00s)
Integration (macos, Go 1.27.x)	Run self tests, using QUIC v2	2026-09-11T01:07:01.6130320Z         --- PASS: TestHandshakeWithPacketLoss/drop_first_3_packets_in_direction_both/retry:_false/nobody_speaks#01 (0.00s)
Integration (macos, Go 1.27.x)	Run self tests, using QUIC v2	2026-09-11T01:07:01.6132820Z         --- PASS: TestHandshakeWithPacketLoss/drop_first_3_packets_in_direction_both/retry:_false/client_speaks_first#02 (0.00s)
Integration (macos, Go 1.27.x)	Run self tests, using QUIC v2	2026-09-11T01:07:01.6135430Z         --- PASS: TestHandshakeWithPacketLoss/drop_first_3_packets_in_direction_both/retry:_false/server_speaks_first#02 (0.00s)
Integration (macos, Go 1.27.x)	Run self tests, using QUIC v2	2026-09-11T01:07:01.6137900Z         --- PASS: TestHandshakeWithPacketLoss/drop_first_3_packets_in_direction_both/retry:_false/nobody_speaks#02 (0.00s)
Integration (macos, Go 1.27.x)	Run self tests, using QUIC v2	2026-09-11T01:07:01.6140330Z         --- PASS: TestHandshakeWithPacketLoss/drop_first_3_packets_in_direction_both/retry:_false/client_speaks_first#03 (0.00s)
Integration (macos, Go 1.27.x)	Run self tests, using QUIC v2	2026-09-11T01:07:01.6142920Z         --- PASS: TestHandshakeWithPacketLoss/drop_first_3_packets_in_direction_both/retry:_false/server_speaks_first#03 (0.00s)
Integration (macos, Go 1.27.x)	Run self tests, using QUIC v2	2026-09-11T01:07:01.6145340Z         --- PASS: TestHandshakeWithPacketLoss/drop_first_3_packets_in_direction_both/retry:_false/nobody_speaks#03 (0.00s)
Integration (macos, Go 1.27.x)	Run self tests, using QUIC v2	2026-09-11T01:07:01.6147320Z     --- PASS: TestHandshakeWithPacketLoss/drop_every_3rd_of_first_30_packets,_phase_1_in_direction_both (0.04s)
Integration (macos, Go 1.27.x)	Run self tests, using QUIC v2	2026-09-11T01:07:01.6149920Z         --- PASS: TestHandshakeWithPacketLoss/drop_every_3rd_of_first_30_packets,_phase_1_in_direction_both/retry:_true/client_speaks_first (0.00s)
Integration (macos, Go 1.27.x)	Run self tests, using QUIC v2	2026-09-11T01:07:01.6154040Z         --- PASS: TestHandshakeWithPacketLoss/drop_every_3rd_of_first_30_packets,_phase_1_in_direction_both/retry:_true/server_speaks_first (0.00s)
Integration (macos, Go 1.27.x)	Run self tests, using QUIC v2	2026-09-11T01:07:01.6155670Z         --- PASS: TestHandshakeWithPacketLoss/drop_every_3rd_of_first_30_packets,_phase_1_in_direction_both/retry:_true/nobody_speaks (0.00s)
Integration (macos, Go 1.27.x)	Run self tests, using QUIC v2	2026-09-11T01:07:01.6156840Z         --- PASS: TestHandshakeWithPacketLoss/drop_every_3rd_of_first_30_packets,_phase_1_in_direction_both/retry:_false/client_speaks_first (0.00s)
Integration (macos, Go 1.27.x)	Run self tests, using QUIC v2	2026-09-11T01:07:01.6158150Z         --- PASS: TestHandshakeWithPacketLoss/drop_every_3rd_of_first_30_packets,_phase_1_in_direction_both/retry:_false/server_speaks_first (0.00s)
Integration (macos, Go 1.27.x)	Run self tests, using QUIC v2	2026-09-11T01:07:01.6159480Z         --- PASS: TestHandshakeWithPacketLoss/drop_every_3rd_of_first_30_packets,_phase_1_in_direction_both/retry:_false/nobody_speaks (0.00s)
Integration (macos, Go 1.27.x)	Run self tests, using QUIC v2	2026-09-11T01:07:01.6160690Z         --- PASS: TestHandshakeWithPacketLoss/drop_every_3rd_of_first_30_packets,_phase_1_in_direction_both/retry:_false/client_speaks_first#01 (0.00s)
Integration (macos, Go 1.27.x)	Run self tests, using QUIC v2	2026-09-11T01:07:01.6162010Z         --- PASS: TestHandshakeWithPacketLoss/drop_every_3rd_of_first_30_packets,_phase_1_in_direction_both/retry:_false/server_speaks_first#01 (0.00s)
Integration (macos, Go 1.27.x)	Run self tests, using QUIC v2	2026-09-11T01:07:01.6163270Z         --- PASS: TestHandshakeWithPacketLoss/drop_every_3rd_of_first_30_packets,_phase_1_in_direction_both/retry:_false/nobody_speaks#01 (0.00s)
Integration (macos, Go 1.27.x)	Run self tests, using QUIC v2	2026-09-11T01:07:01.6164690Z         --- PASS: TestHandshakeWithPacketLoss/drop_every_3rd_of_first_30_packets,_phase_1_in_direction_both/retry:_false/client_speaks_first#02 (0.00s)
Integration (macos, Go 1.27.x)	Run self tests, using QUIC v2	2026-09-11T01:07:01.6165940Z         --- PASS: TestHandshakeWithPacketLoss/drop_every_3rd_of_first_30_packets,_phase_1_in_direction_both/retry:_false/server_speaks_first#02 (0.00s)
Integration (macos, Go 1.27.x)	Run self tests, using QUIC v2	2026-09-11T01:07:01.6167260Z         --- PASS: TestHandshakeWithPacketLoss/drop_every_3rd_of_first_30_packets,_phase_1_in_direction_both/retry:_false/nobody_speaks#02 (0.00s)
Integration (macos, Go 1.27.x)	Run self tests, using QUIC v2	2026-09-11T01:07:01.6168560Z         --- PASS: TestHandshakeWithPacketLoss/drop_every_3rd_of_first_30_packets,_phase_1_in_direction_both/retry:_false/client_speaks_first#03 (0.00s)
Integration (macos, Go 1.27.x)	Run self tests, using QUIC v2	2026-09-11T01:07:01.6169800Z         --- PASS: TestHandshakeWithPacketLoss/drop_every_3rd_of_first_30_packets,_phase_1_in_direction_both/retry:_false/server_speaks_first#03 (0.00s)
Integration (macos, Go 1.27.x)	Run self tests, using QUIC v2	2026-09-11T01:07:01.6171050Z         --- PASS: TestHandshakeWithPacketLoss/drop_every_3rd_of_first_30_packets,_phase_1_in_direction_both/retry:_false/nobody_speaks#03 (0.00s)
Integration (macos, Go 1.27.x)	Run self tests, using QUIC v2	2026-09-11T01:07:01.6171960Z     --- PASS: TestHandshakeWithPacketLoss/drop_every_3rd_of_first_30_packets,_phase_2_in_direction_both (0.04s)
Integration (macos, Go 1.27.x)	Run self tests, using QUIC v2	2026-09-11T01:07:01.6173130Z         --- PASS: TestHandshakeWithPacketLoss/drop_every_3rd_of_first_30_packets,_phase_2_in_direction_both/retry:_true/client_speaks_first (0.00s)
Integration (macos, Go 1.27.x)	Run self tests, using QUIC v2	2026-09-11T01:07:01.6174340Z         --- PASS: TestHandshakeWithPacketLoss/drop_every_3rd_of_first_30_packets,_phase_2_in_direction_both/retry:_true/server_speaks_first (0.00s)
Integration (macos, Go 1.27.x)	Run self tests, using QUIC v2	2026-09-11T01:07:01.6175540Z         --- PASS: TestHandshakeWithPacketLoss/drop_every_3rd_of_first_30_packets,_phase_2_in_direction_both/retry:_true/nobody_speaks (0.00s)
Integration (macos, Go 1.27.x)	Run self tests, using QUIC v2	2026-09-11T01:07:01.6176780Z         --- PASS: TestHandshakeWithPacketLoss/drop_every_3rd_of_first_30_packets,_phase_2_in_direction_both/retry:_false/client_speaks_first (0.00s)
Integration (macos, Go 1.27.x)	Run self tests, using QUIC v2	2026-09-11T01:07:01.6178100Z         --- PASS: TestHandshakeWithPacketLoss/drop_every_3rd_of_first_30_packets,_phase_2_in_direction_both/retry:_false/server_speaks_first (0.00s)
Integration (macos, Go 1.27.x)	Run self tests, using QUIC v2	2026-09-11T01:07:01.6179390Z         --- PASS: TestHandshakeWithPacketLoss/drop_every_3rd_of_first_30_packets,_phase_2_in_direction_both/retry:_false/nobody_speaks (0.00s)
Integration (macos, Go 1.27.x)	Run self tests, using QUIC v2	2026-09-11T01:07:01.6180630Z         --- PASS: TestHandshakeWithPacketLoss/drop_every_3rd_of_first_30_packets,_phase_2_in_direction_both/retry:_false/client_speaks_first#01 (0.00s)
Integration (macos, Go 1.27.x)	Run self tests, using QUIC v2	2026-09-11T01:07:01.6181910Z         --- PASS: TestHandshakeWithPacketLoss/drop_every_3rd_of_first_30_packets,_phase_2_in_direction_both/retry:_false/server_speaks_first#01 (0.00s)
Integration (macos, Go 1.27.x)	Run self tests, using QUIC v2	2026-09-11T01:07:01.6183830Z         --- PASS: TestHandshakeWithPacketLoss/drop_every_3rd_of_first_30_packets,_phase_2_in_direction_both/retry:_false/nobody_speaks#01 (0.00s)
Integration (macos, Go 1.27.x)	Run self tests, using QUIC v2	2026-09-11T01:07:01.6185440Z         --- PASS: TestHandshakeWithPacketLoss/drop_every_3rd_of_first_30_packets,_phase_2_in_direction_both/retry:_false/client_speaks_first#02 (0.00s)
Integration (macos, Go 1.27.x)	Run self tests, using QUIC v2	2026-09-11T01:07:01.6186770Z         --- PASS: TestHandshakeWithPacketLoss/drop_every_3rd_of_first_30_packets,_phase_2_in_direction_both/retry:_false/server_speaks_first#02 (0.00s)
Integration (macos, Go 1.27.x)	Run self tests, using QUIC v2	2026-09-11T01:07:01.6188140Z         --- PASS: TestHandshakeWithPacketLoss/drop_every_3rd_of_first_30_packets,_phase_2_in_direction_both/retry:_false/nobody_speaks#02 (0.00s)
Integration (macos, Go 1.27.x)	Run self tests, using QUIC v2	2026-09-11T01:07:01.6189520Z         --- PASS: TestHandshakeWithPacketLoss/drop_every_3rd_of_first_30_packets,_phase_2_in_direction_both/retry:_false/client_speaks_first#03 (0.00s)
Integration (macos, Go 1.27.x)	Run self tests, using QUIC v2	2026-09-11T01:07:01.6190940Z         --- PASS: TestHandshakeWithPacketLoss/drop_every_3rd_of_first_30_packets,_phase_2_in_direction_both/retry:_false/server_speaks_first#03 (0.00s)
Integration (macos, Go 1.27.x)	Run self tests, using QUIC v2	2026-09-11T01:07:01.6192320Z         --- PASS: TestHandshakeWithPacketLoss/drop_every_3rd_of_first_30_packets,_phase_2_in_direction_both/retry:_false/nobody_speaks#03 (0.00s)
Integration (macos, Go 1.27.x)	Run self tests, using QUIC v2	2026-09-11T01:07:01.6193320Z     --- PASS: TestHandshakeWithPacketLoss/drop_every_3rd_of_first_30_packets,_phase_3_in_direction_both (0.04s)
Integration (macos, Go 1.27.x)	Run self tests, using QUIC v2	2026-09-11T01:07:01.6194580Z         --- PASS: TestHandshakeWithPacketLoss/drop_every_3rd_of_first_30_packets,_phase_3_in_direction_both/retry:_true/client_speaks_first (0.00s)
Integration (macos, Go 1.27.x)	Run self tests, using QUIC v2	2026-09-11T01:07:01.6195910Z         --- PASS: TestHandshakeWithPacketLoss/drop_every_3rd_of_first_30_packets,_phase_3_in_direction_both/retry:_true/server_speaks_first (0.00s)
Integration (macos, Go 1.27.x)	Run self tests, using QUIC v2	2026-09-11T01:07:01.6197230Z         --- PASS: TestHandshakeWithPacketLoss/drop_every_3rd_of_first_30_packets,_phase_3_in_direction_both/retry:_true/nobody_speaks (0.00s)
Integration (macos, Go 1.27.x)	Run self tests, using QUIC v2	2026-09-11T01:07:01.6198580Z         --- PASS: TestHandshakeWithPacketLoss/drop_every_3rd_of_first_30_packets,_phase_3_in_direction_both/retry:_false/client_speaks_first (0.00s)
Integration (macos, Go 1.27.x)	Run self tests, using QUIC v2	2026-09-11T01:07:01.6202250Z         --- PASS: TestHandshakeWithPacketLoss/drop_every_3rd_of_first_30_packets,_phase_3_in_direction_both/retry:_false/server_speaks_first (0.00s)
Integration (macos, Go 1.27.x)	Run self tests, using QUIC v2	2026-09-11T01:07:01.6205090Z         --- PASS: TestHandshakeWithPacketLoss/drop_every_3rd_of_first_30_packets,_phase_3_in_direction_both/retry:_false/nobody_speaks (0.00s)
Integration (macos, Go 1.27.x)	Run self tests, using QUIC v2	2026-09-11T01:07:01.6206480Z         --- PASS: TestHandshakeWithPacketLoss/drop_every_3rd_of_first_30_packets,_phase_3_in_direction_both/retry:_false/client_speaks_first#01 (0.00s)
Integration (macos, Go 1.27.x)	Run self tests, using QUIC v2	2026-09-11T01:07:01.6207890Z         --- PASS: TestHandshakeWithPacketLoss/drop_every_3rd_of_first_30_packets,_phase_3_in_direction_both/retry:_false/server_speaks_first#01 (0.00s)
Integration (macos, Go 1.27.x)	Run self tests, using QUIC v2	2026-09-11T01:07:01.6209280Z         --- PASS: TestHandshakeWithPacketLoss/drop_every_3rd_of_first_30_packets,_phase_3_in_direction_both/retry:_false/nobody_speaks#01 (0.00s)
Integration (macos, Go 1.27.x)	Run self tests, using QUIC v2	2026-09-11T01:07:01.6210670Z         --- PASS: TestHandshakeWithPacketLoss/drop_every_3rd_of_first_30_packets,_phase_3_in_direction_both/retry:_false/client_speaks_first#02 (0.00s)
Integration (macos, Go 1.27.x)	Run self tests, using QUIC v2	2026-09-11T01:07:01.6212080Z         --- PASS: TestHandshakeWithPacketLoss/drop_every_3rd_of_first_30_packets,_phase_3_in_direction_both/retry:_false/server_speaks_first#02 (0.00s)
Integration (macos, Go 1.27.x)	Run self tests, using QUIC v2	2026-09-11T01:07:01.6213440Z         --- PASS: TestHandshakeWithPacketLoss/drop_every_3rd_of_first_30_packets,_phase_3_in_direction_both/retry:_false/nobody_speaks#02 (0.00s)
Integration (macos, Go 1.27.x)	Run self tests, using QUIC v2	2026-09-11T01:07:01.6214810Z         --- PASS: TestHandshakeWithPacketLoss/drop_every_3rd_of_first_30_packets,_phase_3_in_direction_both/retry:_false/client_speaks_first#03 (0.00s)
Integration (macos, Go 1.27.x)	Run self tests, using QUIC v2	2026-09-11T01:07:01.6216230Z         --- PASS: TestHandshakeWithPacketLoss/drop_every_3rd_of_first_30_packets,_phase_3_in_direction_both/retry:_false/server_speaks_first#03 (0.00s)
Integration (macos, Go 1.27.x)	Run self tests, using QUIC v2	2026-09-11T01:07:01.6217570Z         --- PASS: TestHandshakeWithPacketLoss/drop_every_3rd_of_first_30_packets,_phase_3_in_direction_both/retry:_false/nobody_speaks#03 (0.00s)
Integration (macos, Go 1.27.x)	Run self tests, using QUIC v2	2026-09-11T01:07:01.6219020Z     --- SKIP: TestHandshakeWithPacketLoss/drop_1/3_of_packets_in_direction_both (0.00s)
Integration (macos, Go 1.27.x)	Run self tests, using QUIC v2	2026-09-11T01:07:01.6219550Z === RUN   TestHTTPPost
Integration (macos, Go 1.27.x)	Run self tests, using QUIC v2	2026-09-11T01:07:01.6219780Z === RUN   TestHTTPPost/small
Integration (macos, Go 1.27.x)	Run self tests, using QUIC v2	2026-09-11T01:07:01.6220030Z === RUN   TestHTTPPost/big
Integration (macos, Go 1.27.x)	Run self tests, using QUIC v2	2026-09-11T01:07:01.6220270Z --- PASS: TestHTTPPost (0.01s)
Integration (macos, Go 1.27.x)	Run self tests, using QUIC v2	2026-09-11T01:07:01.6220590Z     --- PASS: TestHTTPPost/small (0.00s)
Integration (macos, Go 1.27.x)	Run self tests, using QUIC v2	2026-09-11T01:07:01.6220930Z     --- PASS: TestHTTPPost/big (0.01s)
Integration (macos, Go 1.27.x)	Run self tests, using QUIC v2	2026-09-11T01:07:01.6221190Z === RUN   TestCancelAcceptStream
Integration (macos, Go 1.27.x)	Run self tests, using QUIC v2	2026-09-11T01:07:01.7550680Z     cancelation_test.go:455: canceled AcceptStream 34 times
Integration (macos, Go 1.27.x)	Run self tests, using QUIC v2	2026-09-11T01:07:01.7652200Z --- PASS: TestCancelAcceptStream (0.17s)
Integration (macos, Go 1.27.x)	Run self tests, using QUIC v2	2026-09-11T01:07:01.7753360Z === RUN   TestCorruptionDiagnosticsCallback
Integration (macos, Go 1.27.x)	Run self tests, using QUIC v2	2026-09-11T01:07:01.7815950Z === RUN   TestCorruptionDiagnosticsCallback/Incoming
Integration (macos, Go 1.27.x)	Run self tests, using QUIC v2	2026-09-11T01:07:01.7816480Z === RUN   TestCorruptionDiagnosticsCallback/Outgoing
Integration (macos, Go 1.27.x)	Run self tests, using QUIC v2	2026-09-11T01:07:01.7816920Z --- PASS: TestCorruptionDiagnosticsCallback (0.00s)
Integration (macos, Go 1.27.x)	Run self tests, using QUIC v2	2026-09-11T01:07:01.7817720Z     --- PASS: TestCorruptionDiagnosticsCallback/Incoming (0.00s)
Integration (macos, Go 1.27.x)	Run self tests, using QUIC v2	2026-09-11T01:07:01.7818290Z     --- PASS: TestCorruptionDiagnosticsCallback/Outgoing (0.00s)
Integration (macos, Go 1.27.x)	Run self tests, using QUIC v2	2026-09-11T01:07:01.7818590Z === RUN   TestServerTransportClose
Integration (macos, Go 1.27.x)	Run self tests, using QUIC v2	2026-09-11T01:07:01.9364260Z --- PASS: TestServerTransportClose (0.18s)
Integration (macos, Go 1.27.x)	Run self tests, using QUIC v2	2026-09-11T01:07:01.9365720Z === RUN   TestHandshakeRandomLossOptIn
Integration (macos, Go 1.27.x)	Run self tests, using QUIC v2	2026-09-11T01:07:01.9366230Z === RUN   TestHandshakeRandomLossOptIn/default
Integration (macos, Go 1.27.x)	Run self tests, using QUIC v2	2026-09-11T01:07:02.2641410Z === RUN   TestHandshakeRandomLossOptIn/enabled
Integration (macos, Go 1.27.x)	Run self tests, using QUIC v2	2026-09-11T01:07:02.6085630Z --- PASS: TestHandshakeRandomLossOptIn (0.67s)
Integration (macos, Go 1.27.x)	Run self tests, using QUIC v2	2026-09-11T01:07:02.6087450Z     --- PASS: TestHandshakeRandomLossOptIn/default (0.33s)
Integration (macos, Go 1.27.x)	Run self tests, using QUIC v2	2026-09-11T01:07:02.6097480Z     --- PASS: TestHandshakeRandomLossOptIn/enabled (0.34s)
Integration (macos, Go 1.27.x)	Run self tests, using QUIC v2	2026-09-11T01:07:02.6097970Z === RUN   TestHTTPClientTrace
Integration (macos, Go 1.27.x)	Run self tests, using QUIC v2	2026-09-11T01:07:02.7142590Z --- PASS: TestHTTPClientTrace (0.11s)
Integration (macos, Go 1.27.x)	Run self tests, using QUIC v2	2026-09-11T01:07:02.7143970Z === RUN   TestCorruptionCaptureUnicodeLimit
Integration (macos, Go 1.27.x)	Run self tests, using QUIC v2	2026-09-11T01:07:02.7406190Z --- PASS: TestCorruptionCaptureUnicodeLimit (0.03s)
Integration (macos, Go 1.27.x)	Run self tests, using QUIC v2	2026-09-11T01:07:02.7406920Z === RUN   TestConnectionIDsCustomGenerator
Integration (macos, Go 1.27.x)	Run self tests, using QUIC v2	2026-09-11T01:07:02.7407480Z     conn_id_test.go:47: using 7 byte connection ID generator for the server
Integration (macos, Go 1.27.x)	Run self tests, using QUIC v2	2026-09-11T01:07:02.7408270Z     conn_id_test.go:47: using 9 byte connection ID generator for the client
Integration (macos, Go 1.27.x)	Run self tests, using QUIC v2	2026-09-11T01:07:02.7492800Z --- PASS: TestConnectionIDsCustomGenerator (0.01s)
Integration (macos, Go 1.27.x)	Run self tests, using QUIC v2	2026-09-11T01:07:02.7494120Z === RUN   Test0RTTRetransmitOnRetry
Integration (macos, Go 1.27.x)	Run self tests, using QUIC v2	2026-09-11T01:07:02.7494870Z === RUN   Test0RTTRetransmitOnRetry/no_retry
Integration (macos, Go 1.27.x)	Run self tests, using QUIC v2	2026-09-11T01:07:02.7534330Z === RUN   Test0RTTRetransmitOnRetry/with_retry
Integration (macos, Go 1.27.x)	Run self tests, using QUIC v2	2026-09-11T01:07:02.7603970Z --- PASS: Test0RTTRetransmitOnRetry (0.01s)
Integration (macos, Go 1.27.x)	Run self tests, using QUIC v2	2026-09-11T01:07:02.7605260Z     --- PASS: Test0RTTRetransmitOnRetry/no_retry (0.00s)
Integration (macos, Go 1.27.x)	Run self tests, using QUIC v2	2026-09-11T01:07:02.7605710Z     --- PASS: Test0RTTRetransmitOnRetry/with_retry (0.01s)
Integration (macos, Go 1.27.x)	Run self tests, using QUIC v2	2026-09-11T01:07:02.7606040Z === RUN   TestQlogHandshakeFailed
Integration (macos, Go 1.27.x)	Run self tests, using QUIC v2	2026-09-11T01:07:02.7606320Z --- PASS: TestQlogHandshakeFailed (0.00s)
Integration (macos, Go 1.27.x)	Run self tests, using QUIC v2	2026-09-11T01:07:02.7606630Z === RUN   TestHTTP3ListenerClosing
Integration (macos, Go 1.27.x)	Run self tests, using QUIC v2	2026-09-11T01:07:02.7606950Z === RUN   TestHTTP3ListenerClosing/application_listener
Integration (macos, Go 1.27.x)	Run self tests, using QUIC v2	2026-09-11T01:07:02.7698000Z === RUN   TestHTTP3ListenerClosing/listener_created_by_the_http3.Server
Integration (macos, Go 1.27.x)	Run self tests, using QUIC v2	2026-09-11T01:07:02.8142060Z --- PASS: TestHTTP3ListenerClosing (0.05s)
Integration (macos, Go 1.27.x)	Run self tests, using QUIC v2	2026-09-11T01:07:02.8161060Z     --- PASS: TestHTTP3ListenerClosing/application_listener (0.01s)
Integration (macos, Go 1.27.x)	Run self tests, using QUIC v2	2026-09-11T01:07:02.8163550Z     --- PASS: TestHTTP3ListenerClosing/listener_created_by_the_http3.Server (0.04s)
Integration (macos, Go 1.27.x)	Run self tests, using QUIC v2	2026-09-11T01:07:02.8165610Z === RUN   Test0RTTRejectedOnALPNChanged
Integration (macos, Go 1.27.x)	Run self tests, using QUIC v2	2026-09-11T01:07:02.8200670Z     zero_rtt_test.go:822: Sent 4 0-RTT packets.
Integration (macos, Go 1.27.x)	Run self tests, using QUIC v2	2026-09-11T01:07:02.8216570Z --- PASS: Test0RTTRejectedOnALPNChanged (0.01s)
Integration (macos, Go 1.27.x)	Run self tests, using QUIC v2	2026-09-11T01:07:02.8217910Z === RUN   TestConnectionMigration
Integration (macos, Go 1.27.x)	Run self tests, using QUIC v2	2026-09-11T01:07:03.0091990Z --- PASS: TestConnectionMigration (0.19s)
Integration (macos, Go 1.27.x)	Run self tests, using QUIC v2	2026-09-11T01:07:03.0096190Z === RUN   TestHTTPHeaders
Integration (macos, Go 1.27.x)	Run self tests, using QUIC v2	2026-09-11T01:07:03.0111050Z --- PASS: TestHTTPHeaders (0.00s)
Integration (macos, Go 1.27.x)	Run self tests, using QUIC v2	2026-09-11T01:07:03.0115160Z === RUN   TestUnidirectionalStreams
Integration (macos, Go 1.27.x)	Run self tests, using QUIC v2	2026-09-11T01:07:03.0117330Z === RUN   TestUnidirectionalStreams/client_->_server
Integration (macos, Go 1.27.x)	Run self tests, using QUIC v2	2026-09-11T01:07:03.0938600Z === RUN   TestUnidirectionalStreams/server_->_client
Integration (macos, Go 1.27.x)	Run self tests, using QUIC v2	2026-09-11T01:07:03.1722910Z === RUN   TestUnidirectionalStreams/client_<->_server
Integration (macos, Go 1.27.x)	Run self tests, using QUIC v2	2026-09-11T01:07:03.3008720Z --- PASS: TestUnidirectionalStreams (0.29s)
Integration (macos, Go 1.27.x)	Run self tests, using QUIC v2	2026-09-11T01:07:03.3012740Z     --- PASS: TestUnidirectionalStreams/client_->_server (0.08s)
Integration (macos, Go 1.27.x)	Run self tests, using QUIC v2	2026-09-11T01:07:03.3013580Z     --- PASS: TestUnidirectionalStreams/server_->_client (0.07s)
Integration (macos, Go 1.27.x)	Run self tests, using QUIC v2	2026-09-11T01:07:03.3014350Z     --- PASS: TestUnidirectionalStreams/client_<->_server (0.14s)
Integration (macos, Go 1.27.x)	Run self tests, using QUIC v2	2026-09-11T01:07:03.3016830Z === RUN   TestStreamReadWriteCancellation
Integration (macos, Go 1.27.x)	Run self tests, using QUIC v2	2026-09-11T01:07:03.3018500Z === RUN   TestStreamReadWriteCancellation/immediate
Integration (macos, Go 1.27.x)	Run self tests, using QUIC v2	2026-09-11T01:07:03.4929810Z === RUN   TestStreamReadWriteCancellation/after_writing_some_data
Integration (macos, Go 1.27.x)	Run self tests, using QUIC v2	2026-09-11T01:07:03.6995930Z --- PASS: TestStreamReadWriteCancellation (0.39s)
Integration (macos, Go 1.27.x)	Run self tests, using QUIC v2	2026-09-11T01:07:03.7097160Z     --- PASS: TestStreamReadWriteCancellation/immediate (0.19s)
Integration (macos, Go 1.27.x)	Run self tests, using QUIC v2	2026-09-11T01:07:03.7199230Z     --- PASS: TestStreamReadWriteCancellation/after_writing_some_data (0.21s)
Integration (macos, Go 1.27.x)	Run self tests, using QUIC v2	2026-09-11T01:07:03.7301800Z === RUN   TestMultiplexingConnectToSelf
Integration (macos, Go 1.27.x)	Run self tests, using QUIC v2	2026-09-11T01:07:03.7403760Z --- PASS: TestMultiplexingConnectToSelf (0.01s)
Integration (macos, Go 1.27.x)	Run self tests, using QUIC v2	2026-09-11T01:07:03.7504190Z === RUN   TestHTTPErrAbortHandler
Integration (macos, Go 1.27.x)	Run self tests, using QUIC v2	2026-09-11T01:07:03.7606350Z --- PASS: TestHTTPErrAbortHandler (0.00s)
Integration (macos, Go 1.27.x)	Run self tests, using QUIC v2	2026-09-11T01:07:03.7708930Z === RUN   TestDatagramNegotiation
Integration (macos, Go 1.27.x)	Run self tests, using QUIC v2	2026-09-11T01:07:03.7811150Z === RUN   TestDatagramNegotiation/server_enable,_client_enable
Integration (macos, Go 1.27.x)	Run self tests, using QUIC v2	2026-09-11T01:07:03.7911850Z === RUN   TestDatagramNegotiation/server_enable,_client_disable
Integration (macos, Go 1.27.x)	Run self tests, using QUIC v2	2026-09-11T01:07:03.8014610Z === RUN   TestDatagramNegotiation/server_disable,_client_enable
Integration (macos, Go 1.27.x)	Run self tests, using QUIC v2	2026-09-11T01:07:03.8114230Z === RUN   TestDatagramNegotiation/server_disable,_client_disable
Integration (macos, Go 1.27.x)	Run self tests, using QUIC v2	2026-09-11T01:07:03.8215510Z --- PASS: TestDatagramNegotiation (0.01s)
Integration (macos, Go 1.27.x)	Run self tests, using QUIC v2	2026-09-11T01:07:03.8323930Z     --- PASS: TestDatagramNegotiation/server_enable,_client_enable (0.00s)
Integration (macos, Go 1.27.x)	Run self tests, using QUIC v2	2026-09-11T01:07:03.8428540Z     --- PASS: TestDatagramNegotiation/server_enable,_client_disable (0.00s)
Integration (macos, Go 1.27.x)	Run self tests, using QUIC v2	2026-09-11T01:07:03.8528630Z     --- PASS: TestDatagramNegotiation/server_disable,_client_enable (0.00s)
Integration (macos, Go 1.27.x)	Run self tests, using QUIC v2	2026-09-11T01:07:03.8631030Z     --- PASS: TestDatagramNegotiation/server_disable,_client_disable (0.01s)
Integration (macos, Go 1.27.x)	Run self tests, using QUIC v2	2026-09-11T01:07:03.8731020Z === RUN   TestConnectionIDsZeroLength
Integration (macos, Go 1.27.x)	Run self tests, using QUIC v2	2026-09-11T01:07:03.8831650Z     conn_id_test.go:39: issuing 14 byte connection ID from the server
Integration (macos, Go 1.27.x)	Run self tests, using QUIC v2	2026-09-11T01:07:03.8933840Z     conn_id_test.go:39: issuing 0 byte connection ID from the client
Integration (macos, Go 1.27.x)	Run self tests, using QUIC v2	2026-09-11T01:07:03.9040060Z --- PASS: TestConnectionIDsZeroLength (0.01s)
Integration (macos, Go 1.27.x)	Run self tests, using QUIC v2	2026-09-11T01:07:03.9141000Z === RUN   TestTimeoutAfterSendingPacket
Integration (macos, Go 1.27.x)	Run self tests, using QUIC v2	2026-09-11T01:07:03.9242160Z --- PASS: TestTimeoutAfterSendingPacket (0.00s)
Integration (macos, Go 1.27.x)	Run self tests, using QUIC v2	2026-09-11T01:07:03.9342210Z === RUN   TestConnectionMigrationConcurrentState
Integration (macos, Go 1.27.x)	Run self tests, using QUIC v2	2026-09-11T01:07:03.9401960Z --- PASS: TestConnectionMigrationConcurrentState (0.17s)
Integration (macos, Go 1.27.x)	Run self tests, using QUIC v2	2026-09-11T01:07:03.9490510Z === RUN   TestHandshakeCancellationError
Integration (macos, Go 1.27.x)	Run self tests, using QUIC v2	2026-09-11T01:07:03.9593140Z --- PASS: TestHandshakeCancellationError (0.00s)
Integration (macos, Go 1.27.x)	Run self tests, using QUIC v2	2026-09-11T01:07:03.9681280Z === RUN   TestPathMTUDiscovery
Integration (macos, Go 1.27.x)	Run self tests, using QUIC v2	2026-09-11T01:07:05.5430140Z     mtu_test.go:180: max client packet size: 1400, MTU: 1400
Integration (macos, Go 1.27.x)	Run self tests, using QUIC v2	2026-09-11T01:07:05.5533160Z     mtu_test.go:181: max datagram size: initial: 1163, final: 1363
Integration (macos, Go 1.27.x)	Run self tests, using QUIC v2	2026-09-11T01:07:05.5593700Z     mtu_test.go:182: max server packet size: 1234, MTU: 1400
Integration (macos, Go 1.27.x)	Run self tests, using QUIC v2	2026-09-11T01:07:05.5624350Z --- PASS: TestPathMTUDiscovery (1.63s)
Integration (macos, Go 1.27.x)	Run self tests, using QUIC v2	2026-09-11T01:07:05.5645550Z === RUN   TestMITCorruptPacketsRandom
Integration (macos, Go 1.27.x)	Run self tests, using QUIC v2	2026-09-11T01:07:05.5666540Z     mitm_test.go:84: random corruption is opt-in stress; set QUIC_GO_TEST_RANDOM_CORRUPTION=1
Integration (macos, Go 1.27.x)	Run self tests, using QUIC v2	2026-09-11T01:07:05.5667470Z --- SKIP: TestMITCorruptPacketsRandom (0.00s)
Integration (macos, Go 1.27.x)	Run self tests, using QUIC v2	2026-09-11T01:07:05.5667950Z === RUN   TestGetConfigForClientErrorsConnectionRejection
Integration (macos, Go 1.27.x)	Run self tests, using QUIC v2	2026-09-11T01:07:05.5668460Z --- PASS: TestGetConfigForClientErrorsConnectionRejection (0.00s)
Integration (macos, Go 1.27.x)	Run self tests, using QUIC v2	2026-09-11T01:07:05.5668870Z === RUN   TestALPN
Integration (macos, Go 1.27.x)	Run self tests, using QUIC v2	2026-09-11T01:07:05.5669640Z --- PASS: TestALPN (0.00s)
Integration (macos, Go 1.27.x)	Run self tests, using QUIC v2	2026-09-11T01:07:05.5670000Z === RUN   TestHeavyStreamCancellation
Integration (macos, Go 1.27.x)	Run self tests, using QUIC v2	2026-09-11T01:07:06.5553200Z --- PASS: TestHeavyStreamCancellation (1.01s)
Integration (macos, Go 1.27.x)	Run self tests, using QUIC v2	2026-09-11T01:07:06.5557010Z === RUN   TestHTTPDatagramStreamReset
Integration (macos, Go 1.27.x)	Run self tests, using QUIC v2	2026-09-11T01:07:06.5721900Z --- PASS: TestHTTPDatagramStreamReset (0.02s)
Integration (macos, Go 1.27.x)	Run self tests, using QUIC v2	2026-09-11T01:07:06.5722910Z === RUN   TestTLSConfigGetConfigForClientAddresses
Integration (macos, Go 1.27.x)	Run self tests, using QUIC v2	2026-09-11T01:07:06.5746260Z --- PASS: TestTLSConfigGetConfigForClientAddresses (0.00s)
Integration (macos, Go 1.27.x)	Run self tests, using QUIC v2	2026-09-11T01:07:06.5747560Z === RUN   Test0RTTRejectedOnStreamLimitDecrease
Integration (macos, Go 1.27.x)	Run self tests, using QUIC v2	2026-09-11T01:07:06.5860060Z     zero_rtt_test.go:709: sent 4 0-RTT packets
Integration (macos, Go 1.27.x)	Run self tests, using QUIC v2	2026-09-11T01:07:06.5961510Z --- PASS: Test0RTTRejectedOnStreamLimitDecrease (0.00s)
Integration (macos, Go 1.27.x)	Run self tests, using QUIC v2	2026-09-11T01:07:06.6062390Z === RUN   TestMultiplexesConnectionsToSameServer
Integration (macos, Go 1.27.x)	Run self tests, using QUIC v2	2026-09-11T01:07:06.6163890Z --- PASS: TestMultiplexesConnectionsToSameServer (0.01s)
Integration (macos, Go 1.27.x)	Run self tests, using QUIC v2	2026-09-11T01:07:06.6265420Z === RUN   TestHTTPDifferentOrigins
Integration (macos, Go 1.27.x)	Run self tests, using QUIC v2	2026-09-11T01:07:06.6409040Z --- PASS: TestHTTPDifferentOrigins (0.01s)
Integration (macos, Go 1.27.x)	Run self tests, using QUIC v2	2026-09-11T01:07:06.6557090Z === RUN   TestDownloadWithReordering
Integration (macos, Go 1.27.x)	Run self tests, using QUIC v2	2026-09-11T01:07:06.6658550Z === RUN   TestDownloadWithReordering/5ms
Integration (macos, Go 1.27.x)	Run self tests, using QUIC v2	2026-09-11T01:07:06.6659070Z     rtt_test.go:175: Smoothed RTT: 4.943ms
Integration (macos, Go 1.27.x)	Run self tests, using QUIC v2	2026-09-11T01:07:06.6761350Z     rtt_test.go:178: received 453 short header packets, detected 168 reorderings
Integration (macos, Go 1.27.x)	Run self tests, using QUIC v2	2026-09-11T01:07:06.6863390Z === RUN   TestDownloadWithReordering/50ms
Integration (macos, Go 1.27.x)	Run self tests, using QUIC v2	2026-09-11T01:07:06.6966260Z     rtt_test.go:175: Smoothed RTT: 48.992ms
Integration (macos, Go 1.27.x)	Run self tests, using QUIC v2	2026-09-11T01:07:06.7067710Z     rtt_test.go:178: received 430 short header packets, detected 144 reorderings
Integration (macos, Go 1.27.x)	Run self tests, using QUIC v2	2026-09-11T01:07:06.7169160Z === RUN   TestDownloadWithReordering/250ms
Integration (macos, Go 1.27.x)	Run self tests, using QUIC v2	2026-09-11T01:07:06.7181950Z     rtt_test.go:175: Smoothed RTT: 248.867ms
Integration (macos, Go 1.27.x)	Run self tests, using QUIC v2	2026-09-11T01:07:06.7236880Z     rtt_test.go:178: received 424 short header packets, detected 123 reorderings
Integration (macos, Go 1.27.x)	Run self tests, using QUIC v2	2026-09-11T01:07:06.7240910Z --- PASS: TestDownloadWithReordering (0.04s)
Integration (macos, Go 1.27.x)	Run self tests, using QUIC v2	2026-09-11T01:07:06.7241410Z     --- PASS: TestDownloadWithReordering/5ms (0.01s)
Integration (macos, Go 1.27.x)	Run self tests, using QUIC v2	2026-09-11T01:07:06.7241900Z     --- PASS: TestDownloadWithReordering/50ms (0.01s)
Integration (macos, Go 1.27.x)	Run self tests, using QUIC v2	2026-09-11T01:07:06.7242350Z     --- PASS: TestDownloadWithReordering/250ms (0.01s)
Integration (macos, Go 1.27.x)	Run self tests, using QUIC v2	2026-09-11T01:07:06.7242720Z === RUN   TestMITMDuplicatePackets
Integration (macos, Go 1.27.x)	Run self tests, using QUIC v2	2026-09-11T01:07:06.7243090Z === RUN   TestMITMDuplicatePackets/towards_the_server
Integration (macos, Go 1.27.x)	Run self tests, using QUIC v2	2026-09-11T01:07:06.7243530Z === RUN   TestMITMDuplicatePackets/towards_the_client
Integration (macos, Go 1.27.x)	Run self tests, using QUIC v2	2026-09-11T01:07:06.7750430Z --- PASS: TestMITMDuplicatePackets (0.14s)
Integration (macos, Go 1.27.x)	Run self tests, using QUIC v2	2026-09-11T01:07:06.7853460Z     --- PASS: TestMITMDuplicatePackets/towards_the_server (0.02s)
Integration (macos, Go 1.27.x)	Run self tests, using QUIC v2	2026-09-11T01:07:06.7956350Z     --- PASS: TestMITMDuplicatePackets/towards_the_client (0.11s)
Integration (macos, Go 1.27.x)	Run self tests, using QUIC v2	2026-09-11T01:07:06.8058120Z === RUN   Test0RTTDatagrams
Integration (macos, Go 1.27.x)	Run self tests, using QUIC v2	2026-09-11T01:07:06.8160190Z     zero_rtt_test.go:1149: sent 1 0-RTT packets
Integration (macos, Go 1.27.x)	Run self tests, using QUIC v2	2026-09-11T01:07:06.8263880Z --- PASS: Test0RTTDatagrams (0.01s)
Integration (macos, Go 1.27.x)	Run self tests, using QUIC v2	2026-09-11T01:07:06.8365950Z === RUN   TestHTTPShutdown
Integration (macos, Go 1.27.x)	Run self tests, using QUIC v2	2026-09-11T01:07:06.8478580Z --- PASS: TestHTTPShutdown (0.03s)
Integration (macos, Go 1.27.x)	Run self tests, using QUIC v2	2026-09-11T01:07:06.8581700Z === RUN   TestKeepAlive
Integration (macos, Go 1.27.x)	Run self tests, using QUIC v2	2026-09-11T01:07:06.8692890Z --- PASS: TestKeepAlive (0.01s)
Integration (macos, Go 1.27.x)	Run self tests, using QUIC v2	2026-09-11T01:07:06.8796230Z === RUN   Test0RTTTransfer
Integration (macos, Go 1.27.x)	Run self tests, using QUIC v2	2026-09-11T01:07:06.8898170Z     zero_rtt_test.go:210: sent 29 0-RTT packets
Integration (macos, Go 1.27.x)	Run self tests, using QUIC v2	2026-09-11T01:07:06.9006850Z     zero_rtt_test.go:212: received 29 0-RTT packets
Integration (macos, Go 1.27.x)	Run self tests, using QUIC v2	2026-09-11T01:07:06.9057150Z --- PASS: Test0RTTTransfer (0.01s)
Integration (macos, Go 1.27.x)	Run self tests, using QUIC v2	2026-09-11T01:07:06.9059870Z === RUN   TestCorruptionCaptureBeforeMutation
Integration (macos, Go 1.27.x)	Run self tests, using QUIC v2	2026-09-11T01:07:06.9062950Z --- PASS: TestCorruptionCaptureBeforeMutation (0.04s)
Integration (macos, Go 1.27.x)	Run self tests, using QUIC v2	2026-09-11T01:07:06.9065020Z === RUN   TestHTTPRawConn
Integration (macos, Go 1.27.x)	Run self tests, using QUIC v2	2026-09-11T01:07:06.9073160Z --- PASS: TestHTTPRawConn (0.01s)
Integration (macos, Go 1.27.x)	Run self tests, using QUIC v2	2026-09-11T01:07:06.9077900Z === RUN   TestHTTP0RTT
Integration (macos, Go 1.27.x)	Run self tests, using QUIC v2	2026-09-11T01:07:07.3495150Z --- PASS: TestHTTP0RTT (0.47s)
Integration (macos, Go 1.27.x)	Run self tests, using QUIC v2	2026-09-11T01:07:07.3504270Z === RUN   TestHandshakeCipherSuites
Integration (macos, Go 1.27.x)	Run self tests, using QUIC v2	2026-09-11T01:07:07.3630670Z === RUN   TestHandshakeCipherSuites/TLS_AES_128_GCM_SHA256
Integration (macos, Go 1.27.x)	Run self tests, using QUIC v2	2026-09-11T01:07:07.3755500Z === RUN   TestHandshakeCipherSuites/TLS_AES_256_GCM_SHA384
Integration (macos, Go 1.27.x)	Run self tests, using QUIC v2	2026-09-11T01:07:07.3843850Z === RUN   TestHandshakeCipherSuites/TLS_CHACHA20_POLY1305_SHA256
Integration (macos, Go 1.27.x)	Run self tests, using QUIC v2	2026-09-11T01:07:07.3847820Z --- PASS: TestHandshakeCipherSuites (0.03s)
Integration (macos, Go 1.27.x)	Run self tests, using QUIC v2	2026-09-11T01:07:07.3848660Z     --- PASS: TestHandshakeCipherSuites/TLS_AES_128_GCM_SHA256 (0.01s)
Integration (macos, Go 1.27.x)	Run self tests, using QUIC v2	2026-09-11T01:07:07.3851370Z     --- PASS: TestHandshakeCipherSuites/TLS_AES_256_GCM_SHA384 (0.02s)
Integration (macos, Go 1.27.x)	Run self tests, using QUIC v2	2026-09-11T01:07:07.3852020Z     --- PASS: TestHandshakeCipherSuites/TLS_CHACHA20_POLY1305_SHA256 (0.01s)
Integration (macos, Go 1.27.x)	Run self tests, using QUIC v2	2026-09-11T01:07:07.3852520Z === RUN   TestHTTP3ListenerGracefulShutdown
Integration (macos, Go 1.27.x)	Run self tests, using QUIC v2	2026-09-11T01:07:07.3852980Z === RUN   TestHTTP3ListenerGracefulShutdown/application_listener
Integration (macos, Go 1.27.x)	Run self tests, using QUIC v2	2026-09-11T01:07:07.4535330Z === RUN   TestHTTP3ListenerGracefulShutdown/listener_created_by_the_http3.Server
Integration (macos, Go 1.27.x)	Run self tests, using QUIC v2	2026-09-11T01:07:07.5603010Z --- PASS: TestHTTP3ListenerGracefulShutdown (0.18s)
Integration (macos, Go 1.27.x)	Run self tests, using QUIC v2	2026-09-11T01:07:07.5607280Z     --- PASS: TestHTTP3ListenerGracefulShutdown/application_listener (0.07s)
Integration (macos, Go 1.27.x)	Run self tests, using QUIC v2	2026-09-11T01:07:07.5608600Z     --- PASS: TestHTTP3ListenerGracefulShutdown/listener_created_by_the_http3.Server (0.11s)
Integration (macos, Go 1.27.x)	Run self tests, using QUIC v2	2026-09-11T01:07:07.5609460Z === RUN   TestHTTP1xxTerminalResponse
Integration (macos, Go 1.27.x)	Run self tests, using QUIC v2	2026-09-11T01:07:07.5634530Z --- PASS: TestHTTP1xxTerminalResponse (0.00s)
Integration (macos, Go 1.27.x)	Run self tests, using QUIC v2	2026-09-11T01:07:07.5635420Z === RUN   TestCorruptionRandomOptIn
Integration (macos, Go 1.27.x)	Run self tests, using QUIC v2	2026-09-11T01:07:07.5636200Z === RUN   TestCorruptionRandomOptIn/default
Integration (macos, Go 1.27.x)	Run self tests, using QUIC v2	2026-09-11T01:07:07.9569550Z === RUN   TestCorruptionRandomOptIn/enabled
Integration (macos, Go 1.27.x)	Run self tests, using QUIC v2	2026-09-11T01:07:08.3089640Z --- PASS: TestCorruptionRandomOptIn (0.74s)
Integration (macos, Go 1.27.x)	Run self tests, using QUIC v2	2026-09-11T01:07:08.3192130Z     --- PASS: TestCorruptionRandomOptIn/default (0.39s)
Integration (macos, Go 1.27.x)	Run self tests, using QUIC v2	2026-09-11T01:07:08.3292870Z     --- PASS: TestCorruptionRandomOptIn/enabled (0.35s)
Integration (macos, Go 1.27.x)	Run self tests, using QUIC v2	2026-09-11T01:07:08.3395250Z === RUN   TestWriteWithLimitStreamFlowControl
Integration (macos, Go 1.27.x)	Run self tests, using QUIC v2	2026-09-11T01:07:08.3497640Z --- PASS: TestWriteWithLimitStreamFlowControl (0.00s)
Integration (macos, Go 1.27.x)	Run self tests, using QUIC v2	2026-09-11T01:07:08.3598190Z === RUN   TestFaultyPacketConn
Integration (macos, Go 1.27.x)	Run self tests, using QUIC v2	2026-09-11T01:07:08.3704670Z === RUN   TestFaultyPacketConn/client
Integration (macos, Go 1.27.x)	Run self tests, using QUIC v2	2026-09-11T01:07:08.3805130Z     timeout_test.go:435: blocking client's connection after 11 packets
Integration (macos, Go 1.27.x)	Run self tests, using QUIC v2	2026-09-11T01:07:08.3908070Z === RUN   TestFaultyPacketConn/server
Integration (macos, Go 1.27.x)	Run self tests, using QUIC v2	2026-09-11T01:07:08.4012440Z     timeout_test.go:435: blocking server's connection after 15 packets
Integration (macos, Go 1.27.x)	Run self tests, using QUIC v2	2026-09-11T01:07:08.4114780Z --- PASS: TestFaultyPacketConn (0.01s)
Integration (macos, Go 1.27.x)	Run self tests, using QUIC v2	2026-09-11T01:07:08.4217030Z     --- PASS: TestFaultyPacketConn/client (0.00s)
Integration (macos, Go 1.27.x)	Run self tests, using QUIC v2	2026-09-11T01:07:08.4318200Z     --- PASS: TestFaultyPacketConn/server (0.00s)
Integration (macos, Go 1.27.x)	Run self tests, using QUIC v2	2026-09-11T01:07:08.4418660Z === RUN   TestIdleTimeout
Integration (macos, Go 1.27.x)	Run self tests, using QUIC v2	2026-09-11T01:07:08.4520390Z     timeout_test.go:129: server connection timed out after 20.001s (idle timeout: 20s)
Integration (macos, Go 1.27.x)	Run self tests, using QUIC v2	2026-09-11T01:07:08.4620790Z     timeout_test.go:138: client connection timed out after 20.0005s (idle timeout: 20s)
Integration (macos, Go 1.27.x)	Run self tests, using QUIC v2	2026-09-11T01:07:08.4721780Z --- PASS: TestIdleTimeout (0.00s)
Integration (macos, Go 1.27.x)	Run self tests, using QUIC v2	2026-09-11T01:07:08.4823120Z === RUN   TestStatelessResets
Integration (macos, Go 1.27.x)	Run self tests, using QUIC v2	2026-09-11T01:07:08.4924380Z === RUN   TestStatelessResets/zero-length_connection_IDs
Integration (macos, Go 1.27.x)	Run self tests, using QUIC v2	2026-09-11T01:07:08.5026480Z === RUN   TestStatelessResets/10_byte_connection_IDs
Integration (macos, Go 1.27.x)	Run self tests, using QUIC v2	2026-09-11T01:07:08.5127120Z --- PASS: TestStatelessResets (0.00s)
Integration (macos, Go 1.27.x)	Run self tests, using QUIC v2	2026-09-11T01:07:08.5228790Z     --- PASS: TestStatelessResets/zero-length_connection_IDs (0.00s)
Integration (macos, Go 1.27.x)	Run self tests, using QUIC v2	2026-09-11T01:07:08.5330240Z     --- PASS: TestStatelessResets/10_byte_connection_IDs (0.00s)
Integration (macos, Go 1.27.x)	Run self tests, using QUIC v2	2026-09-11T01:07:08.5430640Z === RUN   TestHTTPMultipleRequests
Integration (macos, Go 1.27.x)	Run self tests, using QUIC v2	2026-09-11T01:07:08.5532600Z === RUN   TestHTTPMultipleRequests/reading_the_response
Integration (macos, Go 1.27.x)	Run self tests, using QUIC v2	2026-09-11T01:07:08.5632200Z === RUN   TestHTTPMultipleRequests/not_reading_the_response
Integration (macos, Go 1.27.x)	Run self tests, using QUIC v2	2026-09-11T01:07:08.5662590Z --- PASS: TestHTTPMultipleRequests (0.09s)
Integration (macos, Go 1.27.x)	Run self tests, using QUIC v2	2026-09-11T01:07:08.5672790Z     --- PASS: TestHTTPMultipleRequests/reading_the_response (0.01s)
Integration (macos, Go 1.27.x)	Run self tests, using QUIC v2	2026-09-11T01:07:08.5678450Z     --- PASS: TestHTTPMultipleRequests/not_reading_the_response (0.08s)
Integration (macos, Go 1.27.x)	Run self tests, using QUIC v2	2026-09-11T01:07:08.5679080Z === RUN   TestBidirectionalStreamMultiplexing
Integration (macos, Go 1.27.x)	Run self tests, using QUIC v2	2026-09-11T01:07:08.5679630Z === RUN   TestBidirectionalStreamMultiplexing/client_->_server
Integration (macos, Go 1.27.x)	Run self tests, using QUIC v2	2026-09-11T01:07:08.5680710Z === RUN   TestBidirectionalStreamMultiplexing/client_<->_server
Integration (macos, Go 1.27.x)	Run self tests, using QUIC v2	2026-09-11T01:07:08.5683060Z --- PASS: TestBidirectionalStreamMultiplexing (0.02s)
Integration (macos, Go 1.27.x)	Run self tests, using QUIC v2	2026-09-11T01:07:08.5683830Z     --- PASS: TestBidirectionalStreamMultiplexing/client_->_server (0.01s)
Integration (macos, Go 1.27.x)	Run self tests, using QUIC v2	2026-09-11T01:07:08.5684960Z     --- PASS: TestBidirectionalStreamMultiplexing/client_<->_server (0.01s)
Integration (macos, Go 1.27.x)	Run self tests, using QUIC v2	2026-09-11T01:07:08.5685930Z === RUN   TestCorruptionFiniteCallback
Integration (macos, Go 1.27.x)	Run self tests, using QUIC v2	2026-09-11T01:07:08.5686410Z === RUN   TestCorruptionFiniteCallback/initial
Integration (macos, Go 1.27.x)	Run self tests, using QUIC v2	2026-09-11T01:07:08.5686890Z === RUN   TestCorruptionFiniteCallback/initial/Incoming
Integration (macos, Go 1.27.x)	Run self tests, using QUIC v2	2026-09-11T01:07:08.5687520Z === RUN   TestCorruptionFiniteCallback/initial/Outgoing
Integration (macos, Go 1.27.x)	Run self tests, using QUIC v2	2026-09-11T01:07:08.5688310Z === RUN   TestCorruptionFiniteCallback/handshake
Integration (macos, Go 1.27.x)	Run self tests, using QUIC v2	2026-09-11T01:07:08.5691190Z === RUN   TestCorruptionFiniteCallback/handshake/Incoming
Integration (macos, Go 1.27.x)	Run self tests, using QUIC v2	2026-09-11T01:07:08.5692620Z === RUN   TestCorruptionFiniteCallback/handshake/Outgoing
Integration (macos, Go 1.27.x)	Run self tests, using QUIC v2	2026-09-11T01:07:08.5693090Z === RUN   TestCorruptionFiniteCallback/1RTT
Integration (macos, Go 1.27.x)	Run self tests, using QUIC v2	2026-09-11T01:07:08.5693510Z === RUN   TestCorruptionFiniteCallback/1RTT/Incoming
Integration (macos, Go 1.27.x)	Run self tests, using QUIC v2	2026-09-11T01:07:08.5693900Z === RUN   TestCorruptionFiniteCallback/1RTT/Outgoing
Integration (macos, Go 1.27.x)	Run self tests, using QUIC v2	2026-09-11T01:07:08.5694910Z --- PASS: TestCorruptionFiniteCallback (0.00s)
Integration (macos, Go 1.27.x)	Run self tests, using QUIC v2	2026-09-11T01:07:08.5695570Z     --- PASS: TestCorruptionFiniteCallback/initial (0.00s)
Integration (macos, Go 1.27.x)	Run self tests, using QUIC v2	2026-09-11T01:07:08.5696180Z         --- PASS: TestCorruptionFiniteCallback/initial/Incoming (0.00s)
Integration (macos, Go 1.27.x)	Run self tests, using QUIC v2	2026-09-11T01:07:08.5697020Z         --- PASS: TestCorruptionFiniteCallback/initial/Outgoing (0.00s)
Integration (macos, Go 1.27.x)	Run self tests, using QUIC v2	2026-09-11T01:07:08.5697530Z     --- PASS: TestCorruptionFiniteCallback/handshake (0.00s)
Integration (macos, Go 1.27.x)	Run self tests, using QUIC v2	2026-09-11T01:07:08.5698160Z         --- PASS: TestCorruptionFiniteCallback/handshake/Incoming (0.00s)
Integration (macos, Go 1.27.x)	Run self tests, using QUIC v2	2026-09-11T01:07:08.5698850Z         --- PASS: TestCorruptionFiniteCallback/handshake/Outgoing (0.00s)
Integration (macos, Go 1.27.x)	Run self tests, using QUIC v2	2026-09-11T01:07:08.5699400Z     --- PASS: TestCorruptionFiniteCallback/1RTT (0.00s)
Integration (macos, Go 1.27.x)	Run self tests, using QUIC v2	2026-09-11T01:07:08.5699940Z         --- PASS: TestCorruptionFiniteCallback/1RTT/Incoming (0.00s)
Integration (macos, Go 1.27.x)	Run self tests, using QUIC v2	2026-09-11T01:07:08.5700570Z         --- PASS: TestCorruptionFiniteCallback/1RTT/Outgoing (0.00s)
Integration (macos, Go 1.27.x)	Run self tests, using QUIC v2	2026-09-11T01:07:08.5700960Z === RUN   TestHandshakeRTTRetry
Integration (macos, Go 1.27.x)	Run self tests, using QUIC v2	2026-09-11T01:07:08.5701780Z === RUN   TestHandshakeRTTRetry/retry
Integration (macos, Go 1.27.x)	Run self tests, using QUIC v2	2026-09-11T01:07:08.5702270Z === RUN   TestHandshakeRTTRetry/no_retry
Integration (macos, Go 1.27.x)	Run self tests, using QUIC v2	2026-09-11T01:07:08.5702580Z --- PASS: TestHandshakeRTTRetry (0.00s)
Integration (macos, Go 1.27.x)	Run self tests, using QUIC v2	2026-09-11T01:07:08.5704000Z     --- PASS: TestHandshakeRTTRetry/retry (0.00s)
Integration (macos, Go 1.27.x)	Run self tests, using QUIC v2	2026-09-11T01:07:08.5704660Z     --- PASS: TestHandshakeRTTRetry/no_retry (0.00s)
Integration (macos, Go 1.27.x)	Run self tests, using QUIC v2	2026-09-11T01:07:08.5705000Z === RUN   TestHTTPStreamedRequests
Integration (macos, Go 1.27.x)	Run self tests, using QUIC v2	2026-09-11T01:07:08.5705390Z --- PASS: TestHTTPStreamedRequests (0.00s)
Integration (macos, Go 1.27.x)	Run self tests, using QUIC v2	2026-09-11T01:07:08.5705800Z === RUN   TestHTTPClientRequestContextCancellation
Integration (macos, Go 1.27.x)	Run self tests, using QUIC v2	2026-09-11T01:07:08.5706250Z === RUN   TestHTTPClientRequestContextCancellation/before_response
Integration (macos, Go 1.27.x)	Run self tests, using QUIC v2	2026-09-11T01:07:08.5706700Z === RUN   TestHTTPClientRequestContextCancellation/after_response
Integration (macos, Go 1.27.x)	Run self tests, using QUIC v2	2026-09-11T01:07:08.5707110Z --- PASS: TestHTTPClientRequestContextCancellation (0.05s)
Integration (macos, Go 1.27.x)	Run self tests, using QUIC v2	2026-09-11T01:07:08.5707710Z     --- PASS: TestHTTPClientRequestContextCancellation/before_response (0.05s)
Integration (macos, Go 1.27.x)	Run self tests, using QUIC v2	2026-09-11T01:07:08.5708340Z     --- PASS: TestHTTPClientRequestContextCancellation/after_response (0.00s)
Integration (macos, Go 1.27.x)	Run self tests, using QUIC v2	2026-09-11T01:07:08.5708760Z === RUN   TestHandshakeDiagnosticsLossObserver
Integration (macos, Go 1.27.x)	Run self tests, using QUIC v2	2026-09-11T01:07:08.5709100Z --- PASS: TestHandshakeDiagnosticsLossObserver (0.00s)
Integration (macos, Go 1.27.x)	Run self tests, using QUIC v2	2026-09-11T01:07:08.5709410Z === RUN   TestHandshakeDiagnosticsFailureReport
Integration (macos, Go 1.27.x)	Run self tests, using QUIC v2	2026-09-11T01:07:08.5709710Z --- PASS: TestHandshakeDiagnosticsFailureReport (0.00s)
Integration (macos, Go 1.27.x)	Run self tests, using QUIC v2	2026-09-11T01:07:08.5709990Z === RUN   Test0RTTRejectedWhenDisabled
Integration (macos, Go 1.27.x)	Run self tests, using QUIC v2	2026-09-11T01:07:08.5710380Z     zero_rtt_test.go:862: Sent 4 0-RTT packets.
Integration (macos, Go 1.27.x)	Run self tests, using QUIC v2	2026-09-11T01:07:08.5710640Z --- PASS: Test0RTTRejectedWhenDisabled (0.00s)
Integration (macos, Go 1.27.x)	Run self tests, using QUIC v2	2026-09-11T01:07:08.5710900Z === RUN   TestDrainServerAcceptQueue
Integration (macos, Go 1.27.x)	Run self tests, using QUIC v2	2026-09-11T01:07:08.6061330Z --- PASS: TestDrainServerAcceptQueue (0.11s)
Integration (macos, Go 1.27.x)	Run self tests, using QUIC v2	2026-09-11T01:07:08.6064250Z === RUN   TestHTTP0RTTWithChangedServerSettings
Integration (macos, Go 1.27.x)	Run self tests, using QUIC v2	2026-09-11T01:07:08.6068320Z === RUN   TestHTTP0RTTWithChangedServerSettings/increased
Integration (macos, Go 1.27.x)	Run self tests, using QUIC v2	2026-09-11T01:07:08.7637500Z === RUN   TestHTTP0RTTWithChangedServerSettings/decreased
Integration (macos, Go 1.27.x)	Run self tests, using QUIC v2	2026-09-11T01:07:08.9230900Z --- PASS: TestHTTP0RTTWithChangedServerSettings (0.32s)
Integration (macos, Go 1.27.x)	Run self tests, using QUIC v2	2026-09-11T01:07:08.9243710Z     --- PASS: TestHTTP0RTTWithChangedServerSettings/increased (0.16s)
Integration (macos, Go 1.27.x)	Run self tests, using QUIC v2	2026-09-11T01:07:08.9260450Z     --- PASS: TestHTTP0RTTWithChangedServerSettings/decreased (0.16s)
Integration (macos, Go 1.27.x)	Run self tests, using QUIC v2	2026-09-11T01:07:08.9273640Z === RUN   TestCorruptionDiagnosticsCleanup
Integration (macos, Go 1.27.x)	Run self tests, using QUIC v2	2026-09-11T01:07:08.9275130Z === RUN   TestCorruptionDiagnosticsCleanup/pass
Integration (macos, Go 1.27.x)	Run self tests, using QUIC v2	2026-09-11T01:07:09.5686560Z === RUN   TestCorruptionDiagnosticsCleanup/fail
Integration (macos, Go 1.27.x)	Run self tests, using QUIC v2	2026-09-11T01:07:12.9367760Z --- PASS: TestCorruptionDiagnosticsCleanup (4.01s)
Integration (macos, Go 1.27.x)	Run self tests, using QUIC v2	2026-09-11T01:07:12.9468970Z     --- PASS: TestCorruptionDiagnosticsCleanup/pass (0.65s)
Integration (macos, Go 1.27.x)	Run self tests, using QUIC v2	2026-09-11T01:07:12.9573000Z     --- PASS: TestCorruptionDiagnosticsCleanup/fail (3.37s)
Integration (macos, Go 1.27.x)	Run self tests, using QUIC v2	2026-09-11T01:07:12.9677630Z === RUN   TestHandshakeContextTimeout
Integration (macos, Go 1.27.x)	Run self tests, using QUIC v2	2026-09-11T01:07:13.0020200Z --- PASS: TestHandshakeContextTimeout (0.06s)
Integration (macos, Go 1.27.x)	Run self tests, using QUIC v2	2026-09-11T01:07:13.0123430Z === RUN   TestHTTPSettings
Integration (macos, Go 1.27.x)	Run self tests, using QUIC v2	2026-09-11T01:07:13.0227010Z === RUN   TestHTTPSettings/server_settings
Integration (macos, Go 1.27.x)	Run self tests, using QUIC v2	2026-09-11T01:07:13.0351030Z === RUN   TestHTTPSettings/client_settings
Integration (macos, Go 1.27.x)	Run self tests, using QUIC v2	2026-09-11T01:07:13.0431780Z --- PASS: TestHTTPSettings (0.01s)
Integration (macos, Go 1.27.x)	Run self tests, using QUIC v2	2026-09-11T01:07:13.0533390Z     --- PASS: TestHTTPSettings/server_settings (0.00s)
Integration (macos, Go 1.27.x)	Run self tests, using QUIC v2	2026-09-11T01:07:13.0633840Z     --- PASS: TestHTTPSettings/client_settings (0.00s)
Integration (macos, Go 1.27.x)	Run self tests, using QUIC v2	2026-09-11T01:07:13.0736180Z === RUN   TestGracefulShutdownPendingStreams
Integration (macos, Go 1.27.x)	Run self tests, using QUIC v2	2026-09-11T01:07:13.7727450Z --- PASS: TestGracefulShutdownPendingStreams (0.76s)
Integration (macos, Go 1.27.x)	Run self tests, using QUIC v2	2026-09-11T01:07:13.7829350Z === RUN   Test0RTTRejectedOnDatagramsDisabled
Integration (macos, Go 1.27.x)	Run self tests, using QUIC v2	2026-09-11T01:07:13.7932320Z     zero_rtt_test.go:905: Sent 4 0-RTT packets.
Integration (macos, Go 1.27.x)	Run self tests, using QUIC v2	2026-09-11T01:07:13.8048620Z --- PASS: Test0RTTRejectedOnDatagramsDisabled (0.00s)
Integration (macos, Go 1.27.x)	Run self tests, using QUIC v2	2026-09-11T01:07:13.8149970Z === RUN   TestHandshake
Integration (macos, Go 1.27.x)	Run self tests, using QUIC v2	2026-09-11T01:07:13.8297890Z === RUN   TestHandshake/short_cert_chain
Integration (macos, Go 1.27.x)	Run self tests, using QUIC v2	2026-09-11T01:07:13.8433050Z === RUN   TestHandshake/long_cert_chain
Integration (macos, Go 1.27.x)	Run self tests, using QUIC v2	2026-09-11T01:07:13.8536790Z --- PASS: TestHandshake (0.01s)
Integration (macos, Go 1.27.x)	Run self tests, using QUIC v2	2026-09-11T01:07:13.8537690Z     --- PASS: TestHandshake/short_cert_chain (0.00s)
Integration (macos, Go 1.27.x)	Run self tests, using QUIC v2	2026-09-11T01:07:13.8645010Z     --- PASS: TestHandshake/long_cert_chain (0.00s)
Integration (macos, Go 1.27.x)	Run self tests, using QUIC v2	2026-09-11T01:07:13.8733380Z === RUN   TestHTTPRemoteAddrContextKey
Integration (macos, Go 1.27.x)	Run self tests, using QUIC v2	2026-09-11T01:07:13.8739960Z --- PASS: TestHTTPRemoteAddrContextKey (0.00s)
Integration (macos, Go 1.27.x)	Run self tests, using QUIC v2	2026-09-11T01:07:13.8777140Z === RUN   TestCorruptionCaptureIncompleteRecords
Integration (macos, Go 1.27.x)	Run self tests, using QUIC v2	2026-09-11T01:07:13.8783210Z === RUN   TestCorruptionCaptureIncompleteRecords/oversized_event
Integration (macos, Go 1.27.x)	Run self tests, using QUIC v2	2026-09-11T01:07:13.8888830Z === RUN   TestCorruptionCaptureIncompleteRecords/failed_file_write
Integration (macos, Go 1.27.x)	Run self tests, using QUIC v2	2026-09-11T01:07:13.9035000Z corruption capture write failed: path=/var/folders/36/tjdph2t965j8snz9_vkdnw0r0000gn/T/TestCorruptionCaptureIncompleteRecords889690041/001/handshake-982232793.jsonl error=write /var/folders/36/tjdph2t965j8snz9_vkdnw0r0000gn/T/TestCorruptionCaptureIncompleteRecords889690041/001/handshake-982232793.jsonl: file already closed
Integration (macos, Go 1.27.x)	Run self tests, using QUIC v2	2026-09-11T01:07:13.9209310Z     corruption_capture_helper_test.go:64: corruption capture: path=/var/folders/36/tjdph2t965j8snz9_vkdnw0r0000gn/T/TestCorruptionCaptureIncompleteRecords889690041/001/handshake-982232793.jsonl dropped=0 error=write /var/folders/36/tjdph2t965j8snz9_vkdnw0r0000gn/T/TestCorruptionCaptureIncompleteRecords889690041/001/handshake-982232793.jsonl: file already closed
Integration (macos, Go 1.27.x)	Run self tests, using QUIC v2	2026-09-11T01:07:13.9858870Z --- PASS: TestCorruptionCaptureIncompleteRecords (0.03s)
Integration (macos, Go 1.27.x)	Run self tests, using QUIC v2	2026-09-11T01:07:13.9993720Z     --- PASS: TestCorruptionCaptureIncompleteRecords/oversized_event (0.01s)
Integration (macos, Go 1.27.x)	Run self tests, using QUIC v2	2026-09-11T01:07:14.0097610Z     --- PASS: TestCorruptionCaptureIncompleteRecords/failed_file_write (0.01s)
Integration (macos, Go 1.27.x)	Run self tests, using QUIC v2	2026-09-11T01:07:14.0203550Z === RUN   TestHTTPHeaderSizeLimitServer
Integration (macos, Go 1.27.x)	Run self tests, using QUIC v2	2026-09-11T01:07:14.0307370Z === RUN   TestHTTPHeaderSizeLimitServer/large_HEADERS_frame
Integration (macos, Go 1.27.x)	Run self tests, using QUIC v2	2026-09-11T01:07:14.0410940Z === RUN   TestHTTPHeaderSizeLimitServer/large_decompressed_HEADERS_frame
Integration (macos, Go 1.27.x)	Run self tests, using QUIC v2	2026-09-11T01:07:14.0514200Z --- PASS: TestHTTPHeaderSizeLimitServer (0.01s)
Integration (macos, Go 1.27.x)	Run self tests, using QUIC v2	2026-09-11T01:07:14.0616580Z     --- PASS: TestHTTPHeaderSizeLimitServer/large_HEADERS_frame (0.00s)
Integration (macos, Go 1.27.x)	Run self tests, using QUIC v2	2026-09-11T01:07:14.0686790Z     --- PASS: TestHTTPHeaderSizeLimitServer/large_decompressed_HEADERS_frame (0.00s)
Integration (macos, Go 1.27.x)	Run self tests, using QUIC v2	2026-09-11T01:07:14.0690070Z === RUN   TestTokensFromNewTokenFrames
Integration (macos, Go 1.27.x)	Run self tests, using QUIC v2	2026-09-11T01:07:14.0797080Z === RUN   TestTokensFromNewTokenFrames/MaxTokenAge:_1_hour
Integration (macos, Go 1.27.x)	Run self tests, using QUIC v2	2026-09-11T01:07:14.0806080Z === RUN   TestTokensFromNewTokenFrames/MaxTokenAge:_default
Integration (macos, Go 1.27.x)	Run self tests, using QUIC v2	2026-09-11T01:07:14.0815630Z === RUN   TestTokensFromNewTokenFrames/MaxTokenAge:_very_short
Integration (macos, Go 1.27.x)	Run self tests, using QUIC v2	2026-09-11T01:07:14.0857330Z --- PASS: TestTokensFromNewTokenFrames (0.08s)
Integration (macos, Go 1.27.x)	Run self tests, using QUIC v2	2026-09-11T01:07:14.0863430Z     --- PASS: TestTokensFromNewTokenFrames/MaxTokenAge:_1_hour (0.03s)
Integration (macos, Go 1.27.x)	Run self tests, using QUIC v2	2026-09-11T01:07:14.0868790Z     --- PASS: TestTokensFromNewTokenFrames/MaxTokenAge:_default (0.02s)
Integration (macos, Go 1.27.x)	Run self tests, using QUIC v2	2026-09-11T01:07:14.0872940Z     --- PASS: TestTokensFromNewTokenFrames/MaxTokenAge:_very_short (0.02s)
Integration (macos, Go 1.27.x)	Run self tests, using QUIC v2	2026-09-11T01:07:14.0874230Z === RUN   TestHTTPStreamer
Integration (macos, Go 1.27.x)	Run self tests, using QUIC v2	2026-09-11T01:07:14.0876430Z --- PASS: TestHTTPStreamer (0.02s)
Integration (macos, Go 1.27.x)	Run self tests, using QUIC v2	2026-09-11T01:07:14.0886410Z === RUN   TestServerAcceptQueueOverflow
Integration (macos, Go 1.27.x)	Run self tests, using QUIC v2	2026-09-11T01:07:14.1735810Z --- PASS: TestServerAcceptQueueOverflow (0.27s)
Integration (macos, Go 1.27.x)	Run self tests, using QUIC v2	2026-09-11T01:07:14.1922220Z === RUN   TestHTTPDatagrams
Integration (macos, Go 1.27.x)	Run self tests, using QUIC v2	2026-09-11T01:07:14.1938980Z --- PASS: TestHTTPDatagrams (0.00s)
Integration (macos, Go 1.27.x)	Run self tests, using QUIC v2	2026-09-11T01:07:14.2042800Z === RUN   TestQlogDirEnvironmentVariable
Integration (macos, Go 1.27.x)	Run self tests, using QUIC v2	2026-09-11T01:07:14.2198530Z --- PASS: TestQlogDirEnvironmentVariable (0.03s)
Integration (macos, Go 1.27.x)	Run self tests, using QUIC v2	2026-09-11T01:07:14.2306640Z === RUN   TestHandshakeRTTHelloRetryRequest
Integration (macos, Go 1.27.x)	Run self tests, using QUIC v2	2026-09-11T01:07:14.2411960Z --- PASS: TestHandshakeRTTHelloRetryRequest (0.00s)
Integration (macos, Go 1.27.x)	Run self tests, using QUIC v2	2026-09-11T01:07:14.2522390Z === RUN   TestHandshakeMTUFallback
Integration (macos, Go 1.27.x)	Run self tests, using QUIC v2	2026-09-11T01:07:14.2667750Z === RUN   TestHandshakeMTUFallback/client
Integration (macos, Go 1.27.x)	Run self tests, using QUIC v2	2026-09-11T01:07:14.4277510Z     handshake_mtu_test.go:48: client rejected oversized writes: 2
Integration (macos, Go 1.27.x)	Run self tests, using QUIC v2	2026-09-11T01:07:14.4298060Z === RUN   TestHandshakeMTUFallback/server
Integration (macos, Go 1.27.x)	Run self tests, using QUIC v2	2026-09-11T01:07:14.6515340Z     handshake_mtu_test.go:48: server rejected oversized writes: 4
Integration (macos, Go 1.27.x)	Run self tests, using QUIC v2	2026-09-11T01:07:14.6651560Z --- PASS: TestHandshakeMTUFallback (0.43s)
Integration (macos, Go 1.27.x)	Run self tests, using QUIC v2	2026-09-11T01:07:14.6800810Z     --- PASS: TestHandshakeMTUFallback/client (0.22s)
Integration (macos, Go 1.27.x)	Run self tests, using QUIC v2	2026-09-11T01:07:14.6922990Z     --- PASS: TestHandshakeMTUFallback/server (0.22s)
Integration (macos, Go 1.27.x)	Run self tests, using QUIC v2	2026-09-11T01:07:14.7053000Z === RUN   TestCorruptionCaptureOverflow
Integration (macos, Go 1.27.x)	Run self tests, using QUIC v2	2026-09-11T01:07:15.0823010Z --- PASS: TestCorruptionCaptureOverflow (0.43s)
Integration (macos, Go 1.27.x)	Run self tests, using QUIC v2	2026-09-11T01:07:15.0924770Z === RUN   TestHandshakeExplicitVersions
Integration (macos, Go 1.27.x)	Run self tests, using QUIC v2	2026-09-11T01:07:15.1026380Z === RUN   TestHandshakeExplicitVersions/v1
Integration (macos, Go 1.27.x)	Run self tests, using QUIC v2	2026-09-11T01:07:15.1127770Z === RUN   TestHandshakeExplicitVersions/v2
Integration (macos, Go 1.27.x)	Run self tests, using QUIC v2	2026-09-11T01:07:15.1228450Z --- PASS: TestHandshakeExplicitVersions (0.01s)
Integration (macos, Go 1.27.x)	Run self tests, using QUIC v2	2026-09-11T01:07:15.1330860Z     --- PASS: TestHandshakeExplicitVersions/v1 (0.00s)
Integration (macos, Go 1.27.x)	Run self tests, using QUIC v2	2026-09-11T01:07:15.1581380Z     --- PASS: TestHandshakeExplicitVersions/v2 (0.00s)
Integration (macos, Go 1.27.x)	Run self tests, using QUIC v2	2026-09-11T01:07:15.1683500Z === RUN   TestHTTP3StreamPriority
Integration (macos, Go 1.27.x)	Run self tests, using QUIC v2	2026-09-11T01:07:15.1790780Z === RUN   TestHTTP3StreamPriority/incremental_streams_use_urgency_and_round_robin
Integration (macos, Go 1.27.x)	Run self tests, using QUIC v2	2026-09-11T01:07:15.1892660Z === RUN   TestHTTP3StreamPriority/non-incremental_streams_use_stream_ID
Integration (macos, Go 1.27.x)	Run self tests, using QUIC v2	2026-09-11T01:07:15.2004560Z --- PASS: TestHTTP3StreamPriority (0.02s)
Integration (macos, Go 1.27.x)	Run self tests, using QUIC v2	2026-09-11T01:07:15.2144480Z     --- PASS: TestHTTP3StreamPriority/incremental_streams_use_urgency_and_round_robin (0.01s)
Integration (macos, Go 1.27.x)	Run self tests, using QUIC v2	2026-09-11T01:07:15.2252300Z     --- PASS: TestHTTP3StreamPriority/non-incremental_streams_use_stream_ID (0.01s)
Integration (macos, Go 1.27.x)	Run self tests, using QUIC v2	2026-09-11T01:07:15.2356120Z === RUN   TestHTTPConnContext
Integration (macos, Go 1.27.x)	Run self tests, using QUIC v2	2026-09-11T01:07:15.2463720Z --- PASS: TestHTTPConnContext (0.00s)
Integration (macos, Go 1.27.x)	Run self tests, using QUIC v2	2026-09-11T01:07:15.2488230Z === RUN   TestTimeoutReaderJoinsClose
Integration (macos, Go 1.27.x)	Run self tests, using QUIC v2	2026-09-11T01:07:15.2493500Z --- PASS: TestTimeoutReaderJoinsClose (0.00s)
Integration (macos, Go 1.27.x)	Run self tests, using QUIC v2	2026-09-11T01:07:15.2556630Z === RUN   TestWriteDeadlineAsync
Integration (macos, Go 1.27.x)	Run self tests, using QUIC v2	2026-09-11T01:07:15.4461180Z --- PASS: TestWriteDeadlineAsync (0.34s)
Integration (macos, Go 1.27.x)	Run self tests, using QUIC v2	2026-09-11T01:07:15.4588230Z === RUN   TestMITMInjectRandomPackets
Integration (macos, Go 1.27.x)	Run self tests, using QUIC v2	2026-09-11T01:07:15.4689810Z === RUN   TestMITMInjectRandomPackets/towards_the_server
Integration (macos, Go 1.27.x)	Run self tests, using QUIC v2	2026-09-11T01:07:15.7039400Z === RUN   TestMITMInjectRandomPackets/towards_the_client
Integration (macos, Go 1.27.x)	Run self tests, using QUIC v2	2026-09-11T01:07:15.9332450Z --- PASS: TestMITMInjectRandomPackets (0.49s)
Integration (macos, Go 1.27.x)	Run self tests, using QUIC v2	2026-09-11T01:07:15.9446990Z     --- PASS: TestMITMInjectRandomPackets/towards_the_server (0.27s)
Integration (macos, Go 1.27.x)	Run self tests, using QUIC v2	2026-09-11T01:07:15.9641100Z     --- PASS: TestMITMInjectRandomPackets/towards_the_client (0.22s)
Integration (macos, Go 1.27.x)	Run self tests, using QUIC v2	2026-09-11T01:07:15.9659280Z === RUN   TestPathMTUDiscoverySnapshot
Integration (macos, Go 1.27.x)	Run self tests, using QUIC v2	2026-09-11T01:07:15.9772360Z     mtu_snapshot_test.go:97: MTU event=1326, DATAGRAM limit during ACK=1163
Integration (macos, Go 1.27.x)	Run self tests, using QUIC v2	2026-09-11T01:07:15.9891650Z     mtu_snapshot_test.go:105: after close: MTU=1326, DATAGRAM limit=1289
Integration (macos, Go 1.27.x)	Run self tests, using QUIC v2	2026-09-11T01:07:16.0004850Z --- PASS: TestPathMTUDiscoverySnapshot (0.01s)
Integration (macos, Go 1.27.x)	Run self tests, using QUIC v2	2026-09-11T01:07:16.0111900Z === RUN   Test0RTTPacketQueueing
Integration (macos, Go 1.27.x)	Run self tests, using QUIC v2	2026-09-11T01:07:16.0240320Z --- PASS: Test0RTTPacketQueueing (0.00s)
Integration (macos, Go 1.27.x)	Run self tests, using QUIC v2	2026-09-11T01:07:16.0322440Z === RUN   TestCorruptionCaptureHandshakePrefix
Integration (macos, Go 1.27.x)	Run self tests, using QUIC v2	2026-09-11T01:07:16.0424200Z --- PASS: TestCorruptionCaptureHandshakePrefix (0.01s)
Integration (macos, Go 1.27.x)	Run self tests, using QUIC v2	2026-09-11T01:07:16.0472670Z === RUN   TestHandshakeIdleTimeout
Integration (macos, Go 1.27.x)	Run self tests, using QUIC v2	2026-09-11T01:07:16.0474590Z === RUN   TestHandshakeIdleTimeout/Dial
Integration (macos, Go 1.27.x)	Run self tests, using QUIC v2	2026-09-11T01:07:16.0475160Z === RUN   TestHandshakeIdleTimeout/DialEarly
Integration (macos, Go 1.27.x)	Run self tests, using QUIC v2	2026-09-11T01:07:16.0475600Z --- PASS: TestHandshakeIdleTimeout (0.00s)
Integration (macos, Go 1.27.x)	Run self tests, using QUIC v2	2026-09-11T01:07:16.0476150Z     --- PASS: TestHandshakeIdleTimeout/Dial (0.00s)
Integration (macos, Go 1.27.x)	Run self tests, using QUIC v2	2026-09-11T01:07:16.0478350Z     --- PASS: TestHandshakeIdleTimeout/DialEarly (0.00s)
Integration (macos, Go 1.27.x)	Run self tests, using QUIC v2	2026-09-11T01:07:16.0478920Z === RUN   TestHandshakeDiagnosticsBoundedTrace
Integration (macos, Go 1.27.x)	Run self tests, using QUIC v2	2026-09-11T01:07:16.0479570Z --- PASS: TestHandshakeDiagnosticsBoundedTrace (0.00s)
Integration (macos, Go 1.27.x)	Run self tests, using QUIC v2	2026-09-11T01:07:16.0480100Z === RUN   TestInitialPacketSize
Integration (macos, Go 1.27.x)	Run self tests, using QUIC v2	2026-09-11T01:07:16.0480550Z --- PASS: TestInitialPacketSize (0.00s)
Integration (macos, Go 1.27.x)	Run self tests, using QUIC v2	2026-09-11T01:07:16.0481030Z === RUN   TestHTTPContextFromQUIC
Integration (macos, Go 1.27.x)	Run self tests, using QUIC v2	2026-09-11T01:07:16.0481440Z --- PASS: TestHTTPContextFromQUIC (0.00s)
Integration (macos, Go 1.27.x)	Run self tests, using QUIC v2	2026-09-11T01:07:16.0481870Z FAIL
Integration (macos, Go 1.27.x)	Run self tests, using QUIC v2	2026-09-11T01:07:16.0482390Z FAIL	github.com/quic-go/quic-go/integrationtests/self	35.987s
Integration (macos, Go 1.27.x)	Run self tests, using QUIC v2	2026-09-11T01:07:16.0482970Z FAIL
Integration (macos, Go 1.27.x)	Run self tests, using QUIC v2	2026-09-11T01:07:16.0528640Z ##[error]Process completed with exit code 1.
