Integration (macos, Go 1.27.x)	Set up job	﻿2026-09-11T01:05:30.4682780Z Current runner version: '2.337.0'
Integration (macos, Go 1.27.x)	Set up job	2026-09-11T01:05:30.4721940Z ##[group]Runner Image Provisioner
Integration (macos, Go 1.27.x)	Set up job	2026-09-11T01:05:30.4723480Z Hosted Compute Agent
Integration (macos, Go 1.27.x)	Set up job	2026-09-11T01:05:30.4724470Z Version: 20260828.587
Integration (macos, Go 1.27.x)	Set up job	2026-09-11T01:05:30.4725590Z Commit: abac92662cab4cc7352de4f9f9d2e2419aad9c29
Integration (macos, Go 1.27.x)	Set up job	2026-09-11T01:05:30.4726870Z Build Date: 2026-08-28T16:44:25Z
Integration (macos, Go 1.27.x)	Set up job	2026-09-11T01:05:30.4728070Z Worker ID: {e4187220-c428-4471-ad9e-4e503003ea8b}
Integration (macos, Go 1.27.x)	Set up job	2026-09-11T01:05:30.4729300Z Azure Region: westus
Integration (macos, Go 1.27.x)	Set up job	2026-09-11T01:05:30.4730660Z ##[endgroup]
Integration (macos, Go 1.27.x)	Set up job	2026-09-11T01:05:30.4733600Z ##[group]Operating System
Integration (macos, Go 1.27.x)	Set up job	2026-09-11T01:05:30.4734670Z macOS
Integration (macos, Go 1.27.x)	Set up job	2026-09-11T01:05:30.4735550Z 26.6.2
Integration (macos, Go 1.27.x)	Set up job	2026-09-11T01:05:30.4736400Z 25G83
Integration (macos, Go 1.27.x)	Set up job	2026-09-11T01:05:30.4737350Z ##[endgroup]
Integration (macos, Go 1.27.x)	Set up job	2026-09-11T01:05:30.4738320Z ##[group]Runner Image
Integration (macos, Go 1.27.x)	Set up job	2026-09-11T01:05:30.4739320Z Image: macos-26-arm64
Integration (macos, Go 1.27.x)	Set up job	2026-09-11T01:05:30.4740330Z Version: 20260907.0351.1
Integration (macos, Go 1.27.x)	Set up job	2026-09-11T01:05:30.4742370Z Included Software: https://github.com/actions/runner-images/blob/macos-26-arm64/20260907.0351/images/macos/macos-26-arm64-Readme.md
Integration (macos, Go 1.27.x)	Set up job	2026-09-11T01:05:30.4745570Z Image Release: https://github.com/actions/runner-images/releases/tag/macos-26-arm64%2F20260907.0351
Integration (macos, Go 1.27.x)	Set up job	2026-09-11T01:05:30.4747360Z ##[endgroup]
Integration (macos, Go 1.27.x)	Set up job	2026-09-11T01:05:30.4752730Z ##[group]GITHUB_TOKEN Permissions
Integration (macos, Go 1.27.x)	Set up job	2026-09-11T01:05:30.4757070Z Actions: read
Integration (macos, Go 1.27.x)	Set up job	2026-09-11T01:05:30.4758150Z ArtifactMetadata: read
Integration (macos, Go 1.27.x)	Set up job	2026-09-11T01:05:30.4759230Z Attestations: read
Integration (macos, Go 1.27.x)	Set up job	2026-09-11T01:05:30.4760190Z Checks: read
Integration (macos, Go 1.27.x)	Set up job	2026-09-11T01:05:30.4761180Z CodeQuality: read
Integration (macos, Go 1.27.x)	Set up job	2026-09-11T01:05:30.4762270Z Contents: read
Integration (macos, Go 1.27.x)	Set up job	2026-09-11T01:05:30.4763270Z Deployments: read
Integration (macos, Go 1.27.x)	Set up job	2026-09-11T01:05:30.4764240Z Discussions: read
Integration (macos, Go 1.27.x)	Set up job	2026-09-11T01:05:30.4765190Z Drives: read
Integration (macos, Go 1.27.x)	Set up job	2026-09-11T01:05:30.4766130Z Issues: read
Integration (macos, Go 1.27.x)	Set up job	2026-09-11T01:05:30.4767060Z Metadata: read
Integration (macos, Go 1.27.x)	Set up job	2026-09-11T01:05:30.4768030Z Models: read
Integration (macos, Go 1.27.x)	Set up job	2026-09-11T01:05:30.4769160Z Packages: read
Integration (macos, Go 1.27.x)	Set up job	2026-09-11T01:05:30.4770120Z Pages: read
Integration (macos, Go 1.27.x)	Set up job	2026-09-11T01:05:30.4771070Z PullRequests: read
Integration (macos, Go 1.27.x)	Set up job	2026-09-11T01:05:30.4772070Z RepositoryProjects: read
Integration (macos, Go 1.27.x)	Set up job	2026-09-11T01:05:30.4773440Z SecurityEvents: read
Integration (macos, Go 1.27.x)	Set up job	2026-09-11T01:05:30.4774610Z Statuses: read
Integration (macos, Go 1.27.x)	Set up job	2026-09-11T01:05:30.4775620Z VulnerabilityAlerts: read
Integration (macos, Go 1.27.x)	Set up job	2026-09-11T01:05:30.4776750Z ##[endgroup]
Integration (macos, Go 1.27.x)	Set up job	2026-09-11T01:05:30.4781340Z Secret source: Actions
Integration (macos, Go 1.27.x)	Set up job	2026-09-11T01:05:30.4782970Z Cache mode: write
Integration (macos, Go 1.27.x)	Set up job	2026-09-11T01:05:30.4784310Z Prepare workflow directory
Integration (macos, Go 1.27.x)	Set up job	2026-09-11T01:05:30.5259730Z Prepare all required actions
Integration (macos, Go 1.27.x)	Set up job	2026-09-11T01:05:30.5339860Z Getting action download info
Integration (macos, Go 1.27.x)	Set up job	2026-09-11T01:05:30.9914740Z Download action repository 'actions/checkout@v7' (SHA:3d3c42e5aac5ba805825da76410c181273ba90b1)
Integration (macos, Go 1.27.x)	Set up job	2026-09-11T01:05:31.2670600Z Download action repository 'actions/setup-go@v7' (SHA:b7ad1dad31e06c5925ef5d2fc7ad053ef454303e)
Integration (macos, Go 1.27.x)	Set up job	2026-09-11T01:05:31.7064290Z Download action repository 'actions/upload-artifact@v7' (SHA:043fb46d1a93c77aae656e7c1c64a875d1fc6a0a)
Integration (macos, Go 1.27.x)	Set up job	2026-09-11T01:05:31.7668270Z Download action repository 'codecov/codecov-action@fb8b3582c8e4def4969c97caa2f19720cb33a72f' (SHA:fb8b3582c8e4def4969c97caa2f19720cb33a72f)
Integration (macos, Go 1.27.x)	Set up job	2026-09-11T01:05:32.1743140Z Getting action download info
Integration (macos, Go 1.27.x)	Set up job	2026-09-11T01:05:32.3262390Z Download action repository 'actions/github-script@ed597411d8f924073f98dfc5c65a23a2325f34cd' (SHA:ed597411d8f924073f98dfc5c65a23a2325f34cd)
Integration (macos, Go 1.27.x)	Set up job	2026-09-11T01:05:32.7760910Z Complete job name: Integration (macos, Go 1.27.x)
Integration (macos, Go 1.27.x)	Run actions/checkout@v7	﻿2026-09-11T01:05:32.8490660Z ##[group]Run actions/checkout@v7
Integration (macos, Go 1.27.x)	Run actions/checkout@v7	2026-09-11T01:05:32.8491710Z with:
Integration (macos, Go 1.27.x)	Run actions/checkout@v7	2026-09-11T01:05:32.8492450Z   repository: the-sarge/quic-go-fast
Integration (macos, Go 1.27.x)	Run actions/checkout@v7	2026-09-11T01:05:32.8498120Z   token: ***
Integration (macos, Go 1.27.x)	Run actions/checkout@v7	2026-09-11T01:05:32.8498690Z   ssh-strict: true
Integration (macos, Go 1.27.x)	Run actions/checkout@v7	2026-09-11T01:05:32.8499280Z   ssh-user: git
Integration (macos, Go 1.27.x)	Run actions/checkout@v7	2026-09-11T01:05:32.8499870Z   persist-credentials: true
Integration (macos, Go 1.27.x)	Run actions/checkout@v7	2026-09-11T01:05:32.8500540Z   clean: true
Integration (macos, Go 1.27.x)	Run actions/checkout@v7	2026-09-11T01:05:32.8501280Z   sparse-checkout-cone-mode: true
Integration (macos, Go 1.27.x)	Run actions/checkout@v7	2026-09-11T01:05:32.8502020Z   fetch-depth: 1
Integration (macos, Go 1.27.x)	Run actions/checkout@v7	2026-09-11T01:05:32.8502830Z   fetch-tags: false
Integration (macos, Go 1.27.x)	Run actions/checkout@v7	2026-09-11T01:05:32.8503480Z   show-progress: true
Integration (macos, Go 1.27.x)	Run actions/checkout@v7	2026-09-11T01:05:32.8523910Z   lfs: false
Integration (macos, Go 1.27.x)	Run actions/checkout@v7	2026-09-11T01:05:32.8524810Z   submodules: false
Integration (macos, Go 1.27.x)	Run actions/checkout@v7	2026-09-11T01:05:32.8525570Z   set-safe-directory: true
Integration (macos, Go 1.27.x)	Run actions/checkout@v7	2026-09-11T01:05:32.8526370Z   allow-unsafe-pr-checkout: false
Integration (macos, Go 1.27.x)	Run actions/checkout@v7	2026-09-11T01:05:32.8528890Z env:
Integration (macos, Go 1.27.x)	Run actions/checkout@v7	2026-09-11T01:05:32.8529440Z   DEBUG: false
Integration (macos, Go 1.27.x)	Run actions/checkout@v7	2026-09-11T01:05:32.8530110Z   TIMESCALE_FACTOR: 3
Integration (macos, Go 1.27.x)	Run actions/checkout@v7	2026-09-11T01:05:32.8533160Z ##[endgroup]
Integration (macos, Go 1.27.x)	Run actions/checkout@v7	2026-09-11T01:05:33.2407670Z Syncing repository: the-sarge/quic-go-fast
Integration (macos, Go 1.27.x)	Run actions/checkout@v7	2026-09-11T01:05:33.2409620Z ##[group]Getting Git version info
Integration (macos, Go 1.27.x)	Run actions/checkout@v7	2026-09-11T01:05:33.2410350Z Working directory is '/Users/runner/work/quic-go-fast/quic-go-fast'
Integration (macos, Go 1.27.x)	Run actions/checkout@v7	2026-09-11T01:05:33.2411380Z [command]/opt/homebrew/bin/git version
Integration (macos, Go 1.27.x)	Run actions/checkout@v7	2026-09-11T01:05:33.2937720Z git version 2.55.0
Integration (macos, Go 1.27.x)	Run actions/checkout@v7	2026-09-11T01:05:33.2953140Z ##[endgroup]
Integration (macos, Go 1.27.x)	Run actions/checkout@v7	2026-09-11T01:05:33.2958720Z Copying '/Users/runner/.gitconfig' to '/Users/runner/work/_temp/757282b7-e314-4caf-98dd-0cc71c99a601/.gitconfig'
Integration (macos, Go 1.27.x)	Run actions/checkout@v7	2026-09-11T01:05:33.2963560Z Temporarily overriding HOME='/Users/runner/work/_temp/757282b7-e314-4caf-98dd-0cc71c99a601' before making global git config changes
Integration (macos, Go 1.27.x)	Run actions/checkout@v7	2026-09-11T01:05:33.2964700Z Adding repository directory to the temporary git global config as a safe directory
Integration (macos, Go 1.27.x)	Run actions/checkout@v7	2026-09-11T01:05:33.2967180Z [command]/opt/homebrew/bin/git config --global --add safe.directory /Users/runner/work/quic-go-fast/quic-go-fast
Integration (macos, Go 1.27.x)	Run actions/checkout@v7	2026-09-11T01:05:33.3066160Z Deleting the contents of '/Users/runner/work/quic-go-fast/quic-go-fast'
Integration (macos, Go 1.27.x)	Run actions/checkout@v7	2026-09-11T01:05:33.3068300Z ##[group]Determining repository object format
Integration (macos, Go 1.27.x)	Run actions/checkout@v7	2026-09-11T01:05:33.3069400Z ##[endgroup]
Integration (macos, Go 1.27.x)	Run actions/checkout@v7	2026-09-11T01:05:33.3070280Z ##[group]Initializing the repository
Integration (macos, Go 1.27.x)	Run actions/checkout@v7	2026-09-11T01:05:33.3072860Z [command]/opt/homebrew/bin/git init /Users/runner/work/quic-go-fast/quic-go-fast
Integration (macos, Go 1.27.x)	Run actions/checkout@v7	2026-09-11T01:05:33.3279350Z hint: Using 'master' as the name for the initial branch. This default branch name
Integration (macos, Go 1.27.x)	Run actions/checkout@v7	2026-09-11T01:05:33.3280490Z hint: will change to "main" in Git 3.0. To configure the initial branch name
Integration (macos, Go 1.27.x)	Run actions/checkout@v7	2026-09-11T01:05:33.3281450Z hint: to use in all of your new repositories, which will suppress this warning,
Integration (macos, Go 1.27.x)	Run actions/checkout@v7	2026-09-11T01:05:33.3282220Z hint: call:
Integration (macos, Go 1.27.x)	Run actions/checkout@v7	2026-09-11T01:05:33.3282710Z hint:
Integration (macos, Go 1.27.x)	Run actions/checkout@v7	2026-09-11T01:05:33.3283390Z hint: 	git config --global init.defaultBranch <name>
Integration (macos, Go 1.27.x)	Run actions/checkout@v7	2026-09-11T01:05:33.3284040Z hint:
Integration (macos, Go 1.27.x)	Run actions/checkout@v7	2026-09-11T01:05:33.3284640Z hint: Names commonly chosen instead of 'master' are 'main', 'trunk' and
Integration (macos, Go 1.27.x)	Run actions/checkout@v7	2026-09-11T01:05:33.3285460Z hint: 'development'. The just-created branch can be renamed via this command:
Integration (macos, Go 1.27.x)	Run actions/checkout@v7	2026-09-11T01:05:33.3286250Z hint:
Integration (macos, Go 1.27.x)	Run actions/checkout@v7	2026-09-11T01:05:33.3286870Z hint: 	git branch -m <name>
Integration (macos, Go 1.27.x)	Run actions/checkout@v7	2026-09-11T01:05:33.3287470Z hint:
Integration (macos, Go 1.27.x)	Run actions/checkout@v7	2026-09-11T01:05:33.3288090Z hint: Disable this message with "git config set advice.defaultBranchName false"
Integration (macos, Go 1.27.x)	Run actions/checkout@v7	2026-09-11T01:05:33.3288950Z Initialized empty Git repository in /Users/runner/work/quic-go-fast/quic-go-fast/.git/
Integration (macos, Go 1.27.x)	Run actions/checkout@v7	2026-09-11T01:05:33.3290860Z [command]/opt/homebrew/bin/git remote add origin https://github.com/the-sarge/quic-go-fast
Integration (macos, Go 1.27.x)	Run actions/checkout@v7	2026-09-11T01:05:33.3365040Z ##[endgroup]
Integration (macos, Go 1.27.x)	Run actions/checkout@v7	2026-09-11T01:05:33.3366400Z ##[group]Disabling automatic garbage collection
Integration (macos, Go 1.27.x)	Run actions/checkout@v7	2026-09-11T01:05:33.3369750Z [command]/opt/homebrew/bin/git config --local gc.auto 0
Integration (macos, Go 1.27.x)	Run actions/checkout@v7	2026-09-11T01:05:33.3438570Z ##[endgroup]
Integration (macos, Go 1.27.x)	Run actions/checkout@v7	2026-09-11T01:05:33.3439620Z ##[group]Setting up auth
Integration (macos, Go 1.27.x)	Run actions/checkout@v7	2026-09-11T01:05:33.3440360Z Removing SSH command configuration
Integration (macos, Go 1.27.x)	Run actions/checkout@v7	2026-09-11T01:05:33.3442300Z [command]/opt/homebrew/bin/git config --local --name-only --get-regexp core\.sshCommand
Integration (macos, Go 1.27.x)	Run actions/checkout@v7	2026-09-11T01:05:33.3505950Z [command]/opt/homebrew/bin/git submodule foreach --recursive sh -c "git config --local --name-only --get-regexp 'core\.sshCommand' && git config --local --unset-all 'core.sshCommand' || :"
Integration (macos, Go 1.27.x)	Run actions/checkout@v7	2026-09-11T01:05:33.4573050Z Removing HTTP extra header
Integration (macos, Go 1.27.x)	Run actions/checkout@v7	2026-09-11T01:05:33.4576750Z [command]/opt/homebrew/bin/git config --local --name-only --get-regexp http\.https\:\/\/github\.com\/\.extraheader
Integration (macos, Go 1.27.x)	Run actions/checkout@v7	2026-09-11T01:05:33.4639300Z [command]/opt/homebrew/bin/git submodule foreach --recursive sh -c "git config --local --name-only --get-regexp 'http\.https\:\/\/github\.com\/\.extraheader' && git config --local --unset-all 'http.https://github.com/.extraheader' || :"
Integration (macos, Go 1.27.x)	Run actions/checkout@v7	2026-09-11T01:05:33.5430910Z Removing includeIf entries pointing to credentials config files
Integration (macos, Go 1.27.x)	Run actions/checkout@v7	2026-09-11T01:05:33.5433940Z [command]/opt/homebrew/bin/git config --local --name-only --get-regexp ^includeIf\.gitdir:
Integration (macos, Go 1.27.x)	Run actions/checkout@v7	2026-09-11T01:05:33.5496350Z [command]/opt/homebrew/bin/git submodule foreach --recursive git config --local --show-origin --name-only --get-regexp remote.origin.url
Integration (macos, Go 1.27.x)	Run actions/checkout@v7	2026-09-11T01:05:33.6777890Z [command]/opt/homebrew/bin/git config --file /Users/runner/work/_temp/git-credentials-f9047f26-c03d-4896-ac3d-92d5a3775697.config http.https://github.com/.extraheader AUTHORIZATION: basic ***
Integration (macos, Go 1.27.x)	Run actions/checkout@v7	2026-09-11T01:05:33.6874590Z [command]/opt/homebrew/bin/git config --local includeIf.gitdir:/Users/runner/work/quic-go-fast/quic-go-fast/.git.path /Users/runner/work/_temp/git-credentials-f9047f26-c03d-4896-ac3d-92d5a3775697.config
Integration (macos, Go 1.27.x)	Run actions/checkout@v7	2026-09-11T01:05:33.6949820Z [command]/opt/homebrew/bin/git config --local includeIf.gitdir:/Users/runner/work/quic-go-fast/quic-go-fast/.git/worktrees/*.path /Users/runner/work/_temp/git-credentials-f9047f26-c03d-4896-ac3d-92d5a3775697.config
Integration (macos, Go 1.27.x)	Run actions/checkout@v7	2026-09-11T01:05:33.7045140Z [command]/opt/homebrew/bin/git config --local includeIf.gitdir:/github/workspace/.git.path /github/runner_temp/git-credentials-f9047f26-c03d-4896-ac3d-92d5a3775697.config
Integration (macos, Go 1.27.x)	Run actions/checkout@v7	2026-09-11T01:05:33.7096920Z [command]/opt/homebrew/bin/git config --local includeIf.gitdir:/github/workspace/.git/worktrees/*.path /github/runner_temp/git-credentials-f9047f26-c03d-4896-ac3d-92d5a3775697.config
Integration (macos, Go 1.27.x)	Run actions/checkout@v7	2026-09-11T01:05:33.7162250Z ##[endgroup]
Integration (macos, Go 1.27.x)	Run actions/checkout@v7	2026-09-11T01:05:33.7163760Z ##[group]Fetching the repository
Integration (macos, Go 1.27.x)	Run actions/checkout@v7	2026-09-11T01:05:33.7166720Z [command]/opt/homebrew/bin/git -c protocol.version=2 fetch --no-tags --prune --no-recurse-submodules --depth=1 origin +9820d966cd72fbfe70d55829b971797b05d3ed3f:refs/remotes/pull/187/merge
Integration (macos, Go 1.27.x)	Run actions/checkout@v7	2026-09-11T01:05:35.0698680Z From https://github.com/the-sarge/quic-go-fast
Integration (macos, Go 1.27.x)	Run actions/checkout@v7	2026-09-11T01:05:35.0798900Z  * [new ref]         9820d966cd72fbfe70d55829b971797b05d3ed3f -> pull/187/merge
Integration (macos, Go 1.27.x)	Run actions/checkout@v7	2026-09-11T01:05:35.0933750Z ##[endgroup]
Integration (macos, Go 1.27.x)	Run actions/checkout@v7	2026-09-11T01:05:35.0934660Z ##[group]Determining the checkout info
Integration (macos, Go 1.27.x)	Run actions/checkout@v7	2026-09-11T01:05:35.0935400Z ##[endgroup]
Integration (macos, Go 1.27.x)	Run actions/checkout@v7	2026-09-11T01:05:35.0936870Z [command]/opt/homebrew/bin/git sparse-checkout disable
Integration (macos, Go 1.27.x)	Run actions/checkout@v7	2026-09-11T01:05:35.0942730Z [command]/opt/homebrew/bin/git config --local --unset-all extensions.worktreeConfig
Integration (macos, Go 1.27.x)	Run actions/checkout@v7	2026-09-11T01:05:35.0953990Z ##[group]Checking out the ref
Integration (macos, Go 1.27.x)	Run actions/checkout@v7	2026-09-11T01:05:35.0958080Z [command]/opt/homebrew/bin/git checkout --progress --force refs/remotes/pull/187/merge
Integration (macos, Go 1.27.x)	Run actions/checkout@v7	2026-09-11T01:05:35.4288290Z HEAD is now at 9820d96 Merge dfd03fc85ead6fa2f33b12cd0a660dea5e5d721a into 928fc604a1968c8df20379e34fc9778c86ce1102
Integration (macos, Go 1.27.x)	Run actions/checkout@v7	2026-09-11T01:05:35.4298360Z ##[endgroup]
Integration (macos, Go 1.27.x)	Run actions/checkout@v7	2026-09-11T01:05:35.4453300Z [command]/opt/homebrew/bin/git log -1 --format=%H
Integration (macos, Go 1.27.x)	Run actions/checkout@v7	2026-09-11T01:05:35.4548850Z 9820d966cd72fbfe70d55829b971797b05d3ed3f
Integration (macos, Go 1.27.x)	Configure corruption capture directory	﻿2026-09-11T01:05:35.4819190Z ##[group]Run echo "QUIC_GO_CORRUPTION_CAPTURE_DIR=$RUNNER_TEMP/quic-go-corruption" >> "$GITHUB_ENV"
Integration (macos, Go 1.27.x)	Configure corruption capture directory	2026-09-11T01:05:35.4821560Z ^[[36;1mecho "QUIC_GO_CORRUPTION_CAPTURE_DIR=$RUNNER_TEMP/quic-go-corruption" >> "$GITHUB_ENV"^[[0m
Integration (macos, Go 1.27.x)	Configure corruption capture directory	2026-09-11T01:05:35.4881840Z shell: /bin/bash --noprofile --norc -e -o pipefail {0}
Integration (macos, Go 1.27.x)	Configure corruption capture directory	2026-09-11T01:05:35.4882270Z env:
Integration (macos, Go 1.27.x)	Configure corruption capture directory	2026-09-11T01:05:35.4882470Z   DEBUG: false
Integration (macos, Go 1.27.x)	Configure corruption capture directory	2026-09-11T01:05:35.4882660Z   TIMESCALE_FACTOR: 3
Integration (macos, Go 1.27.x)	Configure corruption capture directory	2026-09-11T01:05:35.4882810Z ##[endgroup]
Integration (macos, Go 1.27.x)	Run actions/setup-go@v7	﻿2026-09-11T01:05:35.5467860Z ##[group]Run actions/setup-go@v7
Integration (macos, Go 1.27.x)	Run actions/setup-go@v7	2026-09-11T01:05:35.5468310Z with:
Integration (macos, Go 1.27.x)	Run actions/setup-go@v7	2026-09-11T01:05:35.5468530Z   go-version: 1.27.x
Integration (macos, Go 1.27.x)	Run actions/setup-go@v7	2026-09-11T01:05:35.5469210Z   check-latest: true
Integration (macos, Go 1.27.x)	Run actions/setup-go@v7	2026-09-11T01:05:35.5471430Z   token: ***
Integration (macos, Go 1.27.x)	Run actions/setup-go@v7	2026-09-11T01:05:35.5471590Z   cache: true
Integration (macos, Go 1.27.x)	Run actions/setup-go@v7	2026-09-11T01:05:35.5471760Z env:
Integration (macos, Go 1.27.x)	Run actions/setup-go@v7	2026-09-11T01:05:35.5471900Z   DEBUG: false
Integration (macos, Go 1.27.x)	Run actions/setup-go@v7	2026-09-11T01:05:35.5472050Z   TIMESCALE_FACTOR: 3
Integration (macos, Go 1.27.x)	Run actions/setup-go@v7	2026-09-11T01:05:35.5472360Z   QUIC_GO_CORRUPTION_CAPTURE_DIR: /Users/runner/work/_temp/quic-go-corruption
Integration (macos, Go 1.27.x)	Run actions/setup-go@v7	2026-09-11T01:05:35.5472670Z ##[endgroup]
Integration (macos, Go 1.27.x)	Run actions/setup-go@v7	2026-09-11T01:05:35.7073750Z Setup go version spec 1.27.x
Integration (macos, Go 1.27.x)	Run actions/setup-go@v7	2026-09-11T01:05:35.7075690Z Attempting to resolve the latest version from the manifest...
Integration (macos, Go 1.27.x)	Run actions/setup-go@v7	2026-09-11T01:05:36.4091950Z matching 1.27.x...
Integration (macos, Go 1.27.x)	Run actions/setup-go@v7	2026-09-11T01:05:36.4400430Z Resolved as '1.27.1'
Integration (macos, Go 1.27.x)	Run actions/setup-go@v7	2026-09-11T01:05:36.4402470Z Attempting to download 1.27.1...
Integration (macos, Go 1.27.x)	Run actions/setup-go@v7	2026-09-11T01:05:37.0599970Z matching 1.27.1...
Integration (macos, Go 1.27.x)	Run actions/setup-go@v7	2026-09-11T01:05:37.0726770Z Acquiring 1.27.1 from https://github.com/actions/go-versions/releases/download/1.27.1-33583469715/go-1.27.1-darwin-arm64.tar.gz
Integration (macos, Go 1.27.x)	Run actions/setup-go@v7	2026-09-11T01:05:38.5514590Z Extracting Go...
Integration (macos, Go 1.27.x)	Run actions/setup-go@v7	2026-09-11T01:05:38.5718960Z [command]/usr/bin/tar xz -C /Users/runner/work/_temp/f36f4bd6-2d07-4011-8c8b-aa7fe7df9efb -f /Users/runner/work/_temp/d00664f7-8fed-47fb-bd02-5d0d3ad19ff6
Integration (macos, Go 1.27.x)	Run actions/setup-go@v7	2026-09-11T01:05:41.4003750Z Successfully extracted go to /Users/runner/work/_temp/f36f4bd6-2d07-4011-8c8b-aa7fe7df9efb
Integration (macos, Go 1.27.x)	Run actions/setup-go@v7	2026-09-11T01:05:41.4006160Z Adding to the cache ...
Integration (macos, Go 1.27.x)	Run actions/setup-go@v7	2026-09-11T01:05:53.1378750Z Successfully cached go to /Users/runner/hostedtoolcache/go/1.27.1/arm64
Integration (macos, Go 1.27.x)	Run actions/setup-go@v7	2026-09-11T01:05:53.1380770Z Added go to the path
Integration (macos, Go 1.27.x)	Run actions/setup-go@v7	2026-09-11T01:05:53.1383180Z Successfully set up Go version 1.27.x
Integration (macos, Go 1.27.x)	Run actions/setup-go@v7	2026-09-11T01:05:53.2878890Z [command]/Users/runner/hostedtoolcache/go/1.27.1/arm64/bin/go env GOCACHE
Integration (macos, Go 1.27.x)	Run actions/setup-go@v7	2026-09-11T01:05:53.2891860Z [command]/Users/runner/hostedtoolcache/go/1.27.1/arm64/bin/go env GOMODCACHE
Integration (macos, Go 1.27.x)	Run actions/setup-go@v7	2026-09-11T01:05:53.2967220Z /Users/runner/Library/Caches/go-build
Integration (macos, Go 1.27.x)	Run actions/setup-go@v7	2026-09-11T01:05:53.2967850Z /Users/runner/go/pkg/mod
Integration (macos, Go 1.27.x)	Run actions/setup-go@v7	2026-09-11T01:05:53.5454700Z Cache hit for: setup-go-macOS-arm64-go-1.27.1-b96dac367d6271f25415279ed6e179852a0bc8856950be110ce4e7930edba58e
Integration (macos, Go 1.27.x)	Run actions/setup-go@v7	2026-09-11T01:05:54.8614270Z Received 0 of 61977133 (0.0%), 0.0 MBs/sec
Integration (macos, Go 1.27.x)	Run actions/setup-go@v7	2026-09-11T01:05:55.8684480Z Received 61977133 of 61977133 (100.0%), 29.4 MBs/sec
Integration (macos, Go 1.27.x)	Run actions/setup-go@v7	2026-09-11T01:05:55.8765900Z Cache Size: ~59 MB (61977133 B)
Integration (macos, Go 1.27.x)	Run actions/setup-go@v7	2026-09-11T01:05:55.8767640Z [command]/opt/homebrew/bin/gtar -xf /Users/runner/work/_temp/f703dd73-da43-4b21-9ac2-9f9586769713/cache.tzst -P -C /Users/runner/work/quic-go-fast/quic-go-fast --delay-directory-restore --use-compress-program unzstd
Integration (macos, Go 1.27.x)	Run actions/setup-go@v7	2026-09-11T01:05:57.6072700Z Cache restored successfully
Integration (macos, Go 1.27.x)	Run actions/setup-go@v7	2026-09-11T01:05:57.6094330Z Cache restored from key: setup-go-macOS-arm64-go-1.27.1-b96dac367d6271f25415279ed6e179852a0bc8856950be110ce4e7930edba58e
Integration (macos, Go 1.27.x)	Run actions/setup-go@v7	2026-09-11T01:05:57.6139020Z go version go1.27.1 darwin/arm64
Integration (macos, Go 1.27.x)	Run actions/setup-go@v7	2026-09-11T01:05:57.6139240Z 
Integration (macos, Go 1.27.x)	Run actions/setup-go@v7	2026-09-11T01:05:57.6139850Z ##[group]go env
Integration (macos, Go 1.27.x)	Run actions/setup-go@v7	2026-09-11T01:05:59.6014630Z AR='ar'
Integration (macos, Go 1.27.x)	Run actions/setup-go@v7	2026-09-11T01:05:59.6015480Z CC='clang'
Integration (macos, Go 1.27.x)	Run actions/setup-go@v7	2026-09-11T01:05:59.6016650Z CGO_CFLAGS='-O2 -g'
Integration (macos, Go 1.27.x)	Run actions/setup-go@v7	2026-09-11T01:05:59.6017780Z CGO_CPPFLAGS=''
Integration (macos, Go 1.27.x)	Run actions/setup-go@v7	2026-09-11T01:05:59.6019220Z CGO_CXXFLAGS='-O2 -g'
Integration (macos, Go 1.27.x)	Run actions/setup-go@v7	2026-09-11T01:05:59.6019830Z CGO_ENABLED='1'
Integration (macos, Go 1.27.x)	Run actions/setup-go@v7	2026-09-11T01:05:59.6020160Z CGO_FFLAGS='-O2 -g'
Integration (macos, Go 1.27.x)	Run actions/setup-go@v7	2026-09-11T01:05:59.6020430Z CGO_LDFLAGS='-O2 -g'
Integration (macos, Go 1.27.x)	Run actions/setup-go@v7	2026-09-11T01:05:59.6020800Z CXX='clang++'
Integration (macos, Go 1.27.x)	Run actions/setup-go@v7	2026-09-11T01:05:59.6021040Z GCCGO='gccgo'
Integration (macos, Go 1.27.x)	Run actions/setup-go@v7	2026-09-11T01:05:59.6021250Z GO111MODULE=''
Integration (macos, Go 1.27.x)	Run actions/setup-go@v7	2026-09-11T01:05:59.6021490Z GOARCH='arm64'
Integration (macos, Go 1.27.x)	Run actions/setup-go@v7	2026-09-11T01:05:59.6021870Z GOARM64='v8.0'
Integration (macos, Go 1.27.x)	Run actions/setup-go@v7	2026-09-11T01:05:59.6022350Z GOAUTH='netrc'
Integration (macos, Go 1.27.x)	Run actions/setup-go@v7	2026-09-11T01:05:59.6022600Z GOBIN='/Users/runner/go/bin'
Integration (macos, Go 1.27.x)	Run actions/setup-go@v7	2026-09-11T01:05:59.6022960Z GOCACHE='/Users/runner/Library/Caches/go-build'
Integration (macos, Go 1.27.x)	Run actions/setup-go@v7	2026-09-11T01:05:59.6023320Z GOCACHEPROG=''
Integration (macos, Go 1.27.x)	Run actions/setup-go@v7	2026-09-11T01:05:59.6023610Z GODEBUG=''
Integration (macos, Go 1.27.x)	Run actions/setup-go@v7	2026-09-11T01:05:59.6023980Z GOENV='/Users/runner/Library/Application Support/go/env'
Integration (macos, Go 1.27.x)	Run actions/setup-go@v7	2026-09-11T01:05:59.6024530Z GOEXE=''
Integration (macos, Go 1.27.x)	Run actions/setup-go@v7	2026-09-11T01:05:59.6024840Z GOEXPERIMENT=''
Integration (macos, Go 1.27.x)	Run actions/setup-go@v7	2026-09-11T01:05:59.6025120Z GOFIPS140='off'
Integration (macos, Go 1.27.x)	Run actions/setup-go@v7	2026-09-11T01:05:59.6025420Z GOFLAGS=''
Integration (macos, Go 1.27.x)	Run actions/setup-go@v7	2026-09-11T01:05:59.6030050Z GOGCCFLAGS='-fPIC -arch arm64 -pthread -fno-caret-diagnostics -Qunused-arguments -fmessage-length=0 -ffile-prefix-map=/var/folders/36/tjdph2t965j8snz9_vkdnw0r0000gn/T/go-build3420559219=/tmp/go-build -gno-record-gcc-switches -fno-common'
Integration (macos, Go 1.27.x)	Run actions/setup-go@v7	2026-09-11T01:05:59.6041470Z GOHOSTARCH='arm64'
Integration (macos, Go 1.27.x)	Run actions/setup-go@v7	2026-09-11T01:05:59.6042310Z GOHOSTOS='darwin'
Integration (macos, Go 1.27.x)	Run actions/setup-go@v7	2026-09-11T01:05:59.6043080Z GOINSECURE=''
Integration (macos, Go 1.27.x)	Run actions/setup-go@v7	2026-09-11T01:05:59.6043810Z GOMOD='/Users/runner/work/quic-go-fast/quic-go-fast/go.mod'
Integration (macos, Go 1.27.x)	Run actions/setup-go@v7	2026-09-11T01:05:59.6045190Z GOMODCACHE='/Users/runner/go/pkg/mod'
Integration (macos, Go 1.27.x)	Run actions/setup-go@v7	2026-09-11T01:05:59.6046040Z GONOPROXY=''
Integration (macos, Go 1.27.x)	Run actions/setup-go@v7	2026-09-11T01:05:59.6046710Z GONOSUMDB=''
Integration (macos, Go 1.27.x)	Run actions/setup-go@v7	2026-09-11T01:05:59.6047490Z GOOS='darwin'
Integration (macos, Go 1.27.x)	Run actions/setup-go@v7	2026-09-11T01:05:59.6048160Z GOPACKAGESDRIVER=''
Integration (macos, Go 1.27.x)	Run actions/setup-go@v7	2026-09-11T01:05:59.6048650Z GOPATH='/Users/runner/go'
Integration (macos, Go 1.27.x)	Run actions/setup-go@v7	2026-09-11T01:05:59.6049180Z GOPRIVATE=''
Integration (macos, Go 1.27.x)	Run actions/setup-go@v7	2026-09-11T01:05:59.6049890Z GOPROXY='https://proxy.golang.org,direct'
Integration (macos, Go 1.27.x)	Run actions/setup-go@v7	2026-09-11T01:05:59.6051200Z GOROOT='/Users/runner/hostedtoolcache/go/1.27.1/arm64'
Integration (macos, Go 1.27.x)	Run actions/setup-go@v7	2026-09-11T01:05:59.6064680Z GOSUMDB='sum.golang.org'
Integration (macos, Go 1.27.x)	Run actions/setup-go@v7	2026-09-11T01:05:59.6065780Z GOTELEMETRY='local'
Integration (macos, Go 1.27.x)	Run actions/setup-go@v7	2026-09-11T01:05:59.6067220Z GOTELEMETRYDIR='/Users/runner/Library/Application Support/go/telemetry'
Integration (macos, Go 1.27.x)	Run actions/setup-go@v7	2026-09-11T01:05:59.6068400Z GOTMPDIR=''
Integration (macos, Go 1.27.x)	Run actions/setup-go@v7	2026-09-11T01:05:59.6069090Z GOTOOLCHAIN='local'
Integration (macos, Go 1.27.x)	Run actions/setup-go@v7	2026-09-11T01:05:59.6070070Z GOTOOLDIR='/Users/runner/hostedtoolcache/go/1.27.1/arm64/pkg/tool/darwin_arm64'
Integration (macos, Go 1.27.x)	Run actions/setup-go@v7	2026-09-11T01:05:59.6071040Z GOVCS=''
Integration (macos, Go 1.27.x)	Run actions/setup-go@v7	2026-09-11T01:05:59.6071700Z GOVERSION='go1.27.1'
Integration (macos, Go 1.27.x)	Run actions/setup-go@v7	2026-09-11T01:05:59.6072210Z GOWORK=''
Integration (macos, Go 1.27.x)	Run actions/setup-go@v7	2026-09-11T01:05:59.6072990Z PKG_CONFIG='pkg-config'
Integration (macos, Go 1.27.x)	Run actions/setup-go@v7	2026-09-11T01:05:59.6073630Z 
Integration (macos, Go 1.27.x)	Run actions/setup-go@v7	2026-09-11T01:05:59.6074420Z ##[endgroup]
Integration (macos, Go 1.27.x)	Install go-junit-report	﻿2026-09-11T01:05:59.6340510Z ##[group]Run go install github.com/jstemmer/go-junit-report/v2@v2.1.0
Integration (macos, Go 1.27.x)	Install go-junit-report	2026-09-11T01:05:59.6341170Z ^[[36;1mgo install github.com/jstemmer/go-junit-report/v2@v2.1.0^[[0m
Integration (macos, Go 1.27.x)	Install go-junit-report	2026-09-11T01:05:59.6420750Z shell: /bin/bash --noprofile --norc -e -o pipefail {0}
Integration (macos, Go 1.27.x)	Install go-junit-report	2026-09-11T01:05:59.6421020Z env:
Integration (macos, Go 1.27.x)	Install go-junit-report	2026-09-11T01:05:59.6421200Z   DEBUG: false
Integration (macos, Go 1.27.x)	Install go-junit-report	2026-09-11T01:05:59.6421410Z   TIMESCALE_FACTOR: 3
Integration (macos, Go 1.27.x)	Install go-junit-report	2026-09-11T01:05:59.6421680Z   QUIC_GO_CORRUPTION_CAPTURE_DIR: /Users/runner/work/_temp/quic-go-corruption
Integration (macos, Go 1.27.x)	Install go-junit-report	2026-09-11T01:05:59.6422050Z   GOTOOLCHAIN: local
Integration (macos, Go 1.27.x)	Install go-junit-report	2026-09-11T01:05:59.6422870Z ##[endgroup]
Integration (macos, Go 1.27.x)	Run go version	﻿2026-09-11T01:06:00.7770810Z ##[group]Run go version
Integration (macos, Go 1.27.x)	Run go version	2026-09-11T01:06:00.7771120Z ^[[36;1mgo version^[[0m
Integration (macos, Go 1.27.x)	Run go version	2026-09-11T01:06:00.7804510Z shell: /bin/bash --noprofile --norc -e -o pipefail {0}
Integration (macos, Go 1.27.x)	Run go version	2026-09-11T01:06:00.7804900Z env:
Integration (macos, Go 1.27.x)	Run go version	2026-09-11T01:06:00.7805150Z   DEBUG: false
Integration (macos, Go 1.27.x)	Run go version	2026-09-11T01:06:00.7805330Z   TIMESCALE_FACTOR: 3
Integration (macos, Go 1.27.x)	Run go version	2026-09-11T01:06:00.7805630Z   QUIC_GO_CORRUPTION_CAPTURE_DIR: /Users/runner/work/_temp/quic-go-corruption
Integration (macos, Go 1.27.x)	Run go version	2026-09-11T01:06:00.7835600Z   GOTOOLCHAIN: local
Integration (macos, Go 1.27.x)	Run go version	2026-09-11T01:06:00.7836150Z ##[endgroup]
Integration (macos, Go 1.27.x)	Run go version	2026-09-11T01:06:00.8374370Z go version go1.27.1 darwin/arm64
Integration (macos, Go 1.27.x)	Run tools tests	﻿2026-09-11T01:06:00.8472650Z ##[group]Run go test  -v -timeout 30s -shuffle=on ./integrationtests/tools/... 2>&1 | go-junit-report -set-exit-code -iocopy -out report_tools.xml
Integration (macos, Go 1.27.x)	Run tools tests	2026-09-11T01:06:00.8473570Z ^[[36;1mgo test  -v -timeout 30s -shuffle=on ./integrationtests/tools/... 2>&1 | go-junit-report -set-exit-code -iocopy -out report_tools.xml^[[0m
Integration (macos, Go 1.27.x)	Run tools tests	2026-09-11T01:06:00.8514400Z shell: /bin/bash --noprofile --norc -e -o pipefail {0}
Integration (macos, Go 1.27.x)	Run tools tests	2026-09-11T01:06:00.8514720Z env:
Integration (macos, Go 1.27.x)	Run tools tests	2026-09-11T01:06:00.8514920Z   DEBUG: false
Integration (macos, Go 1.27.x)	Run tools tests	2026-09-11T01:06:00.8515090Z   TIMESCALE_FACTOR: 3
Integration (macos, Go 1.27.x)	Run tools tests	2026-09-11T01:06:00.8515400Z   QUIC_GO_CORRUPTION_CAPTURE_DIR: /Users/runner/work/_temp/quic-go-corruption
Integration (macos, Go 1.27.x)	Run tools tests	2026-09-11T01:06:00.8515770Z   GOTOOLCHAIN: local
Integration (macos, Go 1.27.x)	Run tools tests	2026-09-11T01:06:00.8515980Z ##[endgroup]
Integration (macos, Go 1.27.x)	Run tools tests	2026-09-11T01:06:03.8157310Z -test.shuffle 1789088763803945000
Integration (macos, Go 1.27.x)	Run tools tests	2026-09-11T01:06:03.8158580Z === RUN   TestGenerateTLSConfig
Integration (macos, Go 1.27.x)	Run tools tests	2026-09-11T01:06:03.8160430Z === RUN   TestGenerateTLSConfig/short_chain
Integration (macos, Go 1.27.x)	Run tools tests	2026-09-11T01:06:03.8161140Z     crypto_test.go:46: bytes received: 1700
Integration (macos, Go 1.27.x)	Run tools tests	2026-09-11T01:06:03.8162000Z === RUN   TestGenerateTLSConfig/long_chain
Integration (macos, Go 1.27.x)	Run tools tests	2026-09-11T01:06:03.8165070Z     crypto_test.go:55: bytes received: 6228
Integration (macos, Go 1.27.x)	Run tools tests	2026-09-11T01:06:03.8165490Z --- PASS: TestGenerateTLSConfig (0.01s)
Integration (macos, Go 1.27.x)	Run tools tests	2026-09-11T01:06:03.8165970Z     --- PASS: TestGenerateTLSConfig/short_chain (0.00s)
Integration (macos, Go 1.27.x)	Run tools tests	2026-09-11T01:06:03.8166550Z     --- PASS: TestGenerateTLSConfig/long_chain (0.00s)
Integration (macos, Go 1.27.x)	Run tools tests	2026-09-11T01:06:03.8193420Z PASS
Integration (macos, Go 1.27.x)	Run tools tests	2026-09-11T01:06:03.8203640Z ok  	github.com/quic-go/quic-go/integrationtests/tools	0.021s
Integration (macos, Go 1.27.x)	Run tools tests	2026-09-11T01:06:03.8205350Z ?   	github.com/quic-go/quic-go/integrationtests/tools/israce	[no test files]
Integration (macos, Go 1.27.x)	Run tools tests	2026-09-11T01:06:05.9475290Z -test.shuffle 1789088763802592000
Integration (macos, Go 1.27.x)	Run tools tests	2026-09-11T01:06:05.9576620Z === RUN   TestDropIncomingPackets
Integration (macos, Go 1.27.x)	Run tools tests	2026-09-11T01:06:05.9680470Z --- PASS: TestDropIncomingPackets (0.10s)
Integration (macos, Go 1.27.x)	Run tools tests	2026-09-11T01:06:05.9730060Z === RUN   TestDelayIncomingPackets
Integration (macos, Go 1.27.x)	Run tools tests	2026-09-11T01:06:05.9730620Z --- PASS: TestDelayIncomingPackets (0.60s)
Integration (macos, Go 1.27.x)	Run tools tests	2026-09-11T01:06:05.9731100Z === RUN   TestProxyingBackAndForth
Integration (macos, Go 1.27.x)	Run tools tests	2026-09-11T01:06:05.9731540Z --- PASS: TestProxyingBackAndForth (0.00s)
Integration (macos, Go 1.27.x)	Run tools tests	2026-09-11T01:06:05.9731970Z === RUN   TestProxySwitchConn
Integration (macos, Go 1.27.x)	Run tools tests	2026-09-11T01:06:05.9732300Z --- PASS: TestProxySwitchConn (0.00s)
Integration (macos, Go 1.27.x)	Run tools tests	2026-09-11T01:06:05.9733200Z === RUN   TestDropOutgoingPackets
Integration (macos, Go 1.27.x)	Run tools tests	2026-09-11T01:06:05.9733530Z --- PASS: TestDropOutgoingPackets (0.10s)
Integration (macos, Go 1.27.x)	Run tools tests	2026-09-11T01:06:05.9733910Z === RUN   TestProxySocketObservations
Integration (macos, Go 1.27.x)	Run tools tests	2026-09-11T01:06:05.9734320Z === RUN   TestProxySocketObservations/delay=0s/fail=false
Integration (macos, Go 1.27.x)	Run tools tests	2026-09-11T01:06:05.9734790Z === RUN   TestProxySocketObservations/delay=0s/fail=true
Integration (macos, Go 1.27.x)	Run tools tests	2026-09-11T01:06:05.9735220Z === RUN   TestProxySocketObservations/delay=1ms/fail=false
Integration (macos, Go 1.27.x)	Run tools tests	2026-09-11T01:06:05.9735650Z === RUN   TestProxySocketObservations/delay=1ms/fail=true
Integration (macos, Go 1.27.x)	Run tools tests	2026-09-11T01:06:05.9736070Z --- PASS: TestProxySocketObservations (0.01s)
Integration (macos, Go 1.27.x)	Run tools tests	2026-09-11T01:06:05.9736690Z     --- PASS: TestProxySocketObservations/delay=0s/fail=false (0.00s)
Integration (macos, Go 1.27.x)	Run tools tests	2026-09-11T01:06:05.9737250Z     --- PASS: TestProxySocketObservations/delay=0s/fail=true (0.00s)
Integration (macos, Go 1.27.x)	Run tools tests	2026-09-11T01:06:05.9738050Z     --- PASS: TestProxySocketObservations/delay=1ms/fail=false (0.00s)
Integration (macos, Go 1.27.x)	Run tools tests	2026-09-11T01:06:05.9738980Z     --- PASS: TestProxySocketObservations/delay=1ms/fail=true (0.00s)
Integration (macos, Go 1.27.x)	Run tools tests	2026-09-11T01:06:05.9739450Z === RUN   TestConstantDelay
Integration (macos, Go 1.27.x)	Run tools tests	2026-09-11T01:06:05.9739770Z --- PASS: TestConstantDelay (0.11s)
Integration (macos, Go 1.27.x)	Run tools tests	2026-09-11T01:06:05.9740190Z === RUN   TestDelayOutgoingPackets
Integration (macos, Go 1.27.x)	Run tools tests	2026-09-11T01:06:05.9740530Z --- PASS: TestDelayOutgoingPackets (0.61s)
Integration (macos, Go 1.27.x)	Run tools tests	2026-09-11T01:06:05.9740880Z === RUN   TestPacketReordering
Integration (macos, Go 1.27.x)	Run tools tests	2026-09-11T01:06:05.9741200Z --- PASS: TestPacketReordering (0.60s)
Integration (macos, Go 1.27.x)	Run tools tests	2026-09-11T01:06:05.9741520Z === RUN   TestPacketQueue
Integration (macos, Go 1.27.x)	Run tools tests	2026-09-11T01:06:05.9741830Z --- PASS: TestPacketQueue (0.00s)
Integration (macos, Go 1.27.x)	Run tools tests	2026-09-11T01:06:05.9742130Z PASS
Integration (macos, Go 1.27.x)	Run tools tests	2026-09-11T01:06:05.9742490Z ok  	github.com/quic-go/quic-go/integrationtests/tools/proxy	2.153s
Integration (macos, Go 1.27.x)	Run version negotiation tests	﻿2026-09-11T01:06:05.9809100Z ##[group]Run go test  -v -timeout 30s -shuffle=on ./integrationtests/versionnegotiation  2>&1 | go-junit-report -set-exit-code -iocopy -out report_versionnegotiation.xml
Integration (macos, Go 1.27.x)	Run version negotiation tests	2026-09-11T01:06:05.9810200Z ^[[36;1mgo test  -v -timeout 30s -shuffle=on ./integrationtests/versionnegotiation  2>&1 | go-junit-report -set-exit-code -iocopy -out report_versionnegotiation.xml^[[0m
Integration (macos, Go 1.27.x)	Run version negotiation tests	2026-09-11T01:06:05.9855790Z shell: /bin/bash --noprofile --norc -e -o pipefail {0}
Integration (macos, Go 1.27.x)	Run version negotiation tests	2026-09-11T01:06:05.9856190Z env:
Integration (macos, Go 1.27.x)	Run version negotiation tests	2026-09-11T01:06:05.9856370Z   DEBUG: false
Integration (macos, Go 1.27.x)	Run version negotiation tests	2026-09-11T01:06:05.9856620Z   TIMESCALE_FACTOR: 3
Integration (macos, Go 1.27.x)	Run version negotiation tests	2026-09-11T01:06:05.9856960Z   QUIC_GO_CORRUPTION_CAPTURE_DIR: /Users/runner/work/_temp/quic-go-corruption
Integration (macos, Go 1.27.x)	Run version negotiation tests	2026-09-11T01:06:05.9857330Z   GOTOOLCHAIN: local
Integration (macos, Go 1.27.x)	Run version negotiation tests	2026-09-11T01:06:05.9857650Z ##[endgroup]
Integration (macos, Go 1.27.x)	Run version negotiation tests	2026-09-11T01:06:06.8870420Z -test.shuffle 1789088766886599000
Integration (macos, Go 1.27.x)	Run version negotiation tests	2026-09-11T01:06:06.8871770Z === RUN   TestServerDisablesVersionNegotiation
Integration (macos, Go 1.27.x)	Run version negotiation tests	2026-09-11T01:06:06.8880790Z 2026/09/11 01:06:06 failed to sufficiently increase receive buffer size (was: 768 kiB, wanted: 7168 kiB, got: 6144 kiB). See https://github.com/quic-go/quic-go/wiki/UDP-Buffer-Sizes for details.
Integration (macos, Go 1.27.x)	Run version negotiation tests	2026-09-11T01:06:06.9945800Z --- PASS: TestServerDisablesVersionNegotiation (0.11s)
Integration (macos, Go 1.27.x)	Run version negotiation tests	2026-09-11T01:06:06.9947520Z === RUN   TestServerSupportsMoreVersionsThanClient
Integration (macos, Go 1.27.x)	Run version negotiation tests	2026-09-11T01:06:06.9981510Z --- PASS: TestServerSupportsMoreVersionsThanClient (0.00s)
Integration (macos, Go 1.27.x)	Run version negotiation tests	2026-09-11T01:06:06.9986120Z === RUN   TestVersionNegotiationFailure
Integration (macos, Go 1.27.x)	Run version negotiation tests	2026-09-11T01:06:07.4042080Z --- PASS: TestVersionNegotiationFailure (0.40s)
Integration (macos, Go 1.27.x)	Run version negotiation tests	2026-09-11T01:06:07.4098970Z === RUN   TestClientSupportsMoreVersionsThanServer
Integration (macos, Go 1.27.x)	Run version negotiation tests	2026-09-11T01:06:07.4100950Z --- PASS: TestClientSupportsMoreVersionsThanServer (0.01s)
Integration (macos, Go 1.27.x)	Run version negotiation tests	2026-09-11T01:06:07.4103220Z PASS
Integration (macos, Go 1.27.x)	Run version negotiation tests	2026-09-11T01:06:07.4103690Z ok  	github.com/quic-go/quic-go/integrationtests/versionnegotiation	0.533s
Integration (macos, Go 1.27.x)	Run FIPS 140 tests	﻿2026-09-11T01:06:07.4496980Z ##[group]Run go test -v -timeout 1m -shuffle=on . 2>&1 | go-junit-report -set-exit-code -iocopy -out ../../report_fips.xml
Integration (macos, Go 1.27.x)	Run FIPS 140 tests	2026-09-11T01:06:07.4497800Z ^[[36;1mgo test -v -timeout 1m -shuffle=on . 2>&1 | go-junit-report -set-exit-code -iocopy -out ../../report_fips.xml^[[0m
Integration (macos, Go 1.27.x)	Run FIPS 140 tests	2026-09-11T01:06:07.4560840Z shell: /bin/bash --noprofile --norc -e -o pipefail {0}
Integration (macos, Go 1.27.x)	Run FIPS 140 tests	2026-09-11T01:06:07.4561200Z env:
Integration (macos, Go 1.27.x)	Run FIPS 140 tests	2026-09-11T01:06:07.4561480Z   DEBUG: false
Integration (macos, Go 1.27.x)	Run FIPS 140 tests	2026-09-11T01:06:07.4561790Z   TIMESCALE_FACTOR: 3
Integration (macos, Go 1.27.x)	Run FIPS 140 tests	2026-09-11T01:06:07.4562520Z   QUIC_GO_CORRUPTION_CAPTURE_DIR: /Users/runner/work/_temp/quic-go-corruption
Integration (macos, Go 1.27.x)	Run FIPS 140 tests	2026-09-11T01:06:07.4562920Z   GOTOOLCHAIN: local
Integration (macos, Go 1.27.x)	Run FIPS 140 tests	2026-09-11T01:06:07.4563130Z ##[endgroup]
Integration (macos, Go 1.27.x)	Run FIPS 140 tests	2026-09-11T01:06:08.4110600Z -test.shuffle 1789088768410625000
Integration (macos, Go 1.27.x)	Run FIPS 140 tests	2026-09-11T01:06:08.4111790Z === RUN   TestFIPS140Transfers
Integration (macos, Go 1.27.x)	Run FIPS 140 tests	2026-09-11T01:06:08.9138490Z === RUN   TestFIPS140Transfers/server:_false,_client:_false,_retry:_false
Integration (macos, Go 1.27.x)	Run FIPS 140 tests	2026-09-11T01:06:08.9405270Z     fips_test.go:131: key_updates: 10
Integration (macos, Go 1.27.x)	Run FIPS 140 tests	2026-09-11T01:06:08.9407570Z === RUN   TestFIPS140Transfers/server:_false,_client:_false,_retry:_true
Integration (macos, Go 1.27.x)	Run FIPS 140 tests	2026-09-11T01:06:08.9608390Z     fips_test.go:131: key_updates: 9
Integration (macos, Go 1.27.x)	Run FIPS 140 tests	2026-09-11T01:06:08.9610850Z === RUN   TestFIPS140Transfers/server:_true,_client:_false,_retry:_false
Integration (macos, Go 1.27.x)	Run FIPS 140 tests	2026-09-11T01:06:08.9995690Z     fips_test.go:131: key_updates: 10
Integration (macos, Go 1.27.x)	Run FIPS 140 tests	2026-09-11T01:06:08.9997890Z === RUN   TestFIPS140Transfers/server:_true,_client:_false,_retry:_true
Integration (macos, Go 1.27.x)	Run FIPS 140 tests	2026-09-11T01:06:09.0254660Z     fips_test.go:131: key_updates: 9
Integration (macos, Go 1.27.x)	Run FIPS 140 tests	2026-09-11T01:06:09.0257330Z === RUN   TestFIPS140Transfers/server:_false,_client:_true,_retry:_false
Integration (macos, Go 1.27.x)	Run FIPS 140 tests	2026-09-11T01:06:09.0555260Z     fips_test.go:131: key_updates: 8
Integration (macos, Go 1.27.x)	Run FIPS 140 tests	2026-09-11T01:06:09.0656380Z === RUN   TestFIPS140Transfers/server:_false,_client:_true,_retry:_true
Integration (macos, Go 1.27.x)	Run FIPS 140 tests	2026-09-11T01:06:09.1060210Z     fips_test.go:131: key_updates: 12
Integration (macos, Go 1.27.x)	Run FIPS 140 tests	2026-09-11T01:06:09.1163770Z === RUN   TestFIPS140Transfers/server:_true,_client:_true,_retry:_false
Integration (macos, Go 1.27.x)	Run FIPS 140 tests	2026-09-11T01:06:09.1552400Z     fips_test.go:131: key_updates: 10
Integration (macos, Go 1.27.x)	Run FIPS 140 tests	2026-09-11T01:06:09.1557050Z === RUN   TestFIPS140Transfers/server:_true,_client:_true,_retry:_true
Integration (macos, Go 1.27.x)	Run FIPS 140 tests	2026-09-11T01:06:09.1913480Z     fips_test.go:131: key_updates: 9
Integration (macos, Go 1.27.x)	Run FIPS 140 tests	2026-09-11T01:06:09.1923600Z --- PASS: TestFIPS140Transfers (0.78s)
Integration (macos, Go 1.27.x)	Run FIPS 140 tests	2026-09-11T01:06:09.1924590Z     --- PASS: TestFIPS140Transfers/server:_false,_client:_false,_retry:_false (0.03s)
Integration (macos, Go 1.27.x)	Run FIPS 140 tests	2026-09-11T01:06:09.1925360Z     --- PASS: TestFIPS140Transfers/server:_false,_client:_false,_retry:_true (0.02s)
Integration (macos, Go 1.27.x)	Run FIPS 140 tests	2026-09-11T01:06:09.1926320Z     --- PASS: TestFIPS140Transfers/server:_true,_client:_false,_retry:_false (0.04s)
Integration (macos, Go 1.27.x)	Run FIPS 140 tests	2026-09-11T01:06:09.1927450Z     --- PASS: TestFIPS140Transfers/server:_true,_client:_false,_retry:_true (0.03s)
Integration (macos, Go 1.27.x)	Run FIPS 140 tests	2026-09-11T01:06:09.1928270Z     --- PASS: TestFIPS140Transfers/server:_false,_client:_true,_retry:_false (0.03s)
Integration (macos, Go 1.27.x)	Run FIPS 140 tests	2026-09-11T01:06:09.1929270Z     --- PASS: TestFIPS140Transfers/server:_false,_client:_true,_retry:_true (0.04s)
Integration (macos, Go 1.27.x)	Run FIPS 140 tests	2026-09-11T01:06:09.1929930Z     --- PASS: TestFIPS140Transfers/server:_true,_client:_true,_retry:_false (0.06s)
Integration (macos, Go 1.27.x)	Run FIPS 140 tests	2026-09-11T01:06:09.1930660Z     --- PASS: TestFIPS140Transfers/server:_true,_client:_true,_retry:_true (0.04s)
Integration (macos, Go 1.27.x)	Run FIPS 140 tests	2026-09-11T01:06:09.1931270Z PASS
Integration (macos, Go 1.27.x)	Run FIPS 140 tests	2026-09-11T01:06:09.1931620Z ok  	github.com/quic-go/quic-go/integrationtests/fips	0.791s
Integration (macos, Go 1.27.x)	Run self tests, using QUIC v1	﻿2026-09-11T01:06:09.2118330Z ##[group]Run go test  -v -timeout 5m -shuffle=on ./integrationtests/self -version=1  2>&1 | go-junit-report -set-exit-code -iocopy -out report_self.xml
Integration (macos, Go 1.27.x)	Run self tests, using QUIC v1	2026-09-11T01:06:09.2119190Z ^[[36;1mgo test  -v -timeout 5m -shuffle=on ./integrationtests/self -version=1  2>&1 | go-junit-report -set-exit-code -iocopy -out report_self.xml^[[0m
Integration (macos, Go 1.27.x)	Run self tests, using QUIC v1	2026-09-11T01:06:09.2156920Z shell: /bin/bash --noprofile --norc -e -o pipefail {0}
Integration (macos, Go 1.27.x)	Run self tests, using QUIC v1	2026-09-11T01:06:09.2157220Z env:
Integration (macos, Go 1.27.x)	Run self tests, using QUIC v1	2026-09-11T01:06:09.2157370Z   DEBUG: false
Integration (macos, Go 1.27.x)	Run self tests, using QUIC v1	2026-09-11T01:06:09.2157630Z   TIMESCALE_FACTOR: 3
Integration (macos, Go 1.27.x)	Run self tests, using QUIC v1	2026-09-11T01:06:09.2158040Z   QUIC_GO_CORRUPTION_CAPTURE_DIR: /Users/runner/work/_temp/quic-go-corruption
Integration (macos, Go 1.27.x)	Run self tests, using QUIC v1	2026-09-11T01:06:09.2158430Z   GOTOOLCHAIN: local
Integration (macos, Go 1.27.x)	Run self tests, using QUIC v1	2026-09-11T01:06:09.2158670Z ##[endgroup]
Integration (macos, Go 1.27.x)	Run self tests, using QUIC v1	2026-09-11T01:06:11.3170330Z using QUIC version: v1
Integration (macos, Go 1.27.x)	Run self tests, using QUIC v1	2026-09-11T01:06:11.3172900Z -test.shuffle 1789088771315233000
Integration (macos, Go 1.27.x)	Run self tests, using QUIC v1	2026-09-11T01:06:11.3174980Z === RUN   TestConnDataBlocked
Integration (macos, Go 1.27.x)	Run self tests, using QUIC v1	2026-09-11T01:06:11.3177580Z 2026/09/11 01:06:11 failed to sufficiently increase receive buffer size (was: 768 kiB, wanted: 7168 kiB, got: 6144 kiB). See https://github.com/quic-go/quic-go/wiki/UDP-Buffer-Sizes for details.
Integration (macos, Go 1.27.x)	Run self tests, using QUIC v1	2026-09-11T01:06:11.4476620Z --- PASS: TestConnDataBlocked (0.13s)
Integration (macos, Go 1.27.x)	Run self tests, using QUIC v1	2026-09-11T01:06:11.4478320Z === RUN   TestHandshakeCapturedCorruption
Integration (macos, Go 1.27.x)	Run self tests, using QUIC v1	2026-09-11T01:06:11.4479280Z === RUN   TestHandshakeCapturedCorruption/Initial_starvation
Integration (macos, Go 1.27.x)	Run self tests, using QUIC v1	2026-09-11T01:06:11.4509300Z     handshake_corruption_capture_test.go:206: Initial attempts=5 damaged=5 received_CRYPTO=0 received_ACK=6 authentication_drops=5 PTO=4 released=false handshake_keys=false
Integration (macos, Go 1.27.x)	Run self tests, using QUIC v1	2026-09-11T01:06:11.4514220Z === RUN   TestHandshakeCapturedCorruption/release_retransmission
Integration (macos, Go 1.27.x)	Run self tests, using QUIC v1	2026-09-11T01:06:11.4550740Z     handshake_corruption_capture_test.go:206: Initial attempts=3 damaged=1 received_CRYPTO=2 received_ACK=1 authentication_drops=1 PTO=1 released=true handshake_keys=true
Integration (macos, Go 1.27.x)	Run self tests, using QUIC v1	2026-09-11T01:06:11.4552430Z === RUN   TestHandshakeCapturedCorruption/undamaged
Integration (macos, Go 1.27.x)	Run self tests, using QUIC v1	2026-09-11T01:06:11.4568170Z     handshake_corruption_capture_test.go:206: Initial attempts=1 damaged=0 received_CRYPTO=1 received_ACK=1 authentication_drops=0 PTO=0 released=false handshake_keys=true
Integration (macos, Go 1.27.x)	Run self tests, using QUIC v1	2026-09-11T01:06:11.4577990Z --- PASS: TestHandshakeCapturedCorruption (0.01s)
Integration (macos, Go 1.27.x)	Run self tests, using QUIC v1	2026-09-11T01:06:11.4579350Z     --- PASS: TestHandshakeCapturedCorruption/Initial_starvation (0.00s)
Integration (macos, Go 1.27.x)	Run self tests, using QUIC v1	2026-09-11T01:06:11.4580990Z     --- PASS: TestHandshakeCapturedCorruption/release_retransmission (0.00s)
Integration (macos, Go 1.27.x)	Run self tests, using QUIC v1	2026-09-11T01:06:11.4581610Z     --- PASS: TestHandshakeCapturedCorruption/undamaged (0.00s)
Integration (macos, Go 1.27.x)	Run self tests, using QUIC v1	2026-09-11T01:06:11.4582000Z === RUN   TestHTTPStreamer
Integration (macos, Go 1.27.x)	Run self tests, using QUIC v1	2026-09-11T01:06:11.4699990Z --- PASS: TestHTTPStreamer (0.01s)
Integration (macos, Go 1.27.x)	Run self tests, using QUIC v1	2026-09-11T01:06:11.4701250Z === RUN   TestHTTPDeadlines
Integration (macos, Go 1.27.x)	Run self tests, using QUIC v1	2026-09-11T01:06:11.4702140Z === RUN   TestHTTPDeadlines/read_deadline
Integration (macos, Go 1.27.x)	Run self tests, using QUIC v1	2026-09-11T01:06:11.5388940Z === RUN   TestHTTPDeadlines/write_deadline
Integration (macos, Go 1.27.x)	Run self tests, using QUIC v1	2026-09-11T01:06:11.5869480Z --- PASS: TestHTTPDeadlines (0.11s)
Integration (macos, Go 1.27.x)	Run self tests, using QUIC v1	2026-09-11T01:06:11.5870980Z     --- PASS: TestHTTPDeadlines/read_deadline (0.06s)
Integration (macos, Go 1.27.x)	Run self tests, using QUIC v1	2026-09-11T01:06:11.5882120Z     --- PASS: TestHTTPDeadlines/write_deadline (0.05s)
Integration (macos, Go 1.27.x)	Run self tests, using QUIC v1	2026-09-11T01:06:11.5883290Z === RUN   Test0RTTRejectedOnStreamLimitDecrease
Integration (macos, Go 1.27.x)	Run self tests, using QUIC v1	2026-09-11T01:06:11.5886010Z     zero_rtt_test.go:709: sent 4 0-RTT packets
Integration (macos, Go 1.27.x)	Run self tests, using QUIC v1	2026-09-11T01:06:11.5887790Z --- PASS: Test0RTTRejectedOnStreamLimitDecrease (0.00s)
Integration (macos, Go 1.27.x)	Run self tests, using QUIC v1	2026-09-11T01:06:11.5888450Z === RUN   TestHTTP0RTTWithChangedServerSettings
Integration (macos, Go 1.27.x)	Run self tests, using QUIC v1	2026-09-11T01:06:11.5889970Z === RUN   TestHTTP0RTTWithChangedServerSettings/increased
Integration (macos, Go 1.27.x)	Run self tests, using QUIC v1	2026-09-11T01:06:11.7492230Z === RUN   TestHTTP0RTTWithChangedServerSettings/decreased
Integration (macos, Go 1.27.x)	Run self tests, using QUIC v1	2026-09-11T01:06:11.9092620Z --- PASS: TestHTTP0RTTWithChangedServerSettings (0.31s)
Integration (macos, Go 1.27.x)	Run self tests, using QUIC v1	2026-09-11T01:06:11.9193250Z     --- PASS: TestHTTP0RTTWithChangedServerSettings/increased (0.16s)
Integration (macos, Go 1.27.x)	Run self tests, using QUIC v1	2026-09-11T01:06:11.9294920Z     --- PASS: TestHTTP0RTTWithChangedServerSettings/decreased (0.16s)
Integration (macos, Go 1.27.x)	Run self tests, using QUIC v1	2026-09-11T01:06:11.9395330Z === RUN   TestHTTPContextFromQUIC
Integration (macos, Go 1.27.x)	Run self tests, using QUIC v1	2026-09-11T01:06:11.9496150Z --- PASS: TestHTTPContextFromQUIC (0.00s)
Integration (macos, Go 1.27.x)	Run self tests, using QUIC v1	2026-09-11T01:06:11.9597030Z === RUN   TestGetConfigForClientErrorsConnectionRejection
Integration (macos, Go 1.27.x)	Run self tests, using QUIC v1	2026-09-11T01:06:11.9697650Z --- PASS: TestGetConfigForClientErrorsConnectionRejection (0.00s)
Integration (macos, Go 1.27.x)	Run self tests, using QUIC v1	2026-09-11T01:06:11.9798360Z === RUN   Test0RTTTransfer
Integration (macos, Go 1.27.x)	Run self tests, using QUIC v1	2026-09-11T01:06:11.9899920Z     zero_rtt_test.go:210: sent 29 0-RTT packets
Integration (macos, Go 1.27.x)	Run self tests, using QUIC v1	2026-09-11T01:06:12.0000170Z     zero_rtt_test.go:212: received 29 0-RTT packets
Integration (macos, Go 1.27.x)	Run self tests, using QUIC v1	2026-09-11T01:06:12.0101030Z --- PASS: Test0RTTTransfer (0.01s)
Integration (macos, Go 1.27.x)	Run self tests, using QUIC v1	2026-09-11T01:06:12.0202290Z === RUN   TestMultiplexesConnectionsToSameServer
Integration (macos, Go 1.27.x)	Run self tests, using QUIC v1	2026-09-11T01:06:12.0303270Z --- PASS: TestMultiplexesConnectionsToSameServer (0.01s)
Integration (macos, Go 1.27.x)	Run self tests, using QUIC v1	2026-09-11T01:06:12.0404010Z === RUN   TestBidirectionalStreamMultiplexing
Integration (macos, Go 1.27.x)	Run self tests, using QUIC v1	2026-09-11T01:06:12.0504530Z === RUN   TestBidirectionalStreamMultiplexing/client_->_server
Integration (macos, Go 1.27.x)	Run self tests, using QUIC v1	2026-09-11T01:06:12.0605420Z === RUN   TestBidirectionalStreamMultiplexing/client_<->_server
Integration (macos, Go 1.27.x)	Run self tests, using QUIC v1	2026-09-11T01:06:12.0707180Z --- PASS: TestBidirectionalStreamMultiplexing (0.01s)
Integration (macos, Go 1.27.x)	Run self tests, using QUIC v1	2026-09-11T01:06:12.0742600Z     --- PASS: TestBidirectionalStreamMultiplexing/client_->_server (0.00s)
Integration (macos, Go 1.27.x)	Run self tests, using QUIC v1	2026-09-11T01:06:12.0829570Z     --- PASS: TestBidirectionalStreamMultiplexing/client_<->_server (0.01s)
Integration (macos, Go 1.27.x)	Run self tests, using QUIC v1	2026-09-11T01:06:12.0840700Z === RUN   TestTokensFromNewTokenFrames
Integration (macos, Go 1.27.x)	Run self tests, using QUIC v1	2026-09-11T01:06:12.0841680Z === RUN   TestTokensFromNewTokenFrames/MaxTokenAge:_1_hour
Integration (macos, Go 1.27.x)	Run self tests, using QUIC v1	2026-09-11T01:06:12.0842800Z === RUN   TestTokensFromNewTokenFrames/MaxTokenAge:_default
Integration (macos, Go 1.27.x)	Run self tests, using QUIC v1	2026-09-11T01:06:12.0843670Z === RUN   TestTokensFromNewTokenFrames/MaxTokenAge:_very_short
Integration (macos, Go 1.27.x)	Run self tests, using QUIC v1	2026-09-11T01:06:12.0844140Z --- PASS: TestTokensFromNewTokenFrames (0.06s)
Integration (macos, Go 1.27.x)	Run self tests, using QUIC v1	2026-09-11T01:06:12.0844640Z     --- PASS: TestTokensFromNewTokenFrames/MaxTokenAge:_1_hour (0.02s)
Integration (macos, Go 1.27.x)	Run self tests, using QUIC v1	2026-09-11T01:06:12.0845160Z     --- PASS: TestTokensFromNewTokenFrames/MaxTokenAge:_default (0.02s)
Integration (macos, Go 1.27.x)	Run self tests, using QUIC v1	2026-09-11T01:06:12.0845680Z     --- PASS: TestTokensFromNewTokenFrames/MaxTokenAge:_very_short (0.02s)
Integration (macos, Go 1.27.x)	Run self tests, using QUIC v1	2026-09-11T01:06:12.0846050Z === RUN   TestGracefulShutdownPendingStreams
Integration (macos, Go 1.27.x)	Run self tests, using QUIC v1	2026-09-11T01:06:12.7184260Z --- PASS: TestGracefulShutdownPendingStreams (0.73s)
Integration (macos, Go 1.27.x)	Run self tests, using QUIC v1	2026-09-11T01:06:12.7187570Z === RUN   TestACKBundling
Integration (macos, Go 1.27.x)	Run self tests, using QUIC v1	2026-09-11T01:06:13.9844200Z     packetization_test.go:125: bundled incoming packets: 98 / 100
Integration (macos, Go 1.27.x)	Run self tests, using QUIC v1	2026-09-11T01:06:13.9891930Z     packetization_test.go:126: bundled outgoing packets: 98 / 100
Integration (macos, Go 1.27.x)	Run self tests, using QUIC v1	2026-09-11T01:06:13.9892640Z --- PASS: TestACKBundling (1.27s)
Integration (macos, Go 1.27.x)	Run self tests, using QUIC v1	2026-09-11T01:06:13.9893090Z === RUN   TestHandshakeExplicitVersions
Integration (macos, Go 1.27.x)	Run self tests, using QUIC v1	2026-09-11T01:06:13.9893470Z === RUN   TestHandshakeExplicitVersions/v1
Integration (macos, Go 1.27.x)	Run self tests, using QUIC v1	2026-09-11T01:06:13.9894090Z === RUN   TestHandshakeExplicitVersions/v2
Integration (macos, Go 1.27.x)	Run self tests, using QUIC v1	2026-09-11T01:06:13.9896190Z --- PASS: TestHandshakeExplicitVersions (0.00s)
Integration (macos, Go 1.27.x)	Run self tests, using QUIC v1	2026-09-11T01:06:13.9896640Z     --- PASS: TestHandshakeExplicitVersions/v1 (0.00s)
Integration (macos, Go 1.27.x)	Run self tests, using QUIC v1	2026-09-11T01:06:13.9897090Z     --- PASS: TestHandshakeExplicitVersions/v2 (0.00s)
Integration (macos, Go 1.27.x)	Run self tests, using QUIC v1	2026-09-11T01:06:13.9897490Z === RUN   TestReadDeadlineSync
Integration (macos, Go 1.27.x)	Run self tests, using QUIC v1	2026-09-11T01:06:14.3099120Z --- PASS: TestReadDeadlineSync (0.32s)
Integration (macos, Go 1.27.x)	Run self tests, using QUIC v1	2026-09-11T01:06:14.3200500Z === RUN   TestHandshakeRandomLossOptIn
Integration (macos, Go 1.27.x)	Run self tests, using QUIC v1	2026-09-11T01:06:14.3207600Z === RUN   TestHandshakeRandomLossOptIn/default
Integration (macos, Go 1.27.x)	Run self tests, using QUIC v1	2026-09-11T01:06:14.6013940Z === RUN   TestHandshakeRandomLossOptIn/enabled
Integration (macos, Go 1.27.x)	Run self tests, using QUIC v1	2026-09-11T01:06:14.9300800Z --- PASS: TestHandshakeRandomLossOptIn (0.62s)
Integration (macos, Go 1.27.x)	Run self tests, using QUIC v1	2026-09-11T01:06:14.9301710Z     --- PASS: TestHandshakeRandomLossOptIn/default (0.29s)
Integration (macos, Go 1.27.x)	Run self tests, using QUIC v1	2026-09-11T01:06:14.9302630Z     --- PASS: TestHandshakeRandomLossOptIn/enabled (0.33s)
Integration (macos, Go 1.27.x)	Run self tests, using QUIC v1	2026-09-11T01:06:14.9303560Z === RUN   TestCorruptionDiagnosticsCleanup
Integration (macos, Go 1.27.x)	Run self tests, using QUIC v1	2026-09-11T01:06:14.9304180Z === RUN   TestCorruptionDiagnosticsCleanup/pass
Integration (macos, Go 1.27.x)	Run self tests, using QUIC v1	2026-09-11T01:06:15.5558060Z === RUN   TestCorruptionDiagnosticsCleanup/fail
Integration (macos, Go 1.27.x)	Run self tests, using QUIC v1	2026-09-11T01:06:18.8631050Z --- PASS: TestCorruptionDiagnosticsCleanup (3.93s)
Integration (macos, Go 1.27.x)	Run self tests, using QUIC v1	2026-09-11T01:06:18.8731620Z     --- PASS: TestCorruptionDiagnosticsCleanup/pass (0.62s)
Integration (macos, Go 1.27.x)	Run self tests, using QUIC v1	2026-09-11T01:06:18.8760930Z     --- PASS: TestCorruptionDiagnosticsCleanup/fail (3.30s)
Integration (macos, Go 1.27.x)	Run self tests, using QUIC v1	2026-09-11T01:06:18.8761680Z === RUN   TestCancelOpenStreamSync
Integration (macos, Go 1.27.x)	Run self tests, using QUIC v1	2026-09-11T01:06:19.2553950Z     cancelation_test.go:552: Canceled OpenStreamSync 12 times
Integration (macos, Go 1.27.x)	Run self tests, using QUIC v1	2026-09-11T01:06:19.2630990Z --- PASS: TestCancelOpenStreamSync (0.39s)
Integration (macos, Go 1.27.x)	Run self tests, using QUIC v1	2026-09-11T01:06:19.2639610Z === RUN   TestDatagramLoss
Integration (macos, Go 1.27.x)	Run self tests, using QUIC v1	2026-09-11T01:06:19.2641390Z     datagram_test.go:331: dropped 21 to client and 21 to server out of 200 packets
Integration (macos, Go 1.27.x)	Run self tests, using QUIC v1	2026-09-11T01:06:19.2642090Z     datagram_test.go:334: server received 79 out of 100 sent datagrams
Integration (macos, Go 1.27.x)	Run self tests, using QUIC v1	2026-09-11T01:06:19.2642860Z     datagram_test.go:336: client received 79 out of 100 sent datagrams
Integration (macos, Go 1.27.x)	Run self tests, using QUIC v1	2026-09-11T01:06:19.2643420Z --- PASS: TestDatagramLoss (0.01s)
Integration (macos, Go 1.27.x)	Run self tests, using QUIC v1	2026-09-11T01:06:19.2643890Z === RUN   TestMultiplexingConnectToSelf
Integration (macos, Go 1.27.x)	Run self tests, using QUIC v1	2026-09-11T01:06:19.2644460Z --- PASS: TestMultiplexingConnectToSelf (0.00s)
Integration (macos, Go 1.27.x)	Run self tests, using QUIC v1	2026-09-11T01:06:19.2645010Z === RUN   TestReadDeadlineAsync
Integration (macos, Go 1.27.x)	Run self tests, using QUIC v1	2026-09-11T01:06:19.5899970Z --- PASS: TestReadDeadlineAsync (0.33s)
Integration (macos, Go 1.27.x)	Run self tests, using QUIC v1	2026-09-11T01:06:19.5900740Z === RUN   TestQlogDirEnvironmentVariable
Integration (macos, Go 1.27.x)	Run self tests, using QUIC v1	2026-09-11T01:06:19.5924970Z --- PASS: TestQlogDirEnvironmentVariable (0.00s)
Integration (macos, Go 1.27.x)	Run self tests, using QUIC v1	2026-09-11T01:06:19.5925650Z === RUN   Test0RTTWaitForHandshakeCompletion
Integration (macos, Go 1.27.x)	Run self tests, using QUIC v1	2026-09-11T01:06:19.5994120Z     zero_rtt_test.go:375: received 6 STREAM frames in 0-RTT packets
Integration (macos, Go 1.27.x)	Run self tests, using QUIC v1	2026-09-11T01:06:19.5994550Z --- PASS: Test0RTTWaitForHandshakeCompletion (0.01s)
Integration (macos, Go 1.27.x)	Run self tests, using QUIC v1	2026-09-11T01:06:19.5995000Z === RUN   TestCorruptionCaptureUnicodeLimit
Integration (macos, Go 1.27.x)	Run self tests, using QUIC v1	2026-09-11T01:06:19.6070300Z --- PASS: TestCorruptionCaptureUnicodeLimit (0.01s)
Integration (macos, Go 1.27.x)	Run self tests, using QUIC v1	2026-09-11T01:06:19.6071100Z === RUN   TestMITMForgedVersionNegotiationPacket
Integration (macos, Go 1.27.x)	Run self tests, using QUIC v1	2026-09-11T01:06:19.6077230Z --- PASS: TestMITMForgedVersionNegotiationPacket (0.00s)
Integration (macos, Go 1.27.x)	Run self tests, using QUIC v1	2026-09-11T01:06:19.6078300Z === RUN   TestHTTP3ListenerClosing
Integration (macos, Go 1.27.x)	Run self tests, using QUIC v1	2026-09-11T01:06:19.6078760Z === RUN   TestHTTP3ListenerClosing/application_listener
Integration (macos, Go 1.27.x)	Run self tests, using QUIC v1	2026-09-11T01:06:19.6115850Z === RUN   TestHTTP3ListenerClosing/listener_created_by_the_http3.Server
Integration (macos, Go 1.27.x)	Run self tests, using QUIC v1	2026-09-11T01:06:19.6587270Z --- PASS: TestHTTP3ListenerClosing (0.05s)
Integration (macos, Go 1.27.x)	Run self tests, using QUIC v1	2026-09-11T01:06:19.6588150Z     --- PASS: TestHTTP3ListenerClosing/application_listener (0.00s)
Integration (macos, Go 1.27.x)	Run self tests, using QUIC v1	2026-09-11T01:06:19.6589000Z     --- PASS: TestHTTP3ListenerClosing/listener_created_by_the_http3.Server (0.05s)
Integration (macos, Go 1.27.x)	Run self tests, using QUIC v1	2026-09-11T01:06:19.6589580Z === RUN   TestServerAcceptQueueOverflow
Integration (macos, Go 1.27.x)	Run self tests, using QUIC v1	2026-09-11T01:06:19.8425260Z --- PASS: TestServerAcceptQueueOverflow (0.18s)
Integration (macos, Go 1.27.x)	Run self tests, using QUIC v1	2026-09-11T01:06:19.8426180Z === RUN   TestFaultyPacketConn
Integration (macos, Go 1.27.x)	Run self tests, using QUIC v1	2026-09-11T01:06:19.8426660Z === RUN   TestFaultyPacketConn/client
Integration (macos, Go 1.27.x)	Run self tests, using QUIC v1	2026-09-11T01:06:19.8427680Z     timeout_test.go:435: blocking client's connection after 7 packets
Integration (macos, Go 1.27.x)	Run self tests, using QUIC v1	2026-09-11T01:06:19.8438630Z === RUN   TestFaultyPacketConn/server
Integration (macos, Go 1.27.x)	Run self tests, using QUIC v1	2026-09-11T01:06:19.8439450Z     timeout_test.go:435: blocking server's connection after 14 packets
Integration (macos, Go 1.27.x)	Run self tests, using QUIC v1	2026-09-11T01:06:19.8448610Z --- PASS: TestFaultyPacketConn (0.00s)
Integration (macos, Go 1.27.x)	Run self tests, using QUIC v1	2026-09-11T01:06:19.8449810Z     --- PASS: TestFaultyPacketConn/client (0.00s)
Integration (macos, Go 1.27.x)	Run self tests, using QUIC v1	2026-09-11T01:06:19.8450380Z     --- PASS: TestFaultyPacketConn/server (0.00s)
Integration (macos, Go 1.27.x)	Run self tests, using QUIC v1	2026-09-11T01:06:19.8450820Z === RUN   TestHandshake
Integration (macos, Go 1.27.x)	Run self tests, using QUIC v1	2026-09-11T01:06:19.8451130Z === RUN   TestHandshake/short_cert_chain
Integration (macos, Go 1.27.x)	Run self tests, using QUIC v1	2026-09-11T01:06:19.8462490Z === RUN   TestHandshake/long_cert_chain
Integration (macos, Go 1.27.x)	Run self tests, using QUIC v1	2026-09-11T01:06:19.8477650Z --- PASS: TestHandshake (0.00s)
Integration (macos, Go 1.27.x)	Run self tests, using QUIC v1	2026-09-11T01:06:19.8478360Z     --- PASS: TestHandshake/short_cert_chain (0.00s)
Integration (macos, Go 1.27.x)	Run self tests, using QUIC v1	2026-09-11T01:06:19.8479400Z     --- PASS: TestHandshake/long_cert_chain (0.00s)
Integration (macos, Go 1.27.x)	Run self tests, using QUIC v1	2026-09-11T01:06:19.8480000Z === RUN   TestHandshakeDiagnosticsTruncation
Integration (macos, Go 1.27.x)	Run self tests, using QUIC v1	2026-09-11T01:06:19.8480520Z --- PASS: TestHandshakeDiagnosticsTruncation (0.00s)
Integration (macos, Go 1.27.x)	Run self tests, using QUIC v1	2026-09-11T01:06:19.8481230Z === RUN   TestContextOnClientSide
Integration (macos, Go 1.27.x)	Run self tests, using QUIC v1	2026-09-11T01:06:19.8492480Z --- PASS: TestContextOnClientSide (0.00s)
Integration (macos, Go 1.27.x)	Run self tests, using QUIC v1	2026-09-11T01:06:19.8493470Z === RUN   TestHTTPSettings
Integration (macos, Go 1.27.x)	Run self tests, using QUIC v1	2026-09-11T01:06:19.8493860Z === RUN   TestHTTPSettings/server_settings
Integration (macos, Go 1.27.x)	Run self tests, using QUIC v1	2026-09-11T01:06:19.8503570Z === RUN   TestHTTPSettings/client_settings
Integration (macos, Go 1.27.x)	Run self tests, using QUIC v1	2026-09-11T01:06:19.8521970Z --- PASS: TestHTTPSettings (0.00s)
Integration (macos, Go 1.27.x)	Run self tests, using QUIC v1	2026-09-11T01:06:19.8522830Z     --- PASS: TestHTTPSettings/server_settings (0.00s)
Integration (macos, Go 1.27.x)	Run self tests, using QUIC v1	2026-09-11T01:06:19.8523330Z     --- PASS: TestHTTPSettings/client_settings (0.00s)
Integration (macos, Go 1.27.x)	Run self tests, using QUIC v1	2026-09-11T01:06:19.8523710Z === RUN   TestHandshakeCloseListener
Integration (macos, Go 1.27.x)	Run self tests, using QUIC v1	2026-09-11T01:06:19.8524150Z === RUN   TestHandshakeCloseListener/using_Transport.Listen
Integration (macos, Go 1.27.x)	Run self tests, using QUIC v1	2026-09-11T01:06:19.9262510Z === RUN   TestHandshakeCloseListener/using_Listen
Integration (macos, Go 1.27.x)	Run self tests, using QUIC v1	2026-09-11T01:06:19.9807860Z === RUN   TestHandshakeCloseListener/using_ListenAddr
Integration (macos, Go 1.27.x)	Run self tests, using QUIC v1	2026-09-11T01:06:20.6514460Z --- PASS: TestHandshakeCloseListener (0.80s)
Integration (macos, Go 1.27.x)	Run self tests, using QUIC v1	2026-09-11T01:06:20.6517900Z     --- PASS: TestHandshakeCloseListener/using_Transport.Listen (0.06s)
Integration (macos, Go 1.27.x)	Run self tests, using QUIC v1	2026-09-11T01:06:20.6519050Z     --- PASS: TestHandshakeCloseListener/using_Listen (0.06s)
Integration (macos, Go 1.27.x)	Run self tests, using QUIC v1	2026-09-11T01:06:20.6519800Z     --- PASS: TestHandshakeCloseListener/using_ListenAddr (0.67s)
Integration (macos, Go 1.27.x)	Run self tests, using QUIC v1	2026-09-11T01:06:20.6621720Z === RUN   TestGracefulShutdownLongLivedRequest
Integration (macos, Go 1.27.x)	Run self tests, using QUIC v1	2026-09-11T01:06:20.7326450Z --- PASS: TestGracefulShutdownLongLivedRequest (0.08s)
Integration (macos, Go 1.27.x)	Run self tests, using QUIC v1	2026-09-11T01:06:20.7328060Z === RUN   TestGracefulShutdownShortRequest
Integration (macos, Go 1.27.x)	Run self tests, using QUIC v1	2026-09-11T01:06:20.7661160Z --- PASS: TestGracefulShutdownShortRequest (0.03s)
Integration (macos, Go 1.27.x)	Run self tests, using QUIC v1	2026-09-11T01:06:20.7762260Z === RUN   TestPacketDrops
Integration (macos, Go 1.27.x)	Run self tests, using QUIC v1	2026-09-11T01:06:20.7799480Z === RUN   TestPacketDrops/from_client
Integration (macos, Go 1.27.x)	Run self tests, using QUIC v1	2026-09-11T01:06:20.7800490Z     drop_test.go:75: sending a message every 77.568541ms, 50 times
Integration (macos, Go 1.27.x)	Run self tests, using QUIC v1	2026-09-11T01:06:20.7801230Z     drop_test.go:76: dropping packets for 862.20331ms, after a delay of 305.412904ms
Integration (macos, Go 1.27.x)	Run self tests, using QUIC v1	2026-09-11T01:06:20.7801730Z     drop_test.go:114: dropped 12 packets
Integration (macos, Go 1.27.x)	Run self tests, using QUIC v1	2026-09-11T01:06:20.7801970Z === RUN   TestPacketDrops/from_server
Integration (macos, Go 1.27.x)	Run self tests, using QUIC v1	2026-09-11T01:06:20.7802500Z     drop_test.go:75: sending a message every 92.770643ms, 50 times
Integration (macos, Go 1.27.x)	Run self tests, using QUIC v1	2026-09-11T01:06:20.7803160Z     drop_test.go:76: dropping packets for 1.505697345s, after a delay of 665.065014ms
Integration (macos, Go 1.27.x)	Run self tests, using QUIC v1	2026-09-11T01:06:20.7804200Z     drop_test.go:114: dropped 20 packets
Integration (macos, Go 1.27.x)	Run self tests, using QUIC v1	2026-09-11T01:06:20.7804600Z --- PASS: TestPacketDrops (0.00s)
Integration (macos, Go 1.27.x)	Run self tests, using QUIC v1	2026-09-11T01:06:20.7805630Z     --- PASS: TestPacketDrops/from_client (0.00s)
Integration (macos, Go 1.27.x)	Run self tests, using QUIC v1	2026-09-11T01:06:20.7806540Z     --- PASS: TestPacketDrops/from_server (0.00s)
Integration (macos, Go 1.27.x)	Run self tests, using QUIC v1	2026-09-11T01:06:20.7807490Z === RUN   TestDatagramNegotiation
Integration (macos, Go 1.27.x)	Run self tests, using QUIC v1	2026-09-11T01:06:20.7807870Z === RUN   TestDatagramNegotiation/server_enable,_client_enable
Integration (macos, Go 1.27.x)	Run self tests, using QUIC v1	2026-09-11T01:06:20.7808450Z === RUN   TestDatagramNegotiation/server_enable,_client_disable
Integration (macos, Go 1.27.x)	Run self tests, using QUIC v1	2026-09-11T01:06:20.7808940Z === RUN   TestDatagramNegotiation/server_disable,_client_enable
Integration (macos, Go 1.27.x)	Run self tests, using QUIC v1	2026-09-11T01:06:20.7809880Z === RUN   TestDatagramNegotiation/server_disable,_client_disable
Integration (macos, Go 1.27.x)	Run self tests, using QUIC v1	2026-09-11T01:06:20.7811670Z --- PASS: TestDatagramNegotiation (0.01s)
Integration (macos, Go 1.27.x)	Run self tests, using QUIC v1	2026-09-11T01:06:20.7812250Z     --- PASS: TestDatagramNegotiation/server_enable,_client_enable (0.00s)
Integration (macos, Go 1.27.x)	Run self tests, using QUIC v1	2026-09-11T01:06:20.7813000Z     --- PASS: TestDatagramNegotiation/server_enable,_client_disable (0.00s)
Integration (macos, Go 1.27.x)	Run self tests, using QUIC v1	2026-09-11T01:06:20.7814850Z     --- PASS: TestDatagramNegotiation/server_disable,_client_enable (0.00s)
Integration (macos, Go 1.27.x)	Run self tests, using QUIC v1	2026-09-11T01:06:20.7815480Z     --- PASS: TestDatagramNegotiation/server_disable,_client_disable (0.00s)
Integration (macos, Go 1.27.x)	Run self tests, using QUIC v1	2026-09-11T01:06:20.7816200Z === RUN   TestMultiplexingServerAndClientOnSameConn
Integration (macos, Go 1.27.x)	Run self tests, using QUIC v1	2026-09-11T01:06:21.7790800Z --- PASS: TestMultiplexingServerAndClientOnSameConn (1.00s)
Integration (macos, Go 1.27.x)	Run self tests, using QUIC v1	2026-09-11T01:06:21.7792620Z === RUN   TestHandshakeWithPacketLoss
Integration (macos, Go 1.27.x)	Run self tests, using QUIC v1	2026-09-11T01:06:21.7793960Z === RUN   TestHandshakeWithPacketLoss/drop_1st_packet_in_direction_to_client
Integration (macos, Go 1.27.x)	Run self tests, using QUIC v1	2026-09-11T01:06:21.7795500Z === RUN   TestHandshakeWithPacketLoss/drop_1st_packet_in_direction_to_client/retry:_true/client_speaks_first
Integration (macos, Go 1.27.x)	Run self tests, using QUIC v1	2026-09-11T01:06:21.7856210Z     handshake_drop_test.go:376: dropped 1 packets
Integration (macos, Go 1.27.x)	Run self tests, using QUIC v1	2026-09-11T01:06:21.7857960Z === RUN   TestHandshakeWithPacketLoss/drop_1st_packet_in_direction_to_client/retry:_true/server_speaks_first
Integration (macos, Go 1.27.x)	Run self tests, using QUIC v1	2026-09-11T01:06:21.7877930Z     handshake_drop_test.go:376: dropped 1 packets
Integration (macos, Go 1.27.x)	Run self tests, using QUIC v1	2026-09-11T01:06:21.7879280Z === RUN   TestHandshakeWithPacketLoss/drop_1st_packet_in_direction_to_client/retry:_true/nobody_speaks
Integration (macos, Go 1.27.x)	Run self tests, using QUIC v1	2026-09-11T01:06:21.7909910Z     handshake_drop_test.go:376: dropped 1 packets
Integration (macos, Go 1.27.x)	Run self tests, using QUIC v1	2026-09-11T01:06:21.7910650Z === RUN   TestHandshakeWithPacketLoss/drop_1st_packet_in_direction_to_client/retry:_false/client_speaks_first
Integration (macos, Go 1.27.x)	Run self tests, using QUIC v1	2026-09-11T01:06:21.7945380Z     handshake_drop_test.go:376: dropped 1 packets
Integration (macos, Go 1.27.x)	Run self tests, using QUIC v1	2026-09-11T01:06:21.7946800Z === RUN   TestHandshakeWithPacketLoss/drop_1st_packet_in_direction_to_client/retry:_false/server_speaks_first
Integration (macos, Go 1.27.x)	Run self tests, using QUIC v1	2026-09-11T01:06:21.7984470Z     handshake_drop_test.go:376: dropped 1 packets
Integration (macos, Go 1.27.x)	Run self tests, using QUIC v1	2026-09-11T01:06:21.7985270Z === RUN   TestHandshakeWithPacketLoss/drop_1st_packet_in_direction_to_client/retry:_false/nobody_speaks
Integration (macos, Go 1.27.x)	Run self tests, using QUIC v1	2026-09-11T01:06:21.8016370Z     handshake_drop_test.go:376: dropped 1 packets
Integration (macos, Go 1.27.x)	Run self tests, using QUIC v1	2026-09-11T01:06:21.8018550Z === RUN   TestHandshakeWithPacketLoss/drop_1st_packet_in_direction_to_client/retry:_false/client_speaks_first#01
Integration (macos, Go 1.27.x)	Run self tests, using QUIC v1	2026-09-11T01:06:21.8088430Z     handshake_drop_test.go:376: dropped 1 packets
Integration (macos, Go 1.27.x)	Run self tests, using QUIC v1	2026-09-11T01:06:21.8090970Z === RUN   TestHandshakeWithPacketLoss/drop_1st_packet_in_direction_to_client/retry:_false/server_speaks_first#01
Integration (macos, Go 1.27.x)	Run self tests, using QUIC v1	2026-09-11T01:06:21.8137710Z     handshake_drop_test.go:376: dropped 1 packets
Integration (macos, Go 1.27.x)	Run self tests, using QUIC v1	2026-09-11T01:06:21.8176730Z === RUN   TestHandshakeWithPacketLoss/drop_1st_packet_in_direction_to_client/retry:_false/nobody_speaks#01
Integration (macos, Go 1.27.x)	Run self tests, using QUIC v1	2026-09-11T01:06:21.8192380Z     handshake_drop_test.go:376: dropped 1 packets
Integration (macos, Go 1.27.x)	Run self tests, using QUIC v1	2026-09-11T01:06:21.8193120Z === RUN   TestHandshakeWithPacketLoss/drop_1st_packet_in_direction_to_client/retry:_false/client_speaks_first#02
Integration (macos, Go 1.27.x)	Run self tests, using QUIC v1	2026-09-11T01:06:21.8226190Z     handshake_drop_test.go:376: dropped 1 packets
Integration (macos, Go 1.27.x)	Run self tests, using QUIC v1	2026-09-11T01:06:21.8226720Z === RUN   TestHandshakeWithPacketLoss/drop_1st_packet_in_direction_to_client/retry:_false/server_speaks_first#02
Integration (macos, Go 1.27.x)	Run self tests, using QUIC v1	2026-09-11T01:06:21.8241770Z     handshake_drop_test.go:376: dropped 1 packets
Integration (macos, Go 1.27.x)	Run self tests, using QUIC v1	2026-09-11T01:06:21.8242910Z === RUN   TestHandshakeWithPacketLoss/drop_1st_packet_in_direction_to_client/retry:_false/nobody_speaks#02
Integration (macos, Go 1.27.x)	Run self tests, using QUIC v1	2026-09-11T01:06:21.8256370Z     handshake_drop_test.go:376: dropped 1 packets
Integration (macos, Go 1.27.x)	Run self tests, using QUIC v1	2026-09-11T01:06:21.8257740Z === RUN   TestHandshakeWithPacketLoss/drop_1st_packet_in_direction_to_client/retry:_false/client_speaks_first#03
Integration (macos, Go 1.27.x)	Run self tests, using QUIC v1	2026-09-11T01:06:21.8298260Z     handshake_drop_test.go:376: dropped 1 packets
Integration (macos, Go 1.27.x)	Run self tests, using QUIC v1	2026-09-11T01:06:21.8398740Z === RUN   TestHandshakeWithPacketLoss/drop_1st_packet_in_direction_to_client/retry:_false/server_speaks_first#03
Integration (macos, Go 1.27.x)	Run self tests, using QUIC v1	2026-09-11T01:06:21.8499990Z     handshake_drop_test.go:376: dropped 1 packets
Integration (macos, Go 1.27.x)	Run self tests, using QUIC v1	2026-09-11T01:06:21.8601270Z === RUN   TestHandshakeWithPacketLoss/drop_1st_packet_in_direction_to_client/retry:_false/nobody_speaks#03
Integration (macos, Go 1.27.x)	Run self tests, using QUIC v1	2026-09-11T01:06:21.8702870Z     handshake_drop_test.go:376: dropped 1 packets
Integration (macos, Go 1.27.x)	Run self tests, using QUIC v1	2026-09-11T01:06:21.8804330Z === RUN   TestHandshakeWithPacketLoss/drop_first_3_packets_in_direction_to_client
Integration (macos, Go 1.27.x)	Run self tests, using QUIC v1	2026-09-11T01:06:21.8905480Z === RUN   TestHandshakeWithPacketLoss/drop_first_3_packets_in_direction_to_client/retry:_true/client_speaks_first
Integration (macos, Go 1.27.x)	Run self tests, using QUIC v1	2026-09-11T01:06:21.9006570Z     handshake_drop_test.go:376: dropped 3 packets
Integration (macos, Go 1.27.x)	Run self tests, using QUIC v1	2026-09-11T01:06:21.9102460Z === RUN   TestHandshakeWithPacketLoss/drop_first_3_packets_in_direction_to_client/retry:_true/server_speaks_first
Integration (macos, Go 1.27.x)	Run self tests, using QUIC v1	2026-09-11T01:06:21.9109590Z     handshake_drop_test.go:376: dropped 3 packets
Integration (macos, Go 1.27.x)	Run self tests, using QUIC v1	2026-09-11T01:06:21.9110740Z === RUN   TestHandshakeWithPacketLoss/drop_first_3_packets_in_direction_to_client/retry:_true/nobody_speaks
Integration (macos, Go 1.27.x)	Run self tests, using QUIC v1	2026-09-11T01:06:21.9111820Z     handshake_drop_test.go:376: dropped 3 packets
Integration (macos, Go 1.27.x)	Run self tests, using QUIC v1	2026-09-11T01:06:21.9112790Z === RUN   TestHandshakeWithPacketLoss/drop_first_3_packets_in_direction_to_client/retry:_false/client_speaks_first
Integration (macos, Go 1.27.x)	Run self tests, using QUIC v1	2026-09-11T01:06:21.9115180Z     handshake_drop_test.go:376: dropped 3 packets
Integration (macos, Go 1.27.x)	Run self tests, using QUIC v1	2026-09-11T01:06:21.9116100Z === RUN   TestHandshakeWithPacketLoss/drop_first_3_packets_in_direction_to_client/retry:_false/server_speaks_first
Integration (macos, Go 1.27.x)	Run self tests, using QUIC v1	2026-09-11T01:06:21.9116810Z     handshake_drop_test.go:376: dropped 3 packets
Integration (macos, Go 1.27.x)	Run self tests, using QUIC v1	2026-09-11T01:06:21.9117500Z === RUN   TestHandshakeWithPacketLoss/drop_first_3_packets_in_direction_to_client/retry:_false/nobody_speaks
Integration (macos, Go 1.27.x)	Run self tests, using QUIC v1	2026-09-11T01:06:21.9118220Z     handshake_drop_test.go:376: dropped 3 packets
Integration (macos, Go 1.27.x)	Run self tests, using QUIC v1	2026-09-11T01:06:21.9119220Z === RUN   TestHandshakeWithPacketLoss/drop_first_3_packets_in_direction_to_client/retry:_false/client_speaks_first#01
Integration (macos, Go 1.27.x)	Run self tests, using QUIC v1	2026-09-11T01:06:21.9120020Z     handshake_drop_test.go:376: dropped 3 packets
Integration (macos, Go 1.27.x)	Run self tests, using QUIC v1	2026-09-11T01:06:21.9120720Z === RUN   TestHandshakeWithPacketLoss/drop_first_3_packets_in_direction_to_client/retry:_false/server_speaks_first#01
Integration (macos, Go 1.27.x)	Run self tests, using QUIC v1	2026-09-11T01:06:21.9121490Z     handshake_drop_test.go:376: dropped 3 packets
Integration (macos, Go 1.27.x)	Run self tests, using QUIC v1	2026-09-11T01:06:21.9122170Z === RUN   TestHandshakeWithPacketLoss/drop_first_3_packets_in_direction_to_client/retry:_false/nobody_speaks#01
Integration (macos, Go 1.27.x)	Run self tests, using QUIC v1	2026-09-11T01:06:21.9126420Z     handshake_drop_test.go:376: dropped 3 packets
Integration (macos, Go 1.27.x)	Run self tests, using QUIC v1	2026-09-11T01:06:21.9127240Z === RUN   TestHandshakeWithPacketLoss/drop_first_3_packets_in_direction_to_client/retry:_false/client_speaks_first#02
Integration (macos, Go 1.27.x)	Run self tests, using QUIC v1	2026-09-11T01:06:21.9127960Z     handshake_drop_test.go:376: dropped 3 packets
Integration (macos, Go 1.27.x)	Run self tests, using QUIC v1	2026-09-11T01:06:21.9128560Z === RUN   TestHandshakeWithPacketLoss/drop_first_3_packets_in_direction_to_client/retry:_false/server_speaks_first#02
Integration (macos, Go 1.27.x)	Run self tests, using QUIC v1	2026-09-11T01:06:21.9129280Z     handshake_drop_test.go:376: dropped 3 packets
Integration (macos, Go 1.27.x)	Run self tests, using QUIC v1	2026-09-11T01:06:21.9129820Z === RUN   TestHandshakeWithPacketLoss/drop_first_3_packets_in_direction_to_client/retry:_false/nobody_speaks#02
Integration (macos, Go 1.27.x)	Run self tests, using QUIC v1	2026-09-11T01:06:21.9130590Z     handshake_drop_test.go:376: dropped 3 packets
Integration (macos, Go 1.27.x)	Run self tests, using QUIC v1	2026-09-11T01:06:21.9131410Z === RUN   TestHandshakeWithPacketLoss/drop_first_3_packets_in_direction_to_client/retry:_false/client_speaks_first#03
Integration (macos, Go 1.27.x)	Run self tests, using QUIC v1	2026-09-11T01:06:21.9132150Z     handshake_drop_test.go:376: dropped 3 packets
Integration (macos, Go 1.27.x)	Run self tests, using QUIC v1	2026-09-11T01:06:21.9132770Z === RUN   TestHandshakeWithPacketLoss/drop_first_3_packets_in_direction_to_client/retry:_false/server_speaks_first#03
Integration (macos, Go 1.27.x)	Run self tests, using QUIC v1	2026-09-11T01:06:21.9133910Z     handshake_drop_test.go:376: dropped 3 packets
Integration (macos, Go 1.27.x)	Run self tests, using QUIC v1	2026-09-11T01:06:21.9135400Z === RUN   TestHandshakeWithPacketLoss/drop_first_3_packets_in_direction_to_client/retry:_false/nobody_speaks#03
Integration (macos, Go 1.27.x)	Run self tests, using QUIC v1	2026-09-11T01:06:21.9139430Z     handshake_drop_test.go:376: dropped 3 packets
Integration (macos, Go 1.27.x)	Run self tests, using QUIC v1	2026-09-11T01:06:21.9142010Z === RUN   TestHandshakeWithPacketLoss/drop_every_3rd_of_first_30_packets,_phase_1_in_direction_to_client
Integration (macos, Go 1.27.x)	Run self tests, using QUIC v1	2026-09-11T01:06:21.9142870Z === RUN   TestHandshakeWithPacketLoss/drop_every_3rd_of_first_30_packets,_phase_1_in_direction_to_client/retry:_true/client_speaks_first
Integration (macos, Go 1.27.x)	Run self tests, using QUIC v1	2026-09-11T01:06:21.9143690Z     handshake_drop_test.go:376: dropped 4 packets
Integration (macos, Go 1.27.x)	Run self tests, using QUIC v1	2026-09-11T01:06:21.9144410Z === RUN   TestHandshakeWithPacketLoss/drop_every_3rd_of_first_30_packets,_phase_1_in_direction_to_client/retry:_true/server_speaks_first
Integration (macos, Go 1.27.x)	Run self tests, using QUIC v1	2026-09-11T01:06:21.9145200Z     handshake_drop_test.go:376: dropped 7 packets
Integration (macos, Go 1.27.x)	Run self tests, using QUIC v1	2026-09-11T01:06:21.9145830Z === RUN   TestHandshakeWithPacketLoss/drop_every_3rd_of_first_30_packets,_phase_1_in_direction_to_client/retry:_true/nobody_speaks
Integration (macos, Go 1.27.x)	Run self tests, using QUIC v1	2026-09-11T01:06:21.9146570Z     handshake_drop_test.go:376: dropped 4 packets
Integration (macos, Go 1.27.x)	Run self tests, using QUIC v1	2026-09-11T01:06:21.9147670Z === RUN   TestHandshakeWithPacketLoss/drop_every_3rd_of_first_30_packets,_phase_1_in_direction_to_client/retry:_false/client_speaks_first
Integration (macos, Go 1.27.x)	Run self tests, using QUIC v1	2026-09-11T01:06:21.9150110Z     handshake_drop_test.go:376: dropped 3 packets
Integration (macos, Go 1.27.x)	Run self tests, using QUIC v1	2026-09-11T01:06:21.9150900Z === RUN   TestHandshakeWithPacketLoss/drop_every_3rd_of_first_30_packets,_phase_1_in_direction_to_client/retry:_false/server_speaks_first
Integration (macos, Go 1.27.x)	Run self tests, using QUIC v1	2026-09-11T01:06:21.9151700Z     handshake_drop_test.go:376: dropped 6 packets
Integration (macos, Go 1.27.x)	Run self tests, using QUIC v1	2026-09-11T01:06:21.9152270Z === RUN   TestHandshakeWithPacketLoss/drop_every_3rd_of_first_30_packets,_phase_1_in_direction_to_client/retry:_false/nobody_speaks
Integration (macos, Go 1.27.x)	Run self tests, using QUIC v1	2026-09-11T01:06:21.9152910Z     handshake_drop_test.go:376: dropped 3 packets
Integration (macos, Go 1.27.x)	Run self tests, using QUIC v1	2026-09-11T01:06:21.9153550Z === RUN   TestHandshakeWithPacketLoss/drop_every_3rd_of_first_30_packets,_phase_1_in_direction_to_client/retry:_false/client_speaks_first#01
Integration (macos, Go 1.27.x)	Run self tests, using QUIC v1	2026-09-11T01:06:21.9154280Z     handshake_drop_test.go:376: dropped 5 packets
Integration (macos, Go 1.27.x)	Run self tests, using QUIC v1	2026-09-11T01:06:21.9155010Z === RUN   TestHandshakeWithPacketLoss/drop_every_3rd_of_first_30_packets,_phase_1_in_direction_to_client/retry:_false/server_speaks_first#01
Integration (macos, Go 1.27.x)	Run self tests, using QUIC v1	2026-09-11T01:06:21.9156130Z     handshake_drop_test.go:376: dropped 7 packets
Integration (macos, Go 1.27.x)	Run self tests, using QUIC v1	2026-09-11T01:06:21.9156860Z === RUN   TestHandshakeWithPacketLoss/drop_every_3rd_of_first_30_packets,_phase_1_in_direction_to_client/retry:_false/nobody_speaks#01
Integration (macos, Go 1.27.x)	Run self tests, using QUIC v1	2026-09-11T01:06:21.9157580Z     handshake_drop_test.go:376: dropped 4 packets
Integration (macos, Go 1.27.x)	Run self tests, using QUIC v1	2026-09-11T01:06:21.9158220Z === RUN   TestHandshakeWithPacketLoss/drop_every_3rd_of_first_30_packets,_phase_1_in_direction_to_client/retry:_false/client_speaks_first#02
Integration (macos, Go 1.27.x)	Run self tests, using QUIC v1	2026-09-11T01:06:21.9159030Z     handshake_drop_test.go:376: dropped 3 packets
Integration (macos, Go 1.27.x)	Run self tests, using QUIC v1	2026-09-11T01:06:21.9159740Z === RUN   TestHandshakeWithPacketLoss/drop_every_3rd_of_first_30_packets,_phase_1_in_direction_to_client/retry:_false/server_speaks_first#02
Integration (macos, Go 1.27.x)	Run self tests, using QUIC v1	2026-09-11T01:06:21.9161440Z     handshake_drop_test.go:376: dropped 5 packets
Integration (macos, Go 1.27.x)	Run self tests, using QUIC v1	2026-09-11T01:06:21.9162050Z === RUN   TestHandshakeWithPacketLoss/drop_every_3rd_of_first_30_packets,_phase_1_in_direction_to_client/retry:_false/nobody_speaks#02
Integration (macos, Go 1.27.x)	Run self tests, using QUIC v1	2026-09-11T01:06:21.9162740Z     handshake_drop_test.go:376: dropped 3 packets
Integration (macos, Go 1.27.x)	Run self tests, using QUIC v1	2026-09-11T01:06:21.9163370Z === RUN   TestHandshakeWithPacketLoss/drop_every_3rd_of_first_30_packets,_phase_1_in_direction_to_client/retry:_false/client_speaks_first#03
Integration (macos, Go 1.27.x)	Run self tests, using QUIC v1	2026-09-11T01:06:21.9164130Z     handshake_drop_test.go:376: dropped 4 packets
Integration (macos, Go 1.27.x)	Run self tests, using QUIC v1	2026-09-11T01:06:21.9164670Z === RUN   TestHandshakeWithPacketLoss/drop_every_3rd_of_first_30_packets,_phase_1_in_direction_to_client/retry:_false/server_speaks_first#03
Integration (macos, Go 1.27.x)	Run self tests, using QUIC v1	2026-09-11T01:06:21.9165260Z     handshake_drop_test.go:376: dropped 6 packets
Integration (macos, Go 1.27.x)	Run self tests, using QUIC v1	2026-09-11T01:06:21.9165790Z === RUN   TestHandshakeWithPacketLoss/drop_every_3rd_of_first_30_packets,_phase_1_in_direction_to_client/retry:_false/nobody_speaks#03
Integration (macos, Go 1.27.x)	Run self tests, using QUIC v1	2026-09-11T01:06:21.9166780Z     handshake_drop_test.go:376: dropped 4 packets
Integration (macos, Go 1.27.x)	Run self tests, using QUIC v1	2026-09-11T01:06:21.9167370Z === RUN   TestHandshakeWithPacketLoss/drop_every_3rd_of_first_30_packets,_phase_2_in_direction_to_client
Integration (macos, Go 1.27.x)	Run self tests, using QUIC v1	2026-09-11T01:06:21.9168150Z === RUN   TestHandshakeWithPacketLoss/drop_every_3rd_of_first_30_packets,_phase_2_in_direction_to_client/retry:_true/client_speaks_first
Integration (macos, Go 1.27.x)	Run self tests, using QUIC v1	2026-09-11T01:06:21.9169510Z     handshake_drop_test.go:376: dropped 4 packets
Integration (macos, Go 1.27.x)	Run self tests, using QUIC v1	2026-09-11T01:06:21.9170340Z === RUN   TestHandshakeWithPacketLoss/drop_every_3rd_of_first_30_packets,_phase_2_in_direction_to_client/retry:_true/server_speaks_first
Integration (macos, Go 1.27.x)	Run self tests, using QUIC v1	2026-09-11T01:06:21.9170960Z     handshake_drop_test.go:376: dropped 6 packets
Integration (macos, Go 1.27.x)	Run self tests, using QUIC v1	2026-09-11T01:06:21.9171540Z === RUN   TestHandshakeWithPacketLoss/drop_every_3rd_of_first_30_packets,_phase_2_in_direction_to_client/retry:_true/nobody_speaks
Integration (macos, Go 1.27.x)	Run self tests, using QUIC v1	2026-09-11T01:06:21.9172160Z     handshake_drop_test.go:376: dropped 4 packets
Integration (macos, Go 1.27.x)	Run self tests, using QUIC v1	2026-09-11T01:06:21.9172780Z === RUN   TestHandshakeWithPacketLoss/drop_every_3rd_of_first_30_packets,_phase_2_in_direction_to_client/retry:_false/client_speaks_first
Integration (macos, Go 1.27.x)	Run self tests, using QUIC v1	2026-09-11T01:06:21.9173490Z     handshake_drop_test.go:376: dropped 1 packets
Integration (macos, Go 1.27.x)	Run self tests, using QUIC v1	2026-09-11T01:06:21.9174070Z === RUN   TestHandshakeWithPacketLoss/drop_every_3rd_of_first_30_packets,_phase_2_in_direction_to_client/retry:_false/server_speaks_first
Integration (macos, Go 1.27.x)	Run self tests, using QUIC v1	2026-09-11T01:06:21.9174650Z     handshake_drop_test.go:376: dropped 3 packets
Integration (macos, Go 1.27.x)	Run self tests, using QUIC v1	2026-09-11T01:06:21.9175250Z === RUN   TestHandshakeWithPacketLoss/drop_every_3rd_of_first_30_packets,_phase_2_in_direction_to_client/retry:_false/nobody_speaks
Integration (macos, Go 1.27.x)	Run self tests, using QUIC v1	2026-09-11T01:06:21.9175920Z     handshake_drop_test.go:376: dropped 1 packets
Integration (macos, Go 1.27.x)	Run self tests, using QUIC v1	2026-09-11T01:06:21.9176540Z === RUN   TestHandshakeWithPacketLoss/drop_every_3rd_of_first_30_packets,_phase_2_in_direction_to_client/retry:_false/client_speaks_first#01
Integration (macos, Go 1.27.x)	Run self tests, using QUIC v1	2026-09-11T01:06:21.9183170Z     handshake_drop_test.go:376: dropped 3 packets
Integration (macos, Go 1.27.x)	Run self tests, using QUIC v1	2026-09-11T01:06:21.9183900Z === RUN   TestHandshakeWithPacketLoss/drop_every_3rd_of_first_30_packets,_phase_2_in_direction_to_client/retry:_false/server_speaks_first#01
Integration (macos, Go 1.27.x)	Run self tests, using QUIC v1	2026-09-11T01:06:21.9218850Z     handshake_drop_test.go:376: dropped 5 packets
Integration (macos, Go 1.27.x)	Run self tests, using QUIC v1	2026-09-11T01:06:21.9220250Z === RUN   TestHandshakeWithPacketLoss/drop_every_3rd_of_first_30_packets,_phase_2_in_direction_to_client/retry:_false/nobody_speaks#01
Integration (macos, Go 1.27.x)	Run self tests, using QUIC v1	2026-09-11T01:06:21.9242280Z     handshake_drop_test.go:376: dropped 3 packets
Integration (macos, Go 1.27.x)	Run self tests, using QUIC v1	2026-09-11T01:06:21.9244340Z === RUN   TestHandshakeWithPacketLoss/drop_every_3rd_of_first_30_packets,_phase_2_in_direction_to_client/retry:_false/client_speaks_first#02
Integration (macos, Go 1.27.x)	Run self tests, using QUIC v1	2026-09-11T01:06:21.9256160Z     handshake_drop_test.go:376: dropped 2 packets
Integration (macos, Go 1.27.x)	Run self tests, using QUIC v1	2026-09-11T01:06:21.9257280Z === RUN   TestHandshakeWithPacketLoss/drop_every_3rd_of_first_30_packets,_phase_2_in_direction_to_client/retry:_false/server_speaks_first#02
Integration (macos, Go 1.27.x)	Run self tests, using QUIC v1	2026-09-11T01:06:21.9274080Z     handshake_drop_test.go:376: dropped 5 packets
Integration (macos, Go 1.27.x)	Run self tests, using QUIC v1	2026-09-11T01:06:21.9275800Z === RUN   TestHandshakeWithPacketLoss/drop_every_3rd_of_first_30_packets,_phase_2_in_direction_to_client/retry:_false/nobody_speaks#02
Integration (macos, Go 1.27.x)	Run self tests, using QUIC v1	2026-09-11T01:06:21.9289710Z     handshake_drop_test.go:376: dropped 2 packets
Integration (macos, Go 1.27.x)	Run self tests, using QUIC v1	2026-09-11T01:06:21.9290400Z === RUN   TestHandshakeWithPacketLoss/drop_every_3rd_of_first_30_packets,_phase_2_in_direction_to_client/retry:_false/client_speaks_first#03
Integration (macos, Go 1.27.x)	Run self tests, using QUIC v1	2026-09-11T01:06:21.9395240Z     handshake_drop_test.go:376: dropped 4 packets
Integration (macos, Go 1.27.x)	Run self tests, using QUIC v1	2026-09-11T01:06:21.9496060Z === RUN   TestHandshakeWithPacketLoss/drop_every_3rd_of_first_30_packets,_phase_2_in_direction_to_client/retry:_false/server_speaks_first#03
Integration (macos, Go 1.27.x)	Run self tests, using QUIC v1	2026-09-11T01:06:21.9596340Z     handshake_drop_test.go:376: dropped 6 packets
Integration (macos, Go 1.27.x)	Run self tests, using QUIC v1	2026-09-11T01:06:21.9697940Z === RUN   TestHandshakeWithPacketLoss/drop_every_3rd_of_first_30_packets,_phase_2_in_direction_to_client/retry:_false/nobody_speaks#03
Integration (macos, Go 1.27.x)	Run self tests, using QUIC v1	2026-09-11T01:06:21.9799380Z     handshake_drop_test.go:376: dropped 4 packets
Integration (macos, Go 1.27.x)	Run self tests, using QUIC v1	2026-09-11T01:06:21.9898960Z === RUN   TestHandshakeWithPacketLoss/drop_every_3rd_of_first_30_packets,_phase_3_in_direction_to_client
Integration (macos, Go 1.27.x)	Run self tests, using QUIC v1	2026-09-11T01:06:22.0000870Z === RUN   TestHandshakeWithPacketLoss/drop_every_3rd_of_first_30_packets,_phase_3_in_direction_to_client/retry:_true/client_speaks_first
Integration (macos, Go 1.27.x)	Run self tests, using QUIC v1	2026-09-11T01:06:22.0048090Z     handshake_drop_test.go:376: dropped 1 packets
Integration (macos, Go 1.27.x)	Run self tests, using QUIC v1	2026-09-11T01:06:22.0048990Z === RUN   TestHandshakeWithPacketLoss/drop_every_3rd_of_first_30_packets,_phase_3_in_direction_to_client/retry:_true/server_speaks_first
Integration (macos, Go 1.27.x)	Run self tests, using QUIC v1	2026-09-11T01:06:22.0050230Z     handshake_drop_test.go:376: dropped 3 packets
Integration (macos, Go 1.27.x)	Run self tests, using QUIC v1	2026-09-11T01:06:22.0051680Z === RUN   TestHandshakeWithPacketLoss/drop_every_3rd_of_first_30_packets,_phase_3_in_direction_to_client/retry:_true/nobody_speaks
Integration (macos, Go 1.27.x)	Run self tests, using QUIC v1	2026-09-11T01:06:22.0073800Z     handshake_drop_test.go:376: dropped 1 packets
Integration (macos, Go 1.27.x)	Run self tests, using QUIC v1	2026-09-11T01:06:22.0074720Z === RUN   TestHandshakeWithPacketLoss/drop_every_3rd_of_first_30_packets,_phase_3_in_direction_to_client/retry:_false/client_speaks_first
Integration (macos, Go 1.27.x)	Run self tests, using QUIC v1	2026-09-11T01:06:22.0075530Z     handshake_drop_test.go:376: dropped 1 packets
Integration (macos, Go 1.27.x)	Run self tests, using QUIC v1	2026-09-11T01:06:22.0076200Z === RUN   TestHandshakeWithPacketLoss/drop_every_3rd_of_first_30_packets,_phase_3_in_direction_to_client/retry:_false/server_speaks_first
Integration (macos, Go 1.27.x)	Run self tests, using QUIC v1	2026-09-11T01:06:22.0076950Z     handshake_drop_test.go:376: dropped 3 packets
Integration (macos, Go 1.27.x)	Run self tests, using QUIC v1	2026-09-11T01:06:22.0077650Z === RUN   TestHandshakeWithPacketLoss/drop_every_3rd_of_first_30_packets,_phase_3_in_direction_to_client/retry:_false/nobody_speaks
Integration (macos, Go 1.27.x)	Run self tests, using QUIC v1	2026-09-11T01:06:22.0078350Z     handshake_drop_test.go:376: dropped 0 packets
Integration (macos, Go 1.27.x)	Run self tests, using QUIC v1	2026-09-11T01:06:22.0079500Z === RUN   TestHandshakeWithPacketLoss/drop_every_3rd_of_first_30_packets,_phase_3_in_direction_to_client/retry:_false/client_speaks_first#01
Integration (macos, Go 1.27.x)	Run self tests, using QUIC v1	2026-09-11T01:06:22.0080390Z     handshake_drop_test.go:376: dropped 3 packets
Integration (macos, Go 1.27.x)	Run self tests, using QUIC v1	2026-09-11T01:06:22.0081610Z === RUN   TestHandshakeWithPacketLoss/drop_every_3rd_of_first_30_packets,_phase_3_in_direction_to_client/retry:_false/server_speaks_first#01
Integration (macos, Go 1.27.x)	Run self tests, using QUIC v1	2026-09-11T01:06:22.0082840Z     handshake_drop_test.go:376: dropped 5 packets
Integration (macos, Go 1.27.x)	Run self tests, using QUIC v1	2026-09-11T01:06:22.0085570Z === RUN   TestHandshakeWithPacketLoss/drop_every_3rd_of_first_30_packets,_phase_3_in_direction_to_client/retry:_false/nobody_speaks#01
Integration (macos, Go 1.27.x)	Run self tests, using QUIC v1	2026-09-11T01:06:22.0086480Z     handshake_drop_test.go:376: dropped 3 packets
Integration (macos, Go 1.27.x)	Run self tests, using QUIC v1	2026-09-11T01:06:22.0087430Z === RUN   TestHandshakeWithPacketLoss/drop_every_3rd_of_first_30_packets,_phase_3_in_direction_to_client/retry:_false/client_speaks_first#02
Integration (macos, Go 1.27.x)	Run self tests, using QUIC v1	2026-09-11T01:06:22.0088520Z     handshake_drop_test.go:376: dropped 1 packets
Integration (macos, Go 1.27.x)	Run self tests, using QUIC v1	2026-09-11T01:06:22.0089300Z === RUN   TestHandshakeWithPacketLoss/drop_every_3rd_of_first_30_packets,_phase_3_in_direction_to_client/retry:_false/server_speaks_first#02
Integration (macos, Go 1.27.x)	Run self tests, using QUIC v1	2026-09-11T01:06:22.0090200Z     handshake_drop_test.go:376: dropped 3 packets
Integration (macos, Go 1.27.x)	Run self tests, using QUIC v1	2026-09-11T01:06:22.0090850Z === RUN   TestHandshakeWithPacketLoss/drop_every_3rd_of_first_30_packets,_phase_3_in_direction_to_client/retry:_false/nobody_speaks#02
Integration (macos, Go 1.27.x)	Run self tests, using QUIC v1	2026-09-11T01:06:22.0091660Z     handshake_drop_test.go:376: dropped 1 packets
Integration (macos, Go 1.27.x)	Run self tests, using QUIC v1	2026-09-11T01:06:22.0092320Z === RUN   TestHandshakeWithPacketLoss/drop_every_3rd_of_first_30_packets,_phase_3_in_direction_to_client/retry:_false/client_speaks_first#03
Integration (macos, Go 1.27.x)	Run self tests, using QUIC v1	2026-09-11T01:06:22.0094190Z     handshake_drop_test.go:376: dropped 3 packets
Integration (macos, Go 1.27.x)	Run self tests, using QUIC v1	2026-09-11T01:06:22.0094970Z === RUN   TestHandshakeWithPacketLoss/drop_every_3rd_of_first_30_packets,_phase_3_in_direction_to_client/retry:_false/server_speaks_first#03
Integration (macos, Go 1.27.x)	Run self tests, using QUIC v1	2026-09-11T01:06:22.0095820Z     handshake_drop_test.go:376: dropped 5 packets
Integration (macos, Go 1.27.x)	Run self tests, using QUIC v1	2026-09-11T01:06:22.0096420Z === RUN   TestHandshakeWithPacketLoss/drop_every_3rd_of_first_30_packets,_phase_3_in_direction_to_client/retry:_false/nobody_speaks#03
Integration (macos, Go 1.27.x)	Run self tests, using QUIC v1	2026-09-11T01:06:22.0097070Z     handshake_drop_test.go:376: dropped 3 packets
Integration (macos, Go 1.27.x)	Run self tests, using QUIC v1	2026-09-11T01:06:22.0097610Z === RUN   TestHandshakeWithPacketLoss/drop_1/3_of_packets_in_direction_to_client
Integration (macos, Go 1.27.x)	Run self tests, using QUIC v1	2026-09-11T01:06:22.0098300Z     handshake_drop_test.go:276: random loss is opt-in stress; set QUIC_GO_TEST_RANDOM_LOSS=1
Integration (macos, Go 1.27.x)	Run self tests, using QUIC v1	2026-09-11T01:06:22.0098850Z === RUN   TestHandshakeWithPacketLoss/drop_1st_packet_in_direction_to_server
Integration (macos, Go 1.27.x)	Run self tests, using QUIC v1	2026-09-11T01:06:22.0099490Z === RUN   TestHandshakeWithPacketLoss/drop_1st_packet_in_direction_to_server/retry:_true/client_speaks_first
Integration (macos, Go 1.27.x)	Run self tests, using QUIC v1	2026-09-11T01:06:22.0100140Z     handshake_drop_test.go:376: dropped 1 packets
Integration (macos, Go 1.27.x)	Run self tests, using QUIC v1	2026-09-11T01:06:22.0100670Z === RUN   TestHandshakeWithPacketLoss/drop_1st_packet_in_direction_to_server/retry:_true/server_speaks_first
Integration (macos, Go 1.27.x)	Run self tests, using QUIC v1	2026-09-11T01:06:22.0102460Z     handshake_drop_test.go:376: dropped 1 packets
Integration (macos, Go 1.27.x)	Run self tests, using QUIC v1	2026-09-11T01:06:22.0103380Z === RUN   TestHandshakeWithPacketLoss/drop_1st_packet_in_direction_to_server/retry:_true/nobody_speaks
Integration (macos, Go 1.27.x)	Run self tests, using QUIC v1	2026-09-11T01:06:22.0106090Z     handshake_drop_test.go:376: dropped 1 packets
Integration (macos, Go 1.27.x)	Run self tests, using QUIC v1	2026-09-11T01:06:22.0107520Z === RUN   TestHandshakeWithPacketLoss/drop_1st_packet_in_direction_to_server/retry:_false/client_speaks_first
Integration (macos, Go 1.27.x)	Run self tests, using QUIC v1	2026-09-11T01:06:22.0108360Z     handshake_drop_test.go:376: dropped 1 packets
Integration (macos, Go 1.27.x)	Run self tests, using QUIC v1	2026-09-11T01:06:22.0108980Z === RUN   TestHandshakeWithPacketLoss/drop_1st_packet_in_direction_to_server/retry:_false/server_speaks_first
Integration (macos, Go 1.27.x)	Run self tests, using QUIC v1	2026-09-11T01:06:22.0109610Z     handshake_drop_test.go:376: dropped 1 packets
Integration (macos, Go 1.27.x)	Run self tests, using QUIC v1	2026-09-11T01:06:22.0110190Z === RUN   TestHandshakeWithPacketLoss/drop_1st_packet_in_direction_to_server/retry:_false/nobody_speaks
Integration (macos, Go 1.27.x)	Run self tests, using QUIC v1	2026-09-11T01:06:22.0110830Z     handshake_drop_test.go:376: dropped 1 packets
Integration (macos, Go 1.27.x)	Run self tests, using QUIC v1	2026-09-11T01:06:22.0111370Z === RUN   TestHandshakeWithPacketLoss/drop_1st_packet_in_direction_to_server/retry:_false/client_speaks_first#01
Integration (macos, Go 1.27.x)	Run self tests, using QUIC v1	2026-09-11T01:06:22.0112420Z     handshake_drop_test.go:376: dropped 1 packets
Integration (macos, Go 1.27.x)	Run self tests, using QUIC v1	2026-09-11T01:06:22.0113040Z === RUN   TestHandshakeWithPacketLoss/drop_1st_packet_in_direction_to_server/retry:_false/server_speaks_first#01
Integration (macos, Go 1.27.x)	Run self tests, using QUIC v1	2026-09-11T01:06:22.0114680Z     handshake_drop_test.go:376: dropped 1 packets
Integration (macos, Go 1.27.x)	Run self tests, using QUIC v1	2026-09-11T01:06:22.0116990Z === RUN   TestHandshakeWithPacketLoss/drop_1st_packet_in_direction_to_server/retry:_false/nobody_speaks#01
Integration (macos, Go 1.27.x)	Run self tests, using QUIC v1	2026-09-11T01:06:22.0117800Z     handshake_drop_test.go:376: dropped 1 packets
Integration (macos, Go 1.27.x)	Run self tests, using QUIC v1	2026-09-11T01:06:22.0118440Z === RUN   TestHandshakeWithPacketLoss/drop_1st_packet_in_direction_to_server/retry:_false/client_speaks_first#02
Integration (macos, Go 1.27.x)	Run self tests, using QUIC v1	2026-09-11T01:06:22.0119050Z     handshake_drop_test.go:376: dropped 1 packets
Integration (macos, Go 1.27.x)	Run self tests, using QUIC v1	2026-09-11T01:06:22.0119770Z === RUN   TestHandshakeWithPacketLoss/drop_1st_packet_in_direction_to_server/retry:_false/server_speaks_first#02
Integration (macos, Go 1.27.x)	Run self tests, using QUIC v1	2026-09-11T01:06:22.0120580Z     handshake_drop_test.go:376: dropped 1 packets
Integration (macos, Go 1.27.x)	Run self tests, using QUIC v1	2026-09-11T01:06:22.0121410Z === RUN   TestHandshakeWithPacketLoss/drop_1st_packet_in_direction_to_server/retry:_false/nobody_speaks#02
Integration (macos, Go 1.27.x)	Run self tests, using QUIC v1	2026-09-11T01:06:22.0122370Z     handshake_drop_test.go:376: dropped 1 packets
Integration (macos, Go 1.27.x)	Run self tests, using QUIC v1	2026-09-11T01:06:22.0123210Z === RUN   TestHandshakeWithPacketLoss/drop_1st_packet_in_direction_to_server/retry:_false/client_speaks_first#03
Integration (macos, Go 1.27.x)	Run self tests, using QUIC v1	2026-09-11T01:06:22.0125460Z     handshake_drop_test.go:376: dropped 1 packets
Integration (macos, Go 1.27.x)	Run self tests, using QUIC v1	2026-09-11T01:06:22.0126070Z === RUN   TestHandshakeWithPacketLoss/drop_1st_packet_in_direction_to_server/retry:_false/server_speaks_first#03
Integration (macos, Go 1.27.x)	Run self tests, using QUIC v1	2026-09-11T01:06:22.0126670Z     handshake_drop_test.go:376: dropped 1 packets
Integration (macos, Go 1.27.x)	Run self tests, using QUIC v1	2026-09-11T01:06:22.0127480Z === RUN   TestHandshakeWithPacketLoss/drop_1st_packet_in_direction_to_server/retry:_false/nobody_speaks#03
Integration (macos, Go 1.27.x)	Run self tests, using QUIC v1	2026-09-11T01:06:22.0128710Z     handshake_drop_test.go:376: dropped 1 packets
Integration (macos, Go 1.27.x)	Run self tests, using QUIC v1	2026-09-11T01:06:22.0129150Z === RUN   TestHandshakeWithPacketLoss/drop_first_3_packets_in_direction_to_server
Integration (macos, Go 1.27.x)	Run self tests, using QUIC v1	2026-09-11T01:06:22.0130180Z === RUN   TestHandshakeWithPacketLoss/drop_first_3_packets_in_direction_to_server/retry:_true/client_speaks_first
Integration (macos, Go 1.27.x)	Run self tests, using QUIC v1	2026-09-11T01:06:22.0130790Z     handshake_drop_test.go:376: dropped 3 packets
Integration (macos, Go 1.27.x)	Run self tests, using QUIC v1	2026-09-11T01:06:22.0131350Z === RUN   TestHandshakeWithPacketLoss/drop_first_3_packets_in_direction_to_server/retry:_true/server_speaks_first
Integration (macos, Go 1.27.x)	Run self tests, using QUIC v1	2026-09-11T01:06:22.0132170Z     handshake_drop_test.go:376: dropped 3 packets
Integration (macos, Go 1.27.x)	Run self tests, using QUIC v1	2026-09-11T01:06:22.0132770Z === RUN   TestHandshakeWithPacketLoss/drop_first_3_packets_in_direction_to_server/retry:_true/nobody_speaks
Integration (macos, Go 1.27.x)	Run self tests, using QUIC v1	2026-09-11T01:06:22.0133400Z     handshake_drop_test.go:376: dropped 3 packets
Integration (macos, Go 1.27.x)	Run self tests, using QUIC v1	2026-09-11T01:06:22.0134040Z === RUN   TestHandshakeWithPacketLoss/drop_first_3_packets_in_direction_to_server/retry:_false/client_speaks_first
Integration (macos, Go 1.27.x)	Run self tests, using QUIC v1	2026-09-11T01:06:22.0134740Z     handshake_drop_test.go:376: dropped 3 packets
Integration (macos, Go 1.27.x)	Run self tests, using QUIC v1	2026-09-11T01:06:22.0135640Z === RUN   TestHandshakeWithPacketLoss/drop_first_3_packets_in_direction_to_server/retry:_false/server_speaks_first
Integration (macos, Go 1.27.x)	Run self tests, using QUIC v1	2026-09-11T01:06:22.0136380Z     handshake_drop_test.go:376: dropped 3 packets
Integration (macos, Go 1.27.x)	Run self tests, using QUIC v1	2026-09-11T01:06:22.0137240Z === RUN   TestHandshakeWithPacketLoss/drop_first_3_packets_in_direction_to_server/retry:_false/nobody_speaks
Integration (macos, Go 1.27.x)	Run self tests, using QUIC v1	2026-09-11T01:06:22.0138240Z     handshake_drop_test.go:376: dropped 3 packets
Integration (macos, Go 1.27.x)	Run self tests, using QUIC v1	2026-09-11T01:06:22.0138820Z === RUN   TestHandshakeWithPacketLoss/drop_first_3_packets_in_direction_to_server/retry:_false/client_speaks_first#01
Integration (macos, Go 1.27.x)	Run self tests, using QUIC v1	2026-09-11T01:06:22.0148520Z     handshake_drop_test.go:376: dropped 3 packets
Integration (macos, Go 1.27.x)	Run self tests, using QUIC v1	2026-09-11T01:06:22.0149130Z === RUN   TestHandshakeWithPacketLoss/drop_first_3_packets_in_direction_to_server/retry:_false/server_speaks_first#01
Integration (macos, Go 1.27.x)	Run self tests, using QUIC v1	2026-09-11T01:06:22.0171720Z     handshake_drop_test.go:376: dropped 3 packets
Integration (macos, Go 1.27.x)	Run self tests, using QUIC v1	2026-09-11T01:06:22.0172330Z === RUN   TestHandshakeWithPacketLoss/drop_first_3_packets_in_direction_to_server/retry:_false/nobody_speaks#01
Integration (macos, Go 1.27.x)	Run self tests, using QUIC v1	2026-09-11T01:06:22.0191950Z     handshake_drop_test.go:376: dropped 3 packets
Integration (macos, Go 1.27.x)	Run self tests, using QUIC v1	2026-09-11T01:06:22.0192550Z === RUN   TestHandshakeWithPacketLoss/drop_first_3_packets_in_direction_to_server/retry:_false/client_speaks_first#02
Integration (macos, Go 1.27.x)	Run self tests, using QUIC v1	2026-09-11T01:06:22.0204030Z     handshake_drop_test.go:376: dropped 3 packets
Integration (macos, Go 1.27.x)	Run self tests, using QUIC v1	2026-09-11T01:06:22.0205280Z === RUN   TestHandshakeWithPacketLoss/drop_first_3_packets_in_direction_to_server/retry:_false/server_speaks_first#02
Integration (macos, Go 1.27.x)	Run self tests, using QUIC v1	2026-09-11T01:06:22.0215970Z     handshake_drop_test.go:376: dropped 3 packets
Integration (macos, Go 1.27.x)	Run self tests, using QUIC v1	2026-09-11T01:06:22.0216700Z === RUN   TestHandshakeWithPacketLoss/drop_first_3_packets_in_direction_to_server/retry:_false/nobody_speaks#02
Integration (macos, Go 1.27.x)	Run self tests, using QUIC v1	2026-09-11T01:06:22.0226930Z     handshake_drop_test.go:376: dropped 3 packets
Integration (macos, Go 1.27.x)	Run self tests, using QUIC v1	2026-09-11T01:06:22.0227800Z === RUN   TestHandshakeWithPacketLoss/drop_first_3_packets_in_direction_to_server/retry:_false/client_speaks_first#03
Integration (macos, Go 1.27.x)	Run self tests, using QUIC v1	2026-09-11T01:06:22.0243090Z     handshake_drop_test.go:376: dropped 3 packets
Integration (macos, Go 1.27.x)	Run self tests, using QUIC v1	2026-09-11T01:06:22.0243920Z === RUN   TestHandshakeWithPacketLoss/drop_first_3_packets_in_direction_to_server/retry:_false/server_speaks_first#03
Integration (macos, Go 1.27.x)	Run self tests, using QUIC v1	2026-09-11T01:06:22.0259750Z     handshake_drop_test.go:376: dropped 3 packets
Integration (macos, Go 1.27.x)	Run self tests, using QUIC v1	2026-09-11T01:06:22.0260530Z === RUN   TestHandshakeWithPacketLoss/drop_first_3_packets_in_direction_to_server/retry:_false/nobody_speaks#03
Integration (macos, Go 1.27.x)	Run self tests, using QUIC v1	2026-09-11T01:06:22.0287330Z     handshake_drop_test.go:376: dropped 3 packets
Integration (macos, Go 1.27.x)	Run self tests, using QUIC v1	2026-09-11T01:06:22.0287930Z === RUN   TestHandshakeWithPacketLoss/drop_every_3rd_of_first_30_packets,_phase_1_in_direction_to_server
Integration (macos, Go 1.27.x)	Run self tests, using QUIC v1	2026-09-11T01:06:22.0288680Z === RUN   TestHandshakeWithPacketLoss/drop_every_3rd_of_first_30_packets,_phase_1_in_direction_to_server/retry:_true/client_speaks_first
Integration (macos, Go 1.27.x)	Run self tests, using QUIC v1	2026-09-11T01:06:22.0309950Z     handshake_drop_test.go:376: dropped 7 packets
Integration (macos, Go 1.27.x)	Run self tests, using QUIC v1	2026-09-11T01:06:22.0411350Z === RUN   TestHandshakeWithPacketLoss/drop_every_3rd_of_first_30_packets,_phase_1_in_direction_to_server/retry:_true/server_speaks_first
Integration (macos, Go 1.27.x)	Run self tests, using QUIC v1	2026-09-11T01:06:22.0513820Z     handshake_drop_test.go:376: dropped 4 packets
Integration (macos, Go 1.27.x)	Run self tests, using QUIC v1	2026-09-11T01:06:22.0615210Z === RUN   TestHandshakeWithPacketLoss/drop_every_3rd_of_first_30_packets,_phase_1_in_direction_to_server/retry:_true/nobody_speaks
Integration (macos, Go 1.27.x)	Run self tests, using QUIC v1	2026-09-11T01:06:22.0716600Z     handshake_drop_test.go:376: dropped 4 packets
Integration (macos, Go 1.27.x)	Run self tests, using QUIC v1	2026-09-11T01:06:22.0818250Z === RUN   TestHandshakeWithPacketLoss/drop_every_3rd_of_first_30_packets,_phase_1_in_direction_to_server/retry:_false/client_speaks_first
Integration (macos, Go 1.27.x)	Run self tests, using QUIC v1	2026-09-11T01:06:22.0920020Z     handshake_drop_test.go:376: dropped 6 packets
Integration (macos, Go 1.27.x)	Run self tests, using QUIC v1	2026-09-11T01:06:22.1021300Z === RUN   TestHandshakeWithPacketLoss/drop_every_3rd_of_first_30_packets,_phase_1_in_direction_to_server/retry:_false/server_speaks_first
Integration (macos, Go 1.27.x)	Run self tests, using QUIC v1	2026-09-11T01:06:22.1122880Z     handshake_drop_test.go:376: dropped 3 packets
Integration (macos, Go 1.27.x)	Run self tests, using QUIC v1	2026-09-11T01:06:22.1134450Z === RUN   TestHandshakeWithPacketLoss/drop_every_3rd_of_first_30_packets,_phase_1_in_direction_to_server/retry:_false/nobody_speaks
Integration (macos, Go 1.27.x)	Run self tests, using QUIC v1	2026-09-11T01:06:22.1135260Z     handshake_drop_test.go:376: dropped 3 packets
Integration (macos, Go 1.27.x)	Run self tests, using QUIC v1	2026-09-11T01:06:22.1137510Z === RUN   TestHandshakeWithPacketLoss/drop_every_3rd_of_first_30_packets,_phase_1_in_direction_to_server/retry:_false/client_speaks_first#01
Integration (macos, Go 1.27.x)	Run self tests, using QUIC v1	2026-09-11T01:06:22.1140710Z     handshake_drop_test.go:376: dropped 6 packets
Integration (macos, Go 1.27.x)	Run self tests, using QUIC v1	2026-09-11T01:06:22.1142130Z === RUN   TestHandshakeWithPacketLoss/drop_every_3rd_of_first_30_packets,_phase_1_in_direction_to_server/retry:_false/server_speaks_first#01
Integration (macos, Go 1.27.x)	Run self tests, using QUIC v1	2026-09-11T01:06:22.1143280Z     handshake_drop_test.go:376: dropped 3 packets
Integration (macos, Go 1.27.x)	Run self tests, using QUIC v1	2026-09-11T01:06:22.1144280Z === RUN   TestHandshakeWithPacketLoss/drop_every_3rd_of_first_30_packets,_phase_1_in_direction_to_server/retry:_false/nobody_speaks#01
Integration (macos, Go 1.27.x)	Run self tests, using QUIC v1	2026-09-11T01:06:22.1145420Z     handshake_drop_test.go:376: dropped 3 packets
Integration (macos, Go 1.27.x)	Run self tests, using QUIC v1	2026-09-11T01:06:22.1146020Z === RUN   TestHandshakeWithPacketLoss/drop_every_3rd_of_first_30_packets,_phase_1_in_direction_to_server/retry:_false/client_speaks_first#02
Integration (macos, Go 1.27.x)	Run self tests, using QUIC v1	2026-09-11T01:06:22.1147010Z     handshake_drop_test.go:376: dropped 6 packets
Integration (macos, Go 1.27.x)	Run self tests, using QUIC v1	2026-09-11T01:06:22.1147850Z === RUN   TestHandshakeWithPacketLoss/drop_every_3rd_of_first_30_packets,_phase_1_in_direction_to_server/retry:_false/server_speaks_first#02
Integration (macos, Go 1.27.x)	Run self tests, using QUIC v1	2026-09-11T01:06:22.1148890Z     handshake_drop_test.go:376: dropped 3 packets
Integration (macos, Go 1.27.x)	Run self tests, using QUIC v1	2026-09-11T01:06:22.1149520Z === RUN   TestHandshakeWithPacketLoss/drop_every_3rd_of_first_30_packets,_phase_1_in_direction_to_server/retry:_false/nobody_speaks#02
Integration (macos, Go 1.27.x)	Run self tests, using QUIC v1	2026-09-11T01:06:22.1150300Z     handshake_drop_test.go:376: dropped 3 packets
Integration (macos, Go 1.27.x)	Run self tests, using QUIC v1	2026-09-11T01:06:22.1156940Z === RUN   TestHandshakeWithPacketLoss/drop_every_3rd_of_first_30_packets,_phase_1_in_direction_to_server/retry:_false/client_speaks_first#03
Integration (macos, Go 1.27.x)	Run self tests, using QUIC v1	2026-09-11T01:06:22.1157640Z     handshake_drop_test.go:376: dropped 6 packets
Integration (macos, Go 1.27.x)	Run self tests, using QUIC v1	2026-09-11T01:06:22.1158210Z === RUN   TestHandshakeWithPacketLoss/drop_every_3rd_of_first_30_packets,_phase_1_in_direction_to_server/retry:_false/server_speaks_first#03
Integration (macos, Go 1.27.x)	Run self tests, using QUIC v1	2026-09-11T01:06:22.1159010Z     handshake_drop_test.go:376: dropped 3 packets
Integration (macos, Go 1.27.x)	Run self tests, using QUIC v1	2026-09-11T01:06:22.1159570Z === RUN   TestHandshakeWithPacketLoss/drop_every_3rd_of_first_30_packets,_phase_1_in_direction_to_server/retry:_false/nobody_speaks#03
Integration (macos, Go 1.27.x)	Run self tests, using QUIC v1	2026-09-11T01:06:22.1160440Z     handshake_drop_test.go:376: dropped 3 packets
Integration (macos, Go 1.27.x)	Run self tests, using QUIC v1	2026-09-11T01:06:22.1161050Z === RUN   TestHandshakeWithPacketLoss/drop_every_3rd_of_first_30_packets,_phase_2_in_direction_to_server
Integration (macos, Go 1.27.x)	Run self tests, using QUIC v1	2026-09-11T01:06:22.1162070Z === RUN   TestHandshakeWithPacketLoss/drop_every_3rd_of_first_30_packets,_phase_2_in_direction_to_server/retry:_true/client_speaks_first
Integration (macos, Go 1.27.x)	Run self tests, using QUIC v1	2026-09-11T01:06:22.1162980Z     handshake_drop_test.go:376: dropped 6 packets
Integration (macos, Go 1.27.x)	Run self tests, using QUIC v1	2026-09-11T01:06:22.1163620Z === RUN   TestHandshakeWithPacketLoss/drop_every_3rd_of_first_30_packets,_phase_2_in_direction_to_server/retry:_true/server_speaks_first
Integration (macos, Go 1.27.x)	Run self tests, using QUIC v1	2026-09-11T01:06:22.1164570Z     handshake_drop_test.go:376: dropped 3 packets
Integration (macos, Go 1.27.x)	Run self tests, using QUIC v1	2026-09-11T01:06:22.1165480Z === RUN   TestHandshakeWithPacketLoss/drop_every_3rd_of_first_30_packets,_phase_2_in_direction_to_server/retry:_true/nobody_speaks
Integration (macos, Go 1.27.x)	Run self tests, using QUIC v1	2026-09-11T01:06:22.1166160Z     handshake_drop_test.go:376: dropped 3 packets
Integration (macos, Go 1.27.x)	Run self tests, using QUIC v1	2026-09-11T01:06:22.1167160Z === RUN   TestHandshakeWithPacketLoss/drop_every_3rd_of_first_30_packets,_phase_2_in_direction_to_server/retry:_false/client_speaks_first
Integration (macos, Go 1.27.x)	Run self tests, using QUIC v1	2026-09-11T01:06:22.1167780Z     handshake_drop_test.go:376: dropped 5 packets
Integration (macos, Go 1.27.x)	Run self tests, using QUIC v1	2026-09-11T01:06:22.1168360Z === RUN   TestHandshakeWithPacketLoss/drop_every_3rd_of_first_30_packets,_phase_2_in_direction_to_server/retry:_false/server_speaks_first
Integration (macos, Go 1.27.x)	Run self tests, using QUIC v1	2026-09-11T01:06:22.1169070Z     handshake_drop_test.go:376: dropped 2 packets
Integration (macos, Go 1.27.x)	Run self tests, using QUIC v1	2026-09-11T01:06:22.1169670Z === RUN   TestHandshakeWithPacketLoss/drop_every_3rd_of_first_30_packets,_phase_2_in_direction_to_server/retry:_false/nobody_speaks
Integration (macos, Go 1.27.x)	Run self tests, using QUIC v1	2026-09-11T01:06:22.1170300Z     handshake_drop_test.go:376: dropped 2 packets
Integration (macos, Go 1.27.x)	Run self tests, using QUIC v1	2026-09-11T01:06:22.1171000Z === RUN   TestHandshakeWithPacketLoss/drop_every_3rd_of_first_30_packets,_phase_2_in_direction_to_server/retry:_false/client_speaks_first#01
Integration (macos, Go 1.27.x)	Run self tests, using QUIC v1	2026-09-11T01:06:22.1171890Z     handshake_drop_test.go:376: dropped 5 packets
Integration (macos, Go 1.27.x)	Run self tests, using QUIC v1	2026-09-11T01:06:22.1172630Z === RUN   TestHandshakeWithPacketLoss/drop_every_3rd_of_first_30_packets,_phase_2_in_direction_to_server/retry:_false/server_speaks_first#01
Integration (macos, Go 1.27.x)	Run self tests, using QUIC v1	2026-09-11T01:06:22.1173250Z     handshake_drop_test.go:376: dropped 2 packets
Integration (macos, Go 1.27.x)	Run self tests, using QUIC v1	2026-09-11T01:06:22.1173810Z === RUN   TestHandshakeWithPacketLoss/drop_every_3rd_of_first_30_packets,_phase_2_in_direction_to_server/retry:_false/nobody_speaks#01
Integration (macos, Go 1.27.x)	Run self tests, using QUIC v1	2026-09-11T01:06:22.1174520Z     handshake_drop_test.go:376: dropped 2 packets
Integration (macos, Go 1.27.x)	Run self tests, using QUIC v1	2026-09-11T01:06:22.1175100Z === RUN   TestHandshakeWithPacketLoss/drop_every_3rd_of_first_30_packets,_phase_2_in_direction_to_server/retry:_false/client_speaks_first#02
Integration (macos, Go 1.27.x)	Run self tests, using QUIC v1	2026-09-11T01:06:22.1175720Z     handshake_drop_test.go:376: dropped 6 packets
Integration (macos, Go 1.27.x)	Run self tests, using QUIC v1	2026-09-11T01:06:22.1176440Z === RUN   TestHandshakeWithPacketLoss/drop_every_3rd_of_first_30_packets,_phase_2_in_direction_to_server/retry:_false/server_speaks_first#02
Integration (macos, Go 1.27.x)	Run self tests, using QUIC v1	2026-09-11T01:06:22.1177160Z     handshake_drop_test.go:376: dropped 3 packets
Integration (macos, Go 1.27.x)	Run self tests, using QUIC v1	2026-09-11T01:06:22.1177730Z === RUN   TestHandshakeWithPacketLoss/drop_every_3rd_of_first_30_packets,_phase_2_in_direction_to_server/retry:_false/nobody_speaks#02
Integration (macos, Go 1.27.x)	Run self tests, using QUIC v1	2026-09-11T01:06:22.1179400Z     handshake_drop_test.go:376: dropped 3 packets
Integration (macos, Go 1.27.x)	Run self tests, using QUIC v1	2026-09-11T01:06:22.1180470Z === RUN   TestHandshakeWithPacketLoss/drop_every_3rd_of_first_30_packets,_phase_2_in_direction_to_server/retry:_false/client_speaks_first#03
Integration (macos, Go 1.27.x)	Run self tests, using QUIC v1	2026-09-11T01:06:22.1183570Z     handshake_drop_test.go:376: dropped 6 packets
Integration (macos, Go 1.27.x)	Run self tests, using QUIC v1	2026-09-11T01:06:22.1184490Z === RUN   TestHandshakeWithPacketLoss/drop_every_3rd_of_first_30_packets,_phase_2_in_direction_to_server/retry:_false/server_speaks_first#03
Integration (macos, Go 1.27.x)	Run self tests, using QUIC v1	2026-09-11T01:06:22.1185210Z     handshake_drop_test.go:376: dropped 3 packets
Integration (macos, Go 1.27.x)	Run self tests, using QUIC v1	2026-09-11T01:06:22.1185840Z === RUN   TestHandshakeWithPacketLoss/drop_every_3rd_of_first_30_packets,_phase_2_in_direction_to_server/retry:_false/nobody_speaks#03
Integration (macos, Go 1.27.x)	Run self tests, using QUIC v1	2026-09-11T01:06:22.1186450Z     handshake_drop_test.go:376: dropped 3 packets
Integration (macos, Go 1.27.x)	Run self tests, using QUIC v1	2026-09-11T01:06:22.1187120Z === RUN   TestHandshakeWithPacketLoss/drop_every_3rd_of_first_30_packets,_phase_3_in_direction_to_server
Integration (macos, Go 1.27.x)	Run self tests, using QUIC v1	2026-09-11T01:06:22.1187850Z === RUN   TestHandshakeWithPacketLoss/drop_every_3rd_of_first_30_packets,_phase_3_in_direction_to_server/retry:_true/client_speaks_first
Integration (macos, Go 1.27.x)	Run self tests, using QUIC v1	2026-09-11T01:06:22.1188450Z     handshake_drop_test.go:376: dropped 5 packets
Integration (macos, Go 1.27.x)	Run self tests, using QUIC v1	2026-09-11T01:06:22.1189070Z === RUN   TestHandshakeWithPacketLoss/drop_every_3rd_of_first_30_packets,_phase_3_in_direction_to_server/retry:_true/server_speaks_first
Integration (macos, Go 1.27.x)	Run self tests, using QUIC v1	2026-09-11T01:06:22.1189810Z     handshake_drop_test.go:376: dropped 2 packets
Integration (macos, Go 1.27.x)	Run self tests, using QUIC v1	2026-09-11T01:06:22.1190640Z === RUN   TestHandshakeWithPacketLoss/drop_every_3rd_of_first_30_packets,_phase_3_in_direction_to_server/retry:_true/nobody_speaks
Integration (macos, Go 1.27.x)	Run self tests, using QUIC v1	2026-09-11T01:06:22.1191460Z     handshake_drop_test.go:376: dropped 2 packets
Integration (macos, Go 1.27.x)	Run self tests, using QUIC v1	2026-09-11T01:06:22.1192150Z === RUN   TestHandshakeWithPacketLoss/drop_every_3rd_of_first_30_packets,_phase_3_in_direction_to_server/retry:_false/client_speaks_first
Integration (macos, Go 1.27.x)	Run self tests, using QUIC v1	2026-09-11T01:06:22.1192780Z     handshake_drop_test.go:376: dropped 4 packets
Integration (macos, Go 1.27.x)	Run self tests, using QUIC v1	2026-09-11T01:06:22.1193690Z === RUN   TestHandshakeWithPacketLoss/drop_every_3rd_of_first_30_packets,_phase_3_in_direction_to_server/retry:_false/server_speaks_first
Integration (macos, Go 1.27.x)	Run self tests, using QUIC v1	2026-09-11T01:06:22.1194320Z     handshake_drop_test.go:376: dropped 1 packets
Integration (macos, Go 1.27.x)	Run self tests, using QUIC v1	2026-09-11T01:06:22.1194870Z === RUN   TestHandshakeWithPacketLoss/drop_every_3rd_of_first_30_packets,_phase_3_in_direction_to_server/retry:_false/nobody_speaks
Integration (macos, Go 1.27.x)	Run self tests, using QUIC v1	2026-09-11T01:06:22.1195600Z     handshake_drop_test.go:376: dropped 1 packets
Integration (macos, Go 1.27.x)	Run self tests, using QUIC v1	2026-09-11T01:06:22.1196270Z === RUN   TestHandshakeWithPacketLoss/drop_every_3rd_of_first_30_packets,_phase_3_in_direction_to_server/retry:_false/client_speaks_first#01
Integration (macos, Go 1.27.x)	Run self tests, using QUIC v1	2026-09-11T01:06:22.1196960Z     handshake_drop_test.go:376: dropped 5 packets
Integration (macos, Go 1.27.x)	Run self tests, using QUIC v1	2026-09-11T01:06:22.1197920Z === RUN   TestHandshakeWithPacketLoss/drop_every_3rd_of_first_30_packets,_phase_3_in_direction_to_server/retry:_false/server_speaks_first#01
Integration (macos, Go 1.27.x)	Run self tests, using QUIC v1	2026-09-11T01:06:22.1198940Z     handshake_drop_test.go:376: dropped 2 packets
Integration (macos, Go 1.27.x)	Run self tests, using QUIC v1	2026-09-11T01:06:22.1199720Z === RUN   TestHandshakeWithPacketLoss/drop_every_3rd_of_first_30_packets,_phase_3_in_direction_to_server/retry:_false/nobody_speaks#01
Integration (macos, Go 1.27.x)	Run self tests, using QUIC v1	2026-09-11T01:06:22.1201030Z     handshake_drop_test.go:376: dropped 2 packets
Integration (macos, Go 1.27.x)	Run self tests, using QUIC v1	2026-09-11T01:06:22.1201660Z === RUN   TestHandshakeWithPacketLoss/drop_every_3rd_of_first_30_packets,_phase_3_in_direction_to_server/retry:_false/client_speaks_first#02
Integration (macos, Go 1.27.x)	Run self tests, using QUIC v1	2026-09-11T01:06:22.1202710Z     handshake_drop_test.go:376: dropped 5 packets
Integration (macos, Go 1.27.x)	Run self tests, using QUIC v1	2026-09-11T01:06:22.1203570Z === RUN   TestHandshakeWithPacketLoss/drop_every_3rd_of_first_30_packets,_phase_3_in_direction_to_server/retry:_false/server_speaks_first#02
Integration (macos, Go 1.27.x)	Run self tests, using QUIC v1	2026-09-11T01:06:22.1204200Z     handshake_drop_test.go:376: dropped 2 packets
Integration (macos, Go 1.27.x)	Run self tests, using QUIC v1	2026-09-11T01:06:22.1204760Z === RUN   TestHandshakeWithPacketLoss/drop_every_3rd_of_first_30_packets,_phase_3_in_direction_to_server/retry:_false/nobody_speaks#02
Integration (macos, Go 1.27.x)	Run self tests, using QUIC v1	2026-09-11T01:06:22.1205370Z     handshake_drop_test.go:376: dropped 2 packets
Integration (macos, Go 1.27.x)	Run self tests, using QUIC v1	2026-09-11T01:06:22.1206040Z === RUN   TestHandshakeWithPacketLoss/drop_every_3rd_of_first_30_packets,_phase_3_in_direction_to_server/retry:_false/client_speaks_first#03
Integration (macos, Go 1.27.x)	Run self tests, using QUIC v1	2026-09-11T01:06:22.1206750Z     handshake_drop_test.go:376: dropped 5 packets
Integration (macos, Go 1.27.x)	Run self tests, using QUIC v1	2026-09-11T01:06:22.1207270Z === RUN   TestHandshakeWithPacketLoss/drop_every_3rd_of_first_30_packets,_phase_3_in_direction_to_server/retry:_false/server_speaks_first#03
Integration (macos, Go 1.27.x)	Run self tests, using QUIC v1	2026-09-11T01:06:22.1207830Z     handshake_drop_test.go:376: dropped 2 packets
Integration (macos, Go 1.27.x)	Run self tests, using QUIC v1	2026-09-11T01:06:22.1208360Z === RUN   TestHandshakeWithPacketLoss/drop_every_3rd_of_first_30_packets,_phase_3_in_direction_to_server/retry:_false/nobody_speaks#03
Integration (macos, Go 1.27.x)	Run self tests, using QUIC v1	2026-09-11T01:06:22.1209030Z     handshake_drop_test.go:376: dropped 2 packets
Integration (macos, Go 1.27.x)	Run self tests, using QUIC v1	2026-09-11T01:06:22.1209460Z === RUN   TestHandshakeWithPacketLoss/drop_1/3_of_packets_in_direction_to_server
Integration (macos, Go 1.27.x)	Run self tests, using QUIC v1	2026-09-11T01:06:22.1210180Z     handshake_drop_test.go:276: random loss is opt-in stress; set QUIC_GO_TEST_RANDOM_LOSS=1
Integration (macos, Go 1.27.x)	Run self tests, using QUIC v1	2026-09-11T01:06:22.1210720Z === RUN   TestHandshakeWithPacketLoss/drop_1st_packet_in_direction_both
Integration (macos, Go 1.27.x)	Run self tests, using QUIC v1	2026-09-11T01:06:22.1211260Z === RUN   TestHandshakeWithPacketLoss/drop_1st_packet_in_direction_both/retry:_true/client_speaks_first
Integration (macos, Go 1.27.x)	Run self tests, using QUIC v1	2026-09-11T01:06:22.1211840Z     handshake_drop_test.go:376: dropped 2 packets
Integration (macos, Go 1.27.x)	Run self tests, using QUIC v1	2026-09-11T01:06:22.1212310Z === RUN   TestHandshakeWithPacketLoss/drop_1st_packet_in_direction_both/retry:_true/server_speaks_first
Integration (macos, Go 1.27.x)	Run self tests, using QUIC v1	2026-09-11T01:06:22.1212890Z     handshake_drop_test.go:376: dropped 2 packets
Integration (macos, Go 1.27.x)	Run self tests, using QUIC v1	2026-09-11T01:06:22.1213370Z === RUN   TestHandshakeWithPacketLoss/drop_1st_packet_in_direction_both/retry:_true/nobody_speaks
Integration (macos, Go 1.27.x)	Run self tests, using QUIC v1	2026-09-11T01:06:22.1213840Z     handshake_drop_test.go:376: dropped 2 packets
Integration (macos, Go 1.27.x)	Run self tests, using QUIC v1	2026-09-11T01:06:22.1214270Z === RUN   TestHandshakeWithPacketLoss/drop_1st_packet_in_direction_both/retry:_false/client_speaks_first
Integration (macos, Go 1.27.x)	Run self tests, using QUIC v1	2026-09-11T01:06:22.1214850Z     handshake_drop_test.go:376: dropped 2 packets
Integration (macos, Go 1.27.x)	Run self tests, using QUIC v1	2026-09-11T01:06:22.1215270Z === RUN   TestHandshakeWithPacketLoss/drop_1st_packet_in_direction_both/retry:_false/server_speaks_first
Integration (macos, Go 1.27.x)	Run self tests, using QUIC v1	2026-09-11T01:06:22.1215750Z     handshake_drop_test.go:376: dropped 2 packets
Integration (macos, Go 1.27.x)	Run self tests, using QUIC v1	2026-09-11T01:06:22.1216540Z === RUN   TestHandshakeWithPacketLoss/drop_1st_packet_in_direction_both/retry:_false/nobody_speaks
Integration (macos, Go 1.27.x)	Run self tests, using QUIC v1	2026-09-11T01:06:22.1218960Z     handshake_drop_test.go:376: dropped 2 packets
Integration (macos, Go 1.27.x)	Run self tests, using QUIC v1	2026-09-11T01:06:22.1219630Z === RUN   TestHandshakeWithPacketLoss/drop_1st_packet_in_direction_both/retry:_false/client_speaks_first#01
Integration (macos, Go 1.27.x)	Run self tests, using QUIC v1	2026-09-11T01:06:22.1250230Z     handshake_drop_test.go:376: dropped 2 packets
Integration (macos, Go 1.27.x)	Run self tests, using QUIC v1	2026-09-11T01:06:22.1251630Z === RUN   TestHandshakeWithPacketLoss/drop_1st_packet_in_direction_both/retry:_false/server_speaks_first#01
Integration (macos, Go 1.27.x)	Run self tests, using QUIC v1	2026-09-11T01:06:22.1285960Z     handshake_drop_test.go:376: dropped 2 packets
Integration (macos, Go 1.27.x)	Run self tests, using QUIC v1	2026-09-11T01:06:22.1293060Z === RUN   TestHandshakeWithPacketLoss/drop_1st_packet_in_direction_both/retry:_false/nobody_speaks#01
Integration (macos, Go 1.27.x)	Run self tests, using QUIC v1	2026-09-11T01:06:22.1318970Z     handshake_drop_test.go:376: dropped 2 packets
Integration (macos, Go 1.27.x)	Run self tests, using QUIC v1	2026-09-11T01:06:22.1320730Z === RUN   TestHandshakeWithPacketLoss/drop_1st_packet_in_direction_both/retry:_false/client_speaks_first#02
Integration (macos, Go 1.27.x)	Run self tests, using QUIC v1	2026-09-11T01:06:22.1331910Z     handshake_drop_test.go:376: dropped 2 packets
Integration (macos, Go 1.27.x)	Run self tests, using QUIC v1	2026-09-11T01:06:22.1335830Z === RUN   TestHandshakeWithPacketLoss/drop_1st_packet_in_direction_both/retry:_false/server_speaks_first#02
Integration (macos, Go 1.27.x)	Run self tests, using QUIC v1	2026-09-11T01:06:22.1342700Z     handshake_drop_test.go:376: dropped 2 packets
Integration (macos, Go 1.27.x)	Run self tests, using QUIC v1	2026-09-11T01:06:22.1344650Z === RUN   TestHandshakeWithPacketLoss/drop_1st_packet_in_direction_both/retry:_false/nobody_speaks#02
Integration (macos, Go 1.27.x)	Run self tests, using QUIC v1	2026-09-11T01:06:22.1355310Z     handshake_drop_test.go:376: dropped 2 packets
Integration (macos, Go 1.27.x)	Run self tests, using QUIC v1	2026-09-11T01:06:22.1356600Z === RUN   TestHandshakeWithPacketLoss/drop_1st_packet_in_direction_both/retry:_false/client_speaks_first#03
Integration (macos, Go 1.27.x)	Run self tests, using QUIC v1	2026-09-11T01:06:22.1375670Z     handshake_drop_test.go:376: dropped 2 packets
Integration (macos, Go 1.27.x)	Run self tests, using QUIC v1	2026-09-11T01:06:22.1376330Z === RUN   TestHandshakeWithPacketLoss/drop_1st_packet_in_direction_both/retry:_false/server_speaks_first#03
Integration (macos, Go 1.27.x)	Run self tests, using QUIC v1	2026-09-11T01:06:22.1391620Z     handshake_drop_test.go:376: dropped 2 packets
Integration (macos, Go 1.27.x)	Run self tests, using QUIC v1	2026-09-11T01:06:22.1392230Z === RUN   TestHandshakeWithPacketLoss/drop_1st_packet_in_direction_both/retry:_false/nobody_speaks#03
Integration (macos, Go 1.27.x)	Run self tests, using QUIC v1	2026-09-11T01:06:22.1404730Z     handshake_drop_test.go:376: dropped 2 packets
Integration (macos, Go 1.27.x)	Run self tests, using QUIC v1	2026-09-11T01:06:22.1405250Z === RUN   TestHandshakeWithPacketLoss/drop_first_3_packets_in_direction_both
Integration (macos, Go 1.27.x)	Run self tests, using QUIC v1	2026-09-11T01:06:22.1405800Z === RUN   TestHandshakeWithPacketLoss/drop_first_3_packets_in_direction_both/retry:_true/client_speaks_first
Integration (macos, Go 1.27.x)	Run self tests, using QUIC v1	2026-09-11T01:06:22.1423590Z     handshake_drop_test.go:376: dropped 6 packets
Integration (macos, Go 1.27.x)	Run self tests, using QUIC v1	2026-09-11T01:06:22.1424310Z === RUN   TestHandshakeWithPacketLoss/drop_first_3_packets_in_direction_both/retry:_true/server_speaks_first
Integration (macos, Go 1.27.x)	Run self tests, using QUIC v1	2026-09-11T01:06:22.1442410Z     handshake_drop_test.go:376: dropped 6 packets
Integration (macos, Go 1.27.x)	Run self tests, using QUIC v1	2026-09-11T01:06:22.1443070Z === RUN   TestHandshakeWithPacketLoss/drop_first_3_packets_in_direction_both/retry:_true/nobody_speaks
Integration (macos, Go 1.27.x)	Run self tests, using QUIC v1	2026-09-11T01:06:22.1459810Z     handshake_drop_test.go:376: dropped 6 packets
Integration (macos, Go 1.27.x)	Run self tests, using QUIC v1	2026-09-11T01:06:22.1460350Z === RUN   TestHandshakeWithPacketLoss/drop_first_3_packets_in_direction_both/retry:_false/client_speaks_first
Integration (macos, Go 1.27.x)	Run self tests, using QUIC v1	2026-09-11T01:06:22.1478500Z     handshake_drop_test.go:376: dropped 6 packets
Integration (macos, Go 1.27.x)	Run self tests, using QUIC v1	2026-09-11T01:06:22.1479200Z === RUN   TestHandshakeWithPacketLoss/drop_first_3_packets_in_direction_both/retry:_false/server_speaks_first
Integration (macos, Go 1.27.x)	Run self tests, using QUIC v1	2026-09-11T01:06:22.1495880Z     handshake_drop_test.go:376: dropped 6 packets
Integration (macos, Go 1.27.x)	Run self tests, using QUIC v1	2026-09-11T01:06:22.1496430Z === RUN   TestHandshakeWithPacketLoss/drop_first_3_packets_in_direction_both/retry:_false/nobody_speaks
Integration (macos, Go 1.27.x)	Run self tests, using QUIC v1	2026-09-11T01:06:22.1512130Z     handshake_drop_test.go:376: dropped 6 packets
Integration (macos, Go 1.27.x)	Run self tests, using QUIC v1	2026-09-11T01:06:22.1512780Z === RUN   TestHandshakeWithPacketLoss/drop_first_3_packets_in_direction_both/retry:_false/client_speaks_first#01
Integration (macos, Go 1.27.x)	Run self tests, using QUIC v1	2026-09-11T01:06:22.1532660Z     handshake_drop_test.go:376: dropped 6 packets
Integration (macos, Go 1.27.x)	Run self tests, using QUIC v1	2026-09-11T01:06:22.1533170Z === RUN   TestHandshakeWithPacketLoss/drop_first_3_packets_in_direction_both/retry:_false/server_speaks_first#01
Integration (macos, Go 1.27.x)	Run self tests, using QUIC v1	2026-09-11T01:06:22.1554630Z     handshake_drop_test.go:376: dropped 6 packets
Integration (macos, Go 1.27.x)	Run self tests, using QUIC v1	2026-09-11T01:06:22.1556450Z === RUN   TestHandshakeWithPacketLoss/drop_first_3_packets_in_direction_both/retry:_false/nobody_speaks#01
Integration (macos, Go 1.27.x)	Run self tests, using QUIC v1	2026-09-11T01:06:22.1578880Z     handshake_drop_test.go:376: dropped 6 packets
Integration (macos, Go 1.27.x)	Run self tests, using QUIC v1	2026-09-11T01:06:22.1579480Z === RUN   TestHandshakeWithPacketLoss/drop_first_3_packets_in_direction_both/retry:_false/client_speaks_first#02
Integration (macos, Go 1.27.x)	Run self tests, using QUIC v1	2026-09-11T01:06:22.1591950Z     handshake_drop_test.go:376: dropped 6 packets
Integration (macos, Go 1.27.x)	Run self tests, using QUIC v1	2026-09-11T01:06:22.1592680Z === RUN   TestHandshakeWithPacketLoss/drop_first_3_packets_in_direction_both/retry:_false/server_speaks_first#02
Integration (macos, Go 1.27.x)	Run self tests, using QUIC v1	2026-09-11T01:06:22.1603820Z     handshake_drop_test.go:376: dropped 6 packets
Integration (macos, Go 1.27.x)	Run self tests, using QUIC v1	2026-09-11T01:06:22.1604520Z === RUN   TestHandshakeWithPacketLoss/drop_first_3_packets_in_direction_both/retry:_false/nobody_speaks#02
Integration (macos, Go 1.27.x)	Run self tests, using QUIC v1	2026-09-11T01:06:22.1615780Z     handshake_drop_test.go:376: dropped 6 packets
Integration (macos, Go 1.27.x)	Run self tests, using QUIC v1	2026-09-11T01:06:22.1616390Z === RUN   TestHandshakeWithPacketLoss/drop_first_3_packets_in_direction_both/retry:_false/client_speaks_first#03
Integration (macos, Go 1.27.x)	Run self tests, using QUIC v1	2026-09-11T01:06:22.1631240Z     handshake_drop_test.go:376: dropped 6 packets
Integration (macos, Go 1.27.x)	Run self tests, using QUIC v1	2026-09-11T01:06:22.1631910Z === RUN   TestHandshakeWithPacketLoss/drop_first_3_packets_in_direction_both/retry:_false/server_speaks_first#03
Integration (macos, Go 1.27.x)	Run self tests, using QUIC v1	2026-09-11T01:06:22.1645390Z     handshake_drop_test.go:376: dropped 6 packets
Integration (macos, Go 1.27.x)	Run self tests, using QUIC v1	2026-09-11T01:06:22.1645940Z === RUN   TestHandshakeWithPacketLoss/drop_first_3_packets_in_direction_both/retry:_false/nobody_speaks#03
Integration (macos, Go 1.27.x)	Run self tests, using QUIC v1	2026-09-11T01:06:22.1659500Z     handshake_drop_test.go:376: dropped 6 packets
Integration (macos, Go 1.27.x)	Run self tests, using QUIC v1	2026-09-11T01:06:22.1660010Z === RUN   TestHandshakeWithPacketLoss/drop_every_3rd_of_first_30_packets,_phase_1_in_direction_both
Integration (macos, Go 1.27.x)	Run self tests, using QUIC v1	2026-09-11T01:06:22.1660810Z === RUN   TestHandshakeWithPacketLoss/drop_every_3rd_of_first_30_packets,_phase_1_in_direction_both/retry:_true/client_speaks_first
Integration (macos, Go 1.27.x)	Run self tests, using QUIC v1	2026-09-11T01:06:22.1680700Z     handshake_drop_test.go:376: dropped 11 packets
Integration (macos, Go 1.27.x)	Run self tests, using QUIC v1	2026-09-11T01:06:22.1681300Z === RUN   TestHandshakeWithPacketLoss/drop_every_3rd_of_first_30_packets,_phase_1_in_direction_both/retry:_true/server_speaks_first
Integration (macos, Go 1.27.x)	Run self tests, using QUIC v1	2026-09-11T01:06:22.1700920Z     handshake_drop_test.go:376: dropped 11 packets
Integration (macos, Go 1.27.x)	Run self tests, using QUIC v1	2026-09-11T01:06:22.1701590Z === RUN   TestHandshakeWithPacketLoss/drop_every_3rd_of_first_30_packets,_phase_1_in_direction_both/retry:_true/nobody_speaks
Integration (macos, Go 1.27.x)	Run self tests, using QUIC v1	2026-09-11T01:06:22.1719960Z     handshake_drop_test.go:376: dropped 7 packets
Integration (macos, Go 1.27.x)	Run self tests, using QUIC v1	2026-09-11T01:06:22.1720870Z === RUN   TestHandshakeWithPacketLoss/drop_every_3rd_of_first_30_packets,_phase_1_in_direction_both/retry:_false/client_speaks_first
Integration (macos, Go 1.27.x)	Run self tests, using QUIC v1	2026-09-11T01:06:22.1742150Z     handshake_drop_test.go:376: dropped 10 packets
Integration (macos, Go 1.27.x)	Run self tests, using QUIC v1	2026-09-11T01:06:22.1742810Z === RUN   TestHandshakeWithPacketLoss/drop_every_3rd_of_first_30_packets,_phase_1_in_direction_both/retry:_false/server_speaks_first
Integration (macos, Go 1.27.x)	Run self tests, using QUIC v1	2026-09-11T01:06:22.1763700Z     handshake_drop_test.go:376: dropped 12 packets
Integration (macos, Go 1.27.x)	Run self tests, using QUIC v1	2026-09-11T01:06:22.1764340Z === RUN   TestHandshakeWithPacketLoss/drop_every_3rd_of_first_30_packets,_phase_1_in_direction_both/retry:_false/nobody_speaks
Integration (macos, Go 1.27.x)	Run self tests, using QUIC v1	2026-09-11T01:06:22.1783700Z     handshake_drop_test.go:376: dropped 6 packets
Integration (macos, Go 1.27.x)	Run self tests, using QUIC v1	2026-09-11T01:06:22.1785410Z === RUN   TestHandshakeWithPacketLoss/drop_every_3rd_of_first_30_packets,_phase_1_in_direction_both/retry:_false/client_speaks_first#01
Integration (macos, Go 1.27.x)	Run self tests, using QUIC v1	2026-09-11T01:06:22.1812760Z     handshake_drop_test.go:376: dropped 16 packets
Integration (macos, Go 1.27.x)	Run self tests, using QUIC v1	2026-09-11T01:06:22.1813690Z === RUN   TestHandshakeWithPacketLoss/drop_every_3rd_of_first_30_packets,_phase_1_in_direction_both/retry:_false/server_speaks_first#01
Integration (macos, Go 1.27.x)	Run self tests, using QUIC v1	2026-09-11T01:06:22.1837460Z     handshake_drop_test.go:376: dropped 12 packets
Integration (macos, Go 1.27.x)	Run self tests, using QUIC v1	2026-09-11T01:06:22.1838070Z === RUN   TestHandshakeWithPacketLoss/drop_every_3rd_of_first_30_packets,_phase_1_in_direction_both/retry:_false/nobody_speaks#01
Integration (macos, Go 1.27.x)	Run self tests, using QUIC v1	2026-09-11T01:06:22.1939460Z     handshake_drop_test.go:376: dropped 8 packets
Integration (macos, Go 1.27.x)	Run self tests, using QUIC v1	2026-09-11T01:06:22.2040880Z === RUN   TestHandshakeWithPacketLoss/drop_every_3rd_of_first_30_packets,_phase_1_in_direction_both/retry:_false/client_speaks_first#02
Integration (macos, Go 1.27.x)	Run self tests, using QUIC v1	2026-09-11T01:06:22.2143020Z     handshake_drop_test.go:376: dropped 14 packets
Integration (macos, Go 1.27.x)	Run self tests, using QUIC v1	2026-09-11T01:06:22.2245090Z === RUN   TestHandshakeWithPacketLoss/drop_every_3rd_of_first_30_packets,_phase_1_in_direction_both/retry:_false/server_speaks_first#02
Integration (macos, Go 1.27.x)	Run self tests, using QUIC v1	2026-09-11T01:06:22.2350310Z     handshake_drop_test.go:376: dropped 7 packets
Integration (macos, Go 1.27.x)	Run self tests, using QUIC v1	2026-09-11T01:06:22.2450410Z === RUN   TestHandshakeWithPacketLoss/drop_every_3rd_of_first_30_packets,_phase_1_in_direction_both/retry:_false/nobody_speaks#02
Integration (macos, Go 1.27.x)	Run self tests, using QUIC v1	2026-09-11T01:06:22.2552090Z     handshake_drop_test.go:376: dropped 4 packets
Integration (macos, Go 1.27.x)	Run self tests, using QUIC v1	2026-09-11T01:06:22.2653510Z === RUN   TestHandshakeWithPacketLoss/drop_every_3rd_of_first_30_packets,_phase_1_in_direction_both/retry:_false/client_speaks_first#03
Integration (macos, Go 1.27.x)	Run self tests, using QUIC v1	2026-09-11T01:06:22.2753570Z     handshake_drop_test.go:376: dropped 13 packets
Integration (macos, Go 1.27.x)	Run self tests, using QUIC v1	2026-09-11T01:06:22.2855280Z === RUN   TestHandshakeWithPacketLoss/drop_every_3rd_of_first_30_packets,_phase_1_in_direction_both/retry:_false/server_speaks_first#03
Integration (macos, Go 1.27.x)	Run self tests, using QUIC v1	2026-09-11T01:06:22.2955230Z     handshake_drop_test.go:376: dropped 12 packets
Integration (macos, Go 1.27.x)	Run self tests, using QUIC v1	2026-09-11T01:06:22.3055970Z === RUN   TestHandshakeWithPacketLoss/drop_every_3rd_of_first_30_packets,_phase_1_in_direction_both/retry:_false/nobody_speaks#03
Integration (macos, Go 1.27.x)	Run self tests, using QUIC v1	2026-09-11T01:06:22.3091870Z     handshake_drop_test.go:376: dropped 9 packets
Integration (macos, Go 1.27.x)	Run self tests, using QUIC v1	2026-09-11T01:06:22.3092480Z === RUN   TestHandshakeWithPacketLoss/drop_every_3rd_of_first_30_packets,_phase_2_in_direction_both
Integration (macos, Go 1.27.x)	Run self tests, using QUIC v1	2026-09-11T01:06:22.3093560Z === RUN   TestHandshakeWithPacketLoss/drop_every_3rd_of_first_30_packets,_phase_2_in_direction_both/retry:_true/client_speaks_first
Integration (macos, Go 1.27.x)	Run self tests, using QUIC v1	2026-09-11T01:06:22.3094740Z     handshake_drop_test.go:376: dropped 10 packets
Integration (macos, Go 1.27.x)	Run self tests, using QUIC v1	2026-09-11T01:06:22.3095910Z === RUN   TestHandshakeWithPacketLoss/drop_every_3rd_of_first_30_packets,_phase_2_in_direction_both/retry:_true/server_speaks_first
Integration (macos, Go 1.27.x)	Run self tests, using QUIC v1	2026-09-11T01:06:22.3096540Z     handshake_drop_test.go:376: dropped 12 packets
Integration (macos, Go 1.27.x)	Run self tests, using QUIC v1	2026-09-11T01:06:22.3097160Z === RUN   TestHandshakeWithPacketLoss/drop_every_3rd_of_first_30_packets,_phase_2_in_direction_both/retry:_true/nobody_speaks
Integration (macos, Go 1.27.x)	Run self tests, using QUIC v1	2026-09-11T01:06:22.3097730Z     handshake_drop_test.go:376: dropped 6 packets
Integration (macos, Go 1.27.x)	Run self tests, using QUIC v1	2026-09-11T01:06:22.3098230Z === RUN   TestHandshakeWithPacketLoss/drop_every_3rd_of_first_30_packets,_phase_2_in_direction_both/retry:_false/client_speaks_first
Integration (macos, Go 1.27.x)	Run self tests, using QUIC v1	2026-09-11T01:06:22.3098790Z     handshake_drop_test.go:376: dropped 7 packets
Integration (macos, Go 1.27.x)	Run self tests, using QUIC v1	2026-09-11T01:06:22.3099310Z === RUN   TestHandshakeWithPacketLoss/drop_every_3rd_of_first_30_packets,_phase_2_in_direction_both/retry:_false/server_speaks_first
Integration (macos, Go 1.27.x)	Run self tests, using QUIC v1	2026-09-11T01:06:22.3099880Z     handshake_drop_test.go:376: dropped 11 packets
Integration (macos, Go 1.27.x)	Run self tests, using QUIC v1	2026-09-11T01:06:22.3100360Z === RUN   TestHandshakeWithPacketLoss/drop_every_3rd_of_first_30_packets,_phase_2_in_direction_both/retry:_false/nobody_speaks
Integration (macos, Go 1.27.x)	Run self tests, using QUIC v1	2026-09-11T01:06:22.3100930Z     handshake_drop_test.go:376: dropped 3 packets
Integration (macos, Go 1.27.x)	Run self tests, using QUIC v1	2026-09-11T01:06:22.3101540Z === RUN   TestHandshakeWithPacketLoss/drop_every_3rd_of_first_30_packets,_phase_2_in_direction_both/retry:_false/client_speaks_first#01
Integration (macos, Go 1.27.x)	Run self tests, using QUIC v1	2026-09-11T01:06:22.3102100Z     handshake_drop_test.go:376: dropped 11 packets
Integration (macos, Go 1.27.x)	Run self tests, using QUIC v1	2026-09-11T01:06:22.3102610Z === RUN   TestHandshakeWithPacketLoss/drop_every_3rd_of_first_30_packets,_phase_2_in_direction_both/retry:_false/server_speaks_first#01
Integration (macos, Go 1.27.x)	Run self tests, using QUIC v1	2026-09-11T01:06:22.3103170Z     handshake_drop_test.go:376: dropped 11 packets
Integration (macos, Go 1.27.x)	Run self tests, using QUIC v1	2026-09-11T01:06:22.3103690Z === RUN   TestHandshakeWithPacketLoss/drop_every_3rd_of_first_30_packets,_phase_2_in_direction_both/retry:_false/nobody_speaks#01
Integration (macos, Go 1.27.x)	Run self tests, using QUIC v1	2026-09-11T01:06:22.3104230Z     handshake_drop_test.go:376: dropped 6 packets
Integration (macos, Go 1.27.x)	Run self tests, using QUIC v1	2026-09-11T01:06:22.3104840Z === RUN   TestHandshakeWithPacketLoss/drop_every_3rd_of_first_30_packets,_phase_2_in_direction_both/retry:_false/client_speaks_first#02
Integration (macos, Go 1.27.x)	Run self tests, using QUIC v1	2026-09-11T01:06:22.3105460Z     handshake_drop_test.go:376: dropped 9 packets
Integration (macos, Go 1.27.x)	Run self tests, using QUIC v1	2026-09-11T01:06:22.3106000Z === RUN   TestHandshakeWithPacketLoss/drop_every_3rd_of_first_30_packets,_phase_2_in_direction_both/retry:_false/server_speaks_first#02
Integration (macos, Go 1.27.x)	Run self tests, using QUIC v1	2026-09-11T01:06:22.3106720Z     handshake_drop_test.go:376: dropped 9 packets
Integration (macos, Go 1.27.x)	Run self tests, using QUIC v1	2026-09-11T01:06:22.3107310Z === RUN   TestHandshakeWithPacketLoss/drop_every_3rd_of_first_30_packets,_phase_2_in_direction_both/retry:_false/nobody_speaks#02
Integration (macos, Go 1.27.x)	Run self tests, using QUIC v1	2026-09-11T01:06:22.3108050Z     handshake_drop_test.go:376: dropped 5 packets
Integration (macos, Go 1.27.x)	Run self tests, using QUIC v1	2026-09-11T01:06:22.3108990Z === RUN   TestHandshakeWithPacketLoss/drop_every_3rd_of_first_30_packets,_phase_2_in_direction_both/retry:_false/client_speaks_first#03
Integration (macos, Go 1.27.x)	Run self tests, using QUIC v1	2026-09-11T01:06:22.3109570Z     handshake_drop_test.go:376: dropped 15 packets
Integration (macos, Go 1.27.x)	Run self tests, using QUIC v1	2026-09-11T01:06:22.3110090Z === RUN   TestHandshakeWithPacketLoss/drop_every_3rd_of_first_30_packets,_phase_2_in_direction_both/retry:_false/server_speaks_first#03
Integration (macos, Go 1.27.x)	Run self tests, using QUIC v1	2026-09-11T01:06:22.3110650Z     handshake_drop_test.go:376: dropped 14 packets
Integration (macos, Go 1.27.x)	Run self tests, using QUIC v1	2026-09-11T01:06:22.3111150Z === RUN   TestHandshakeWithPacketLoss/drop_every_3rd_of_first_30_packets,_phase_2_in_direction_both/retry:_false/nobody_speaks#03
Integration (macos, Go 1.27.x)	Run self tests, using QUIC v1	2026-09-11T01:06:22.3111700Z     handshake_drop_test.go:376: dropped 9 packets
Integration (macos, Go 1.27.x)	Run self tests, using QUIC v1	2026-09-11T01:06:22.3112280Z === RUN   TestHandshakeWithPacketLoss/drop_every_3rd_of_first_30_packets,_phase_3_in_direction_both
Integration (macos, Go 1.27.x)	Run self tests, using QUIC v1	2026-09-11T01:06:22.3112940Z === RUN   TestHandshakeWithPacketLoss/drop_every_3rd_of_first_30_packets,_phase_3_in_direction_both/retry:_true/client_speaks_first
Integration (macos, Go 1.27.x)	Run self tests, using QUIC v1	2026-09-11T01:06:22.3113520Z     handshake_drop_test.go:376: dropped 7 packets
Integration (macos, Go 1.27.x)	Run self tests, using QUIC v1	2026-09-11T01:06:22.3114020Z === RUN   TestHandshakeWithPacketLoss/drop_every_3rd_of_first_30_packets,_phase_3_in_direction_both/retry:_true/server_speaks_first
Integration (macos, Go 1.27.x)	Run self tests, using QUIC v1	2026-09-11T01:06:22.3114580Z     handshake_drop_test.go:376: dropped 11 packets
Integration (macos, Go 1.27.x)	Run self tests, using QUIC v1	2026-09-11T01:06:22.3115200Z === RUN   TestHandshakeWithPacketLoss/drop_every_3rd_of_first_30_packets,_phase_3_in_direction_both/retry:_true/nobody_speaks
Integration (macos, Go 1.27.x)	Run self tests, using QUIC v1	2026-09-11T01:06:22.3115740Z     handshake_drop_test.go:376: dropped 3 packets
Integration (macos, Go 1.27.x)	Run self tests, using QUIC v1	2026-09-11T01:06:22.3116310Z === RUN   TestHandshakeWithPacketLoss/drop_every_3rd_of_first_30_packets,_phase_3_in_direction_both/retry:_false/client_speaks_first
Integration (macos, Go 1.27.x)	Run self tests, using QUIC v1	2026-09-11T01:06:22.3116910Z     handshake_drop_test.go:376: dropped 7 packets
Integration (macos, Go 1.27.x)	Run self tests, using QUIC v1	2026-09-11T01:06:22.3117460Z === RUN   TestHandshakeWithPacketLoss/drop_every_3rd_of_first_30_packets,_phase_3_in_direction_both/retry:_false/server_speaks_first
Integration (macos, Go 1.27.x)	Run self tests, using QUIC v1	2026-09-11T01:06:22.3118120Z     handshake_drop_test.go:376: dropped 5 packets
Integration (macos, Go 1.27.x)	Run self tests, using QUIC v1	2026-09-11T01:06:22.3118700Z === RUN   TestHandshakeWithPacketLoss/drop_every_3rd_of_first_30_packets,_phase_3_in_direction_both/retry:_false/nobody_speaks
Integration (macos, Go 1.27.x)	Run self tests, using QUIC v1	2026-09-11T01:06:22.3119950Z     handshake_drop_test.go:376: dropped 2 packets
Integration (macos, Go 1.27.x)	Run self tests, using QUIC v1	2026-09-11T01:06:22.3120520Z === RUN   TestHandshakeWithPacketLoss/drop_every_3rd_of_first_30_packets,_phase_3_in_direction_both/retry:_false/client_speaks_first#01
Integration (macos, Go 1.27.x)	Run self tests, using QUIC v1	2026-09-11T01:06:22.3121120Z     handshake_drop_test.go:376: dropped 11 packets
Integration (macos, Go 1.27.x)	Run self tests, using QUIC v1	2026-09-11T01:06:22.3121720Z === RUN   TestHandshakeWithPacketLoss/drop_every_3rd_of_first_30_packets,_phase_3_in_direction_both/retry:_false/server_speaks_first#01
Integration (macos, Go 1.27.x)	Run self tests, using QUIC v1	2026-09-11T01:06:22.3122280Z     handshake_drop_test.go:376: dropped 8 packets
Integration (macos, Go 1.27.x)	Run self tests, using QUIC v1	2026-09-11T01:06:22.3122930Z === RUN   TestHandshakeWithPacketLoss/drop_every_3rd_of_first_30_packets,_phase_3_in_direction_both/retry:_false/nobody_speaks#01
Integration (macos, Go 1.27.x)	Run self tests, using QUIC v1	2026-09-11T01:06:22.3123610Z     handshake_drop_test.go:376: dropped 5 packets
Integration (macos, Go 1.27.x)	Run self tests, using QUIC v1	2026-09-11T01:06:22.3124640Z === RUN   TestHandshakeWithPacketLoss/drop_every_3rd_of_first_30_packets,_phase_3_in_direction_both/retry:_false/client_speaks_first#02
Integration (macos, Go 1.27.x)	Run self tests, using QUIC v1	2026-09-11T01:06:22.3132480Z     handshake_drop_test.go:376: dropped 7 packets
Integration (macos, Go 1.27.x)	Run self tests, using QUIC v1	2026-09-11T01:06:22.3133070Z === RUN   TestHandshakeWithPacketLoss/drop_every_3rd_of_first_30_packets,_phase_3_in_direction_both/retry:_false/server_speaks_first#02
Integration (macos, Go 1.27.x)	Run self tests, using QUIC v1	2026-09-11T01:06:22.3133740Z     handshake_drop_test.go:376: dropped 11 packets
Integration (macos, Go 1.27.x)	Run self tests, using QUIC v1	2026-09-11T01:06:22.3134250Z === RUN   TestHandshakeWithPacketLoss/drop_every_3rd_of_first_30_packets,_phase_3_in_direction_both/retry:_false/nobody_speaks#02
Integration (macos, Go 1.27.x)	Run self tests, using QUIC v1	2026-09-11T01:06:22.3134790Z     handshake_drop_test.go:376: dropped 3 packets
Integration (macos, Go 1.27.x)	Run self tests, using QUIC v1	2026-09-11T01:06:22.3135370Z === RUN   TestHandshakeWithPacketLoss/drop_every_3rd_of_first_30_packets,_phase_3_in_direction_both/retry:_false/client_speaks_first#03
Integration (macos, Go 1.27.x)	Run self tests, using QUIC v1	2026-09-11T01:06:22.3136060Z     handshake_drop_test.go:376: dropped 12 packets
Integration (macos, Go 1.27.x)	Run self tests, using QUIC v1	2026-09-11T01:06:22.3136670Z === RUN   TestHandshakeWithPacketLoss/drop_every_3rd_of_first_30_packets,_phase_3_in_direction_both/retry:_false/server_speaks_first#03
Integration (macos, Go 1.27.x)	Run self tests, using QUIC v1	2026-09-11T01:06:22.3137920Z     handshake_drop_test.go:376: dropped 12 packets
Integration (macos, Go 1.27.x)	Run self tests, using QUIC v1	2026-09-11T01:06:22.3138480Z === RUN   TestHandshakeWithPacketLoss/drop_every_3rd_of_first_30_packets,_phase_3_in_direction_both/retry:_false/nobody_speaks#03
Integration (macos, Go 1.27.x)	Run self tests, using QUIC v1	2026-09-11T01:06:22.3139240Z     handshake_drop_test.go:376: dropped 7 packets
Integration (macos, Go 1.27.x)	Run self tests, using QUIC v1	2026-09-11T01:06:22.3139680Z === RUN   TestHandshakeWithPacketLoss/drop_1/3_of_packets_in_direction_both
Integration (macos, Go 1.27.x)	Run self tests, using QUIC v1	2026-09-11T01:06:22.3140320Z     handshake_drop_test.go:276: random loss is opt-in stress; set QUIC_GO_TEST_RANDOM_LOSS=1
Integration (macos, Go 1.27.x)	Run self tests, using QUIC v1	2026-09-11T01:06:22.3140710Z --- PASS: TestHandshakeWithPacketLoss (0.49s)
Integration (macos, Go 1.27.x)	Run self tests, using QUIC v1	2026-09-11T01:06:22.3141210Z     --- PASS: TestHandshakeWithPacketLoss/drop_1st_packet_in_direction_to_client (0.05s)
Integration (macos, Go 1.27.x)	Run self tests, using QUIC v1	2026-09-11T01:06:22.3142110Z         --- PASS: TestHandshakeWithPacketLoss/drop_1st_packet_in_direction_to_client/retry:_true/client_speaks_first (0.01s)
Integration (macos, Go 1.27.x)	Run self tests, using QUIC v1	2026-09-11T01:06:22.3143080Z         --- PASS: TestHandshakeWithPacketLoss/drop_1st_packet_in_direction_to_client/retry:_true/server_speaks_first (0.00s)
Integration (macos, Go 1.27.x)	Run self tests, using QUIC v1	2026-09-11T01:06:22.3144020Z         --- PASS: TestHandshakeWithPacketLoss/drop_1st_packet_in_direction_to_client/retry:_true/nobody_speaks (0.00s)
Integration (macos, Go 1.27.x)	Run self tests, using QUIC v1	2026-09-11T01:06:22.3145140Z         --- PASS: TestHandshakeWithPacketLoss/drop_1st_packet_in_direction_to_client/retry:_false/client_speaks_first (0.00s)
Integration (macos, Go 1.27.x)	Run self tests, using QUIC v1	2026-09-11T01:06:22.3146350Z         --- PASS: TestHandshakeWithPacketLoss/drop_1st_packet_in_direction_to_client/retry:_false/server_speaks_first (0.00s)
Integration (macos, Go 1.27.x)	Run self tests, using QUIC v1	2026-09-11T01:06:22.3147290Z         --- PASS: TestHandshakeWithPacketLoss/drop_1st_packet_in_direction_to_client/retry:_false/nobody_speaks (0.00s)
Integration (macos, Go 1.27.x)	Run self tests, using QUIC v1	2026-09-11T01:06:22.3148260Z         --- PASS: TestHandshakeWithPacketLoss/drop_1st_packet_in_direction_to_client/retry:_false/client_speaks_first#01 (0.01s)
Integration (macos, Go 1.27.x)	Run self tests, using QUIC v1	2026-09-11T01:06:22.3149330Z         --- PASS: TestHandshakeWithPacketLoss/drop_1st_packet_in_direction_to_client/retry:_false/server_speaks_first#01 (0.01s)
Integration (macos, Go 1.27.x)	Run self tests, using QUIC v1	2026-09-11T01:06:22.3150270Z         --- PASS: TestHandshakeWithPacketLoss/drop_1st_packet_in_direction_to_client/retry:_false/nobody_speaks#01 (0.01s)
Integration (macos, Go 1.27.x)	Run self tests, using QUIC v1	2026-09-11T01:06:22.3151230Z         --- PASS: TestHandshakeWithPacketLoss/drop_1st_packet_in_direction_to_client/retry:_false/client_speaks_first#02 (0.00s)
Integration (macos, Go 1.27.x)	Run self tests, using QUIC v1	2026-09-11T01:06:22.3152350Z         --- PASS: TestHandshakeWithPacketLoss/drop_1st_packet_in_direction_to_client/retry:_false/server_speaks_first#02 (0.00s)
Integration (macos, Go 1.27.x)	Run self tests, using QUIC v1	2026-09-11T01:06:22.3153290Z         --- PASS: TestHandshakeWithPacketLoss/drop_1st_packet_in_direction_to_client/retry:_false/nobody_speaks#02 (0.00s)
Integration (macos, Go 1.27.x)	Run self tests, using QUIC v1	2026-09-11T01:06:22.3154340Z         --- PASS: TestHandshakeWithPacketLoss/drop_1st_packet_in_direction_to_client/retry:_false/client_speaks_first#03 (0.00s)
Integration (macos, Go 1.27.x)	Run self tests, using QUIC v1	2026-09-11T01:06:22.3155300Z         --- PASS: TestHandshakeWithPacketLoss/drop_1st_packet_in_direction_to_client/retry:_false/server_speaks_first#03 (0.00s)
Integration (macos, Go 1.27.x)	Run self tests, using QUIC v1	2026-09-11T01:06:22.3156230Z         --- PASS: TestHandshakeWithPacketLoss/drop_1st_packet_in_direction_to_client/retry:_false/nobody_speaks#03 (0.00s)
Integration (macos, Go 1.27.x)	Run self tests, using QUIC v1	2026-09-11T01:06:22.3156930Z     --- PASS: TestHandshakeWithPacketLoss/drop_first_3_packets_in_direction_to_client (0.03s)
Integration (macos, Go 1.27.x)	Run self tests, using QUIC v1	2026-09-11T01:06:22.3157870Z         --- PASS: TestHandshakeWithPacketLoss/drop_first_3_packets_in_direction_to_client/retry:_true/client_speaks_first (0.00s)
Integration (macos, Go 1.27.x)	Run self tests, using QUIC v1	2026-09-11T01:06:22.3158870Z         --- PASS: TestHandshakeWithPacketLoss/drop_first_3_packets_in_direction_to_client/retry:_true/server_speaks_first (0.00s)
Integration (macos, Go 1.27.x)	Run self tests, using QUIC v1	2026-09-11T01:06:22.3159830Z         --- PASS: TestHandshakeWithPacketLoss/drop_first_3_packets_in_direction_to_client/retry:_true/nobody_speaks (0.00s)
Integration (macos, Go 1.27.x)	Run self tests, using QUIC v1	2026-09-11T01:06:22.3160800Z         --- PASS: TestHandshakeWithPacketLoss/drop_first_3_packets_in_direction_to_client/retry:_false/client_speaks_first (0.00s)
Integration (macos, Go 1.27.x)	Run self tests, using QUIC v1	2026-09-11T01:06:22.3161780Z         --- PASS: TestHandshakeWithPacketLoss/drop_first_3_packets_in_direction_to_client/retry:_false/server_speaks_first (0.00s)
Integration (macos, Go 1.27.x)	Run self tests, using QUIC v1	2026-09-11T01:06:22.3162750Z         --- PASS: TestHandshakeWithPacketLoss/drop_first_3_packets_in_direction_to_client/retry:_false/nobody_speaks (0.00s)
Integration (macos, Go 1.27.x)	Run self tests, using QUIC v1	2026-09-11T01:06:22.3163870Z         --- PASS: TestHandshakeWithPacketLoss/drop_first_3_packets_in_direction_to_client/retry:_false/client_speaks_first#01 (0.00s)
Integration (macos, Go 1.27.x)	Run self tests, using QUIC v1	2026-09-11T01:06:22.3164960Z         --- PASS: TestHandshakeWithPacketLoss/drop_first_3_packets_in_direction_to_client/retry:_false/server_speaks_first#01 (0.00s)
Integration (macos, Go 1.27.x)	Run self tests, using QUIC v1	2026-09-11T01:06:22.3166160Z         --- PASS: TestHandshakeWithPacketLoss/drop_first_3_packets_in_direction_to_client/retry:_false/nobody_speaks#01 (0.00s)
Integration (macos, Go 1.27.x)	Run self tests, using QUIC v1	2026-09-11T01:06:22.3167280Z         --- PASS: TestHandshakeWithPacketLoss/drop_first_3_packets_in_direction_to_client/retry:_false/client_speaks_first#02 (0.00s)
Integration (macos, Go 1.27.x)	Run self tests, using QUIC v1	2026-09-11T01:06:22.3168390Z         --- PASS: TestHandshakeWithPacketLoss/drop_first_3_packets_in_direction_to_client/retry:_false/server_speaks_first#02 (0.00s)
Integration (macos, Go 1.27.x)	Run self tests, using QUIC v1	2026-09-11T01:06:22.3169600Z         --- PASS: TestHandshakeWithPacketLoss/drop_first_3_packets_in_direction_to_client/retry:_false/nobody_speaks#02 (0.00s)
Integration (macos, Go 1.27.x)	Run self tests, using QUIC v1	2026-09-11T01:06:22.3170770Z         --- PASS: TestHandshakeWithPacketLoss/drop_first_3_packets_in_direction_to_client/retry:_false/client_speaks_first#03 (0.00s)
Integration (macos, Go 1.27.x)	Run self tests, using QUIC v1	2026-09-11T01:06:22.3171880Z         --- PASS: TestHandshakeWithPacketLoss/drop_first_3_packets_in_direction_to_client/retry:_false/server_speaks_first#03 (0.00s)
Integration (macos, Go 1.27.x)	Run self tests, using QUIC v1	2026-09-11T01:06:22.3173170Z         --- PASS: TestHandshakeWithPacketLoss/drop_first_3_packets_in_direction_to_client/retry:_false/nobody_speaks#03 (0.00s)
Integration (macos, Go 1.27.x)	Run self tests, using QUIC v1	2026-09-11T01:06:22.3174130Z     --- PASS: TestHandshakeWithPacketLoss/drop_every_3rd_of_first_30_packets,_phase_1_in_direction_to_client (0.04s)
Integration (macos, Go 1.27.x)	Run self tests, using QUIC v1	2026-09-11T01:06:22.3175470Z         --- PASS: TestHandshakeWithPacketLoss/drop_every_3rd_of_first_30_packets,_phase_1_in_direction_to_client/retry:_true/client_speaks_first (0.00s)
Integration (macos, Go 1.27.x)	Run self tests, using QUIC v1	2026-09-11T01:06:22.3176860Z         --- PASS: TestHandshakeWithPacketLoss/drop_every_3rd_of_first_30_packets,_phase_1_in_direction_to_client/retry:_true/server_speaks_first (0.00s)
Integration (macos, Go 1.27.x)	Run self tests, using QUIC v1	2026-09-11T01:06:22.3178120Z         --- PASS: TestHandshakeWithPacketLoss/drop_every_3rd_of_first_30_packets,_phase_1_in_direction_to_client/retry:_true/nobody_speaks (0.00s)
Integration (macos, Go 1.27.x)	Run self tests, using QUIC v1	2026-09-11T01:06:22.3179260Z         --- PASS: TestHandshakeWithPacketLoss/drop_every_3rd_of_first_30_packets,_phase_1_in_direction_to_client/retry:_false/client_speaks_first (0.00s)
Integration (macos, Go 1.27.x)	Run self tests, using QUIC v1	2026-09-11T01:06:22.3180520Z         --- PASS: TestHandshakeWithPacketLoss/drop_every_3rd_of_first_30_packets,_phase_1_in_direction_to_client/retry:_false/server_speaks_first (0.00s)
Integration (macos, Go 1.27.x)	Run self tests, using QUIC v1	2026-09-11T01:06:22.3181820Z         --- PASS: TestHandshakeWithPacketLoss/drop_every_3rd_of_first_30_packets,_phase_1_in_direction_to_client/retry:_false/nobody_speaks (0.00s)
Integration (macos, Go 1.27.x)	Run self tests, using QUIC v1	2026-09-11T01:06:22.3182980Z         --- PASS: TestHandshakeWithPacketLoss/drop_every_3rd_of_first_30_packets,_phase_1_in_direction_to_client/retry:_false/client_speaks_first#01 (0.00s)
Integration (macos, Go 1.27.x)	Run self tests, using QUIC v1	2026-09-11T01:06:22.3184240Z         --- PASS: TestHandshakeWithPacketLoss/drop_every_3rd_of_first_30_packets,_phase_1_in_direction_to_client/retry:_false/server_speaks_first#01 (0.00s)
Integration (macos, Go 1.27.x)	Run self tests, using QUIC v1	2026-09-11T01:06:22.3185600Z         --- PASS: TestHandshakeWithPacketLoss/drop_every_3rd_of_first_30_packets,_phase_1_in_direction_to_client/retry:_false/nobody_speaks#01 (0.00s)
Integration (macos, Go 1.27.x)	Run self tests, using QUIC v1	2026-09-11T01:06:22.3186990Z         --- PASS: TestHandshakeWithPacketLoss/drop_every_3rd_of_first_30_packets,_phase_1_in_direction_to_client/retry:_false/client_speaks_first#02 (0.00s)
Integration (macos, Go 1.27.x)	Run self tests, using QUIC v1	2026-09-11T01:06:22.3188240Z         --- PASS: TestHandshakeWithPacketLoss/drop_every_3rd_of_first_30_packets,_phase_1_in_direction_to_client/retry:_false/server_speaks_first#02 (0.00s)
Integration (macos, Go 1.27.x)	Run self tests, using QUIC v1	2026-09-11T01:06:22.3189390Z         --- PASS: TestHandshakeWithPacketLoss/drop_every_3rd_of_first_30_packets,_phase_1_in_direction_to_client/retry:_false/nobody_speaks#02 (0.00s)
Integration (macos, Go 1.27.x)	Run self tests, using QUIC v1	2026-09-11T01:06:22.3190560Z         --- PASS: TestHandshakeWithPacketLoss/drop_every_3rd_of_first_30_packets,_phase_1_in_direction_to_client/retry:_false/client_speaks_first#03 (0.00s)
Integration (macos, Go 1.27.x)	Run self tests, using QUIC v1	2026-09-11T01:06:22.3191730Z         --- PASS: TestHandshakeWithPacketLoss/drop_every_3rd_of_first_30_packets,_phase_1_in_direction_to_client/retry:_false/server_speaks_first#03 (0.00s)
Integration (macos, Go 1.27.x)	Run self tests, using QUIC v1	2026-09-11T01:06:22.3193150Z         --- PASS: TestHandshakeWithPacketLoss/drop_every_3rd_of_first_30_packets,_phase_1_in_direction_to_client/retry:_false/nobody_speaks#03 (0.00s)
Integration (macos, Go 1.27.x)	Run self tests, using QUIC v1	2026-09-11T01:06:22.3194000Z     --- PASS: TestHandshakeWithPacketLoss/drop_every_3rd_of_first_30_packets,_phase_2_in_direction_to_client (0.03s)
Integration (macos, Go 1.27.x)	Run self tests, using QUIC v1	2026-09-11T01:06:22.3195070Z         --- PASS: TestHandshakeWithPacketLoss/drop_every_3rd_of_first_30_packets,_phase_2_in_direction_to_client/retry:_true/client_speaks_first (0.00s)
Integration (macos, Go 1.27.x)	Run self tests, using QUIC v1	2026-09-11T01:06:22.3196210Z         --- PASS: TestHandshakeWithPacketLoss/drop_every_3rd_of_first_30_packets,_phase_2_in_direction_to_client/retry:_true/server_speaks_first (0.00s)
Integration (macos, Go 1.27.x)	Run self tests, using QUIC v1	2026-09-11T01:06:22.3197330Z         --- PASS: TestHandshakeWithPacketLoss/drop_every_3rd_of_first_30_packets,_phase_2_in_direction_to_client/retry:_true/nobody_speaks (0.00s)
Integration (macos, Go 1.27.x)	Run self tests, using QUIC v1	2026-09-11T01:06:22.3198470Z         --- PASS: TestHandshakeWithPacketLoss/drop_every_3rd_of_first_30_packets,_phase_2_in_direction_to_client/retry:_false/client_speaks_first (0.00s)
Integration (macos, Go 1.27.x)	Run self tests, using QUIC v1	2026-09-11T01:06:22.3199690Z         --- PASS: TestHandshakeWithPacketLoss/drop_every_3rd_of_first_30_packets,_phase_2_in_direction_to_client/retry:_false/server_speaks_first (0.00s)
Integration (macos, Go 1.27.x)	Run self tests, using QUIC v1	2026-09-11T01:06:22.3201030Z         --- PASS: TestHandshakeWithPacketLoss/drop_every_3rd_of_first_30_packets,_phase_2_in_direction_to_client/retry:_false/nobody_speaks (0.00s)
Integration (macos, Go 1.27.x)	Run self tests, using QUIC v1	2026-09-11T01:06:22.3202390Z         --- PASS: TestHandshakeWithPacketLoss/drop_every_3rd_of_first_30_packets,_phase_2_in_direction_to_client/retry:_false/client_speaks_first#01 (0.00s)
Integration (macos, Go 1.27.x)	Run self tests, using QUIC v1	2026-09-11T01:06:22.3203660Z         --- PASS: TestHandshakeWithPacketLoss/drop_every_3rd_of_first_30_packets,_phase_2_in_direction_to_client/retry:_false/server_speaks_first#01 (0.00s)
Integration (macos, Go 1.27.x)	Run self tests, using QUIC v1	2026-09-11T01:06:22.3204840Z         --- PASS: TestHandshakeWithPacketLoss/drop_every_3rd_of_first_30_packets,_phase_2_in_direction_to_client/retry:_false/nobody_speaks#01 (0.00s)
Integration (macos, Go 1.27.x)	Run self tests, using QUIC v1	2026-09-11T01:06:22.3206250Z         --- PASS: TestHandshakeWithPacketLoss/drop_every_3rd_of_first_30_packets,_phase_2_in_direction_to_client/retry:_false/client_speaks_first#02 (0.00s)
Integration (macos, Go 1.27.x)	Run self tests, using QUIC v1	2026-09-11T01:06:22.3207660Z         --- PASS: TestHandshakeWithPacketLoss/drop_every_3rd_of_first_30_packets,_phase_2_in_direction_to_client/retry:_false/server_speaks_first#02 (0.00s)
Integration (macos, Go 1.27.x)	Run self tests, using QUIC v1	2026-09-11T01:06:22.3208960Z         --- PASS: TestHandshakeWithPacketLoss/drop_every_3rd_of_first_30_packets,_phase_2_in_direction_to_client/retry:_false/nobody_speaks#02 (0.00s)
Integration (macos, Go 1.27.x)	Run self tests, using QUIC v1	2026-09-11T01:06:22.3210220Z         --- PASS: TestHandshakeWithPacketLoss/drop_every_3rd_of_first_30_packets,_phase_2_in_direction_to_client/retry:_false/client_speaks_first#03 (0.00s)
Integration (macos, Go 1.27.x)	Run self tests, using QUIC v1	2026-09-11T01:06:22.3211410Z         --- PASS: TestHandshakeWithPacketLoss/drop_every_3rd_of_first_30_packets,_phase_2_in_direction_to_client/retry:_false/server_speaks_first#03 (0.00s)
Integration (macos, Go 1.27.x)	Run self tests, using QUIC v1	2026-09-11T01:06:22.3212600Z         --- PASS: TestHandshakeWithPacketLoss/drop_every_3rd_of_first_30_packets,_phase_2_in_direction_to_client/retry:_false/nobody_speaks#03 (0.00s)
Integration (macos, Go 1.27.x)	Run self tests, using QUIC v1	2026-09-11T01:06:22.3213440Z     --- PASS: TestHandshakeWithPacketLoss/drop_every_3rd_of_first_30_packets,_phase_3_in_direction_to_client (0.03s)
Integration (macos, Go 1.27.x)	Run self tests, using QUIC v1	2026-09-11T01:06:22.3214520Z         --- PASS: TestHandshakeWithPacketLoss/drop_every_3rd_of_first_30_packets,_phase_3_in_direction_to_client/retry:_true/client_speaks_first (0.00s)
Integration (macos, Go 1.27.x)	Run self tests, using QUIC v1	2026-09-11T01:06:22.3215690Z         --- PASS: TestHandshakeWithPacketLoss/drop_every_3rd_of_first_30_packets,_phase_3_in_direction_to_client/retry:_true/server_speaks_first (0.00s)
Integration (macos, Go 1.27.x)	Run self tests, using QUIC v1	2026-09-11T01:06:22.3216820Z         --- PASS: TestHandshakeWithPacketLoss/drop_every_3rd_of_first_30_packets,_phase_3_in_direction_to_client/retry:_true/nobody_speaks (0.00s)
Integration (macos, Go 1.27.x)	Run self tests, using QUIC v1	2026-09-11T01:06:22.3217960Z         --- PASS: TestHandshakeWithPacketLoss/drop_every_3rd_of_first_30_packets,_phase_3_in_direction_to_client/retry:_false/client_speaks_first (0.00s)
Integration (macos, Go 1.27.x)	Run self tests, using QUIC v1	2026-09-11T01:06:22.3219230Z         --- PASS: TestHandshakeWithPacketLoss/drop_every_3rd_of_first_30_packets,_phase_3_in_direction_to_client/retry:_false/server_speaks_first (0.00s)
Integration (macos, Go 1.27.x)	Run self tests, using QUIC v1	2026-09-11T01:06:22.3220390Z         --- PASS: TestHandshakeWithPacketLoss/drop_every_3rd_of_first_30_packets,_phase_3_in_direction_to_client/retry:_false/nobody_speaks (0.00s)
Integration (macos, Go 1.27.x)	Run self tests, using QUIC v1	2026-09-11T01:06:22.3221640Z         --- PASS: TestHandshakeWithPacketLoss/drop_every_3rd_of_first_30_packets,_phase_3_in_direction_to_client/retry:_false/client_speaks_first#01 (0.00s)
Integration (macos, Go 1.27.x)	Run self tests, using QUIC v1	2026-09-11T01:06:22.3222990Z         --- PASS: TestHandshakeWithPacketLoss/drop_every_3rd_of_first_30_packets,_phase_3_in_direction_to_client/retry:_false/server_speaks_first#01 (0.00s)
Integration (macos, Go 1.27.x)	Run self tests, using QUIC v1	2026-09-11T01:06:22.3224130Z         --- PASS: TestHandshakeWithPacketLoss/drop_every_3rd_of_first_30_packets,_phase_3_in_direction_to_client/retry:_false/nobody_speaks#01 (0.00s)
Integration (macos, Go 1.27.x)	Run self tests, using QUIC v1	2026-09-11T01:06:22.3225290Z         --- PASS: TestHandshakeWithPacketLoss/drop_every_3rd_of_first_30_packets,_phase_3_in_direction_to_client/retry:_false/client_speaks_first#02 (0.00s)
Integration (macos, Go 1.27.x)	Run self tests, using QUIC v1	2026-09-11T01:06:22.3226460Z         --- PASS: TestHandshakeWithPacketLoss/drop_every_3rd_of_first_30_packets,_phase_3_in_direction_to_client/retry:_false/server_speaks_first#02 (0.00s)
Integration (macos, Go 1.27.x)	Run self tests, using QUIC v1	2026-09-11T01:06:22.3227610Z         --- PASS: TestHandshakeWithPacketLoss/drop_every_3rd_of_first_30_packets,_phase_3_in_direction_to_client/retry:_false/nobody_speaks#02 (0.00s)
Integration (macos, Go 1.27.x)	Run self tests, using QUIC v1	2026-09-11T01:06:22.3228860Z         --- PASS: TestHandshakeWithPacketLoss/drop_every_3rd_of_first_30_packets,_phase_3_in_direction_to_client/retry:_false/client_speaks_first#03 (0.00s)
Integration (macos, Go 1.27.x)	Run self tests, using QUIC v1	2026-09-11T01:06:22.3230030Z         --- PASS: TestHandshakeWithPacketLoss/drop_every_3rd_of_first_30_packets,_phase_3_in_direction_to_client/retry:_false/server_speaks_first#03 (0.00s)
Integration (macos, Go 1.27.x)	Run self tests, using QUIC v1	2026-09-11T01:06:22.3231170Z         --- PASS: TestHandshakeWithPacketLoss/drop_every_3rd_of_first_30_packets,_phase_3_in_direction_to_client/retry:_false/nobody_speaks#03 (0.00s)
Integration (macos, Go 1.27.x)	Run self tests, using QUIC v1	2026-09-11T01:06:22.3231920Z     --- SKIP: TestHandshakeWithPacketLoss/drop_1/3_of_packets_in_direction_to_client (0.00s)
Integration (macos, Go 1.27.x)	Run self tests, using QUIC v1	2026-09-11T01:06:22.3232680Z     --- PASS: TestHandshakeWithPacketLoss/drop_1st_packet_in_direction_to_server (0.03s)
Integration (macos, Go 1.27.x)	Run self tests, using QUIC v1	2026-09-11T01:06:22.3233540Z         --- PASS: TestHandshakeWithPacketLoss/drop_1st_packet_in_direction_to_server/retry:_true/client_speaks_first (0.00s)
Integration (macos, Go 1.27.x)	Run self tests, using QUIC v1	2026-09-11T01:06:22.3234490Z         --- PASS: TestHandshakeWithPacketLoss/drop_1st_packet_in_direction_to_server/retry:_true/server_speaks_first (0.00s)
Integration (macos, Go 1.27.x)	Run self tests, using QUIC v1	2026-09-11T01:06:22.3235400Z         --- PASS: TestHandshakeWithPacketLoss/drop_1st_packet_in_direction_to_server/retry:_true/nobody_speaks (0.00s)
Integration (macos, Go 1.27.x)	Run self tests, using QUIC v1	2026-09-11T01:06:22.3236350Z         --- PASS: TestHandshakeWithPacketLoss/drop_1st_packet_in_direction_to_server/retry:_false/client_speaks_first (0.00s)
Integration (macos, Go 1.27.x)	Run self tests, using QUIC v1	2026-09-11T01:06:22.3237300Z         --- PASS: TestHandshakeWithPacketLoss/drop_1st_packet_in_direction_to_server/retry:_false/server_speaks_first (0.00s)
Integration (macos, Go 1.27.x)	Run self tests, using QUIC v1	2026-09-11T01:06:22.3238210Z         --- PASS: TestHandshakeWithPacketLoss/drop_1st_packet_in_direction_to_server/retry:_false/nobody_speaks (0.00s)
Integration (macos, Go 1.27.x)	Run self tests, using QUIC v1	2026-09-11T01:06:22.3239170Z         --- PASS: TestHandshakeWithPacketLoss/drop_1st_packet_in_direction_to_server/retry:_false/client_speaks_first#01 (0.00s)
Integration (macos, Go 1.27.x)	Run self tests, using QUIC v1	2026-09-11T01:06:22.3240140Z         --- PASS: TestHandshakeWithPacketLoss/drop_1st_packet_in_direction_to_server/retry:_false/server_speaks_first#01 (0.00s)
Integration (macos, Go 1.27.x)	Run self tests, using QUIC v1	2026-09-11T01:06:22.3241090Z         --- PASS: TestHandshakeWithPacketLoss/drop_1st_packet_in_direction_to_server/retry:_false/nobody_speaks#01 (0.00s)
Integration (macos, Go 1.27.x)	Run self tests, using QUIC v1	2026-09-11T01:06:22.3242030Z         --- PASS: TestHandshakeWithPacketLoss/drop_1st_packet_in_direction_to_server/retry:_false/client_speaks_first#02 (0.00s)
Integration (macos, Go 1.27.x)	Run self tests, using QUIC v1	2026-09-11T01:06:22.3243000Z         --- PASS: TestHandshakeWithPacketLoss/drop_1st_packet_in_direction_to_server/retry:_false/server_speaks_first#02 (0.00s)
Integration (macos, Go 1.27.x)	Run self tests, using QUIC v1	2026-09-11T01:06:22.3243940Z         --- PASS: TestHandshakeWithPacketLoss/drop_1st_packet_in_direction_to_server/retry:_false/nobody_speaks#02 (0.00s)
Integration (macos, Go 1.27.x)	Run self tests, using QUIC v1	2026-09-11T01:06:22.3245000Z         --- PASS: TestHandshakeWithPacketLoss/drop_1st_packet_in_direction_to_server/retry:_false/client_speaks_first#03 (0.00s)
Integration (macos, Go 1.27.x)	Run self tests, using QUIC v1	2026-09-11T01:06:22.3245970Z         --- PASS: TestHandshakeWithPacketLoss/drop_1st_packet_in_direction_to_server/retry:_false/server_speaks_first#03 (0.00s)
Integration (macos, Go 1.27.x)	Run self tests, using QUIC v1	2026-09-11T01:06:22.3246910Z         --- PASS: TestHandshakeWithPacketLoss/drop_1st_packet_in_direction_to_server/retry:_false/nobody_speaks#03 (0.00s)
Integration (macos, Go 1.27.x)	Run self tests, using QUIC v1	2026-09-11T01:06:22.3247590Z     --- PASS: TestHandshakeWithPacketLoss/drop_first_3_packets_in_direction_to_server (0.03s)
Integration (macos, Go 1.27.x)	Run self tests, using QUIC v1	2026-09-11T01:06:22.3248500Z         --- PASS: TestHandshakeWithPacketLoss/drop_first_3_packets_in_direction_to_server/retry:_true/client_speaks_first (0.00s)
Integration (macos, Go 1.27.x)	Run self tests, using QUIC v1	2026-09-11T01:06:22.3249480Z         --- PASS: TestHandshakeWithPacketLoss/drop_first_3_packets_in_direction_to_server/retry:_true/server_speaks_first (0.00s)
Integration (macos, Go 1.27.x)	Run self tests, using QUIC v1	2026-09-11T01:06:22.3250430Z         --- PASS: TestHandshakeWithPacketLoss/drop_first_3_packets_in_direction_to_server/retry:_true/nobody_speaks (0.00s)
Integration (macos, Go 1.27.x)	Run self tests, using QUIC v1	2026-09-11T01:06:22.3251410Z         --- PASS: TestHandshakeWithPacketLoss/drop_first_3_packets_in_direction_to_server/retry:_false/client_speaks_first (0.00s)
Integration (macos, Go 1.27.x)	Run self tests, using QUIC v1	2026-09-11T01:06:22.3252410Z         --- PASS: TestHandshakeWithPacketLoss/drop_first_3_packets_in_direction_to_server/retry:_false/server_speaks_first (0.00s)
Integration (macos, Go 1.27.x)	Run self tests, using QUIC v1	2026-09-11T01:06:22.3253420Z         --- PASS: TestHandshakeWithPacketLoss/drop_first_3_packets_in_direction_to_server/retry:_false/nobody_speaks (0.00s)
Integration (macos, Go 1.27.x)	Run self tests, using QUIC v1	2026-09-11T01:06:22.3254400Z         --- PASS: TestHandshakeWithPacketLoss/drop_first_3_packets_in_direction_to_server/retry:_false/client_speaks_first#01 (0.00s)
Integration (macos, Go 1.27.x)	Run self tests, using QUIC v1	2026-09-11T01:06:22.3255410Z         --- PASS: TestHandshakeWithPacketLoss/drop_first_3_packets_in_direction_to_server/retry:_false/server_speaks_first#01 (0.00s)
Integration (macos, Go 1.27.x)	Run self tests, using QUIC v1	2026-09-11T01:06:22.3256390Z         --- PASS: TestHandshakeWithPacketLoss/drop_first_3_packets_in_direction_to_server/retry:_false/nobody_speaks#01 (0.00s)
Integration (macos, Go 1.27.x)	Run self tests, using QUIC v1	2026-09-11T01:06:22.3257500Z         --- PASS: TestHandshakeWithPacketLoss/drop_first_3_packets_in_direction_to_server/retry:_false/client_speaks_first#02 (0.00s)
Integration (macos, Go 1.27.x)	Run self tests, using QUIC v1	2026-09-11T01:06:22.3258700Z         --- PASS: TestHandshakeWithPacketLoss/drop_first_3_packets_in_direction_to_server/retry:_false/server_speaks_first#02 (0.00s)
Integration (macos, Go 1.27.x)	Run self tests, using QUIC v1	2026-09-11T01:06:22.3259910Z         --- PASS: TestHandshakeWithPacketLoss/drop_first_3_packets_in_direction_to_server/retry:_false/nobody_speaks#02 (0.00s)
Integration (macos, Go 1.27.x)	Run self tests, using QUIC v1	2026-09-11T01:06:22.3261010Z         --- PASS: TestHandshakeWithPacketLoss/drop_first_3_packets_in_direction_to_server/retry:_false/client_speaks_first#03 (0.00s)
Integration (macos, Go 1.27.x)	Run self tests, using QUIC v1	2026-09-11T01:06:22.3262200Z         --- PASS: TestHandshakeWithPacketLoss/drop_first_3_packets_in_direction_to_server/retry:_false/server_speaks_first#03 (0.00s)
Integration (macos, Go 1.27.x)	Run self tests, using QUIC v1	2026-09-11T01:06:22.3263380Z         --- PASS: TestHandshakeWithPacketLoss/drop_first_3_packets_in_direction_to_server/retry:_false/nobody_speaks#03 (0.00s)
Integration (macos, Go 1.27.x)	Run self tests, using QUIC v1	2026-09-11T01:06:22.3264160Z     --- PASS: TestHandshakeWithPacketLoss/drop_every_3rd_of_first_30_packets,_phase_1_in_direction_to_server (0.03s)
Integration (macos, Go 1.27.x)	Run self tests, using QUIC v1	2026-09-11T01:06:22.3265240Z         --- PASS: TestHandshakeWithPacketLoss/drop_every_3rd_of_first_30_packets,_phase_1_in_direction_to_server/retry:_true/client_speaks_first (0.00s)
Integration (macos, Go 1.27.x)	Run self tests, using QUIC v1	2026-09-11T01:06:22.3266410Z         --- PASS: TestHandshakeWithPacketLoss/drop_every_3rd_of_first_30_packets,_phase_1_in_direction_to_server/retry:_true/server_speaks_first (0.00s)
Integration (macos, Go 1.27.x)	Run self tests, using QUIC v1	2026-09-11T01:06:22.3267530Z         --- PASS: TestHandshakeWithPacketLoss/drop_every_3rd_of_first_30_packets,_phase_1_in_direction_to_server/retry:_true/nobody_speaks (0.00s)
Integration (macos, Go 1.27.x)	Run self tests, using QUIC v1	2026-09-11T01:06:22.3268670Z         --- PASS: TestHandshakeWithPacketLoss/drop_every_3rd_of_first_30_packets,_phase_1_in_direction_to_server/retry:_false/client_speaks_first (0.00s)
Integration (macos, Go 1.27.x)	Run self tests, using QUIC v1	2026-09-11T01:06:22.3269830Z         --- PASS: TestHandshakeWithPacketLoss/drop_every_3rd_of_first_30_packets,_phase_1_in_direction_to_server/retry:_false/server_speaks_first (0.00s)
Integration (macos, Go 1.27.x)	Run self tests, using QUIC v1	2026-09-11T01:06:22.3270960Z         --- PASS: TestHandshakeWithPacketLoss/drop_every_3rd_of_first_30_packets,_phase_1_in_direction_to_server/retry:_false/nobody_speaks (0.00s)
Integration (macos, Go 1.27.x)	Run self tests, using QUIC v1	2026-09-11T01:06:22.3272320Z         --- PASS: TestHandshakeWithPacketLoss/drop_every_3rd_of_first_30_packets,_phase_1_in_direction_to_server/retry:_false/client_speaks_first#01 (0.00s)
Integration (macos, Go 1.27.x)	Run self tests, using QUIC v1	2026-09-11T01:06:22.3273540Z         --- PASS: TestHandshakeWithPacketLoss/drop_every_3rd_of_first_30_packets,_phase_1_in_direction_to_server/retry:_false/server_speaks_first#01 (0.00s)
Integration (macos, Go 1.27.x)	Run self tests, using QUIC v1	2026-09-11T01:06:22.3274690Z         --- PASS: TestHandshakeWithPacketLoss/drop_every_3rd_of_first_30_packets,_phase_1_in_direction_to_server/retry:_false/nobody_speaks#01 (0.00s)
Integration (macos, Go 1.27.x)	Run self tests, using QUIC v1	2026-09-11T01:06:22.3275830Z         --- PASS: TestHandshakeWithPacketLoss/drop_every_3rd_of_first_30_packets,_phase_1_in_direction_to_server/retry:_false/client_speaks_first#02 (0.00s)
Integration (macos, Go 1.27.x)	Run self tests, using QUIC v1	2026-09-11T01:06:22.3276990Z         --- PASS: TestHandshakeWithPacketLoss/drop_every_3rd_of_first_30_packets,_phase_1_in_direction_to_server/retry:_false/server_speaks_first#02 (0.00s)
Integration (macos, Go 1.27.x)	Run self tests, using QUIC v1	2026-09-11T01:06:22.3278110Z         --- PASS: TestHandshakeWithPacketLoss/drop_every_3rd_of_first_30_packets,_phase_1_in_direction_to_server/retry:_false/nobody_speaks#02 (0.00s)
Integration (macos, Go 1.27.x)	Run self tests, using QUIC v1	2026-09-11T01:06:22.3279260Z         --- PASS: TestHandshakeWithPacketLoss/drop_every_3rd_of_first_30_packets,_phase_1_in_direction_to_server/retry:_false/client_speaks_first#03 (0.00s)
Integration (macos, Go 1.27.x)	Run self tests, using QUIC v1	2026-09-11T01:06:22.3280540Z         --- PASS: TestHandshakeWithPacketLoss/drop_every_3rd_of_first_30_packets,_phase_1_in_direction_to_server/retry:_false/server_speaks_first#03 (0.00s)
Integration (macos, Go 1.27.x)	Run self tests, using QUIC v1	2026-09-11T01:06:22.3281650Z         --- PASS: TestHandshakeWithPacketLoss/drop_every_3rd_of_first_30_packets,_phase_1_in_direction_to_server/retry:_false/nobody_speaks#03 (0.00s)
Integration (macos, Go 1.27.x)	Run self tests, using QUIC v1	2026-09-11T01:06:22.3282490Z     --- PASS: TestHandshakeWithPacketLoss/drop_every_3rd_of_first_30_packets,_phase_2_in_direction_to_server (0.03s)
Integration (macos, Go 1.27.x)	Run self tests, using QUIC v1	2026-09-11T01:06:22.3283550Z         --- PASS: TestHandshakeWithPacketLoss/drop_every_3rd_of_first_30_packets,_phase_2_in_direction_to_server/retry:_true/client_speaks_first (0.00s)
Integration (macos, Go 1.27.x)	Run self tests, using QUIC v1	2026-09-11T01:06:22.3284700Z         --- PASS: TestHandshakeWithPacketLoss/drop_every_3rd_of_first_30_packets,_phase_2_in_direction_to_server/retry:_true/server_speaks_first (0.00s)
Integration (macos, Go 1.27.x)	Run self tests, using QUIC v1	2026-09-11T01:06:22.3285830Z         --- PASS: TestHandshakeWithPacketLoss/drop_every_3rd_of_first_30_packets,_phase_2_in_direction_to_server/retry:_true/nobody_speaks (0.00s)
Integration (macos, Go 1.27.x)	Run self tests, using QUIC v1	2026-09-11T01:06:22.3286980Z         --- PASS: TestHandshakeWithPacketLoss/drop_every_3rd_of_first_30_packets,_phase_2_in_direction_to_server/retry:_false/client_speaks_first (0.00s)
Integration (macos, Go 1.27.x)	Run self tests, using QUIC v1	2026-09-11T01:06:22.3288200Z         --- PASS: TestHandshakeWithPacketLoss/drop_every_3rd_of_first_30_packets,_phase_2_in_direction_to_server/retry:_false/server_speaks_first (0.00s)
Integration (macos, Go 1.27.x)	Run self tests, using QUIC v1	2026-09-11T01:06:22.3289540Z         --- PASS: TestHandshakeWithPacketLoss/drop_every_3rd_of_first_30_packets,_phase_2_in_direction_to_server/retry:_false/nobody_speaks (0.00s)
Integration (macos, Go 1.27.x)	Run self tests, using QUIC v1	2026-09-11T01:06:22.3290890Z         --- PASS: TestHandshakeWithPacketLoss/drop_every_3rd_of_first_30_packets,_phase_2_in_direction_to_server/retry:_false/client_speaks_first#01 (0.00s)
Integration (macos, Go 1.27.x)	Run self tests, using QUIC v1	2026-09-11T01:06:22.3292070Z         --- PASS: TestHandshakeWithPacketLoss/drop_every_3rd_of_first_30_packets,_phase_2_in_direction_to_server/retry:_false/server_speaks_first#01 (0.00s)
Integration (macos, Go 1.27.x)	Run self tests, using QUIC v1	2026-09-11T01:06:22.3293220Z         --- PASS: TestHandshakeWithPacketLoss/drop_every_3rd_of_first_30_packets,_phase_2_in_direction_to_server/retry:_false/nobody_speaks#01 (0.00s)
Integration (macos, Go 1.27.x)	Run self tests, using QUIC v1	2026-09-11T01:06:22.3294380Z         --- PASS: TestHandshakeWithPacketLoss/drop_every_3rd_of_first_30_packets,_phase_2_in_direction_to_server/retry:_false/client_speaks_first#02 (0.00s)
Integration (macos, Go 1.27.x)	Run self tests, using QUIC v1	2026-09-11T01:06:22.3295550Z         --- PASS: TestHandshakeWithPacketLoss/drop_every_3rd_of_first_30_packets,_phase_2_in_direction_to_server/retry:_false/server_speaks_first#02 (0.00s)
Integration (macos, Go 1.27.x)	Run self tests, using QUIC v1	2026-09-11T01:06:22.3296700Z         --- PASS: TestHandshakeWithPacketLoss/drop_every_3rd_of_first_30_packets,_phase_2_in_direction_to_server/retry:_false/nobody_speaks#02 (0.00s)
Integration (macos, Go 1.27.x)	Run self tests, using QUIC v1	2026-09-11T01:06:22.3298080Z         --- PASS: TestHandshakeWithPacketLoss/drop_every_3rd_of_first_30_packets,_phase_2_in_direction_to_server/retry:_false/client_speaks_first#03 (0.00s)
Integration (macos, Go 1.27.x)	Run self tests, using QUIC v1	2026-09-11T01:06:22.3299510Z         --- PASS: TestHandshakeWithPacketLoss/drop_every_3rd_of_first_30_packets,_phase_2_in_direction_to_server/retry:_false/server_speaks_first#03 (0.00s)
Integration (macos, Go 1.27.x)	Run self tests, using QUIC v1	2026-09-11T01:06:22.3300750Z         --- PASS: TestHandshakeWithPacketLoss/drop_every_3rd_of_first_30_packets,_phase_2_in_direction_to_server/retry:_false/nobody_speaks#03 (0.00s)
Integration (macos, Go 1.27.x)	Run self tests, using QUIC v1	2026-09-11T01:06:22.3301580Z     --- PASS: TestHandshakeWithPacketLoss/drop_every_3rd_of_first_30_packets,_phase_3_in_direction_to_server (0.03s)
Integration (macos, Go 1.27.x)	Run self tests, using QUIC v1	2026-09-11T01:06:22.3302660Z         --- PASS: TestHandshakeWithPacketLoss/drop_every_3rd_of_first_30_packets,_phase_3_in_direction_to_server/retry:_true/client_speaks_first (0.00s)
Integration (macos, Go 1.27.x)	Run self tests, using QUIC v1	2026-09-11T01:06:22.3303800Z         --- PASS: TestHandshakeWithPacketLoss/drop_every_3rd_of_first_30_packets,_phase_3_in_direction_to_server/retry:_true/server_speaks_first (0.00s)
Integration (macos, Go 1.27.x)	Run self tests, using QUIC v1	2026-09-11T01:06:22.3304920Z         --- PASS: TestHandshakeWithPacketLoss/drop_every_3rd_of_first_30_packets,_phase_3_in_direction_to_server/retry:_true/nobody_speaks (0.00s)
Integration (macos, Go 1.27.x)	Run self tests, using QUIC v1	2026-09-11T01:06:22.3306060Z         --- PASS: TestHandshakeWithPacketLoss/drop_every_3rd_of_first_30_packets,_phase_3_in_direction_to_server/retry:_false/client_speaks_first (0.00s)
Integration (macos, Go 1.27.x)	Run self tests, using QUIC v1	2026-09-11T01:06:22.3307310Z         --- PASS: TestHandshakeWithPacketLoss/drop_every_3rd_of_first_30_packets,_phase_3_in_direction_to_server/retry:_false/server_speaks_first (0.00s)
Integration (macos, Go 1.27.x)	Run self tests, using QUIC v1	2026-09-11T01:06:22.3308430Z         --- PASS: TestHandshakeWithPacketLoss/drop_every_3rd_of_first_30_packets,_phase_3_in_direction_to_server/retry:_false/nobody_speaks (0.00s)
Integration (macos, Go 1.27.x)	Run self tests, using QUIC v1	2026-09-11T01:06:22.3309590Z         --- PASS: TestHandshakeWithPacketLoss/drop_every_3rd_of_first_30_packets,_phase_3_in_direction_to_server/retry:_false/client_speaks_first#01 (0.00s)
Integration (macos, Go 1.27.x)	Run self tests, using QUIC v1	2026-09-11T01:06:22.3310760Z         --- PASS: TestHandshakeWithPacketLoss/drop_every_3rd_of_first_30_packets,_phase_3_in_direction_to_server/retry:_false/server_speaks_first#01 (0.00s)
Integration (macos, Go 1.27.x)	Run self tests, using QUIC v1	2026-09-11T01:06:22.3312210Z         --- PASS: TestHandshakeWithPacketLoss/drop_every_3rd_of_first_30_packets,_phase_3_in_direction_to_server/retry:_false/nobody_speaks#01 (0.00s)
Integration (macos, Go 1.27.x)	Run self tests, using QUIC v1	2026-09-11T01:06:22.3313480Z         --- PASS: TestHandshakeWithPacketLoss/drop_every_3rd_of_first_30_packets,_phase_3_in_direction_to_server/retry:_false/client_speaks_first#02 (0.00s)
Integration (macos, Go 1.27.x)	Run self tests, using QUIC v1	2026-09-11T01:06:22.3314660Z         --- PASS: TestHandshakeWithPacketLoss/drop_every_3rd_of_first_30_packets,_phase_3_in_direction_to_server/retry:_false/server_speaks_first#02 (0.00s)
Integration (macos, Go 1.27.x)	Run self tests, using QUIC v1	2026-09-11T01:06:22.3315810Z         --- PASS: TestHandshakeWithPacketLoss/drop_every_3rd_of_first_30_packets,_phase_3_in_direction_to_server/retry:_false/nobody_speaks#02 (0.00s)
Integration (macos, Go 1.27.x)	Run self tests, using QUIC v1	2026-09-11T01:06:22.3316980Z         --- PASS: TestHandshakeWithPacketLoss/drop_every_3rd_of_first_30_packets,_phase_3_in_direction_to_server/retry:_false/client_speaks_first#03 (0.00s)
Integration (macos, Go 1.27.x)	Run self tests, using QUIC v1	2026-09-11T01:06:22.3318150Z         --- PASS: TestHandshakeWithPacketLoss/drop_every_3rd_of_first_30_packets,_phase_3_in_direction_to_server/retry:_false/server_speaks_first#03 (0.00s)
Integration (macos, Go 1.27.x)	Run self tests, using QUIC v1	2026-09-11T01:06:22.3319300Z         --- PASS: TestHandshakeWithPacketLoss/drop_every_3rd_of_first_30_packets,_phase_3_in_direction_to_server/retry:_false/nobody_speaks#03 (0.00s)
Integration (macos, Go 1.27.x)	Run self tests, using QUIC v1	2026-09-11T01:06:22.3320080Z     --- SKIP: TestHandshakeWithPacketLoss/drop_1/3_of_packets_in_direction_to_server (0.00s)
Integration (macos, Go 1.27.x)	Run self tests, using QUIC v1	2026-09-11T01:06:22.3320670Z     --- PASS: TestHandshakeWithPacketLoss/drop_1st_packet_in_direction_both (0.03s)
Integration (macos, Go 1.27.x)	Run self tests, using QUIC v1	2026-09-11T01:06:22.3321500Z         --- PASS: TestHandshakeWithPacketLoss/drop_1st_packet_in_direction_both/retry:_true/client_speaks_first (0.00s)
Integration (macos, Go 1.27.x)	Run self tests, using QUIC v1	2026-09-11T01:06:22.3322410Z         --- PASS: TestHandshakeWithPacketLoss/drop_1st_packet_in_direction_both/retry:_true/server_speaks_first (0.00s)
Integration (macos, Go 1.27.x)	Run self tests, using QUIC v1	2026-09-11T01:06:22.3323300Z         --- PASS: TestHandshakeWithPacketLoss/drop_1st_packet_in_direction_both/retry:_true/nobody_speaks (0.00s)
Integration (macos, Go 1.27.x)	Run self tests, using QUIC v1	2026-09-11T01:06:22.3324330Z         --- PASS: TestHandshakeWithPacketLoss/drop_1st_packet_in_direction_both/retry:_false/client_speaks_first (0.00s)
Integration (macos, Go 1.27.x)	Run self tests, using QUIC v1	2026-09-11T01:06:22.3325300Z         --- PASS: TestHandshakeWithPacketLoss/drop_1st_packet_in_direction_both/retry:_false/server_speaks_first (0.00s)
Integration (macos, Go 1.27.x)	Run self tests, using QUIC v1	2026-09-11T01:06:22.3326210Z         --- PASS: TestHandshakeWithPacketLoss/drop_1st_packet_in_direction_both/retry:_false/nobody_speaks (0.00s)
Integration (macos, Go 1.27.x)	Run self tests, using QUIC v1	2026-09-11T01:06:22.3327120Z         --- PASS: TestHandshakeWithPacketLoss/drop_1st_packet_in_direction_both/retry:_false/client_speaks_first#01 (0.00s)
Integration (macos, Go 1.27.x)	Run self tests, using QUIC v1	2026-09-11T01:06:22.3328060Z         --- PASS: TestHandshakeWithPacketLoss/drop_1st_packet_in_direction_both/retry:_false/server_speaks_first#01 (0.00s)
Integration (macos, Go 1.27.x)	Run self tests, using QUIC v1	2026-09-11T01:06:22.3328970Z         --- PASS: TestHandshakeWithPacketLoss/drop_1st_packet_in_direction_both/retry:_false/nobody_speaks#01 (0.00s)
Integration (macos, Go 1.27.x)	Run self tests, using QUIC v1	2026-09-11T01:06:22.3329990Z         --- PASS: TestHandshakeWithPacketLoss/drop_1st_packet_in_direction_both/retry:_false/client_speaks_first#02 (0.00s)
Integration (macos, Go 1.27.x)	Run self tests, using QUIC v1	2026-09-11T01:06:22.3331030Z         --- PASS: TestHandshakeWithPacketLoss/drop_1st_packet_in_direction_both/retry:_false/server_speaks_first#02 (0.00s)
Integration (macos, Go 1.27.x)	Run self tests, using QUIC v1	2026-09-11T01:06:22.3331940Z         --- PASS: TestHandshakeWithPacketLoss/drop_1st_packet_in_direction_both/retry:_false/nobody_speaks#02 (0.00s)
Integration (macos, Go 1.27.x)	Run self tests, using QUIC v1	2026-09-11T01:06:22.3333090Z         --- PASS: TestHandshakeWithPacketLoss/drop_1st_packet_in_direction_both/retry:_false/client_speaks_first#03 (0.00s)
Integration (macos, Go 1.27.x)	Run self tests, using QUIC v1	2026-09-11T01:06:22.3334160Z         --- PASS: TestHandshakeWithPacketLoss/drop_1st_packet_in_direction_both/retry:_false/server_speaks_first#03 (0.00s)
Integration (macos, Go 1.27.x)	Run self tests, using QUIC v1	2026-09-11T01:06:22.3335070Z         --- PASS: TestHandshakeWithPacketLoss/drop_1st_packet_in_direction_both/retry:_false/nobody_speaks#03 (0.00s)
Integration (macos, Go 1.27.x)	Run self tests, using QUIC v1	2026-09-11T01:06:22.3336310Z     --- PASS: TestHandshakeWithPacketLoss/drop_first_3_packets_in_direction_both (0.03s)
Integration (macos, Go 1.27.x)	Run self tests, using QUIC v1	2026-09-11T01:06:22.3337350Z         --- PASS: TestHandshakeWithPacketLoss/drop_first_3_packets_in_direction_both/retry:_true/client_speaks_first (0.00s)
Integration (macos, Go 1.27.x)	Run self tests, using QUIC v1	2026-09-11T01:06:22.3338530Z         --- PASS: TestHandshakeWithPacketLoss/drop_first_3_packets_in_direction_both/retry:_true/server_speaks_first (0.00s)
Integration (macos, Go 1.27.x)	Run self tests, using QUIC v1	2026-09-11T01:06:22.3339470Z         --- PASS: TestHandshakeWithPacketLoss/drop_first_3_packets_in_direction_both/retry:_true/nobody_speaks (0.00s)
Integration (macos, Go 1.27.x)	Run self tests, using QUIC v1	2026-09-11T01:06:22.3340600Z         --- PASS: TestHandshakeWithPacketLoss/drop_first_3_packets_in_direction_both/retry:_false/client_speaks_first (0.00s)
Integration (macos, Go 1.27.x)	Run self tests, using QUIC v1	2026-09-11T01:06:22.3341750Z         --- PASS: TestHandshakeWithPacketLoss/drop_first_3_packets_in_direction_both/retry:_false/server_speaks_first (0.00s)
Integration (macos, Go 1.27.x)	Run self tests, using QUIC v1	2026-09-11T01:06:22.3342860Z         --- PASS: TestHandshakeWithPacketLoss/drop_first_3_packets_in_direction_both/retry:_false/nobody_speaks (0.00s)
Integration (macos, Go 1.27.x)	Run self tests, using QUIC v1	2026-09-11T01:06:22.3344000Z         --- PASS: TestHandshakeWithPacketLoss/drop_first_3_packets_in_direction_both/retry:_false/client_speaks_first#01 (0.00s)
Integration (macos, Go 1.27.x)	Run self tests, using QUIC v1	2026-09-11T01:06:22.3344980Z         --- PASS: TestHandshakeWithPacketLoss/drop_first_3_packets_in_direction_both/retry:_false/server_speaks_first#01 (0.00s)
Integration (macos, Go 1.27.x)	Run self tests, using QUIC v1	2026-09-11T01:06:22.3345940Z         --- PASS: TestHandshakeWithPacketLoss/drop_first_3_packets_in_direction_both/retry:_false/nobody_speaks#01 (0.00s)
Integration (macos, Go 1.27.x)	Run self tests, using QUIC v1	2026-09-11T01:06:22.3346940Z         --- PASS: TestHandshakeWithPacketLoss/drop_first_3_packets_in_direction_both/retry:_false/client_speaks_first#02 (0.00s)
Integration (macos, Go 1.27.x)	Run self tests, using QUIC v1	2026-09-11T01:06:22.3347940Z         --- PASS: TestHandshakeWithPacketLoss/drop_first_3_packets_in_direction_both/retry:_false/server_speaks_first#02 (0.00s)
Integration (macos, Go 1.27.x)	Run self tests, using QUIC v1	2026-09-11T01:06:22.3348880Z         --- PASS: TestHandshakeWithPacketLoss/drop_first_3_packets_in_direction_both/retry:_false/nobody_speaks#02 (0.00s)
Integration (macos, Go 1.27.x)	Run self tests, using QUIC v1	2026-09-11T01:06:22.3349840Z         --- PASS: TestHandshakeWithPacketLoss/drop_first_3_packets_in_direction_both/retry:_false/client_speaks_first#03 (0.00s)
Integration (macos, Go 1.27.x)	Run self tests, using QUIC v1	2026-09-11T01:06:22.3350810Z         --- PASS: TestHandshakeWithPacketLoss/drop_first_3_packets_in_direction_both/retry:_false/server_speaks_first#03 (0.00s)
Integration (macos, Go 1.27.x)	Run self tests, using QUIC v1	2026-09-11T01:06:22.3352050Z         --- PASS: TestHandshakeWithPacketLoss/drop_first_3_packets_in_direction_both/retry:_false/nobody_speaks#03 (0.00s)
Integration (macos, Go 1.27.x)	Run self tests, using QUIC v1	2026-09-11T01:06:22.3352890Z     --- PASS: TestHandshakeWithPacketLoss/drop_every_3rd_of_first_30_packets,_phase_1_in_direction_both (0.03s)
Integration (macos, Go 1.27.x)	Run self tests, using QUIC v1	2026-09-11T01:06:22.3353940Z         --- PASS: TestHandshakeWithPacketLoss/drop_every_3rd_of_first_30_packets,_phase_1_in_direction_both/retry:_true/client_speaks_first (0.00s)
Integration (macos, Go 1.27.x)	Run self tests, using QUIC v1	2026-09-11T01:06:22.3355070Z         --- PASS: TestHandshakeWithPacketLoss/drop_every_3rd_of_first_30_packets,_phase_1_in_direction_both/retry:_true/server_speaks_first (0.00s)
Integration (macos, Go 1.27.x)	Run self tests, using QUIC v1	2026-09-11T01:06:22.3356160Z         --- PASS: TestHandshakeWithPacketLoss/drop_every_3rd_of_first_30_packets,_phase_1_in_direction_both/retry:_true/nobody_speaks (0.00s)
Integration (macos, Go 1.27.x)	Run self tests, using QUIC v1	2026-09-11T01:06:22.3357270Z         --- PASS: TestHandshakeWithPacketLoss/drop_every_3rd_of_first_30_packets,_phase_1_in_direction_both/retry:_false/client_speaks_first (0.00s)
Integration (macos, Go 1.27.x)	Run self tests, using QUIC v1	2026-09-11T01:06:22.3358830Z         --- PASS: TestHandshakeWithPacketLoss/drop_every_3rd_of_first_30_packets,_phase_1_in_direction_both/retry:_false/server_speaks_first (0.00s)
Integration (macos, Go 1.27.x)	Run self tests, using QUIC v1	2026-09-11T01:06:22.3360060Z         --- PASS: TestHandshakeWithPacketLoss/drop_every_3rd_of_first_30_packets,_phase_1_in_direction_both/retry:_false/nobody_speaks (0.00s)
Integration (macos, Go 1.27.x)	Run self tests, using QUIC v1	2026-09-11T01:06:22.3361350Z         --- PASS: TestHandshakeWithPacketLoss/drop_every_3rd_of_first_30_packets,_phase_1_in_direction_both/retry:_false/client_speaks_first#01 (0.00s)
Integration (macos, Go 1.27.x)	Run self tests, using QUIC v1	2026-09-11T01:06:22.3362500Z         --- PASS: TestHandshakeWithPacketLoss/drop_every_3rd_of_first_30_packets,_phase_1_in_direction_both/retry:_false/server_speaks_first#01 (0.00s)
Integration (macos, Go 1.27.x)	Run self tests, using QUIC v1	2026-09-11T01:06:22.3363720Z         --- PASS: TestHandshakeWithPacketLoss/drop_every_3rd_of_first_30_packets,_phase_1_in_direction_both/retry:_false/nobody_speaks#01 (0.00s)
Integration (macos, Go 1.27.x)	Run self tests, using QUIC v1	2026-09-11T01:06:22.3365020Z         --- PASS: TestHandshakeWithPacketLoss/drop_every_3rd_of_first_30_packets,_phase_1_in_direction_both/retry:_false/client_speaks_first#02 (0.00s)
Integration (macos, Go 1.27.x)	Run self tests, using QUIC v1	2026-09-11T01:06:22.3366270Z         --- PASS: TestHandshakeWithPacketLoss/drop_every_3rd_of_first_30_packets,_phase_1_in_direction_both/retry:_false/server_speaks_first#02 (0.00s)
Integration (macos, Go 1.27.x)	Run self tests, using QUIC v1	2026-09-11T01:06:22.3367560Z         --- PASS: TestHandshakeWithPacketLoss/drop_every_3rd_of_first_30_packets,_phase_1_in_direction_both/retry:_false/nobody_speaks#02 (0.00s)
Integration (macos, Go 1.27.x)	Run self tests, using QUIC v1	2026-09-11T01:06:22.3368730Z         --- PASS: TestHandshakeWithPacketLoss/drop_every_3rd_of_first_30_packets,_phase_1_in_direction_both/retry:_false/client_speaks_first#03 (0.00s)
Integration (macos, Go 1.27.x)	Run self tests, using QUIC v1	2026-09-11T01:06:22.3369920Z         --- PASS: TestHandshakeWithPacketLoss/drop_every_3rd_of_first_30_packets,_phase_1_in_direction_both/retry:_false/server_speaks_first#03 (0.00s)
Integration (macos, Go 1.27.x)	Run self tests, using QUIC v1	2026-09-11T01:06:22.3371300Z         --- PASS: TestHandshakeWithPacketLoss/drop_every_3rd_of_first_30_packets,_phase_1_in_direction_both/retry:_false/nobody_speaks#03 (0.00s)
Integration (macos, Go 1.27.x)	Run self tests, using QUIC v1	2026-09-11T01:06:22.3372260Z     --- PASS: TestHandshakeWithPacketLoss/drop_every_3rd_of_first_30_packets,_phase_2_in_direction_both (0.04s)
Integration (macos, Go 1.27.x)	Run self tests, using QUIC v1	2026-09-11T01:06:22.3373430Z         --- PASS: TestHandshakeWithPacketLoss/drop_every_3rd_of_first_30_packets,_phase_2_in_direction_both/retry:_true/client_speaks_first (0.00s)
Integration (macos, Go 1.27.x)	Run self tests, using QUIC v1	2026-09-11T01:06:22.3374650Z         --- PASS: TestHandshakeWithPacketLoss/drop_every_3rd_of_first_30_packets,_phase_2_in_direction_both/retry:_true/server_speaks_first (0.00s)
Integration (macos, Go 1.27.x)	Run self tests, using QUIC v1	2026-09-11T01:06:22.3375920Z         --- PASS: TestHandshakeWithPacketLoss/drop_every_3rd_of_first_30_packets,_phase_2_in_direction_both/retry:_true/nobody_speaks (0.00s)
Integration (macos, Go 1.27.x)	Run self tests, using QUIC v1	2026-09-11T01:06:22.3377340Z         --- PASS: TestHandshakeWithPacketLoss/drop_every_3rd_of_first_30_packets,_phase_2_in_direction_both/retry:_false/client_speaks_first (0.00s)
Integration (macos, Go 1.27.x)	Run self tests, using QUIC v1	2026-09-11T01:06:22.3378750Z         --- PASS: TestHandshakeWithPacketLoss/drop_every_3rd_of_first_30_packets,_phase_2_in_direction_both/retry:_false/server_speaks_first (0.00s)
Integration (macos, Go 1.27.x)	Run self tests, using QUIC v1	2026-09-11T01:06:22.3385590Z         --- PASS: TestHandshakeWithPacketLoss/drop_every_3rd_of_first_30_packets,_phase_2_in_direction_both/retry:_false/nobody_speaks (0.00s)
Integration (macos, Go 1.27.x)	Run self tests, using QUIC v1	2026-09-11T01:06:22.3386870Z         --- PASS: TestHandshakeWithPacketLoss/drop_every_3rd_of_first_30_packets,_phase_2_in_direction_both/retry:_false/client_speaks_first#01 (0.00s)
Integration (macos, Go 1.27.x)	Run self tests, using QUIC v1	2026-09-11T01:06:22.3388010Z         --- PASS: TestHandshakeWithPacketLoss/drop_every_3rd_of_first_30_packets,_phase_2_in_direction_both/retry:_false/server_speaks_first#01 (0.00s)
Integration (macos, Go 1.27.x)	Run self tests, using QUIC v1	2026-09-11T01:06:22.3389120Z         --- PASS: TestHandshakeWithPacketLoss/drop_every_3rd_of_first_30_packets,_phase_2_in_direction_both/retry:_false/nobody_speaks#01 (0.00s)
Integration (macos, Go 1.27.x)	Run self tests, using QUIC v1	2026-09-11T01:06:22.3390240Z         --- PASS: TestHandshakeWithPacketLoss/drop_every_3rd_of_first_30_packets,_phase_2_in_direction_both/retry:_false/client_speaks_first#02 (0.00s)
Integration (macos, Go 1.27.x)	Run self tests, using QUIC v1	2026-09-11T01:06:22.3391370Z         --- PASS: TestHandshakeWithPacketLoss/drop_every_3rd_of_first_30_packets,_phase_2_in_direction_both/retry:_false/server_speaks_first#02 (0.00s)
Integration (macos, Go 1.27.x)	Run self tests, using QUIC v1	2026-09-11T01:06:22.3392940Z         --- PASS: TestHandshakeWithPacketLoss/drop_every_3rd_of_first_30_packets,_phase_2_in_direction_both/retry:_false/nobody_speaks#02 (0.00s)
Integration (macos, Go 1.27.x)	Run self tests, using QUIC v1	2026-09-11T01:06:22.3394200Z         --- PASS: TestHandshakeWithPacketLoss/drop_every_3rd_of_first_30_packets,_phase_2_in_direction_both/retry:_false/client_speaks_first#03 (0.00s)
Integration (macos, Go 1.27.x)	Run self tests, using QUIC v1	2026-09-11T01:06:22.3395580Z         --- PASS: TestHandshakeWithPacketLoss/drop_every_3rd_of_first_30_packets,_phase_2_in_direction_both/retry:_false/server_speaks_first#03 (0.00s)
Integration (macos, Go 1.27.x)	Run self tests, using QUIC v1	2026-09-11T01:06:22.3396700Z         --- PASS: TestHandshakeWithPacketLoss/drop_every_3rd_of_first_30_packets,_phase_2_in_direction_both/retry:_false/nobody_speaks#03 (0.01s)
Integration (macos, Go 1.27.x)	Run self tests, using QUIC v1	2026-09-11T01:06:22.3397500Z     --- PASS: TestHandshakeWithPacketLoss/drop_every_3rd_of_first_30_packets,_phase_3_in_direction_both (0.04s)
Integration (macos, Go 1.27.x)	Run self tests, using QUIC v1	2026-09-11T01:06:22.3398540Z         --- PASS: TestHandshakeWithPacketLoss/drop_every_3rd_of_first_30_packets,_phase_3_in_direction_both/retry:_true/client_speaks_first (0.01s)
Integration (macos, Go 1.27.x)	Run self tests, using QUIC v1	2026-09-11T01:06:22.3399640Z         --- PASS: TestHandshakeWithPacketLoss/drop_every_3rd_of_first_30_packets,_phase_3_in_direction_both/retry:_true/server_speaks_first (0.00s)
Integration (macos, Go 1.27.x)	Run self tests, using QUIC v1	2026-09-11T01:06:22.3400730Z         --- PASS: TestHandshakeWithPacketLoss/drop_every_3rd_of_first_30_packets,_phase_3_in_direction_both/retry:_true/nobody_speaks (0.00s)
Integration (macos, Go 1.27.x)	Run self tests, using QUIC v1	2026-09-11T01:06:22.3401840Z         --- PASS: TestHandshakeWithPacketLoss/drop_every_3rd_of_first_30_packets,_phase_3_in_direction_both/retry:_false/client_speaks_first (0.00s)
Integration (macos, Go 1.27.x)	Run self tests, using QUIC v1	2026-09-11T01:06:22.3402950Z         --- PASS: TestHandshakeWithPacketLoss/drop_every_3rd_of_first_30_packets,_phase_3_in_direction_both/retry:_false/server_speaks_first (0.00s)
Integration (macos, Go 1.27.x)	Run self tests, using QUIC v1	2026-09-11T01:06:22.3404040Z         --- PASS: TestHandshakeWithPacketLoss/drop_every_3rd_of_first_30_packets,_phase_3_in_direction_both/retry:_false/nobody_speaks (0.00s)
Integration (macos, Go 1.27.x)	Run self tests, using QUIC v1	2026-09-11T01:06:22.3405160Z         --- PASS: TestHandshakeWithPacketLoss/drop_every_3rd_of_first_30_packets,_phase_3_in_direction_both/retry:_false/client_speaks_first#01 (0.00s)
Integration (macos, Go 1.27.x)	Run self tests, using QUIC v1	2026-09-11T01:06:22.3406300Z         --- PASS: TestHandshakeWithPacketLoss/drop_every_3rd_of_first_30_packets,_phase_3_in_direction_both/retry:_false/server_speaks_first#01 (0.00s)
Integration (macos, Go 1.27.x)	Run self tests, using QUIC v1	2026-09-11T01:06:22.3407410Z         --- PASS: TestHandshakeWithPacketLoss/drop_every_3rd_of_first_30_packets,_phase_3_in_direction_both/retry:_false/nobody_speaks#01 (0.00s)
Integration (macos, Go 1.27.x)	Run self tests, using QUIC v1	2026-09-11T01:06:22.3408530Z         --- PASS: TestHandshakeWithPacketLoss/drop_every_3rd_of_first_30_packets,_phase_3_in_direction_both/retry:_false/client_speaks_first#02 (0.00s)
Integration (macos, Go 1.27.x)	Run self tests, using QUIC v1	2026-09-11T01:06:22.3409800Z         --- PASS: TestHandshakeWithPacketLoss/drop_every_3rd_of_first_30_packets,_phase_3_in_direction_both/retry:_false/server_speaks_first#02 (0.00s)
Integration (macos, Go 1.27.x)	Run self tests, using QUIC v1	2026-09-11T01:06:22.3411060Z         --- PASS: TestHandshakeWithPacketLoss/drop_every_3rd_of_first_30_packets,_phase_3_in_direction_both/retry:_false/nobody_speaks#02 (0.00s)
Integration (macos, Go 1.27.x)	Run self tests, using QUIC v1	2026-09-11T01:06:22.3412230Z         --- PASS: TestHandshakeWithPacketLoss/drop_every_3rd_of_first_30_packets,_phase_3_in_direction_both/retry:_false/client_speaks_first#03 (0.00s)
Integration (macos, Go 1.27.x)	Run self tests, using QUIC v1	2026-09-11T01:06:22.3413660Z         --- PASS: TestHandshakeWithPacketLoss/drop_every_3rd_of_first_30_packets,_phase_3_in_direction_both/retry:_false/server_speaks_first#03 (0.00s)
Integration (macos, Go 1.27.x)	Run self tests, using QUIC v1	2026-09-11T01:06:22.3414770Z         --- PASS: TestHandshakeWithPacketLoss/drop_every_3rd_of_first_30_packets,_phase_3_in_direction_both/retry:_false/nobody_speaks#03 (0.00s)
Integration (macos, Go 1.27.x)	Run self tests, using QUIC v1	2026-09-11T01:06:22.3415490Z     --- SKIP: TestHandshakeWithPacketLoss/drop_1/3_of_packets_in_direction_both (0.00s)
Integration (macos, Go 1.27.x)	Run self tests, using QUIC v1	2026-09-11T01:06:22.3415850Z === RUN   TestTLSGetConfigForClientError
Integration (macos, Go 1.27.x)	Run self tests, using QUIC v1	2026-09-11T01:06:22.3416120Z --- PASS: TestTLSGetConfigForClientError (0.00s)
Integration (macos, Go 1.27.x)	Run self tests, using QUIC v1	2026-09-11T01:06:22.3416370Z === RUN   TestHandshake05RTT
Integration (macos, Go 1.27.x)	Run self tests, using QUIC v1	2026-09-11T01:06:22.3416590Z === RUN   TestHandshake05RTT/using_ListenEarly
Integration (macos, Go 1.27.x)	Run self tests, using QUIC v1	2026-09-11T01:06:22.3416830Z === RUN   TestHandshake05RTT/using_Listen
Integration (macos, Go 1.27.x)	Run self tests, using QUIC v1	2026-09-11T01:06:22.3417060Z --- PASS: TestHandshake05RTT (0.00s)
Integration (macos, Go 1.27.x)	Run self tests, using QUIC v1	2026-09-11T01:06:22.3417390Z     --- PASS: TestHandshake05RTT/using_ListenEarly (0.00s)
Integration (macos, Go 1.27.x)	Run self tests, using QUIC v1	2026-09-11T01:06:22.3417750Z     --- PASS: TestHandshake05RTT/using_Listen (0.00s)
Integration (macos, Go 1.27.x)	Run self tests, using QUIC v1	2026-09-11T01:06:22.3418000Z === RUN   TestMITCorruptPackets
Integration (macos, Go 1.27.x)	Run self tests, using QUIC v1	2026-09-11T01:06:22.3418250Z === RUN   TestMITCorruptPackets/towards_the_server
Integration (macos, Go 1.27.x)	Run self tests, using QUIC v1	2026-09-11T01:06:22.3418620Z === RUN   TestMITCorruptPackets/towards_the_server/initial
Integration (macos, Go 1.27.x)	Run self tests, using QUIC v1	2026-09-11T01:06:22.5611050Z     mitm_test.go:219: corrupted 1 packets
Integration (macos, Go 1.27.x)	Run self tests, using QUIC v1	2026-09-11T01:06:22.5612990Z === RUN   TestMITCorruptPackets/towards_the_server/handshake
Integration (macos, Go 1.27.x)	Run self tests, using QUIC v1	2026-09-11T01:06:22.7855630Z     mitm_test.go:219: corrupted 1 packets
Integration (macos, Go 1.27.x)	Run self tests, using QUIC v1	2026-09-11T01:06:22.7858390Z === RUN   TestMITCorruptPackets/towards_the_server/1RTT
Integration (macos, Go 1.27.x)	Run self tests, using QUIC v1	2026-09-11T01:06:23.1320060Z     mitm_test.go:219: corrupted 1 packets
Integration (macos, Go 1.27.x)	Run self tests, using QUIC v1	2026-09-11T01:06:23.1398680Z === RUN   TestMITCorruptPackets/towards_the_client
Integration (macos, Go 1.27.x)	Run self tests, using QUIC v1	2026-09-11T01:06:23.1400510Z === RUN   TestMITCorruptPackets/towards_the_client/initial
Integration (macos, Go 1.27.x)	Run self tests, using QUIC v1	2026-09-11T01:06:23.4469890Z     mitm_test.go:219: corrupted 1 packets
Integration (macos, Go 1.27.x)	Run self tests, using QUIC v1	2026-09-11T01:06:23.4476320Z === RUN   TestMITCorruptPackets/towards_the_client/handshake
Integration (macos, Go 1.27.x)	Run self tests, using QUIC v1	2026-09-11T01:06:23.6173720Z     mitm_test.go:219: corrupted 1 packets
Integration (macos, Go 1.27.x)	Run self tests, using QUIC v1	2026-09-11T01:06:23.6176400Z === RUN   TestMITCorruptPackets/towards_the_client/1RTT
Integration (macos, Go 1.27.x)	Run self tests, using QUIC v1	2026-09-11T01:06:23.9320430Z     mitm_test.go:219: corrupted 1 packets
Integration (macos, Go 1.27.x)	Run self tests, using QUIC v1	2026-09-11T01:06:23.9322480Z --- PASS: TestMITCorruptPackets (1.65s)
Integration (macos, Go 1.27.x)	Run self tests, using QUIC v1	2026-09-11T01:06:23.9323620Z     --- PASS: TestMITCorruptPackets/towards_the_server (0.86s)
Integration (macos, Go 1.27.x)	Run self tests, using QUIC v1	2026-09-11T01:06:23.9324340Z         --- PASS: TestMITCorruptPackets/towards_the_server/initial (0.28s)
Integration (macos, Go 1.27.x)	Run self tests, using QUIC v1	2026-09-11T01:06:23.9325050Z         --- PASS: TestMITCorruptPackets/towards_the_server/handshake (0.22s)
Integration (macos, Go 1.27.x)	Run self tests, using QUIC v1	2026-09-11T01:06:23.9325790Z         --- PASS: TestMITCorruptPackets/towards_the_server/1RTT (0.35s)
Integration (macos, Go 1.27.x)	Run self tests, using QUIC v1	2026-09-11T01:06:23.9326300Z     --- PASS: TestMITCorruptPackets/towards_the_client (0.80s)
Integration (macos, Go 1.27.x)	Run self tests, using QUIC v1	2026-09-11T01:06:23.9326910Z         --- PASS: TestMITCorruptPackets/towards_the_client/initial (0.31s)
Integration (macos, Go 1.27.x)	Run self tests, using QUIC v1	2026-09-11T01:06:23.9327590Z         --- PASS: TestMITCorruptPackets/towards_the_client/handshake (0.17s)
Integration (macos, Go 1.27.x)	Run self tests, using QUIC v1	2026-09-11T01:06:23.9328180Z         --- PASS: TestMITCorruptPackets/towards_the_client/1RTT (0.31s)
Integration (macos, Go 1.27.x)	Run self tests, using QUIC v1	2026-09-11T01:06:23.9328560Z === RUN   Test0RTTDisabledOnDial
Integration (macos, Go 1.27.x)	Run self tests, using QUIC v1	2026-09-11T01:06:23.9343820Z --- PASS: Test0RTTDisabledOnDial (0.00s)
Integration (macos, Go 1.27.x)	Run self tests, using QUIC v1	2026-09-11T01:06:23.9344870Z === RUN   TestInvalidToken
Integration (macos, Go 1.27.x)	Run self tests, using QUIC v1	2026-09-11T01:06:23.9622690Z --- PASS: TestInvalidToken (0.03s)
Integration (macos, Go 1.27.x)	Run self tests, using QUIC v1	2026-09-11T01:06:23.9623600Z === RUN   TestMITMInjectRandomPackets
Integration (macos, Go 1.27.x)	Run self tests, using QUIC v1	2026-09-11T01:06:23.9623940Z === RUN   TestMITMInjectRandomPackets/towards_the_server
Integration (macos, Go 1.27.x)	Run self tests, using QUIC v1	2026-09-11T01:06:24.1574590Z === RUN   TestMITMInjectRandomPackets/towards_the_client
Integration (macos, Go 1.27.x)	Run self tests, using QUIC v1	2026-09-11T01:06:24.3507170Z --- PASS: TestMITMInjectRandomPackets (0.39s)
Integration (macos, Go 1.27.x)	Run self tests, using QUIC v1	2026-09-11T01:06:24.3514100Z     --- PASS: TestMITMInjectRandomPackets/towards_the_server (0.20s)
Integration (macos, Go 1.27.x)	Run self tests, using QUIC v1	2026-09-11T01:06:24.3515050Z     --- PASS: TestMITMInjectRandomPackets/towards_the_client (0.19s)
Integration (macos, Go 1.27.x)	Run self tests, using QUIC v1	2026-09-11T01:06:24.3515610Z === RUN   TestHTTP1xxTerminalResponse
Integration (macos, Go 1.27.x)	Run self tests, using QUIC v1	2026-09-11T01:06:24.3529880Z --- PASS: TestHTTP1xxTerminalResponse (0.00s)
Integration (macos, Go 1.27.x)	Run self tests, using QUIC v1	2026-09-11T01:06:24.3530300Z === RUN   TestWriteWithLimitStreamFlowControl
Integration (macos, Go 1.27.x)	Run self tests, using QUIC v1	2026-09-11T01:06:24.3543730Z --- PASS: TestWriteWithLimitStreamFlowControl (0.00s)
Integration (macos, Go 1.27.x)	Run self tests, using QUIC v1	2026-09-11T01:06:24.3544450Z === RUN   TestHTTP3StreamPriority
Integration (macos, Go 1.27.x)	Run self tests, using QUIC v1	2026-09-11T01:06:24.3544880Z === RUN   TestHTTP3StreamPriority/incremental_streams_use_urgency_and_round_robin
Integration (macos, Go 1.27.x)	Run self tests, using QUIC v1	2026-09-11T01:06:24.3604730Z === RUN   TestHTTP3StreamPriority/non-incremental_streams_use_stream_ID
Integration (macos, Go 1.27.x)	Run self tests, using QUIC v1	2026-09-11T01:06:24.3664920Z --- PASS: TestHTTP3StreamPriority (0.01s)
Integration (macos, Go 1.27.x)	Run self tests, using QUIC v1	2026-09-11T01:06:24.3665770Z     --- PASS: TestHTTP3StreamPriority/incremental_streams_use_urgency_and_round_robin (0.01s)
Integration (macos, Go 1.27.x)	Run self tests, using QUIC v1	2026-09-11T01:06:24.3668010Z     --- PASS: TestHTTP3StreamPriority/non-incremental_streams_use_stream_ID (0.01s)
Integration (macos, Go 1.27.x)	Run self tests, using QUIC v1	2026-09-11T01:06:24.3669080Z === RUN   Test0RTTRetransmitOnRetry
Integration (macos, Go 1.27.x)	Run self tests, using QUIC v1	2026-09-11T01:06:24.3669720Z === RUN   Test0RTTRetransmitOnRetry/no_retry
Integration (macos, Go 1.27.x)	Run self tests, using QUIC v1	2026-09-11T01:06:24.3695880Z === RUN   Test0RTTRetransmitOnRetry/with_retry
Integration (macos, Go 1.27.x)	Run self tests, using QUIC v1	2026-09-11T01:06:24.3723350Z --- PASS: Test0RTTRetransmitOnRetry (0.01s)
Integration (macos, Go 1.27.x)	Run self tests, using QUIC v1	2026-09-11T01:06:24.3725010Z     --- PASS: Test0RTTRetransmitOnRetry/no_retry (0.00s)
Integration (macos, Go 1.27.x)	Run self tests, using QUIC v1	2026-09-11T01:06:24.3727700Z     --- PASS: Test0RTTRetransmitOnRetry/with_retry (0.00s)
Integration (macos, Go 1.27.x)	Run self tests, using QUIC v1	2026-09-11T01:06:24.3728250Z === RUN   TestContentLengthForSmallResponse
Integration (macos, Go 1.27.x)	Run self tests, using QUIC v1	2026-09-11T01:06:24.3749220Z --- PASS: TestContentLengthForSmallResponse (0.00s)
Integration (macos, Go 1.27.x)	Run self tests, using QUIC v1	2026-09-11T01:06:24.3750360Z === RUN   TestIdleTimeout
Integration (macos, Go 1.27.x)	Run self tests, using QUIC v1	2026-09-11T01:06:24.3762660Z     timeout_test.go:129: server connection timed out after 20.001s (idle timeout: 20s)
Integration (macos, Go 1.27.x)	Run self tests, using QUIC v1	2026-09-11T01:06:24.3766560Z     timeout_test.go:138: client connection timed out after 20.0005s (idle timeout: 20s)
Integration (macos, Go 1.27.x)	Run self tests, using QUIC v1	2026-09-11T01:06:24.3767990Z --- PASS: TestIdleTimeout (0.00s)
Integration (macos, Go 1.27.x)	Run self tests, using QUIC v1	2026-09-11T01:06:24.3768400Z === RUN   TestHTTPHeaders
Integration (macos, Go 1.27.x)	Run self tests, using QUIC v1	2026-09-11T01:06:24.3786090Z --- PASS: TestHTTPHeaders (0.00s)
Integration (macos, Go 1.27.x)	Run self tests, using QUIC v1	2026-09-11T01:06:24.3790860Z === RUN   TestHandshakeMTUFallback
Integration (macos, Go 1.27.x)	Run self tests, using QUIC v1	2026-09-11T01:06:24.3791580Z === RUN   TestHandshakeMTUFallback/client
Integration (macos, Go 1.27.x)	Run self tests, using QUIC v1	2026-09-11T01:06:24.5841040Z     handshake_mtu_test.go:48: client rejected oversized writes: 2
Integration (macos, Go 1.27.x)	Run self tests, using QUIC v1	2026-09-11T01:06:24.5844050Z === RUN   TestHandshakeMTUFallback/server
Integration (macos, Go 1.27.x)	Run self tests, using QUIC v1	2026-09-11T01:06:24.7949040Z     handshake_mtu_test.go:48: server rejected oversized writes: 4
Integration (macos, Go 1.27.x)	Run self tests, using QUIC v1	2026-09-11T01:06:24.7953430Z --- PASS: TestHandshakeMTUFallback (0.42s)
Integration (macos, Go 1.27.x)	Run self tests, using QUIC v1	2026-09-11T01:06:24.7956030Z     --- PASS: TestHandshakeMTUFallback/client (0.21s)
Integration (macos, Go 1.27.x)	Run self tests, using QUIC v1	2026-09-11T01:06:24.7957060Z     --- PASS: TestHandshakeMTUFallback/server (0.21s)
Integration (macos, Go 1.27.x)	Run self tests, using QUIC v1	2026-09-11T01:06:24.7957840Z === RUN   TestStreamDataBlocked
Integration (macos, Go 1.27.x)	Run self tests, using QUIC v1	2026-09-11T01:06:24.9259850Z --- PASS: TestStreamDataBlocked (0.13s)
Integration (macos, Go 1.27.x)	Run self tests, using QUIC v1	2026-09-11T01:06:24.9261450Z === RUN   TestUnidirectionalStreams
Integration (macos, Go 1.27.x)	Run self tests, using QUIC v1	2026-09-11T01:06:24.9262020Z === RUN   TestUnidirectionalStreams/client_->_server
Integration (macos, Go 1.27.x)	Run self tests, using QUIC v1	2026-09-11T01:06:24.9678120Z === RUN   TestUnidirectionalStreams/server_->_client
Integration (macos, Go 1.27.x)	Run self tests, using QUIC v1	2026-09-11T01:06:25.0120510Z === RUN   TestUnidirectionalStreams/client_<->_server
Integration (macos, Go 1.27.x)	Run self tests, using QUIC v1	2026-09-11T01:06:25.0872680Z --- PASS: TestUnidirectionalStreams (0.16s)
Integration (macos, Go 1.27.x)	Run self tests, using QUIC v1	2026-09-11T01:06:25.0873280Z     --- PASS: TestUnidirectionalStreams/client_->_server (0.04s)
Integration (macos, Go 1.27.x)	Run self tests, using QUIC v1	2026-09-11T01:06:25.0873800Z     --- PASS: TestUnidirectionalStreams/server_->_client (0.04s)
Integration (macos, Go 1.27.x)	Run self tests, using QUIC v1	2026-09-11T01:06:25.0874270Z     --- PASS: TestUnidirectionalStreams/client_<->_server (0.08s)
Integration (macos, Go 1.27.x)	Run self tests, using QUIC v1	2026-09-11T01:06:25.0874650Z === RUN   TestCorruptionCaptureHandshakePrefix
Integration (macos, Go 1.27.x)	Run self tests, using QUIC v1	2026-09-11T01:06:25.0958890Z --- PASS: TestCorruptionCaptureHandshakePrefix (0.01s)
Integration (macos, Go 1.27.x)	Run self tests, using QUIC v1	2026-09-11T01:06:25.0959660Z === RUN   TestConnectionIDsCustomGenerator
Integration (macos, Go 1.27.x)	Run self tests, using QUIC v1	2026-09-11T01:06:25.0960440Z     conn_id_test.go:47: using 9 byte connection ID generator for the server
Integration (macos, Go 1.27.x)	Run self tests, using QUIC v1	2026-09-11T01:06:25.0960980Z     conn_id_test.go:47: using 3 byte connection ID generator for the client
Integration (macos, Go 1.27.x)	Run self tests, using QUIC v1	2026-09-11T01:06:25.1000210Z --- PASS: TestConnectionIDsCustomGenerator (0.00s)
Integration (macos, Go 1.27.x)	Run self tests, using QUIC v1	2026-09-11T01:06:25.1001020Z === RUN   TestKeyUpdates
Integration (macos, Go 1.27.x)	Run self tests, using QUIC v1	2026-09-11T01:06:25.3664150Z     key_update_test.go:90: Used 1183 key phases on outgoing and 1183 key phases on incoming packets.
Integration (macos, Go 1.27.x)	Run self tests, using QUIC v1	2026-09-11T01:06:25.3664760Z --- PASS: TestKeyUpdates (0.27s)
Integration (macos, Go 1.27.x)	Run self tests, using QUIC v1	2026-09-11T01:06:25.3665040Z === RUN   Test0RTTDataLoss
Integration (macos, Go 1.27.x)	Run self tests, using QUIC v1	2026-09-11T01:06:25.3726560Z     zero_rtt_test.go:425: sent 10 0-RTT packets, dropped 2 of those.
Integration (macos, Go 1.27.x)	Run self tests, using QUIC v1	2026-09-11T01:06:25.3727790Z --- PASS: Test0RTTDataLoss (0.01s)
Integration (macos, Go 1.27.x)	Run self tests, using QUIC v1	2026-09-11T01:06:25.3728780Z === RUN   TestHTTPDatagrams
Integration (macos, Go 1.27.x)	Run self tests, using QUIC v1	2026-09-11T01:06:25.3746120Z --- PASS: TestHTTPDatagrams (0.00s)
Integration (macos, Go 1.27.x)	Run self tests, using QUIC v1	2026-09-11T01:06:25.3747180Z === RUN   TestMITCorruptPacketsRandom
Integration (macos, Go 1.27.x)	Run self tests, using QUIC v1	2026-09-11T01:06:25.3748000Z     mitm_test.go:84: random corruption is opt-in stress; set QUIC_GO_TEST_RANDOM_CORRUPTION=1
Integration (macos, Go 1.27.x)	Run self tests, using QUIC v1	2026-09-11T01:06:25.3749340Z --- SKIP: TestMITCorruptPacketsRandom (0.00s)
Integration (macos, Go 1.27.x)	Run self tests, using QUIC v1	2026-09-11T01:06:25.3750410Z === RUN   TestHTTPShutdown
Integration (macos, Go 1.27.x)	Run self tests, using QUIC v1	2026-09-11T01:06:25.4091750Z --- PASS: TestHTTPShutdown (0.03s)
Integration (macos, Go 1.27.x)	Run self tests, using QUIC v1	2026-09-11T01:06:25.4092220Z === RUN   TestCorruptionCaptureSocketErrors
Integration (macos, Go 1.27.x)	Run self tests, using QUIC v1	2026-09-11T01:06:25.4115120Z --- PASS: TestCorruptionCaptureSocketErrors (0.00s)
Integration (macos, Go 1.27.x)	Run self tests, using QUIC v1	2026-09-11T01:06:25.4115610Z === RUN   Test0RTTPacketQueueing
Integration (macos, Go 1.27.x)	Run self tests, using QUIC v1	2026-09-11T01:06:25.4138750Z --- PASS: Test0RTTPacketQueueing (0.00s)
Integration (macos, Go 1.27.x)	Run self tests, using QUIC v1	2026-09-11T01:06:25.4139310Z === RUN   TestCorruptionRandomOptIn
Integration (macos, Go 1.27.x)	Run self tests, using QUIC v1	2026-09-11T01:06:25.4140340Z === RUN   TestCorruptionRandomOptIn/default
Integration (macos, Go 1.27.x)	Run self tests, using QUIC v1	2026-09-11T01:06:25.6730180Z === RUN   TestCorruptionRandomOptIn/enabled
Integration (macos, Go 1.27.x)	Run self tests, using QUIC v1	2026-09-11T01:06:25.9551940Z --- PASS: TestCorruptionRandomOptIn (0.54s)
Integration (macos, Go 1.27.x)	Run self tests, using QUIC v1	2026-09-11T01:06:25.9552720Z     --- PASS: TestCorruptionRandomOptIn/default (0.26s)
Integration (macos, Go 1.27.x)	Run self tests, using QUIC v1	2026-09-11T01:06:25.9553190Z     --- PASS: TestCorruptionRandomOptIn/enabled (0.28s)
Integration (macos, Go 1.27.x)	Run self tests, using QUIC v1	2026-09-11T01:06:25.9553920Z === RUN   TestCorruptionCaptureInterruptedFixtureCleanup
Integration (macos, Go 1.27.x)	Run self tests, using QUIC v1	2026-09-11T01:06:29.2443670Z --- PASS: TestCorruptionCaptureInterruptedFixtureCleanup (3.29s)
Integration (macos, Go 1.27.x)	Run self tests, using QUIC v1	2026-09-11T01:06:29.2444690Z === RUN   TestMultiplexingNonQUICPackets
Integration (macos, Go 1.27.x)	Run self tests, using QUIC v1	2026-09-11T01:06:29.3080730Z --- PASS: TestMultiplexingNonQUICPackets (0.06s)
Integration (macos, Go 1.27.x)	Run self tests, using QUIC v1	2026-09-11T01:06:29.3081430Z === RUN   TestTimeoutReaderJoinsClose
Integration (macos, Go 1.27.x)	Run self tests, using QUIC v1	2026-09-11T01:06:29.3081770Z --- PASS: TestTimeoutReaderJoinsClose (0.00s)
Integration (macos, Go 1.27.x)	Run self tests, using QUIC v1	2026-09-11T01:06:29.3082340Z === RUN   TestHandshakeCorruption
Integration (macos, Go 1.27.x)	Run self tests, using QUIC v1	2026-09-11T01:06:29.3082680Z === RUN   TestHandshakeCorruption/initial/corrupt
Integration (macos, Go 1.27.x)	Run self tests, using QUIC v1	2026-09-11T01:06:29.3098140Z === RUN   TestHandshakeCorruption/initial/control
Integration (macos, Go 1.27.x)	Run self tests, using QUIC v1	2026-09-11T01:06:29.3112830Z === RUN   TestHandshakeCorruption/handshake/corrupt
Integration (macos, Go 1.27.x)	Run self tests, using QUIC v1	2026-09-11T01:06:29.3125580Z === RUN   TestHandshakeCorruption/handshake/control
Integration (macos, Go 1.27.x)	Run self tests, using QUIC v1	2026-09-11T01:06:29.3138470Z === RUN   TestHandshakeCorruption/handshake/deadline
Integration (macos, Go 1.27.x)	Run self tests, using QUIC v1	2026-09-11T01:06:29.3150360Z --- PASS: TestHandshakeCorruption (0.01s)
Integration (macos, Go 1.27.x)	Run self tests, using QUIC v1	2026-09-11T01:06:29.3151030Z     --- PASS: TestHandshakeCorruption/initial/corrupt (0.00s)
Integration (macos, Go 1.27.x)	Run self tests, using QUIC v1	2026-09-11T01:06:29.3151610Z     --- PASS: TestHandshakeCorruption/initial/control (0.00s)
Integration (macos, Go 1.27.x)	Run self tests, using QUIC v1	2026-09-11T01:06:29.3152200Z     --- PASS: TestHandshakeCorruption/handshake/corrupt (0.00s)
Integration (macos, Go 1.27.x)	Run self tests, using QUIC v1	2026-09-11T01:06:29.3152690Z     --- PASS: TestHandshakeCorruption/handshake/control (0.00s)
Integration (macos, Go 1.27.x)	Run self tests, using QUIC v1	2026-09-11T01:06:29.3153260Z     --- PASS: TestHandshakeCorruption/handshake/deadline (0.00s)
Integration (macos, Go 1.27.x)	Run self tests, using QUIC v1	2026-09-11T01:06:29.3153610Z === RUN   TestCorruptionDiagnosticsCallback
Integration (macos, Go 1.27.x)	Run self tests, using QUIC v1	2026-09-11T01:06:29.3153970Z === RUN   TestCorruptionDiagnosticsCallback/Incoming
Integration (macos, Go 1.27.x)	Run self tests, using QUIC v1	2026-09-11T01:06:29.3154300Z === RUN   TestCorruptionDiagnosticsCallback/Outgoing
Integration (macos, Go 1.27.x)	Run self tests, using QUIC v1	2026-09-11T01:06:29.3154660Z --- PASS: TestCorruptionDiagnosticsCallback (0.00s)
Integration (macos, Go 1.27.x)	Run self tests, using QUIC v1	2026-09-11T01:06:29.3155230Z     --- PASS: TestCorruptionDiagnosticsCallback/Incoming (0.00s)
Integration (macos, Go 1.27.x)	Run self tests, using QUIC v1	2026-09-11T01:06:29.3155760Z     --- PASS: TestCorruptionDiagnosticsCallback/Outgoing (0.00s)
Integration (macos, Go 1.27.x)	Run self tests, using QUIC v1	2026-09-11T01:06:29.3156180Z === RUN   TestHTTPConnContext
Integration (macos, Go 1.27.x)	Run self tests, using QUIC v1	2026-09-11T01:06:29.3171840Z --- PASS: TestHTTPConnContext (0.00s)
Integration (macos, Go 1.27.x)	Run self tests, using QUIC v1	2026-09-11T01:06:29.3172290Z === RUN   TestTimeoutAfterInactivity
Integration (macos, Go 1.27.x)	Run self tests, using QUIC v1	2026-09-11T01:06:29.3182480Z --- PASS: TestTimeoutAfterInactivity (0.00s)
Integration (macos, Go 1.27.x)	Run self tests, using QUIC v1	2026-09-11T01:06:29.3183540Z === RUN   TestCorruptionCaptureIncompleteRecords
Integration (macos, Go 1.27.x)	Run self tests, using QUIC v1	2026-09-11T01:06:29.3185440Z === RUN   TestCorruptionCaptureIncompleteRecords/oversized_event
Integration (macos, Go 1.27.x)	Run self tests, using QUIC v1	2026-09-11T01:06:29.3236310Z === RUN   TestCorruptionCaptureIncompleteRecords/failed_file_write
Integration (macos, Go 1.27.x)	Run self tests, using QUIC v1	2026-09-11T01:06:29.3238490Z corruption capture write failed: path=/var/folders/36/tjdph2t965j8snz9_vkdnw0r0000gn/T/TestCorruptionCaptureIncompleteRecords3957347759/001/handshake-3834599707.jsonl error=write /var/folders/36/tjdph2t965j8snz9_vkdnw0r0000gn/T/TestCorruptionCaptureIncompleteRecords3957347759/001/handshake-3834599707.jsonl: file already closed
Integration (macos, Go 1.27.x)	Run self tests, using QUIC v1	2026-09-11T01:06:29.3242360Z     corruption_capture_helper_test.go:64: corruption capture: path=/var/folders/36/tjdph2t965j8snz9_vkdnw0r0000gn/T/TestCorruptionCaptureIncompleteRecords3957347759/001/handshake-3834599707.jsonl dropped=0 error=write /var/folders/36/tjdph2t965j8snz9_vkdnw0r0000gn/T/TestCorruptionCaptureIncompleteRecords3957347759/001/handshake-3834599707.jsonl: file already closed
Integration (macos, Go 1.27.x)	Run self tests, using QUIC v1	2026-09-11T01:06:29.3243650Z --- PASS: TestCorruptionCaptureIncompleteRecords (0.01s)
Integration (macos, Go 1.27.x)	Run self tests, using QUIC v1	2026-09-11T01:06:29.3244280Z     --- PASS: TestCorruptionCaptureIncompleteRecords/oversized_event (0.00s)
Integration (macos, Go 1.27.x)	Run self tests, using QUIC v1	2026-09-11T01:06:29.3244840Z     --- PASS: TestCorruptionCaptureIncompleteRecords/failed_file_write (0.00s)
Integration (macos, Go 1.27.x)	Run self tests, using QUIC v1	2026-09-11T01:06:29.3245200Z === RUN   TestHandshakeDiagnosticsBoundedTrace
Integration (macos, Go 1.27.x)	Run self tests, using QUIC v1	2026-09-11T01:06:29.3248560Z --- PASS: TestHandshakeDiagnosticsBoundedTrace (0.00s)
Integration (macos, Go 1.27.x)	Run self tests, using QUIC v1	2026-09-11T01:06:29.3248940Z === RUN   TestCorruptionCaptureWithoutCleanup
Integration (macos, Go 1.27.x)	Run self tests, using QUIC v1	2026-09-11T01:06:29.6105670Z --- PASS: TestCorruptionCaptureWithoutCleanup (0.29s)
Integration (macos, Go 1.27.x)	Run self tests, using QUIC v1	2026-09-11T01:06:29.6109400Z === RUN   TestHTTPReestablishConnectionAfterDialError
Integration (macos, Go 1.27.x)	Run self tests, using QUIC v1	2026-09-11T01:06:29.6129020Z --- PASS: TestHTTPReestablishConnectionAfterDialError (0.00s)
Integration (macos, Go 1.27.x)	Run self tests, using QUIC v1	2026-09-11T01:06:29.6131580Z === RUN   TestHandshakeServerMismatch
Integration (macos, Go 1.27.x)	Run self tests, using QUIC v1	2026-09-11T01:06:29.6139910Z --- PASS: TestHandshakeServerMismatch (0.00s)
Integration (macos, Go 1.27.x)	Run self tests, using QUIC v1	2026-09-11T01:06:29.6141310Z === RUN   TestConnectionMigrationConcurrentAddresses
Integration (macos, Go 1.27.x)	Run self tests, using QUIC v1	2026-09-11T01:06:29.7950910Z --- PASS: TestConnectionMigrationConcurrentAddresses (0.18s)
Integration (macos, Go 1.27.x)	Run self tests, using QUIC v1	2026-09-11T01:06:29.7952550Z === RUN   TestTransportClose
Integration (macos, Go 1.27.x)	Run self tests, using QUIC v1	2026-09-11T01:06:29.7953000Z === RUN   TestTransportClose/Close
Integration (macos, Go 1.27.x)	Run self tests, using QUIC v1	2026-09-11T01:06:29.8257250Z === RUN   TestTransportClose/connection_error
Integration (macos, Go 1.27.x)	Run self tests, using QUIC v1	2026-09-11T01:06:29.8574590Z --- PASS: TestTransportClose (0.06s)
Integration (macos, Go 1.27.x)	Run self tests, using QUIC v1	2026-09-11T01:06:29.8575440Z     --- PASS: TestTransportClose/Close (0.03s)
Integration (macos, Go 1.27.x)	Run self tests, using QUIC v1	2026-09-11T01:06:29.8576080Z     --- PASS: TestTransportClose/connection_error (0.03s)
Integration (macos, Go 1.27.x)	Run self tests, using QUIC v1	2026-09-11T01:06:29.8576820Z === RUN   Test0RTTDatagrams
Integration (macos, Go 1.27.x)	Run self tests, using QUIC v1	2026-09-11T01:06:29.8596180Z     zero_rtt_test.go:1149: sent 1 0-RTT packets
Integration (macos, Go 1.27.x)	Run self tests, using QUIC v1	2026-09-11T01:06:29.8598640Z --- PASS: Test0RTTDatagrams (0.00s)
Integration (macos, Go 1.27.x)	Run self tests, using QUIC v1	2026-09-11T01:06:29.8599000Z === RUN   TestConnectionIDsZeroLength
Integration (macos, Go 1.27.x)	Run self tests, using QUIC v1	2026-09-11T01:06:29.8600170Z     conn_id_test.go:39: issuing 12 byte connection ID from the server
Integration (macos, Go 1.27.x)	Run self tests, using QUIC v1	2026-09-11T01:06:29.8601780Z     conn_id_test.go:39: issuing 0 byte connection ID from the client
Integration (macos, Go 1.27.x)	Run self tests, using QUIC v1	2026-09-11T01:06:29.8681760Z --- PASS: TestConnectionIDsZeroLength (0.01s)
Integration (macos, Go 1.27.x)	Run self tests, using QUIC v1	2026-09-11T01:06:29.8683520Z === RUN   TestNoPacketsSentWhenClientHelloFails
Integration (macos, Go 1.27.x)	Run self tests, using QUIC v1	2026-09-11T01:06:29.9212090Z --- PASS: TestNoPacketsSentWhenClientHelloFails (0.05s)
Integration (macos, Go 1.27.x)	Run self tests, using QUIC v1	2026-09-11T01:06:29.9212650Z === RUN   TestHTTPErrAbortHandler
Integration (macos, Go 1.27.x)	Run self tests, using QUIC v1	2026-09-11T01:06:29.9245990Z --- PASS: TestHTTPErrAbortHandler (0.00s)
Integration (macos, Go 1.27.x)	Run self tests, using QUIC v1	2026-09-11T01:06:29.9246910Z === RUN   Test0RTTRejectedOnDatagramsDisabled
Integration (macos, Go 1.27.x)	Run self tests, using QUIC v1	2026-09-11T01:06:29.9281560Z     zero_rtt_test.go:905: Sent 4 0-RTT packets.
Integration (macos, Go 1.27.x)	Run self tests, using QUIC v1	2026-09-11T01:06:29.9298900Z --- PASS: Test0RTTRejectedOnDatagramsDisabled (0.00s)
Integration (macos, Go 1.27.x)	Run self tests, using QUIC v1	2026-09-11T01:06:29.9299950Z === RUN   TestHandshakeContextTimeout
Integration (macos, Go 1.27.x)	Run self tests, using QUIC v1	2026-09-11T01:06:29.9890820Z --- PASS: TestHandshakeContextTimeout (0.06s)
Integration (macos, Go 1.27.x)	Run self tests, using QUIC v1	2026-09-11T01:06:29.9893220Z === RUN   TestConnContextOnServerSide
Integration (macos, Go 1.27.x)	Run self tests, using QUIC v1	2026-09-11T01:06:29.9907690Z --- PASS: TestConnContextOnServerSide (0.00s)
Integration (macos, Go 1.27.x)	Run self tests, using QUIC v1	2026-09-11T01:06:29.9908800Z === RUN   TestHTTPDatagramStreamReset
Integration (macos, Go 1.27.x)	Run self tests, using QUIC v1	2026-09-11T01:06:30.0039440Z --- PASS: TestHTTPDatagramStreamReset (0.01s)
Integration (macos, Go 1.27.x)	Run self tests, using QUIC v1	2026-09-11T01:06:30.0041520Z === RUN   TestDatagramSizeLimit
Integration (macos, Go 1.27.x)	Run self tests, using QUIC v1	2026-09-11T01:06:30.0056610Z --- PASS: TestDatagramSizeLimit (0.00s)
Integration (macos, Go 1.27.x)	Run self tests, using QUIC v1	2026-09-11T01:06:30.0057580Z === RUN   TestHTTPRemoteAddrContextKey
Integration (macos, Go 1.27.x)	Run self tests, using QUIC v1	2026-09-11T01:06:30.0072020Z --- PASS: TestHTTPRemoteAddrContextKey (0.00s)
Integration (macos, Go 1.27.x)	Run self tests, using QUIC v1	2026-09-11T01:06:30.0072990Z === RUN   TestHTTPClientTrace
Integration (macos, Go 1.27.x)	Run self tests, using QUIC v1	2026-09-11T01:06:30.1107980Z --- PASS: TestHTTPClientTrace (0.10s)
Integration (macos, Go 1.27.x)	Run self tests, using QUIC v1	2026-09-11T01:06:30.1109560Z === RUN   TestHandshakeDiagnosticsFailureReport
Integration (macos, Go 1.27.x)	Run self tests, using QUIC v1	2026-09-11T01:06:30.1110430Z --- PASS: TestHandshakeDiagnosticsFailureReport (0.00s)
Integration (macos, Go 1.27.x)	Run self tests, using QUIC v1	2026-09-11T01:06:30.1111640Z === RUN   TestStatelessResets
Integration (macos, Go 1.27.x)	Run self tests, using QUIC v1	2026-09-11T01:06:30.1112180Z === RUN   TestStatelessResets/zero-length_connection_IDs
Integration (macos, Go 1.27.x)	Run self tests, using QUIC v1	2026-09-11T01:06:30.1116800Z === RUN   TestStatelessResets/10_byte_connection_IDs
Integration (macos, Go 1.27.x)	Run self tests, using QUIC v1	2026-09-11T01:06:30.1132060Z --- PASS: TestStatelessResets (0.00s)
Integration (macos, Go 1.27.x)	Run self tests, using QUIC v1	2026-09-11T01:06:30.1133180Z     --- PASS: TestStatelessResets/zero-length_connection_IDs (0.00s)
Integration (macos, Go 1.27.x)	Run self tests, using QUIC v1	2026-09-11T01:06:30.1134720Z     --- PASS: TestStatelessResets/10_byte_connection_IDs (0.00s)
Integration (macos, Go 1.27.x)	Run self tests, using QUIC v1	2026-09-11T01:06:30.1135310Z === RUN   TestHTTPDifferentOrigins
Integration (macos, Go 1.27.x)	Run self tests, using QUIC v1	2026-09-11T01:06:30.1179880Z --- PASS: TestHTTPDifferentOrigins (0.00s)
Integration (macos, Go 1.27.x)	Run self tests, using QUIC v1	2026-09-11T01:06:30.1182660Z === RUN   TestHandshakeDiagnosticsLossObserver
Integration (macos, Go 1.27.x)	Run self tests, using QUIC v1	2026-09-11T01:06:30.1183550Z --- PASS: TestHandshakeDiagnosticsLossObserver (0.00s)
Integration (macos, Go 1.27.x)	Run self tests, using QUIC v1	2026-09-11T01:06:30.1184110Z === RUN   TestWriteWithLimitConnectionFlowControl
Integration (macos, Go 1.27.x)	Run self tests, using QUIC v1	2026-09-11T01:06:30.1185200Z --- PASS: TestWriteWithLimitConnectionFlowControl (0.00s)
Integration (macos, Go 1.27.x)	Run self tests, using QUIC v1	2026-09-11T01:06:30.1185640Z === RUN   Test0RTTRejectedWhenDisabled
Integration (macos, Go 1.27.x)	Run self tests, using QUIC v1	2026-09-11T01:06:30.1200840Z     zero_rtt_test.go:862: Sent 4 0-RTT packets.
Integration (macos, Go 1.27.x)	Run self tests, using QUIC v1	2026-09-11T01:06:30.1201780Z --- PASS: Test0RTTRejectedWhenDisabled (0.00s)
Integration (macos, Go 1.27.x)	Run self tests, using QUIC v1	2026-09-11T01:06:30.1202780Z === RUN   TestHTTPGet
Integration (macos, Go 1.27.x)	Run self tests, using QUIC v1	2026-09-11T01:06:30.1203740Z === RUN   TestHTTPGet/small
Integration (macos, Go 1.27.x)	Run self tests, using QUIC v1	2026-09-11T01:06:30.1215080Z === RUN   TestHTTPGet/big
Integration (macos, Go 1.27.x)	Run self tests, using QUIC v1	2026-09-11T01:06:30.3820550Z --- PASS: TestHTTPGet (0.26s)
Integration (macos, Go 1.27.x)	Run self tests, using QUIC v1	2026-09-11T01:06:30.3821740Z     --- PASS: TestHTTPGet/small (0.00s)
Integration (macos, Go 1.27.x)	Run self tests, using QUIC v1	2026-09-11T01:06:30.3822440Z     --- PASS: TestHTTPGet/big (0.26s)
Integration (macos, Go 1.27.x)	Run self tests, using QUIC v1	2026-09-11T01:06:30.3822780Z === RUN   TestInitialPacketSize
Integration (macos, Go 1.27.x)	Run self tests, using QUIC v1	2026-09-11T01:06:30.3827210Z --- PASS: TestInitialPacketSize (0.00s)
Integration (macos, Go 1.27.x)	Run self tests, using QUIC v1	2026-09-11T01:06:30.3827580Z === RUN   TestMITMForgedInitialPacket
Integration (macos, Go 1.27.x)	Run self tests, using QUIC v1	2026-09-11T01:06:30.5352130Z --- PASS: TestMITMForgedInitialPacket (0.15s)
Integration (macos, Go 1.27.x)	Run self tests, using QUIC v1	2026-09-11T01:06:30.5353100Z === RUN   TestHandshakeRTTRetry
Integration (macos, Go 1.27.x)	Run self tests, using QUIC v1	2026-09-11T01:06:30.5354440Z === RUN   TestHandshakeRTTRetry/retry
Integration (macos, Go 1.27.x)	Run self tests, using QUIC v1	2026-09-11T01:06:30.5363680Z === RUN   TestHandshakeRTTRetry/no_retry
Integration (macos, Go 1.27.x)	Run self tests, using QUIC v1	2026-09-11T01:06:30.5373580Z --- PASS: TestHandshakeRTTRetry (0.00s)
Integration (macos, Go 1.27.x)	Run self tests, using QUIC v1	2026-09-11T01:06:30.5375040Z     --- PASS: TestHandshakeRTTRetry/retry (0.00s)
Integration (macos, Go 1.27.x)	Run self tests, using QUIC v1	2026-09-11T01:06:30.5375690Z     --- PASS: TestHandshakeRTTRetry/no_retry (0.00s)
Integration (macos, Go 1.27.x)	Run self tests, using QUIC v1	2026-09-11T01:06:30.5376010Z === RUN   TestNATRebinding
Integration (macos, Go 1.27.x)	Run self tests, using QUIC v1	2026-09-11T01:06:31.3498370Z --- PASS: TestNATRebinding (0.81s)
Integration (macos, Go 1.27.x)	Run self tests, using QUIC v1	2026-09-11T01:06:31.3547910Z === RUN   TestHandshakeAddrResolutionHelpers
Integration (macos, Go 1.27.x)	Run self tests, using QUIC v1	2026-09-11T01:06:31.3548710Z === RUN   TestHandshakeAddrResolutionHelpers/early=false
Integration (macos, Go 1.27.x)	Run self tests, using QUIC v1	2026-09-11T01:06:31.3549160Z === RUN   TestHandshakeAddrResolutionHelpers/early=true
Integration (macos, Go 1.27.x)	Run self tests, using QUIC v1	2026-09-11T01:06:31.3549750Z --- PASS: TestHandshakeAddrResolutionHelpers (0.00s)
Integration (macos, Go 1.27.x)	Run self tests, using QUIC v1	2026-09-11T01:06:31.3550430Z     --- PASS: TestHandshakeAddrResolutionHelpers/early=false (0.00s)
Integration (macos, Go 1.27.x)	Run self tests, using QUIC v1	2026-09-11T01:06:31.3551070Z     --- PASS: TestHandshakeAddrResolutionHelpers/early=true (0.00s)
Integration (macos, Go 1.27.x)	Run self tests, using QUIC v1	2026-09-11T01:06:31.3551480Z === RUN   TestHTTPServerIdleTimeout
Integration (macos, Go 1.27.x)	Run self tests, using QUIC v1	2026-09-11T01:06:31.3854540Z --- PASS: TestHTTPServerIdleTimeout (0.03s)
Integration (macos, Go 1.27.x)	Run self tests, using QUIC v1	2026-09-11T01:06:31.3855930Z === RUN   TestTLSConfigGetConfigForClientAddresses
Integration (macos, Go 1.27.x)	Run self tests, using QUIC v1	2026-09-11T01:06:31.3868480Z --- PASS: TestTLSConfigGetConfigForClientAddresses (0.00s)
Integration (macos, Go 1.27.x)	Run self tests, using QUIC v1	2026-09-11T01:06:31.3869270Z === RUN   TestHTTPRequestAfterGracefulShutdown
Integration (macos, Go 1.27.x)	Run self tests, using QUIC v1	2026-09-11T01:06:31.3869990Z === RUN   TestHTTPRequestAfterGracefulShutdown/Request.GetBody_set
Integration (macos, Go 1.27.x)	Run self tests, using QUIC v1	2026-09-11T01:06:31.6005860Z === RUN   TestHTTPRequestAfterGracefulShutdown/Request.GetBody_not_set
Integration (macos, Go 1.27.x)	Run self tests, using QUIC v1	2026-09-11T01:06:31.6928170Z --- PASS: TestHTTPRequestAfterGracefulShutdown (0.31s)
Integration (macos, Go 1.27.x)	Run self tests, using QUIC v1	2026-09-11T01:06:31.6936050Z     --- PASS: TestHTTPRequestAfterGracefulShutdown/Request.GetBody_set (0.21s)
Integration (macos, Go 1.27.x)	Run self tests, using QUIC v1	2026-09-11T01:06:31.6936960Z     --- PASS: TestHTTPRequestAfterGracefulShutdown/Request.GetBody_not_set (0.09s)
Integration (macos, Go 1.27.x)	Run self tests, using QUIC v1	2026-09-11T01:06:31.6937430Z === RUN   TestPathMTUDiscovery
Integration (macos, Go 1.27.x)	Run self tests, using QUIC v1	2026-09-11T01:06:33.1239470Z     mtu_test.go:180: max client packet size: 1400, MTU: 1400
Integration (macos, Go 1.27.x)	Run self tests, using QUIC v1	2026-09-11T01:06:33.1334160Z     mtu_test.go:181: max datagram size: initial: 1163, final: 1363
Integration (macos, Go 1.27.x)	Run self tests, using QUIC v1	2026-09-11T01:06:33.1423130Z     mtu_test.go:182: max server packet size: 1234, MTU: 1400
Integration (macos, Go 1.27.x)	Run self tests, using QUIC v1	2026-09-11T01:06:33.1427510Z --- PASS: TestPathMTUDiscovery (1.43s)
Integration (macos, Go 1.27.x)	Run self tests, using QUIC v1	2026-09-11T01:06:33.1483990Z === RUN   TestPathMTUDiscoverySnapshot
Integration (macos, Go 1.27.x)	Run self tests, using QUIC v1	2026-09-11T01:06:33.1484620Z     mtu_snapshot_test.go:97: MTU event=1326, DATAGRAM limit during ACK=1163
Integration (macos, Go 1.27.x)	Run self tests, using QUIC v1	2026-09-11T01:06:33.1485230Z     mtu_snapshot_test.go:105: after close: MTU=1326, DATAGRAM limit=1289
Integration (macos, Go 1.27.x)	Run self tests, using QUIC v1	2026-09-11T01:06:33.1485630Z --- PASS: TestPathMTUDiscoverySnapshot (0.00s)
Integration (macos, Go 1.27.x)	Run self tests, using QUIC v1	2026-09-11T01:06:33.1486010Z === RUN   TestHTTPRequestTrailers
Integration (macos, Go 1.27.x)	Run self tests, using QUIC v1	2026-09-11T01:06:33.1486300Z --- PASS: TestHTTPRequestTrailers (0.00s)
Integration (macos, Go 1.27.x)	Run self tests, using QUIC v1	2026-09-11T01:06:33.1486650Z === RUN   TestCorruptionFiniteCallback
Integration (macos, Go 1.27.x)	Run self tests, using QUIC v1	2026-09-11T01:06:33.1487030Z === RUN   TestCorruptionFiniteCallback/initial
Integration (macos, Go 1.27.x)	Run self tests, using QUIC v1	2026-09-11T01:06:33.1487470Z === RUN   TestCorruptionFiniteCallback/initial/Incoming
Integration (macos, Go 1.27.x)	Run self tests, using QUIC v1	2026-09-11T01:06:33.1487900Z === RUN   TestCorruptionFiniteCallback/initial/Outgoing
Integration (macos, Go 1.27.x)	Run self tests, using QUIC v1	2026-09-11T01:06:33.1488430Z === RUN   TestCorruptionFiniteCallback/handshake
Integration (macos, Go 1.27.x)	Run self tests, using QUIC v1	2026-09-11T01:06:33.1488790Z === RUN   TestCorruptionFiniteCallback/handshake/Incoming
Integration (macos, Go 1.27.x)	Run self tests, using QUIC v1	2026-09-11T01:06:33.1489220Z === RUN   TestCorruptionFiniteCallback/handshake/Outgoing
Integration (macos, Go 1.27.x)	Run self tests, using QUIC v1	2026-09-11T01:06:33.1489540Z === RUN   TestCorruptionFiniteCallback/1RTT
Integration (macos, Go 1.27.x)	Run self tests, using QUIC v1	2026-09-11T01:06:33.1489910Z === RUN   TestCorruptionFiniteCallback/1RTT/Incoming
Integration (macos, Go 1.27.x)	Run self tests, using QUIC v1	2026-09-11T01:06:33.1490250Z === RUN   TestCorruptionFiniteCallback/1RTT/Outgoing
Integration (macos, Go 1.27.x)	Run self tests, using QUIC v1	2026-09-11T01:06:33.1490880Z --- PASS: TestCorruptionFiniteCallback (0.00s)
Integration (macos, Go 1.27.x)	Run self tests, using QUIC v1	2026-09-11T01:06:33.1491250Z     --- PASS: TestCorruptionFiniteCallback/initial (0.00s)
Integration (macos, Go 1.27.x)	Run self tests, using QUIC v1	2026-09-11T01:06:33.1492090Z         --- PASS: TestCorruptionFiniteCallback/initial/Incoming (0.00s)
Integration (macos, Go 1.27.x)	Run self tests, using QUIC v1	2026-09-11T01:06:33.1492730Z         --- PASS: TestCorruptionFiniteCallback/initial/Outgoing (0.00s)
Integration (macos, Go 1.27.x)	Run self tests, using QUIC v1	2026-09-11T01:06:33.1493270Z     --- PASS: TestCorruptionFiniteCallback/handshake (0.00s)
Integration (macos, Go 1.27.x)	Run self tests, using QUIC v1	2026-09-11T01:06:33.1493880Z         --- PASS: TestCorruptionFiniteCallback/handshake/Incoming (0.00s)
Integration (macos, Go 1.27.x)	Run self tests, using QUIC v1	2026-09-11T01:06:33.1494650Z         --- PASS: TestCorruptionFiniteCallback/handshake/Outgoing (0.00s)
Integration (macos, Go 1.27.x)	Run self tests, using QUIC v1	2026-09-11T01:06:33.1495220Z     --- PASS: TestCorruptionFiniteCallback/1RTT (0.00s)
Integration (macos, Go 1.27.x)	Run self tests, using QUIC v1	2026-09-11T01:06:33.1495870Z         --- PASS: TestCorruptionFiniteCallback/1RTT/Incoming (0.00s)
Integration (macos, Go 1.27.x)	Run self tests, using QUIC v1	2026-09-11T01:06:33.1496450Z         --- PASS: TestCorruptionFiniteCallback/1RTT/Outgoing (0.00s)
Integration (macos, Go 1.27.x)	Run self tests, using QUIC v1	2026-09-11T01:06:33.1496850Z === RUN   Test0RTTWithSessionTicketData
Integration (macos, Go 1.27.x)	Run self tests, using QUIC v1	2026-09-11T01:06:33.1497230Z === RUN   Test0RTTWithSessionTicketData/server
Integration (macos, Go 1.27.x)	Run self tests, using QUIC v1	2026-09-11T01:06:33.1497600Z === RUN   Test0RTTWithSessionTicketData/client
Integration (macos, Go 1.27.x)	Run self tests, using QUIC v1	2026-09-11T01:06:33.1497930Z --- PASS: Test0RTTWithSessionTicketData (0.01s)
Integration (macos, Go 1.27.x)	Run self tests, using QUIC v1	2026-09-11T01:06:33.1498330Z     --- PASS: Test0RTTWithSessionTicketData/server (0.00s)
Integration (macos, Go 1.27.x)	Run self tests, using QUIC v1	2026-09-11T01:06:33.1498810Z     --- PASS: Test0RTTWithSessionTicketData/client (0.00s)
Integration (macos, Go 1.27.x)	Run self tests, using QUIC v1	2026-09-11T01:06:33.1499150Z === RUN   TestServerTransportClose
Integration (macos, Go 1.27.x)	Run self tests, using QUIC v1	2026-09-11T01:06:33.3198870Z --- PASS: TestServerTransportClose (0.18s)
Integration (macos, Go 1.27.x)	Run self tests, using QUIC v1	2026-09-11T01:06:33.3200930Z === RUN   TestConnectionCloseRetransmission
Integration (macos, Go 1.27.x)	Run self tests, using QUIC v1	2026-09-11T01:06:33.3274660Z --- PASS: TestConnectionCloseRetransmission (0.01s)
Integration (macos, Go 1.27.x)	Run self tests, using QUIC v1	2026-09-11T01:06:33.3280170Z === RUN   TestHTTPRequestRetryAfterIdleTimeout
Integration (macos, Go 1.27.x)	Run self tests, using QUIC v1	2026-09-11T01:06:33.3281330Z === RUN   TestHTTPRequestRetryAfterIdleTimeout/only_cached_conn
Integration (macos, Go 1.27.x)	Run self tests, using QUIC v1	2026-09-11T01:06:33.4246740Z === RUN   TestHTTPRequestRetryAfterIdleTimeout/allow_re-dialing
Integration (macos, Go 1.27.x)	Run self tests, using QUIC v1	2026-09-11T01:06:33.5147480Z --- PASS: TestHTTPRequestRetryAfterIdleTimeout (0.19s)
Integration (macos, Go 1.27.x)	Run self tests, using QUIC v1	2026-09-11T01:06:33.5150390Z     --- PASS: TestHTTPRequestRetryAfterIdleTimeout/only_cached_conn (0.10s)
Integration (macos, Go 1.27.x)	Run self tests, using QUIC v1	2026-09-11T01:06:33.5151550Z     --- PASS: TestHTTPRequestRetryAfterIdleTimeout/allow_re-dialing (0.09s)
Integration (macos, Go 1.27.x)	Run self tests, using QUIC v1	2026-09-11T01:06:33.5152180Z === RUN   TestDownloadWithReordering
Integration (macos, Go 1.27.x)	Run self tests, using QUIC v1	2026-09-11T01:06:33.5152460Z === RUN   TestDownloadWithReordering/5ms
Integration (macos, Go 1.27.x)	Run self tests, using QUIC v1	2026-09-11T01:06:33.5225590Z     rtt_test.go:175: Smoothed RTT: 4.965ms
Integration (macos, Go 1.27.x)	Run self tests, using QUIC v1	2026-09-11T01:06:33.5228460Z     rtt_test.go:178: received 452 short header packets, detected 171 reorderings
Integration (macos, Go 1.27.x)	Run self tests, using QUIC v1	2026-09-11T01:06:33.5228970Z === RUN   TestDownloadWithReordering/50ms
Integration (macos, Go 1.27.x)	Run self tests, using QUIC v1	2026-09-11T01:06:33.5298370Z     rtt_test.go:175: Smoothed RTT: 49.987ms
Integration (macos, Go 1.27.x)	Run self tests, using QUIC v1	2026-09-11T01:06:33.5365650Z     rtt_test.go:178: received 431 short header packets, detected 141 reorderings
Integration (macos, Go 1.27.x)	Run self tests, using QUIC v1	2026-09-11T01:06:33.5366810Z === RUN   TestDownloadWithReordering/250ms
Integration (macos, Go 1.27.x)	Run self tests, using QUIC v1	2026-09-11T01:06:33.5373710Z     rtt_test.go:175: Smoothed RTT: 248.756ms
Integration (macos, Go 1.27.x)	Run self tests, using QUIC v1	2026-09-11T01:06:33.5374790Z     rtt_test.go:178: received 433 short header packets, detected 127 reorderings
Integration (macos, Go 1.27.x)	Run self tests, using QUIC v1	2026-09-11T01:06:33.5375410Z --- PASS: TestDownloadWithReordering (0.02s)
Integration (macos, Go 1.27.x)	Run self tests, using QUIC v1	2026-09-11T01:06:33.5375950Z     --- PASS: TestDownloadWithReordering/5ms (0.01s)
Integration (macos, Go 1.27.x)	Run self tests, using QUIC v1	2026-09-11T01:06:33.5376480Z     --- PASS: TestDownloadWithReordering/50ms (0.01s)
Integration (macos, Go 1.27.x)	Run self tests, using QUIC v1	2026-09-11T01:06:33.5377290Z     --- PASS: TestDownloadWithReordering/250ms (0.01s)
Integration (macos, Go 1.27.x)	Run self tests, using QUIC v1	2026-09-11T01:06:33.5377750Z === RUN   TestHTTP3ServerHotswap
Integration (macos, Go 1.27.x)	Run self tests, using QUIC v1	2026-09-11T01:06:33.6133580Z --- PASS: TestHTTP3ServerHotswap (0.08s)
Integration (macos, Go 1.27.x)	Run self tests, using QUIC v1	2026-09-11T01:06:33.6144240Z === RUN   TestCancelAcceptStream
Integration (macos, Go 1.27.x)	Run self tests, using QUIC v1	2026-09-11T01:06:33.7683870Z     cancelation_test.go:455: canceled AcceptStream 46 times
Integration (macos, Go 1.27.x)	Run self tests, using QUIC v1	2026-09-11T01:06:33.7684660Z --- PASS: TestCancelAcceptStream (0.16s)
Integration (macos, Go 1.27.x)	Run self tests, using QUIC v1	2026-09-11T01:06:33.7685080Z === RUN   TestHandshakeRTTHelloRetryRequest
Integration (macos, Go 1.27.x)	Run self tests, using QUIC v1	2026-09-11T01:06:33.7702350Z --- PASS: TestHandshakeRTTHelloRetryRequest (0.00s)
Integration (macos, Go 1.27.x)	Run self tests, using QUIC v1	2026-09-11T01:06:33.7702870Z === RUN   TestHandshakePacketBuffering
Integration (macos, Go 1.27.x)	Run self tests, using QUIC v1	2026-09-11T01:06:33.7712270Z     handshake_drop_test.go:445: buffered packets: 2
Integration (macos, Go 1.27.x)	Run self tests, using QUIC v1	2026-09-11T01:06:33.7713300Z --- PASS: TestHandshakePacketBuffering (0.00s)
Integration (macos, Go 1.27.x)	Run self tests, using QUIC v1	2026-09-11T01:06:33.7713700Z === RUN   TestDatagramSizeLimitWithMTUDiscovery
Integration (macos, Go 1.27.x)	Run self tests, using QUIC v1	2026-09-11T01:06:33.7756650Z --- PASS: TestDatagramSizeLimitWithMTUDiscovery (0.00s)
Integration (macos, Go 1.27.x)	Run self tests, using QUIC v1	2026-09-11T01:06:33.7756990Z === RUN   TestKeepAlive
Integration (macos, Go 1.27.x)	Run self tests, using QUIC v1	2026-09-11T01:06:33.7767220Z --- PASS: TestKeepAlive (0.00s)
Integration (macos, Go 1.27.x)	Run self tests, using QUIC v1	2026-09-11T01:06:33.7767850Z === RUN   TestHandshakeCancellationError
Integration (macos, Go 1.27.x)	Run self tests, using QUIC v1	2026-09-11T01:06:33.7769980Z --- PASS: TestHandshakeCancellationError (0.00s)
Integration (macos, Go 1.27.x)	Run self tests, using QUIC v1	2026-09-11T01:06:33.7770630Z === RUN   TestHTTPHeaderSizeLimitServer
Integration (macos, Go 1.27.x)	Run self tests, using QUIC v1	2026-09-11T01:06:33.7771520Z === RUN   TestHTTPHeaderSizeLimitServer/large_HEADERS_frame
Integration (macos, Go 1.27.x)	Run self tests, using QUIC v1	2026-09-11T01:06:33.7786530Z === RUN   TestHTTPHeaderSizeLimitServer/large_decompressed_HEADERS_frame
Integration (macos, Go 1.27.x)	Run self tests, using QUIC v1	2026-09-11T01:06:33.7802070Z --- PASS: TestHTTPHeaderSizeLimitServer (0.00s)
Integration (macos, Go 1.27.x)	Run self tests, using QUIC v1	2026-09-11T01:06:33.7802970Z     --- PASS: TestHTTPHeaderSizeLimitServer/large_HEADERS_frame (0.00s)
Integration (macos, Go 1.27.x)	Run self tests, using QUIC v1	2026-09-11T01:06:33.7803750Z     --- PASS: TestHTTPHeaderSizeLimitServer/large_decompressed_HEADERS_frame (0.00s)
Integration (macos, Go 1.27.x)	Run self tests, using QUIC v1	2026-09-11T01:06:33.7816350Z === RUN   TestHTTP1xxResponse
Integration (macos, Go 1.27.x)	Run self tests, using QUIC v1	2026-09-11T01:06:33.7817100Z --- PASS: TestHTTP1xxResponse (0.00s)
Integration (macos, Go 1.27.x)	Run self tests, using QUIC v1	2026-09-11T01:06:33.7817690Z === RUN   TestHTTPGzip
Integration (macos, Go 1.27.x)	Run self tests, using QUIC v1	2026-09-11T01:06:33.7832690Z --- PASS: TestHTTPGzip (0.00s)
Integration (macos, Go 1.27.x)	Run self tests, using QUIC v1	2026-09-11T01:06:33.7835070Z === RUN   TestCorruptionCaptureBeforeMutation
Integration (macos, Go 1.27.x)	Run self tests, using QUIC v1	2026-09-11T01:06:33.7902890Z --- PASS: TestCorruptionCaptureBeforeMutation (0.01s)
Integration (macos, Go 1.27.x)	Run self tests, using QUIC v1	2026-09-11T01:06:33.7903990Z === RUN   TestHTTPHeaderSizeLimitClient
Integration (macos, Go 1.27.x)	Run self tests, using QUIC v1	2026-09-11T01:06:33.7904800Z === RUN   TestHTTPHeaderSizeLimitClient/large_HEADERS_frame
Integration (macos, Go 1.27.x)	Run self tests, using QUIC v1	2026-09-11T01:06:33.7921220Z === RUN   TestHTTPHeaderSizeLimitClient/large_decompressed_HEADERS_frame
Integration (macos, Go 1.27.x)	Run self tests, using QUIC v1	2026-09-11T01:06:33.7937500Z --- PASS: TestHTTPHeaderSizeLimitClient (0.00s)
Integration (macos, Go 1.27.x)	Run self tests, using QUIC v1	2026-09-11T01:06:33.7938800Z     --- PASS: TestHTTPHeaderSizeLimitClient/large_HEADERS_frame (0.00s)
Integration (macos, Go 1.27.x)	Run self tests, using QUIC v1	2026-09-11T01:06:33.7939660Z     --- PASS: TestHTTPHeaderSizeLimitClient/large_decompressed_HEADERS_frame (0.00s)
Integration (macos, Go 1.27.x)	Run self tests, using QUIC v1	2026-09-11T01:06:33.7940320Z === RUN   TestMITMForgedRetryPacket
Integration (macos, Go 1.27.x)	Run self tests, using QUIC v1	2026-09-11T01:06:33.9531930Z --- PASS: TestMITMForgedRetryPacket (0.16s)
Integration (macos, Go 1.27.x)	Run self tests, using QUIC v1	2026-09-11T01:06:33.9532620Z === RUN   TestHTTP3ListenerGracefulShutdown
Integration (macos, Go 1.27.x)	Run self tests, using QUIC v1	2026-09-11T01:06:33.9533230Z === RUN   TestHTTP3ListenerGracefulShutdown/application_listener
Integration (macos, Go 1.27.x)	Run self tests, using QUIC v1	2026-09-11T01:06:34.0276150Z === RUN   TestHTTP3ListenerGracefulShutdown/listener_created_by_the_http3.Server
Integration (macos, Go 1.27.x)	Run self tests, using QUIC v1	2026-09-11T01:06:34.1375690Z --- PASS: TestHTTP3ListenerGracefulShutdown (0.18s)
Integration (macos, Go 1.27.x)	Run self tests, using QUIC v1	2026-09-11T01:06:34.1377270Z     --- PASS: TestHTTP3ListenerGracefulShutdown/application_listener (0.07s)
Integration (macos, Go 1.27.x)	Run self tests, using QUIC v1	2026-09-11T01:06:34.1378860Z     --- PASS: TestHTTP3ListenerGracefulShutdown/listener_created_by_the_http3.Server (0.11s)
Integration (macos, Go 1.27.x)	Run self tests, using QUIC v1	2026-09-11T01:06:34.1380030Z === RUN   TestHandshakeIdleTimeout
Integration (macos, Go 1.27.x)	Run self tests, using QUIC v1	2026-09-11T01:06:34.1381540Z === RUN   TestHandshakeIdleTimeout/Dial
Integration (macos, Go 1.27.x)	Run self tests, using QUIC v1	2026-09-11T01:06:34.1382270Z === RUN   TestHandshakeIdleTimeout/DialEarly
Integration (macos, Go 1.27.x)	Run self tests, using QUIC v1	2026-09-11T01:06:34.1388060Z --- PASS: TestHandshakeIdleTimeout (0.00s)
Integration (macos, Go 1.27.x)	Run self tests, using QUIC v1	2026-09-11T01:06:34.1390140Z     --- PASS: TestHandshakeIdleTimeout/Dial (0.00s)
Integration (macos, Go 1.27.x)	Run self tests, using QUIC v1	2026-09-11T01:06:34.1392330Z     --- PASS: TestHandshakeIdleTimeout/DialEarly (0.00s)
Integration (macos, Go 1.27.x)	Run self tests, using QUIC v1	2026-09-11T01:06:34.1394340Z === RUN   TestMultiplexingToDifferentServers
Integration (macos, Go 1.27.x)	Run self tests, using QUIC v1	2026-09-11T01:06:34.1576590Z --- PASS: TestMultiplexingToDifferentServers (0.02s)
Integration (macos, Go 1.27.x)	Run self tests, using QUIC v1	2026-09-11T01:06:34.1578600Z === RUN   TestWriteDeadlineSync
Integration (macos, Go 1.27.x)	Run self tests, using QUIC v1	2026-09-11T01:06:34.5137700Z --- PASS: TestWriteDeadlineSync (0.36s)
Integration (macos, Go 1.27.x)	Run self tests, using QUIC v1	2026-09-11T01:06:34.5138290Z === RUN   TestQlogHandshakeFailed
Integration (macos, Go 1.27.x)	Run self tests, using QUIC v1	2026-09-11T01:06:34.5141150Z --- PASS: TestQlogHandshakeFailed (0.00s)
Integration (macos, Go 1.27.x)	Run self tests, using QUIC v1	2026-09-11T01:06:34.5141930Z === RUN   TestStreamReadCancellation
Integration (macos, Go 1.27.x)	Run self tests, using QUIC v1	2026-09-11T01:06:34.5142370Z === RUN   TestStreamReadCancellation/immediate
Integration (macos, Go 1.27.x)	Run self tests, using QUIC v1	2026-09-11T01:06:34.6087380Z === RUN   TestStreamReadCancellation/after_reading_some_data
Integration (macos, Go 1.27.x)	Run self tests, using QUIC v1	2026-09-11T01:06:34.7619090Z === RUN   TestStreamReadCancellation/concurrent
Integration (macos, Go 1.27.x)	Run self tests, using QUIC v1	2026-09-11T01:06:34.8642290Z --- PASS: TestStreamReadCancellation (0.35s)
Integration (macos, Go 1.27.x)	Run self tests, using QUIC v1	2026-09-11T01:06:34.8664540Z     --- PASS: TestStreamReadCancellation/immediate (0.09s)
Integration (macos, Go 1.27.x)	Run self tests, using QUIC v1	2026-09-11T01:06:34.8665670Z     --- PASS: TestStreamReadCancellation/after_reading_some_data (0.16s)
Integration (macos, Go 1.27.x)	Run self tests, using QUIC v1	2026-09-11T01:06:34.8667270Z     --- PASS: TestStreamReadCancellation/concurrent (0.10s)
Integration (macos, Go 1.27.x)	Run self tests, using QUIC v1	2026-09-11T01:06:34.8668160Z === RUN   TestDrainServerAcceptQueue
Integration (macos, Go 1.27.x)	Run self tests, using QUIC v1	2026-09-11T01:06:34.9647580Z --- PASS: TestDrainServerAcceptQueue (0.10s)
Integration (macos, Go 1.27.x)	Run self tests, using QUIC v1	2026-09-11T01:06:34.9649980Z === RUN   TestHTTP3Qlog
Integration (macos, Go 1.27.x)	Run self tests, using QUIC v1	2026-09-11T01:06:34.9680170Z --- PASS: TestHTTP3Qlog (0.00s)
Integration (macos, Go 1.27.x)	Run self tests, using QUIC v1	2026-09-11T01:06:34.9680820Z === RUN   TestHandshakeCapturedLoss
Integration (macos, Go 1.27.x)	Run self tests, using QUIC v1	2026-09-11T01:06:34.9681250Z === RUN   TestHandshakeCapturedLoss/ACK_blackout
Integration (macos, Go 1.27.x)	Run self tests, using QUIC v1	2026-09-11T01:06:34.9702700Z === RUN   TestHandshakeCapturedLoss/deliver_gap
Integration (macos, Go 1.27.x)	Run self tests, using QUIC v1	2026-09-11T01:06:34.9720980Z === RUN   TestHandshakeCapturedLoss/restore_ACKs
Integration (macos, Go 1.27.x)	Run self tests, using QUIC v1	2026-09-11T01:06:34.9743780Z === RUN   TestHandshakeCapturedLoss/delayed_ACK_feedback
Integration (macos, Go 1.27.x)	Run self tests, using QUIC v1	2026-09-11T01:06:34.9770770Z --- PASS: TestHandshakeCapturedLoss (0.01s)
Integration (macos, Go 1.27.x)	Run self tests, using QUIC v1	2026-09-11T01:06:34.9772840Z     --- PASS: TestHandshakeCapturedLoss/ACK_blackout (0.00s)
Integration (macos, Go 1.27.x)	Run self tests, using QUIC v1	2026-09-11T01:06:34.9773430Z     --- PASS: TestHandshakeCapturedLoss/deliver_gap (0.00s)
Integration (macos, Go 1.27.x)	Run self tests, using QUIC v1	2026-09-11T01:06:34.9773910Z     --- PASS: TestHandshakeCapturedLoss/restore_ACKs (0.00s)
Integration (macos, Go 1.27.x)	Run self tests, using QUIC v1	2026-09-11T01:06:34.9774380Z     --- PASS: TestHandshakeCapturedLoss/delayed_ACK_feedback (0.00s)
Integration (macos, Go 1.27.x)	Run self tests, using QUIC v1	2026-09-11T01:06:34.9774780Z === RUN   TestMITMForgedInitialPacketWithAck
Integration (macos, Go 1.27.x)	Run self tests, using QUIC v1	2026-09-11T01:06:34.9778050Z --- PASS: TestMITMForgedInitialPacketWithAck (0.00s)
Integration (macos, Go 1.27.x)	Run self tests, using QUIC v1	2026-09-11T01:06:34.9778450Z === RUN   TestHTTPServeQUICConn
Integration (macos, Go 1.27.x)	Run self tests, using QUIC v1	2026-09-11T01:06:34.9798470Z --- PASS: TestHTTPServeQUICConn (0.00s)
Integration (macos, Go 1.27.x)	Run self tests, using QUIC v1	2026-09-11T01:06:34.9799130Z === RUN   TestConnContextRejection
Integration (macos, Go 1.27.x)	Run self tests, using QUIC v1	2026-09-11T01:06:34.9799540Z === RUN   TestConnContextRejection/rejecting
Integration (macos, Go 1.27.x)	Run self tests, using QUIC v1	2026-09-11T01:06:34.9803100Z === RUN   TestConnContextRejection/not_rejecting
Integration (macos, Go 1.27.x)	Run self tests, using QUIC v1	2026-09-11T01:06:34.9819270Z --- PASS: TestConnContextRejection (0.00s)
Integration (macos, Go 1.27.x)	Run self tests, using QUIC v1	2026-09-11T01:06:34.9835130Z     --- PASS: TestConnContextRejection/rejecting (0.00s)
Integration (macos, Go 1.27.x)	Run self tests, using QUIC v1	2026-09-11T01:06:34.9835840Z     --- PASS: TestConnContextRejection/not_rejecting (0.00s)
Integration (macos, Go 1.27.x)	Run self tests, using QUIC v1	2026-09-11T01:06:34.9837380Z === RUN   TestHTTPClientRequestContextCancellation
Integration (macos, Go 1.27.x)	Run self tests, using QUIC v1	2026-09-11T01:06:34.9838030Z === RUN   TestHTTPClientRequestContextCancellation/before_response
Integration (macos, Go 1.27.x)	Run self tests, using QUIC v1	2026-09-11T01:06:35.0325770Z === RUN   TestHTTPClientRequestContextCancellation/after_response
Integration (macos, Go 1.27.x)	Run self tests, using QUIC v1	2026-09-11T01:06:35.0427990Z --- PASS: TestHTTPClientRequestContextCancellation (0.05s)
Integration (macos, Go 1.27.x)	Run self tests, using QUIC v1	2026-09-11T01:06:35.0528420Z     --- PASS: TestHTTPClientRequestContextCancellation/before_response (0.05s)
Integration (macos, Go 1.27.x)	Run self tests, using QUIC v1	2026-09-11T01:06:35.0629760Z     --- PASS: TestHTTPClientRequestContextCancellation/after_response (0.00s)
Integration (macos, Go 1.27.x)	Run self tests, using QUIC v1	2026-09-11T01:06:35.0730610Z === RUN   TestCorruptionCaptureOverflow
Integration (macos, Go 1.27.x)	Run self tests, using QUIC v1	2026-09-11T01:06:35.2211450Z --- PASS: TestCorruptionCaptureOverflow (0.19s)
Integration (macos, Go 1.27.x)	Run self tests, using QUIC v1	2026-09-11T01:06:35.2212150Z === RUN   TestTLSSessionResumption
Integration (macos, Go 1.27.x)	Run self tests, using QUIC v1	2026-09-11T01:06:35.2213360Z === RUN   TestTLSSessionResumption/uses_session_resumption
Integration (macos, Go 1.27.x)	Run self tests, using QUIC v1	2026-09-11T01:06:35.2232960Z === RUN   TestTLSSessionResumption/disabled_in_tls.Config
Integration (macos, Go 1.27.x)	Run self tests, using QUIC v1	2026-09-11T01:06:35.2253500Z === RUN   TestTLSSessionResumption/disabled_in_tls.Config.GetConfigForClient
Integration (macos, Go 1.27.x)	Run self tests, using QUIC v1	2026-09-11T01:06:35.2276340Z --- PASS: TestTLSSessionResumption (0.01s)
Integration (macos, Go 1.27.x)	Run self tests, using QUIC v1	2026-09-11T01:06:35.2376920Z     --- PASS: TestTLSSessionResumption/uses_session_resumption (0.00s)
Integration (macos, Go 1.27.x)	Run self tests, using QUIC v1	2026-09-11T01:06:35.2480040Z     --- PASS: TestTLSSessionResumption/disabled_in_tls.Config (0.00s)
Integration (macos, Go 1.27.x)	Run self tests, using QUIC v1	2026-09-11T01:06:35.2583140Z     --- PASS: TestTLSSessionResumption/disabled_in_tls.Config.GetConfigForClient (0.00s)
Integration (macos, Go 1.27.x)	Run self tests, using QUIC v1	2026-09-11T01:06:35.2685590Z === RUN   TestHTTPPost
Integration (macos, Go 1.27.x)	Run self tests, using QUIC v1	2026-09-11T01:06:35.2787030Z === RUN   TestHTTPPost/small
Integration (macos, Go 1.27.x)	Run self tests, using QUIC v1	2026-09-11T01:06:35.2887820Z === RUN   TestHTTPPost/big
Integration (macos, Go 1.27.x)	Run self tests, using QUIC v1	2026-09-11T01:06:35.2990620Z --- PASS: TestHTTPPost (0.01s)
Integration (macos, Go 1.27.x)	Run self tests, using QUIC v1	2026-09-11T01:06:35.3092360Z     --- PASS: TestHTTPPost/small (0.00s)
Integration (macos, Go 1.27.x)	Run self tests, using QUIC v1	2026-09-11T01:06:35.3193950Z     --- PASS: TestHTTPPost/big (0.01s)
Integration (macos, Go 1.27.x)	Run self tests, using QUIC v1	2026-09-11T01:06:35.3296020Z === RUN   TestHTTPMultipleRequests
Integration (macos, Go 1.27.x)	Run self tests, using QUIC v1	2026-09-11T01:06:35.3398540Z === RUN   TestHTTPMultipleRequests/reading_the_response
Integration (macos, Go 1.27.x)	Run self tests, using QUIC v1	2026-09-11T01:06:35.3500460Z === RUN   TestHTTPMultipleRequests/not_reading_the_response
Integration (macos, Go 1.27.x)	Run self tests, using QUIC v1	2026-09-11T01:06:35.3603590Z --- PASS: TestHTTPMultipleRequests (0.04s)
Integration (macos, Go 1.27.x)	Run self tests, using QUIC v1	2026-09-11T01:06:35.3706200Z     --- PASS: TestHTTPMultipleRequests/reading_the_response (0.00s)
Integration (macos, Go 1.27.x)	Run self tests, using QUIC v1	2026-09-11T01:06:35.3810430Z     --- PASS: TestHTTPMultipleRequests/not_reading_the_response (0.03s)
Integration (macos, Go 1.27.x)	Run self tests, using QUIC v1	2026-09-11T01:06:35.3914070Z === RUN   Test0RTTRejectedOnALPNChanged
Integration (macos, Go 1.27.x)	Run self tests, using QUIC v1	2026-09-11T01:06:35.4016200Z     zero_rtt_test.go:822: Sent 4 0-RTT packets.
Integration (macos, Go 1.27.x)	Run self tests, using QUIC v1	2026-09-11T01:06:35.4118050Z --- PASS: Test0RTTRejectedOnALPNChanged (0.00s)
Integration (macos, Go 1.27.x)	Run self tests, using QUIC v1	2026-09-11T01:06:35.4220560Z === RUN   TestGetConfigForClient
Integration (macos, Go 1.27.x)	Run self tests, using QUIC v1	2026-09-11T01:06:35.4335580Z --- PASS: TestGetConfigForClient (0.00s)
Integration (macos, Go 1.27.x)	Run self tests, using QUIC v1	2026-09-11T01:06:35.4437560Z === RUN   TestStreamReadWriteCancellation
Integration (macos, Go 1.27.x)	Run self tests, using QUIC v1	2026-09-11T01:06:35.4539380Z === RUN   TestStreamReadWriteCancellation/immediate
Integration (macos, Go 1.27.x)	Run self tests, using QUIC v1	2026-09-11T01:06:35.4640560Z === RUN   TestStreamReadWriteCancellation/after_writing_some_data
Integration (macos, Go 1.27.x)	Run self tests, using QUIC v1	2026-09-11T01:06:35.4741780Z --- PASS: TestStreamReadWriteCancellation (0.19s)
Integration (macos, Go 1.27.x)	Run self tests, using QUIC v1	2026-09-11T01:06:35.4843180Z     --- PASS: TestStreamReadWriteCancellation/immediate (0.08s)
Integration (macos, Go 1.27.x)	Run self tests, using QUIC v1	2026-09-11T01:06:35.4891830Z     --- PASS: TestStreamReadWriteCancellation/after_writing_some_data (0.11s)
Integration (macos, Go 1.27.x)	Run self tests, using QUIC v1	2026-09-11T01:06:35.4892500Z === RUN   TestStreamPriority
Integration (macos, Go 1.27.x)	Run self tests, using QUIC v1	2026-09-11T01:06:35.4893230Z === RUN   TestStreamPriority/incremental_streams_use_urgency_and_round_robin
Integration (macos, Go 1.27.x)	Run self tests, using QUIC v1	2026-09-11T01:06:35.4994060Z === RUN   TestStreamPriority/non-incremental_streams_use_stream_ID
Integration (macos, Go 1.27.x)	Run self tests, using QUIC v1	2026-09-11T01:06:35.5040040Z --- PASS: TestStreamPriority (0.01s)
Integration (macos, Go 1.27.x)	Run self tests, using QUIC v1	2026-09-11T01:06:35.5041170Z     --- PASS: TestStreamPriority/incremental_streams_use_urgency_and_round_robin (0.01s)
Integration (macos, Go 1.27.x)	Run self tests, using QUIC v1	2026-09-11T01:06:35.5042630Z     --- PASS: TestStreamPriority/non-incremental_streams_use_stream_ID (0.01s)
Integration (macos, Go 1.27.x)	Run self tests, using QUIC v1	2026-09-11T01:06:35.5043240Z === RUN   TestHandshakeCipherSuites
Integration (macos, Go 1.27.x)	Run self tests, using QUIC v1	2026-09-11T01:06:35.5043780Z === RUN   TestHandshakeCipherSuites/TLS_AES_128_GCM_SHA256
Integration (macos, Go 1.27.x)	Run self tests, using QUIC v1	2026-09-11T01:06:35.5045850Z === RUN   TestHandshakeCipherSuites/TLS_AES_256_GCM_SHA384
Integration (macos, Go 1.27.x)	Run self tests, using QUIC v1	2026-09-11T01:06:35.5046510Z === RUN   TestHandshakeCipherSuites/TLS_CHACHA20_POLY1305_SHA256
Integration (macos, Go 1.27.x)	Run self tests, using QUIC v1	2026-09-11T01:06:35.5049960Z --- PASS: TestHandshakeCipherSuites (0.01s)
Integration (macos, Go 1.27.x)	Run self tests, using QUIC v1	2026-09-11T01:06:35.5050660Z     --- PASS: TestHandshakeCipherSuites/TLS_AES_128_GCM_SHA256 (0.00s)
Integration (macos, Go 1.27.x)	Run self tests, using QUIC v1	2026-09-11T01:06:35.5051390Z     --- PASS: TestHandshakeCipherSuites/TLS_AES_256_GCM_SHA384 (0.00s)
Integration (macos, Go 1.27.x)	Run self tests, using QUIC v1	2026-09-11T01:06:35.5053350Z     --- PASS: TestHandshakeCipherSuites/TLS_CHACHA20_POLY1305_SHA256 (0.00s)
Integration (macos, Go 1.27.x)	Run self tests, using QUIC v1	2026-09-11T01:06:35.5053910Z === RUN   TestHTTP0RTT
Integration (macos, Go 1.27.x)	Run self tests, using QUIC v1	2026-09-11T01:06:35.9469110Z --- PASS: TestHTTP0RTT (0.46s)
Integration (macos, Go 1.27.x)	Run self tests, using QUIC v1	2026-09-11T01:06:35.9671600Z === RUN   TestStreamWriteCancellation
Integration (macos, Go 1.27.x)	Run self tests, using QUIC v1	2026-09-11T01:06:35.9672180Z === RUN   TestStreamWriteCancellation/immediate
Integration (macos, Go 1.27.x)	Run self tests, using QUIC v1	2026-09-11T01:06:36.0584330Z === RUN   TestStreamWriteCancellation/after_writing_some_data
Integration (macos, Go 1.27.x)	Run self tests, using QUIC v1	2026-09-11T01:06:36.1794050Z === RUN   TestStreamWriteCancellation/concurrent
Integration (macos, Go 1.27.x)	Run self tests, using QUIC v1	2026-09-11T01:06:36.2601690Z --- PASS: TestStreamWriteCancellation (0.31s)
Integration (macos, Go 1.27.x)	Run self tests, using QUIC v1	2026-09-11T01:06:36.2702870Z     --- PASS: TestStreamWriteCancellation/immediate (0.11s)
Integration (macos, Go 1.27.x)	Run self tests, using QUIC v1	2026-09-11T01:06:36.2803200Z     --- PASS: TestStreamWriteCancellation/after_writing_some_data (0.12s)
Integration (macos, Go 1.27.x)	Run self tests, using QUIC v1	2026-09-11T01:06:36.2904250Z     --- PASS: TestStreamWriteCancellation/concurrent (0.08s)
Integration (macos, Go 1.27.x)	Run self tests, using QUIC v1	2026-09-11T01:06:36.3004590Z === RUN   TestHandshakeDiagnosticsCleanup
Integration (macos, Go 1.27.x)	Run self tests, using QUIC v1	2026-09-11T01:06:36.3105590Z === RUN   TestHandshakeDiagnosticsCleanup/pass
Integration (macos, Go 1.27.x)	Run self tests, using QUIC v1	2026-09-11T01:06:36.5429160Z === RUN   TestHandshakeDiagnosticsCleanup/fail
Integration (macos, Go 1.27.x)	Run self tests, using QUIC v1	2026-09-11T01:06:36.8192670Z --- PASS: TestHandshakeDiagnosticsCleanup (0.56s)
Integration (macos, Go 1.27.x)	Run self tests, using QUIC v1	2026-09-11T01:06:36.8194000Z     --- PASS: TestHandshakeDiagnosticsCleanup/pass (0.29s)
Integration (macos, Go 1.27.x)	Run self tests, using QUIC v1	2026-09-11T01:06:36.8195450Z     --- PASS: TestHandshakeDiagnosticsCleanup/fail (0.28s)
Integration (macos, Go 1.27.x)	Run self tests, using QUIC v1	2026-09-11T01:06:36.8196120Z === RUN   TestMITMDuplicatePackets
Integration (macos, Go 1.27.x)	Run self tests, using QUIC v1	2026-09-11T01:06:36.8196410Z === RUN   TestMITMDuplicatePackets/towards_the_server
Integration (macos, Go 1.27.x)	Run self tests, using QUIC v1	2026-09-11T01:06:36.8280990Z === RUN   TestMITMDuplicatePackets/towards_the_client
Integration (macos, Go 1.27.x)	Run self tests, using QUIC v1	2026-09-11T01:06:36.9532200Z --- PASS: TestMITMDuplicatePackets (0.13s)
Integration (macos, Go 1.27.x)	Run self tests, using QUIC v1	2026-09-11T01:06:36.9633600Z     --- PASS: TestMITMDuplicatePackets/towards_the_server (0.01s)
Integration (macos, Go 1.27.x)	Run self tests, using QUIC v1	2026-09-11T01:06:36.9734170Z     --- PASS: TestMITMDuplicatePackets/towards_the_client (0.12s)
Integration (macos, Go 1.27.x)	Run self tests, using QUIC v1	2026-09-11T01:06:36.9835090Z === RUN   TestHTTPResponseTrailers
Integration (macos, Go 1.27.x)	Run self tests, using QUIC v1	2026-09-11T01:06:36.9936010Z --- PASS: TestHTTPResponseTrailers (0.00s)
Integration (macos, Go 1.27.x)	Run self tests, using QUIC v1	2026-09-11T01:06:36.9985880Z === RUN   TestGracefulShutdownIdleConnection
Integration (macos, Go 1.27.x)	Run self tests, using QUIC v1	2026-09-11T01:06:36.9986520Z --- PASS: TestGracefulShutdownIdleConnection (0.00s)
Integration (macos, Go 1.27.x)	Run self tests, using QUIC v1	2026-09-11T01:06:36.9986910Z === RUN   Test0RTTWithIncreasedStreamLimit
Integration (macos, Go 1.27.x)	Run self tests, using QUIC v1	2026-09-11T01:06:36.9988520Z --- PASS: Test0RTTWithIncreasedStreamLimit (0.00s)
Integration (macos, Go 1.27.x)	Run self tests, using QUIC v1	2026-09-11T01:06:36.9988920Z === RUN   TestEarlyData
Integration (macos, Go 1.27.x)	Run self tests, using QUIC v1	2026-09-11T01:06:37.1229630Z --- PASS: TestEarlyData (0.17s)
Integration (macos, Go 1.27.x)	Run self tests, using QUIC v1	2026-09-11T01:06:37.1230590Z === RUN   TestClosedConnectionsInAcceptQueue
Integration (macos, Go 1.27.x)	Run self tests, using QUIC v1	2026-09-11T01:06:37.2121050Z --- PASS: TestClosedConnectionsInAcceptQueue (0.09s)
Integration (macos, Go 1.27.x)	Run self tests, using QUIC v1	2026-09-11T01:06:37.2222820Z === RUN   TestHandshakeDiagnosticsConcurrentProducers
Integration (macos, Go 1.27.x)	Run self tests, using QUIC v1	2026-09-11T01:06:37.2324140Z --- PASS: TestHandshakeDiagnosticsConcurrentProducers (0.01s)
Integration (macos, Go 1.27.x)	Run self tests, using QUIC v1	2026-09-11T01:06:37.2425300Z === RUN   TestALPN
Integration (macos, Go 1.27.x)	Run self tests, using QUIC v1	2026-09-11T01:06:37.2526440Z --- PASS: TestALPN (0.00s)
Integration (macos, Go 1.27.x)	Run self tests, using QUIC v1	2026-09-11T01:06:37.2606240Z === RUN   TestHTTPRawConn
Integration (macos, Go 1.27.x)	Run self tests, using QUIC v1	2026-09-11T01:06:37.2606690Z --- PASS: TestHTTPRawConn (0.00s)
Integration (macos, Go 1.27.x)	Run self tests, using QUIC v1	2026-09-11T01:06:37.2607160Z === RUN   Test0RTTRejectedOnConnectionWindowDecrease
Integration (macos, Go 1.27.x)	Run self tests, using QUIC v1	2026-09-11T01:06:37.2607750Z --- PASS: Test0RTTRejectedOnConnectionWindowDecrease (0.00s)
Integration (macos, Go 1.27.x)	Run self tests, using QUIC v1	2026-09-11T01:06:37.2608200Z === RUN   TestHeavyStreamCancellation
Integration (macos, Go 1.27.x)	Run self tests, using QUIC v1	2026-09-11T01:06:38.2391480Z --- PASS: TestHeavyStreamCancellation (1.01s)
Integration (macos, Go 1.27.x)	Run self tests, using QUIC v1	2026-09-11T01:06:38.2392520Z === RUN   TestHandshakeFailsWithoutClientCert
Integration (macos, Go 1.27.x)	Run self tests, using QUIC v1	2026-09-11T01:06:38.2404690Z --- PASS: TestHandshakeFailsWithoutClientCert (0.00s)
Integration (macos, Go 1.27.x)	Run self tests, using QUIC v1	2026-09-11T01:06:38.2405260Z === RUN   TestConnectionMigration
Integration (macos, Go 1.27.x)	Run self tests, using QUIC v1	2026-09-11T01:06:38.4148830Z --- PASS: TestConnectionMigration (0.17s)
Integration (macos, Go 1.27.x)	Run self tests, using QUIC v1	2026-09-11T01:06:38.4249210Z === RUN   TestDownloadWithFixedRTT
Integration (macos, Go 1.27.x)	Run self tests, using QUIC v1	2026-09-11T01:06:38.4350530Z === RUN   TestDownloadWithFixedRTT/10ms
Integration (macos, Go 1.27.x)	Run self tests, using QUIC v1	2026-09-11T01:06:38.4452920Z === RUN   TestDownloadWithFixedRTT/100ms
Integration (macos, Go 1.27.x)	Run self tests, using QUIC v1	2026-09-11T01:06:38.4699120Z === RUN   TestDownloadWithFixedRTT/500ms
Integration (macos, Go 1.27.x)	Run self tests, using QUIC v1	2026-09-11T01:06:38.4971870Z --- PASS: TestDownloadWithFixedRTT (0.02s)
Integration (macos, Go 1.27.x)	Run self tests, using QUIC v1	2026-09-11T01:06:38.5073940Z     --- PASS: TestDownloadWithFixedRTT/10ms (0.00s)
Integration (macos, Go 1.27.x)	Run self tests, using QUIC v1	2026-09-11T01:06:38.5174180Z     --- PASS: TestDownloadWithFixedRTT/100ms (0.01s)
Integration (macos, Go 1.27.x)	Run self tests, using QUIC v1	2026-09-11T01:06:38.5275630Z     --- PASS: TestDownloadWithFixedRTT/500ms (0.01s)
Integration (macos, Go 1.27.x)	Run self tests, using QUIC v1	2026-09-11T01:06:38.5375830Z === RUN   TestConnContextFreshContext
Integration (macos, Go 1.27.x)	Run self tests, using QUIC v1	2026-09-11T01:06:38.5476930Z --- PASS: TestConnContextFreshContext (0.00s)
Integration (macos, Go 1.27.x)	Run self tests, using QUIC v1	2026-09-11T01:06:38.5577940Z === RUN   TestConnectionIDsRandomLengths
Integration (macos, Go 1.27.x)	Run self tests, using QUIC v1	2026-09-11T01:06:38.5625440Z     conn_id_test.go:43: issuing 6 byte connection ID from the server
Integration (macos, Go 1.27.x)	Run self tests, using QUIC v1	2026-09-11T01:06:38.5626250Z     conn_id_test.go:43: issuing 10 byte connection ID from the client
Integration (macos, Go 1.27.x)	Run self tests, using QUIC v1	2026-09-11T01:06:38.5626790Z --- PASS: TestConnectionIDsRandomLengths (0.01s)
Integration (macos, Go 1.27.x)	Run self tests, using QUIC v1	2026-09-11T01:06:38.5628250Z === RUN   TestHTTPDatagramClose
Integration (macos, Go 1.27.x)	Run self tests, using QUIC v1	2026-09-11T01:06:38.5628630Z --- PASS: TestHTTPDatagramClose (0.02s)
Integration (macos, Go 1.27.x)	Run self tests, using QUIC v1	2026-09-11T01:06:38.5628970Z === RUN   TestHTTPStreamedRequests
Integration (macos, Go 1.27.x)	Run self tests, using QUIC v1	2026-09-11T01:06:38.5629300Z --- PASS: TestHTTPStreamedRequests (0.00s)
Integration (macos, Go 1.27.x)	Run self tests, using QUIC v1	2026-09-11T01:06:38.5629670Z === RUN   TestTimeoutAfterSendingPacket
Integration (macos, Go 1.27.x)	Run self tests, using QUIC v1	2026-09-11T01:06:38.5630020Z --- PASS: TestTimeoutAfterSendingPacket (0.00s)
Integration (macos, Go 1.27.x)	Run self tests, using QUIC v1	2026-09-11T01:06:38.5630410Z === RUN   TestConnectionMigrationConcurrentState
Integration (macos, Go 1.27.x)	Run self tests, using QUIC v1	2026-09-11T01:06:38.6816620Z --- PASS: TestConnectionMigrationConcurrentState (0.21s)
Integration (macos, Go 1.27.x)	Run self tests, using QUIC v1	2026-09-11T01:06:38.6917400Z === RUN   TestWriteDeadlineAsync
Integration (macos, Go 1.27.x)	Run self tests, using QUIC v1	2026-09-11T01:06:39.0369420Z --- PASS: TestWriteDeadlineAsync (0.34s)
Integration (macos, Go 1.27.x)	Run self tests, using QUIC v1	2026-09-11T01:06:39.0494020Z === RUN   TestQlogHandshake
Integration (macos, Go 1.27.x)	Run self tests, using QUIC v1	2026-09-11T01:06:39.0597320Z --- PASS: TestQlogHandshake (0.00s)
Integration (macos, Go 1.27.x)	Run self tests, using QUIC v1	2026-09-11T01:06:39.0699120Z === RUN   TestHandshakeDiagnosticsEventSnapshot
Integration (macos, Go 1.27.x)	Run self tests, using QUIC v1	2026-09-11T01:06:39.0792250Z --- PASS: TestHandshakeDiagnosticsEventSnapshot (0.00s)
Integration (macos, Go 1.27.x)	Run self tests, using QUIC v1	2026-09-11T01:06:39.0792760Z PASS
Integration (macos, Go 1.27.x)	Run self tests, using QUIC v1	2026-09-11T01:06:39.0793830Z ok  	github.com/quic-go/quic-go/integrationtests/self	27.996s
Integration (macos, Go 1.27.x)	Run self tests, using QUIC v2	﻿2026-09-11T01:06:39.0943670Z ##[group]Run go test  -v -timeout 5m -shuffle=on ./integrationtests/self -version=2  2>&1 | go-junit-report -set-exit-code -iocopy -out report_self_v2.xml
Integration (macos, Go 1.27.x)	Run self tests, using QUIC v2	2026-09-11T01:06:39.0944940Z ^[[36;1mgo test  -v -timeout 5m -shuffle=on ./integrationtests/self -version=2  2>&1 | go-junit-report -set-exit-code -iocopy -out report_self_v2.xml^[[0m
Integration (macos, Go 1.27.x)	Run self tests, using QUIC v2	2026-09-11T01:06:39.0992700Z shell: /bin/bash --noprofile --norc -e -o pipefail {0}
Integration (macos, Go 1.27.x)	Run self tests, using QUIC v2	2026-09-11T01:06:39.0993010Z env:
Integration (macos, Go 1.27.x)	Run self tests, using QUIC v2	2026-09-11T01:06:39.0993200Z   DEBUG: false
Integration (macos, Go 1.27.x)	Run self tests, using QUIC v2	2026-09-11T01:06:39.0993400Z   TIMESCALE_FACTOR: 3
Integration (macos, Go 1.27.x)	Run self tests, using QUIC v2	2026-09-11T01:06:39.0993740Z   QUIC_GO_CORRUPTION_CAPTURE_DIR: /Users/runner/work/_temp/quic-go-corruption
Integration (macos, Go 1.27.x)	Run self tests, using QUIC v2	2026-09-11T01:06:39.0994100Z   GOTOOLCHAIN: local
Integration (macos, Go 1.27.x)	Run self tests, using QUIC v2	2026-09-11T01:06:39.0994320Z ##[endgroup]
Integration (macos, Go 1.27.x)	Run self tests, using QUIC v2	2026-09-11T01:06:40.2969110Z using QUIC version: v2
Integration (macos, Go 1.27.x)	Run self tests, using QUIC v2	2026-09-11T01:06:40.3073230Z -test.shuffle 1789088800293547000
Integration (macos, Go 1.27.x)	Run self tests, using QUIC v2	2026-09-11T01:06:40.3174150Z === RUN   TestHandshake05RTT
Integration (macos, Go 1.27.x)	Run self tests, using QUIC v2	2026-09-11T01:06:40.3276770Z === RUN   TestHandshake05RTT/using_ListenEarly
Integration (macos, Go 1.27.x)	Run self tests, using QUIC v2	2026-09-11T01:06:40.3378160Z === RUN   TestHandshake05RTT/using_Listen
Integration (macos, Go 1.27.x)	Run self tests, using QUIC v2	2026-09-11T01:06:40.3480250Z --- PASS: TestHandshake05RTT (0.00s)
Integration (macos, Go 1.27.x)	Run self tests, using QUIC v2	2026-09-11T01:06:40.3581760Z     --- PASS: TestHandshake05RTT/using_ListenEarly (0.00s)
Integration (macos, Go 1.27.x)	Run self tests, using QUIC v2	2026-09-11T01:06:40.3712310Z     --- PASS: TestHandshake05RTT/using_Listen (0.00s)
Integration (macos, Go 1.27.x)	Run self tests, using QUIC v2	2026-09-11T01:06:40.3813490Z === RUN   TestStreamDataBlocked
Integration (macos, Go 1.27.x)	Run self tests, using QUIC v2	2026-09-11T01:06:40.3918350Z 2026/09/11 01:06:40 failed to sufficiently increase receive buffer size (was: 768 kiB, wanted: 7168 kiB, got: 6144 kiB). See https://github.com/quic-go/quic-go/wiki/UDP-Buffer-Sizes for details.
Integration (macos, Go 1.27.x)	Run self tests, using QUIC v2	2026-09-11T01:06:40.4254700Z --- PASS: TestStreamDataBlocked (0.13s)
Integration (macos, Go 1.27.x)	Run self tests, using QUIC v2	2026-09-11T01:06:40.4257560Z === RUN   TestGetConfigForClient
Integration (macos, Go 1.27.x)	Run self tests, using QUIC v2	2026-09-11T01:06:40.4300380Z --- PASS: TestGetConfigForClient (0.00s)
Integration (macos, Go 1.27.x)	Run self tests, using QUIC v2	2026-09-11T01:06:40.4303900Z === RUN   TestDatagramSizeLimit
Integration (macos, Go 1.27.x)	Run self tests, using QUIC v2	2026-09-11T01:06:40.4304480Z --- PASS: TestDatagramSizeLimit (0.00s)
Integration (macos, Go 1.27.x)	Run self tests, using QUIC v2	2026-09-11T01:06:40.4305890Z === RUN   TestHTTPGet
Integration (macos, Go 1.27.x)	Run self tests, using QUIC v2	2026-09-11T01:06:40.4314560Z === RUN   TestHTTPGet/small
Integration (macos, Go 1.27.x)	Run self tests, using QUIC v2	2026-09-11T01:06:40.4425870Z === RUN   TestHTTPGet/big
Integration (macos, Go 1.27.x)	Run self tests, using QUIC v2	2026-09-11T01:06:40.7263070Z --- PASS: TestHTTPGet (0.29s)
Integration (macos, Go 1.27.x)	Run self tests, using QUIC v2	2026-09-11T01:06:40.7375970Z     --- PASS: TestHTTPGet/small (0.01s)
Integration (macos, Go 1.27.x)	Run self tests, using QUIC v2	2026-09-11T01:06:40.7477440Z     --- PASS: TestHTTPGet/big (0.28s)
Integration (macos, Go 1.27.x)	Run self tests, using QUIC v2	2026-09-11T01:06:40.7578770Z === RUN   TestCorruptionCaptureInterruptedFixtureCleanup
Integration (macos, Go 1.27.x)	Run self tests, using QUIC v2	2026-09-11T01:06:44.0179280Z --- PASS: TestCorruptionCaptureInterruptedFixtureCleanup (3.30s)
Integration (macos, Go 1.27.x)	Run self tests, using QUIC v2	2026-09-11T01:06:44.0187390Z === RUN   TestMITMForgedRetryPacket
Integration (macos, Go 1.27.x)	Run self tests, using QUIC v2	2026-09-11T01:06:44.1677360Z --- PASS: TestMITMForgedRetryPacket (0.15s)
Integration (macos, Go 1.27.x)	Run self tests, using QUIC v2	2026-09-11T01:06:44.1766000Z === RUN   TestMITMForgedInitialPacket
Integration (macos, Go 1.27.x)	Run self tests, using QUIC v2	2026-09-11T01:06:44.3199870Z --- PASS: TestMITMForgedInitialPacket (0.15s)
Integration (macos, Go 1.27.x)	Run self tests, using QUIC v2	2026-09-11T01:06:44.3200470Z === RUN   TestPacketDrops
Integration (macos, Go 1.27.x)	Run self tests, using QUIC v2	2026-09-11T01:06:44.3200900Z === RUN   TestPacketDrops/from_client
Integration (macos, Go 1.27.x)	Run self tests, using QUIC v2	2026-09-11T01:06:44.3201830Z     drop_test.go:75: sending a message every 66.691186ms, 50 times
Integration (macos, Go 1.27.x)	Run self tests, using QUIC v2	2026-09-11T01:06:44.3202840Z     drop_test.go:76: dropping packets for 531.290796ms, after a delay of 1.397091782s
Integration (macos, Go 1.27.x)	Run self tests, using QUIC v2	2026-09-11T01:06:44.3276330Z     drop_test.go:114: dropped 9 packets
Integration (macos, Go 1.27.x)	Run self tests, using QUIC v2	2026-09-11T01:06:44.3277350Z === RUN   TestPacketDrops/from_server
Integration (macos, Go 1.27.x)	Run self tests, using QUIC v2	2026-09-11T01:06:44.3278010Z     drop_test.go:75: sending a message every 28.536745ms, 50 times
Integration (macos, Go 1.27.x)	Run self tests, using QUIC v2	2026-09-11T01:06:44.3278790Z     drop_test.go:76: dropping packets for 203.610955ms, after a delay of 294.475626ms
Integration (macos, Go 1.27.x)	Run self tests, using QUIC v2	2026-09-11T01:06:44.3279460Z     drop_test.go:114: dropped 7 packets
Integration (macos, Go 1.27.x)	Run self tests, using QUIC v2	2026-09-11T01:06:44.3280280Z --- PASS: TestPacketDrops (0.01s)
Integration (macos, Go 1.27.x)	Run self tests, using QUIC v2	2026-09-11T01:06:44.3281180Z     --- PASS: TestPacketDrops/from_client (0.00s)
Integration (macos, Go 1.27.x)	Run self tests, using QUIC v2	2026-09-11T01:06:44.3283390Z     --- PASS: TestPacketDrops/from_server (0.00s)
Integration (macos, Go 1.27.x)	Run self tests, using QUIC v2	2026-09-11T01:06:44.3284160Z === RUN   TestHandshakeDiagnosticsEventSnapshot
Integration (macos, Go 1.27.x)	Run self tests, using QUIC v2	2026-09-11T01:06:44.3284690Z --- PASS: TestHandshakeDiagnosticsEventSnapshot (0.00s)
Integration (macos, Go 1.27.x)	Run self tests, using QUIC v2	2026-09-11T01:06:44.3285250Z === RUN   TestGracefulShutdownIdleConnection
Integration (macos, Go 1.27.x)	Run self tests, using QUIC v2	2026-09-11T01:06:44.3285660Z --- PASS: TestGracefulShutdownIdleConnection (0.00s)
Integration (macos, Go 1.27.x)	Run self tests, using QUIC v2	2026-09-11T01:06:44.3286590Z === RUN   TestMultiplexingNonQUICPackets
Integration (macos, Go 1.27.x)	Run self tests, using QUIC v2	2026-09-11T01:06:44.3890330Z --- PASS: TestMultiplexingNonQUICPackets (0.06s)
Integration (macos, Go 1.27.x)	Run self tests, using QUIC v2	2026-09-11T01:06:44.3892370Z === RUN   TestTLSGetConfigForClientError
Integration (macos, Go 1.27.x)	Run self tests, using QUIC v2	2026-09-11T01:06:44.3897150Z --- PASS: TestTLSGetConfigForClientError (0.00s)
Integration (macos, Go 1.27.x)	Run self tests, using QUIC v2	2026-09-11T01:06:44.3898400Z === RUN   TestHandshakeCorruption
Integration (macos, Go 1.27.x)	Run self tests, using QUIC v2	2026-09-11T01:06:44.3899290Z === RUN   TestHandshakeCorruption/initial/corrupt
Integration (macos, Go 1.27.x)	Run self tests, using QUIC v2	2026-09-11T01:06:44.3910310Z === RUN   TestHandshakeCorruption/initial/control
Integration (macos, Go 1.27.x)	Run self tests, using QUIC v2	2026-09-11T01:06:44.3923770Z === RUN   TestHandshakeCorruption/handshake/corrupt
Integration (macos, Go 1.27.x)	Run self tests, using QUIC v2	2026-09-11T01:06:44.3941220Z === RUN   TestHandshakeCorruption/handshake/control
Integration (macos, Go 1.27.x)	Run self tests, using QUIC v2	2026-09-11T01:06:44.3955270Z === RUN   TestHandshakeCorruption/handshake/deadline
Integration (macos, Go 1.27.x)	Run self tests, using QUIC v2	2026-09-11T01:06:44.3966770Z --- PASS: TestHandshakeCorruption (0.01s)
Integration (macos, Go 1.27.x)	Run self tests, using QUIC v2	2026-09-11T01:06:44.3967890Z     --- PASS: TestHandshakeCorruption/initial/corrupt (0.00s)
Integration (macos, Go 1.27.x)	Run self tests, using QUIC v2	2026-09-11T01:06:44.3968540Z     --- PASS: TestHandshakeCorruption/initial/control (0.00s)
Integration (macos, Go 1.27.x)	Run self tests, using QUIC v2	2026-09-11T01:06:44.3969090Z     --- PASS: TestHandshakeCorruption/handshake/corrupt (0.00s)
Integration (macos, Go 1.27.x)	Run self tests, using QUIC v2	2026-09-11T01:06:44.3969710Z     --- PASS: TestHandshakeCorruption/handshake/control (0.00s)
Integration (macos, Go 1.27.x)	Run self tests, using QUIC v2	2026-09-11T01:06:44.3970360Z     --- PASS: TestHandshakeCorruption/handshake/deadline (0.00s)
Integration (macos, Go 1.27.x)	Run self tests, using QUIC v2	2026-09-11T01:06:44.3970920Z === RUN   TestHandshakeDiagnosticsCleanup
Integration (macos, Go 1.27.x)	Run self tests, using QUIC v2	2026-09-11T01:06:44.3971280Z === RUN   TestHandshakeDiagnosticsCleanup/pass
Integration (macos, Go 1.27.x)	Run self tests, using QUIC v2	2026-09-11T01:06:44.7083620Z === RUN   TestHandshakeDiagnosticsCleanup/fail
Integration (macos, Go 1.27.x)	Run self tests, using QUIC v2	2026-09-11T01:06:45.0460570Z --- PASS: TestHandshakeDiagnosticsCleanup (0.65s)
Integration (macos, Go 1.27.x)	Run self tests, using QUIC v2	2026-09-11T01:06:45.0462600Z     --- PASS: TestHandshakeDiagnosticsCleanup/pass (0.31s)
Integration (macos, Go 1.27.x)	Run self tests, using QUIC v2	2026-09-11T01:06:45.0463730Z     --- PASS: TestHandshakeDiagnosticsCleanup/fail (0.34s)
Integration (macos, Go 1.27.x)	Run self tests, using QUIC v2	2026-09-11T01:06:45.0464720Z === RUN   TestQlogHandshake
Integration (macos, Go 1.27.x)	Run self tests, using QUIC v2	2026-09-11T01:06:45.0480260Z --- PASS: TestQlogHandshake (0.00s)
Integration (macos, Go 1.27.x)	Run self tests, using QUIC v2	2026-09-11T01:06:45.0480820Z === RUN   Test0RTTWithIncreasedStreamLimit
Integration (macos, Go 1.27.x)	Run self tests, using QUIC v2	2026-09-11T01:06:45.0503920Z --- PASS: Test0RTTWithIncreasedStreamLimit (0.00s)
Integration (macos, Go 1.27.x)	Run self tests, using QUIC v2	2026-09-11T01:06:45.0505480Z === RUN   TestHTTPReestablishConnectionAfterDialError
Integration (macos, Go 1.27.x)	Run self tests, using QUIC v2	2026-09-11T01:06:45.0523570Z --- PASS: TestHTTPReestablishConnectionAfterDialError (0.00s)
Integration (macos, Go 1.27.x)	Run self tests, using QUIC v2	2026-09-11T01:06:45.0524550Z === RUN   TestConnContextRejection
Integration (macos, Go 1.27.x)	Run self tests, using QUIC v2	2026-09-11T01:06:45.0524920Z === RUN   TestConnContextRejection/rejecting
Integration (macos, Go 1.27.x)	Run self tests, using QUIC v2	2026-09-11T01:06:45.0528710Z === RUN   TestConnContextRejection/not_rejecting
Integration (macos, Go 1.27.x)	Run self tests, using QUIC v2	2026-09-11T01:06:45.0540720Z --- PASS: TestConnContextRejection (0.00s)
Integration (macos, Go 1.27.x)	Run self tests, using QUIC v2	2026-09-11T01:06:45.0541300Z     --- PASS: TestConnContextRejection/rejecting (0.00s)
Integration (macos, Go 1.27.x)	Run self tests, using QUIC v2	2026-09-11T01:06:45.0541790Z     --- PASS: TestConnContextRejection/not_rejecting (0.00s)
Integration (macos, Go 1.27.x)	Run self tests, using QUIC v2	2026-09-11T01:06:45.0542220Z === RUN   TestHandshakePacketBuffering
Integration (macos, Go 1.27.x)	Run self tests, using QUIC v2	2026-09-11T01:06:45.0551340Z     handshake_drop_test.go:445: buffered packets: 2
Integration (macos, Go 1.27.x)	Run self tests, using QUIC v2	2026-09-11T01:06:45.0552610Z --- PASS: TestHandshakePacketBuffering (0.00s)
Integration (macos, Go 1.27.x)	Run self tests, using QUIC v2	2026-09-11T01:06:45.0553070Z === RUN   TestConnectionCloseRetransmission
Integration (macos, Go 1.27.x)	Run self tests, using QUIC v2	2026-09-11T01:06:45.0576010Z --- PASS: TestConnectionCloseRetransmission (0.00s)
Integration (macos, Go 1.27.x)	Run self tests, using QUIC v2	2026-09-11T01:06:45.0576880Z === RUN   TestCorruptionCaptureWithoutCleanup
Integration (macos, Go 1.27.x)	Run self tests, using QUIC v2	2026-09-11T01:06:45.3378660Z --- PASS: TestCorruptionCaptureWithoutCleanup (0.28s)
Integration (macos, Go 1.27.x)	Run self tests, using QUIC v2	2026-09-11T01:06:45.3380690Z === RUN   TestMultiplexingServerAndClientOnSameConn
Integration (macos, Go 1.27.x)	Run self tests, using QUIC v2	2026-09-11T01:06:46.3405590Z --- PASS: TestMultiplexingServerAndClientOnSameConn (1.00s)
Integration (macos, Go 1.27.x)	Run self tests, using QUIC v2	2026-09-11T01:06:46.3406320Z === RUN   TestConnContextFreshContext
Integration (macos, Go 1.27.x)	Run self tests, using QUIC v2	2026-09-11T01:06:46.3420660Z --- PASS: TestConnContextFreshContext (0.00s)
Integration (macos, Go 1.27.x)	Run self tests, using QUIC v2	2026-09-11T01:06:46.3421550Z === RUN   Test0RTTDisabledOnDial
Integration (macos, Go 1.27.x)	Run self tests, using QUIC v2	2026-09-11T01:06:46.3440700Z --- PASS: Test0RTTDisabledOnDial (0.00s)
Integration (macos, Go 1.27.x)	Run self tests, using QUIC v2	2026-09-11T01:06:46.3441370Z === RUN   TestTransportClose
Integration (macos, Go 1.27.x)	Run self tests, using QUIC v2	2026-09-11T01:06:46.3441810Z === RUN   TestTransportClose/Close
Integration (macos, Go 1.27.x)	Run self tests, using QUIC v2	2026-09-11T01:06:46.3757460Z === RUN   TestTransportClose/connection_error
Integration (macos, Go 1.27.x)	Run self tests, using QUIC v2	2026-09-11T01:06:46.4074460Z --- PASS: TestTransportClose (0.06s)
Integration (macos, Go 1.27.x)	Run self tests, using QUIC v2	2026-09-11T01:06:46.4105480Z     --- PASS: TestTransportClose/Close (0.03s)
Integration (macos, Go 1.27.x)	Run self tests, using QUIC v2	2026-09-11T01:06:46.4106660Z     --- PASS: TestTransportClose/connection_error (0.03s)
Integration (macos, Go 1.27.x)	Run self tests, using QUIC v2	2026-09-11T01:06:46.4107320Z === RUN   TestHTTP3ServerHotswap
Integration (macos, Go 1.27.x)	Run self tests, using QUIC v2	2026-09-11T01:06:51.4790960Z     http_hotswap_test.go:97: 
Integration (macos, Go 1.27.x)	Run self tests, using QUIC v2	2026-09-11T01:06:51.4794340Z         	Error Trace:	/Users/runner/work/quic-go-fast/quic-go-fast/integrationtests/self/http_hotswap_test.go:97
Integration (macos, Go 1.27.x)	Run self tests, using QUIC v2	2026-09-11T01:06:51.4802480Z         	Error:      	Received unexpected error:
Integration (macos, Go 1.27.x)	Run self tests, using QUIC v2	2026-09-11T01:06:51.4804330Z         	            	Get "https://localhost:53452/hello2": timeout: no recent network activity
Integration (macos, Go 1.27.x)	Run self tests, using QUIC v2	2026-09-11T01:06:51.4804880Z         	Test:       	TestHTTP3ServerHotswap
Integration (macos, Go 1.27.x)	Run self tests, using QUIC v2	2026-09-11T01:06:51.4805250Z --- FAIL: TestHTTP3ServerHotswap (5.07s)
Integration (macos, Go 1.27.x)	Run self tests, using QUIC v2	2026-09-11T01:06:51.4805630Z === RUN   TestStreamPriority
Integration (macos, Go 1.27.x)	Run self tests, using QUIC v2	2026-09-11T01:06:51.4806060Z === RUN   TestStreamPriority/incremental_streams_use_urgency_and_round_robin
Integration (macos, Go 1.27.x)	Run self tests, using QUIC v2	2026-09-11T01:06:51.4859650Z === RUN   TestStreamPriority/non-incremental_streams_use_stream_ID
Integration (macos, Go 1.27.x)	Run self tests, using QUIC v2	2026-09-11T01:06:51.4919540Z --- PASS: TestStreamPriority (0.01s)
Integration (macos, Go 1.27.x)	Run self tests, using QUIC v2	2026-09-11T01:06:51.5043140Z     --- PASS: TestStreamPriority/incremental_streams_use_urgency_and_round_robin (0.01s)
Integration (macos, Go 1.27.x)	Run self tests, using QUIC v2	2026-09-11T01:06:51.5146680Z     --- PASS: TestStreamPriority/non-incremental_streams_use_stream_ID (0.01s)
Integration (macos, Go 1.27.x)	Run self tests, using QUIC v2	2026-09-11T01:06:51.5252970Z === RUN   TestStreamReadCancellation
Integration (macos, Go 1.27.x)	Run self tests, using QUIC v2	2026-09-11T01:06:51.5361400Z === RUN   TestStreamReadCancellation/immediate
Integration (macos, Go 1.27.x)	Run self tests, using QUIC v2	2026-09-11T01:06:51.5872810Z === RUN   TestStreamReadCancellation/after_reading_some_data
Integration (macos, Go 1.27.x)	Run self tests, using QUIC v2	2026-09-11T01:06:51.7641360Z === RUN   TestStreamReadCancellation/concurrent
Integration (macos, Go 1.27.x)	Run self tests, using QUIC v2	2026-09-11T01:06:51.8901320Z --- PASS: TestStreamReadCancellation (0.40s)
Integration (macos, Go 1.27.x)	Run self tests, using QUIC v2	2026-09-11T01:06:51.8902330Z     --- PASS: TestStreamReadCancellation/immediate (0.09s)
Integration (macos, Go 1.27.x)	Run self tests, using QUIC v2	2026-09-11T01:06:51.8903920Z     --- PASS: TestStreamReadCancellation/after_reading_some_data (0.18s)
Integration (macos, Go 1.27.x)	Run self tests, using QUIC v2	2026-09-11T01:06:51.8904670Z     --- PASS: TestStreamReadCancellation/concurrent (0.13s)
Integration (macos, Go 1.27.x)	Run self tests, using QUIC v2	2026-09-11T01:06:51.8905020Z === RUN   TestMITCorruptPackets
Integration (macos, Go 1.27.x)	Run self tests, using QUIC v2	2026-09-11T01:06:51.8905750Z === RUN   TestMITCorruptPackets/towards_the_server
Integration (macos, Go 1.27.x)	Run self tests, using QUIC v2	2026-09-11T01:06:51.8906260Z === RUN   TestMITCorruptPackets/towards_the_server/initial
Integration (macos, Go 1.27.x)	Run self tests, using QUIC v2	2026-09-11T01:06:52.1557670Z     mitm_test.go:219: corrupted 1 packets
Integration (macos, Go 1.27.x)	Run self tests, using QUIC v2	2026-09-11T01:06:52.1561520Z === RUN   TestMITCorruptPackets/towards_the_server/handshake
Integration (macos, Go 1.27.x)	Run self tests, using QUIC v2	2026-09-11T01:06:52.3320430Z     mitm_test.go:219: corrupted 1 packets
Integration (macos, Go 1.27.x)	Run self tests, using QUIC v2	2026-09-11T01:06:52.3321340Z === RUN   TestMITCorruptPackets/towards_the_server/1RTT
Integration (macos, Go 1.27.x)	Run self tests, using QUIC v2	2026-09-11T01:06:52.6274730Z     mitm_test.go:219: corrupted 1 packets
Integration (macos, Go 1.27.x)	Run self tests, using QUIC v2	2026-09-11T01:06:52.6277090Z === RUN   TestMITCorruptPackets/towards_the_client
Integration (macos, Go 1.27.x)	Run self tests, using QUIC v2	2026-09-11T01:06:52.6278870Z === RUN   TestMITCorruptPackets/towards_the_client/initial
Integration (macos, Go 1.27.x)	Run self tests, using QUIC v2	2026-09-11T01:06:53.0366780Z     mitm_test.go:219: corrupted 1 packets
Integration (macos, Go 1.27.x)	Run self tests, using QUIC v2	2026-09-11T01:06:53.0468390Z === RUN   TestMITCorruptPackets/towards_the_client/handshake
Integration (macos, Go 1.27.x)	Run self tests, using QUIC v2	2026-09-11T01:06:53.2070860Z     mitm_test.go:219: corrupted 1 packets
Integration (macos, Go 1.27.x)	Run self tests, using QUIC v2	2026-09-11T01:06:53.2072660Z === RUN   TestMITCorruptPackets/towards_the_client/1RTT
Integration (macos, Go 1.27.x)	Run self tests, using QUIC v2	2026-09-11T01:06:53.5029780Z     mitm_test.go:219: corrupted 1 packets
Integration (macos, Go 1.27.x)	Run self tests, using QUIC v2	2026-09-11T01:06:53.5031790Z --- PASS: TestMITCorruptPackets (1.61s)
Integration (macos, Go 1.27.x)	Run self tests, using QUIC v2	2026-09-11T01:06:53.5033280Z     --- PASS: TestMITCorruptPackets/towards_the_server (0.74s)
Integration (macos, Go 1.27.x)	Run self tests, using QUIC v2	2026-09-11T01:06:53.5034460Z         --- PASS: TestMITCorruptPackets/towards_the_server/initial (0.27s)
Integration (macos, Go 1.27.x)	Run self tests, using QUIC v2	2026-09-11T01:06:53.5036190Z         --- PASS: TestMITCorruptPackets/towards_the_server/handshake (0.17s)
Integration (macos, Go 1.27.x)	Run self tests, using QUIC v2	2026-09-11T01:06:53.5037080Z         --- PASS: TestMITCorruptPackets/towards_the_server/1RTT (0.30s)
Integration (macos, Go 1.27.x)	Run self tests, using QUIC v2	2026-09-11T01:06:53.5037860Z     --- PASS: TestMITCorruptPackets/towards_the_client (0.87s)
Integration (macos, Go 1.27.x)	Run self tests, using QUIC v2	2026-09-11T01:06:53.5038720Z         --- PASS: TestMITCorruptPackets/towards_the_client/initial (0.41s)
Integration (macos, Go 1.27.x)	Run self tests, using QUIC v2	2026-09-11T01:06:53.5039680Z         --- PASS: TestMITCorruptPackets/towards_the_client/handshake (0.17s)
Integration (macos, Go 1.27.x)	Run self tests, using QUIC v2	2026-09-11T01:06:53.5040370Z         --- PASS: TestMITCorruptPackets/towards_the_client/1RTT (0.30s)
Integration (macos, Go 1.27.x)	Run self tests, using QUIC v2	2026-09-11T01:06:53.5040930Z === RUN   TestWriteWithLimitConnectionFlowControl
Integration (macos, Go 1.27.x)	Run self tests, using QUIC v2	2026-09-11T01:06:53.5047160Z --- PASS: TestWriteWithLimitConnectionFlowControl (0.00s)
Integration (macos, Go 1.27.x)	Run self tests, using QUIC v2	2026-09-11T01:06:53.5047690Z === RUN   TestCorruptionCaptureSocketErrors
Integration (macos, Go 1.27.x)	Run self tests, using QUIC v2	2026-09-11T01:06:53.5072600Z --- PASS: TestCorruptionCaptureSocketErrors (0.00s)
Integration (macos, Go 1.27.x)	Run self tests, using QUIC v2	2026-09-11T01:06:53.5073790Z === RUN   TestMITMForgedInitialPacketWithAck
Integration (macos, Go 1.27.x)	Run self tests, using QUIC v2	2026-09-11T01:06:53.5079030Z --- PASS: TestMITMForgedInitialPacketWithAck (0.00s)
Integration (macos, Go 1.27.x)	Run self tests, using QUIC v2	2026-09-11T01:06:53.5079800Z === RUN   TestHandshakeCapturedCorruption
Integration (macos, Go 1.27.x)	Run self tests, using QUIC v2	2026-09-11T01:06:53.5080230Z === RUN   TestHandshakeCapturedCorruption/Initial_starvation
Integration (macos, Go 1.27.x)	Run self tests, using QUIC v2	2026-09-11T01:06:53.5091040Z     handshake_corruption_capture_test.go:206: Initial attempts=5 damaged=5 received_CRYPTO=0 received_ACK=6 authentication_drops=5 PTO=4 released=false handshake_keys=false
Integration (macos, Go 1.27.x)	Run self tests, using QUIC v2	2026-09-11T01:06:53.5091960Z === RUN   TestHandshakeCapturedCorruption/release_retransmission
Integration (macos, Go 1.27.x)	Run self tests, using QUIC v2	2026-09-11T01:06:53.5105280Z     handshake_corruption_capture_test.go:206: Initial attempts=3 damaged=1 received_CRYPTO=2 received_ACK=1 authentication_drops=1 PTO=1 released=true handshake_keys=true
Integration (macos, Go 1.27.x)	Run self tests, using QUIC v2	2026-09-11T01:06:53.5106110Z === RUN   TestHandshakeCapturedCorruption/undamaged
Integration (macos, Go 1.27.x)	Run self tests, using QUIC v2	2026-09-11T01:06:53.5118600Z     handshake_corruption_capture_test.go:206: Initial attempts=1 damaged=0 received_CRYPTO=1 received_ACK=1 authentication_drops=0 PTO=0 released=false handshake_keys=true
Integration (macos, Go 1.27.x)	Run self tests, using QUIC v2	2026-09-11T01:06:53.5119590Z --- PASS: TestHandshakeCapturedCorruption (0.00s)
Integration (macos, Go 1.27.x)	Run self tests, using QUIC v2	2026-09-11T01:06:53.5120500Z     --- PASS: TestHandshakeCapturedCorruption/Initial_starvation (0.00s)
Integration (macos, Go 1.27.x)	Run self tests, using QUIC v2	2026-09-11T01:06:53.5121320Z     --- PASS: TestHandshakeCapturedCorruption/release_retransmission (0.00s)
Integration (macos, Go 1.27.x)	Run self tests, using QUIC v2	2026-09-11T01:06:53.5122110Z     --- PASS: TestHandshakeCapturedCorruption/undamaged (0.00s)
Integration (macos, Go 1.27.x)	Run self tests, using QUIC v2	2026-09-11T01:06:53.5122590Z === RUN   TestReadDeadlineAsync
Integration (macos, Go 1.27.x)	Run self tests, using QUIC v2	2026-09-11T01:06:53.8479280Z --- PASS: TestReadDeadlineAsync (0.34s)
Integration (macos, Go 1.27.x)	Run self tests, using QUIC v2	2026-09-11T01:06:53.8481930Z === RUN   TestConnectionMigrationConcurrentAddresses
Integration (macos, Go 1.27.x)	Run self tests, using QUIC v2	2026-09-11T01:06:54.0203840Z --- PASS: TestConnectionMigrationConcurrentAddresses (0.17s)
Integration (macos, Go 1.27.x)	Run self tests, using QUIC v2	2026-09-11T01:06:54.0205810Z === RUN   TestHTTPGzip
Integration (macos, Go 1.27.x)	Run self tests, using QUIC v2	2026-09-11T01:06:54.0233490Z --- PASS: TestHTTPGzip (0.00s)
Integration (macos, Go 1.27.x)	Run self tests, using QUIC v2	2026-09-11T01:06:54.0234260Z === RUN   TestConnContextOnServerSide
Integration (macos, Go 1.27.x)	Run self tests, using QUIC v2	2026-09-11T01:06:54.0249660Z --- PASS: TestConnContextOnServerSide (0.00s)
Integration (macos, Go 1.27.x)	Run self tests, using QUIC v2	2026-09-11T01:06:54.0250470Z === RUN   TestHandshakeServerMismatch
Integration (macos, Go 1.27.x)	Run self tests, using QUIC v2	2026-09-11T01:06:54.0263940Z --- PASS: TestHandshakeServerMismatch (0.00s)
Integration (macos, Go 1.27.x)	Run self tests, using QUIC v2	2026-09-11T01:06:54.0264630Z === RUN   TestHTTP1xxResponse
Integration (macos, Go 1.27.x)	Run self tests, using QUIC v2	2026-09-11T01:06:54.0287170Z --- PASS: TestHTTP1xxResponse (0.00s)
Integration (macos, Go 1.27.x)	Run self tests, using QUIC v2	2026-09-11T01:06:54.0289950Z === RUN   TestGracefulShutdownShortRequest
Integration (macos, Go 1.27.x)	Run self tests, using QUIC v2	2026-09-11T01:06:54.0641590Z --- PASS: TestGracefulShutdownShortRequest (0.04s)
Integration (macos, Go 1.27.x)	Run self tests, using QUIC v2	2026-09-11T01:06:54.0642450Z === RUN   TestInvalidToken
Integration (macos, Go 1.27.x)	Run self tests, using QUIC v2	2026-09-11T01:06:54.1066870Z --- PASS: TestInvalidToken (0.04s)
Integration (macos, Go 1.27.x)	Run self tests, using QUIC v2	2026-09-11T01:06:54.1067770Z === RUN   TestContextOnClientSide
Integration (macos, Go 1.27.x)	Run self tests, using QUIC v2	2026-09-11T01:06:54.1081320Z --- PASS: TestContextOnClientSide (0.00s)
Integration (macos, Go 1.27.x)	Run self tests, using QUIC v2	2026-09-11T01:06:54.1081980Z === RUN   TestNATRebinding
Integration (macos, Go 1.27.x)	Run self tests, using QUIC v2	2026-09-11T01:06:55.0650760Z --- PASS: TestNATRebinding (0.96s)
Integration (macos, Go 1.27.x)	Run self tests, using QUIC v2	2026-09-11T01:06:55.0652530Z === RUN   TestHandshakeAddrResolutionHelpers
Integration (macos, Go 1.27.x)	Run self tests, using QUIC v2	2026-09-11T01:06:55.0653730Z === RUN   TestHandshakeAddrResolutionHelpers/early=false
Integration (macos, Go 1.27.x)	Run self tests, using QUIC v2	2026-09-11T01:06:55.0748680Z === RUN   TestHandshakeAddrResolutionHelpers/early=true
Integration (macos, Go 1.27.x)	Run self tests, using QUIC v2	2026-09-11T01:06:55.0752260Z --- PASS: TestHandshakeAddrResolutionHelpers (0.01s)
Integration (macos, Go 1.27.x)	Run self tests, using QUIC v2	2026-09-11T01:06:55.0753690Z     --- PASS: TestHandshakeAddrResolutionHelpers/early=false (0.00s)
Integration (macos, Go 1.27.x)	Run self tests, using QUIC v2	2026-09-11T01:06:55.0755180Z     --- PASS: TestHandshakeAddrResolutionHelpers/early=true (0.00s)
Integration (macos, Go 1.27.x)	Run self tests, using QUIC v2	2026-09-11T01:06:55.0756200Z === RUN   TestTimeoutAfterInactivity
Integration (macos, Go 1.27.x)	Run self tests, using QUIC v2	2026-09-11T01:06:55.0757010Z --- PASS: TestTimeoutAfterInactivity (0.00s)
Integration (macos, Go 1.27.x)	Run self tests, using QUIC v2	2026-09-11T01:06:55.0757770Z === RUN   TestHTTPRequestTrailers
Integration (macos, Go 1.27.x)	Run self tests, using QUIC v2	2026-09-11T01:06:55.0804020Z --- PASS: TestHTTPRequestTrailers (0.01s)
Integration (macos, Go 1.27.x)	Run self tests, using QUIC v2	2026-09-11T01:06:55.0805330Z === RUN   TestStreamWriteCancellation
Integration (macos, Go 1.27.x)	Run self tests, using QUIC v2	2026-09-11T01:06:55.0805670Z === RUN   TestStreamWriteCancellation/immediate
Integration (macos, Go 1.27.x)	Run self tests, using QUIC v2	2026-09-11T01:06:55.2453690Z === RUN   TestStreamWriteCancellation/after_writing_some_data
Integration (macos, Go 1.27.x)	Run self tests, using QUIC v2	2026-09-11T01:06:55.5235900Z === RUN   TestStreamWriteCancellation/concurrent
Integration (macos, Go 1.27.x)	Run self tests, using QUIC v2	2026-09-11T01:06:55.6974800Z --- PASS: TestStreamWriteCancellation (0.61s)
Integration (macos, Go 1.27.x)	Run self tests, using QUIC v2	2026-09-11T01:06:55.7074430Z     --- PASS: TestStreamWriteCancellation/immediate (0.16s)
Integration (macos, Go 1.27.x)	Run self tests, using QUIC v2	2026-09-11T01:06:55.7175400Z     --- PASS: TestStreamWriteCancellation/after_writing_some_data (0.28s)
Integration (macos, Go 1.27.x)	Run self tests, using QUIC v2	2026-09-11T01:06:55.7278170Z     --- PASS: TestStreamWriteCancellation/concurrent (0.18s)
Integration (macos, Go 1.27.x)	Run self tests, using QUIC v2	2026-09-11T01:06:55.7388550Z === RUN   TestDatagramSizeLimitWithMTUDiscovery
Integration (macos, Go 1.27.x)	Run self tests, using QUIC v2	2026-09-11T01:06:55.7492650Z --- PASS: TestDatagramSizeLimitWithMTUDiscovery (0.01s)
Integration (macos, Go 1.27.x)	Run self tests, using QUIC v2	2026-09-11T01:06:55.7594020Z === RUN   TestDownloadWithFixedRTT
Integration (macos, Go 1.27.x)	Run self tests, using QUIC v2	2026-09-11T01:06:55.7696000Z === RUN   TestDownloadWithFixedRTT/10ms
Integration (macos, Go 1.27.x)	Run self tests, using QUIC v2	2026-09-11T01:06:55.7797640Z === RUN   TestDownloadWithFixedRTT/100ms
Integration (macos, Go 1.27.x)	Run self tests, using QUIC v2	2026-09-11T01:06:55.7898580Z === RUN   TestDownloadWithFixedRTT/500ms
Integration (macos, Go 1.27.x)	Run self tests, using QUIC v2	2026-09-11T01:06:55.8003060Z --- PASS: TestDownloadWithFixedRTT (0.03s)
Integration (macos, Go 1.27.x)	Run self tests, using QUIC v2	2026-09-11T01:06:55.8104740Z     --- PASS: TestDownloadWithFixedRTT/10ms (0.00s)
Integration (macos, Go 1.27.x)	Run self tests, using QUIC v2	2026-09-11T01:06:55.8205170Z     --- PASS: TestDownloadWithFixedRTT/100ms (0.01s)
Integration (macos, Go 1.27.x)	Run self tests, using QUIC v2	2026-09-11T01:06:55.8306710Z     --- PASS: TestDownloadWithFixedRTT/500ms (0.01s)
Integration (macos, Go 1.27.x)	Run self tests, using QUIC v2	2026-09-11T01:06:55.8410080Z === RUN   TestKeyUpdates
Integration (macos, Go 1.27.x)	Run self tests, using QUIC v2	2026-09-11T01:06:56.2762920Z     key_update_test.go:90: Used 994 key phases on outgoing and 994 key phases on incoming packets.
Integration (macos, Go 1.27.x)	Run self tests, using QUIC v2	2026-09-11T01:06:56.2864400Z --- PASS: TestKeyUpdates (0.54s)
Integration (macos, Go 1.27.x)	Run self tests, using QUIC v2	2026-09-11T01:06:56.2972030Z === RUN   TestHandshakeDiagnosticsConcurrentProducers
Integration (macos, Go 1.27.x)	Run self tests, using QUIC v2	2026-09-11T01:06:56.3075150Z --- PASS: TestHandshakeDiagnosticsConcurrentProducers (0.01s)
Integration (macos, Go 1.27.x)	Run self tests, using QUIC v2	2026-09-11T01:06:56.3176530Z === RUN   TestGracefulShutdownLongLivedRequest
Integration (macos, Go 1.27.x)	Run self tests, using QUIC v2	2026-09-11T01:06:56.3712660Z --- PASS: TestGracefulShutdownLongLivedRequest (0.09s)
Integration (macos, Go 1.27.x)	Run self tests, using QUIC v2	2026-09-11T01:06:56.3812070Z === RUN   TestConnectionIDsRandomLengths
Integration (macos, Go 1.27.x)	Run self tests, using QUIC v2	2026-09-11T01:06:56.3830650Z     conn_id_test.go:43: issuing 11 byte connection ID from the server
Integration (macos, Go 1.27.x)	Run self tests, using QUIC v2	2026-09-11T01:06:56.3832090Z     conn_id_test.go:43: issuing 15 byte connection ID from the client
Integration (macos, Go 1.27.x)	Run self tests, using QUIC v2	2026-09-11T01:06:56.3833290Z --- PASS: TestConnectionIDsRandomLengths (0.01s)
Integration (macos, Go 1.27.x)	Run self tests, using QUIC v2	2026-09-11T01:06:56.3834140Z === RUN   TestHandshakeFailsWithoutClientCert
Integration (macos, Go 1.27.x)	Run self tests, using QUIC v2	2026-09-11T01:06:56.3835060Z --- PASS: TestHandshakeFailsWithoutClientCert (0.00s)
Integration (macos, Go 1.27.x)	Run self tests, using QUIC v2	2026-09-11T01:06:56.3836010Z === RUN   TestEarlyData
Integration (macos, Go 1.27.x)	Run self tests, using QUIC v2	2026-09-11T01:06:56.5512810Z --- PASS: TestEarlyData (0.17s)
Integration (macos, Go 1.27.x)	Run self tests, using QUIC v2	2026-09-11T01:06:56.5521770Z === RUN   TestHTTPDatagramClose
Integration (macos, Go 1.27.x)	Run self tests, using QUIC v2	2026-09-11T01:06:56.5626660Z --- PASS: TestHTTPDatagramClose (0.01s)
Integration (macos, Go 1.27.x)	Run self tests, using QUIC v2	2026-09-11T01:06:56.5727790Z === RUN   Test0RTTDataLoss
Integration (macos, Go 1.27.x)	Run self tests, using QUIC v2	2026-09-11T01:06:56.5809260Z     zero_rtt_test.go:425: sent 10 0-RTT packets, dropped 2 of those.
Integration (macos, Go 1.27.x)	Run self tests, using QUIC v2	2026-09-11T01:06:56.5810400Z --- PASS: Test0RTTDataLoss (0.02s)
Integration (macos, Go 1.27.x)	Run self tests, using QUIC v2	2026-09-11T01:06:56.5823030Z === RUN   TestHTTPRequestAfterGracefulShutdown
Integration (macos, Go 1.27.x)	Run self tests, using QUIC v2	2026-09-11T01:06:56.5825200Z === RUN   TestHTTPRequestAfterGracefulShutdown/Request.GetBody_set
Integration (macos, Go 1.27.x)	Run self tests, using QUIC v2	2026-09-11T01:06:56.8066140Z === RUN   TestHTTPRequestAfterGracefulShutdown/Request.GetBody_not_set
Integration (macos, Go 1.27.x)	Run self tests, using QUIC v2	2026-09-11T01:06:56.9023790Z --- PASS: TestHTTPRequestAfterGracefulShutdown (0.32s)
Integration (macos, Go 1.27.x)	Run self tests, using QUIC v2	2026-09-11T01:06:56.9024520Z     --- PASS: TestHTTPRequestAfterGracefulShutdown/Request.GetBody_set (0.23s)
Integration (macos, Go 1.27.x)	Run self tests, using QUIC v2	2026-09-11T01:06:56.9026890Z     --- PASS: TestHTTPRequestAfterGracefulShutdown/Request.GetBody_not_set (0.10s)
Integration (macos, Go 1.27.x)	Run self tests, using QUIC v2	2026-09-11T01:06:56.9028350Z === RUN   TestTLSSessionResumption
Integration (macos, Go 1.27.x)	Run self tests, using QUIC v2	2026-09-11T01:06:56.9029200Z === RUN   TestTLSSessionResumption/uses_session_resumption
Integration (macos, Go 1.27.x)	Run self tests, using QUIC v2	2026-09-11T01:06:56.9078010Z === RUN   TestTLSSessionResumption/disabled_in_tls.Config
Integration (macos, Go 1.27.x)	Run self tests, using QUIC v2	2026-09-11T01:06:56.9116640Z === RUN   TestTLSSessionResumption/disabled_in_tls.Config.GetConfigForClient
Integration (macos, Go 1.27.x)	Run self tests, using QUIC v2	2026-09-11T01:06:56.9136010Z --- PASS: TestTLSSessionResumption (0.01s)
Integration (macos, Go 1.27.x)	Run self tests, using QUIC v2	2026-09-11T01:06:56.9138990Z     --- PASS: TestTLSSessionResumption/uses_session_resumption (0.01s)
Integration (macos, Go 1.27.x)	Run self tests, using QUIC v2	2026-09-11T01:06:56.9139800Z     --- PASS: TestTLSSessionResumption/disabled_in_tls.Config (0.00s)
Integration (macos, Go 1.27.x)	Run self tests, using QUIC v2	2026-09-11T01:06:56.9141030Z     --- PASS: TestTLSSessionResumption/disabled_in_tls.Config.GetConfigForClient (0.00s)
Integration (macos, Go 1.27.x)	Run self tests, using QUIC v2	2026-09-11T01:06:56.9141840Z === RUN   TestHandshakeDiagnosticsTruncation
Integration (macos, Go 1.27.x)	Run self tests, using QUIC v2	2026-09-11T01:06:56.9143290Z --- PASS: TestHandshakeDiagnosticsTruncation (0.00s)
Integration (macos, Go 1.27.x)	Run self tests, using QUIC v2	2026-09-11T01:06:56.9144210Z === RUN   TestHTTPServerIdleTimeout
Integration (macos, Go 1.27.x)	Run self tests, using QUIC v2	2026-09-11T01:06:56.9468930Z --- PASS: TestHTTPServerIdleTimeout (0.03s)
Integration (macos, Go 1.27.x)	Run self tests, using QUIC v2	2026-09-11T01:06:56.9572890Z === RUN   TestHTTPHeaderSizeLimitClient
Integration (macos, Go 1.27.x)	Run self tests, using QUIC v2	2026-09-11T01:06:56.9590990Z === RUN   TestHTTPHeaderSizeLimitClient/large_HEADERS_frame
Integration (macos, Go 1.27.x)	Run self tests, using QUIC v2	2026-09-11T01:06:56.9594300Z === RUN   TestHTTPHeaderSizeLimitClient/large_decompressed_HEADERS_frame
Integration (macos, Go 1.27.x)	Run self tests, using QUIC v2	2026-09-11T01:06:56.9595130Z --- PASS: TestHTTPHeaderSizeLimitClient (0.01s)
Integration (macos, Go 1.27.x)	Run self tests, using QUIC v2	2026-09-11T01:06:56.9595940Z     --- PASS: TestHTTPHeaderSizeLimitClient/large_HEADERS_frame (0.00s)
Integration (macos, Go 1.27.x)	Run self tests, using QUIC v2	2026-09-11T01:06:56.9596700Z     --- PASS: TestHTTPHeaderSizeLimitClient/large_decompressed_HEADERS_frame (0.00s)
Integration (macos, Go 1.27.x)	Run self tests, using QUIC v2	2026-09-11T01:06:56.9597250Z === RUN   TestHTTPServeQUICConn
Integration (macos, Go 1.27.x)	Run self tests, using QUIC v2	2026-09-11T01:06:56.9597900Z --- PASS: TestHTTPServeQUICConn (0.00s)
Integration (macos, Go 1.27.x)	Run self tests, using QUIC v2	2026-09-11T01:06:56.9598950Z === RUN   Test0RTTRejectedOnConnectionWindowDecrease
Integration (macos, Go 1.27.x)	Run self tests, using QUIC v2	2026-09-11T01:06:56.9631450Z --- PASS: Test0RTTRejectedOnConnectionWindowDecrease (0.00s)
Integration (macos, Go 1.27.x)	Run self tests, using QUIC v2	2026-09-11T01:06:56.9632060Z === RUN   TestClosedConnectionsInAcceptQueue
Integration (macos, Go 1.27.x)	Run self tests, using QUIC v2	2026-09-11T01:06:57.0432470Z --- PASS: TestClosedConnectionsInAcceptQueue (0.08s)
Integration (macos, Go 1.27.x)	Run self tests, using QUIC v2	2026-09-11T01:06:57.0434060Z === RUN   TestContentLengthForSmallResponse
Integration (macos, Go 1.27.x)	Run self tests, using QUIC v2	2026-09-11T01:06:57.0455520Z --- PASS: TestContentLengthForSmallResponse (0.00s)
Integration (macos, Go 1.27.x)	Run self tests, using QUIC v2	2026-09-11T01:06:57.0457180Z === RUN   TestHTTPRequestRetryAfterIdleTimeout
Integration (macos, Go 1.27.x)	Run self tests, using QUIC v2	2026-09-11T01:06:57.0458080Z === RUN   TestHTTPRequestRetryAfterIdleTimeout/only_cached_conn
Integration (macos, Go 1.27.x)	Run self tests, using QUIC v2	2026-09-11T01:06:57.1341490Z === RUN   TestHTTPRequestRetryAfterIdleTimeout/allow_re-dialing
Integration (macos, Go 1.27.x)	Run self tests, using QUIC v2	2026-09-11T01:06:57.2465770Z --- PASS: TestHTTPRequestRetryAfterIdleTimeout (0.20s)
Integration (macos, Go 1.27.x)	Run self tests, using QUIC v2	2026-09-11T01:06:57.2741950Z     --- PASS: TestHTTPRequestRetryAfterIdleTimeout/only_cached_conn (0.09s)
Integration (macos, Go 1.27.x)	Run self tests, using QUIC v2	2026-09-11T01:06:57.2760660Z     --- PASS: TestHTTPRequestRetryAfterIdleTimeout/allow_re-dialing (0.11s)
Integration (macos, Go 1.27.x)	Run self tests, using QUIC v2	2026-09-11T01:06:57.2862280Z === RUN   TestACKBundling
Integration (macos, Go 1.27.x)	Run self tests, using QUIC v2	2026-09-11T01:06:58.6585420Z     packetization_test.go:125: bundled incoming packets: 98 / 100
Integration (macos, Go 1.27.x)	Run self tests, using QUIC v2	2026-09-11T01:06:58.6586290Z     packetization_test.go:126: bundled outgoing packets: 97 / 100
Integration (macos, Go 1.27.x)	Run self tests, using QUIC v2	2026-09-11T01:06:58.6586740Z --- PASS: TestACKBundling (1.41s)
Integration (macos, Go 1.27.x)	Run self tests, using QUIC v2	2026-09-11T01:06:58.6587120Z === RUN   TestHandshakeCapturedLoss
Integration (macos, Go 1.27.x)	Run self tests, using QUIC v2	2026-09-11T01:06:58.6587480Z === RUN   TestHandshakeCapturedLoss/ACK_blackout
Integration (macos, Go 1.27.x)	Run self tests, using QUIC v2	2026-09-11T01:06:58.6612970Z === RUN   TestHandshakeCapturedLoss/deliver_gap
Integration (macos, Go 1.27.x)	Run self tests, using QUIC v2	2026-09-11T01:06:58.6632630Z === RUN   TestHandshakeCapturedLoss/restore_ACKs
Integration (macos, Go 1.27.x)	Run self tests, using QUIC v2	2026-09-11T01:06:58.6656530Z === RUN   TestHandshakeCapturedLoss/delayed_ACK_feedback
Integration (macos, Go 1.27.x)	Run self tests, using QUIC v2	2026-09-11T01:06:58.6724770Z --- PASS: TestHandshakeCapturedLoss (0.01s)
Integration (macos, Go 1.27.x)	Run self tests, using QUIC v2	2026-09-11T01:06:58.6727510Z     --- PASS: TestHandshakeCapturedLoss/ACK_blackout (0.00s)
Integration (macos, Go 1.27.x)	Run self tests, using QUIC v2	2026-09-11T01:06:58.6728730Z     --- PASS: TestHandshakeCapturedLoss/deliver_gap (0.00s)
Integration (macos, Go 1.27.x)	Run self tests, using QUIC v2	2026-09-11T01:06:58.6730230Z     --- PASS: TestHandshakeCapturedLoss/restore_ACKs (0.00s)
Integration (macos, Go 1.27.x)	Run self tests, using QUIC v2	2026-09-11T01:06:58.6731680Z     --- PASS: TestHandshakeCapturedLoss/delayed_ACK_feedback (0.01s)
Integration (macos, Go 1.27.x)	Run self tests, using QUIC v2	2026-09-11T01:06:58.6732260Z === RUN   TestNoPacketsSentWhenClientHelloFails
Integration (macos, Go 1.27.x)	Run self tests, using QUIC v2	2026-09-11T01:06:58.7235580Z --- PASS: TestNoPacketsSentWhenClientHelloFails (0.05s)
Integration (macos, Go 1.27.x)	Run self tests, using QUIC v2	2026-09-11T01:06:58.7336340Z === RUN   TestMITMForgedVersionNegotiationPacket
Integration (macos, Go 1.27.x)	Run self tests, using QUIC v2	2026-09-11T01:06:58.7437320Z --- PASS: TestMITMForgedVersionNegotiationPacket (0.00s)
Integration (macos, Go 1.27.x)	Run self tests, using QUIC v2	2026-09-11T01:06:58.7539680Z === RUN   TestHandshakeCloseListener
Integration (macos, Go 1.27.x)	Run self tests, using QUIC v2	2026-09-11T01:06:58.7639470Z === RUN   TestHandshakeCloseListener/using_Transport.Listen
Integration (macos, Go 1.27.x)	Run self tests, using QUIC v2	2026-09-11T01:06:58.7942220Z === RUN   TestHandshakeCloseListener/using_Listen
Integration (macos, Go 1.27.x)	Run self tests, using QUIC v2	2026-09-11T01:06:58.8606970Z === RUN   TestHandshakeCloseListener/using_ListenAddr
Integration (macos, Go 1.27.x)	Run self tests, using QUIC v2	2026-09-11T01:06:59.5288160Z --- PASS: TestHandshakeCloseListener (0.80s)
Integration (macos, Go 1.27.x)	Run self tests, using QUIC v2	2026-09-11T01:06:59.5390000Z     --- PASS: TestHandshakeCloseListener/using_Transport.Listen (0.07s)
Integration (macos, Go 1.27.x)	Run self tests, using QUIC v2	2026-09-11T01:06:59.5490280Z     --- PASS: TestHandshakeCloseListener/using_Listen (0.07s)
Integration (macos, Go 1.27.x)	Run self tests, using QUIC v2	2026-09-11T01:06:59.5527620Z     --- PASS: TestHandshakeCloseListener/using_ListenAddr (0.67s)
Integration (macos, Go 1.27.x)	Run self tests, using QUIC v2	2026-09-11T01:06:59.5528300Z === RUN   TestHTTPResponseTrailers
Integration (macos, Go 1.27.x)	Run self tests, using QUIC v2	2026-09-11T01:06:59.5528830Z --- PASS: TestHTTPResponseTrailers (0.00s)
Integration (macos, Go 1.27.x)	Run self tests, using QUIC v2	2026-09-11T01:06:59.5529210Z === RUN   TestHTTP3Qlog
Integration (macos, Go 1.27.x)	Run self tests, using QUIC v2	2026-09-11T01:06:59.5530950Z --- PASS: TestHTTP3Qlog (0.00s)
Integration (macos, Go 1.27.x)	Run self tests, using QUIC v2	2026-09-11T01:06:59.5549140Z === RUN   TestConnDataBlocked
Integration (macos, Go 1.27.x)	Run self tests, using QUIC v2	2026-09-11T01:06:59.6606860Z --- PASS: TestConnDataBlocked (0.13s)
Integration (macos, Go 1.27.x)	Run self tests, using QUIC v2	2026-09-11T01:06:59.6707510Z === RUN   TestWriteDeadlineSync
Integration (macos, Go 1.27.x)	Run self tests, using QUIC v2	2026-09-11T01:07:00.0048970Z --- PASS: TestWriteDeadlineSync (0.34s)
Integration (macos, Go 1.27.x)	Run self tests, using QUIC v2	2026-09-11T01:07:00.0050010Z === RUN   Test0RTTWithSessionTicketData
Integration (macos, Go 1.27.x)	Run self tests, using QUIC v2	2026-09-11T01:07:00.0050780Z === RUN   Test0RTTWithSessionTicketData/server
Integration (macos, Go 1.27.x)	Run self tests, using QUIC v2	2026-09-11T01:07:00.0163470Z === RUN   Test0RTTWithSessionTicketData/client
Integration (macos, Go 1.27.x)	Run self tests, using QUIC v2	2026-09-11T01:07:00.0268070Z --- PASS: Test0RTTWithSessionTicketData (0.02s)
Integration (macos, Go 1.27.x)	Run self tests, using QUIC v2	2026-09-11T01:07:00.0268830Z     --- PASS: Test0RTTWithSessionTicketData/server (0.01s)
Integration (macos, Go 1.27.x)	Run self tests, using QUIC v2	2026-09-11T01:07:00.0269450Z     --- PASS: Test0RTTWithSessionTicketData/client (0.01s)
Integration (macos, Go 1.27.x)	Run self tests, using QUIC v2	2026-09-11T01:07:00.0269940Z === RUN   TestMultiplexingToDifferentServers
Integration (macos, Go 1.27.x)	Run self tests, using QUIC v2	2026-09-11T01:07:00.0411450Z --- PASS: TestMultiplexingToDifferentServers (0.01s)
Integration (macos, Go 1.27.x)	Run self tests, using QUIC v2	2026-09-11T01:07:00.0413750Z === RUN   TestDatagramLoss
Integration (macos, Go 1.27.x)	Run self tests, using QUIC v2	2026-09-11T01:07:00.0500360Z     datagram_test.go:331: dropped 22 to client and 18 to server out of 200 packets
Integration (macos, Go 1.27.x)	Run self tests, using QUIC v2	2026-09-11T01:07:00.0505920Z     datagram_test.go:334: server received 82 out of 100 sent datagrams
Integration (macos, Go 1.27.x)	Run self tests, using QUIC v2	2026-09-11T01:07:00.0509400Z     datagram_test.go:336: client received 78 out of 100 sent datagrams
Integration (macos, Go 1.27.x)	Run self tests, using QUIC v2	2026-09-11T01:07:00.0511170Z --- PASS: TestDatagramLoss (0.01s)
Integration (macos, Go 1.27.x)	Run self tests, using QUIC v2	2026-09-11T01:07:00.0512550Z === RUN   TestHTTPDeadlines
Integration (macos, Go 1.27.x)	Run self tests, using QUIC v2	2026-09-11T01:07:00.0514170Z === RUN   TestHTTPDeadlines/read_deadline
Integration (macos, Go 1.27.x)	Run self tests, using QUIC v2	2026-09-11T01:07:00.1181410Z === RUN   TestHTTPDeadlines/write_deadline
Integration (macos, Go 1.27.x)	Run self tests, using QUIC v2	2026-09-11T01:07:00.1796970Z --- PASS: TestHTTPDeadlines (0.12s)
Integration (macos, Go 1.27.x)	Run self tests, using QUIC v2	2026-09-11T01:07:00.1898060Z     --- PASS: TestHTTPDeadlines/read_deadline (0.06s)
Integration (macos, Go 1.27.x)	Run self tests, using QUIC v2	2026-09-11T01:07:00.1999410Z     --- PASS: TestHTTPDeadlines/write_deadline (0.07s)
Integration (macos, Go 1.27.x)	Run self tests, using QUIC v2	2026-09-11T01:07:00.2099210Z === RUN   TestCancelOpenStreamSync
Integration (macos, Go 1.27.x)	Run self tests, using QUIC v2	2026-09-11T01:07:00.5736310Z     cancelation_test.go:552: Canceled OpenStreamSync 12 times
Integration (macos, Go 1.27.x)	Run self tests, using QUIC v2	2026-09-11T01:07:00.5738030Z --- PASS: TestCancelOpenStreamSync (0.40s)
Integration (macos, Go 1.27.x)	Run self tests, using QUIC v2	2026-09-11T01:07:00.5738570Z === RUN   TestReadDeadlineSync
Integration (macos, Go 1.27.x)	Run self tests, using QUIC v2	2026-09-11T01:07:00.9050790Z --- PASS: TestReadDeadlineSync (0.33s)
Integration (macos, Go 1.27.x)	Run self tests, using QUIC v2	2026-09-11T01:07:00.9151700Z === RUN   Test0RTTWaitForHandshakeCompletion
Integration (macos, Go 1.27.x)	Run self tests, using QUIC v2	2026-09-11T01:07:00.9253280Z     zero_rtt_test.go:375: received 6 STREAM frames in 0-RTT packets
Integration (macos, Go 1.27.x)	Run self tests, using QUIC v2	2026-09-11T01:07:00.9353960Z --- PASS: Test0RTTWaitForHandshakeCompletion (0.01s)
Integration (macos, Go 1.27.x)	Run self tests, using QUIC v2	2026-09-11T01:07:00.9454460Z === RUN   TestHandshakeWithPacketLoss
Integration (macos, Go 1.27.x)	Run self tests, using QUIC v2	2026-09-11T01:07:00.9555630Z === RUN   TestHandshakeWithPacketLoss/drop_1st_packet_in_direction_to_client
Integration (macos, Go 1.27.x)	Run self tests, using QUIC v2	2026-09-11T01:07:00.9656430Z === RUN   TestHandshakeWithPacketLoss/drop_1st_packet_in_direction_to_client/retry:_true/client_speaks_first
Integration (macos, Go 1.27.x)	Run self tests, using QUIC v2	2026-09-11T01:07:00.9754770Z     handshake_drop_test.go:376: dropped 1 packets
Integration (macos, Go 1.27.x)	Run self tests, using QUIC v2	2026-09-11T01:07:00.9755820Z === RUN   TestHandshakeWithPacketLoss/drop_1st_packet_in_direction_to_client/retry:_true/server_speaks_first
Integration (macos, Go 1.27.x)	Run self tests, using QUIC v2	2026-09-11T01:07:00.9756590Z     handshake_drop_test.go:376: dropped 1 packets
Integration (macos, Go 1.27.x)	Run self tests, using QUIC v2	2026-09-11T01:07:00.9757370Z === RUN   TestHandshakeWithPacketLoss/drop_1st_packet_in_direction_to_client/retry:_true/nobody_speaks
Integration (macos, Go 1.27.x)	Run self tests, using QUIC v2	2026-09-11T01:07:00.9758190Z     handshake_drop_test.go:376: dropped 1 packets
Integration (macos, Go 1.27.x)	Run self tests, using QUIC v2	2026-09-11T01:07:00.9759080Z === RUN   TestHandshakeWithPacketLoss/drop_1st_packet_in_direction_to_client/retry:_false/client_speaks_first
Integration (macos, Go 1.27.x)	Run self tests, using QUIC v2	2026-09-11T01:07:00.9760170Z     handshake_drop_test.go:376: dropped 1 packets
Integration (macos, Go 1.27.x)	Run self tests, using QUIC v2	2026-09-11T01:07:00.9760920Z === RUN   TestHandshakeWithPacketLoss/drop_1st_packet_in_direction_to_client/retry:_false/server_speaks_first
Integration (macos, Go 1.27.x)	Run self tests, using QUIC v2	2026-09-11T01:07:00.9762140Z     handshake_drop_test.go:376: dropped 1 packets
Integration (macos, Go 1.27.x)	Run self tests, using QUIC v2	2026-09-11T01:07:00.9763650Z === RUN   TestHandshakeWithPacketLoss/drop_1st_packet_in_direction_to_client/retry:_false/nobody_speaks
Integration (macos, Go 1.27.x)	Run self tests, using QUIC v2	2026-09-11T01:07:00.9764300Z     handshake_drop_test.go:376: dropped 1 packets
Integration (macos, Go 1.27.x)	Run self tests, using QUIC v2	2026-09-11T01:07:00.9765090Z === RUN   TestHandshakeWithPacketLoss/drop_1st_packet_in_direction_to_client/retry:_false/client_speaks_first#01
Integration (macos, Go 1.27.x)	Run self tests, using QUIC v2	2026-09-11T01:07:00.9765980Z     handshake_drop_test.go:376: dropped 1 packets
Integration (macos, Go 1.27.x)	Run self tests, using QUIC v2	2026-09-11T01:07:00.9767180Z === RUN   TestHandshakeWithPacketLoss/drop_1st_packet_in_direction_to_client/retry:_false/server_speaks_first#01
Integration (macos, Go 1.27.x)	Run self tests, using QUIC v2	2026-09-11T01:07:00.9768050Z     handshake_drop_test.go:376: dropped 1 packets
Integration (macos, Go 1.27.x)	Run self tests, using QUIC v2	2026-09-11T01:07:00.9768630Z === RUN   TestHandshakeWithPacketLoss/drop_1st_packet_in_direction_to_client/retry:_false/nobody_speaks#01
Integration (macos, Go 1.27.x)	Run self tests, using QUIC v2	2026-09-11T01:07:00.9769310Z     handshake_drop_test.go:376: dropped 1 packets
Integration (macos, Go 1.27.x)	Run self tests, using QUIC v2	2026-09-11T01:07:00.9769930Z === RUN   TestHandshakeWithPacketLoss/drop_1st_packet_in_direction_to_client/retry:_false/client_speaks_first#02
Integration (macos, Go 1.27.x)	Run self tests, using QUIC v2	2026-09-11T01:07:00.9770590Z     handshake_drop_test.go:376: dropped 1 packets
Integration (macos, Go 1.27.x)	Run self tests, using QUIC v2	2026-09-11T01:07:00.9771310Z === RUN   TestHandshakeWithPacketLoss/drop_1st_packet_in_direction_to_client/retry:_false/server_speaks_first#02
Integration (macos, Go 1.27.x)	Run self tests, using QUIC v2	2026-09-11T01:07:00.9772330Z     handshake_drop_test.go:376: dropped 1 packets
Integration (macos, Go 1.27.x)	Run self tests, using QUIC v2	2026-09-11T01:07:00.9773470Z === RUN   TestHandshakeWithPacketLoss/drop_1st_packet_in_direction_to_client/retry:_false/nobody_speaks#02
Integration (macos, Go 1.27.x)	Run self tests, using QUIC v2	2026-09-11T01:07:00.9774230Z     handshake_drop_test.go:376: dropped 1 packets
Integration (macos, Go 1.27.x)	Run self tests, using QUIC v2	2026-09-11T01:07:00.9774870Z === RUN   TestHandshakeWithPacketLoss/drop_1st_packet_in_direction_to_client/retry:_false/client_speaks_first#03
Integration (macos, Go 1.27.x)	Run self tests, using QUIC v2	2026-09-11T01:07:00.9775550Z     handshake_drop_test.go:376: dropped 1 packets
Integration (macos, Go 1.27.x)	Run self tests, using QUIC v2	2026-09-11T01:07:00.9776230Z === RUN   TestHandshakeWithPacketLoss/drop_1st_packet_in_direction_to_client/retry:_false/server_speaks_first#03
Integration (macos, Go 1.27.x)	Run self tests, using QUIC v2	2026-09-11T01:07:00.9776880Z     handshake_drop_test.go:376: dropped 1 packets
Integration (macos, Go 1.27.x)	Run self tests, using QUIC v2	2026-09-11T01:07:00.9777520Z === RUN   TestHandshakeWithPacketLoss/drop_1st_packet_in_direction_to_client/retry:_false/nobody_speaks#03
Integration (macos, Go 1.27.x)	Run self tests, using QUIC v2	2026-09-11T01:07:00.9778510Z     handshake_drop_test.go:376: dropped 1 packets
Integration (macos, Go 1.27.x)	Run self tests, using QUIC v2	2026-09-11T01:07:00.9779210Z === RUN   TestHandshakeWithPacketLoss/drop_first_3_packets_in_direction_to_client
Integration (macos, Go 1.27.x)	Run self tests, using QUIC v2	2026-09-11T01:07:00.9780010Z === RUN   TestHandshakeWithPacketLoss/drop_first_3_packets_in_direction_to_client/retry:_true/client_speaks_first
Integration (macos, Go 1.27.x)	Run self tests, using QUIC v2	2026-09-11T01:07:00.9780690Z     handshake_drop_test.go:376: dropped 3 packets
Integration (macos, Go 1.27.x)	Run self tests, using QUIC v2	2026-09-11T01:07:00.9781330Z === RUN   TestHandshakeWithPacketLoss/drop_first_3_packets_in_direction_to_client/retry:_true/server_speaks_first
Integration (macos, Go 1.27.x)	Run self tests, using QUIC v2	2026-09-11T01:07:00.9782010Z     handshake_drop_test.go:376: dropped 3 packets
Integration (macos, Go 1.27.x)	Run self tests, using QUIC v2	2026-09-11T01:07:00.9782630Z === RUN   TestHandshakeWithPacketLoss/drop_first_3_packets_in_direction_to_client/retry:_true/nobody_speaks
Integration (macos, Go 1.27.x)	Run self tests, using QUIC v2	2026-09-11T01:07:00.9783600Z     handshake_drop_test.go:376: dropped 3 packets
Integration (macos, Go 1.27.x)	Run self tests, using QUIC v2	2026-09-11T01:07:00.9785700Z === RUN   TestHandshakeWithPacketLoss/drop_first_3_packets_in_direction_to_client/retry:_false/client_speaks_first
Integration (macos, Go 1.27.x)	Run self tests, using QUIC v2	2026-09-11T01:07:00.9786780Z     handshake_drop_test.go:376: dropped 3 packets
Integration (macos, Go 1.27.x)	Run self tests, using QUIC v2	2026-09-11T01:07:00.9787670Z === RUN   TestHandshakeWithPacketLoss/drop_first_3_packets_in_direction_to_client/retry:_false/server_speaks_first
Integration (macos, Go 1.27.x)	Run self tests, using QUIC v2	2026-09-11T01:07:00.9790040Z     handshake_drop_test.go:376: dropped 3 packets
Integration (macos, Go 1.27.x)	Run self tests, using QUIC v2	2026-09-11T01:07:00.9791230Z === RUN   TestHandshakeWithPacketLoss/drop_first_3_packets_in_direction_to_client/retry:_false/nobody_speaks
Integration (macos, Go 1.27.x)	Run self tests, using QUIC v2	2026-09-11T01:07:00.9792170Z     handshake_drop_test.go:376: dropped 3 packets
Integration (macos, Go 1.27.x)	Run self tests, using QUIC v2	2026-09-11T01:07:00.9792860Z === RUN   TestHandshakeWithPacketLoss/drop_first_3_packets_in_direction_to_client/retry:_false/client_speaks_first#01
Integration (macos, Go 1.27.x)	Run self tests, using QUIC v2	2026-09-11T01:07:00.9793830Z     handshake_drop_test.go:376: dropped 3 packets
Integration (macos, Go 1.27.x)	Run self tests, using QUIC v2	2026-09-11T01:07:00.9794610Z === RUN   TestHandshakeWithPacketLoss/drop_first_3_packets_in_direction_to_client/retry:_false/server_speaks_first#01
Integration (macos, Go 1.27.x)	Run self tests, using QUIC v2	2026-09-11T01:07:00.9795350Z     handshake_drop_test.go:376: dropped 3 packets
Integration (macos, Go 1.27.x)	Run self tests, using QUIC v2	2026-09-11T01:07:00.9796000Z === RUN   TestHandshakeWithPacketLoss/drop_first_3_packets_in_direction_to_client/retry:_false/nobody_speaks#01
Integration (macos, Go 1.27.x)	Run self tests, using QUIC v2	2026-09-11T01:07:00.9796690Z     handshake_drop_test.go:376: dropped 3 packets
Integration (macos, Go 1.27.x)	Run self tests, using QUIC v2	2026-09-11T01:07:00.9797340Z === RUN   TestHandshakeWithPacketLoss/drop_first_3_packets_in_direction_to_client/retry:_false/client_speaks_first#02
Integration (macos, Go 1.27.x)	Run self tests, using QUIC v2	2026-09-11T01:07:00.9799070Z     handshake_drop_test.go:376: dropped 3 packets
Integration (macos, Go 1.27.x)	Run self tests, using QUIC v2	2026-09-11T01:07:00.9800110Z === RUN   TestHandshakeWithPacketLoss/drop_first_3_packets_in_direction_to_client/retry:_false/server_speaks_first#02
Integration (macos, Go 1.27.x)	Run self tests, using QUIC v2	2026-09-11T01:07:00.9815700Z     handshake_drop_test.go:376: dropped 3 packets
Integration (macos, Go 1.27.x)	Run self tests, using QUIC v2	2026-09-11T01:07:00.9816470Z === RUN   TestHandshakeWithPacketLoss/drop_first_3_packets_in_direction_to_client/retry:_false/nobody_speaks#02
Integration (macos, Go 1.27.x)	Run self tests, using QUIC v2	2026-09-11T01:07:00.9829750Z     handshake_drop_test.go:376: dropped 3 packets
Integration (macos, Go 1.27.x)	Run self tests, using QUIC v2	2026-09-11T01:07:00.9830490Z === RUN   TestHandshakeWithPacketLoss/drop_first_3_packets_in_direction_to_client/retry:_false/client_speaks_first#03
Integration (macos, Go 1.27.x)	Run self tests, using QUIC v2	2026-09-11T01:07:00.9849830Z     handshake_drop_test.go:376: dropped 3 packets
Integration (macos, Go 1.27.x)	Run self tests, using QUIC v2	2026-09-11T01:07:00.9851060Z === RUN   TestHandshakeWithPacketLoss/drop_first_3_packets_in_direction_to_client/retry:_false/server_speaks_first#03
Integration (macos, Go 1.27.x)	Run self tests, using QUIC v2	2026-09-11T01:07:00.9867550Z     handshake_drop_test.go:376: dropped 3 packets
Integration (macos, Go 1.27.x)	Run self tests, using QUIC v2	2026-09-11T01:07:00.9868480Z === RUN   TestHandshakeWithPacketLoss/drop_first_3_packets_in_direction_to_client/retry:_false/nobody_speaks#03
Integration (macos, Go 1.27.x)	Run self tests, using QUIC v2	2026-09-11T01:07:00.9884200Z     handshake_drop_test.go:376: dropped 3 packets
Integration (macos, Go 1.27.x)	Run self tests, using QUIC v2	2026-09-11T01:07:00.9885040Z === RUN   TestHandshakeWithPacketLoss/drop_every_3rd_of_first_30_packets,_phase_1_in_direction_to_client
Integration (macos, Go 1.27.x)	Run self tests, using QUIC v2	2026-09-11T01:07:00.9885920Z === RUN   TestHandshakeWithPacketLoss/drop_every_3rd_of_first_30_packets,_phase_1_in_direction_to_client/retry:_true/client_speaks_first
Integration (macos, Go 1.27.x)	Run self tests, using QUIC v2	2026-09-11T01:07:00.9905870Z     handshake_drop_test.go:376: dropped 4 packets
Integration (macos, Go 1.27.x)	Run self tests, using QUIC v2	2026-09-11T01:07:00.9906610Z === RUN   TestHandshakeWithPacketLoss/drop_every_3rd_of_first_30_packets,_phase_1_in_direction_to_client/retry:_true/server_speaks_first
Integration (macos, Go 1.27.x)	Run self tests, using QUIC v2	2026-09-11T01:07:00.9929220Z     handshake_drop_test.go:376: dropped 7 packets
Integration (macos, Go 1.27.x)	Run self tests, using QUIC v2	2026-09-11T01:07:00.9929970Z === RUN   TestHandshakeWithPacketLoss/drop_every_3rd_of_first_30_packets,_phase_1_in_direction_to_client/retry:_true/nobody_speaks
Integration (macos, Go 1.27.x)	Run self tests, using QUIC v2	2026-09-11T01:07:00.9949400Z     handshake_drop_test.go:376: dropped 4 packets
Integration (macos, Go 1.27.x)	Run self tests, using QUIC v2	2026-09-11T01:07:00.9950200Z === RUN   TestHandshakeWithPacketLoss/drop_every_3rd_of_first_30_packets,_phase_1_in_direction_to_client/retry:_false/client_speaks_first
Integration (macos, Go 1.27.x)	Run self tests, using QUIC v2	2026-09-11T01:07:00.9969380Z     handshake_drop_test.go:376: dropped 3 packets
Integration (macos, Go 1.27.x)	Run self tests, using QUIC v2	2026-09-11T01:07:00.9974320Z === RUN   TestHandshakeWithPacketLoss/drop_every_3rd_of_first_30_packets,_phase_1_in_direction_to_client/retry:_false/server_speaks_first
Integration (macos, Go 1.27.x)	Run self tests, using QUIC v2	2026-09-11T01:07:00.9992990Z     handshake_drop_test.go:376: dropped 6 packets
Integration (macos, Go 1.27.x)	Run self tests, using QUIC v2	2026-09-11T01:07:00.9993690Z === RUN   TestHandshakeWithPacketLoss/drop_every_3rd_of_first_30_packets,_phase_1_in_direction_to_client/retry:_false/nobody_speaks
Integration (macos, Go 1.27.x)	Run self tests, using QUIC v2	2026-09-11T01:07:01.0011360Z     handshake_drop_test.go:376: dropped 3 packets
Integration (macos, Go 1.27.x)	Run self tests, using QUIC v2	2026-09-11T01:07:01.0012170Z === RUN   TestHandshakeWithPacketLoss/drop_every_3rd_of_first_30_packets,_phase_1_in_direction_to_client/retry:_false/client_speaks_first#01
Integration (macos, Go 1.27.x)	Run self tests, using QUIC v2	2026-09-11T01:07:01.0035100Z     handshake_drop_test.go:376: dropped 5 packets
Integration (macos, Go 1.27.x)	Run self tests, using QUIC v2	2026-09-11T01:07:01.0035940Z === RUN   TestHandshakeWithPacketLoss/drop_every_3rd_of_first_30_packets,_phase_1_in_direction_to_client/retry:_false/server_speaks_first#01
Integration (macos, Go 1.27.x)	Run self tests, using QUIC v2	2026-09-11T01:07:01.0061980Z     handshake_drop_test.go:376: dropped 7 packets
Integration (macos, Go 1.27.x)	Run self tests, using QUIC v2	2026-09-11T01:07:01.0062850Z === RUN   TestHandshakeWithPacketLoss/drop_every_3rd_of_first_30_packets,_phase_1_in_direction_to_client/retry:_false/nobody_speaks#01
Integration (macos, Go 1.27.x)	Run self tests, using QUIC v2	2026-09-11T01:07:01.0085980Z     handshake_drop_test.go:376: dropped 5 packets
Integration (macos, Go 1.27.x)	Run self tests, using QUIC v2	2026-09-11T01:07:01.0086740Z === RUN   TestHandshakeWithPacketLoss/drop_every_3rd_of_first_30_packets,_phase_1_in_direction_to_client/retry:_false/client_speaks_first#02
Integration (macos, Go 1.27.x)	Run self tests, using QUIC v2	2026-09-11T01:07:01.0100550Z     handshake_drop_test.go:376: dropped 3 packets
Integration (macos, Go 1.27.x)	Run self tests, using QUIC v2	2026-09-11T01:07:01.0101350Z === RUN   TestHandshakeWithPacketLoss/drop_every_3rd_of_first_30_packets,_phase_1_in_direction_to_client/retry:_false/server_speaks_first#02
Integration (macos, Go 1.27.x)	Run self tests, using QUIC v2	2026-09-11T01:07:01.0116310Z     handshake_drop_test.go:376: dropped 5 packets
Integration (macos, Go 1.27.x)	Run self tests, using QUIC v2	2026-09-11T01:07:01.0117340Z === RUN   TestHandshakeWithPacketLoss/drop_every_3rd_of_first_30_packets,_phase_1_in_direction_to_client/retry:_false/nobody_speaks#02
Integration (macos, Go 1.27.x)	Run self tests, using QUIC v2	2026-09-11T01:07:01.0130920Z     handshake_drop_test.go:376: dropped 3 packets
Integration (macos, Go 1.27.x)	Run self tests, using QUIC v2	2026-09-11T01:07:01.0131750Z === RUN   TestHandshakeWithPacketLoss/drop_every_3rd_of_first_30_packets,_phase_1_in_direction_to_client/retry:_false/client_speaks_first#03
Integration (macos, Go 1.27.x)	Run self tests, using QUIC v2	2026-09-11T01:07:01.0149800Z     handshake_drop_test.go:376: dropped 4 packets
Integration (macos, Go 1.27.x)	Run self tests, using QUIC v2	2026-09-11T01:07:01.0150600Z === RUN   TestHandshakeWithPacketLoss/drop_every_3rd_of_first_30_packets,_phase_1_in_direction_to_client/retry:_false/server_speaks_first#03
Integration (macos, Go 1.27.x)	Run self tests, using QUIC v2	2026-09-11T01:07:01.0167730Z     handshake_drop_test.go:376: dropped 6 packets
Integration (macos, Go 1.27.x)	Run self tests, using QUIC v2	2026-09-11T01:07:01.0168390Z === RUN   TestHandshakeWithPacketLoss/drop_every_3rd_of_first_30_packets,_phase_1_in_direction_to_client/retry:_false/nobody_speaks#03
Integration (macos, Go 1.27.x)	Run self tests, using QUIC v2	2026-09-11T01:07:01.0184190Z     handshake_drop_test.go:376: dropped 4 packets
Integration (macos, Go 1.27.x)	Run self tests, using QUIC v2	2026-09-11T01:07:01.0184970Z === RUN   TestHandshakeWithPacketLoss/drop_every_3rd_of_first_30_packets,_phase_2_in_direction_to_client
Integration (macos, Go 1.27.x)	Run self tests, using QUIC v2	2026-09-11T01:07:01.0185830Z === RUN   TestHandshakeWithPacketLoss/drop_every_3rd_of_first_30_packets,_phase_2_in_direction_to_client/retry:_true/client_speaks_first
Integration (macos, Go 1.27.x)	Run self tests, using QUIC v2	2026-09-11T01:07:01.0207300Z     handshake_drop_test.go:376: dropped 3 packets
Integration (macos, Go 1.27.x)	Run self tests, using QUIC v2	2026-09-11T01:07:01.0208220Z === RUN   TestHandshakeWithPacketLoss/drop_every_3rd_of_first_30_packets,_phase_2_in_direction_to_client/retry:_true/server_speaks_first
Integration (macos, Go 1.27.x)	Run self tests, using QUIC v2	2026-09-11T01:07:01.0231910Z     handshake_drop_test.go:376: dropped 6 packets
Integration (macos, Go 1.27.x)	Run self tests, using QUIC v2	2026-09-11T01:07:01.0232790Z === RUN   TestHandshakeWithPacketLoss/drop_every_3rd_of_first_30_packets,_phase_2_in_direction_to_client/retry:_true/nobody_speaks
Integration (macos, Go 1.27.x)	Run self tests, using QUIC v2	2026-09-11T01:07:01.0262040Z     handshake_drop_test.go:376: dropped 4 packets
Integration (macos, Go 1.27.x)	Run self tests, using QUIC v2	2026-09-11T01:07:01.0262860Z === RUN   TestHandshakeWithPacketLoss/drop_every_3rd_of_first_30_packets,_phase_2_in_direction_to_client/retry:_false/client_speaks_first
Integration (macos, Go 1.27.x)	Run self tests, using QUIC v2	2026-09-11T01:07:01.0273260Z     handshake_drop_test.go:376: dropped 1 packets
Integration (macos, Go 1.27.x)	Run self tests, using QUIC v2	2026-09-11T01:07:01.0274040Z === RUN   TestHandshakeWithPacketLoss/drop_every_3rd_of_first_30_packets,_phase_2_in_direction_to_client/retry:_false/server_speaks_first
Integration (macos, Go 1.27.x)	Run self tests, using QUIC v2	2026-09-11T01:07:01.0293380Z     handshake_drop_test.go:376: dropped 3 packets
Integration (macos, Go 1.27.x)	Run self tests, using QUIC v2	2026-09-11T01:07:01.0294120Z === RUN   TestHandshakeWithPacketLoss/drop_every_3rd_of_first_30_packets,_phase_2_in_direction_to_client/retry:_false/nobody_speaks
Integration (macos, Go 1.27.x)	Run self tests, using QUIC v2	2026-09-11T01:07:01.0311670Z     handshake_drop_test.go:376: dropped 1 packets
Integration (macos, Go 1.27.x)	Run self tests, using QUIC v2	2026-09-11T01:07:01.0312370Z === RUN   TestHandshakeWithPacketLoss/drop_every_3rd_of_first_30_packets,_phase_2_in_direction_to_client/retry:_false/client_speaks_first#01
Integration (macos, Go 1.27.x)	Run self tests, using QUIC v2	2026-09-11T01:07:01.0336520Z     handshake_drop_test.go:376: dropped 3 packets
Integration (macos, Go 1.27.x)	Run self tests, using QUIC v2	2026-09-11T01:07:01.0338140Z === RUN   TestHandshakeWithPacketLoss/drop_every_3rd_of_first_30_packets,_phase_2_in_direction_to_client/retry:_false/server_speaks_first#01
Integration (macos, Go 1.27.x)	Run self tests, using QUIC v2	2026-09-11T01:07:01.0365340Z     handshake_drop_test.go:376: dropped 5 packets
Integration (macos, Go 1.27.x)	Run self tests, using QUIC v2	2026-09-11T01:07:01.0365950Z === RUN   TestHandshakeWithPacketLoss/drop_every_3rd_of_first_30_packets,_phase_2_in_direction_to_client/retry:_false/nobody_speaks#01
Integration (macos, Go 1.27.x)	Run self tests, using QUIC v2	2026-09-11T01:07:01.0391830Z     handshake_drop_test.go:376: dropped 3 packets
Integration (macos, Go 1.27.x)	Run self tests, using QUIC v2	2026-09-11T01:07:01.0394600Z === RUN   TestHandshakeWithPacketLoss/drop_every_3rd_of_first_30_packets,_phase_2_in_direction_to_client/retry:_false/client_speaks_first#02
Integration (macos, Go 1.27.x)	Run self tests, using QUIC v2	2026-09-11T01:07:01.0410250Z     handshake_drop_test.go:376: dropped 2 packets
Integration (macos, Go 1.27.x)	Run self tests, using QUIC v2	2026-09-11T01:07:01.0411820Z === RUN   TestHandshakeWithPacketLoss/drop_every_3rd_of_first_30_packets,_phase_2_in_direction_to_client/retry:_false/server_speaks_first#02
Integration (macos, Go 1.27.x)	Run self tests, using QUIC v2	2026-09-11T01:07:01.0429320Z     handshake_drop_test.go:376: dropped 5 packets
Integration (macos, Go 1.27.x)	Run self tests, using QUIC v2	2026-09-11T01:07:01.0431850Z === RUN   TestHandshakeWithPacketLoss/drop_every_3rd_of_first_30_packets,_phase_2_in_direction_to_client/retry:_false/nobody_speaks#02
Integration (macos, Go 1.27.x)	Run self tests, using QUIC v2	2026-09-11T01:07:01.0447900Z     handshake_drop_test.go:376: dropped 2 packets
Integration (macos, Go 1.27.x)	Run self tests, using QUIC v2	2026-09-11T01:07:01.0448680Z === RUN   TestHandshakeWithPacketLoss/drop_every_3rd_of_first_30_packets,_phase_2_in_direction_to_client/retry:_false/client_speaks_first#03
Integration (macos, Go 1.27.x)	Run self tests, using QUIC v2	2026-09-11T01:07:01.0474850Z     handshake_drop_test.go:376: dropped 4 packets
Integration (macos, Go 1.27.x)	Run self tests, using QUIC v2	2026-09-11T01:07:01.0477700Z === RUN   TestHandshakeWithPacketLoss/drop_every_3rd_of_first_30_packets,_phase_2_in_direction_to_client/retry:_false/server_speaks_first#03
Integration (macos, Go 1.27.x)	Run self tests, using QUIC v2	2026-09-11T01:07:01.0500250Z     handshake_drop_test.go:376: dropped 6 packets
Integration (macos, Go 1.27.x)	Run self tests, using QUIC v2	2026-09-11T01:07:01.0501940Z === RUN   TestHandshakeWithPacketLoss/drop_every_3rd_of_first_30_packets,_phase_2_in_direction_to_client/retry:_false/nobody_speaks#03
Integration (macos, Go 1.27.x)	Run self tests, using QUIC v2	2026-09-11T01:07:01.0527400Z     handshake_drop_test.go:376: dropped 4 packets
Integration (macos, Go 1.27.x)	Run self tests, using QUIC v2	2026-09-11T01:07:01.0528170Z === RUN   TestHandshakeWithPacketLoss/drop_every_3rd_of_first_30_packets,_phase_3_in_direction_to_client
Integration (macos, Go 1.27.x)	Run self tests, using QUIC v2	2026-09-11T01:07:01.0529110Z === RUN   TestHandshakeWithPacketLoss/drop_every_3rd_of_first_30_packets,_phase_3_in_direction_to_client/retry:_true/client_speaks_first
Integration (macos, Go 1.27.x)	Run self tests, using QUIC v2	2026-09-11T01:07:01.0554450Z     handshake_drop_test.go:376: dropped 1 packets
Integration (macos, Go 1.27.x)	Run self tests, using QUIC v2	2026-09-11T01:07:01.0556260Z === RUN   TestHandshakeWithPacketLoss/drop_every_3rd_of_first_30_packets,_phase_3_in_direction_to_client/retry:_true/server_speaks_first
Integration (macos, Go 1.27.x)	Run self tests, using QUIC v2	2026-09-11T01:07:01.0577730Z     handshake_drop_test.go:376: dropped 3 packets
Integration (macos, Go 1.27.x)	Run self tests, using QUIC v2	2026-09-11T01:07:01.0579410Z === RUN   TestHandshakeWithPacketLoss/drop_every_3rd_of_first_30_packets,_phase_3_in_direction_to_client/retry:_true/nobody_speaks
Integration (macos, Go 1.27.x)	Run self tests, using QUIC v2	2026-09-11T01:07:01.0608020Z     handshake_drop_test.go:376: dropped 1 packets
Integration (macos, Go 1.27.x)	Run self tests, using QUIC v2	2026-09-11T01:07:01.0609940Z === RUN   TestHandshakeWithPacketLoss/drop_every_3rd_of_first_30_packets,_phase_3_in_direction_to_client/retry:_false/client_speaks_first
Integration (macos, Go 1.27.x)	Run self tests, using QUIC v2	2026-09-11T01:07:01.0635520Z     handshake_drop_test.go:376: dropped 1 packets
Integration (macos, Go 1.27.x)	Run self tests, using QUIC v2	2026-09-11T01:07:01.0636350Z === RUN   TestHandshakeWithPacketLoss/drop_every_3rd_of_first_30_packets,_phase_3_in_direction_to_client/retry:_false/server_speaks_first
Integration (macos, Go 1.27.x)	Run self tests, using QUIC v2	2026-09-11T01:07:01.0663170Z     handshake_drop_test.go:376: dropped 3 packets
Integration (macos, Go 1.27.x)	Run self tests, using QUIC v2	2026-09-11T01:07:01.0663860Z === RUN   TestHandshakeWithPacketLoss/drop_every_3rd_of_first_30_packets,_phase_3_in_direction_to_client/retry:_false/nobody_speaks
Integration (macos, Go 1.27.x)	Run self tests, using QUIC v2	2026-09-11T01:07:01.0693140Z     handshake_drop_test.go:376: dropped 1 packets
Integration (macos, Go 1.27.x)	Run self tests, using QUIC v2	2026-09-11T01:07:01.0693960Z === RUN   TestHandshakeWithPacketLoss/drop_every_3rd_of_first_30_packets,_phase_3_in_direction_to_client/retry:_false/client_speaks_first#01
Integration (macos, Go 1.27.x)	Run self tests, using QUIC v2	2026-09-11T01:07:01.0742590Z     handshake_drop_test.go:376: dropped 3 packets
Integration (macos, Go 1.27.x)	Run self tests, using QUIC v2	2026-09-11T01:07:01.0744320Z === RUN   TestHandshakeWithPacketLoss/drop_every_3rd_of_first_30_packets,_phase_3_in_direction_to_client/retry:_false/server_speaks_first#01
Integration (macos, Go 1.27.x)	Run self tests, using QUIC v2	2026-09-11T01:07:01.0795460Z     handshake_drop_test.go:376: dropped 5 packets
Integration (macos, Go 1.27.x)	Run self tests, using QUIC v2	2026-09-11T01:07:01.0796570Z === RUN   TestHandshakeWithPacketLoss/drop_every_3rd_of_first_30_packets,_phase_3_in_direction_to_client/retry:_false/nobody_speaks#01
Integration (macos, Go 1.27.x)	Run self tests, using QUIC v2	2026-09-11T01:07:01.0847160Z     handshake_drop_test.go:376: dropped 3 packets
Integration (macos, Go 1.27.x)	Run self tests, using QUIC v2	2026-09-11T01:07:01.0847790Z === RUN   TestHandshakeWithPacketLoss/drop_every_3rd_of_first_30_packets,_phase_3_in_direction_to_client/retry:_false/client_speaks_first#02
Integration (macos, Go 1.27.x)	Run self tests, using QUIC v2	2026-09-11T01:07:01.0870110Z     handshake_drop_test.go:376: dropped 1 packets
Integration (macos, Go 1.27.x)	Run self tests, using QUIC v2	2026-09-11T01:07:01.0871750Z === RUN   TestHandshakeWithPacketLoss/drop_every_3rd_of_first_30_packets,_phase_3_in_direction_to_client/retry:_false/server_speaks_first#02
Integration (macos, Go 1.27.x)	Run self tests, using QUIC v2	2026-09-11T01:07:01.0890040Z     handshake_drop_test.go:376: dropped 3 packets
Integration (macos, Go 1.27.x)	Run self tests, using QUIC v2	2026-09-11T01:07:01.0891690Z === RUN   TestHandshakeWithPacketLoss/drop_every_3rd_of_first_30_packets,_phase_3_in_direction_to_client/retry:_false/nobody_speaks#02
Integration (macos, Go 1.27.x)	Run self tests, using QUIC v2	2026-09-11T01:07:01.0917930Z     handshake_drop_test.go:376: dropped 1 packets
Integration (macos, Go 1.27.x)	Run self tests, using QUIC v2	2026-09-11T01:07:01.0919610Z === RUN   TestHandshakeWithPacketLoss/drop_every_3rd_of_first_30_packets,_phase_3_in_direction_to_client/retry:_false/client_speaks_first#03
Integration (macos, Go 1.27.x)	Run self tests, using QUIC v2	2026-09-11T01:07:01.0936450Z     handshake_drop_test.go:376: dropped 3 packets
Integration (macos, Go 1.27.x)	Run self tests, using QUIC v2	2026-09-11T01:07:01.0937810Z === RUN   TestHandshakeWithPacketLoss/drop_every_3rd_of_first_30_packets,_phase_3_in_direction_to_client/retry:_false/server_speaks_first#03
Integration (macos, Go 1.27.x)	Run self tests, using QUIC v2	2026-09-11T01:07:01.0967080Z     handshake_drop_test.go:376: dropped 5 packets
Integration (macos, Go 1.27.x)	Run self tests, using QUIC v2	2026-09-11T01:07:01.0969920Z === RUN   TestHandshakeWithPacketLoss/drop_every_3rd_of_first_30_packets,_phase_3_in_direction_to_client/retry:_false/nobody_speaks#03
Integration (macos, Go 1.27.x)	Run self tests, using QUIC v2	2026-09-11T01:07:01.0990990Z     handshake_drop_test.go:376: dropped 3 packets
Integration (macos, Go 1.27.x)	Run self tests, using QUIC v2	2026-09-11T01:07:01.0992150Z === RUN   TestHandshakeWithPacketLoss/drop_1/3_of_packets_in_direction_to_client
Integration (macos, Go 1.27.x)	Run self tests, using QUIC v2	2026-09-11T01:07:01.0993710Z     handshake_drop_test.go:276: random loss is opt-in stress; set QUIC_GO_TEST_RANDOM_LOSS=1
Integration (macos, Go 1.27.x)	Run self tests, using QUIC v2	2026-09-11T01:07:01.0994920Z === RUN   TestHandshakeWithPacketLoss/drop_1st_packet_in_direction_to_server
Integration (macos, Go 1.27.x)	Run self tests, using QUIC v2	2026-09-11T01:07:01.0996340Z === RUN   TestHandshakeWithPacketLoss/drop_1st_packet_in_direction_to_server/retry:_true/client_speaks_first
Integration (macos, Go 1.27.x)	Run self tests, using QUIC v2	2026-09-11T01:07:01.1026950Z     handshake_drop_test.go:376: dropped 1 packets
Integration (macos, Go 1.27.x)	Run self tests, using QUIC v2	2026-09-11T01:07:01.1028330Z === RUN   TestHandshakeWithPacketLoss/drop_1st_packet_in_direction_to_server/retry:_true/server_speaks_first
Integration (macos, Go 1.27.x)	Run self tests, using QUIC v2	2026-09-11T01:07:01.1059590Z     handshake_drop_test.go:376: dropped 1 packets
Integration (macos, Go 1.27.x)	Run self tests, using QUIC v2	2026-09-11T01:07:01.1060610Z === RUN   TestHandshakeWithPacketLoss/drop_1st_packet_in_direction_to_server/retry:_true/nobody_speaks
Integration (macos, Go 1.27.x)	Run self tests, using QUIC v2	2026-09-11T01:07:01.1087480Z     handshake_drop_test.go:376: dropped 1 packets
Integration (macos, Go 1.27.x)	Run self tests, using QUIC v2	2026-09-11T01:07:01.1088130Z === RUN   TestHandshakeWithPacketLoss/drop_1st_packet_in_direction_to_server/retry:_false/client_speaks_first
Integration (macos, Go 1.27.x)	Run self tests, using QUIC v2	2026-09-11T01:07:01.1111330Z     handshake_drop_test.go:376: dropped 1 packets
Integration (macos, Go 1.27.x)	Run self tests, using QUIC v2	2026-09-11T01:07:01.1112030Z === RUN   TestHandshakeWithPacketLoss/drop_1st_packet_in_direction_to_server/retry:_false/server_speaks_first
Integration (macos, Go 1.27.x)	Run self tests, using QUIC v2	2026-09-11T01:07:01.1142380Z     handshake_drop_test.go:376: dropped 1 packets
Integration (macos, Go 1.27.x)	Run self tests, using QUIC v2	2026-09-11T01:07:01.1143910Z === RUN   TestHandshakeWithPacketLoss/drop_1st_packet_in_direction_to_server/retry:_false/nobody_speaks
Integration (macos, Go 1.27.x)	Run self tests, using QUIC v2	2026-09-11T01:07:01.1174190Z     handshake_drop_test.go:376: dropped 1 packets
Integration (macos, Go 1.27.x)	Run self tests, using QUIC v2	2026-09-11T01:07:01.1174740Z === RUN   TestHandshakeWithPacketLoss/drop_1st_packet_in_direction_to_server/retry:_false/client_speaks_first#01
Integration (macos, Go 1.27.x)	Run self tests, using QUIC v2	2026-09-11T01:07:01.1206270Z     handshake_drop_test.go:376: dropped 1 packets
Integration (macos, Go 1.27.x)	Run self tests, using QUIC v2	2026-09-11T01:07:01.1207430Z === RUN   TestHandshakeWithPacketLoss/drop_1st_packet_in_direction_to_server/retry:_false/server_speaks_first#01
Integration (macos, Go 1.27.x)	Run self tests, using QUIC v2	2026-09-11T01:07:01.1277000Z     handshake_drop_test.go:376: dropped 1 packets
Integration (macos, Go 1.27.x)	Run self tests, using QUIC v2	2026-09-11T01:07:01.1278300Z === RUN   TestHandshakeWithPacketLoss/drop_1st_packet_in_direction_to_server/retry:_false/nobody_speaks#01
Integration (macos, Go 1.27.x)	Run self tests, using QUIC v2	2026-09-11T01:07:01.1314950Z     handshake_drop_test.go:376: dropped 1 packets
Integration (macos, Go 1.27.x)	Run self tests, using QUIC v2	2026-09-11T01:07:01.1318750Z === RUN   TestHandshakeWithPacketLoss/drop_1st_packet_in_direction_to_server/retry:_false/client_speaks_first#02
Integration (macos, Go 1.27.x)	Run self tests, using QUIC v2	2026-09-11T01:07:01.1342060Z     handshake_drop_test.go:376: dropped 1 packets
Integration (macos, Go 1.27.x)	Run self tests, using QUIC v2	2026-09-11T01:07:01.1343000Z === RUN   TestHandshakeWithPacketLoss/drop_1st_packet_in_direction_to_server/retry:_false/server_speaks_first#02
Integration (macos, Go 1.27.x)	Run self tests, using QUIC v2	2026-09-11T01:07:01.1357830Z     handshake_drop_test.go:376: dropped 1 packets
Integration (macos, Go 1.27.x)	Run self tests, using QUIC v2	2026-09-11T01:07:01.1358810Z === RUN   TestHandshakeWithPacketLoss/drop_1st_packet_in_direction_to_server/retry:_false/nobody_speaks#02
Integration (macos, Go 1.27.x)	Run self tests, using QUIC v2	2026-09-11T01:07:01.1376800Z     handshake_drop_test.go:376: dropped 1 packets
Integration (macos, Go 1.27.x)	Run self tests, using QUIC v2	2026-09-11T01:07:01.1377640Z === RUN   TestHandshakeWithPacketLoss/drop_1st_packet_in_direction_to_server/retry:_false/client_speaks_first#03
Integration (macos, Go 1.27.x)	Run self tests, using QUIC v2	2026-09-11T01:07:01.1405350Z     handshake_drop_test.go:376: dropped 1 packets
Integration (macos, Go 1.27.x)	Run self tests, using QUIC v2	2026-09-11T01:07:01.1406270Z === RUN   TestHandshakeWithPacketLoss/drop_1st_packet_in_direction_to_server/retry:_false/server_speaks_first#03
Integration (macos, Go 1.27.x)	Run self tests, using QUIC v2	2026-09-11T01:07:01.1433310Z     handshake_drop_test.go:376: dropped 1 packets
Integration (macos, Go 1.27.x)	Run self tests, using QUIC v2	2026-09-11T01:07:01.1434320Z === RUN   TestHandshakeWithPacketLoss/drop_1st_packet_in_direction_to_server/retry:_false/nobody_speaks#03
Integration (macos, Go 1.27.x)	Run self tests, using QUIC v2	2026-09-11T01:07:01.1460670Z     handshake_drop_test.go:376: dropped 1 packets
Integration (macos, Go 1.27.x)	Run self tests, using QUIC v2	2026-09-11T01:07:01.1462020Z === RUN   TestHandshakeWithPacketLoss/drop_first_3_packets_in_direction_to_server
Integration (macos, Go 1.27.x)	Run self tests, using QUIC v2	2026-09-11T01:07:01.1462590Z === RUN   TestHandshakeWithPacketLoss/drop_first_3_packets_in_direction_to_server/retry:_true/client_speaks_first
Integration (macos, Go 1.27.x)	Run self tests, using QUIC v2	2026-09-11T01:07:01.1496630Z     handshake_drop_test.go:376: dropped 3 packets
Integration (macos, Go 1.27.x)	Run self tests, using QUIC v2	2026-09-11T01:07:01.1497330Z === RUN   TestHandshakeWithPacketLoss/drop_first_3_packets_in_direction_to_server/retry:_true/server_speaks_first
Integration (macos, Go 1.27.x)	Run self tests, using QUIC v2	2026-09-11T01:07:01.1576420Z     handshake_drop_test.go:376: dropped 3 packets
Integration (macos, Go 1.27.x)	Run self tests, using QUIC v2	2026-09-11T01:07:01.1578160Z === RUN   TestHandshakeWithPacketLoss/drop_first_3_packets_in_direction_to_server/retry:_true/nobody_speaks
Integration (macos, Go 1.27.x)	Run self tests, using QUIC v2	2026-09-11T01:07:01.1634090Z     handshake_drop_test.go:376: dropped 3 packets
Integration (macos, Go 1.27.x)	Run self tests, using QUIC v2	2026-09-11T01:07:01.1636120Z === RUN   TestHandshakeWithPacketLoss/drop_first_3_packets_in_direction_to_server/retry:_false/client_speaks_first
Integration (macos, Go 1.27.x)	Run self tests, using QUIC v2	2026-09-11T01:07:01.1695760Z     handshake_drop_test.go:376: dropped 3 packets
Integration (macos, Go 1.27.x)	Run self tests, using QUIC v2	2026-09-11T01:07:01.1698140Z === RUN   TestHandshakeWithPacketLoss/drop_first_3_packets_in_direction_to_server/retry:_false/server_speaks_first
Integration (macos, Go 1.27.x)	Run self tests, using QUIC v2	2026-09-11T01:07:01.1768020Z     handshake_drop_test.go:376: dropped 3 packets
Integration (macos, Go 1.27.x)	Run self tests, using QUIC v2	2026-09-11T01:07:01.1772900Z === RUN   TestHandshakeWithPacketLoss/drop_first_3_packets_in_direction_to_server/retry:_false/nobody_speaks
Integration (macos, Go 1.27.x)	Run self tests, using QUIC v2	2026-09-11T01:07:01.1879720Z     handshake_drop_test.go:376: dropped 3 packets
Integration (macos, Go 1.27.x)	Run self tests, using QUIC v2	2026-09-11T01:07:01.1984840Z === RUN   TestHandshakeWithPacketLoss/drop_first_3_packets_in_direction_to_server/retry:_false/client_speaks_first#01
Integration (macos, Go 1.27.x)	Run self tests, using QUIC v2	2026-09-11T01:07:01.2088490Z     handshake_drop_test.go:376: dropped 3 packets
Integration (macos, Go 1.27.x)	Run self tests, using QUIC v2	2026-09-11T01:07:01.2191870Z === RUN   TestHandshakeWithPacketLoss/drop_first_3_packets_in_direction_to_server/retry:_false/server_speaks_first#01
Integration (macos, Go 1.27.x)	Run self tests, using QUIC v2	2026-09-11T01:07:01.2296110Z     handshake_drop_test.go:376: dropped 3 packets
Integration (macos, Go 1.27.x)	Run self tests, using QUIC v2	2026-09-11T01:07:01.2398760Z === RUN   TestHandshakeWithPacketLoss/drop_first_3_packets_in_direction_to_server/retry:_false/nobody_speaks#01
Integration (macos, Go 1.27.x)	Run self tests, using QUIC v2	2026-09-11T01:07:01.2504980Z     handshake_drop_test.go:376: dropped 3 packets
Integration (macos, Go 1.27.x)	Run self tests, using QUIC v2	2026-09-11T01:07:01.2607370Z === RUN   TestHandshakeWithPacketLoss/drop_first_3_packets_in_direction_to_server/retry:_false/client_speaks_first#02
Integration (macos, Go 1.27.x)	Run self tests, using QUIC v2	2026-09-11T01:07:01.2711610Z     handshake_drop_test.go:376: dropped 3 packets
Integration (macos, Go 1.27.x)	Run self tests, using QUIC v2	2026-09-11T01:07:01.2814850Z === RUN   TestHandshakeWithPacketLoss/drop_first_3_packets_in_direction_to_server/retry:_false/server_speaks_first#02
Integration (macos, Go 1.27.x)	Run self tests, using QUIC v2	2026-09-11T01:07:01.2917980Z     handshake_drop_test.go:376: dropped 3 packets
Integration (macos, Go 1.27.x)	Run self tests, using QUIC v2	2026-09-11T01:07:01.3020680Z === RUN   TestHandshakeWithPacketLoss/drop_first_3_packets_in_direction_to_server/retry:_false/nobody_speaks#02
Integration (macos, Go 1.27.x)	Run self tests, using QUIC v2	2026-09-11T01:07:01.3123320Z     handshake_drop_test.go:376: dropped 3 packets
Integration (macos, Go 1.27.x)	Run self tests, using QUIC v2	2026-09-11T01:07:01.3224740Z === RUN   TestHandshakeWithPacketLoss/drop_first_3_packets_in_direction_to_server/retry:_false/client_speaks_first#03
Integration (macos, Go 1.27.x)	Run self tests, using QUIC v2	2026-09-11T01:07:01.3326400Z     handshake_drop_test.go:376: dropped 3 packets
Integration (macos, Go 1.27.x)	Run self tests, using QUIC v2	2026-09-11T01:07:01.3327090Z === RUN   TestHandshakeWithPacketLoss/drop_first_3_packets_in_direction_to_server/retry:_false/server_speaks_first#03
Integration (macos, Go 1.27.x)	Run self tests, using QUIC v2	2026-09-11T01:07:01.3428760Z     handshake_drop_test.go:376: dropped 3 packets
Integration (macos, Go 1.27.x)	Run self tests, using QUIC v2	2026-09-11T01:07:01.3520540Z === RUN   TestHandshakeWithPacketLoss/drop_first_3_packets_in_direction_to_server/retry:_false/nobody_speaks#03
Integration (macos, Go 1.27.x)	Run self tests, using QUIC v2	2026-09-11T01:07:01.3623560Z     handshake_drop_test.go:376: dropped 3 packets
Integration (macos, Go 1.27.x)	Run self tests, using QUIC v2	2026-09-11T01:07:01.3670630Z === RUN   TestHandshakeWithPacketLoss/drop_every_3rd_of_first_30_packets,_phase_1_in_direction_to_server
Integration (macos, Go 1.27.x)	Run self tests, using QUIC v2	2026-09-11T01:07:01.3673000Z === RUN   TestHandshakeWithPacketLoss/drop_every_3rd_of_first_30_packets,_phase_1_in_direction_to_server/retry:_true/client_speaks_first
Integration (macos, Go 1.27.x)	Run self tests, using QUIC v2	2026-09-11T01:07:01.3674830Z     handshake_drop_test.go:376: dropped 7 packets
Integration (macos, Go 1.27.x)	Run self tests, using QUIC v2	2026-09-11T01:07:01.3675540Z === RUN   TestHandshakeWithPacketLoss/drop_every_3rd_of_first_30_packets,_phase_1_in_direction_to_server/retry:_true/server_speaks_first
Integration (macos, Go 1.27.x)	Run self tests, using QUIC v2	2026-09-11T01:07:01.3676520Z     handshake_drop_test.go:376: dropped 4 packets
Integration (macos, Go 1.27.x)	Run self tests, using QUIC v2	2026-09-11T01:07:01.3677300Z === RUN   TestHandshakeWithPacketLoss/drop_every_3rd_of_first_30_packets,_phase_1_in_direction_to_server/retry:_true/nobody_speaks
Integration (macos, Go 1.27.x)	Run self tests, using QUIC v2	2026-09-11T01:07:01.3678210Z     handshake_drop_test.go:376: dropped 4 packets
Integration (macos, Go 1.27.x)	Run self tests, using QUIC v2	2026-09-11T01:07:01.3680060Z === RUN   TestHandshakeWithPacketLoss/drop_every_3rd_of_first_30_packets,_phase_1_in_direction_to_server/retry:_false/client_speaks_first
Integration (macos, Go 1.27.x)	Run self tests, using QUIC v2	2026-09-11T01:07:01.3681780Z     handshake_drop_test.go:376: dropped 6 packets
Integration (macos, Go 1.27.x)	Run self tests, using QUIC v2	2026-09-11T01:07:01.3683020Z === RUN   TestHandshakeWithPacketLoss/drop_every_3rd_of_first_30_packets,_phase_1_in_direction_to_server/retry:_false/server_speaks_first
Integration (macos, Go 1.27.x)	Run self tests, using QUIC v2	2026-09-11T01:07:01.3684310Z     handshake_drop_test.go:376: dropped 3 packets
Integration (macos, Go 1.27.x)	Run self tests, using QUIC v2	2026-09-11T01:07:01.3685560Z === RUN   TestHandshakeWithPacketLoss/drop_every_3rd_of_first_30_packets,_phase_1_in_direction_to_server/retry:_false/nobody_speaks
Integration (macos, Go 1.27.x)	Run self tests, using QUIC v2	2026-09-11T01:07:01.3686420Z     handshake_drop_test.go:376: dropped 3 packets
Integration (macos, Go 1.27.x)	Run self tests, using QUIC v2	2026-09-11T01:07:01.3687020Z === RUN   TestHandshakeWithPacketLoss/drop_every_3rd_of_first_30_packets,_phase_1_in_direction_to_server/retry:_false/client_speaks_first#01
Integration (macos, Go 1.27.x)	Run self tests, using QUIC v2	2026-09-11T01:07:01.3687590Z     handshake_drop_test.go:376: dropped 6 packets
Integration (macos, Go 1.27.x)	Run self tests, using QUIC v2	2026-09-11T01:07:01.3688230Z === RUN   TestHandshakeWithPacketLoss/drop_every_3rd_of_first_30_packets,_phase_1_in_direction_to_server/retry:_false/server_speaks_first#01
Integration (macos, Go 1.27.x)	Run self tests, using QUIC v2	2026-09-11T01:07:01.3688880Z     handshake_drop_test.go:376: dropped 3 packets
Integration (macos, Go 1.27.x)	Run self tests, using QUIC v2	2026-09-11T01:07:01.3689430Z === RUN   TestHandshakeWithPacketLoss/drop_every_3rd_of_first_30_packets,_phase_1_in_direction_to_server/retry:_false/nobody_speaks#01
Integration (macos, Go 1.27.x)	Run self tests, using QUIC v2	2026-09-11T01:07:01.3690070Z     handshake_drop_test.go:376: dropped 3 packets
Integration (macos, Go 1.27.x)	Run self tests, using QUIC v2	2026-09-11T01:07:01.3690630Z === RUN   TestHandshakeWithPacketLoss/drop_every_3rd_of_first_30_packets,_phase_1_in_direction_to_server/retry:_false/client_speaks_first#02
Integration (macos, Go 1.27.x)	Run self tests, using QUIC v2	2026-09-11T01:07:01.3691360Z     handshake_drop_test.go:376: dropped 6 packets
Integration (macos, Go 1.27.x)	Run self tests, using QUIC v2	2026-09-11T01:07:01.3694730Z === RUN   TestHandshakeWithPacketLoss/drop_every_3rd_of_first_30_packets,_phase_1_in_direction_to_server/retry:_false/server_speaks_first#02
Integration (macos, Go 1.27.x)	Run self tests, using QUIC v2	2026-09-11T01:07:01.3695490Z     handshake_drop_test.go:376: dropped 3 packets
Integration (macos, Go 1.27.x)	Run self tests, using QUIC v2	2026-09-11T01:07:01.3696150Z === RUN   TestHandshakeWithPacketLoss/drop_every_3rd_of_first_30_packets,_phase_1_in_direction_to_server/retry:_false/nobody_speaks#02
Integration (macos, Go 1.27.x)	Run self tests, using QUIC v2	2026-09-11T01:07:01.3696730Z     handshake_drop_test.go:376: dropped 3 packets
Integration (macos, Go 1.27.x)	Run self tests, using QUIC v2	2026-09-11T01:07:01.3697340Z === RUN   TestHandshakeWithPacketLoss/drop_every_3rd_of_first_30_packets,_phase_1_in_direction_to_server/retry:_false/client_speaks_first#03
Integration (macos, Go 1.27.x)	Run self tests, using QUIC v2	2026-09-11T01:07:01.3697930Z     handshake_drop_test.go:376: dropped 6 packets
Integration (macos, Go 1.27.x)	Run self tests, using QUIC v2	2026-09-11T01:07:01.3698440Z === RUN   TestHandshakeWithPacketLoss/drop_every_3rd_of_first_30_packets,_phase_1_in_direction_to_server/retry:_false/server_speaks_first#03
Integration (macos, Go 1.27.x)	Run self tests, using QUIC v2	2026-09-11T01:07:01.3699030Z     handshake_drop_test.go:376: dropped 3 packets
Integration (macos, Go 1.27.x)	Run self tests, using QUIC v2	2026-09-11T01:07:01.3700240Z === RUN   TestHandshakeWithPacketLoss/drop_every_3rd_of_first_30_packets,_phase_1_in_direction_to_server/retry:_false/nobody_speaks#03
Integration (macos, Go 1.27.x)	Run self tests, using QUIC v2	2026-09-11T01:07:01.3700980Z     handshake_drop_test.go:376: dropped 3 packets
Integration (macos, Go 1.27.x)	Run self tests, using QUIC v2	2026-09-11T01:07:01.3701410Z === RUN   TestHandshakeWithPacketLoss/drop_every_3rd_of_first_30_packets,_phase_2_in_direction_to_server
Integration (macos, Go 1.27.x)	Run self tests, using QUIC v2	2026-09-11T01:07:01.3702570Z === RUN   TestHandshakeWithPacketLoss/drop_every_3rd_of_first_30_packets,_phase_2_in_direction_to_server/retry:_true/client_speaks_first
Integration (macos, Go 1.27.x)	Run self tests, using QUIC v2	2026-09-11T01:07:01.3703300Z     handshake_drop_test.go:376: dropped 6 packets
Integration (macos, Go 1.27.x)	Run self tests, using QUIC v2	2026-09-11T01:07:01.3703850Z === RUN   TestHandshakeWithPacketLoss/drop_every_3rd_of_first_30_packets,_phase_2_in_direction_to_server/retry:_true/server_speaks_first
Integration (macos, Go 1.27.x)	Run self tests, using QUIC v2	2026-09-11T01:07:01.3704490Z     handshake_drop_test.go:376: dropped 3 packets
Integration (macos, Go 1.27.x)	Run self tests, using QUIC v2	2026-09-11T01:07:01.3705040Z === RUN   TestHandshakeWithPacketLoss/drop_every_3rd_of_first_30_packets,_phase_2_in_direction_to_server/retry:_true/nobody_speaks
Integration (macos, Go 1.27.x)	Run self tests, using QUIC v2	2026-09-11T01:07:01.3705630Z     handshake_drop_test.go:376: dropped 3 packets
Integration (macos, Go 1.27.x)	Run self tests, using QUIC v2	2026-09-11T01:07:01.3706140Z === RUN   TestHandshakeWithPacketLoss/drop_every_3rd_of_first_30_packets,_phase_2_in_direction_to_server/retry:_false/client_speaks_first
Integration (macos, Go 1.27.x)	Run self tests, using QUIC v2	2026-09-11T01:07:01.3706690Z     handshake_drop_test.go:376: dropped 5 packets
Integration (macos, Go 1.27.x)	Run self tests, using QUIC v2	2026-09-11T01:07:01.3707270Z === RUN   TestHandshakeWithPacketLoss/drop_every_3rd_of_first_30_packets,_phase_2_in_direction_to_server/retry:_false/server_speaks_first
Integration (macos, Go 1.27.x)	Run self tests, using QUIC v2	2026-09-11T01:07:01.3708370Z     handshake_drop_test.go:376: dropped 2 packets
Integration (macos, Go 1.27.x)	Run self tests, using QUIC v2	2026-09-11T01:07:01.3709110Z === RUN   TestHandshakeWithPacketLoss/drop_every_3rd_of_first_30_packets,_phase_2_in_direction_to_server/retry:_false/nobody_speaks
Integration (macos, Go 1.27.x)	Run self tests, using QUIC v2	2026-09-11T01:07:01.3709740Z     handshake_drop_test.go:376: dropped 2 packets
Integration (macos, Go 1.27.x)	Run self tests, using QUIC v2	2026-09-11T01:07:01.3710750Z === RUN   TestHandshakeWithPacketLoss/drop_every_3rd_of_first_30_packets,_phase_2_in_direction_to_server/retry:_false/client_speaks_first#01
Integration (macos, Go 1.27.x)	Run self tests, using QUIC v2	2026-09-11T01:07:01.3711580Z     handshake_drop_test.go:376: dropped 5 packets
Integration (macos, Go 1.27.x)	Run self tests, using QUIC v2	2026-09-11T01:07:01.3712250Z === RUN   TestHandshakeWithPacketLoss/drop_every_3rd_of_first_30_packets,_phase_2_in_direction_to_server/retry:_false/server_speaks_first#01
Integration (macos, Go 1.27.x)	Run self tests, using QUIC v2	2026-09-11T01:07:01.3712960Z     handshake_drop_test.go:376: dropped 2 packets
Integration (macos, Go 1.27.x)	Run self tests, using QUIC v2	2026-09-11T01:07:01.3713580Z === RUN   TestHandshakeWithPacketLoss/drop_every_3rd_of_first_30_packets,_phase_2_in_direction_to_server/retry:_false/nobody_speaks#01
Integration (macos, Go 1.27.x)	Run self tests, using QUIC v2	2026-09-11T01:07:01.3714290Z     handshake_drop_test.go:376: dropped 2 packets
Integration (macos, Go 1.27.x)	Run self tests, using QUIC v2	2026-09-11T01:07:01.3715050Z === RUN   TestHandshakeWithPacketLoss/drop_every_3rd_of_first_30_packets,_phase_2_in_direction_to_server/retry:_false/client_speaks_first#02
Integration (macos, Go 1.27.x)	Run self tests, using QUIC v2	2026-09-11T01:07:01.3715730Z     handshake_drop_test.go:376: dropped 6 packets
Integration (macos, Go 1.27.x)	Run self tests, using QUIC v2	2026-09-11T01:07:01.3716360Z === RUN   TestHandshakeWithPacketLoss/drop_every_3rd_of_first_30_packets,_phase_2_in_direction_to_server/retry:_false/server_speaks_first#02
Integration (macos, Go 1.27.x)	Run self tests, using QUIC v2	2026-09-11T01:07:01.3716980Z     handshake_drop_test.go:376: dropped 3 packets
Integration (macos, Go 1.27.x)	Run self tests, using QUIC v2	2026-09-11T01:07:01.3717510Z === RUN   TestHandshakeWithPacketLoss/drop_every_3rd_of_first_30_packets,_phase_2_in_direction_to_server/retry:_false/nobody_speaks#02
Integration (macos, Go 1.27.x)	Run self tests, using QUIC v2	2026-09-11T01:07:01.3718660Z     handshake_drop_test.go:376: dropped 3 packets
Integration (macos, Go 1.27.x)	Run self tests, using QUIC v2	2026-09-11T01:07:01.3719300Z === RUN   TestHandshakeWithPacketLoss/drop_every_3rd_of_first_30_packets,_phase_2_in_direction_to_server/retry:_false/client_speaks_first#03
Integration (macos, Go 1.27.x)	Run self tests, using QUIC v2	2026-09-11T01:07:01.3720000Z     handshake_drop_test.go:376: dropped 6 packets
Integration (macos, Go 1.27.x)	Run self tests, using QUIC v2	2026-09-11T01:07:01.3720620Z === RUN   TestHandshakeWithPacketLoss/drop_every_3rd_of_first_30_packets,_phase_2_in_direction_to_server/retry:_false/server_speaks_first#03
Integration (macos, Go 1.27.x)	Run self tests, using QUIC v2	2026-09-11T01:07:01.3721290Z     handshake_drop_test.go:376: dropped 3 packets
Integration (macos, Go 1.27.x)	Run self tests, using QUIC v2	2026-09-11T01:07:01.3721900Z === RUN   TestHandshakeWithPacketLoss/drop_every_3rd_of_first_30_packets,_phase_2_in_direction_to_server/retry:_false/nobody_speaks#03
Integration (macos, Go 1.27.x)	Run self tests, using QUIC v2	2026-09-11T01:07:01.3722520Z     handshake_drop_test.go:376: dropped 3 packets
Integration (macos, Go 1.27.x)	Run self tests, using QUIC v2	2026-09-11T01:07:01.3722960Z === RUN   TestHandshakeWithPacketLoss/drop_every_3rd_of_first_30_packets,_phase_3_in_direction_to_server
Integration (macos, Go 1.27.x)	Run self tests, using QUIC v2	2026-09-11T01:07:01.3723690Z === RUN   TestHandshakeWithPacketLoss/drop_every_3rd_of_first_30_packets,_phase_3_in_direction_to_server/retry:_true/client_speaks_first
Integration (macos, Go 1.27.x)	Run self tests, using QUIC v2	2026-09-11T01:07:01.3724370Z     handshake_drop_test.go:376: dropped 5 packets
Integration (macos, Go 1.27.x)	Run self tests, using QUIC v2	2026-09-11T01:07:01.3724980Z === RUN   TestHandshakeWithPacketLoss/drop_every_3rd_of_first_30_packets,_phase_3_in_direction_to_server/retry:_true/server_speaks_first
Integration (macos, Go 1.27.x)	Run self tests, using QUIC v2	2026-09-11T01:07:01.3725700Z     handshake_drop_test.go:376: dropped 2 packets
Integration (macos, Go 1.27.x)	Run self tests, using QUIC v2	2026-09-11T01:07:01.3726300Z === RUN   TestHandshakeWithPacketLoss/drop_every_3rd_of_first_30_packets,_phase_3_in_direction_to_server/retry:_true/nobody_speaks
Integration (macos, Go 1.27.x)	Run self tests, using QUIC v2	2026-09-11T01:07:01.3726850Z     handshake_drop_test.go:376: dropped 2 packets
Integration (macos, Go 1.27.x)	Run self tests, using QUIC v2	2026-09-11T01:07:01.3727400Z === RUN   TestHandshakeWithPacketLoss/drop_every_3rd_of_first_30_packets,_phase_3_in_direction_to_server/retry:_false/client_speaks_first
Integration (macos, Go 1.27.x)	Run self tests, using QUIC v2	2026-09-11T01:07:01.3728040Z     handshake_drop_test.go:376: dropped 4 packets
Integration (macos, Go 1.27.x)	Run self tests, using QUIC v2	2026-09-11T01:07:01.3728550Z === RUN   TestHandshakeWithPacketLoss/drop_every_3rd_of_first_30_packets,_phase_3_in_direction_to_server/retry:_false/server_speaks_first
Integration (macos, Go 1.27.x)	Run self tests, using QUIC v2	2026-09-11T01:07:01.3729200Z     handshake_drop_test.go:376: dropped 1 packets
Integration (macos, Go 1.27.x)	Run self tests, using QUIC v2	2026-09-11T01:07:01.3729810Z === RUN   TestHandshakeWithPacketLoss/drop_every_3rd_of_first_30_packets,_phase_3_in_direction_to_server/retry:_false/nobody_speaks
Integration (macos, Go 1.27.x)	Run self tests, using QUIC v2	2026-09-11T01:07:01.3731200Z     handshake_drop_test.go:376: dropped 1 packets
Integration (macos, Go 1.27.x)	Run self tests, using QUIC v2	2026-09-11T01:07:01.3731870Z === RUN   TestHandshakeWithPacketLoss/drop_every_3rd_of_first_30_packets,_phase_3_in_direction_to_server/retry:_false/client_speaks_first#01
Integration (macos, Go 1.27.x)	Run self tests, using QUIC v2	2026-09-11T01:07:01.3732560Z     handshake_drop_test.go:376: dropped 5 packets
Integration (macos, Go 1.27.x)	Run self tests, using QUIC v2	2026-09-11T01:07:01.3733090Z === RUN   TestHandshakeWithPacketLoss/drop_every_3rd_of_first_30_packets,_phase_3_in_direction_to_server/retry:_false/server_speaks_first#01
Integration (macos, Go 1.27.x)	Run self tests, using QUIC v2	2026-09-11T01:07:01.3733710Z     handshake_drop_test.go:376: dropped 2 packets
Integration (macos, Go 1.27.x)	Run self tests, using QUIC v2	2026-09-11T01:07:01.3734370Z === RUN   TestHandshakeWithPacketLoss/drop_every_3rd_of_first_30_packets,_phase_3_in_direction_to_server/retry:_false/nobody_speaks#01
Integration (macos, Go 1.27.x)	Run self tests, using QUIC v2	2026-09-11T01:07:01.3735100Z     handshake_drop_test.go:376: dropped 2 packets
Integration (macos, Go 1.27.x)	Run self tests, using QUIC v2	2026-09-11T01:07:01.3735650Z === RUN   TestHandshakeWithPacketLoss/drop_every_3rd_of_first_30_packets,_phase_3_in_direction_to_server/retry:_false/client_speaks_first#02
Integration (macos, Go 1.27.x)	Run self tests, using QUIC v2	2026-09-11T01:07:01.3736650Z     handshake_drop_test.go:376: dropped 5 packets
Integration (macos, Go 1.27.x)	Run self tests, using QUIC v2	2026-09-11T01:07:01.3737200Z === RUN   TestHandshakeWithPacketLoss/drop_every_3rd_of_first_30_packets,_phase_3_in_direction_to_server/retry:_false/server_speaks_first#02
Integration (macos, Go 1.27.x)	Run self tests, using QUIC v2	2026-09-11T01:07:01.3737870Z     handshake_drop_test.go:376: dropped 2 packets
Integration (macos, Go 1.27.x)	Run self tests, using QUIC v2	2026-09-11T01:07:01.3738470Z === RUN   TestHandshakeWithPacketLoss/drop_every_3rd_of_first_30_packets,_phase_3_in_direction_to_server/retry:_false/nobody_speaks#02
Integration (macos, Go 1.27.x)	Run self tests, using QUIC v2	2026-09-11T01:07:01.3739110Z     handshake_drop_test.go:376: dropped 2 packets
Integration (macos, Go 1.27.x)	Run self tests, using QUIC v2	2026-09-11T01:07:01.3739640Z === RUN   TestHandshakeWithPacketLoss/drop_every_3rd_of_first_30_packets,_phase_3_in_direction_to_server/retry:_false/client_speaks_first#03
Integration (macos, Go 1.27.x)	Run self tests, using QUIC v2	2026-09-11T01:07:01.3740420Z     handshake_drop_test.go:376: dropped 5 packets
Integration (macos, Go 1.27.x)	Run self tests, using QUIC v2	2026-09-11T01:07:01.3741030Z === RUN   TestHandshakeWithPacketLoss/drop_every_3rd_of_first_30_packets,_phase_3_in_direction_to_server/retry:_false/server_speaks_first#03
Integration (macos, Go 1.27.x)	Run self tests, using QUIC v2	2026-09-11T01:07:01.3741800Z     handshake_drop_test.go:376: dropped 2 packets
Integration (macos, Go 1.27.x)	Run self tests, using QUIC v2	2026-09-11T01:07:01.3742390Z === RUN   TestHandshakeWithPacketLoss/drop_every_3rd_of_first_30_packets,_phase_3_in_direction_to_server/retry:_false/nobody_speaks#03
Integration (macos, Go 1.27.x)	Run self tests, using QUIC v2	2026-09-11T01:07:01.3743010Z     handshake_drop_test.go:376: dropped 2 packets
Integration (macos, Go 1.27.x)	Run self tests, using QUIC v2	2026-09-11T01:07:01.3743550Z === RUN   TestHandshakeWithPacketLoss/drop_1/3_of_packets_in_direction_to_server
Integration (macos, Go 1.27.x)	Run self tests, using QUIC v2	2026-09-11T01:07:01.3744240Z     handshake_drop_test.go:276: random loss is opt-in stress; set QUIC_GO_TEST_RANDOM_LOSS=1
Integration (macos, Go 1.27.x)	Run self tests, using QUIC v2	2026-09-11T01:07:01.3744780Z === RUN   TestHandshakeWithPacketLoss/drop_1st_packet_in_direction_both
Integration (macos, Go 1.27.x)	Run self tests, using QUIC v2	2026-09-11T01:07:01.3745410Z === RUN   TestHandshakeWithPacketLoss/drop_1st_packet_in_direction_both/retry:_true/client_speaks_first
Integration (macos, Go 1.27.x)	Run self tests, using QUIC v2	2026-09-11T01:07:01.3746120Z     handshake_drop_test.go:376: dropped 2 packets
Integration (macos, Go 1.27.x)	Run self tests, using QUIC v2	2026-09-11T01:07:01.3746700Z === RUN   TestHandshakeWithPacketLoss/drop_1st_packet_in_direction_both/retry:_true/server_speaks_first
Integration (macos, Go 1.27.x)	Run self tests, using QUIC v2	2026-09-11T01:07:01.3750640Z     handshake_drop_test.go:376: dropped 2 packets
Integration (macos, Go 1.27.x)	Run self tests, using QUIC v2	2026-09-11T01:07:01.3752030Z === RUN   TestHandshakeWithPacketLoss/drop_1st_packet_in_direction_both/retry:_true/nobody_speaks
Integration (macos, Go 1.27.x)	Run self tests, using QUIC v2	2026-09-11T01:07:01.3774740Z     handshake_drop_test.go:376: dropped 2 packets
Integration (macos, Go 1.27.x)	Run self tests, using QUIC v2	2026-09-11T01:07:01.3776150Z === RUN   TestHandshakeWithPacketLoss/drop_1st_packet_in_direction_both/retry:_false/client_speaks_first
Integration (macos, Go 1.27.x)	Run self tests, using QUIC v2	2026-09-11T01:07:01.3796640Z     handshake_drop_test.go:376: dropped 2 packets
Integration (macos, Go 1.27.x)	Run self tests, using QUIC v2	2026-09-11T01:07:01.3798070Z === RUN   TestHandshakeWithPacketLoss/drop_1st_packet_in_direction_both/retry:_false/server_speaks_first
Integration (macos, Go 1.27.x)	Run self tests, using QUIC v2	2026-09-11T01:07:01.3820990Z     handshake_drop_test.go:376: dropped 2 packets
Integration (macos, Go 1.27.x)	Run self tests, using QUIC v2	2026-09-11T01:07:01.3822160Z === RUN   TestHandshakeWithPacketLoss/drop_1st_packet_in_direction_both/retry:_false/nobody_speaks
Integration (macos, Go 1.27.x)	Run self tests, using QUIC v2	2026-09-11T01:07:01.3854510Z     handshake_drop_test.go:376: dropped 2 packets
Integration (macos, Go 1.27.x)	Run self tests, using QUIC v2	2026-09-11T01:07:01.3855920Z === RUN   TestHandshakeWithPacketLoss/drop_1st_packet_in_direction_both/retry:_false/client_speaks_first#01
Integration (macos, Go 1.27.x)	Run self tests, using QUIC v2	2026-09-11T01:07:01.3906880Z     handshake_drop_test.go:376: dropped 2 packets
Integration (macos, Go 1.27.x)	Run self tests, using QUIC v2	2026-09-11T01:07:01.3908500Z === RUN   TestHandshakeWithPacketLoss/drop_1st_packet_in_direction_both/retry:_false/server_speaks_first#01
Integration (macos, Go 1.27.x)	Run self tests, using QUIC v2	2026-09-11T01:07:01.3911190Z     handshake_drop_test.go:376: dropped 2 packets
Integration (macos, Go 1.27.x)	Run self tests, using QUIC v2	2026-09-11T01:07:01.3911780Z === RUN   TestHandshakeWithPacketLoss/drop_1st_packet_in_direction_both/retry:_false/nobody_speaks#01
Integration (macos, Go 1.27.x)	Run self tests, using QUIC v2	2026-09-11T01:07:01.3937480Z     handshake_drop_test.go:376: dropped 2 packets
Integration (macos, Go 1.27.x)	Run self tests, using QUIC v2	2026-09-11T01:07:01.3938100Z === RUN   TestHandshakeWithPacketLoss/drop_1st_packet_in_direction_both/retry:_false/client_speaks_first#02
Integration (macos, Go 1.27.x)	Run self tests, using QUIC v2	2026-09-11T01:07:01.3950030Z     handshake_drop_test.go:376: dropped 2 packets
Integration (macos, Go 1.27.x)	Run self tests, using QUIC v2	2026-09-11T01:07:01.3951690Z === RUN   TestHandshakeWithPacketLoss/drop_1st_packet_in_direction_both/retry:_false/server_speaks_first#02
Integration (macos, Go 1.27.x)	Run self tests, using QUIC v2	2026-09-11T01:07:01.3978030Z     handshake_drop_test.go:376: dropped 2 packets
Integration (macos, Go 1.27.x)	Run self tests, using QUIC v2	2026-09-11T01:07:01.3979310Z === RUN   TestHandshakeWithPacketLoss/drop_1st_packet_in_direction_both/retry:_false/nobody_speaks#02
Integration (macos, Go 1.27.x)	Run self tests, using QUIC v2	2026-09-11T01:07:01.3990850Z     handshake_drop_test.go:376: dropped 2 packets
Integration (macos, Go 1.27.x)	Run self tests, using QUIC v2	2026-09-11T01:07:01.3992220Z === RUN   TestHandshakeWithPacketLoss/drop_1st_packet_in_direction_both/retry:_false/client_speaks_first#03
Integration (macos, Go 1.27.x)	Run self tests, using QUIC v2	2026-09-11T01:07:01.4016160Z     handshake_drop_test.go:376: dropped 2 packets
Integration (macos, Go 1.27.x)	Run self tests, using QUIC v2	2026-09-11T01:07:01.4017410Z === RUN   TestHandshakeWithPacketLoss/drop_1st_packet_in_direction_both/retry:_false/server_speaks_first#03
Integration (macos, Go 1.27.x)	Run self tests, using QUIC v2	2026-09-11T01:07:01.4040550Z     handshake_drop_test.go:376: dropped 2 packets
Integration (macos, Go 1.27.x)	Run self tests, using QUIC v2	2026-09-11T01:07:01.4042330Z === RUN   TestHandshakeWithPacketLoss/drop_1st_packet_in_direction_both/retry:_false/nobody_speaks#03
Integration (macos, Go 1.27.x)	Run self tests, using QUIC v2	2026-09-11T01:07:01.4055350Z     handshake_drop_test.go:376: dropped 2 packets
Integration (macos, Go 1.27.x)	Run self tests, using QUIC v2	2026-09-11T01:07:01.4055840Z === RUN   TestHandshakeWithPacketLoss/drop_first_3_packets_in_direction_both
Integration (macos, Go 1.27.x)	Run self tests, using QUIC v2	2026-09-11T01:07:01.4056480Z === RUN   TestHandshakeWithPacketLoss/drop_first_3_packets_in_direction_both/retry:_true/client_speaks_first
Integration (macos, Go 1.27.x)	Run self tests, using QUIC v2	2026-09-11T01:07:01.4086490Z     handshake_drop_test.go:376: dropped 6 packets
Integration (macos, Go 1.27.x)	Run self tests, using QUIC v2	2026-09-11T01:07:01.4087560Z === RUN   TestHandshakeWithPacketLoss/drop_first_3_packets_in_direction_both/retry:_true/server_speaks_first
Integration (macos, Go 1.27.x)	Run self tests, using QUIC v2	2026-09-11T01:07:01.4110960Z     handshake_drop_test.go:376: dropped 6 packets
Integration (macos, Go 1.27.x)	Run self tests, using QUIC v2	2026-09-11T01:07:01.4113150Z === RUN   TestHandshakeWithPacketLoss/drop_first_3_packets_in_direction_both/retry:_true/nobody_speaks
Integration (macos, Go 1.27.x)	Run self tests, using QUIC v2	2026-09-11T01:07:01.4133500Z     handshake_drop_test.go:376: dropped 6 packets
Integration (macos, Go 1.27.x)	Run self tests, using QUIC v2	2026-09-11T01:07:01.4134100Z === RUN   TestHandshakeWithPacketLoss/drop_first_3_packets_in_direction_both/retry:_false/client_speaks_first
Integration (macos, Go 1.27.x)	Run self tests, using QUIC v2	2026-09-11T01:07:01.4164640Z     handshake_drop_test.go:376: dropped 6 packets
Integration (macos, Go 1.27.x)	Run self tests, using QUIC v2	2026-09-11T01:07:01.4165410Z === RUN   TestHandshakeWithPacketLoss/drop_first_3_packets_in_direction_both/retry:_false/server_speaks_first
Integration (macos, Go 1.27.x)	Run self tests, using QUIC v2	2026-09-11T01:07:01.4195310Z     handshake_drop_test.go:376: dropped 6 packets
Integration (macos, Go 1.27.x)	Run self tests, using QUIC v2	2026-09-11T01:07:01.4196600Z === RUN   TestHandshakeWithPacketLoss/drop_first_3_packets_in_direction_both/retry:_false/nobody_speaks
Integration (macos, Go 1.27.x)	Run self tests, using QUIC v2	2026-09-11T01:07:01.4215160Z     handshake_drop_test.go:376: dropped 6 packets
Integration (macos, Go 1.27.x)	Run self tests, using QUIC v2	2026-09-11T01:07:01.4216150Z === RUN   TestHandshakeWithPacketLoss/drop_first_3_packets_in_direction_both/retry:_false/client_speaks_first#01
Integration (macos, Go 1.27.x)	Run self tests, using QUIC v2	2026-09-11T01:07:01.4244200Z     handshake_drop_test.go:376: dropped 6 packets
Integration (macos, Go 1.27.x)	Run self tests, using QUIC v2	2026-09-11T01:07:01.4245670Z === RUN   TestHandshakeWithPacketLoss/drop_first_3_packets_in_direction_both/retry:_false/server_speaks_first#01
Integration (macos, Go 1.27.x)	Run self tests, using QUIC v2	2026-09-11T01:07:01.4275950Z     handshake_drop_test.go:376: dropped 6 packets
Integration (macos, Go 1.27.x)	Run self tests, using QUIC v2	2026-09-11T01:07:01.4276960Z === RUN   TestHandshakeWithPacketLoss/drop_first_3_packets_in_direction_both/retry:_false/nobody_speaks#01
Integration (macos, Go 1.27.x)	Run self tests, using QUIC v2	2026-09-11T01:07:01.4301650Z     handshake_drop_test.go:376: dropped 6 packets
Integration (macos, Go 1.27.x)	Run self tests, using QUIC v2	2026-09-11T01:07:01.4303100Z === RUN   TestHandshakeWithPacketLoss/drop_first_3_packets_in_direction_both/retry:_false/client_speaks_first#02
Integration (macos, Go 1.27.x)	Run self tests, using QUIC v2	2026-09-11T01:07:01.4317620Z     handshake_drop_test.go:376: dropped 6 packets
Integration (macos, Go 1.27.x)	Run self tests, using QUIC v2	2026-09-11T01:07:01.4318990Z === RUN   TestHandshakeWithPacketLoss/drop_first_3_packets_in_direction_both/retry:_false/server_speaks_first#02
Integration (macos, Go 1.27.x)	Run self tests, using QUIC v2	2026-09-11T01:07:01.4340110Z     handshake_drop_test.go:376: dropped 6 packets
Integration (macos, Go 1.27.x)	Run self tests, using QUIC v2	2026-09-11T01:07:01.4341540Z === RUN   TestHandshakeWithPacketLoss/drop_first_3_packets_in_direction_both/retry:_false/nobody_speaks#02
Integration (macos, Go 1.27.x)	Run self tests, using QUIC v2	2026-09-11T01:07:01.4355890Z     handshake_drop_test.go:376: dropped 6 packets
Integration (macos, Go 1.27.x)	Run self tests, using QUIC v2	2026-09-11T01:07:01.4356520Z === RUN   TestHandshakeWithPacketLoss/drop_first_3_packets_in_direction_both/retry:_false/client_speaks_first#03
Integration (macos, Go 1.27.x)	Run self tests, using QUIC v2	2026-09-11T01:07:01.4378520Z     handshake_drop_test.go:376: dropped 6 packets
Integration (macos, Go 1.27.x)	Run self tests, using QUIC v2	2026-09-11T01:07:01.4380120Z === RUN   TestHandshakeWithPacketLoss/drop_first_3_packets_in_direction_both/retry:_false/server_speaks_first#03
Integration (macos, Go 1.27.x)	Run self tests, using QUIC v2	2026-09-11T01:07:01.4404310Z     handshake_drop_test.go:376: dropped 6 packets
Integration (macos, Go 1.27.x)	Run self tests, using QUIC v2	2026-09-11T01:07:01.4405940Z === RUN   TestHandshakeWithPacketLoss/drop_first_3_packets_in_direction_both/retry:_false/nobody_speaks#03
Integration (macos, Go 1.27.x)	Run self tests, using QUIC v2	2026-09-11T01:07:01.4428040Z     handshake_drop_test.go:376: dropped 6 packets
Integration (macos, Go 1.27.x)	Run self tests, using QUIC v2	2026-09-11T01:07:01.4429330Z === RUN   TestHandshakeWithPacketLoss/drop_every_3rd_of_first_30_packets,_phase_1_in_direction_both
Integration (macos, Go 1.27.x)	Run self tests, using QUIC v2	2026-09-11T01:07:01.4431110Z === RUN   TestHandshakeWithPacketLoss/drop_every_3rd_of_first_30_packets,_phase_1_in_direction_both/retry:_true/client_speaks_first
Integration (macos, Go 1.27.x)	Run self tests, using QUIC v2	2026-09-11T01:07:01.4454590Z     handshake_drop_test.go:376: dropped 11 packets
Integration (macos, Go 1.27.x)	Run self tests, using QUIC v2	2026-09-11T01:07:01.4455540Z === RUN   TestHandshakeWithPacketLoss/drop_every_3rd_of_first_30_packets,_phase_1_in_direction_both/retry:_true/server_speaks_first
Integration (macos, Go 1.27.x)	Run self tests, using QUIC v2	2026-09-11T01:07:01.4492470Z     handshake_drop_test.go:376: dropped 11 packets
Integration (macos, Go 1.27.x)	Run self tests, using QUIC v2	2026-09-11T01:07:01.4494000Z === RUN   TestHandshakeWithPacketLoss/drop_every_3rd_of_first_30_packets,_phase_1_in_direction_both/retry:_true/nobody_speaks
Integration (macos, Go 1.27.x)	Run self tests, using QUIC v2	2026-09-11T01:07:01.4530570Z     handshake_drop_test.go:376: dropped 7 packets
Integration (macos, Go 1.27.x)	Run self tests, using QUIC v2	2026-09-11T01:07:01.4532630Z === RUN   TestHandshakeWithPacketLoss/drop_every_3rd_of_first_30_packets,_phase_1_in_direction_both/retry:_false/client_speaks_first
Integration (macos, Go 1.27.x)	Run self tests, using QUIC v2	2026-09-11T01:07:01.4556470Z     handshake_drop_test.go:376: dropped 10 packets
Integration (macos, Go 1.27.x)	Run self tests, using QUIC v2	2026-09-11T01:07:01.4558020Z === RUN   TestHandshakeWithPacketLoss/drop_every_3rd_of_first_30_packets,_phase_1_in_direction_both/retry:_false/server_speaks_first
Integration (macos, Go 1.27.x)	Run self tests, using QUIC v2	2026-09-11T01:07:01.4587840Z     handshake_drop_test.go:376: dropped 11 packets
Integration (macos, Go 1.27.x)	Run self tests, using QUIC v2	2026-09-11T01:07:01.4589540Z === RUN   TestHandshakeWithPacketLoss/drop_every_3rd_of_first_30_packets,_phase_1_in_direction_both/retry:_false/nobody_speaks
Integration (macos, Go 1.27.x)	Run self tests, using QUIC v2	2026-09-11T01:07:01.4618460Z     handshake_drop_test.go:376: dropped 5 packets
Integration (macos, Go 1.27.x)	Run self tests, using QUIC v2	2026-09-11T01:07:01.4625040Z === RUN   TestHandshakeWithPacketLoss/drop_every_3rd_of_first_30_packets,_phase_1_in_direction_both/retry:_false/client_speaks_first#01
Integration (macos, Go 1.27.x)	Run self tests, using QUIC v2	2026-09-11T01:07:01.4651990Z     handshake_drop_test.go:376: dropped 16 packets
Integration (macos, Go 1.27.x)	Run self tests, using QUIC v2	2026-09-11T01:07:01.4652990Z === RUN   TestHandshakeWithPacketLoss/drop_every_3rd_of_first_30_packets,_phase_1_in_direction_both/retry:_false/server_speaks_first#01
Integration (macos, Go 1.27.x)	Run self tests, using QUIC v2	2026-09-11T01:07:01.4687750Z     handshake_drop_test.go:376: dropped 12 packets
Integration (macos, Go 1.27.x)	Run self tests, using QUIC v2	2026-09-11T01:07:01.4689300Z === RUN   TestHandshakeWithPacketLoss/drop_every_3rd_of_first_30_packets,_phase_1_in_direction_both/retry:_false/nobody_speaks#01
Integration (macos, Go 1.27.x)	Run self tests, using QUIC v2	2026-09-11T01:07:01.4714110Z     handshake_drop_test.go:376: dropped 7 packets
Integration (macos, Go 1.27.x)	Run self tests, using QUIC v2	2026-09-11T01:07:01.4715530Z === RUN   TestHandshakeWithPacketLoss/drop_every_3rd_of_first_30_packets,_phase_1_in_direction_both/retry:_false/client_speaks_first#02
Integration (macos, Go 1.27.x)	Run self tests, using QUIC v2	2026-09-11T01:07:01.4739850Z     handshake_drop_test.go:376: dropped 14 packets
Integration (macos, Go 1.27.x)	Run self tests, using QUIC v2	2026-09-11T01:07:01.4742410Z === RUN   TestHandshakeWithPacketLoss/drop_every_3rd_of_first_30_packets,_phase_1_in_direction_both/retry:_false/server_speaks_first#02
Integration (macos, Go 1.27.x)	Run self tests, using QUIC v2	2026-09-11T01:07:01.4760310Z     handshake_drop_test.go:376: dropped 7 packets
Integration (macos, Go 1.27.x)	Run self tests, using QUIC v2	2026-09-11T01:07:01.4761870Z === RUN   TestHandshakeWithPacketLoss/drop_every_3rd_of_first_30_packets,_phase_1_in_direction_both/retry:_false/nobody_speaks#02
Integration (macos, Go 1.27.x)	Run self tests, using QUIC v2	2026-09-11T01:07:01.4779630Z     handshake_drop_test.go:376: dropped 4 packets
Integration (macos, Go 1.27.x)	Run self tests, using QUIC v2	2026-09-11T01:07:01.4783150Z === RUN   TestHandshakeWithPacketLoss/drop_every_3rd_of_first_30_packets,_phase_1_in_direction_both/retry:_false/client_speaks_first#03
Integration (macos, Go 1.27.x)	Run self tests, using QUIC v2	2026-09-11T01:07:01.4816010Z     handshake_drop_test.go:376: dropped 13 packets
Integration (macos, Go 1.27.x)	Run self tests, using QUIC v2	2026-09-11T01:07:01.4816690Z === RUN   TestHandshakeWithPacketLoss/drop_every_3rd_of_first_30_packets,_phase_1_in_direction_both/retry:_false/server_speaks_first#03
Integration (macos, Go 1.27.x)	Run self tests, using QUIC v2	2026-09-11T01:07:01.4841290Z     handshake_drop_test.go:376: dropped 12 packets
Integration (macos, Go 1.27.x)	Run self tests, using QUIC v2	2026-09-11T01:07:01.4842910Z === RUN   TestHandshakeWithPacketLoss/drop_every_3rd_of_first_30_packets,_phase_1_in_direction_both/retry:_false/nobody_speaks#03
Integration (macos, Go 1.27.x)	Run self tests, using QUIC v2	2026-09-11T01:07:01.4856700Z     handshake_drop_test.go:376: dropped 9 packets
Integration (macos, Go 1.27.x)	Run self tests, using QUIC v2	2026-09-11T01:07:01.4858500Z === RUN   TestHandshakeWithPacketLoss/drop_every_3rd_of_first_30_packets,_phase_2_in_direction_both
Integration (macos, Go 1.27.x)	Run self tests, using QUIC v2	2026-09-11T01:07:01.4859360Z === RUN   TestHandshakeWithPacketLoss/drop_every_3rd_of_first_30_packets,_phase_2_in_direction_both/retry:_true/client_speaks_first
Integration (macos, Go 1.27.x)	Run self tests, using QUIC v2	2026-09-11T01:07:01.4893120Z     handshake_drop_test.go:376: dropped 10 packets
Integration (macos, Go 1.27.x)	Run self tests, using QUIC v2	2026-09-11T01:07:01.4893860Z === RUN   TestHandshakeWithPacketLoss/drop_every_3rd_of_first_30_packets,_phase_2_in_direction_both/retry:_true/server_speaks_first
Integration (macos, Go 1.27.x)	Run self tests, using QUIC v2	2026-09-11T01:07:01.4926510Z     handshake_drop_test.go:376: dropped 12 packets
Integration (macos, Go 1.27.x)	Run self tests, using QUIC v2	2026-09-11T01:07:01.4927270Z === RUN   TestHandshakeWithPacketLoss/drop_every_3rd_of_first_30_packets,_phase_2_in_direction_both/retry:_true/nobody_speaks
Integration (macos, Go 1.27.x)	Run self tests, using QUIC v2	2026-09-11T01:07:01.4960050Z     handshake_drop_test.go:376: dropped 6 packets
Integration (macos, Go 1.27.x)	Run self tests, using QUIC v2	2026-09-11T01:07:01.4961610Z === RUN   TestHandshakeWithPacketLoss/drop_every_3rd_of_first_30_packets,_phase_2_in_direction_both/retry:_false/client_speaks_first
Integration (macos, Go 1.27.x)	Run self tests, using QUIC v2	2026-09-11T01:07:01.4984010Z     handshake_drop_test.go:376: dropped 7 packets
Integration (macos, Go 1.27.x)	Run self tests, using QUIC v2	2026-09-11T01:07:01.4984880Z === RUN   TestHandshakeWithPacketLoss/drop_every_3rd_of_first_30_packets,_phase_2_in_direction_both/retry:_false/server_speaks_first
Integration (macos, Go 1.27.x)	Run self tests, using QUIC v2	2026-09-11T01:07:01.5020050Z     handshake_drop_test.go:376: dropped 11 packets
Integration (macos, Go 1.27.x)	Run self tests, using QUIC v2	2026-09-11T01:07:01.5021580Z === RUN   TestHandshakeWithPacketLoss/drop_every_3rd_of_first_30_packets,_phase_2_in_direction_both/retry:_false/nobody_speaks
Integration (macos, Go 1.27.x)	Run self tests, using QUIC v2	2026-09-11T01:07:01.5054000Z     handshake_drop_test.go:376: dropped 3 packets
Integration (macos, Go 1.27.x)	Run self tests, using QUIC v2	2026-09-11T01:07:01.5055630Z === RUN   TestHandshakeWithPacketLoss/drop_every_3rd_of_first_30_packets,_phase_2_in_direction_both/retry:_false/client_speaks_first#01
Integration (macos, Go 1.27.x)	Run self tests, using QUIC v2	2026-09-11T01:07:01.5079830Z     handshake_drop_test.go:376: dropped 11 packets
Integration (macos, Go 1.27.x)	Run self tests, using QUIC v2	2026-09-11T01:07:01.5081280Z === RUN   TestHandshakeWithPacketLoss/drop_every_3rd_of_first_30_packets,_phase_2_in_direction_both/retry:_false/server_speaks_first#01
Integration (macos, Go 1.27.x)	Run self tests, using QUIC v2	2026-09-11T01:07:01.5114890Z     handshake_drop_test.go:376: dropped 10 packets
Integration (macos, Go 1.27.x)	Run self tests, using QUIC v2	2026-09-11T01:07:01.5116440Z === RUN   TestHandshakeWithPacketLoss/drop_every_3rd_of_first_30_packets,_phase_2_in_direction_both/retry:_false/nobody_speaks#01
Integration (macos, Go 1.27.x)	Run self tests, using QUIC v2	2026-09-11T01:07:01.5159790Z     handshake_drop_test.go:376: dropped 6 packets
Integration (macos, Go 1.27.x)	Run self tests, using QUIC v2	2026-09-11T01:07:01.5160720Z === RUN   TestHandshakeWithPacketLoss/drop_every_3rd_of_first_30_packets,_phase_2_in_direction_both/retry:_false/client_speaks_first#02
Integration (macos, Go 1.27.x)	Run self tests, using QUIC v2	2026-09-11T01:07:01.5180030Z     handshake_drop_test.go:376: dropped 9 packets
Integration (macos, Go 1.27.x)	Run self tests, using QUIC v2	2026-09-11T01:07:01.5181660Z === RUN   TestHandshakeWithPacketLoss/drop_every_3rd_of_first_30_packets,_phase_2_in_direction_both/retry:_false/server_speaks_first#02
Integration (macos, Go 1.27.x)	Run self tests, using QUIC v2	2026-09-11T01:07:01.5195150Z     handshake_drop_test.go:376: dropped 9 packets
Integration (macos, Go 1.27.x)	Run self tests, using QUIC v2	2026-09-11T01:07:01.5196300Z === RUN   TestHandshakeWithPacketLoss/drop_every_3rd_of_first_30_packets,_phase_2_in_direction_both/retry:_false/nobody_speaks#02
Integration (macos, Go 1.27.x)	Run self tests, using QUIC v2	2026-09-11T01:07:01.5213310Z     handshake_drop_test.go:376: dropped 5 packets
Integration (macos, Go 1.27.x)	Run self tests, using QUIC v2	2026-09-11T01:07:01.5214840Z === RUN   TestHandshakeWithPacketLoss/drop_every_3rd_of_first_30_packets,_phase_2_in_direction_both/retry:_false/client_speaks_first#03
Integration (macos, Go 1.27.x)	Run self tests, using QUIC v2	2026-09-11T01:07:01.5249880Z     handshake_drop_test.go:376: dropped 15 packets
Integration (macos, Go 1.27.x)	Run self tests, using QUIC v2	2026-09-11T01:07:01.5250650Z === RUN   TestHandshakeWithPacketLoss/drop_every_3rd_of_first_30_packets,_phase_2_in_direction_both/retry:_false/server_speaks_first#03
Integration (macos, Go 1.27.x)	Run self tests, using QUIC v2	2026-09-11T01:07:01.5278300Z     handshake_drop_test.go:376: dropped 14 packets
Integration (macos, Go 1.27.x)	Run self tests, using QUIC v2	2026-09-11T01:07:01.5280880Z === RUN   TestHandshakeWithPacketLoss/drop_every_3rd_of_first_30_packets,_phase_2_in_direction_both/retry:_false/nobody_speaks#03
Integration (macos, Go 1.27.x)	Run self tests, using QUIC v2	2026-09-11T01:07:01.5306380Z     handshake_drop_test.go:376: dropped 9 packets
Integration (macos, Go 1.27.x)	Run self tests, using QUIC v2	2026-09-11T01:07:01.5307820Z === RUN   TestHandshakeWithPacketLoss/drop_every_3rd_of_first_30_packets,_phase_3_in_direction_both
Integration (macos, Go 1.27.x)	Run self tests, using QUIC v2	2026-09-11T01:07:01.5309610Z === RUN   TestHandshakeWithPacketLoss/drop_every_3rd_of_first_30_packets,_phase_3_in_direction_both/retry:_true/client_speaks_first
Integration (macos, Go 1.27.x)	Run self tests, using QUIC v2	2026-09-11T01:07:01.5339240Z     handshake_drop_test.go:376: dropped 6 packets
Integration (macos, Go 1.27.x)	Run self tests, using QUIC v2	2026-09-11T01:07:01.5339890Z === RUN   TestHandshakeWithPacketLoss/drop_every_3rd_of_first_30_packets,_phase_3_in_direction_both/retry:_true/server_speaks_first
Integration (macos, Go 1.27.x)	Run self tests, using QUIC v2	2026-09-11T01:07:01.5369340Z     handshake_drop_test.go:376: dropped 10 packets
Integration (macos, Go 1.27.x)	Run self tests, using QUIC v2	2026-09-11T01:07:01.5370910Z === RUN   TestHandshakeWithPacketLoss/drop_every_3rd_of_first_30_packets,_phase_3_in_direction_both/retry:_true/nobody_speaks
Integration (macos, Go 1.27.x)	Run self tests, using QUIC v2	2026-09-11T01:07:01.5402280Z     handshake_drop_test.go:376: dropped 3 packets
Integration (macos, Go 1.27.x)	Run self tests, using QUIC v2	2026-09-11T01:07:01.5403920Z === RUN   TestHandshakeWithPacketLoss/drop_every_3rd_of_first_30_packets,_phase_3_in_direction_both/retry:_false/client_speaks_first
Integration (macos, Go 1.27.x)	Run self tests, using QUIC v2	2026-09-11T01:07:01.5422220Z     handshake_drop_test.go:376: dropped 6 packets
Integration (macos, Go 1.27.x)	Run self tests, using QUIC v2	2026-09-11T01:07:01.5423950Z === RUN   TestHandshakeWithPacketLoss/drop_every_3rd_of_first_30_packets,_phase_3_in_direction_both/retry:_false/server_speaks_first
Integration (macos, Go 1.27.x)	Run self tests, using QUIC v2	2026-09-11T01:07:01.5452870Z     handshake_drop_test.go:376: dropped 5 packets
Integration (macos, Go 1.27.x)	Run self tests, using QUIC v2	2026-09-11T01:07:01.5454470Z === RUN   TestHandshakeWithPacketLoss/drop_every_3rd_of_first_30_packets,_phase_3_in_direction_both/retry:_false/nobody_speaks
Integration (macos, Go 1.27.x)	Run self tests, using QUIC v2	2026-09-11T01:07:01.5478440Z     handshake_drop_test.go:376: dropped 1 packets
Integration (macos, Go 1.27.x)	Run self tests, using QUIC v2	2026-09-11T01:07:01.5480160Z === RUN   TestHandshakeWithPacketLoss/drop_every_3rd_of_first_30_packets,_phase_3_in_direction_both/retry:_false/client_speaks_first#01
Integration (macos, Go 1.27.x)	Run self tests, using QUIC v2	2026-09-11T01:07:01.5505520Z     handshake_drop_test.go:376: dropped 10 packets
Integration (macos, Go 1.27.x)	Run self tests, using QUIC v2	2026-09-11T01:07:01.5506900Z === RUN   TestHandshakeWithPacketLoss/drop_every_3rd_of_first_30_packets,_phase_3_in_direction_both/retry:_false/server_speaks_first#01
Integration (macos, Go 1.27.x)	Run self tests, using QUIC v2	2026-09-11T01:07:01.5544820Z     handshake_drop_test.go:376: dropped 8 packets
Integration (macos, Go 1.27.x)	Run self tests, using QUIC v2	2026-09-11T01:07:01.5546360Z === RUN   TestHandshakeWithPacketLoss/drop_every_3rd_of_first_30_packets,_phase_3_in_direction_both/retry:_false/nobody_speaks#01
Integration (macos, Go 1.27.x)	Run self tests, using QUIC v2	2026-09-11T01:07:01.5569460Z     handshake_drop_test.go:376: dropped 5 packets
Integration (macos, Go 1.27.x)	Run self tests, using QUIC v2	2026-09-11T01:07:01.5571100Z === RUN   TestHandshakeWithPacketLoss/drop_every_3rd_of_first_30_packets,_phase_3_in_direction_both/retry:_false/client_speaks_first#02
Integration (macos, Go 1.27.x)	Run self tests, using QUIC v2	2026-09-11T01:07:01.5583140Z     handshake_drop_test.go:376: dropped 6 packets
Integration (macos, Go 1.27.x)	Run self tests, using QUIC v2	2026-09-11T01:07:01.5584460Z === RUN   TestHandshakeWithPacketLoss/drop_every_3rd_of_first_30_packets,_phase_3_in_direction_both/retry:_false/server_speaks_first#02
Integration (macos, Go 1.27.x)	Run self tests, using QUIC v2	2026-09-11T01:07:01.5611990Z     handshake_drop_test.go:376: dropped 11 packets
Integration (macos, Go 1.27.x)	Run self tests, using QUIC v2	2026-09-11T01:07:01.5614370Z === RUN   TestHandshakeWithPacketLoss/drop_every_3rd_of_first_30_packets,_phase_3_in_direction_both/retry:_false/nobody_speaks#02
Integration (macos, Go 1.27.x)	Run self tests, using QUIC v2	2026-09-11T01:07:01.5627740Z     handshake_drop_test.go:376: dropped 3 packets
Integration (macos, Go 1.27.x)	Run self tests, using QUIC v2	2026-09-11T01:07:01.5629290Z === RUN   TestHandshakeWithPacketLoss/drop_every_3rd_of_first_30_packets,_phase_3_in_direction_both/retry:_false/client_speaks_first#03
Integration (macos, Go 1.27.x)	Run self tests, using QUIC v2	2026-09-11T01:07:01.5647330Z     handshake_drop_test.go:376: dropped 11 packets
Integration (macos, Go 1.27.x)	Run self tests, using QUIC v2	2026-09-11T01:07:01.5649000Z === RUN   TestHandshakeWithPacketLoss/drop_every_3rd_of_first_30_packets,_phase_3_in_direction_both/retry:_false/server_speaks_first#03
Integration (macos, Go 1.27.x)	Run self tests, using QUIC v2	2026-09-11T01:07:01.5673390Z     handshake_drop_test.go:376: dropped 11 packets
Integration (macos, Go 1.27.x)	Run self tests, using QUIC v2	2026-09-11T01:07:01.5674860Z === RUN   TestHandshakeWithPacketLoss/drop_every_3rd_of_first_30_packets,_phase_3_in_direction_both/retry:_false/nobody_speaks#03
Integration (macos, Go 1.27.x)	Run self tests, using QUIC v2	2026-09-11T01:07:01.5691290Z     handshake_drop_test.go:376: dropped 7 packets
Integration (macos, Go 1.27.x)	Run self tests, using QUIC v2	2026-09-11T01:07:01.5700750Z === RUN   TestHandshakeWithPacketLoss/drop_1/3_of_packets_in_direction_both
Integration (macos, Go 1.27.x)	Run self tests, using QUIC v2	2026-09-11T01:07:01.5703560Z     handshake_drop_test.go:276: random loss is opt-in stress; set QUIC_GO_TEST_RANDOM_LOSS=1
Integration (macos, Go 1.27.x)	Run self tests, using QUIC v2	2026-09-11T01:07:01.5704440Z --- PASS: TestHandshakeWithPacketLoss (0.66s)
Integration (macos, Go 1.27.x)	Run self tests, using QUIC v2	2026-09-11T01:07:01.5705460Z     --- PASS: TestHandshakeWithPacketLoss/drop_1st_packet_in_direction_to_client (0.04s)
Integration (macos, Go 1.27.x)	Run self tests, using QUIC v2	2026-09-11T01:07:01.5706530Z         --- PASS: TestHandshakeWithPacketLoss/drop_1st_packet_in_direction_to_client/retry:_true/client_speaks_first (0.01s)
Integration (macos, Go 1.27.x)	Run self tests, using QUIC v2	2026-09-11T01:07:01.5707750Z         --- PASS: TestHandshakeWithPacketLoss/drop_1st_packet_in_direction_to_client/retry:_true/server_speaks_first (0.00s)
Integration (macos, Go 1.27.x)	Run self tests, using QUIC v2	2026-09-11T01:07:01.5709980Z         --- PASS: TestHandshakeWithPacketLoss/drop_1st_packet_in_direction_to_client/retry:_true/nobody_speaks (0.00s)
Integration (macos, Go 1.27.x)	Run self tests, using QUIC v2	2026-09-11T01:07:01.5711320Z         --- PASS: TestHandshakeWithPacketLoss/drop_1st_packet_in_direction_to_client/retry:_false/client_speaks_first (0.00s)
Integration (macos, Go 1.27.x)	Run self tests, using QUIC v2	2026-09-11T01:07:01.5714830Z         --- PASS: TestHandshakeWithPacketLoss/drop_1st_packet_in_direction_to_client/retry:_false/server_speaks_first (0.00s)
Integration (macos, Go 1.27.x)	Run self tests, using QUIC v2	2026-09-11T01:07:01.5741740Z         --- PASS: TestHandshakeWithPacketLoss/drop_1st_packet_in_direction_to_client/retry:_false/nobody_speaks (0.00s)
Integration (macos, Go 1.27.x)	Run self tests, using QUIC v2	2026-09-11T01:07:01.5749960Z         --- PASS: TestHandshakeWithPacketLoss/drop_1st_packet_in_direction_to_client/retry:_false/client_speaks_first#01 (0.00s)
Integration (macos, Go 1.27.x)	Run self tests, using QUIC v2	2026-09-11T01:07:01.5753020Z         --- PASS: TestHandshakeWithPacketLoss/drop_1st_packet_in_direction_to_client/retry:_false/server_speaks_first#01 (0.00s)
Integration (macos, Go 1.27.x)	Run self tests, using QUIC v2	2026-09-11T01:07:01.5790560Z         --- PASS: TestHandshakeWithPacketLoss/drop_1st_packet_in_direction_to_client/retry:_false/nobody_speaks#01 (0.00s)
Integration (macos, Go 1.27.x)	Run self tests, using QUIC v2	2026-09-11T01:07:01.5797700Z         --- PASS: TestHandshakeWithPacketLoss/drop_1st_packet_in_direction_to_client/retry:_false/client_speaks_first#02 (0.00s)
Integration (macos, Go 1.27.x)	Run self tests, using QUIC v2	2026-09-11T01:07:01.5801830Z         --- PASS: TestHandshakeWithPacketLoss/drop_1st_packet_in_direction_to_client/retry:_false/server_speaks_first#02 (0.00s)
Integration (macos, Go 1.27.x)	Run self tests, using QUIC v2	2026-09-11T01:07:01.5802980Z         --- PASS: TestHandshakeWithPacketLoss/drop_1st_packet_in_direction_to_client/retry:_false/nobody_speaks#02 (0.00s)
Integration (macos, Go 1.27.x)	Run self tests, using QUIC v2	2026-09-11T01:07:01.5804330Z         --- PASS: TestHandshakeWithPacketLoss/drop_1st_packet_in_direction_to_client/retry:_false/client_speaks_first#03 (0.00s)
Integration (macos, Go 1.27.x)	Run self tests, using QUIC v2	2026-09-11T01:07:01.5805340Z         --- PASS: TestHandshakeWithPacketLoss/drop_1st_packet_in_direction_to_client/retry:_false/server_speaks_first#03 (0.00s)
Integration (macos, Go 1.27.x)	Run self tests, using QUIC v2	2026-09-11T01:07:01.5806440Z         --- PASS: TestHandshakeWithPacketLoss/drop_1st_packet_in_direction_to_client/retry:_false/nobody_speaks#03 (0.00s)
Integration (macos, Go 1.27.x)	Run self tests, using QUIC v2	2026-09-11T01:07:01.5807320Z     --- PASS: TestHandshakeWithPacketLoss/drop_first_3_packets_in_direction_to_client (0.03s)
Integration (macos, Go 1.27.x)	Run self tests, using QUIC v2	2026-09-11T01:07:01.5808340Z         --- PASS: TestHandshakeWithPacketLoss/drop_first_3_packets_in_direction_to_client/retry:_true/client_speaks_first (0.00s)
Integration (macos, Go 1.27.x)	Run self tests, using QUIC v2	2026-09-11T01:07:01.5809450Z         --- PASS: TestHandshakeWithPacketLoss/drop_first_3_packets_in_direction_to_client/retry:_true/server_speaks_first (0.00s)
Integration (macos, Go 1.27.x)	Run self tests, using QUIC v2	2026-09-11T01:07:01.5810620Z         --- PASS: TestHandshakeWithPacketLoss/drop_first_3_packets_in_direction_to_client/retry:_true/nobody_speaks (0.00s)
Integration (macos, Go 1.27.x)	Run self tests, using QUIC v2	2026-09-11T01:07:01.5811750Z         --- PASS: TestHandshakeWithPacketLoss/drop_first_3_packets_in_direction_to_client/retry:_false/client_speaks_first (0.00s)
Integration (macos, Go 1.27.x)	Run self tests, using QUIC v2	2026-09-11T01:07:01.5812910Z         --- PASS: TestHandshakeWithPacketLoss/drop_first_3_packets_in_direction_to_client/retry:_false/server_speaks_first (0.00s)
Integration (macos, Go 1.27.x)	Run self tests, using QUIC v2	2026-09-11T01:07:01.5814390Z         --- PASS: TestHandshakeWithPacketLoss/drop_first_3_packets_in_direction_to_client/retry:_false/nobody_speaks (0.00s)
Integration (macos, Go 1.27.x)	Run self tests, using QUIC v2	2026-09-11T01:07:01.5815640Z         --- PASS: TestHandshakeWithPacketLoss/drop_first_3_packets_in_direction_to_client/retry:_false/client_speaks_first#01 (0.00s)
Integration (macos, Go 1.27.x)	Run self tests, using QUIC v2	2026-09-11T01:07:01.5816890Z         --- PASS: TestHandshakeWithPacketLoss/drop_first_3_packets_in_direction_to_client/retry:_false/server_speaks_first#01 (0.00s)
Integration (macos, Go 1.27.x)	Run self tests, using QUIC v2	2026-09-11T01:07:01.5818680Z         --- PASS: TestHandshakeWithPacketLoss/drop_first_3_packets_in_direction_to_client/retry:_false/nobody_speaks#01 (0.00s)
Integration (macos, Go 1.27.x)	Run self tests, using QUIC v2	2026-09-11T01:07:01.5820390Z         --- PASS: TestHandshakeWithPacketLoss/drop_first_3_packets_in_direction_to_client/retry:_false/client_speaks_first#02 (0.00s)
Integration (macos, Go 1.27.x)	Run self tests, using QUIC v2	2026-09-11T01:07:01.5821570Z         --- PASS: TestHandshakeWithPacketLoss/drop_first_3_packets_in_direction_to_client/retry:_false/server_speaks_first#02 (0.00s)
Integration (macos, Go 1.27.x)	Run self tests, using QUIC v2	2026-09-11T01:07:01.5822600Z         --- PASS: TestHandshakeWithPacketLoss/drop_first_3_packets_in_direction_to_client/retry:_false/nobody_speaks#02 (0.00s)
Integration (macos, Go 1.27.x)	Run self tests, using QUIC v2	2026-09-11T01:07:01.5823770Z         --- PASS: TestHandshakeWithPacketLoss/drop_first_3_packets_in_direction_to_client/retry:_false/client_speaks_first#03 (0.00s)
Integration (macos, Go 1.27.x)	Run self tests, using QUIC v2	2026-09-11T01:07:01.5824970Z         --- PASS: TestHandshakeWithPacketLoss/drop_first_3_packets_in_direction_to_client/retry:_false/server_speaks_first#03 (0.00s)
Integration (macos, Go 1.27.x)	Run self tests, using QUIC v2	2026-09-11T01:07:01.5826070Z         --- PASS: TestHandshakeWithPacketLoss/drop_first_3_packets_in_direction_to_client/retry:_false/nobody_speaks#03 (0.00s)
Integration (macos, Go 1.27.x)	Run self tests, using QUIC v2	2026-09-11T01:07:01.5826870Z     --- PASS: TestHandshakeWithPacketLoss/drop_every_3rd_of_first_30_packets,_phase_1_in_direction_to_client (0.03s)
Integration (macos, Go 1.27.x)	Run self tests, using QUIC v2	2026-09-11T01:07:01.5827990Z         --- PASS: TestHandshakeWithPacketLoss/drop_every_3rd_of_first_30_packets,_phase_1_in_direction_to_client/retry:_true/client_speaks_first (0.00s)
Integration (macos, Go 1.27.x)	Run self tests, using QUIC v2	2026-09-11T01:07:01.5829300Z         --- PASS: TestHandshakeWithPacketLoss/drop_every_3rd_of_first_30_packets,_phase_1_in_direction_to_client/retry:_true/server_speaks_first (0.00s)
Integration (macos, Go 1.27.x)	Run self tests, using QUIC v2	2026-09-11T01:07:01.5830490Z         --- PASS: TestHandshakeWithPacketLoss/drop_every_3rd_of_first_30_packets,_phase_1_in_direction_to_client/retry:_true/nobody_speaks (0.00s)
Integration (macos, Go 1.27.x)	Run self tests, using QUIC v2	2026-09-11T01:07:01.5831770Z         --- PASS: TestHandshakeWithPacketLoss/drop_every_3rd_of_first_30_packets,_phase_1_in_direction_to_client/retry:_false/client_speaks_first (0.00s)
Integration (macos, Go 1.27.x)	Run self tests, using QUIC v2	2026-09-11T01:07:01.5832990Z         --- PASS: TestHandshakeWithPacketLoss/drop_every_3rd_of_first_30_packets,_phase_1_in_direction_to_client/retry:_false/server_speaks_first (0.00s)
Integration (macos, Go 1.27.x)	Run self tests, using QUIC v2	2026-09-11T01:07:01.5834260Z         --- PASS: TestHandshakeWithPacketLoss/drop_every_3rd_of_first_30_packets,_phase_1_in_direction_to_client/retry:_false/nobody_speaks (0.00s)
Integration (macos, Go 1.27.x)	Run self tests, using QUIC v2	2026-09-11T01:07:01.5835550Z         --- PASS: TestHandshakeWithPacketLoss/drop_every_3rd_of_first_30_packets,_phase_1_in_direction_to_client/retry:_false/client_speaks_first#01 (0.00s)
Integration (macos, Go 1.27.x)	Run self tests, using QUIC v2	2026-09-11T01:07:01.5836860Z         --- PASS: TestHandshakeWithPacketLoss/drop_every_3rd_of_first_30_packets,_phase_1_in_direction_to_client/retry:_false/server_speaks_first#01 (0.00s)
Integration (macos, Go 1.27.x)	Run self tests, using QUIC v2	2026-09-11T01:07:01.5838150Z         --- PASS: TestHandshakeWithPacketLoss/drop_every_3rd_of_first_30_packets,_phase_1_in_direction_to_client/retry:_false/nobody_speaks#01 (0.00s)
Integration (macos, Go 1.27.x)	Run self tests, using QUIC v2	2026-09-11T01:07:01.5839450Z         --- PASS: TestHandshakeWithPacketLoss/drop_every_3rd_of_first_30_packets,_phase_1_in_direction_to_client/retry:_false/client_speaks_first#02 (0.00s)
Integration (macos, Go 1.27.x)	Run self tests, using QUIC v2	2026-09-11T01:07:01.5840680Z         --- PASS: TestHandshakeWithPacketLoss/drop_every_3rd_of_first_30_packets,_phase_1_in_direction_to_client/retry:_false/server_speaks_first#02 (0.00s)
Integration (macos, Go 1.27.x)	Run self tests, using QUIC v2	2026-09-11T01:07:01.5841870Z         --- PASS: TestHandshakeWithPacketLoss/drop_every_3rd_of_first_30_packets,_phase_1_in_direction_to_client/retry:_false/nobody_speaks#02 (0.00s)
Integration (macos, Go 1.27.x)	Run self tests, using QUIC v2	2026-09-11T01:07:01.5843150Z         --- PASS: TestHandshakeWithPacketLoss/drop_every_3rd_of_first_30_packets,_phase_1_in_direction_to_client/retry:_false/client_speaks_first#03 (0.00s)
Integration (macos, Go 1.27.x)	Run self tests, using QUIC v2	2026-09-11T01:07:01.5844460Z         --- PASS: TestHandshakeWithPacketLoss/drop_every_3rd_of_first_30_packets,_phase_1_in_direction_to_client/retry:_false/server_speaks_first#03 (0.00s)
Integration (macos, Go 1.27.x)	Run self tests, using QUIC v2	2026-09-11T01:07:01.5845810Z         --- PASS: TestHandshakeWithPacketLoss/drop_every_3rd_of_first_30_packets,_phase_1_in_direction_to_client/retry:_false/nobody_speaks#03 (0.00s)
Integration (macos, Go 1.27.x)	Run self tests, using QUIC v2	2026-09-11T01:07:01.5846780Z     --- PASS: TestHandshakeWithPacketLoss/drop_every_3rd_of_first_30_packets,_phase_2_in_direction_to_client (0.03s)
Integration (macos, Go 1.27.x)	Run self tests, using QUIC v2	2026-09-11T01:07:01.5848250Z         --- PASS: TestHandshakeWithPacketLoss/drop_every_3rd_of_first_30_packets,_phase_2_in_direction_to_client/retry:_true/client_speaks_first (0.00s)
Integration (macos, Go 1.27.x)	Run self tests, using QUIC v2	2026-09-11T01:07:01.5849460Z         --- PASS: TestHandshakeWithPacketLoss/drop_every_3rd_of_first_30_packets,_phase_2_in_direction_to_client/retry:_true/server_speaks_first (0.00s)
Integration (macos, Go 1.27.x)	Run self tests, using QUIC v2	2026-09-11T01:07:01.5850740Z         --- PASS: TestHandshakeWithPacketLoss/drop_every_3rd_of_first_30_packets,_phase_2_in_direction_to_client/retry:_true/nobody_speaks (0.00s)
Integration (macos, Go 1.27.x)	Run self tests, using QUIC v2	2026-09-11T01:07:01.5851970Z         --- PASS: TestHandshakeWithPacketLoss/drop_every_3rd_of_first_30_packets,_phase_2_in_direction_to_client/retry:_false/client_speaks_first (0.00s)
Integration (macos, Go 1.27.x)	Run self tests, using QUIC v2	2026-09-11T01:07:01.5853270Z         --- PASS: TestHandshakeWithPacketLoss/drop_every_3rd_of_first_30_packets,_phase_2_in_direction_to_client/retry:_false/server_speaks_first (0.00s)
Integration (macos, Go 1.27.x)	Run self tests, using QUIC v2	2026-09-11T01:07:01.5854450Z         --- PASS: TestHandshakeWithPacketLoss/drop_every_3rd_of_first_30_packets,_phase_2_in_direction_to_client/retry:_false/nobody_speaks (0.00s)
Integration (macos, Go 1.27.x)	Run self tests, using QUIC v2	2026-09-11T01:07:01.5855670Z         --- PASS: TestHandshakeWithPacketLoss/drop_every_3rd_of_first_30_packets,_phase_2_in_direction_to_client/retry:_false/client_speaks_first#01 (0.00s)
Integration (macos, Go 1.27.x)	Run self tests, using QUIC v2	2026-09-11T01:07:01.5856910Z         --- PASS: TestHandshakeWithPacketLoss/drop_every_3rd_of_first_30_packets,_phase_2_in_direction_to_client/retry:_false/server_speaks_first#01 (0.00s)
Integration (macos, Go 1.27.x)	Run self tests, using QUIC v2	2026-09-11T01:07:01.5858320Z         --- PASS: TestHandshakeWithPacketLoss/drop_every_3rd_of_first_30_packets,_phase_2_in_direction_to_client/retry:_false/nobody_speaks#01 (0.00s)
Integration (macos, Go 1.27.x)	Run self tests, using QUIC v2	2026-09-11T01:07:01.5859560Z         --- PASS: TestHandshakeWithPacketLoss/drop_every_3rd_of_first_30_packets,_phase_2_in_direction_to_client/retry:_false/client_speaks_first#02 (0.00s)
Integration (macos, Go 1.27.x)	Run self tests, using QUIC v2	2026-09-11T01:07:01.5860790Z         --- PASS: TestHandshakeWithPacketLoss/drop_every_3rd_of_first_30_packets,_phase_2_in_direction_to_client/retry:_false/server_speaks_first#02 (0.00s)
Integration (macos, Go 1.27.x)	Run self tests, using QUIC v2	2026-09-11T01:07:01.5862070Z         --- PASS: TestHandshakeWithPacketLoss/drop_every_3rd_of_first_30_packets,_phase_2_in_direction_to_client/retry:_false/nobody_speaks#02 (0.00s)
Integration (macos, Go 1.27.x)	Run self tests, using QUIC v2	2026-09-11T01:07:01.5863310Z         --- PASS: TestHandshakeWithPacketLoss/drop_every_3rd_of_first_30_packets,_phase_2_in_direction_to_client/retry:_false/client_speaks_first#03 (0.00s)
Integration (macos, Go 1.27.x)	Run self tests, using QUIC v2	2026-09-11T01:07:01.5864730Z         --- PASS: TestHandshakeWithPacketLoss/drop_every_3rd_of_first_30_packets,_phase_2_in_direction_to_client/retry:_false/server_speaks_first#03 (0.00s)
Integration (macos, Go 1.27.x)	Run self tests, using QUIC v2	2026-09-11T01:07:01.5865910Z         --- PASS: TestHandshakeWithPacketLoss/drop_every_3rd_of_first_30_packets,_phase_2_in_direction_to_client/retry:_false/nobody_speaks#03 (0.00s)
Integration (macos, Go 1.27.x)	Run self tests, using QUIC v2	2026-09-11T01:07:01.5866780Z     --- PASS: TestHandshakeWithPacketLoss/drop_every_3rd_of_first_30_packets,_phase_3_in_direction_to_client (0.05s)
Integration (macos, Go 1.27.x)	Run self tests, using QUIC v2	2026-09-11T01:07:01.5867900Z         --- PASS: TestHandshakeWithPacketLoss/drop_every_3rd_of_first_30_packets,_phase_3_in_direction_to_client/retry:_true/client_speaks_first (0.00s)
Integration (macos, Go 1.27.x)	Run self tests, using QUIC v2	2026-09-11T01:07:01.5869120Z         --- PASS: TestHandshakeWithPacketLoss/drop_every_3rd_of_first_30_packets,_phase_3_in_direction_to_client/retry:_true/server_speaks_first (0.00s)
Integration (macos, Go 1.27.x)	Run self tests, using QUIC v2	2026-09-11T01:07:01.5870370Z         --- PASS: TestHandshakeWithPacketLoss/drop_every_3rd_of_first_30_packets,_phase_3_in_direction_to_client/retry:_true/nobody_speaks (0.00s)
Integration (macos, Go 1.27.x)	Run self tests, using QUIC v2	2026-09-11T01:07:01.5871940Z         --- PASS: TestHandshakeWithPacketLoss/drop_every_3rd_of_first_30_packets,_phase_3_in_direction_to_client/retry:_false/client_speaks_first (0.00s)
Integration (macos, Go 1.27.x)	Run self tests, using QUIC v2	2026-09-11T01:07:01.5873320Z         --- PASS: TestHandshakeWithPacketLoss/drop_every_3rd_of_first_30_packets,_phase_3_in_direction_to_client/retry:_false/server_speaks_first (0.00s)
Integration (macos, Go 1.27.x)	Run self tests, using QUIC v2	2026-09-11T01:07:01.5964600Z         --- PASS: TestHandshakeWithPacketLoss/drop_every_3rd_of_first_30_packets,_phase_3_in_direction_to_client/retry:_false/nobody_speaks (0.00s)
Integration (macos, Go 1.27.x)	Run self tests, using QUIC v2	2026-09-11T01:07:01.5966480Z         --- PASS: TestHandshakeWithPacketLoss/drop_every_3rd_of_first_30_packets,_phase_3_in_direction_to_client/retry:_false/client_speaks_first#01 (0.00s)
Integration (macos, Go 1.27.x)	Run self tests, using QUIC v2	2026-09-11T01:07:01.5968060Z         --- PASS: TestHandshakeWithPacketLoss/drop_every_3rd_of_first_30_packets,_phase_3_in_direction_to_client/retry:_false/server_speaks_first#01 (0.01s)
Integration (macos, Go 1.27.x)	Run self tests, using QUIC v2	2026-09-11T01:07:01.5969360Z         --- PASS: TestHandshakeWithPacketLoss/drop_every_3rd_of_first_30_packets,_phase_3_in_direction_to_client/retry:_false/nobody_speaks#01 (0.01s)
Integration (macos, Go 1.27.x)	Run self tests, using QUIC v2	2026-09-11T01:07:01.5970760Z         --- PASS: TestHandshakeWithPacketLoss/drop_every_3rd_of_first_30_packets,_phase_3_in_direction_to_client/retry:_false/client_speaks_first#02 (0.00s)
Integration (macos, Go 1.27.x)	Run self tests, using QUIC v2	2026-09-11T01:07:01.5972090Z         --- PASS: TestHandshakeWithPacketLoss/drop_every_3rd_of_first_30_packets,_phase_3_in_direction_to_client/retry:_false/server_speaks_first#02 (0.00s)
Integration (macos, Go 1.27.x)	Run self tests, using QUIC v2	2026-09-11T01:07:01.5973300Z         --- PASS: TestHandshakeWithPacketLoss/drop_every_3rd_of_first_30_packets,_phase_3_in_direction_to_client/retry:_false/nobody_speaks#02 (0.00s)
Integration (macos, Go 1.27.x)	Run self tests, using QUIC v2	2026-09-11T01:07:01.5974560Z         --- PASS: TestHandshakeWithPacketLoss/drop_every_3rd_of_first_30_packets,_phase_3_in_direction_to_client/retry:_false/client_speaks_first#03 (0.00s)
Integration (macos, Go 1.27.x)	Run self tests, using QUIC v2	2026-09-11T01:07:01.5975860Z         --- PASS: TestHandshakeWithPacketLoss/drop_every_3rd_of_first_30_packets,_phase_3_in_direction_to_client/retry:_false/server_speaks_first#03 (0.00s)
Integration (macos, Go 1.27.x)	Run self tests, using QUIC v2	2026-09-11T01:07:01.5977260Z         --- PASS: TestHandshakeWithPacketLoss/drop_every_3rd_of_first_30_packets,_phase_3_in_direction_to_client/retry:_false/nobody_speaks#03 (0.00s)
Integration (macos, Go 1.27.x)	Run self tests, using QUIC v2	2026-09-11T01:07:01.5978170Z     --- SKIP: TestHandshakeWithPacketLoss/drop_1/3_of_packets_in_direction_to_client (0.00s)
Integration (macos, Go 1.27.x)	Run self tests, using QUIC v2	2026-09-11T01:07:01.5978910Z     --- PASS: TestHandshakeWithPacketLoss/drop_1st_packet_in_direction_to_server (0.05s)
Integration (macos, Go 1.27.x)	Run self tests, using QUIC v2	2026-09-11T01:07:01.5979900Z         --- PASS: TestHandshakeWithPacketLoss/drop_1st_packet_in_direction_to_server/retry:_true/client_speaks_first (0.00s)
Integration (macos, Go 1.27.x)	Run self tests, using QUIC v2	2026-09-11T01:07:01.5980870Z         --- PASS: TestHandshakeWithPacketLoss/drop_1st_packet_in_direction_to_server/retry:_true/server_speaks_first (0.00s)
Integration (macos, Go 1.27.x)	Run self tests, using QUIC v2	2026-09-11T01:07:01.5981950Z         --- PASS: TestHandshakeWithPacketLoss/drop_1st_packet_in_direction_to_server/retry:_true/nobody_speaks (0.00s)
Integration (macos, Go 1.27.x)	Run self tests, using QUIC v2	2026-09-11T01:07:01.5982970Z         --- PASS: TestHandshakeWithPacketLoss/drop_1st_packet_in_direction_to_server/retry:_false/client_speaks_first (0.00s)
Integration (macos, Go 1.27.x)	Run self tests, using QUIC v2	2026-09-11T01:07:01.5984080Z         --- PASS: TestHandshakeWithPacketLoss/drop_1st_packet_in_direction_to_server/retry:_false/server_speaks_first (0.00s)
Integration (macos, Go 1.27.x)	Run self tests, using QUIC v2	2026-09-11T01:07:01.5985070Z         --- PASS: TestHandshakeWithPacketLoss/drop_1st_packet_in_direction_to_server/retry:_false/nobody_speaks (0.00s)
Integration (macos, Go 1.27.x)	Run self tests, using QUIC v2	2026-09-11T01:07:01.5986080Z         --- PASS: TestHandshakeWithPacketLoss/drop_1st_packet_in_direction_to_server/retry:_false/client_speaks_first#01 (0.00s)
Integration (macos, Go 1.27.x)	Run self tests, using QUIC v2	2026-09-11T01:07:01.5987140Z         --- PASS: TestHandshakeWithPacketLoss/drop_1st_packet_in_direction_to_server/retry:_false/server_speaks_first#01 (0.01s)
Integration (macos, Go 1.27.x)	Run self tests, using QUIC v2	2026-09-11T01:07:01.5992730Z         --- PASS: TestHandshakeWithPacketLoss/drop_1st_packet_in_direction_to_server/retry:_false/nobody_speaks#01 (0.00s)
Integration (macos, Go 1.27.x)	Run self tests, using QUIC v2	2026-09-11T01:07:01.5993810Z         --- PASS: TestHandshakeWithPacketLoss/drop_1st_packet_in_direction_to_server/retry:_false/client_speaks_first#02 (0.00s)
Integration (macos, Go 1.27.x)	Run self tests, using QUIC v2	2026-09-11T01:07:01.5995050Z         --- PASS: TestHandshakeWithPacketLoss/drop_1st_packet_in_direction_to_server/retry:_false/server_speaks_first#02 (0.00s)
Integration (macos, Go 1.27.x)	Run self tests, using QUIC v2	2026-09-11T01:07:01.5996250Z         --- PASS: TestHandshakeWithPacketLoss/drop_1st_packet_in_direction_to_server/retry:_false/nobody_speaks#02 (0.00s)
Integration (macos, Go 1.27.x)	Run self tests, using QUIC v2	2026-09-11T01:07:01.5997280Z         --- PASS: TestHandshakeWithPacketLoss/drop_1st_packet_in_direction_to_server/retry:_false/client_speaks_first#03 (0.00s)
Integration (macos, Go 1.27.x)	Run self tests, using QUIC v2	2026-09-11T01:07:01.5998400Z         --- PASS: TestHandshakeWithPacketLoss/drop_1st_packet_in_direction_to_server/retry:_false/server_speaks_first#03 (0.00s)
Integration (macos, Go 1.27.x)	Run self tests, using QUIC v2	2026-09-11T01:07:01.5999620Z         --- PASS: TestHandshakeWithPacketLoss/drop_1st_packet_in_direction_to_server/retry:_false/nobody_speaks#03 (0.00s)
Integration (macos, Go 1.27.x)	Run self tests, using QUIC v2	2026-09-11T01:07:01.6000780Z     --- PASS: TestHandshakeWithPacketLoss/drop_first_3_packets_in_direction_to_server (0.09s)
Integration (macos, Go 1.27.x)	Run self tests, using QUIC v2	2026-09-11T01:07:01.6001800Z         --- PASS: TestHandshakeWithPacketLoss/drop_first_3_packets_in_direction_to_server/retry:_true/client_speaks_first (0.00s)
Integration (macos, Go 1.27.x)	Run self tests, using QUIC v2	2026-09-11T01:07:01.6002990Z         --- PASS: TestHandshakeWithPacketLoss/drop_first_3_packets_in_direction_to_server/retry:_true/server_speaks_first (0.01s)
Integration (macos, Go 1.27.x)	Run self tests, using QUIC v2	2026-09-11T01:07:01.6004160Z         --- PASS: TestHandshakeWithPacketLoss/drop_first_3_packets_in_direction_to_server/retry:_true/nobody_speaks (0.01s)
Integration (macos, Go 1.27.x)	Run self tests, using QUIC v2	2026-09-11T01:07:01.6005310Z         --- PASS: TestHandshakeWithPacketLoss/drop_first_3_packets_in_direction_to_server/retry:_false/client_speaks_first (0.01s)
Integration (macos, Go 1.27.x)	Run self tests, using QUIC v2	2026-09-11T01:07:01.6006500Z         --- PASS: TestHandshakeWithPacketLoss/drop_first_3_packets_in_direction_to_server/retry:_false/server_speaks_first (0.01s)
Integration (macos, Go 1.27.x)	Run self tests, using QUIC v2	2026-09-11T01:07:01.6007680Z         --- PASS: TestHandshakeWithPacketLoss/drop_first_3_packets_in_direction_to_server/retry:_false/nobody_speaks (0.00s)
Integration (macos, Go 1.27.x)	Run self tests, using QUIC v2	2026-09-11T01:07:01.6008920Z         --- PASS: TestHandshakeWithPacketLoss/drop_first_3_packets_in_direction_to_server/retry:_false/client_speaks_first#01 (0.01s)
Integration (macos, Go 1.27.x)	Run self tests, using QUIC v2	2026-09-11T01:07:01.6010180Z         --- PASS: TestHandshakeWithPacketLoss/drop_first_3_packets_in_direction_to_server/retry:_false/server_speaks_first#01 (0.01s)
Integration (macos, Go 1.27.x)	Run self tests, using QUIC v2	2026-09-11T01:07:01.6011460Z         --- PASS: TestHandshakeWithPacketLoss/drop_first_3_packets_in_direction_to_server/retry:_false/nobody_speaks#01 (0.01s)
Integration (macos, Go 1.27.x)	Run self tests, using QUIC v2	2026-09-11T01:07:01.6012710Z         --- PASS: TestHandshakeWithPacketLoss/drop_first_3_packets_in_direction_to_server/retry:_false/client_speaks_first#02 (0.00s)
Integration (macos, Go 1.27.x)	Run self tests, using QUIC v2	2026-09-11T01:07:01.6013990Z         --- PASS: TestHandshakeWithPacketLoss/drop_first_3_packets_in_direction_to_server/retry:_false/server_speaks_first#02 (0.00s)
Integration (macos, Go 1.27.x)	Run self tests, using QUIC v2	2026-09-11T01:07:01.6015140Z         --- PASS: TestHandshakeWithPacketLoss/drop_first_3_packets_in_direction_to_server/retry:_false/nobody_speaks#02 (0.01s)
Integration (macos, Go 1.27.x)	Run self tests, using QUIC v2	2026-09-11T01:07:01.6016270Z         --- PASS: TestHandshakeWithPacketLoss/drop_first_3_packets_in_direction_to_server/retry:_false/client_speaks_first#03 (0.00s)
Integration (macos, Go 1.27.x)	Run self tests, using QUIC v2	2026-09-11T01:07:01.6017530Z         --- PASS: TestHandshakeWithPacketLoss/drop_first_3_packets_in_direction_to_server/retry:_false/server_speaks_first#03 (0.01s)
Integration (macos, Go 1.27.x)	Run self tests, using QUIC v2	2026-09-11T01:07:01.6018800Z         --- PASS: TestHandshakeWithPacketLoss/drop_first_3_packets_in_direction_to_server/retry:_false/nobody_speaks#03 (0.00s)
Integration (macos, Go 1.27.x)	Run self tests, using QUIC v2	2026-09-11T01:07:01.6019850Z     --- PASS: TestHandshakeWithPacketLoss/drop_every_3rd_of_first_30_packets,_phase_1_in_direction_to_server (0.06s)
Integration (macos, Go 1.27.x)	Run self tests, using QUIC v2	2026-09-11T01:07:01.6020990Z         --- PASS: TestHandshakeWithPacketLoss/drop_every_3rd_of_first_30_packets,_phase_1_in_direction_to_server/retry:_true/client_speaks_first (0.01s)
Integration (macos, Go 1.27.x)	Run self tests, using QUIC v2	2026-09-11T01:07:01.6022400Z         --- PASS: TestHandshakeWithPacketLoss/drop_every_3rd_of_first_30_packets,_phase_1_in_direction_to_server/retry:_true/server_speaks_first (0.00s)
Integration (macos, Go 1.27.x)	Run self tests, using QUIC v2	2026-09-11T01:07:01.6023760Z         --- PASS: TestHandshakeWithPacketLoss/drop_every_3rd_of_first_30_packets,_phase_1_in_direction_to_server/retry:_true/nobody_speaks (0.01s)
Integration (macos, Go 1.27.x)	Run self tests, using QUIC v2	2026-09-11T01:07:01.6025020Z         --- PASS: TestHandshakeWithPacketLoss/drop_every_3rd_of_first_30_packets,_phase_1_in_direction_to_server/retry:_false/client_speaks_first (0.01s)
Integration (macos, Go 1.27.x)	Run self tests, using QUIC v2	2026-09-11T01:07:01.6026310Z         --- PASS: TestHandshakeWithPacketLoss/drop_every_3rd_of_first_30_packets,_phase_1_in_direction_to_server/retry:_false/server_speaks_first (0.00s)
Integration (macos, Go 1.27.x)	Run self tests, using QUIC v2	2026-09-11T01:07:01.6027600Z         --- PASS: TestHandshakeWithPacketLoss/drop_every_3rd_of_first_30_packets,_phase_1_in_direction_to_server/retry:_false/nobody_speaks (0.01s)
Integration (macos, Go 1.27.x)	Run self tests, using QUIC v2	2026-09-11T01:07:01.6028790Z         --- PASS: TestHandshakeWithPacketLoss/drop_every_3rd_of_first_30_packets,_phase_1_in_direction_to_server/retry:_false/client_speaks_first#01 (0.01s)
Integration (macos, Go 1.27.x)	Run self tests, using QUIC v2	2026-09-11T01:07:01.6030000Z         --- PASS: TestHandshakeWithPacketLoss/drop_every_3rd_of_first_30_packets,_phase_1_in_direction_to_server/retry:_false/server_speaks_first#01 (0.00s)
Integration (macos, Go 1.27.x)	Run self tests, using QUIC v2	2026-09-11T01:07:01.6036380Z         --- PASS: TestHandshakeWithPacketLoss/drop_every_3rd_of_first_30_packets,_phase_1_in_direction_to_server/retry:_false/nobody_speaks#01 (0.00s)
Integration (macos, Go 1.27.x)	Run self tests, using QUIC v2	2026-09-11T01:07:01.6043120Z         --- PASS: TestHandshakeWithPacketLoss/drop_every_3rd_of_first_30_packets,_phase_1_in_direction_to_server/retry:_false/client_speaks_first#02 (0.00s)
Integration (macos, Go 1.27.x)	Run self tests, using QUIC v2	2026-09-11T01:07:01.6045630Z         --- PASS: TestHandshakeWithPacketLoss/drop_every_3rd_of_first_30_packets,_phase_1_in_direction_to_server/retry:_false/server_speaks_first#02 (0.00s)
Integration (macos, Go 1.27.x)	Run self tests, using QUIC v2	2026-09-11T01:07:01.6047270Z         --- PASS: TestHandshakeWithPacketLoss/drop_every_3rd_of_first_30_packets,_phase_1_in_direction_to_server/retry:_false/nobody_speaks#02 (0.00s)
Integration (macos, Go 1.27.x)	Run self tests, using QUIC v2	2026-09-11T01:07:01.6049060Z         --- PASS: TestHandshakeWithPacketLoss/drop_every_3rd_of_first_30_packets,_phase_1_in_direction_to_server/retry:_false/client_speaks_first#03 (0.00s)
Integration (macos, Go 1.27.x)	Run self tests, using QUIC v2	2026-09-11T01:07:01.6050480Z         --- PASS: TestHandshakeWithPacketLoss/drop_every_3rd_of_first_30_packets,_phase_1_in_direction_to_server/retry:_false/server_speaks_first#03 (0.00s)
Integration (macos, Go 1.27.x)	Run self tests, using QUIC v2	2026-09-11T01:07:01.6051810Z         --- PASS: TestHandshakeWithPacketLoss/drop_every_3rd_of_first_30_packets,_phase_1_in_direction_to_server/retry:_false/nobody_speaks#03 (0.00s)
Integration (macos, Go 1.27.x)	Run self tests, using QUIC v2	2026-09-11T01:07:01.6052810Z     --- PASS: TestHandshakeWithPacketLoss/drop_every_3rd_of_first_30_packets,_phase_2_in_direction_to_server (0.04s)
Integration (macos, Go 1.27.x)	Run self tests, using QUIC v2	2026-09-11T01:07:01.6054050Z         --- PASS: TestHandshakeWithPacketLoss/drop_every_3rd_of_first_30_packets,_phase_2_in_direction_to_server/retry:_true/client_speaks_first (0.00s)
Integration (macos, Go 1.27.x)	Run self tests, using QUIC v2	2026-09-11T01:07:01.6055490Z         --- PASS: TestHandshakeWithPacketLoss/drop_every_3rd_of_first_30_packets,_phase_2_in_direction_to_server/retry:_true/server_speaks_first (0.00s)
Integration (macos, Go 1.27.x)	Run self tests, using QUIC v2	2026-09-11T01:07:01.6056830Z         --- PASS: TestHandshakeWithPacketLoss/drop_every_3rd_of_first_30_packets,_phase_2_in_direction_to_server/retry:_true/nobody_speaks (0.00s)
Integration (macos, Go 1.27.x)	Run self tests, using QUIC v2	2026-09-11T01:07:01.6058250Z         --- PASS: TestHandshakeWithPacketLoss/drop_every_3rd_of_first_30_packets,_phase_2_in_direction_to_server/retry:_false/client_speaks_first (0.00s)
Integration (macos, Go 1.27.x)	Run self tests, using QUIC v2	2026-09-11T01:07:01.6059650Z         --- PASS: TestHandshakeWithPacketLoss/drop_every_3rd_of_first_30_packets,_phase_2_in_direction_to_server/retry:_false/server_speaks_first (0.00s)
Integration (macos, Go 1.27.x)	Run self tests, using QUIC v2	2026-09-11T01:07:01.6061070Z         --- PASS: TestHandshakeWithPacketLoss/drop_every_3rd_of_first_30_packets,_phase_2_in_direction_to_server/retry:_false/nobody_speaks (0.00s)
Integration (macos, Go 1.27.x)	Run self tests, using QUIC v2	2026-09-11T01:07:01.6062440Z         --- PASS: TestHandshakeWithPacketLoss/drop_every_3rd_of_first_30_packets,_phase_2_in_direction_to_server/retry:_false/client_speaks_first#01 (0.00s)
Integration (macos, Go 1.27.x)	Run self tests, using QUIC v2	2026-09-11T01:07:01.6063750Z         --- PASS: TestHandshakeWithPacketLoss/drop_every_3rd_of_first_30_packets,_phase_2_in_direction_to_server/retry:_false/server_speaks_first#01 (0.00s)
Integration (macos, Go 1.27.x)	Run self tests, using QUIC v2	2026-09-11T01:07:01.6065000Z         --- PASS: TestHandshakeWithPacketLoss/drop_every_3rd_of_first_30_packets,_phase_2_in_direction_to_server/retry:_false/nobody_speaks#01 (0.00s)
Integration (macos, Go 1.27.x)	Run self tests, using QUIC v2	2026-09-11T01:07:01.6066330Z         --- PASS: TestHandshakeWithPacketLoss/drop_every_3rd_of_first_30_packets,_phase_2_in_direction_to_server/retry:_false/client_speaks_first#02 (0.00s)
Integration (macos, Go 1.27.x)	Run self tests, using QUIC v2	2026-09-11T01:07:01.6067770Z         --- PASS: TestHandshakeWithPacketLoss/drop_every_3rd_of_first_30_packets,_phase_2_in_direction_to_server/retry:_false/server_speaks_first#02 (0.00s)
Integration (macos, Go 1.27.x)	Run self tests, using QUIC v2	2026-09-11T01:07:01.6069020Z         --- PASS: TestHandshakeWithPacketLoss/drop_every_3rd_of_first_30_packets,_phase_2_in_direction_to_server/retry:_false/nobody_speaks#02 (0.00s)
Integration (macos, Go 1.27.x)	Run self tests, using QUIC v2	2026-09-11T01:07:01.6070300Z         --- PASS: TestHandshakeWithPacketLoss/drop_every_3rd_of_first_30_packets,_phase_2_in_direction_to_server/retry:_false/client_speaks_first#03 (0.00s)
Integration (macos, Go 1.27.x)	Run self tests, using QUIC v2	2026-09-11T01:07:01.6071610Z         --- PASS: TestHandshakeWithPacketLoss/drop_every_3rd_of_first_30_packets,_phase_2_in_direction_to_server/retry:_false/server_speaks_first#03 (0.00s)
Integration (macos, Go 1.27.x)	Run self tests, using QUIC v2	2026-09-11T01:07:01.6073130Z         --- PASS: TestHandshakeWithPacketLoss/drop_every_3rd_of_first_30_packets,_phase_2_in_direction_to_server/retry:_false/nobody_speaks#03 (0.00s)
Integration (macos, Go 1.27.x)	Run self tests, using QUIC v2	2026-09-11T01:07:01.6074130Z     --- PASS: TestHandshakeWithPacketLoss/drop_every_3rd_of_first_30_packets,_phase_3_in_direction_to_server (0.04s)
Integration (macos, Go 1.27.x)	Run self tests, using QUIC v2	2026-09-11T01:07:01.6075330Z         --- PASS: TestHandshakeWithPacketLoss/drop_every_3rd_of_first_30_packets,_phase_3_in_direction_to_server/retry:_true/client_speaks_first (0.00s)
Integration (macos, Go 1.27.x)	Run self tests, using QUIC v2	2026-09-11T01:07:01.6076510Z         --- PASS: TestHandshakeWithPacketLoss/drop_every_3rd_of_first_30_packets,_phase_3_in_direction_to_server/retry:_true/server_speaks_first (0.00s)
Integration (macos, Go 1.27.x)	Run self tests, using QUIC v2	2026-09-11T01:07:01.6077690Z         --- PASS: TestHandshakeWithPacketLoss/drop_every_3rd_of_first_30_packets,_phase_3_in_direction_to_server/retry:_true/nobody_speaks (0.00s)
Integration (macos, Go 1.27.x)	Run self tests, using QUIC v2	2026-09-11T01:07:01.6081050Z         --- PASS: TestHandshakeWithPacketLoss/drop_every_3rd_of_first_30_packets,_phase_3_in_direction_to_server/retry:_false/client_speaks_first (0.00s)
Integration (macos, Go 1.27.x)	Run self tests, using QUIC v2	2026-09-11T01:07:01.6082610Z         --- PASS: TestHandshakeWithPacketLoss/drop_every_3rd_of_first_30_packets,_phase_3_in_direction_to_server/retry:_false/server_speaks_first (0.00s)
Integration (macos, Go 1.27.x)	Run self tests, using QUIC v2	2026-09-11T01:07:01.6084010Z         --- PASS: TestHandshakeWithPacketLoss/drop_every_3rd_of_first_30_packets,_phase_3_in_direction_to_server/retry:_false/nobody_speaks (0.00s)
Integration (macos, Go 1.27.x)	Run self tests, using QUIC v2	2026-09-11T01:07:01.6085430Z         --- PASS: TestHandshakeWithPacketLoss/drop_every_3rd_of_first_30_packets,_phase_3_in_direction_to_server/retry:_false/client_speaks_first#01 (0.00s)
Integration (macos, Go 1.27.x)	Run self tests, using QUIC v2	2026-09-11T01:07:01.6086880Z         --- PASS: TestHandshakeWithPacketLoss/drop_every_3rd_of_first_30_packets,_phase_3_in_direction_to_server/retry:_false/server_speaks_first#01 (0.01s)
Integration (macos, Go 1.27.x)	Run self tests, using QUIC v2	2026-09-11T01:07:01.6088330Z         --- PASS: TestHandshakeWithPacketLoss/drop_every_3rd_of_first_30_packets,_phase_3_in_direction_to_server/retry:_false/nobody_speaks#01 (0.01s)
Integration (macos, Go 1.27.x)	Run self tests, using QUIC v2	2026-09-11T01:07:01.6089730Z         --- PASS: TestHandshakeWithPacketLoss/drop_every_3rd_of_first_30_packets,_phase_3_in_direction_to_server/retry:_false/client_speaks_first#02 (0.00s)
Integration (macos, Go 1.27.x)	Run self tests, using QUIC v2	2026-09-11T01:07:01.6091120Z         --- PASS: TestHandshakeWithPacketLoss/drop_every_3rd_of_first_30_packets,_phase_3_in_direction_to_server/retry:_false/server_speaks_first#02 (0.00s)
Integration (macos, Go 1.27.x)	Run self tests, using QUIC v2	2026-09-11T01:07:01.6092450Z         --- PASS: TestHandshakeWithPacketLoss/drop_every_3rd_of_first_30_packets,_phase_3_in_direction_to_server/retry:_false/nobody_speaks#02 (0.00s)
Integration (macos, Go 1.27.x)	Run self tests, using QUIC v2	2026-09-11T01:07:01.6093760Z         --- PASS: TestHandshakeWithPacketLoss/drop_every_3rd_of_first_30_packets,_phase_3_in_direction_to_server/retry:_false/client_speaks_first#03 (0.00s)
Integration (macos, Go 1.27.x)	Run self tests, using QUIC v2	2026-09-11T01:07:01.6095230Z         --- PASS: TestHandshakeWithPacketLoss/drop_every_3rd_of_first_30_packets,_phase_3_in_direction_to_server/retry:_false/server_speaks_first#03 (0.00s)
Integration (macos, Go 1.27.x)	Run self tests, using QUIC v2	2026-09-11T01:07:01.6096430Z         --- PASS: TestHandshakeWithPacketLoss/drop_every_3rd_of_first_30_packets,_phase_3_in_direction_to_server/retry:_false/nobody_speaks#03 (0.00s)
Integration (macos, Go 1.27.x)	Run self tests, using QUIC v2	2026-09-11T01:07:01.6097310Z     --- SKIP: TestHandshakeWithPacketLoss/drop_1/3_of_packets_in_direction_to_server (0.00s)
Integration (macos, Go 1.27.x)	Run self tests, using QUIC v2	2026-09-11T01:07:01.6097940Z     --- PASS: TestHandshakeWithPacketLoss/drop_1st_packet_in_direction_both (0.04s)
Integration (macos, Go 1.27.x)	Run self tests, using QUIC v2	2026-09-11T01:07:01.6098900Z         --- PASS: TestHandshakeWithPacketLoss/drop_1st_packet_in_direction_both/retry:_true/client_speaks_first (0.00s)
Integration (macos, Go 1.27.x)	Run self tests, using QUIC v2	2026-09-11T01:07:01.6099830Z         --- PASS: TestHandshakeWithPacketLoss/drop_1st_packet_in_direction_both/retry:_true/server_speaks_first (0.00s)
Integration (macos, Go 1.27.x)	Run self tests, using QUIC v2	2026-09-11T01:07:01.6100740Z         --- PASS: TestHandshakeWithPacketLoss/drop_1st_packet_in_direction_both/retry:_true/nobody_speaks (0.00s)
Integration (macos, Go 1.27.x)	Run self tests, using QUIC v2	2026-09-11T01:07:01.6101680Z         --- PASS: TestHandshakeWithPacketLoss/drop_1st_packet_in_direction_both/retry:_false/client_speaks_first (0.00s)
Integration (macos, Go 1.27.x)	Run self tests, using QUIC v2	2026-09-11T01:07:01.6102610Z         --- PASS: TestHandshakeWithPacketLoss/drop_1st_packet_in_direction_both/retry:_false/server_speaks_first (0.00s)
Integration (macos, Go 1.27.x)	Run self tests, using QUIC v2	2026-09-11T01:07:01.6103500Z         --- PASS: TestHandshakeWithPacketLoss/drop_1st_packet_in_direction_both/retry:_false/nobody_speaks (0.00s)
Integration (macos, Go 1.27.x)	Run self tests, using QUIC v2	2026-09-11T01:07:01.6105100Z         --- PASS: TestHandshakeWithPacketLoss/drop_1st_packet_in_direction_both/retry:_false/client_speaks_first#01 (0.00s)
Integration (macos, Go 1.27.x)	Run self tests, using QUIC v2	2026-09-11T01:07:01.6106240Z         --- PASS: TestHandshakeWithPacketLoss/drop_1st_packet_in_direction_both/retry:_false/server_speaks_first#01 (0.00s)
Integration (macos, Go 1.27.x)	Run self tests, using QUIC v2	2026-09-11T01:07:01.6107180Z         --- PASS: TestHandshakeWithPacketLoss/drop_1st_packet_in_direction_both/retry:_false/nobody_speaks#01 (0.00s)
Integration (macos, Go 1.27.x)	Run self tests, using QUIC v2	2026-09-11T01:07:01.6108130Z         --- PASS: TestHandshakeWithPacketLoss/drop_1st_packet_in_direction_both/retry:_false/client_speaks_first#02 (0.00s)
Integration (macos, Go 1.27.x)	Run self tests, using QUIC v2	2026-09-11T01:07:01.6109090Z         --- PASS: TestHandshakeWithPacketLoss/drop_1st_packet_in_direction_both/retry:_false/server_speaks_first#02 (0.00s)
Integration (macos, Go 1.27.x)	Run self tests, using QUIC v2	2026-09-11T01:07:01.6110020Z         --- PASS: TestHandshakeWithPacketLoss/drop_1st_packet_in_direction_both/retry:_false/nobody_speaks#02 (0.00s)
Integration (macos, Go 1.27.x)	Run self tests, using QUIC v2	2026-09-11T01:07:01.6111010Z         --- PASS: TestHandshakeWithPacketLoss/drop_1st_packet_in_direction_both/retry:_false/client_speaks_first#03 (0.00s)
Integration (macos, Go 1.27.x)	Run self tests, using QUIC v2	2026-09-11T01:07:01.6112010Z         --- PASS: TestHandshakeWithPacketLoss/drop_1st_packet_in_direction_both/retry:_false/server_speaks_first#03 (0.00s)
Integration (macos, Go 1.27.x)	Run self tests, using QUIC v2	2026-09-11T01:07:01.6112970Z         --- PASS: TestHandshakeWithPacketLoss/drop_1st_packet_in_direction_both/retry:_false/nobody_speaks#03 (0.00s)
Integration (macos, Go 1.27.x)	Run self tests, using QUIC v2	2026-09-11T01:07:01.6113650Z     --- PASS: TestHandshakeWithPacketLoss/drop_first_3_packets_in_direction_both (0.04s)
Integration (macos, Go 1.27.x)	Run self tests, using QUIC v2	2026-09-11T01:07:01.6114580Z         --- PASS: TestHandshakeWithPacketLoss/drop_first_3_packets_in_direction_both/retry:_true/client_speaks_first (0.00s)
Integration (macos, Go 1.27.x)	Run self tests, using QUIC v2	2026-09-11T01:07:01.6115580Z         --- PASS: TestHandshakeWithPacketLoss/drop_first_3_packets_in_direction_both/retry:_true/server_speaks_first (0.00s)
Integration (macos, Go 1.27.x)	Run self tests, using QUIC v2	2026-09-11T01:07:01.6116540Z         --- PASS: TestHandshakeWithPacketLoss/drop_first_3_packets_in_direction_both/retry:_true/nobody_speaks (0.00s)
Integration (macos, Go 1.27.x)	Run self tests, using QUIC v2	2026-09-11T01:07:01.6117630Z         --- PASS: TestHandshakeWithPacketLoss/drop_first_3_packets_in_direction_both/retry:_false/client_speaks_first (0.00s)
Integration (macos, Go 1.27.x)	Run self tests, using QUIC v2	2026-09-11T01:07:01.6119840Z         --- PASS: TestHandshakeWithPacketLoss/drop_first_3_packets_in_direction_both/retry:_false/server_speaks_first (0.00s)
Integration (macos, Go 1.27.x)	Run self tests, using QUIC v2	2026-09-11T01:07:01.6122550Z         --- PASS: TestHandshakeWithPacketLoss/drop_first_3_packets_in_direction_both/retry:_false/nobody_speaks (0.00s)
Integration (macos, Go 1.27.x)	Run self tests, using QUIC v2	2026-09-11T01:07:01.6125190Z         --- PASS: TestHandshakeWithPacketLoss/drop_first_3_packets_in_direction_both/retry:_false/client_speaks_first#01 (0.00s)
Integration (macos, Go 1.27.x)	Run self tests, using QUIC v2	2026-09-11T01:07:01.6127860Z         --- PASS: TestHandshakeWithPacketLoss/drop_first_3_packets_in_direction_both/retry:_false/server_speaks_first#01 (0.00s)
Integration (macos, Go 1.27.x)	Run self tests, using QUIC v2	2026-09-11T01:07:01.6130320Z         --- PASS: TestHandshakeWithPacketLoss/drop_first_3_packets_in_direction_both/retry:_false/nobody_speaks#01 (0.00s)
Integration (macos, Go 1.27.x)	Run self tests, using QUIC v2	2026-09-11T01:07:01.6132820Z         --- PASS: TestHandshakeWithPacketLoss/drop_first_3_packets_in_direction_both/retry:_false/client_speaks_first#02 (0.00s)
Integration (macos, Go 1.27.x)	Run self tests, using QUIC v2	2026-09-11T01:07:01.6135430Z         --- PASS: TestHandshakeWithPacketLoss/drop_first_3_packets_in_direction_both/retry:_false/server_speaks_first#02 (0.00s)
Integration (macos, Go 1.27.x)	Run self tests, using QUIC v2	2026-09-11T01:07:01.6137900Z         --- PASS: TestHandshakeWithPacketLoss/drop_first_3_packets_in_direction_both/retry:_false/nobody_speaks#02 (0.00s)
Integration (macos, Go 1.27.x)	Run self tests, using QUIC v2	2026-09-11T01:07:01.6140330Z         --- PASS: TestHandshakeWithPacketLoss/drop_first_3_packets_in_direction_both/retry:_false/client_speaks_first#03 (0.00s)
Integration (macos, Go 1.27.x)	Run self tests, using QUIC v2	2026-09-11T01:07:01.6142920Z         --- PASS: TestHandshakeWithPacketLoss/drop_first_3_packets_in_direction_both/retry:_false/server_speaks_first#03 (0.00s)
Integration (macos, Go 1.27.x)	Run self tests, using QUIC v2	2026-09-11T01:07:01.6145340Z         --- PASS: TestHandshakeWithPacketLoss/drop_first_3_packets_in_direction_both/retry:_false/nobody_speaks#03 (0.00s)
Integration (macos, Go 1.27.x)	Run self tests, using QUIC v2	2026-09-11T01:07:01.6147320Z     --- PASS: TestHandshakeWithPacketLoss/drop_every_3rd_of_first_30_packets,_phase_1_in_direction_both (0.04s)
Integration (macos, Go 1.27.x)	Run self tests, using QUIC v2	2026-09-11T01:07:01.6149920Z         --- PASS: TestHandshakeWithPacketLoss/drop_every_3rd_of_first_30_packets,_phase_1_in_direction_both/retry:_true/client_speaks_first (0.00s)
Integration (macos, Go 1.27.x)	Run self tests, using QUIC v2	2026-09-11T01:07:01.6154040Z         --- PASS: TestHandshakeWithPacketLoss/drop_every_3rd_of_first_30_packets,_phase_1_in_direction_both/retry:_true/server_speaks_first (0.00s)
Integration (macos, Go 1.27.x)	Run self tests, using QUIC v2	2026-09-11T01:07:01.6155670Z         --- PASS: TestHandshakeWithPacketLoss/drop_every_3rd_of_first_30_packets,_phase_1_in_direction_both/retry:_true/nobody_speaks (0.00s)
Integration (macos, Go 1.27.x)	Run self tests, using QUIC v2	2026-09-11T01:07:01.6156840Z         --- PASS: TestHandshakeWithPacketLoss/drop_every_3rd_of_first_30_packets,_phase_1_in_direction_both/retry:_false/client_speaks_first (0.00s)
Integration (macos, Go 1.27.x)	Run self tests, using QUIC v2	2026-09-11T01:07:01.6158150Z         --- PASS: TestHandshakeWithPacketLoss/drop_every_3rd_of_first_30_packets,_phase_1_in_direction_both/retry:_false/server_speaks_first (0.00s)
Integration (macos, Go 1.27.x)	Run self tests, using QUIC v2	2026-09-11T01:07:01.6159480Z         --- PASS: TestHandshakeWithPacketLoss/drop_every_3rd_of_first_30_packets,_phase_1_in_direction_both/retry:_false/nobody_speaks (0.00s)
Integration (macos, Go 1.27.x)	Run self tests, using QUIC v2	2026-09-11T01:07:01.6160690Z         --- PASS: TestHandshakeWithPacketLoss/drop_every_3rd_of_first_30_packets,_phase_1_in_direction_both/retry:_false/client_speaks_first#01 (0.00s)
Integration (macos, Go 1.27.x)	Run self tests, using QUIC v2	2026-09-11T01:07:01.6162010Z         --- PASS: TestHandshakeWithPacketLoss/drop_every_3rd_of_first_30_packets,_phase_1_in_direction_both/retry:_false/server_speaks_first#01 (0.00s)
Integration (macos, Go 1.27.x)	Run self tests, using QUIC v2	2026-09-11T01:07:01.6163270Z         --- PASS: TestHandshakeWithPacketLoss/drop_every_3rd_of_first_30_packets,_phase_1_in_direction_both/retry:_false/nobody_speaks#01 (0.00s)
Integration (macos, Go 1.27.x)	Run self tests, using QUIC v2	2026-09-11T01:07:01.6164690Z         --- PASS: TestHandshakeWithPacketLoss/drop_every_3rd_of_first_30_packets,_phase_1_in_direction_both/retry:_false/client_speaks_first#02 (0.00s)
Integration (macos, Go 1.27.x)	Run self tests, using QUIC v2	2026-09-11T01:07:01.6165940Z         --- PASS: TestHandshakeWithPacketLoss/drop_every_3rd_of_first_30_packets,_phase_1_in_direction_both/retry:_false/server_speaks_first#02 (0.00s)
Integration (macos, Go 1.27.x)	Run self tests, using QUIC v2	2026-09-11T01:07:01.6167260Z         --- PASS: TestHandshakeWithPacketLoss/drop_every_3rd_of_first_30_packets,_phase_1_in_direction_both/retry:_false/nobody_speaks#02 (0.00s)
Integration (macos, Go 1.27.x)	Run self tests, using QUIC v2	2026-09-11T01:07:01.6168560Z         --- PASS: TestHandshakeWithPacketLoss/drop_every_3rd_of_first_30_packets,_phase_1_in_direction_both/retry:_false/client_speaks_first#03 (0.00s)
Integration (macos, Go 1.27.x)	Run self tests, using QUIC v2	2026-09-11T01:07:01.6169800Z         --- PASS: TestHandshakeWithPacketLoss/drop_every_3rd_of_first_30_packets,_phase_1_in_direction_both/retry:_false/server_speaks_first#03 (0.00s)
Integration (macos, Go 1.27.x)	Run self tests, using QUIC v2	2026-09-11T01:07:01.6171050Z         --- PASS: TestHandshakeWithPacketLoss/drop_every_3rd_of_first_30_packets,_phase_1_in_direction_both/retry:_false/nobody_speaks#03 (0.00s)
Integration (macos, Go 1.27.x)	Run self tests, using QUIC v2	2026-09-11T01:07:01.6171960Z     --- PASS: TestHandshakeWithPacketLoss/drop_every_3rd_of_first_30_packets,_phase_2_in_direction_both (0.04s)
Integration (macos, Go 1.27.x)	Run self tests, using QUIC v2	2026-09-11T01:07:01.6173130Z         --- PASS: TestHandshakeWithPacketLoss/drop_every_3rd_of_first_30_packets,_phase_2_in_direction_both/retry:_true/client_speaks_first (0.00s)
Integration (macos, Go 1.27.x)	Run self tests, using QUIC v2	2026-09-11T01:07:01.6174340Z         --- PASS: TestHandshakeWithPacketLoss/drop_every_3rd_of_first_30_packets,_phase_2_in_direction_both/retry:_true/server_speaks_first (0.00s)
Integration (macos, Go 1.27.x)	Run self tests, using QUIC v2	2026-09-11T01:07:01.6175540Z         --- PASS: TestHandshakeWithPacketLoss/drop_every_3rd_of_first_30_packets,_phase_2_in_direction_both/retry:_true/nobody_speaks (0.00s)
Integration (macos, Go 1.27.x)	Run self tests, using QUIC v2	2026-09-11T01:07:01.6176780Z         --- PASS: TestHandshakeWithPacketLoss/drop_every_3rd_of_first_30_packets,_phase_2_in_direction_both/retry:_false/client_speaks_first (0.00s)
Integration (macos, Go 1.27.x)	Run self tests, using QUIC v2	2026-09-11T01:07:01.6178100Z         --- PASS: TestHandshakeWithPacketLoss/drop_every_3rd_of_first_30_packets,_phase_2_in_direction_both/retry:_false/server_speaks_first (0.00s)
Integration (macos, Go 1.27.x)	Run self tests, using QUIC v2	2026-09-11T01:07:01.6179390Z         --- PASS: TestHandshakeWithPacketLoss/drop_every_3rd_of_first_30_packets,_phase_2_in_direction_both/retry:_false/nobody_speaks (0.00s)
Integration (macos, Go 1.27.x)	Run self tests, using QUIC v2	2026-09-11T01:07:01.6180630Z         --- PASS: TestHandshakeWithPacketLoss/drop_every_3rd_of_first_30_packets,_phase_2_in_direction_both/retry:_false/client_speaks_first#01 (0.00s)
Integration (macos, Go 1.27.x)	Run self tests, using QUIC v2	2026-09-11T01:07:01.6181910Z         --- PASS: TestHandshakeWithPacketLoss/drop_every_3rd_of_first_30_packets,_phase_2_in_direction_both/retry:_false/server_speaks_first#01 (0.00s)
Integration (macos, Go 1.27.x)	Run self tests, using QUIC v2	2026-09-11T01:07:01.6183830Z         --- PASS: TestHandshakeWithPacketLoss/drop_every_3rd_of_first_30_packets,_phase_2_in_direction_both/retry:_false/nobody_speaks#01 (0.00s)
Integration (macos, Go 1.27.x)	Run self tests, using QUIC v2	2026-09-11T01:07:01.6185440Z         --- PASS: TestHandshakeWithPacketLoss/drop_every_3rd_of_first_30_packets,_phase_2_in_direction_both/retry:_false/client_speaks_first#02 (0.00s)
Integration (macos, Go 1.27.x)	Run self tests, using QUIC v2	2026-09-11T01:07:01.6186770Z         --- PASS: TestHandshakeWithPacketLoss/drop_every_3rd_of_first_30_packets,_phase_2_in_direction_both/retry:_false/server_speaks_first#02 (0.00s)
Integration (macos, Go 1.27.x)	Run self tests, using QUIC v2	2026-09-11T01:07:01.6188140Z         --- PASS: TestHandshakeWithPacketLoss/drop_every_3rd_of_first_30_packets,_phase_2_in_direction_both/retry:_false/nobody_speaks#02 (0.00s)
Integration (macos, Go 1.27.x)	Run self tests, using QUIC v2	2026-09-11T01:07:01.6189520Z         --- PASS: TestHandshakeWithPacketLoss/drop_every_3rd_of_first_30_packets,_phase_2_in_direction_both/retry:_false/client_speaks_first#03 (0.00s)
Integration (macos, Go 1.27.x)	Run self tests, using QUIC v2	2026-09-11T01:07:01.6190940Z         --- PASS: TestHandshakeWithPacketLoss/drop_every_3rd_of_first_30_packets,_phase_2_in_direction_both/retry:_false/server_speaks_first#03 (0.00s)
Integration (macos, Go 1.27.x)	Run self tests, using QUIC v2	2026-09-11T01:07:01.6192320Z         --- PASS: TestHandshakeWithPacketLoss/drop_every_3rd_of_first_30_packets,_phase_2_in_direction_both/retry:_false/nobody_speaks#03 (0.00s)
Integration (macos, Go 1.27.x)	Run self tests, using QUIC v2	2026-09-11T01:07:01.6193320Z     --- PASS: TestHandshakeWithPacketLoss/drop_every_3rd_of_first_30_packets,_phase_3_in_direction_both (0.04s)
Integration (macos, Go 1.27.x)	Run self tests, using QUIC v2	2026-09-11T01:07:01.6194580Z         --- PASS: TestHandshakeWithPacketLoss/drop_every_3rd_of_first_30_packets,_phase_3_in_direction_both/retry:_true/client_speaks_first (0.00s)
Integration (macos, Go 1.27.x)	Run self tests, using QUIC v2	2026-09-11T01:07:01.6195910Z         --- PASS: TestHandshakeWithPacketLoss/drop_every_3rd_of_first_30_packets,_phase_3_in_direction_both/retry:_true/server_speaks_first (0.00s)
Integration (macos, Go 1.27.x)	Run self tests, using QUIC v2	2026-09-11T01:07:01.6197230Z         --- PASS: TestHandshakeWithPacketLoss/drop_every_3rd_of_first_30_packets,_phase_3_in_direction_both/retry:_true/nobody_speaks (0.00s)
Integration (macos, Go 1.27.x)	Run self tests, using QUIC v2	2026-09-11T01:07:01.6198580Z         --- PASS: TestHandshakeWithPacketLoss/drop_every_3rd_of_first_30_packets,_phase_3_in_direction_both/retry:_false/client_speaks_first (0.00s)
Integration (macos, Go 1.27.x)	Run self tests, using QUIC v2	2026-09-11T01:07:01.6202250Z         --- PASS: TestHandshakeWithPacketLoss/drop_every_3rd_of_first_30_packets,_phase_3_in_direction_both/retry:_false/server_speaks_first (0.00s)
Integration (macos, Go 1.27.x)	Run self tests, using QUIC v2	2026-09-11T01:07:01.6205090Z         --- PASS: TestHandshakeWithPacketLoss/drop_every_3rd_of_first_30_packets,_phase_3_in_direction_both/retry:_false/nobody_speaks (0.00s)
Integration (macos, Go 1.27.x)	Run self tests, using QUIC v2	2026-09-11T01:07:01.6206480Z         --- PASS: TestHandshakeWithPacketLoss/drop_every_3rd_of_first_30_packets,_phase_3_in_direction_both/retry:_false/client_speaks_first#01 (0.00s)
Integration (macos, Go 1.27.x)	Run self tests, using QUIC v2	2026-09-11T01:07:01.6207890Z         --- PASS: TestHandshakeWithPacketLoss/drop_every_3rd_of_first_30_packets,_phase_3_in_direction_both/retry:_false/server_speaks_first#01 (0.00s)
Integration (macos, Go 1.27.x)	Run self tests, using QUIC v2	2026-09-11T01:07:01.6209280Z         --- PASS: TestHandshakeWithPacketLoss/drop_every_3rd_of_first_30_packets,_phase_3_in_direction_both/retry:_false/nobody_speaks#01 (0.00s)
Integration (macos, Go 1.27.x)	Run self tests, using QUIC v2	2026-09-11T01:07:01.6210670Z         --- PASS: TestHandshakeWithPacketLoss/drop_every_3rd_of_first_30_packets,_phase_3_in_direction_both/retry:_false/client_speaks_first#02 (0.00s)
Integration (macos, Go 1.27.x)	Run self tests, using QUIC v2	2026-09-11T01:07:01.6212080Z         --- PASS: TestHandshakeWithPacketLoss/drop_every_3rd_of_first_30_packets,_phase_3_in_direction_both/retry:_false/server_speaks_first#02 (0.00s)
Integration (macos, Go 1.27.x)	Run self tests, using QUIC v2	2026-09-11T01:07:01.6213440Z         --- PASS: TestHandshakeWithPacketLoss/drop_every_3rd_of_first_30_packets,_phase_3_in_direction_both/retry:_false/nobody_speaks#02 (0.00s)
Integration (macos, Go 1.27.x)	Run self tests, using QUIC v2	2026-09-11T01:07:01.6214810Z         --- PASS: TestHandshakeWithPacketLoss/drop_every_3rd_of_first_30_packets,_phase_3_in_direction_both/retry:_false/client_speaks_first#03 (0.00s)
Integration (macos, Go 1.27.x)	Run self tests, using QUIC v2	2026-09-11T01:07:01.6216230Z         --- PASS: TestHandshakeWithPacketLoss/drop_every_3rd_of_first_30_packets,_phase_3_in_direction_both/retry:_false/server_speaks_first#03 (0.00s)
Integration (macos, Go 1.27.x)	Run self tests, using QUIC v2	2026-09-11T01:07:01.6217570Z         --- PASS: TestHandshakeWithPacketLoss/drop_every_3rd_of_first_30_packets,_phase_3_in_direction_both/retry:_false/nobody_speaks#03 (0.00s)
Integration (macos, Go 1.27.x)	Run self tests, using QUIC v2	2026-09-11T01:07:01.6219020Z     --- SKIP: TestHandshakeWithPacketLoss/drop_1/3_of_packets_in_direction_both (0.00s)
Integration (macos, Go 1.27.x)	Run self tests, using QUIC v2	2026-09-11T01:07:01.6219550Z === RUN   TestHTTPPost
Integration (macos, Go 1.27.x)	Run self tests, using QUIC v2	2026-09-11T01:07:01.6219780Z === RUN   TestHTTPPost/small
Integration (macos, Go 1.27.x)	Run self tests, using QUIC v2	2026-09-11T01:07:01.6220030Z === RUN   TestHTTPPost/big
Integration (macos, Go 1.27.x)	Run self tests, using QUIC v2	2026-09-11T01:07:01.6220270Z --- PASS: TestHTTPPost (0.01s)
Integration (macos, Go 1.27.x)	Run self tests, using QUIC v2	2026-09-11T01:07:01.6220590Z     --- PASS: TestHTTPPost/small (0.00s)
Integration (macos, Go 1.27.x)	Run self tests, using QUIC v2	2026-09-11T01:07:01.6220930Z     --- PASS: TestHTTPPost/big (0.01s)
Integration (macos, Go 1.27.x)	Run self tests, using QUIC v2	2026-09-11T01:07:01.6221190Z === RUN   TestCancelAcceptStream
Integration (macos, Go 1.27.x)	Run self tests, using QUIC v2	2026-09-11T01:07:01.7550680Z     cancelation_test.go:455: canceled AcceptStream 34 times
Integration (macos, Go 1.27.x)	Run self tests, using QUIC v2	2026-09-11T01:07:01.7652200Z --- PASS: TestCancelAcceptStream (0.17s)
Integration (macos, Go 1.27.x)	Run self tests, using QUIC v2	2026-09-11T01:07:01.7753360Z === RUN   TestCorruptionDiagnosticsCallback
Integration (macos, Go 1.27.x)	Run self tests, using QUIC v2	2026-09-11T01:07:01.7815950Z === RUN   TestCorruptionDiagnosticsCallback/Incoming
Integration (macos, Go 1.27.x)	Run self tests, using QUIC v2	2026-09-11T01:07:01.7816480Z === RUN   TestCorruptionDiagnosticsCallback/Outgoing
Integration (macos, Go 1.27.x)	Run self tests, using QUIC v2	2026-09-11T01:07:01.7816920Z --- PASS: TestCorruptionDiagnosticsCallback (0.00s)
Integration (macos, Go 1.27.x)	Run self tests, using QUIC v2	2026-09-11T01:07:01.7817720Z     --- PASS: TestCorruptionDiagnosticsCallback/Incoming (0.00s)
Integration (macos, Go 1.27.x)	Run self tests, using QUIC v2	2026-09-11T01:07:01.7818290Z     --- PASS: TestCorruptionDiagnosticsCallback/Outgoing (0.00s)
Integration (macos, Go 1.27.x)	Run self tests, using QUIC v2	2026-09-11T01:07:01.7818590Z === RUN   TestServerTransportClose
Integration (macos, Go 1.27.x)	Run self tests, using QUIC v2	2026-09-11T01:07:01.9364260Z --- PASS: TestServerTransportClose (0.18s)
Integration (macos, Go 1.27.x)	Run self tests, using QUIC v2	2026-09-11T01:07:01.9365720Z === RUN   TestHandshakeRandomLossOptIn
Integration (macos, Go 1.27.x)	Run self tests, using QUIC v2	2026-09-11T01:07:01.9366230Z === RUN   TestHandshakeRandomLossOptIn/default
Integration (macos, Go 1.27.x)	Run self tests, using QUIC v2	2026-09-11T01:07:02.2641410Z === RUN   TestHandshakeRandomLossOptIn/enabled
Integration (macos, Go 1.27.x)	Run self tests, using QUIC v2	2026-09-11T01:07:02.6085630Z --- PASS: TestHandshakeRandomLossOptIn (0.67s)
Integration (macos, Go 1.27.x)	Run self tests, using QUIC v2	2026-09-11T01:07:02.6087450Z     --- PASS: TestHandshakeRandomLossOptIn/default (0.33s)
Integration (macos, Go 1.27.x)	Run self tests, using QUIC v2	2026-09-11T01:07:02.6097480Z     --- PASS: TestHandshakeRandomLossOptIn/enabled (0.34s)
Integration (macos, Go 1.27.x)	Run self tests, using QUIC v2	2026-09-11T01:07:02.6097970Z === RUN   TestHTTPClientTrace
Integration (macos, Go 1.27.x)	Run self tests, using QUIC v2	2026-09-11T01:07:02.7142590Z --- PASS: TestHTTPClientTrace (0.11s)
Integration (macos, Go 1.27.x)	Run self tests, using QUIC v2	2026-09-11T01:07:02.7143970Z === RUN   TestCorruptionCaptureUnicodeLimit
Integration (macos, Go 1.27.x)	Run self tests, using QUIC v2	2026-09-11T01:07:02.7406190Z --- PASS: TestCorruptionCaptureUnicodeLimit (0.03s)
Integration (macos, Go 1.27.x)	Run self tests, using QUIC v2	2026-09-11T01:07:02.7406920Z === RUN   TestConnectionIDsCustomGenerator
Integration (macos, Go 1.27.x)	Run self tests, using QUIC v2	2026-09-11T01:07:02.7407480Z     conn_id_test.go:47: using 7 byte connection ID generator for the server
Integration (macos, Go 1.27.x)	Run self tests, using QUIC v2	2026-09-11T01:07:02.7408270Z     conn_id_test.go:47: using 9 byte connection ID generator for the client
Integration (macos, Go 1.27.x)	Run self tests, using QUIC v2	2026-09-11T01:07:02.7492800Z --- PASS: TestConnectionIDsCustomGenerator (0.01s)
Integration (macos, Go 1.27.x)	Run self tests, using QUIC v2	2026-09-11T01:07:02.7494120Z === RUN   Test0RTTRetransmitOnRetry
Integration (macos, Go 1.27.x)	Run self tests, using QUIC v2	2026-09-11T01:07:02.7494870Z === RUN   Test0RTTRetransmitOnRetry/no_retry
Integration (macos, Go 1.27.x)	Run self tests, using QUIC v2	2026-09-11T01:07:02.7534330Z === RUN   Test0RTTRetransmitOnRetry/with_retry
Integration (macos, Go 1.27.x)	Run self tests, using QUIC v2	2026-09-11T01:07:02.7603970Z --- PASS: Test0RTTRetransmitOnRetry (0.01s)
Integration (macos, Go 1.27.x)	Run self tests, using QUIC v2	2026-09-11T01:07:02.7605260Z     --- PASS: Test0RTTRetransmitOnRetry/no_retry (0.00s)
Integration (macos, Go 1.27.x)	Run self tests, using QUIC v2	2026-09-11T01:07:02.7605710Z     --- PASS: Test0RTTRetransmitOnRetry/with_retry (0.01s)
Integration (macos, Go 1.27.x)	Run self tests, using QUIC v2	2026-09-11T01:07:02.7606040Z === RUN   TestQlogHandshakeFailed
Integration (macos, Go 1.27.x)	Run self tests, using QUIC v2	2026-09-11T01:07:02.7606320Z --- PASS: TestQlogHandshakeFailed (0.00s)
Integration (macos, Go 1.27.x)	Run self tests, using QUIC v2	2026-09-11T01:07:02.7606630Z === RUN   TestHTTP3ListenerClosing
Integration (macos, Go 1.27.x)	Run self tests, using QUIC v2	2026-09-11T01:07:02.7606950Z === RUN   TestHTTP3ListenerClosing/application_listener
Integration (macos, Go 1.27.x)	Run self tests, using QUIC v2	2026-09-11T01:07:02.7698000Z === RUN   TestHTTP3ListenerClosing/listener_created_by_the_http3.Server
Integration (macos, Go 1.27.x)	Run self tests, using QUIC v2	2026-09-11T01:07:02.8142060Z --- PASS: TestHTTP3ListenerClosing (0.05s)
Integration (macos, Go 1.27.x)	Run self tests, using QUIC v2	2026-09-11T01:07:02.8161060Z     --- PASS: TestHTTP3ListenerClosing/application_listener (0.01s)
Integration (macos, Go 1.27.x)	Run self tests, using QUIC v2	2026-09-11T01:07:02.8163550Z     --- PASS: TestHTTP3ListenerClosing/listener_created_by_the_http3.Server (0.04s)
Integration (macos, Go 1.27.x)	Run self tests, using QUIC v2	2026-09-11T01:07:02.8165610Z === RUN   Test0RTTRejectedOnALPNChanged
Integration (macos, Go 1.27.x)	Run self tests, using QUIC v2	2026-09-11T01:07:02.8200670Z     zero_rtt_test.go:822: Sent 4 0-RTT packets.
Integration (macos, Go 1.27.x)	Run self tests, using QUIC v2	2026-09-11T01:07:02.8216570Z --- PASS: Test0RTTRejectedOnALPNChanged (0.01s)
Integration (macos, Go 1.27.x)	Run self tests, using QUIC v2	2026-09-11T01:07:02.8217910Z === RUN   TestConnectionMigration
Integration (macos, Go 1.27.x)	Run self tests, using QUIC v2	2026-09-11T01:07:03.0091990Z --- PASS: TestConnectionMigration (0.19s)
Integration (macos, Go 1.27.x)	Run self tests, using QUIC v2	2026-09-11T01:07:03.0096190Z === RUN   TestHTTPHeaders
Integration (macos, Go 1.27.x)	Run self tests, using QUIC v2	2026-09-11T01:07:03.0111050Z --- PASS: TestHTTPHeaders (0.00s)
Integration (macos, Go 1.27.x)	Run self tests, using QUIC v2	2026-09-11T01:07:03.0115160Z === RUN   TestUnidirectionalStreams
Integration (macos, Go 1.27.x)	Run self tests, using QUIC v2	2026-09-11T01:07:03.0117330Z === RUN   TestUnidirectionalStreams/client_->_server
Integration (macos, Go 1.27.x)	Run self tests, using QUIC v2	2026-09-11T01:07:03.0938600Z === RUN   TestUnidirectionalStreams/server_->_client
Integration (macos, Go 1.27.x)	Run self tests, using QUIC v2	2026-09-11T01:07:03.1722910Z === RUN   TestUnidirectionalStreams/client_<->_server
Integration (macos, Go 1.27.x)	Run self tests, using QUIC v2	2026-09-11T01:07:03.3008720Z --- PASS: TestUnidirectionalStreams (0.29s)
Integration (macos, Go 1.27.x)	Run self tests, using QUIC v2	2026-09-11T01:07:03.3012740Z     --- PASS: TestUnidirectionalStreams/client_->_server (0.08s)
Integration (macos, Go 1.27.x)	Run self tests, using QUIC v2	2026-09-11T01:07:03.3013580Z     --- PASS: TestUnidirectionalStreams/server_->_client (0.07s)
Integration (macos, Go 1.27.x)	Run self tests, using QUIC v2	2026-09-11T01:07:03.3014350Z     --- PASS: TestUnidirectionalStreams/client_<->_server (0.14s)
Integration (macos, Go 1.27.x)	Run self tests, using QUIC v2	2026-09-11T01:07:03.3016830Z === RUN   TestStreamReadWriteCancellation
Integration (macos, Go 1.27.x)	Run self tests, using QUIC v2	2026-09-11T01:07:03.3018500Z === RUN   TestStreamReadWriteCancellation/immediate
Integration (macos, Go 1.27.x)	Run self tests, using QUIC v2	2026-09-11T01:07:03.4929810Z === RUN   TestStreamReadWriteCancellation/after_writing_some_data
Integration (macos, Go 1.27.x)	Run self tests, using QUIC v2	2026-09-11T01:07:03.6995930Z --- PASS: TestStreamReadWriteCancellation (0.39s)
Integration (macos, Go 1.27.x)	Run self tests, using QUIC v2	2026-09-11T01:07:03.7097160Z     --- PASS: TestStreamReadWriteCancellation/immediate (0.19s)
Integration (macos, Go 1.27.x)	Run self tests, using QUIC v2	2026-09-11T01:07:03.7199230Z     --- PASS: TestStreamReadWriteCancellation/after_writing_some_data (0.21s)
Integration (macos, Go 1.27.x)	Run self tests, using QUIC v2	2026-09-11T01:07:03.7301800Z === RUN   TestMultiplexingConnectToSelf
Integration (macos, Go 1.27.x)	Run self tests, using QUIC v2	2026-09-11T01:07:03.7403760Z --- PASS: TestMultiplexingConnectToSelf (0.01s)
Integration (macos, Go 1.27.x)	Run self tests, using QUIC v2	2026-09-11T01:07:03.7504190Z === RUN   TestHTTPErrAbortHandler
Integration (macos, Go 1.27.x)	Run self tests, using QUIC v2	2026-09-11T01:07:03.7606350Z --- PASS: TestHTTPErrAbortHandler (0.00s)
Integration (macos, Go 1.27.x)	Run self tests, using QUIC v2	2026-09-11T01:07:03.7708930Z === RUN   TestDatagramNegotiation
Integration (macos, Go 1.27.x)	Run self tests, using QUIC v2	2026-09-11T01:07:03.7811150Z === RUN   TestDatagramNegotiation/server_enable,_client_enable
Integration (macos, Go 1.27.x)	Run self tests, using QUIC v2	2026-09-11T01:07:03.7911850Z === RUN   TestDatagramNegotiation/server_enable,_client_disable
Integration (macos, Go 1.27.x)	Run self tests, using QUIC v2	2026-09-11T01:07:03.8014610Z === RUN   TestDatagramNegotiation/server_disable,_client_enable
Integration (macos, Go 1.27.x)	Run self tests, using QUIC v2	2026-09-11T01:07:03.8114230Z === RUN   TestDatagramNegotiation/server_disable,_client_disable
Integration (macos, Go 1.27.x)	Run self tests, using QUIC v2	2026-09-11T01:07:03.8215510Z --- PASS: TestDatagramNegotiation (0.01s)
Integration (macos, Go 1.27.x)	Run self tests, using QUIC v2	2026-09-11T01:07:03.8323930Z     --- PASS: TestDatagramNegotiation/server_enable,_client_enable (0.00s)
Integration (macos, Go 1.27.x)	Run self tests, using QUIC v2	2026-09-11T01:07:03.8428540Z     --- PASS: TestDatagramNegotiation/server_enable,_client_disable (0.00s)
Integration (macos, Go 1.27.x)	Run self tests, using QUIC v2	2026-09-11T01:07:03.8528630Z     --- PASS: TestDatagramNegotiation/server_disable,_client_enable (0.00s)
Integration (macos, Go 1.27.x)	Run self tests, using QUIC v2	2026-09-11T01:07:03.8631030Z     --- PASS: TestDatagramNegotiation/server_disable,_client_disable (0.01s)
Integration (macos, Go 1.27.x)	Run self tests, using QUIC v2	2026-09-11T01:07:03.8731020Z === RUN   TestConnectionIDsZeroLength
Integration (macos, Go 1.27.x)	Run self tests, using QUIC v2	2026-09-11T01:07:03.8831650Z     conn_id_test.go:39: issuing 14 byte connection ID from the server
Integration (macos, Go 1.27.x)	Run self tests, using QUIC v2	2026-09-11T01:07:03.8933840Z     conn_id_test.go:39: issuing 0 byte connection ID from the client
Integration (macos, Go 1.27.x)	Run self tests, using QUIC v2	2026-09-11T01:07:03.9040060Z --- PASS: TestConnectionIDsZeroLength (0.01s)
Integration (macos, Go 1.27.x)	Run self tests, using QUIC v2	2026-09-11T01:07:03.9141000Z === RUN   TestTimeoutAfterSendingPacket
Integration (macos, Go 1.27.x)	Run self tests, using QUIC v2	2026-09-11T01:07:03.9242160Z --- PASS: TestTimeoutAfterSendingPacket (0.00s)
Integration (macos, Go 1.27.x)	Run self tests, using QUIC v2	2026-09-11T01:07:03.9342210Z === RUN   TestConnectionMigrationConcurrentState
Integration (macos, Go 1.27.x)	Run self tests, using QUIC v2	2026-09-11T01:07:03.9401960Z --- PASS: TestConnectionMigrationConcurrentState (0.17s)
Integration (macos, Go 1.27.x)	Run self tests, using QUIC v2	2026-09-11T01:07:03.9490510Z === RUN   TestHandshakeCancellationError
Integration (macos, Go 1.27.x)	Run self tests, using QUIC v2	2026-09-11T01:07:03.9593140Z --- PASS: TestHandshakeCancellationError (0.00s)
Integration (macos, Go 1.27.x)	Run self tests, using QUIC v2	2026-09-11T01:07:03.9681280Z === RUN   TestPathMTUDiscovery
Integration (macos, Go 1.27.x)	Run self tests, using QUIC v2	2026-09-11T01:07:05.5430140Z     mtu_test.go:180: max client packet size: 1400, MTU: 1400
Integration (macos, Go 1.27.x)	Run self tests, using QUIC v2	2026-09-11T01:07:05.5533160Z     mtu_test.go:181: max datagram size: initial: 1163, final: 1363
Integration (macos, Go 1.27.x)	Run self tests, using QUIC v2	2026-09-11T01:07:05.5593700Z     mtu_test.go:182: max server packet size: 1234, MTU: 1400
Integration (macos, Go 1.27.x)	Run self tests, using QUIC v2	2026-09-11T01:07:05.5624350Z --- PASS: TestPathMTUDiscovery (1.63s)
Integration (macos, Go 1.27.x)	Run self tests, using QUIC v2	2026-09-11T01:07:05.5645550Z === RUN   TestMITCorruptPacketsRandom
Integration (macos, Go 1.27.x)	Run self tests, using QUIC v2	2026-09-11T01:07:05.5666540Z     mitm_test.go:84: random corruption is opt-in stress; set QUIC_GO_TEST_RANDOM_CORRUPTION=1
Integration (macos, Go 1.27.x)	Run self tests, using QUIC v2	2026-09-11T01:07:05.5667470Z --- SKIP: TestMITCorruptPacketsRandom (0.00s)
Integration (macos, Go 1.27.x)	Run self tests, using QUIC v2	2026-09-11T01:07:05.5667950Z === RUN   TestGetConfigForClientErrorsConnectionRejection
Integration (macos, Go 1.27.x)	Run self tests, using QUIC v2	2026-09-11T01:07:05.5668460Z --- PASS: TestGetConfigForClientErrorsConnectionRejection (0.00s)
Integration (macos, Go 1.27.x)	Run self tests, using QUIC v2	2026-09-11T01:07:05.5668870Z === RUN   TestALPN
Integration (macos, Go 1.27.x)	Run self tests, using QUIC v2	2026-09-11T01:07:05.5669640Z --- PASS: TestALPN (0.00s)
Integration (macos, Go 1.27.x)	Run self tests, using QUIC v2	2026-09-11T01:07:05.5670000Z === RUN   TestHeavyStreamCancellation
Integration (macos, Go 1.27.x)	Run self tests, using QUIC v2	2026-09-11T01:07:06.5553200Z --- PASS: TestHeavyStreamCancellation (1.01s)
Integration (macos, Go 1.27.x)	Run self tests, using QUIC v2	2026-09-11T01:07:06.5557010Z === RUN   TestHTTPDatagramStreamReset
Integration (macos, Go 1.27.x)	Run self tests, using QUIC v2	2026-09-11T01:07:06.5721900Z --- PASS: TestHTTPDatagramStreamReset (0.02s)
Integration (macos, Go 1.27.x)	Run self tests, using QUIC v2	2026-09-11T01:07:06.5722910Z === RUN   TestTLSConfigGetConfigForClientAddresses
Integration (macos, Go 1.27.x)	Run self tests, using QUIC v2	2026-09-11T01:07:06.5746260Z --- PASS: TestTLSConfigGetConfigForClientAddresses (0.00s)
Integration (macos, Go 1.27.x)	Run self tests, using QUIC v2	2026-09-11T01:07:06.5747560Z === RUN   Test0RTTRejectedOnStreamLimitDecrease
Integration (macos, Go 1.27.x)	Run self tests, using QUIC v2	2026-09-11T01:07:06.5860060Z     zero_rtt_test.go:709: sent 4 0-RTT packets
Integration (macos, Go 1.27.x)	Run self tests, using QUIC v2	2026-09-11T01:07:06.5961510Z --- PASS: Test0RTTRejectedOnStreamLimitDecrease (0.00s)
Integration (macos, Go 1.27.x)	Run self tests, using QUIC v2	2026-09-11T01:07:06.6062390Z === RUN   TestMultiplexesConnectionsToSameServer
Integration (macos, Go 1.27.x)	Run self tests, using QUIC v2	2026-09-11T01:07:06.6163890Z --- PASS: TestMultiplexesConnectionsToSameServer (0.01s)
Integration (macos, Go 1.27.x)	Run self tests, using QUIC v2	2026-09-11T01:07:06.6265420Z === RUN   TestHTTPDifferentOrigins
Integration (macos, Go 1.27.x)	Run self tests, using QUIC v2	2026-09-11T01:07:06.6409040Z --- PASS: TestHTTPDifferentOrigins (0.01s)
Integration (macos, Go 1.27.x)	Run self tests, using QUIC v2	2026-09-11T01:07:06.6557090Z === RUN   TestDownloadWithReordering
Integration (macos, Go 1.27.x)	Run self tests, using QUIC v2	2026-09-11T01:07:06.6658550Z === RUN   TestDownloadWithReordering/5ms
Integration (macos, Go 1.27.x)	Run self tests, using QUIC v2	2026-09-11T01:07:06.6659070Z     rtt_test.go:175: Smoothed RTT: 4.943ms
Integration (macos, Go 1.27.x)	Run self tests, using QUIC v2	2026-09-11T01:07:06.6761350Z     rtt_test.go:178: received 453 short header packets, detected 168 reorderings
Integration (macos, Go 1.27.x)	Run self tests, using QUIC v2	2026-09-11T01:07:06.6863390Z === RUN   TestDownloadWithReordering/50ms
Integration (macos, Go 1.27.x)	Run self tests, using QUIC v2	2026-09-11T01:07:06.6966260Z     rtt_test.go:175: Smoothed RTT: 48.992ms
Integration (macos, Go 1.27.x)	Run self tests, using QUIC v2	2026-09-11T01:07:06.7067710Z     rtt_test.go:178: received 430 short header packets, detected 144 reorderings
Integration (macos, Go 1.27.x)	Run self tests, using QUIC v2	2026-09-11T01:07:06.7169160Z === RUN   TestDownloadWithReordering/250ms
Integration (macos, Go 1.27.x)	Run self tests, using QUIC v2	2026-09-11T01:07:06.7181950Z     rtt_test.go:175: Smoothed RTT: 248.867ms
Integration (macos, Go 1.27.x)	Run self tests, using QUIC v2	2026-09-11T01:07:06.7236880Z     rtt_test.go:178: received 424 short header packets, detected 123 reorderings
Integration (macos, Go 1.27.x)	Run self tests, using QUIC v2	2026-09-11T01:07:06.7240910Z --- PASS: TestDownloadWithReordering (0.04s)
Integration (macos, Go 1.27.x)	Run self tests, using QUIC v2	2026-09-11T01:07:06.7241410Z     --- PASS: TestDownloadWithReordering/5ms (0.01s)
Integration (macos, Go 1.27.x)	Run self tests, using QUIC v2	2026-09-11T01:07:06.7241900Z     --- PASS: TestDownloadWithReordering/50ms (0.01s)
Integration (macos, Go 1.27.x)	Run self tests, using QUIC v2	2026-09-11T01:07:06.7242350Z     --- PASS: TestDownloadWithReordering/250ms (0.01s)
Integration (macos, Go 1.27.x)	Run self tests, using QUIC v2	2026-09-11T01:07:06.7242720Z === RUN   TestMITMDuplicatePackets
Integration (macos, Go 1.27.x)	Run self tests, using QUIC v2	2026-09-11T01:07:06.7243090Z === RUN   TestMITMDuplicatePackets/towards_the_server
Integration (macos, Go 1.27.x)	Run self tests, using QUIC v2	2026-09-11T01:07:06.7243530Z === RUN   TestMITMDuplicatePackets/towards_the_client
Integration (macos, Go 1.27.x)	Run self tests, using QUIC v2	2026-09-11T01:07:06.7750430Z --- PASS: TestMITMDuplicatePackets (0.14s)
Integration (macos, Go 1.27.x)	Run self tests, using QUIC v2	2026-09-11T01:07:06.7853460Z     --- PASS: TestMITMDuplicatePackets/towards_the_server (0.02s)
Integration (macos, Go 1.27.x)	Run self tests, using QUIC v2	2026-09-11T01:07:06.7956350Z     --- PASS: TestMITMDuplicatePackets/towards_the_client (0.11s)
Integration (macos, Go 1.27.x)	Run self tests, using QUIC v2	2026-09-11T01:07:06.8058120Z === RUN   Test0RTTDatagrams
Integration (macos, Go 1.27.x)	Run self tests, using QUIC v2	2026-09-11T01:07:06.8160190Z     zero_rtt_test.go:1149: sent 1 0-RTT packets
Integration (macos, Go 1.27.x)	Run self tests, using QUIC v2	2026-09-11T01:07:06.8263880Z --- PASS: Test0RTTDatagrams (0.01s)
Integration (macos, Go 1.27.x)	Run self tests, using QUIC v2	2026-09-11T01:07:06.8365950Z === RUN   TestHTTPShutdown
Integration (macos, Go 1.27.x)	Run self tests, using QUIC v2	2026-09-11T01:07:06.8478580Z --- PASS: TestHTTPShutdown (0.03s)
Integration (macos, Go 1.27.x)	Run self tests, using QUIC v2	2026-09-11T01:07:06.8581700Z === RUN   TestKeepAlive
Integration (macos, Go 1.27.x)	Run self tests, using QUIC v2	2026-09-11T01:07:06.8692890Z --- PASS: TestKeepAlive (0.01s)
Integration (macos, Go 1.27.x)	Run self tests, using QUIC v2	2026-09-11T01:07:06.8796230Z === RUN   Test0RTTTransfer
Integration (macos, Go 1.27.x)	Run self tests, using QUIC v2	2026-09-11T01:07:06.8898170Z     zero_rtt_test.go:210: sent 29 0-RTT packets
Integration (macos, Go 1.27.x)	Run self tests, using QUIC v2	2026-09-11T01:07:06.9006850Z     zero_rtt_test.go:212: received 29 0-RTT packets
Integration (macos, Go 1.27.x)	Run self tests, using QUIC v2	2026-09-11T01:07:06.9057150Z --- PASS: Test0RTTTransfer (0.01s)
Integration (macos, Go 1.27.x)	Run self tests, using QUIC v2	2026-09-11T01:07:06.9059870Z === RUN   TestCorruptionCaptureBeforeMutation
Integration (macos, Go 1.27.x)	Run self tests, using QUIC v2	2026-09-11T01:07:06.9062950Z --- PASS: TestCorruptionCaptureBeforeMutation (0.04s)
Integration (macos, Go 1.27.x)	Run self tests, using QUIC v2	2026-09-11T01:07:06.9065020Z === RUN   TestHTTPRawConn
Integration (macos, Go 1.27.x)	Run self tests, using QUIC v2	2026-09-11T01:07:06.9073160Z --- PASS: TestHTTPRawConn (0.01s)
Integration (macos, Go 1.27.x)	Run self tests, using QUIC v2	2026-09-11T01:07:06.9077900Z === RUN   TestHTTP0RTT
Integration (macos, Go 1.27.x)	Run self tests, using QUIC v2	2026-09-11T01:07:07.3495150Z --- PASS: TestHTTP0RTT (0.47s)
Integration (macos, Go 1.27.x)	Run self tests, using QUIC v2	2026-09-11T01:07:07.3504270Z === RUN   TestHandshakeCipherSuites
Integration (macos, Go 1.27.x)	Run self tests, using QUIC v2	2026-09-11T01:07:07.3630670Z === RUN   TestHandshakeCipherSuites/TLS_AES_128_GCM_SHA256
Integration (macos, Go 1.27.x)	Run self tests, using QUIC v2	2026-09-11T01:07:07.3755500Z === RUN   TestHandshakeCipherSuites/TLS_AES_256_GCM_SHA384
Integration (macos, Go 1.27.x)	Run self tests, using QUIC v2	2026-09-11T01:07:07.3843850Z === RUN   TestHandshakeCipherSuites/TLS_CHACHA20_POLY1305_SHA256
Integration (macos, Go 1.27.x)	Run self tests, using QUIC v2	2026-09-11T01:07:07.3847820Z --- PASS: TestHandshakeCipherSuites (0.03s)
Integration (macos, Go 1.27.x)	Run self tests, using QUIC v2	2026-09-11T01:07:07.3848660Z     --- PASS: TestHandshakeCipherSuites/TLS_AES_128_GCM_SHA256 (0.01s)
Integration (macos, Go 1.27.x)	Run self tests, using QUIC v2	2026-09-11T01:07:07.3851370Z     --- PASS: TestHandshakeCipherSuites/TLS_AES_256_GCM_SHA384 (0.02s)
Integration (macos, Go 1.27.x)	Run self tests, using QUIC v2	2026-09-11T01:07:07.3852020Z     --- PASS: TestHandshakeCipherSuites/TLS_CHACHA20_POLY1305_SHA256 (0.01s)
Integration (macos, Go 1.27.x)	Run self tests, using QUIC v2	2026-09-11T01:07:07.3852520Z === RUN   TestHTTP3ListenerGracefulShutdown
Integration (macos, Go 1.27.x)	Run self tests, using QUIC v2	2026-09-11T01:07:07.3852980Z === RUN   TestHTTP3ListenerGracefulShutdown/application_listener
Integration (macos, Go 1.27.x)	Run self tests, using QUIC v2	2026-09-11T01:07:07.4535330Z === RUN   TestHTTP3ListenerGracefulShutdown/listener_created_by_the_http3.Server
Integration (macos, Go 1.27.x)	Run self tests, using QUIC v2	2026-09-11T01:07:07.5603010Z --- PASS: TestHTTP3ListenerGracefulShutdown (0.18s)
Integration (macos, Go 1.27.x)	Run self tests, using QUIC v2	2026-09-11T01:07:07.5607280Z     --- PASS: TestHTTP3ListenerGracefulShutdown/application_listener (0.07s)
Integration (macos, Go 1.27.x)	Run self tests, using QUIC v2	2026-09-11T01:07:07.5608600Z     --- PASS: TestHTTP3ListenerGracefulShutdown/listener_created_by_the_http3.Server (0.11s)
Integration (macos, Go 1.27.x)	Run self tests, using QUIC v2	2026-09-11T01:07:07.5609460Z === RUN   TestHTTP1xxTerminalResponse
Integration (macos, Go 1.27.x)	Run self tests, using QUIC v2	2026-09-11T01:07:07.5634530Z --- PASS: TestHTTP1xxTerminalResponse (0.00s)
Integration (macos, Go 1.27.x)	Run self tests, using QUIC v2	2026-09-11T01:07:07.5635420Z === RUN   TestCorruptionRandomOptIn
Integration (macos, Go 1.27.x)	Run self tests, using QUIC v2	2026-09-11T01:07:07.5636200Z === RUN   TestCorruptionRandomOptIn/default
Integration (macos, Go 1.27.x)	Run self tests, using QUIC v2	2026-09-11T01:07:07.9569550Z === RUN   TestCorruptionRandomOptIn/enabled
Integration (macos, Go 1.27.x)	Run self tests, using QUIC v2	2026-09-11T01:07:08.3089640Z --- PASS: TestCorruptionRandomOptIn (0.74s)
Integration (macos, Go 1.27.x)	Run self tests, using QUIC v2	2026-09-11T01:07:08.3192130Z     --- PASS: TestCorruptionRandomOptIn/default (0.39s)
Integration (macos, Go 1.27.x)	Run self tests, using QUIC v2	2026-09-11T01:07:08.3292870Z     --- PASS: TestCorruptionRandomOptIn/enabled (0.35s)
Integration (macos, Go 1.27.x)	Run self tests, using QUIC v2	2026-09-11T01:07:08.3395250Z === RUN   TestWriteWithLimitStreamFlowControl
Integration (macos, Go 1.27.x)	Run self tests, using QUIC v2	2026-09-11T01:07:08.3497640Z --- PASS: TestWriteWithLimitStreamFlowControl (0.00s)
Integration (macos, Go 1.27.x)	Run self tests, using QUIC v2	2026-09-11T01:07:08.3598190Z === RUN   TestFaultyPacketConn
Integration (macos, Go 1.27.x)	Run self tests, using QUIC v2	2026-09-11T01:07:08.3704670Z === RUN   TestFaultyPacketConn/client
Integration (macos, Go 1.27.x)	Run self tests, using QUIC v2	2026-09-11T01:07:08.3805130Z     timeout_test.go:435: blocking client's connection after 11 packets
Integration (macos, Go 1.27.x)	Run self tests, using QUIC v2	2026-09-11T01:07:08.3908070Z === RUN   TestFaultyPacketConn/server
Integration (macos, Go 1.27.x)	Run self tests, using QUIC v2	2026-09-11T01:07:08.4012440Z     timeout_test.go:435: blocking server's connection after 15 packets
Integration (macos, Go 1.27.x)	Run self tests, using QUIC v2	2026-09-11T01:07:08.4114780Z --- PASS: TestFaultyPacketConn (0.01s)
Integration (macos, Go 1.27.x)	Run self tests, using QUIC v2	2026-09-11T01:07:08.4217030Z     --- PASS: TestFaultyPacketConn/client (0.00s)
Integration (macos, Go 1.27.x)	Run self tests, using QUIC v2	2026-09-11T01:07:08.4318200Z     --- PASS: TestFaultyPacketConn/server (0.00s)
Integration (macos, Go 1.27.x)	Run self tests, using QUIC v2	2026-09-11T01:07:08.4418660Z === RUN   TestIdleTimeout
Integration (macos, Go 1.27.x)	Run self tests, using QUIC v2	2026-09-11T01:07:08.4520390Z     timeout_test.go:129: server connection timed out after 20.001s (idle timeout: 20s)
Integration (macos, Go 1.27.x)	Run self tests, using QUIC v2	2026-09-11T01:07:08.4620790Z     timeout_test.go:138: client connection timed out after 20.0005s (idle timeout: 20s)
Integration (macos, Go 1.27.x)	Run self tests, using QUIC v2	2026-09-11T01:07:08.4721780Z --- PASS: TestIdleTimeout (0.00s)
Integration (macos, Go 1.27.x)	Run self tests, using QUIC v2	2026-09-11T01:07:08.4823120Z === RUN   TestStatelessResets
Integration (macos, Go 1.27.x)	Run self tests, using QUIC v2	2026-09-11T01:07:08.4924380Z === RUN   TestStatelessResets/zero-length_connection_IDs
Integration (macos, Go 1.27.x)	Run self tests, using QUIC v2	2026-09-11T01:07:08.5026480Z === RUN   TestStatelessResets/10_byte_connection_IDs
Integration (macos, Go 1.27.x)	Run self tests, using QUIC v2	2026-09-11T01:07:08.5127120Z --- PASS: TestStatelessResets (0.00s)
Integration (macos, Go 1.27.x)	Run self tests, using QUIC v2	2026-09-11T01:07:08.5228790Z     --- PASS: TestStatelessResets/zero-length_connection_IDs (0.00s)
Integration (macos, Go 1.27.x)	Run self tests, using QUIC v2	2026-09-11T01:07:08.5330240Z     --- PASS: TestStatelessResets/10_byte_connection_IDs (0.00s)
Integration (macos, Go 1.27.x)	Run self tests, using QUIC v2	2026-09-11T01:07:08.5430640Z === RUN   TestHTTPMultipleRequests
Integration (macos, Go 1.27.x)	Run self tests, using QUIC v2	2026-09-11T01:07:08.5532600Z === RUN   TestHTTPMultipleRequests/reading_the_response
Integration (macos, Go 1.27.x)	Run self tests, using QUIC v2	2026-09-11T01:07:08.5632200Z === RUN   TestHTTPMultipleRequests/not_reading_the_response
Integration (macos, Go 1.27.x)	Run self tests, using QUIC v2	2026-09-11T01:07:08.5662590Z --- PASS: TestHTTPMultipleRequests (0.09s)
Integration (macos, Go 1.27.x)	Run self tests, using QUIC v2	2026-09-11T01:07:08.5672790Z     --- PASS: TestHTTPMultipleRequests/reading_the_response (0.01s)
Integration (macos, Go 1.27.x)	Run self tests, using QUIC v2	2026-09-11T01:07:08.5678450Z     --- PASS: TestHTTPMultipleRequests/not_reading_the_response (0.08s)
Integration (macos, Go 1.27.x)	Run self tests, using QUIC v2	2026-09-11T01:07:08.5679080Z === RUN   TestBidirectionalStreamMultiplexing
Integration (macos, Go 1.27.x)	Run self tests, using QUIC v2	2026-09-11T01:07:08.5679630Z === RUN   TestBidirectionalStreamMultiplexing/client_->_server
Integration (macos, Go 1.27.x)	Run self tests, using QUIC v2	2026-09-11T01:07:08.5680710Z === RUN   TestBidirectionalStreamMultiplexing/client_<->_server
Integration (macos, Go 1.27.x)	Run self tests, using QUIC v2	2026-09-11T01:07:08.5683060Z --- PASS: TestBidirectionalStreamMultiplexing (0.02s)
Integration (macos, Go 1.27.x)	Run self tests, using QUIC v2	2026-09-11T01:07:08.5683830Z     --- PASS: TestBidirectionalStreamMultiplexing/client_->_server (0.01s)
Integration (macos, Go 1.27.x)	Run self tests, using QUIC v2	2026-09-11T01:07:08.5684960Z     --- PASS: TestBidirectionalStreamMultiplexing/client_<->_server (0.01s)
Integration (macos, Go 1.27.x)	Run self tests, using QUIC v2	2026-09-11T01:07:08.5685930Z === RUN   TestCorruptionFiniteCallback
Integration (macos, Go 1.27.x)	Run self tests, using QUIC v2	2026-09-11T01:07:08.5686410Z === RUN   TestCorruptionFiniteCallback/initial
Integration (macos, Go 1.27.x)	Run self tests, using QUIC v2	2026-09-11T01:07:08.5686890Z === RUN   TestCorruptionFiniteCallback/initial/Incoming
Integration (macos, Go 1.27.x)	Run self tests, using QUIC v2	2026-09-11T01:07:08.5687520Z === RUN   TestCorruptionFiniteCallback/initial/Outgoing
Integration (macos, Go 1.27.x)	Run self tests, using QUIC v2	2026-09-11T01:07:08.5688310Z === RUN   TestCorruptionFiniteCallback/handshake
Integration (macos, Go 1.27.x)	Run self tests, using QUIC v2	2026-09-11T01:07:08.5691190Z === RUN   TestCorruptionFiniteCallback/handshake/Incoming
Integration (macos, Go 1.27.x)	Run self tests, using QUIC v2	2026-09-11T01:07:08.5692620Z === RUN   TestCorruptionFiniteCallback/handshake/Outgoing
Integration (macos, Go 1.27.x)	Run self tests, using QUIC v2	2026-09-11T01:07:08.5693090Z === RUN   TestCorruptionFiniteCallback/1RTT
Integration (macos, Go 1.27.x)	Run self tests, using QUIC v2	2026-09-11T01:07:08.5693510Z === RUN   TestCorruptionFiniteCallback/1RTT/Incoming
Integration (macos, Go 1.27.x)	Run self tests, using QUIC v2	2026-09-11T01:07:08.5693900Z === RUN   TestCorruptionFiniteCallback/1RTT/Outgoing
Integration (macos, Go 1.27.x)	Run self tests, using QUIC v2	2026-09-11T01:07:08.5694910Z --- PASS: TestCorruptionFiniteCallback (0.00s)
Integration (macos, Go 1.27.x)	Run self tests, using QUIC v2	2026-09-11T01:07:08.5695570Z     --- PASS: TestCorruptionFiniteCallback/initial (0.00s)
Integration (macos, Go 1.27.x)	Run self tests, using QUIC v2	2026-09-11T01:07:08.5696180Z         --- PASS: TestCorruptionFiniteCallback/initial/Incoming (0.00s)
Integration (macos, Go 1.27.x)	Run self tests, using QUIC v2	2026-09-11T01:07:08.5697020Z         --- PASS: TestCorruptionFiniteCallback/initial/Outgoing (0.00s)
Integration (macos, Go 1.27.x)	Run self tests, using QUIC v2	2026-09-11T01:07:08.5697530Z     --- PASS: TestCorruptionFiniteCallback/handshake (0.00s)
Integration (macos, Go 1.27.x)	Run self tests, using QUIC v2	2026-09-11T01:07:08.5698160Z         --- PASS: TestCorruptionFiniteCallback/handshake/Incoming (0.00s)
Integration (macos, Go 1.27.x)	Run self tests, using QUIC v2	2026-09-11T01:07:08.5698850Z         --- PASS: TestCorruptionFiniteCallback/handshake/Outgoing (0.00s)
Integration (macos, Go 1.27.x)	Run self tests, using QUIC v2	2026-09-11T01:07:08.5699400Z     --- PASS: TestCorruptionFiniteCallback/1RTT (0.00s)
Integration (macos, Go 1.27.x)	Run self tests, using QUIC v2	2026-09-11T01:07:08.5699940Z         --- PASS: TestCorruptionFiniteCallback/1RTT/Incoming (0.00s)
Integration (macos, Go 1.27.x)	Run self tests, using QUIC v2	2026-09-11T01:07:08.5700570Z         --- PASS: TestCorruptionFiniteCallback/1RTT/Outgoing (0.00s)
Integration (macos, Go 1.27.x)	Run self tests, using QUIC v2	2026-09-11T01:07:08.5700960Z === RUN   TestHandshakeRTTRetry
Integration (macos, Go 1.27.x)	Run self tests, using QUIC v2	2026-09-11T01:07:08.5701780Z === RUN   TestHandshakeRTTRetry/retry
Integration (macos, Go 1.27.x)	Run self tests, using QUIC v2	2026-09-11T01:07:08.5702270Z === RUN   TestHandshakeRTTRetry/no_retry
Integration (macos, Go 1.27.x)	Run self tests, using QUIC v2	2026-09-11T01:07:08.5702580Z --- PASS: TestHandshakeRTTRetry (0.00s)
Integration (macos, Go 1.27.x)	Run self tests, using QUIC v2	2026-09-11T01:07:08.5704000Z     --- PASS: TestHandshakeRTTRetry/retry (0.00s)
Integration (macos, Go 1.27.x)	Run self tests, using QUIC v2	2026-09-11T01:07:08.5704660Z     --- PASS: TestHandshakeRTTRetry/no_retry (0.00s)
Integration (macos, Go 1.27.x)	Run self tests, using QUIC v2	2026-09-11T01:07:08.5705000Z === RUN   TestHTTPStreamedRequests
Integration (macos, Go 1.27.x)	Run self tests, using QUIC v2	2026-09-11T01:07:08.5705390Z --- PASS: TestHTTPStreamedRequests (0.00s)
Integration (macos, Go 1.27.x)	Run self tests, using QUIC v2	2026-09-11T01:07:08.5705800Z === RUN   TestHTTPClientRequestContextCancellation
Integration (macos, Go 1.27.x)	Run self tests, using QUIC v2	2026-09-11T01:07:08.5706250Z === RUN   TestHTTPClientRequestContextCancellation/before_response
Integration (macos, Go 1.27.x)	Run self tests, using QUIC v2	2026-09-11T01:07:08.5706700Z === RUN   TestHTTPClientRequestContextCancellation/after_response
Integration (macos, Go 1.27.x)	Run self tests, using QUIC v2	2026-09-11T01:07:08.5707110Z --- PASS: TestHTTPClientRequestContextCancellation (0.05s)
Integration (macos, Go 1.27.x)	Run self tests, using QUIC v2	2026-09-11T01:07:08.5707710Z     --- PASS: TestHTTPClientRequestContextCancellation/before_response (0.05s)
Integration (macos, Go 1.27.x)	Run self tests, using QUIC v2	2026-09-11T01:07:08.5708340Z     --- PASS: TestHTTPClientRequestContextCancellation/after_response (0.00s)
Integration (macos, Go 1.27.x)	Run self tests, using QUIC v2	2026-09-11T01:07:08.5708760Z === RUN   TestHandshakeDiagnosticsLossObserver
Integration (macos, Go 1.27.x)	Run self tests, using QUIC v2	2026-09-11T01:07:08.5709100Z --- PASS: TestHandshakeDiagnosticsLossObserver (0.00s)
Integration (macos, Go 1.27.x)	Run self tests, using QUIC v2	2026-09-11T01:07:08.5709410Z === RUN   TestHandshakeDiagnosticsFailureReport
Integration (macos, Go 1.27.x)	Run self tests, using QUIC v2	2026-09-11T01:07:08.5709710Z --- PASS: TestHandshakeDiagnosticsFailureReport (0.00s)
Integration (macos, Go 1.27.x)	Run self tests, using QUIC v2	2026-09-11T01:07:08.5709990Z === RUN   Test0RTTRejectedWhenDisabled
Integration (macos, Go 1.27.x)	Run self tests, using QUIC v2	2026-09-11T01:07:08.5710380Z     zero_rtt_test.go:862: Sent 4 0-RTT packets.
Integration (macos, Go 1.27.x)	Run self tests, using QUIC v2	2026-09-11T01:07:08.5710640Z --- PASS: Test0RTTRejectedWhenDisabled (0.00s)
Integration (macos, Go 1.27.x)	Run self tests, using QUIC v2	2026-09-11T01:07:08.5710900Z === RUN   TestDrainServerAcceptQueue
Integration (macos, Go 1.27.x)	Run self tests, using QUIC v2	2026-09-11T01:07:08.6061330Z --- PASS: TestDrainServerAcceptQueue (0.11s)
Integration (macos, Go 1.27.x)	Run self tests, using QUIC v2	2026-09-11T01:07:08.6064250Z === RUN   TestHTTP0RTTWithChangedServerSettings
Integration (macos, Go 1.27.x)	Run self tests, using QUIC v2	2026-09-11T01:07:08.6068320Z === RUN   TestHTTP0RTTWithChangedServerSettings/increased
Integration (macos, Go 1.27.x)	Run self tests, using QUIC v2	2026-09-11T01:07:08.7637500Z === RUN   TestHTTP0RTTWithChangedServerSettings/decreased
Integration (macos, Go 1.27.x)	Run self tests, using QUIC v2	2026-09-11T01:07:08.9230900Z --- PASS: TestHTTP0RTTWithChangedServerSettings (0.32s)
Integration (macos, Go 1.27.x)	Run self tests, using QUIC v2	2026-09-11T01:07:08.9243710Z     --- PASS: TestHTTP0RTTWithChangedServerSettings/increased (0.16s)
Integration (macos, Go 1.27.x)	Run self tests, using QUIC v2	2026-09-11T01:07:08.9260450Z     --- PASS: TestHTTP0RTTWithChangedServerSettings/decreased (0.16s)
Integration (macos, Go 1.27.x)	Run self tests, using QUIC v2	2026-09-11T01:07:08.9273640Z === RUN   TestCorruptionDiagnosticsCleanup
Integration (macos, Go 1.27.x)	Run self tests, using QUIC v2	2026-09-11T01:07:08.9275130Z === RUN   TestCorruptionDiagnosticsCleanup/pass
Integration (macos, Go 1.27.x)	Run self tests, using QUIC v2	2026-09-11T01:07:09.5686560Z === RUN   TestCorruptionDiagnosticsCleanup/fail
Integration (macos, Go 1.27.x)	Run self tests, using QUIC v2	2026-09-11T01:07:12.9367760Z --- PASS: TestCorruptionDiagnosticsCleanup (4.01s)
Integration (macos, Go 1.27.x)	Run self tests, using QUIC v2	2026-09-11T01:07:12.9468970Z     --- PASS: TestCorruptionDiagnosticsCleanup/pass (0.65s)
Integration (macos, Go 1.27.x)	Run self tests, using QUIC v2	2026-09-11T01:07:12.9573000Z     --- PASS: TestCorruptionDiagnosticsCleanup/fail (3.37s)
Integration (macos, Go 1.27.x)	Run self tests, using QUIC v2	2026-09-11T01:07:12.9677630Z === RUN   TestHandshakeContextTimeout
Integration (macos, Go 1.27.x)	Run self tests, using QUIC v2	2026-09-11T01:07:13.0020200Z --- PASS: TestHandshakeContextTimeout (0.06s)
Integration (macos, Go 1.27.x)	Run self tests, using QUIC v2	2026-09-11T01:07:13.0123430Z === RUN   TestHTTPSettings
Integration (macos, Go 1.27.x)	Run self tests, using QUIC v2	2026-09-11T01:07:13.0227010Z === RUN   TestHTTPSettings/server_settings
Integration (macos, Go 1.27.x)	Run self tests, using QUIC v2	2026-09-11T01:07:13.0351030Z === RUN   TestHTTPSettings/client_settings
Integration (macos, Go 1.27.x)	Run self tests, using QUIC v2	2026-09-11T01:07:13.0431780Z --- PASS: TestHTTPSettings (0.01s)
Integration (macos, Go 1.27.x)	Run self tests, using QUIC v2	2026-09-11T01:07:13.0533390Z     --- PASS: TestHTTPSettings/server_settings (0.00s)
Integration (macos, Go 1.27.x)	Run self tests, using QUIC v2	2026-09-11T01:07:13.0633840Z     --- PASS: TestHTTPSettings/client_settings (0.00s)
Integration (macos, Go 1.27.x)	Run self tests, using QUIC v2	2026-09-11T01:07:13.0736180Z === RUN   TestGracefulShutdownPendingStreams
Integration (macos, Go 1.27.x)	Run self tests, using QUIC v2	2026-09-11T01:07:13.7727450Z --- PASS: TestGracefulShutdownPendingStreams (0.76s)
Integration (macos, Go 1.27.x)	Run self tests, using QUIC v2	2026-09-11T01:07:13.7829350Z === RUN   Test0RTTRejectedOnDatagramsDisabled
Integration (macos, Go 1.27.x)	Run self tests, using QUIC v2	2026-09-11T01:07:13.7932320Z     zero_rtt_test.go:905: Sent 4 0-RTT packets.
Integration (macos, Go 1.27.x)	Run self tests, using QUIC v2	2026-09-11T01:07:13.8048620Z --- PASS: Test0RTTRejectedOnDatagramsDisabled (0.00s)
Integration (macos, Go 1.27.x)	Run self tests, using QUIC v2	2026-09-11T01:07:13.8149970Z === RUN   TestHandshake
Integration (macos, Go 1.27.x)	Run self tests, using QUIC v2	2026-09-11T01:07:13.8297890Z === RUN   TestHandshake/short_cert_chain
Integration (macos, Go 1.27.x)	Run self tests, using QUIC v2	2026-09-11T01:07:13.8433050Z === RUN   TestHandshake/long_cert_chain
Integration (macos, Go 1.27.x)	Run self tests, using QUIC v2	2026-09-11T01:07:13.8536790Z --- PASS: TestHandshake (0.01s)
Integration (macos, Go 1.27.x)	Run self tests, using QUIC v2	2026-09-11T01:07:13.8537690Z     --- PASS: TestHandshake/short_cert_chain (0.00s)
Integration (macos, Go 1.27.x)	Run self tests, using QUIC v2	2026-09-11T01:07:13.8645010Z     --- PASS: TestHandshake/long_cert_chain (0.00s)
Integration (macos, Go 1.27.x)	Run self tests, using QUIC v2	2026-09-11T01:07:13.8733380Z === RUN   TestHTTPRemoteAddrContextKey
Integration (macos, Go 1.27.x)	Run self tests, using QUIC v2	2026-09-11T01:07:13.8739960Z --- PASS: TestHTTPRemoteAddrContextKey (0.00s)
Integration (macos, Go 1.27.x)	Run self tests, using QUIC v2	2026-09-11T01:07:13.8777140Z === RUN   TestCorruptionCaptureIncompleteRecords
Integration (macos, Go 1.27.x)	Run self tests, using QUIC v2	2026-09-11T01:07:13.8783210Z === RUN   TestCorruptionCaptureIncompleteRecords/oversized_event
Integration (macos, Go 1.27.x)	Run self tests, using QUIC v2	2026-09-11T01:07:13.8888830Z === RUN   TestCorruptionCaptureIncompleteRecords/failed_file_write
Integration (macos, Go 1.27.x)	Run self tests, using QUIC v2	2026-09-11T01:07:13.9035000Z corruption capture write failed: path=/var/folders/36/tjdph2t965j8snz9_vkdnw0r0000gn/T/TestCorruptionCaptureIncompleteRecords889690041/001/handshake-982232793.jsonl error=write /var/folders/36/tjdph2t965j8snz9_vkdnw0r0000gn/T/TestCorruptionCaptureIncompleteRecords889690041/001/handshake-982232793.jsonl: file already closed
Integration (macos, Go 1.27.x)	Run self tests, using QUIC v2	2026-09-11T01:07:13.9209310Z     corruption_capture_helper_test.go:64: corruption capture: path=/var/folders/36/tjdph2t965j8snz9_vkdnw0r0000gn/T/TestCorruptionCaptureIncompleteRecords889690041/001/handshake-982232793.jsonl dropped=0 error=write /var/folders/36/tjdph2t965j8snz9_vkdnw0r0000gn/T/TestCorruptionCaptureIncompleteRecords889690041/001/handshake-982232793.jsonl: file already closed
Integration (macos, Go 1.27.x)	Run self tests, using QUIC v2	2026-09-11T01:07:13.9858870Z --- PASS: TestCorruptionCaptureIncompleteRecords (0.03s)
Integration (macos, Go 1.27.x)	Run self tests, using QUIC v2	2026-09-11T01:07:13.9993720Z     --- PASS: TestCorruptionCaptureIncompleteRecords/oversized_event (0.01s)
Integration (macos, Go 1.27.x)	Run self tests, using QUIC v2	2026-09-11T01:07:14.0097610Z     --- PASS: TestCorruptionCaptureIncompleteRecords/failed_file_write (0.01s)
Integration (macos, Go 1.27.x)	Run self tests, using QUIC v2	2026-09-11T01:07:14.0203550Z === RUN   TestHTTPHeaderSizeLimitServer
Integration (macos, Go 1.27.x)	Run self tests, using QUIC v2	2026-09-11T01:07:14.0307370Z === RUN   TestHTTPHeaderSizeLimitServer/large_HEADERS_frame
Integration (macos, Go 1.27.x)	Run self tests, using QUIC v2	2026-09-11T01:07:14.0410940Z === RUN   TestHTTPHeaderSizeLimitServer/large_decompressed_HEADERS_frame
Integration (macos, Go 1.27.x)	Run self tests, using QUIC v2	2026-09-11T01:07:14.0514200Z --- PASS: TestHTTPHeaderSizeLimitServer (0.01s)
Integration (macos, Go 1.27.x)	Run self tests, using QUIC v2	2026-09-11T01:07:14.0616580Z     --- PASS: TestHTTPHeaderSizeLimitServer/large_HEADERS_frame (0.00s)
Integration (macos, Go 1.27.x)	Run self tests, using QUIC v2	2026-09-11T01:07:14.0686790Z     --- PASS: TestHTTPHeaderSizeLimitServer/large_decompressed_HEADERS_frame (0.00s)
Integration (macos, Go 1.27.x)	Run self tests, using QUIC v2	2026-09-11T01:07:14.0690070Z === RUN   TestTokensFromNewTokenFrames
Integration (macos, Go 1.27.x)	Run self tests, using QUIC v2	2026-09-11T01:07:14.0797080Z === RUN   TestTokensFromNewTokenFrames/MaxTokenAge:_1_hour
Integration (macos, Go 1.27.x)	Run self tests, using QUIC v2	2026-09-11T01:07:14.0806080Z === RUN   TestTokensFromNewTokenFrames/MaxTokenAge:_default
Integration (macos, Go 1.27.x)	Run self tests, using QUIC v2	2026-09-11T01:07:14.0815630Z === RUN   TestTokensFromNewTokenFrames/MaxTokenAge:_very_short
Integration (macos, Go 1.27.x)	Run self tests, using QUIC v2	2026-09-11T01:07:14.0857330Z --- PASS: TestTokensFromNewTokenFrames (0.08s)
Integration (macos, Go 1.27.x)	Run self tests, using QUIC v2	2026-09-11T01:07:14.0863430Z     --- PASS: TestTokensFromNewTokenFrames/MaxTokenAge:_1_hour (0.03s)
Integration (macos, Go 1.27.x)	Run self tests, using QUIC v2	2026-09-11T01:07:14.0868790Z     --- PASS: TestTokensFromNewTokenFrames/MaxTokenAge:_default (0.02s)
Integration (macos, Go 1.27.x)	Run self tests, using QUIC v2	2026-09-11T01:07:14.0872940Z     --- PASS: TestTokensFromNewTokenFrames/MaxTokenAge:_very_short (0.02s)
Integration (macos, Go 1.27.x)	Run self tests, using QUIC v2	2026-09-11T01:07:14.0874230Z === RUN   TestHTTPStreamer
Integration (macos, Go 1.27.x)	Run self tests, using QUIC v2	2026-09-11T01:07:14.0876430Z --- PASS: TestHTTPStreamer (0.02s)
Integration (macos, Go 1.27.x)	Run self tests, using QUIC v2	2026-09-11T01:07:14.0886410Z === RUN   TestServerAcceptQueueOverflow
Integration (macos, Go 1.27.x)	Run self tests, using QUIC v2	2026-09-11T01:07:14.1735810Z --- PASS: TestServerAcceptQueueOverflow (0.27s)
Integration (macos, Go 1.27.x)	Run self tests, using QUIC v2	2026-09-11T01:07:14.1922220Z === RUN   TestHTTPDatagrams
Integration (macos, Go 1.27.x)	Run self tests, using QUIC v2	2026-09-11T01:07:14.1938980Z --- PASS: TestHTTPDatagrams (0.00s)
Integration (macos, Go 1.27.x)	Run self tests, using QUIC v2	2026-09-11T01:07:14.2042800Z === RUN   TestQlogDirEnvironmentVariable
Integration (macos, Go 1.27.x)	Run self tests, using QUIC v2	2026-09-11T01:07:14.2198530Z --- PASS: TestQlogDirEnvironmentVariable (0.03s)
Integration (macos, Go 1.27.x)	Run self tests, using QUIC v2	2026-09-11T01:07:14.2306640Z === RUN   TestHandshakeRTTHelloRetryRequest
Integration (macos, Go 1.27.x)	Run self tests, using QUIC v2	2026-09-11T01:07:14.2411960Z --- PASS: TestHandshakeRTTHelloRetryRequest (0.00s)
Integration (macos, Go 1.27.x)	Run self tests, using QUIC v2	2026-09-11T01:07:14.2522390Z === RUN   TestHandshakeMTUFallback
Integration (macos, Go 1.27.x)	Run self tests, using QUIC v2	2026-09-11T01:07:14.2667750Z === RUN   TestHandshakeMTUFallback/client
Integration (macos, Go 1.27.x)	Run self tests, using QUIC v2	2026-09-11T01:07:14.4277510Z     handshake_mtu_test.go:48: client rejected oversized writes: 2
Integration (macos, Go 1.27.x)	Run self tests, using QUIC v2	2026-09-11T01:07:14.4298060Z === RUN   TestHandshakeMTUFallback/server
Integration (macos, Go 1.27.x)	Run self tests, using QUIC v2	2026-09-11T01:07:14.6515340Z     handshake_mtu_test.go:48: server rejected oversized writes: 4
Integration (macos, Go 1.27.x)	Run self tests, using QUIC v2	2026-09-11T01:07:14.6651560Z --- PASS: TestHandshakeMTUFallback (0.43s)
Integration (macos, Go 1.27.x)	Run self tests, using QUIC v2	2026-09-11T01:07:14.6800810Z     --- PASS: TestHandshakeMTUFallback/client (0.22s)
Integration (macos, Go 1.27.x)	Run self tests, using QUIC v2	2026-09-11T01:07:14.6922990Z     --- PASS: TestHandshakeMTUFallback/server (0.22s)
Integration (macos, Go 1.27.x)	Run self tests, using QUIC v2	2026-09-11T01:07:14.7053000Z === RUN   TestCorruptionCaptureOverflow
Integration (macos, Go 1.27.x)	Run self tests, using QUIC v2	2026-09-11T01:07:15.0823010Z --- PASS: TestCorruptionCaptureOverflow (0.43s)
Integration (macos, Go 1.27.x)	Run self tests, using QUIC v2	2026-09-11T01:07:15.0924770Z === RUN   TestHandshakeExplicitVersions
Integration (macos, Go 1.27.x)	Run self tests, using QUIC v2	2026-09-11T01:07:15.1026380Z === RUN   TestHandshakeExplicitVersions/v1
Integration (macos, Go 1.27.x)	Run self tests, using QUIC v2	2026-09-11T01:07:15.1127770Z === RUN   TestHandshakeExplicitVersions/v2
Integration (macos, Go 1.27.x)	Run self tests, using QUIC v2	2026-09-11T01:07:15.1228450Z --- PASS: TestHandshakeExplicitVersions (0.01s)
Integration (macos, Go 1.27.x)	Run self tests, using QUIC v2	2026-09-11T01:07:15.1330860Z     --- PASS: TestHandshakeExplicitVersions/v1 (0.00s)
Integration (macos, Go 1.27.x)	Run self tests, using QUIC v2	2026-09-11T01:07:15.1581380Z     --- PASS: TestHandshakeExplicitVersions/v2 (0.00s)
Integration (macos, Go 1.27.x)	Run self tests, using QUIC v2	2026-09-11T01:07:15.1683500Z === RUN   TestHTTP3StreamPriority
Integration (macos, Go 1.27.x)	Run self tests, using QUIC v2	2026-09-11T01:07:15.1790780Z === RUN   TestHTTP3StreamPriority/incremental_streams_use_urgency_and_round_robin
Integration (macos, Go 1.27.x)	Run self tests, using QUIC v2	2026-09-11T01:07:15.1892660Z === RUN   TestHTTP3StreamPriority/non-incremental_streams_use_stream_ID
Integration (macos, Go 1.27.x)	Run self tests, using QUIC v2	2026-09-11T01:07:15.2004560Z --- PASS: TestHTTP3StreamPriority (0.02s)
Integration (macos, Go 1.27.x)	Run self tests, using QUIC v2	2026-09-11T01:07:15.2144480Z     --- PASS: TestHTTP3StreamPriority/incremental_streams_use_urgency_and_round_robin (0.01s)
Integration (macos, Go 1.27.x)	Run self tests, using QUIC v2	2026-09-11T01:07:15.2252300Z     --- PASS: TestHTTP3StreamPriority/non-incremental_streams_use_stream_ID (0.01s)
Integration (macos, Go 1.27.x)	Run self tests, using QUIC v2	2026-09-11T01:07:15.2356120Z === RUN   TestHTTPConnContext
Integration (macos, Go 1.27.x)	Run self tests, using QUIC v2	2026-09-11T01:07:15.2463720Z --- PASS: TestHTTPConnContext (0.00s)
Integration (macos, Go 1.27.x)	Run self tests, using QUIC v2	2026-09-11T01:07:15.2488230Z === RUN   TestTimeoutReaderJoinsClose
Integration (macos, Go 1.27.x)	Run self tests, using QUIC v2	2026-09-11T01:07:15.2493500Z --- PASS: TestTimeoutReaderJoinsClose (0.00s)
Integration (macos, Go 1.27.x)	Run self tests, using QUIC v2	2026-09-11T01:07:15.2556630Z === RUN   TestWriteDeadlineAsync
Integration (macos, Go 1.27.x)	Run self tests, using QUIC v2	2026-09-11T01:07:15.4461180Z --- PASS: TestWriteDeadlineAsync (0.34s)
Integration (macos, Go 1.27.x)	Run self tests, using QUIC v2	2026-09-11T01:07:15.4588230Z === RUN   TestMITMInjectRandomPackets
Integration (macos, Go 1.27.x)	Run self tests, using QUIC v2	2026-09-11T01:07:15.4689810Z === RUN   TestMITMInjectRandomPackets/towards_the_server
Integration (macos, Go 1.27.x)	Run self tests, using QUIC v2	2026-09-11T01:07:15.7039400Z === RUN   TestMITMInjectRandomPackets/towards_the_client
Integration (macos, Go 1.27.x)	Run self tests, using QUIC v2	2026-09-11T01:07:15.9332450Z --- PASS: TestMITMInjectRandomPackets (0.49s)
Integration (macos, Go 1.27.x)	Run self tests, using QUIC v2	2026-09-11T01:07:15.9446990Z     --- PASS: TestMITMInjectRandomPackets/towards_the_server (0.27s)
Integration (macos, Go 1.27.x)	Run self tests, using QUIC v2	2026-09-11T01:07:15.9641100Z     --- PASS: TestMITMInjectRandomPackets/towards_the_client (0.22s)
Integration (macos, Go 1.27.x)	Run self tests, using QUIC v2	2026-09-11T01:07:15.9659280Z === RUN   TestPathMTUDiscoverySnapshot
Integration (macos, Go 1.27.x)	Run self tests, using QUIC v2	2026-09-11T01:07:15.9772360Z     mtu_snapshot_test.go:97: MTU event=1326, DATAGRAM limit during ACK=1163
Integration (macos, Go 1.27.x)	Run self tests, using QUIC v2	2026-09-11T01:07:15.9891650Z     mtu_snapshot_test.go:105: after close: MTU=1326, DATAGRAM limit=1289
Integration (macos, Go 1.27.x)	Run self tests, using QUIC v2	2026-09-11T01:07:16.0004850Z --- PASS: TestPathMTUDiscoverySnapshot (0.01s)
Integration (macos, Go 1.27.x)	Run self tests, using QUIC v2	2026-09-11T01:07:16.0111900Z === RUN   Test0RTTPacketQueueing
Integration (macos, Go 1.27.x)	Run self tests, using QUIC v2	2026-09-11T01:07:16.0240320Z --- PASS: Test0RTTPacketQueueing (0.00s)
Integration (macos, Go 1.27.x)	Run self tests, using QUIC v2	2026-09-11T01:07:16.0322440Z === RUN   TestCorruptionCaptureHandshakePrefix
Integration (macos, Go 1.27.x)	Run self tests, using QUIC v2	2026-09-11T01:07:16.0424200Z --- PASS: TestCorruptionCaptureHandshakePrefix (0.01s)
Integration (macos, Go 1.27.x)	Run self tests, using QUIC v2	2026-09-11T01:07:16.0472670Z === RUN   TestHandshakeIdleTimeout
Integration (macos, Go 1.27.x)	Run self tests, using QUIC v2	2026-09-11T01:07:16.0474590Z === RUN   TestHandshakeIdleTimeout/Dial
Integration (macos, Go 1.27.x)	Run self tests, using QUIC v2	2026-09-11T01:07:16.0475160Z === RUN   TestHandshakeIdleTimeout/DialEarly
Integration (macos, Go 1.27.x)	Run self tests, using QUIC v2	2026-09-11T01:07:16.0475600Z --- PASS: TestHandshakeIdleTimeout (0.00s)
Integration (macos, Go 1.27.x)	Run self tests, using QUIC v2	2026-09-11T01:07:16.0476150Z     --- PASS: TestHandshakeIdleTimeout/Dial (0.00s)
Integration (macos, Go 1.27.x)	Run self tests, using QUIC v2	2026-09-11T01:07:16.0478350Z     --- PASS: TestHandshakeIdleTimeout/DialEarly (0.00s)
Integration (macos, Go 1.27.x)	Run self tests, using QUIC v2	2026-09-11T01:07:16.0478920Z === RUN   TestHandshakeDiagnosticsBoundedTrace
Integration (macos, Go 1.27.x)	Run self tests, using QUIC v2	2026-09-11T01:07:16.0479570Z --- PASS: TestHandshakeDiagnosticsBoundedTrace (0.00s)
Integration (macos, Go 1.27.x)	Run self tests, using QUIC v2	2026-09-11T01:07:16.0480100Z === RUN   TestInitialPacketSize
Integration (macos, Go 1.27.x)	Run self tests, using QUIC v2	2026-09-11T01:07:16.0480550Z --- PASS: TestInitialPacketSize (0.00s)
Integration (macos, Go 1.27.x)	Run self tests, using QUIC v2	2026-09-11T01:07:16.0481030Z === RUN   TestHTTPContextFromQUIC
Integration (macos, Go 1.27.x)	Run self tests, using QUIC v2	2026-09-11T01:07:16.0481440Z --- PASS: TestHTTPContextFromQUIC (0.00s)
Integration (macos, Go 1.27.x)	Run self tests, using QUIC v2	2026-09-11T01:07:16.0481870Z FAIL
Integration (macos, Go 1.27.x)	Run self tests, using QUIC v2	2026-09-11T01:07:16.0482390Z FAIL	github.com/quic-go/quic-go/integrationtests/self	35.987s
Integration (macos, Go 1.27.x)	Run self tests, using QUIC v2	2026-09-11T01:07:16.0482970Z FAIL
Integration (macos, Go 1.27.x)	Run self tests, using QUIC v2	2026-09-11T01:07:16.0528640Z ##[error]Process completed with exit code 1.
Integration (macos, Go 1.27.x)	Save corruption failure captures	﻿2026-09-11T01:07:16.0825430Z ##[group]Run actions/upload-artifact@v7
Integration (macos, Go 1.27.x)	Save corruption failure captures	2026-09-11T01:07:16.0825690Z with:
Integration (macos, Go 1.27.x)	Save corruption failure captures	2026-09-11T01:07:16.0825860Z   name: corruption-macos-go1.27.x-racefalse
Integration (macos, Go 1.27.x)	Save corruption failure captures	2026-09-11T01:07:16.0826140Z   path: /Users/runner/work/_temp/quic-go-corruption/*.jsonl
Integration (macos, Go 1.27.x)	Save corruption failure captures	2026-09-11T01:07:16.0826410Z   if-no-files-found: ignore
Integration (macos, Go 1.27.x)	Save corruption failure captures	2026-09-11T01:07:16.0826580Z   retention-days: 14
Integration (macos, Go 1.27.x)	Save corruption failure captures	2026-09-11T01:07:16.0826740Z   compression-level: 6
Integration (macos, Go 1.27.x)	Save corruption failure captures	2026-09-11T01:07:16.0826920Z   overwrite: false
Integration (macos, Go 1.27.x)	Save corruption failure captures	2026-09-11T01:07:16.0827110Z   include-hidden-files: false
Integration (macos, Go 1.27.x)	Save corruption failure captures	2026-09-11T01:07:16.0827290Z   archive: true
Integration (macos, Go 1.27.x)	Save corruption failure captures	2026-09-11T01:07:16.0827420Z env:
Integration (macos, Go 1.27.x)	Save corruption failure captures	2026-09-11T01:07:16.0827540Z   DEBUG: false
Integration (macos, Go 1.27.x)	Save corruption failure captures	2026-09-11T01:07:16.0827680Z   TIMESCALE_FACTOR: 3
Integration (macos, Go 1.27.x)	Save corruption failure captures	2026-09-11T01:07:16.0827940Z   QUIC_GO_CORRUPTION_CAPTURE_DIR: /Users/runner/work/_temp/quic-go-corruption
Integration (macos, Go 1.27.x)	Save corruption failure captures	2026-09-11T01:07:16.0828250Z   GOTOOLCHAIN: local
Integration (macos, Go 1.27.x)	Save corruption failure captures	2026-09-11T01:07:16.0828390Z ##[endgroup]
Integration (macos, Go 1.27.x)	Save corruption failure captures	2026-09-11T01:07:16.7757130Z No files were found with the provided path: /Users/runner/work/_temp/quic-go-corruption/*.jsonl. No artifacts will be uploaded.
Integration (macos, Go 1.27.x)	Upload report to Codecov	﻿2026-09-11T01:07:16.8243550Z ##[group]Run codecov/codecov-action@fb8b3582c8e4def4969c97caa2f19720cb33a72f
Integration (macos, Go 1.27.x)	Upload report to Codecov	2026-09-11T01:07:16.8244660Z with:
Integration (macos, Go 1.27.x)	Upload report to Codecov	2026-09-11T01:07:16.8245200Z   report_type: test_results
Integration (macos, Go 1.27.x)	Upload report to Codecov	2026-09-11T01:07:16.8245690Z   name: Unit tests
Integration (macos, Go 1.27.x)	Upload report to Codecov	2026-09-11T01:07:16.8246930Z   files: report_tools.xml,report_versionnegotiation.xml,report_self.xml,report_self_v2.xml,report_self_nogso.xml,report_self_noecn.xml,report_fips.xml
Integration (macos, Go 1.27.x)	Upload report to Codecov	2026-09-11T01:07:16.8248390Z   env_vars: OS,GO
Integration (macos, Go 1.27.x)	Upload report to Codecov	2026-09-11T01:07:16.8248830Z   disable_file_fixes: false
Integration (macos, Go 1.27.x)	Upload report to Codecov	2026-09-11T01:07:16.8249320Z   disable_search: false
Integration (macos, Go 1.27.x)	Upload report to Codecov	2026-09-11T01:07:16.8249790Z   disable_safe_directory: false
Integration (macos, Go 1.27.x)	Upload report to Codecov	2026-09-11T01:07:16.8250300Z   disable_telem: false
Integration (macos, Go 1.27.x)	Upload report to Codecov	2026-09-11T01:07:16.8250730Z   dry_run: false
Integration (macos, Go 1.27.x)	Upload report to Codecov	2026-09-11T01:07:16.8251150Z   fail_ci_if_error: false
Integration (macos, Go 1.27.x)	Upload report to Codecov	2026-09-11T01:07:16.8251620Z   git_service: github
Integration (macos, Go 1.27.x)	Upload report to Codecov	2026-09-11T01:07:16.8252060Z   gcov_executable: gcov
Integration (macos, Go 1.27.x)	Upload report to Codecov	2026-09-11T01:07:16.8253100Z   handle_no_reports_found: false
Integration (macos, Go 1.27.x)	Upload report to Codecov	2026-09-11T01:07:16.8253760Z   recurse_submodules: false
Integration (macos, Go 1.27.x)	Upload report to Codecov	2026-09-11T01:07:16.8254040Z   run_command: upload-coverage
Integration (macos, Go 1.27.x)	Upload report to Codecov	2026-09-11T01:07:16.8254290Z   skip_validation: false
Integration (macos, Go 1.27.x)	Upload report to Codecov	2026-09-11T01:07:16.8254520Z   use_legacy_upload_endpoint: false
Integration (macos, Go 1.27.x)	Upload report to Codecov	2026-09-11T01:07:16.8254740Z   use_oidc: false
Integration (macos, Go 1.27.x)	Upload report to Codecov	2026-09-11T01:07:16.8254880Z   use_pypi: false
Integration (macos, Go 1.27.x)	Upload report to Codecov	2026-09-11T01:07:16.8255030Z   verbose: false
Integration (macos, Go 1.27.x)	Upload report to Codecov	2026-09-11T01:07:16.8255170Z   version: latest
Integration (macos, Go 1.27.x)	Upload report to Codecov	2026-09-11T01:07:16.8255470Z env:
Integration (macos, Go 1.27.x)	Upload report to Codecov	2026-09-11T01:07:16.8257030Z   DEBUG: false
Integration (macos, Go 1.27.x)	Upload report to Codecov	2026-09-11T01:07:16.8257170Z   TIMESCALE_FACTOR: 3
Integration (macos, Go 1.27.x)	Upload report to Codecov	2026-09-11T01:07:16.8257450Z   QUIC_GO_CORRUPTION_CAPTURE_DIR: /Users/runner/work/_temp/quic-go-corruption
Integration (macos, Go 1.27.x)	Upload report to Codecov	2026-09-11T01:07:16.8257760Z   GOTOOLCHAIN: local
Integration (macos, Go 1.27.x)	Upload report to Codecov	2026-09-11T01:07:16.8257910Z ##[endgroup]
Integration (macos, Go 1.27.x)	Upload report to Codecov	2026-09-11T01:07:16.8333260Z ##[start-action display=Check system dependencies;id=__codecov_codecov-action.__run]
Integration (macos, Go 1.27.x)	Upload report to Codecov	2026-09-11T01:07:16.8371960Z ##[group]Run missing_deps=""
Integration (macos, Go 1.27.x)	Upload report to Codecov	2026-09-11T01:07:16.8372230Z ^[[36;1mmissing_deps=""^[[0m
Integration (macos, Go 1.27.x)	Upload report to Codecov	2026-09-11T01:07:16.8372390Z ^[[36;1m^[[0m
Integration (macos, Go 1.27.x)	Upload report to Codecov	2026-09-11T01:07:16.8372560Z ^[[36;1m# Check for always-required commands^[[0m
Integration (macos, Go 1.27.x)	Upload report to Codecov	2026-09-11T01:07:16.8372820Z ^[[36;1mfor cmd in bash git curl; do^[[0m
Integration (macos, Go 1.27.x)	Upload report to Codecov	2026-09-11T01:07:16.8373130Z ^[[36;1m  if ! command -v "$cmd" >/dev/null 2>&1; then^[[0m
Integration (macos, Go 1.27.x)	Upload report to Codecov	2026-09-11T01:07:16.8373410Z ^[[36;1m    missing_deps="$missing_deps $cmd"^[[0m
Integration (macos, Go 1.27.x)	Upload report to Codecov	2026-09-11T01:07:16.8373670Z ^[[36;1m  fi^[[0m
Integration (macos, Go 1.27.x)	Upload report to Codecov	2026-09-11T01:07:16.8373840Z ^[[36;1mdone^[[0m
Integration (macos, Go 1.27.x)	Upload report to Codecov	2026-09-11T01:07:16.8373980Z ^[[36;1m^[[0m
Integration (macos, Go 1.27.x)	Upload report to Codecov	2026-09-11T01:07:16.8374220Z ^[[36;1m# Check for gpg only if validation is not being skipped^[[0m
Integration (macos, Go 1.27.x)	Upload report to Codecov	2026-09-11T01:07:16.8374580Z ^[[36;1mif [ "$INPUT_SKIP_VALIDATION" != "true" ]; then^[[0m
Integration (macos, Go 1.27.x)	Upload report to Codecov	2026-09-11T01:07:16.8374860Z ^[[36;1m  if ! command -v gpg >/dev/null 2>&1; then^[[0m
Integration (macos, Go 1.27.x)	Upload report to Codecov	2026-09-11T01:07:16.8375110Z ^[[36;1m    missing_deps="$missing_deps gpg"^[[0m
Integration (macos, Go 1.27.x)	Upload report to Codecov	2026-09-11T01:07:16.8375320Z ^[[36;1m  fi^[[0m
Integration (macos, Go 1.27.x)	Upload report to Codecov	2026-09-11T01:07:16.8375450Z ^[[36;1mfi^[[0m
Integration (macos, Go 1.27.x)	Upload report to Codecov	2026-09-11T01:07:16.8375580Z ^[[36;1m^[[0m
Integration (macos, Go 1.27.x)	Upload report to Codecov	2026-09-11T01:07:16.8375740Z ^[[36;1m# Report missing required dependencies^[[0m
Integration (macos, Go 1.27.x)	Upload report to Codecov	2026-09-11T01:07:16.8376030Z ^[[36;1mif [ -n "$missing_deps" ]; then^[[0m
Integration (macos, Go 1.27.x)	Upload report to Codecov	2026-09-11T01:07:16.8376380Z ^[[36;1m  echo "Error: The following required dependencies are missing:$missing_deps"^[[0m
Integration (macos, Go 1.27.x)	Upload report to Codecov	2026-09-11T01:07:16.8376810Z ^[[36;1m  echo "Please install these dependencies before using this action."^[[0m
Integration (macos, Go 1.27.x)	Upload report to Codecov	2026-09-11T01:07:16.8377100Z ^[[36;1m  exit 1^[[0m
Integration (macos, Go 1.27.x)	Upload report to Codecov	2026-09-11T01:07:16.8377250Z ^[[36;1mfi^[[0m
Integration (macos, Go 1.27.x)	Upload report to Codecov	2026-09-11T01:07:16.8377400Z ^[[36;1m^[[0m
Integration (macos, Go 1.27.x)	Upload report to Codecov	2026-09-11T01:07:16.8377650Z ^[[36;1mecho "All required system dependencies are available."^[[0m
Integration (macos, Go 1.27.x)	Upload report to Codecov	2026-09-11T01:07:16.8449510Z shell: /bin/sh -e {0}
Integration (macos, Go 1.27.x)	Upload report to Codecov	2026-09-11T01:07:16.8449750Z env:
Integration (macos, Go 1.27.x)	Upload report to Codecov	2026-09-11T01:07:16.8449930Z   DEBUG: false
Integration (macos, Go 1.27.x)	Upload report to Codecov	2026-09-11T01:07:16.8450090Z   TIMESCALE_FACTOR: 3
Integration (macos, Go 1.27.x)	Upload report to Codecov	2026-09-11T01:07:16.8450370Z   QUIC_GO_CORRUPTION_CAPTURE_DIR: /Users/runner/work/_temp/quic-go-corruption
Integration (macos, Go 1.27.x)	Upload report to Codecov	2026-09-11T01:07:16.8450670Z   GOTOOLCHAIN: local
Integration (macos, Go 1.27.x)	Upload report to Codecov	2026-09-11T01:07:16.8450840Z   INPUT_SKIP_VALIDATION: false
Integration (macos, Go 1.27.x)	Upload report to Codecov	2026-09-11T01:07:16.8451680Z ##[endgroup]
Integration (macos, Go 1.27.x)	Upload report to Codecov	2026-09-11T01:07:16.9160770Z All required system dependencies are available.
Integration (macos, Go 1.27.x)	Upload report to Codecov	2026-09-11T01:07:16.9188280Z ##[end-action id=__codecov_codecov-action.__run;outcome=success;conclusion=success;duration_ms=85]
Integration (macos, Go 1.27.x)	Upload report to Codecov	2026-09-11T01:07:16.9195740Z ##[start-action display=Action version;id=__codecov_codecov-action.__run_2]
Integration (macos, Go 1.27.x)	Upload report to Codecov	2026-09-11T01:07:16.9253240Z ##[group]Run CC_ACTION_VERSION=$(cat ${GITHUB_ACTION_PATH}/src/version)
Integration (macos, Go 1.27.x)	Upload report to Codecov	2026-09-11T01:07:16.9253730Z ^[[36;1mCC_ACTION_VERSION=$(cat ${GITHUB_ACTION_PATH}/src/version)^[[0m
Integration (macos, Go 1.27.x)	Upload report to Codecov	2026-09-11T01:07:16.9254140Z ^[[36;1mecho -e "\033[0;32m==>\033[0m Running Action version $CC_ACTION_VERSION"^[[0m
Integration (macos, Go 1.27.x)	Upload report to Codecov	2026-09-11T01:07:16.9290210Z shell: /bin/bash --noprofile --norc -e -o pipefail {0}
Integration (macos, Go 1.27.x)	Upload report to Codecov	2026-09-11T01:07:16.9290540Z env:
Integration (macos, Go 1.27.x)	Upload report to Codecov	2026-09-11T01:07:16.9290690Z   DEBUG: false
Integration (macos, Go 1.27.x)	Upload report to Codecov	2026-09-11T01:07:16.9290880Z   TIMESCALE_FACTOR: 3
Integration (macos, Go 1.27.x)	Upload report to Codecov	2026-09-11T01:07:16.9291160Z   QUIC_GO_CORRUPTION_CAPTURE_DIR: /Users/runner/work/_temp/quic-go-corruption
Integration (macos, Go 1.27.x)	Upload report to Codecov	2026-09-11T01:07:16.9291590Z   GOTOOLCHAIN: local
Integration (macos, Go 1.27.x)	Upload report to Codecov	2026-09-11T01:07:16.9291770Z ##[endgroup]
Integration (macos, Go 1.27.x)	Upload report to Codecov	2026-09-11T01:07:17.0022190Z ^[[0;32m==>^[[0m Running Action version 7.0.0
Integration (macos, Go 1.27.x)	Upload report to Codecov	2026-09-11T01:07:17.0032310Z ##[end-action id=__codecov_codecov-action.__run_2;outcome=success;conclusion=success;duration_ms=83]
Integration (macos, Go 1.27.x)	Upload report to Codecov	2026-09-11T01:07:17.0034600Z ##[start-action display=Set safe directory;id=__codecov_codecov-action.__run_3]
Integration (macos, Go 1.27.x)	Upload report to Codecov	2026-09-11T01:07:17.0079250Z ##[group]Run git config --global --add safe.directory "/Users/runner/work/quic-go-fast/quic-go-fast"
Integration (macos, Go 1.27.x)	Upload report to Codecov	2026-09-11T01:07:17.0080300Z ^[[36;1mgit config --global --add safe.directory "/Users/runner/work/quic-go-fast/quic-go-fast"^[[0m
Integration (macos, Go 1.27.x)	Upload report to Codecov	2026-09-11T01:07:17.0082090Z ^[[36;1mgit config --global --add safe.directory "$GITHUB_WORKSPACE"^[[0m
Integration (macos, Go 1.27.x)	Upload report to Codecov	2026-09-11T01:07:17.0145240Z shell: /bin/bash --noprofile --norc -e -o pipefail {0}
Integration (macos, Go 1.27.x)	Upload report to Codecov	2026-09-11T01:07:17.0145610Z env:
Integration (macos, Go 1.27.x)	Upload report to Codecov	2026-09-11T01:07:17.0145810Z   DEBUG: false
Integration (macos, Go 1.27.x)	Upload report to Codecov	2026-09-11T01:07:17.0145990Z   TIMESCALE_FACTOR: 3
Integration (macos, Go 1.27.x)	Upload report to Codecov	2026-09-11T01:07:17.0146330Z   QUIC_GO_CORRUPTION_CAPTURE_DIR: /Users/runner/work/_temp/quic-go-corruption
Integration (macos, Go 1.27.x)	Upload report to Codecov	2026-09-11T01:07:17.0146710Z   GOTOOLCHAIN: local
Integration (macos, Go 1.27.x)	Upload report to Codecov	2026-09-11T01:07:17.0146900Z ##[endgroup]
Integration (macos, Go 1.27.x)	Upload report to Codecov	2026-09-11T01:07:17.1148580Z ##[end-action id=__codecov_codecov-action.__run_3;outcome=success;conclusion=success;duration_ms=111]
Integration (macos, Go 1.27.x)	Upload report to Codecov	2026-09-11T01:07:17.1152980Z ##[start-action display=Set fork;id=__codecov_codecov-action.__run_4]
Integration (macos, Go 1.27.x)	Upload report to Codecov	2026-09-11T01:07:17.1190180Z ##[group]Run CC_FORK="false"
Integration (macos, Go 1.27.x)	Upload report to Codecov	2026-09-11T01:07:17.1190890Z ^[[36;1mCC_FORK="false"^[[0m
Integration (macos, Go 1.27.x)	Upload report to Codecov	2026-09-11T01:07:17.1192160Z ^[[36;1mif [ -n "$GITHUB_EVENT_PULL_REQUEST_HEAD_REPO_FULL_NAME" ] && [ "$GITHUB_EVENT_PULL_REQUEST_HEAD_REPO_FULL_NAME" != "$GITHUB_REPOSITORY" ];^[[0m
Integration (macos, Go 1.27.x)	Upload report to Codecov	2026-09-11T01:07:17.1193550Z ^[[36;1mthen^[[0m
Integration (macos, Go 1.27.x)	Upload report to Codecov	2026-09-11T01:07:17.1194050Z ^[[36;1m  echo -e "\033[0;32m==>\033[0m Fork detected"^[[0m
Integration (macos, Go 1.27.x)	Upload report to Codecov	2026-09-11T01:07:17.1194720Z ^[[36;1m  CC_FORK="true"^[[0m
Integration (macos, Go 1.27.x)	Upload report to Codecov	2026-09-11T01:07:17.1195190Z ^[[36;1mfi^[[0m
Integration (macos, Go 1.27.x)	Upload report to Codecov	2026-09-11T01:07:17.1195690Z ^[[36;1mecho "CC_FORK=$CC_FORK" >> "$GITHUB_ENV"^[[0m
Integration (macos, Go 1.27.x)	Upload report to Codecov	2026-09-11T01:07:17.1274370Z shell: /bin/bash --noprofile --norc -e -o pipefail {0}
Integration (macos, Go 1.27.x)	Upload report to Codecov	2026-09-11T01:07:17.1274760Z env:
Integration (macos, Go 1.27.x)	Upload report to Codecov	2026-09-11T01:07:17.1274930Z   DEBUG: false
Integration (macos, Go 1.27.x)	Upload report to Codecov	2026-09-11T01:07:17.1275100Z   TIMESCALE_FACTOR: 3
Integration (macos, Go 1.27.x)	Upload report to Codecov	2026-09-11T01:07:17.1275450Z   QUIC_GO_CORRUPTION_CAPTURE_DIR: /Users/runner/work/_temp/quic-go-corruption
Integration (macos, Go 1.27.x)	Upload report to Codecov	2026-09-11T01:07:17.1275890Z   GOTOOLCHAIN: local
Integration (macos, Go 1.27.x)	Upload report to Codecov	2026-09-11T01:07:17.1276200Z   GITHUB_EVENT_PULL_REQUEST_HEAD_LABEL: the-sarge:codex/repeated-path-validation
Integration (macos, Go 1.27.x)	Upload report to Codecov	2026-09-11T01:07:17.1276610Z   GITHUB_EVENT_PULL_REQUEST_HEAD_REPO_FULL_NAME: the-sarge/quic-go-fast
Integration (macos, Go 1.27.x)	Upload report to Codecov	2026-09-11T01:07:17.1276970Z   GITHUB_REPOSITORY: the-sarge/quic-go-fast
Integration (macos, Go 1.27.x)	Upload report to Codecov	2026-09-11T01:07:17.1277260Z ##[endgroup]
Integration (macos, Go 1.27.x)	Upload report to Codecov	2026-09-11T01:07:17.1679230Z ##[end-action id=__codecov_codecov-action.__run_4;outcome=success;conclusion=success;duration_ms=52]
Integration (macos, Go 1.27.x)	Upload report to Codecov	2026-09-11T01:07:17.1686590Z ##[start-action display=Get OIDC token;id=__codecov_codecov-action.oidc]
Integration (macos, Go 1.27.x)	Upload report to Codecov	2026-09-11T01:07:17.1792030Z ##[group]Run actions/github-script@ed597411d8f924073f98dfc5c65a23a2325f34cd
Integration (macos, Go 1.27.x)	Upload report to Codecov	2026-09-11T01:07:17.1792490Z with:
Integration (macos, Go 1.27.x)	Upload report to Codecov	2026-09-11T01:07:17.1794810Z   script: if (process.env.CC_USE_OIDC === 'true' && process.env.CC_FORK != 'true') {
Integration (macos, Go 1.27.x)	Upload report to Codecov	  const id_token = await core.getIDToken(process.env.CC_OIDC_AUDIENCE)
Integration (macos, Go 1.27.x)	Upload report to Codecov	  return id_token
Integration (macos, Go 1.27.x)	Upload report to Codecov	}
Integration (macos, Go 1.27.x)	Upload report to Codecov	
Integration (macos, Go 1.27.x)	Upload report to Codecov	2026-09-11T01:07:17.1802850Z   github-token: ***
Integration (macos, Go 1.27.x)	Upload report to Codecov	2026-09-11T01:07:17.1804230Z   debug: false
Integration (macos, Go 1.27.x)	Upload report to Codecov	2026-09-11T01:07:17.1804700Z   user-agent: actions/github-script
Integration (macos, Go 1.27.x)	Upload report to Codecov	2026-09-11T01:07:17.1805300Z   result-encoding: json
Integration (macos, Go 1.27.x)	Upload report to Codecov	2026-09-11T01:07:17.1805770Z   retries: 0
Integration (macos, Go 1.27.x)	Upload report to Codecov	2026-09-11T01:07:17.1806290Z   retry-exempt-status-codes: 400,401,403,404,422
Integration (macos, Go 1.27.x)	Upload report to Codecov	2026-09-11T01:07:17.1806950Z env:
Integration (macos, Go 1.27.x)	Upload report to Codecov	2026-09-11T01:07:17.1807340Z   DEBUG: false
Integration (macos, Go 1.27.x)	Upload report to Codecov	2026-09-11T01:07:17.1807900Z   TIMESCALE_FACTOR: 3
Integration (macos, Go 1.27.x)	Upload report to Codecov	2026-09-11T01:07:17.1808630Z   QUIC_GO_CORRUPTION_CAPTURE_DIR: /Users/runner/work/_temp/quic-go-corruption
Integration (macos, Go 1.27.x)	Upload report to Codecov	2026-09-11T01:07:17.1809480Z   GOTOOLCHAIN: local
Integration (macos, Go 1.27.x)	Upload report to Codecov	2026-09-11T01:07:17.1809940Z   CC_FORK: false
Integration (macos, Go 1.27.x)	Upload report to Codecov	2026-09-11T01:07:17.1810440Z   CC_OIDC_AUDIENCE: https://codecov.io
Integration (macos, Go 1.27.x)	Upload report to Codecov	2026-09-11T01:07:17.1811060Z   CC_USE_OIDC: false
Integration (macos, Go 1.27.x)	Upload report to Codecov	2026-09-11T01:07:17.1811530Z ##[endgroup]
Integration (macos, Go 1.27.x)	Upload report to Codecov	2026-09-11T01:07:17.4346960Z ##[end-action id=__codecov_codecov-action.oidc;outcome=success;conclusion=success;duration_ms=265]
Integration (macos, Go 1.27.x)	Upload report to Codecov	2026-09-11T01:07:17.4353470Z ##[start-action display=Get and set token;id=__codecov_codecov-action.__run_5]
Integration (macos, Go 1.27.x)	Upload report to Codecov	2026-09-11T01:07:17.4408970Z ##[group]Run if [ "$INPUT_USE_OIDC" == 'true' ] && [ "$CC_FORK" != 'true' ];
Integration (macos, Go 1.27.x)	Upload report to Codecov	2026-09-11T01:07:17.4410150Z ^[[36;1mif [ "$INPUT_USE_OIDC" == 'true' ] && [ "$CC_FORK" != 'true' ];^[[0m
Integration (macos, Go 1.27.x)	Upload report to Codecov	2026-09-11T01:07:17.4411050Z ^[[36;1mthen^[[0m
Integration (macos, Go 1.27.x)	Upload report to Codecov	2026-09-11T01:07:17.4411610Z ^[[36;1m  echo "CC_TOKEN=$CC_OIDC_TOKEN" >> "$GITHUB_ENV"^[[0m
Integration (macos, Go 1.27.x)	Upload report to Codecov	2026-09-11T01:07:17.4412380Z ^[[36;1melif [ -n "$INPUT_CODECOV_TOKEN" ];^[[0m
Integration (macos, Go 1.27.x)	Upload report to Codecov	2026-09-11T01:07:17.4413520Z ^[[36;1mthen^[[0m
Integration (macos, Go 1.27.x)	Upload report to Codecov	2026-09-11T01:07:17.4414140Z ^[[36;1m  echo -e "\033[0;32m==>\033[0m Token set from env"^[[0m
Integration (macos, Go 1.27.x)	Upload report to Codecov	2026-09-11T01:07:17.4415070Z ^[[36;1m    echo "CC_TOKEN=$INPUT_CODECOV_TOKEN" >> "$GITHUB_ENV"^[[0m
Integration (macos, Go 1.27.x)	Upload report to Codecov	2026-09-11T01:07:17.4415990Z ^[[36;1melse^[[0m
Integration (macos, Go 1.27.x)	Upload report to Codecov	2026-09-11T01:07:17.4416480Z ^[[36;1m  if [ -n "$INPUT_TOKEN" ];^[[0m
Integration (macos, Go 1.27.x)	Upload report to Codecov	2026-09-11T01:07:17.4417650Z ^[[36;1m  then^[[0m
Integration (macos, Go 1.27.x)	Upload report to Codecov	2026-09-11T01:07:17.4432250Z ^[[36;1m    echo -e "\033[0;32m==>\033[0m Token set from input"^[[0m
Integration (macos, Go 1.27.x)	Upload report to Codecov	2026-09-11T01:07:17.4432710Z ^[[36;1m    CC_TOKEN=$(echo "$INPUT_TOKEN" | tr -d '\n')^[[0m
Integration (macos, Go 1.27.x)	Upload report to Codecov	2026-09-11T01:07:17.4433080Z ^[[36;1m    echo "CC_TOKEN=$CC_TOKEN" >> "$GITHUB_ENV"^[[0m
Integration (macos, Go 1.27.x)	Upload report to Codecov	2026-09-11T01:07:17.4433360Z ^[[36;1m  fi^[[0m
Integration (macos, Go 1.27.x)	Upload report to Codecov	2026-09-11T01:07:17.4433520Z ^[[36;1mfi^[[0m
Integration (macos, Go 1.27.x)	Upload report to Codecov	2026-09-11T01:07:17.4516380Z shell: /bin/bash --noprofile --norc -e -o pipefail {0}
Integration (macos, Go 1.27.x)	Upload report to Codecov	2026-09-11T01:07:17.4517220Z env:
Integration (macos, Go 1.27.x)	Upload report to Codecov	2026-09-11T01:07:17.4517800Z   DEBUG: false
Integration (macos, Go 1.27.x)	Upload report to Codecov	2026-09-11T01:07:17.4518400Z   TIMESCALE_FACTOR: 3
Integration (macos, Go 1.27.x)	Upload report to Codecov	2026-09-11T01:07:17.4519260Z   QUIC_GO_CORRUPTION_CAPTURE_DIR: /Users/runner/work/_temp/quic-go-corruption
Integration (macos, Go 1.27.x)	Upload report to Codecov	2026-09-11T01:07:17.4520320Z   GOTOOLCHAIN: local
Integration (macos, Go 1.27.x)	Upload report to Codecov	2026-09-11T01:07:17.4520970Z   CC_FORK: false
Integration (macos, Go 1.27.x)	Upload report to Codecov	2026-09-11T01:07:17.4521480Z   CC_OIDC_TOKEN: 
Integration (macos, Go 1.27.x)	Upload report to Codecov	2026-09-11T01:07:17.4522160Z   CC_OIDC_AUDIENCE: https://codecov.io
Integration (macos, Go 1.27.x)	Upload report to Codecov	2026-09-11T01:07:17.4522860Z   INPUT_USE_OIDC: false
Integration (macos, Go 1.27.x)	Upload report to Codecov	2026-09-11T01:07:17.4523550Z   INPUT_TOKEN: 
Integration (macos, Go 1.27.x)	Upload report to Codecov	2026-09-11T01:07:17.4524170Z   INPUT_CODECOV_TOKEN: 
Integration (macos, Go 1.27.x)	Upload report to Codecov	2026-09-11T01:07:17.4524720Z ##[endgroup]
Integration (macos, Go 1.27.x)	Upload report to Codecov	2026-09-11T01:07:17.4899960Z ##[end-action id=__codecov_codecov-action.__run_5;outcome=success;conclusion=success;duration_ms=54]
Integration (macos, Go 1.27.x)	Upload report to Codecov	2026-09-11T01:07:17.4907530Z ##[start-action display=Override branch for forks;id=__codecov_codecov-action.__run_6]
Integration (macos, Go 1.27.x)	Upload report to Codecov	2026-09-11T01:07:17.4949940Z ##[group]Run if [ -z "$CC_BRANCH" ] && [ -z "$CC_TOKEN" ] && [ "$CC_FORK" == 'true' ]
Integration (macos, Go 1.27.x)	Upload report to Codecov	2026-09-11T01:07:17.4950460Z ^[[36;1mif [ -z "$CC_BRANCH" ] && [ -z "$CC_TOKEN" ] && [ "$CC_FORK" == 'true' ]^[[0m
Integration (macos, Go 1.27.x)	Upload report to Codecov	2026-09-11T01:07:17.4950760Z ^[[36;1mthen^[[0m
Integration (macos, Go 1.27.x)	Upload report to Codecov	2026-09-11T01:07:17.4951160Z ^[[36;1m  echo -e "\033[0;32m==>\033[0m Fork detected, setting branch to $GITHUB_EVENT_PULL_REQUEST_HEAD_LABEL"^[[0m
Integration (macos, Go 1.27.x)	Upload report to Codecov	2026-09-11T01:07:17.4951610Z ^[[36;1m  TOKENLESS="$GITHUB_EVENT_PULL_REQUEST_HEAD_LABEL"^[[0m
Integration (macos, Go 1.27.x)	Upload report to Codecov	2026-09-11T01:07:17.4951930Z ^[[36;1m  CC_BRANCH="$GITHUB_EVENT_PULL_REQUEST_HEAD_LABEL"^[[0m
Integration (macos, Go 1.27.x)	Upload report to Codecov	2026-09-11T01:07:17.4952240Z ^[[36;1m  echo "TOKENLESS=$TOKENLESS" >> "$GITHUB_ENV"^[[0m
Integration (macos, Go 1.27.x)	Upload report to Codecov	2026-09-11T01:07:17.4952480Z ^[[36;1mfi^[[0m
Integration (macos, Go 1.27.x)	Upload report to Codecov	2026-09-11T01:07:17.4952680Z ^[[36;1m^[[0m
Integration (macos, Go 1.27.x)	Upload report to Codecov	2026-09-11T01:07:17.4952920Z ^[[36;1mecho "CC_BRANCH=$CC_BRANCH" >> "$GITHUB_ENV"^[[0m
Integration (macos, Go 1.27.x)	Upload report to Codecov	2026-09-11T01:07:17.4993940Z shell: /bin/bash --noprofile --norc -e -o pipefail {0}
Integration (macos, Go 1.27.x)	Upload report to Codecov	2026-09-11T01:07:17.4994560Z env:
Integration (macos, Go 1.27.x)	Upload report to Codecov	2026-09-11T01:07:17.4994760Z   DEBUG: false
Integration (macos, Go 1.27.x)	Upload report to Codecov	2026-09-11T01:07:17.4994960Z   TIMESCALE_FACTOR: 3
Integration (macos, Go 1.27.x)	Upload report to Codecov	2026-09-11T01:07:17.4995260Z   QUIC_GO_CORRUPTION_CAPTURE_DIR: /Users/runner/work/_temp/quic-go-corruption
Integration (macos, Go 1.27.x)	Upload report to Codecov	2026-09-11T01:07:17.4995640Z   GOTOOLCHAIN: local
Integration (macos, Go 1.27.x)	Upload report to Codecov	2026-09-11T01:07:17.4995850Z   CC_FORK: false
Integration (macos, Go 1.27.x)	Upload report to Codecov	2026-09-11T01:07:17.4996020Z   CC_BRANCH: 
Integration (macos, Go 1.27.x)	Upload report to Codecov	2026-09-11T01:07:17.4996360Z   GITHUB_EVENT_PULL_REQUEST_HEAD_LABEL: the-sarge:codex/repeated-path-validation
Integration (macos, Go 1.27.x)	Upload report to Codecov	2026-09-11T01:07:17.4996920Z   GITHUB_EVENT_PULL_REQUEST_HEAD_REPO_FULL_NAME: the-sarge/quic-go-fast
Integration (macos, Go 1.27.x)	Upload report to Codecov	2026-09-11T01:07:17.4997340Z   GITHUB_REPOSITORY: the-sarge/quic-go-fast
Integration (macos, Go 1.27.x)	Upload report to Codecov	2026-09-11T01:07:17.4997610Z ##[endgroup]
Integration (macos, Go 1.27.x)	Upload report to Codecov	2026-09-11T01:07:17.5409800Z ##[end-action id=__codecov_codecov-action.__run_6;outcome=success;conclusion=success;duration_ms=50]
Integration (macos, Go 1.27.x)	Upload report to Codecov	2026-09-11T01:07:17.5415210Z ##[start-action display=Override commits and pr for pull requests;id=__codecov_codecov-action.__run_7]
Integration (macos, Go 1.27.x)	Upload report to Codecov	2026-09-11T01:07:17.5435950Z ##[group]Run if [ -z "$CC_SHA" ];
Integration (macos, Go 1.27.x)	Upload report to Codecov	2026-09-11T01:07:17.5436310Z ^[[36;1mif [ -z "$CC_SHA" ];^[[0m
Integration (macos, Go 1.27.x)	Upload report to Codecov	2026-09-11T01:07:17.5436520Z ^[[36;1mthen^[[0m
Integration (macos, Go 1.27.x)	Upload report to Codecov	2026-09-11T01:07:17.5437870Z ^[[36;1m  CC_SHA="$GITHUB_EVENT_PULL_REQUEST_HEAD_SHA"^[[0m
Integration (macos, Go 1.27.x)	Upload report to Codecov	2026-09-11T01:07:17.5439180Z ^[[36;1mfi^[[0m
Integration (macos, Go 1.27.x)	Upload report to Codecov	2026-09-11T01:07:17.5439520Z ^[[36;1mif [ -z "$CC_PR" ] && [ "$CC_FORK" == 'true' ];^[[0m
Integration (macos, Go 1.27.x)	Upload report to Codecov	2026-09-11T01:07:17.5439970Z ^[[36;1mthen^[[0m
Integration (macos, Go 1.27.x)	Upload report to Codecov	2026-09-11T01:07:17.5440780Z ^[[36;1m  CC_PR="$GITHUB_EVENT_NUMBER"^[[0m
Integration (macos, Go 1.27.x)	Upload report to Codecov	2026-09-11T01:07:17.5441060Z ^[[36;1mfi^[[0m
Integration (macos, Go 1.27.x)	Upload report to Codecov	2026-09-11T01:07:17.5441250Z ^[[36;1m^[[0m
Integration (macos, Go 1.27.x)	Upload report to Codecov	2026-09-11T01:07:17.5441460Z ^[[36;1mecho "CC_SHA=$CC_SHA" >> "$GITHUB_ENV"^[[0m
Integration (macos, Go 1.27.x)	Upload report to Codecov	2026-09-11T01:07:17.5441800Z ^[[36;1mecho "CC_PR=$CC_PR" >> "$GITHUB_ENV"^[[0m
Integration (macos, Go 1.27.x)	Upload report to Codecov	2026-09-11T01:07:17.5524520Z shell: /bin/bash --noprofile --norc -e -o pipefail {0}
Integration (macos, Go 1.27.x)	Upload report to Codecov	2026-09-11T01:07:17.5524910Z env:
Integration (macos, Go 1.27.x)	Upload report to Codecov	2026-09-11T01:07:17.5525100Z   DEBUG: false
Integration (macos, Go 1.27.x)	Upload report to Codecov	2026-09-11T01:07:17.5525320Z   TIMESCALE_FACTOR: 3
Integration (macos, Go 1.27.x)	Upload report to Codecov	2026-09-11T01:07:17.5525680Z   QUIC_GO_CORRUPTION_CAPTURE_DIR: /Users/runner/work/_temp/quic-go-corruption
Integration (macos, Go 1.27.x)	Upload report to Codecov	2026-09-11T01:07:17.5526120Z   GOTOOLCHAIN: local
Integration (macos, Go 1.27.x)	Upload report to Codecov	2026-09-11T01:07:17.5526340Z   CC_FORK: false
Integration (macos, Go 1.27.x)	Upload report to Codecov	2026-09-11T01:07:17.5526530Z   CC_BRANCH: 
Integration (macos, Go 1.27.x)	Upload report to Codecov	2026-09-11T01:07:17.5526720Z   CC_PR: 
Integration (macos, Go 1.27.x)	Upload report to Codecov	2026-09-11T01:07:17.5526910Z   CC_SHA: 
Integration (macos, Go 1.27.x)	Upload report to Codecov	2026-09-11T01:07:17.5527080Z   GITHUB_EVENT_NAME: pull_request
Integration (macos, Go 1.27.x)	Upload report to Codecov	2026-09-11T01:07:17.5527310Z   GITHUB_EVENT_NUMBER: 187
Integration (macos, Go 1.27.x)	Upload report to Codecov	2026-09-11T01:07:17.5527700Z   GITHUB_EVENT_PULL_REQUEST_HEAD_SHA: dfd03fc85ead6fa2f33b12cd0a660dea5e5d721a
Integration (macos, Go 1.27.x)	Upload report to Codecov	2026-09-11T01:07:17.5528090Z ##[endgroup]
Integration (macos, Go 1.27.x)	Upload report to Codecov	2026-09-11T01:07:17.5896870Z ##[end-action id=__codecov_codecov-action.__run_7;outcome=success;conclusion=success;duration_ms=48]
Integration (macos, Go 1.27.x)	Upload report to Codecov	2026-09-11T01:07:17.5911440Z ##[start-action display=Upload coverage to Codecov;id=__codecov_codecov-action.__run_8]
Integration (macos, Go 1.27.x)	Upload report to Codecov	2026-09-11T01:07:17.5947180Z ##[group]Run ${GITHUB_ACTION_PATH}/dist/codecov.sh
Integration (macos, Go 1.27.x)	Upload report to Codecov	2026-09-11T01:07:17.5947610Z ^[[36;1m${GITHUB_ACTION_PATH}/dist/codecov.sh^[[0m
Integration (macos, Go 1.27.x)	Upload report to Codecov	2026-09-11T01:07:17.5987170Z shell: /bin/bash --noprofile --norc -e -o pipefail {0}
Integration (macos, Go 1.27.x)	Upload report to Codecov	2026-09-11T01:07:17.5987460Z env:
Integration (macos, Go 1.27.x)	Upload report to Codecov	2026-09-11T01:07:17.5987630Z   DEBUG: false
Integration (macos, Go 1.27.x)	Upload report to Codecov	2026-09-11T01:07:17.5987830Z   TIMESCALE_FACTOR: 3
Integration (macos, Go 1.27.x)	Upload report to Codecov	2026-09-11T01:07:17.5988140Z   QUIC_GO_CORRUPTION_CAPTURE_DIR: /Users/runner/work/_temp/quic-go-corruption
Integration (macos, Go 1.27.x)	Upload report to Codecov	2026-09-11T01:07:17.5988470Z   GOTOOLCHAIN: local
Integration (macos, Go 1.27.x)	Upload report to Codecov	2026-09-11T01:07:17.5988650Z   CC_FORK: false
Integration (macos, Go 1.27.x)	Upload report to Codecov	2026-09-11T01:07:17.5988810Z   CC_BRANCH: 
Integration (macos, Go 1.27.x)	Upload report to Codecov	2026-09-11T01:07:17.5989030Z   CC_SHA: dfd03fc85ead6fa2f33b12cd0a660dea5e5d721a
Integration (macos, Go 1.27.x)	Upload report to Codecov	2026-09-11T01:07:17.5989320Z   CC_PR: 
Integration (macos, Go 1.27.x)	Upload report to Codecov	2026-09-11T01:07:17.5989480Z   CC_BASE_SHA: 
Integration (macos, Go 1.27.x)	Upload report to Codecov	2026-09-11T01:07:17.5989630Z   CC_BINARY: 
Integration (macos, Go 1.27.x)	Upload report to Codecov	2026-09-11T01:07:17.5989800Z   CC_BUILD: 
Integration (macos, Go 1.27.x)	Upload report to Codecov	2026-09-11T01:07:17.5989960Z   CC_BUILD_URL: 
Integration (macos, Go 1.27.x)	Upload report to Codecov	2026-09-11T01:07:17.5990110Z   CC_CODE: 
Integration (macos, Go 1.27.x)	Upload report to Codecov	2026-09-11T01:07:17.5990270Z   CC_DIR: 
Integration (macos, Go 1.27.x)	Upload report to Codecov	2026-09-11T01:07:17.5990420Z   CC_DISABLE_FILE_FIXES: false
Integration (macos, Go 1.27.x)	Upload report to Codecov	2026-09-11T01:07:17.5990640Z   CC_DISABLE_SEARCH: false
Integration (macos, Go 1.27.x)	Upload report to Codecov	2026-09-11T01:07:17.5990870Z   CC_DISABLE_TELEM: false
Integration (macos, Go 1.27.x)	Upload report to Codecov	2026-09-11T01:07:17.5991050Z   CC_DRY_RUN: false
Integration (macos, Go 1.27.x)	Upload report to Codecov	2026-09-11T01:07:17.5991220Z   CC_ENTERPRISE_URL: 
Integration (macos, Go 1.27.x)	Upload report to Codecov	2026-09-11T01:07:17.5991400Z   CC_ENV: OS,GO
Integration (macos, Go 1.27.x)	Upload report to Codecov	2026-09-11T01:07:17.5991860Z   CC_EXCLUDES: 
Integration (macos, Go 1.27.x)	Upload report to Codecov	2026-09-11T01:07:17.5992060Z   CC_FAIL_ON_ERROR: false
Integration (macos, Go 1.27.x)	Upload report to Codecov	2026-09-11T01:07:17.5992560Z   CC_FILES: report_tools.xml,report_versionnegotiation.xml,report_self.xml,report_self_v2.xml,report_self_nogso.xml,report_self_noecn.xml,report_fips.xml
Integration (macos, Go 1.27.x)	Upload report to Codecov	2026-09-11T01:07:17.5993550Z   CC_FLAGS: 
Integration (macos, Go 1.27.x)	Upload report to Codecov	2026-09-11T01:07:17.5993710Z   CC_FORCE: 
Integration (macos, Go 1.27.x)	Upload report to Codecov	2026-09-11T01:07:17.5993890Z   CC_GCOV_ARGS: 
Integration (macos, Go 1.27.x)	Upload report to Codecov	2026-09-11T01:07:17.6010890Z   CC_GCOV_EXECUTABLE: gcov
Integration (macos, Go 1.27.x)	Upload report to Codecov	2026-09-11T01:07:17.6011100Z   CC_GCOV_IGNORE: 
Integration (macos, Go 1.27.x)	Upload report to Codecov	2026-09-11T01:07:17.6011270Z   CC_GCOV_INCLUDE: 
Integration (macos, Go 1.27.x)	Upload report to Codecov	2026-09-11T01:07:17.6011490Z   CC_GIT_SERVICE: github
Integration (macos, Go 1.27.x)	Upload report to Codecov	2026-09-11T01:07:17.6011760Z   CC_HANDLE_NO_REPORTS_FOUND: false
Integration (macos, Go 1.27.x)	Upload report to Codecov	2026-09-11T01:07:17.6012000Z   CC_JOB_CODE: 
Integration (macos, Go 1.27.x)	Upload report to Codecov	2026-09-11T01:07:17.6012200Z   CC_LEGACY: false
Integration (macos, Go 1.27.x)	Upload report to Codecov	2026-09-11T01:07:17.6012400Z   CC_NAME: Unit tests
Integration (macos, Go 1.27.x)	Upload report to Codecov	2026-09-11T01:07:17.6012610Z   CC_NETWORK_FILTER: 
Integration (macos, Go 1.27.x)	Upload report to Codecov	2026-09-11T01:07:17.6012800Z   CC_NETWORK_PREFIX: 
Integration (macos, Go 1.27.x)	Upload report to Codecov	2026-09-11T01:07:17.6013020Z   CC_NETWORK_ROOT_FOLDER: 
Integration (macos, Go 1.27.x)	Upload report to Codecov	2026-09-11T01:07:17.6013210Z   CC_OS: 
Integration (macos, Go 1.27.x)	Upload report to Codecov	2026-09-11T01:07:17.6013390Z   CC_PARENT_SHA: 
Integration (macos, Go 1.27.x)	Upload report to Codecov	2026-09-11T01:07:17.6013570Z   CC_PLUGINS: 
Integration (macos, Go 1.27.x)	Upload report to Codecov	2026-09-11T01:07:17.6013750Z   CC_RECURSE_SUBMODULES: false
Integration (macos, Go 1.27.x)	Upload report to Codecov	2026-09-11T01:07:17.6013980Z   CC_REPORT_TYPE: test_results
Integration (macos, Go 1.27.x)	Upload report to Codecov	2026-09-11T01:07:17.6014210Z   CC_RUN_CMD: upload-coverage
Integration (macos, Go 1.27.x)	Upload report to Codecov	2026-09-11T01:07:17.6014410Z   CC_SERVICE: github
Integration (macos, Go 1.27.x)	Upload report to Codecov	2026-09-11T01:07:17.6014590Z   CC_SKIP_VALIDATION: false
Integration (macos, Go 1.27.x)	Upload report to Codecov	2026-09-11T01:07:17.6014760Z   CC_SLUG: 
Integration (macos, Go 1.27.x)	Upload report to Codecov	2026-09-11T01:07:17.6015380Z   CC_SWIFT_PROJECT: 
Integration (macos, Go 1.27.x)	Upload report to Codecov	2026-09-11T01:07:17.6015580Z   CC_USE_PYPI: false
Integration (macos, Go 1.27.x)	Upload report to Codecov	2026-09-11T01:07:17.6015740Z   CC_VERBOSE: false
Integration (macos, Go 1.27.x)	Upload report to Codecov	2026-09-11T01:07:17.6015960Z   CC_VERSION: latest
Integration (macos, Go 1.27.x)	Upload report to Codecov	2026-09-11T01:07:17.6016180Z   CC_YML_PATH: 
Integration (macos, Go 1.27.x)	Upload report to Codecov	2026-09-11T01:07:17.6016350Z ##[endgroup]
Integration (macos, Go 1.27.x)	Upload report to Codecov	2026-09-11T01:07:17.6558490Z      _____          _
Integration (macos, Go 1.27.x)	Upload report to Codecov	2026-09-11T01:07:17.6562860Z     / ____|        | |
Integration (macos, Go 1.27.x)	Upload report to Codecov	2026-09-11T01:07:17.6563540Z    | |     ___   __| | ___  ___ _____   __
Integration (macos, Go 1.27.x)	Upload report to Codecov	2026-09-11T01:07:17.6564110Z    | |    / _ \ / _` |/ _ \/ __/ _ \ \ / /
Integration (macos, Go 1.27.x)	Upload report to Codecov	2026-09-11T01:07:17.6564600Z    | |___| (_) | (_| |  __/ (_| (_) \ V /
Integration (macos, Go 1.27.x)	Upload report to Codecov	2026-09-11T01:07:17.6566150Z     \_____\___/ \__,_|\___|\___\___/ \_/
Integration (macos, Go 1.27.x)	Upload report to Codecov	2026-09-11T01:07:17.6568630Z                            ^[[0;31m Wrapper-0.2.9^[[0m
Integration (macos, Go 1.27.x)	Upload report to Codecov	2026-09-11T01:07:17.6570870Z                            
Integration (macos, Go 1.27.x)	Upload report to Codecov	2026-09-11T01:07:17.6959610Z ^[[0;32m==>^[[0m Detected ^[[0;36mmacos^[[0m
Integration (macos, Go 1.27.x)	Upload report to Codecov	2026-09-11T01:07:17.6960770Z ^[[0;32m ->^[[0m Downloading ^[[0;36mhttps://cli.codecov.io/latest/macos/codecov^[[0m
Integration (macos, Go 1.27.x)	Upload report to Codecov	2026-09-11T01:07:17.7177080Z   % Total    % Received % Xferd  Average Speed   Time    Time     Time  Current
Integration (macos, Go 1.27.x)	Upload report to Codecov	2026-09-11T01:07:17.7179440Z                                  Dload  Upload   Total   Spent    Left  Speed
Integration (macos, Go 1.27.x)	Upload report to Codecov	2026-09-11T01:07:17.7179820Z 
Integration (macos, Go 1.27.x)	Upload report to Codecov	2026-09-11T01:07:17.9403440Z   0     0    0     0    0     0      0      0 --:--:-- --:--:-- --:--:--     0
Integration (macos, Go 1.27.x)	Upload report to Codecov	2026-09-11T01:07:17.9406070Z ^[[0;32m==>^[[0m Finishing downloading ^[[0;36mmacos:latest^[[0m
Integration (macos, Go 1.27.x)	Upload report to Codecov	2026-09-11T01:07:17.9407620Z 100 20.5M  100 20.5M    0     0  93.9M      0 --:--:-- --:--:-- --:--:-- 94.2M
Integration (macos, Go 1.27.x)	Upload report to Codecov	2026-09-11T01:07:17.9999730Z       Version: ^[[0;36mv11.3.1^[[0m
Integration (macos, Go 1.27.x)	Upload report to Codecov	2026-09-11T01:07:18.0097250Z  
Integration (macos, Go 1.27.x)	Upload report to Codecov	2026-09-11T01:07:18.1299090Z gpg: directory '/Users/runner/.gnupg' created
Integration (macos, Go 1.27.x)	Upload report to Codecov	2026-09-11T01:07:18.4124330Z gpg: /Users/runner/.gnupg/trustdb.gpg: trustdb created
Integration (macos, Go 1.27.x)	Upload report to Codecov	2026-09-11T01:07:18.4145090Z gpg: key 806BB28AED779869: public key "Codecov Uploader (Codecov Uploader Verification Key) <security@codecov.io>" imported
Integration (macos, Go 1.27.x)	Upload report to Codecov	2026-09-11T01:07:18.5304400Z gpg: Total number processed: 1
Integration (macos, Go 1.27.x)	Upload report to Codecov	2026-09-11T01:07:18.5304760Z gpg:               imported: 1
Integration (macos, Go 1.27.x)	Upload report to Codecov	2026-09-11T01:07:18.5322170Z ^[[0;32m==>^[[0m Verifying GPG signature integrity
Integration (macos, Go 1.27.x)	Upload report to Codecov	2026-09-11T01:07:18.5322950Z ^[[0;32m ->^[[0m Downloading ^[[0;36mhttps://cli.codecov.io/latest/macos/codecov.SHA256SUM^[[0m
Integration (macos, Go 1.27.x)	Upload report to Codecov	2026-09-11T01:07:18.5323840Z ^[[0;32m ->^[[0m Downloading ^[[0;36mhttps://cli.codecov.io/latest/macos/codecov.SHA256SUM.sig^[[0m
Integration (macos, Go 1.27.x)	Upload report to Codecov	2026-09-11T01:07:18.5324300Z  
Integration (macos, Go 1.27.x)	Upload report to Codecov	2026-09-11T01:07:18.6569790Z gpg: Signature made Thu Jul  9 01:38:02 2026 UTC
Integration (macos, Go 1.27.x)	Upload report to Codecov	2026-09-11T01:07:18.6570840Z gpg:                using RSA key 27034E7FDB850E0BBC2C62FF806BB28AED779869
Integration (macos, Go 1.27.x)	Upload report to Codecov	2026-09-11T01:07:18.6581580Z gpg: Good signature from "Codecov Uploader (Codecov Uploader Verification Key) <security@codecov.io>" [unknown]
Integration (macos, Go 1.27.x)	Upload report to Codecov	2026-09-11T01:07:18.6582890Z gpg: WARNING: This key is not certified with a trusted signature!
Integration (macos, Go 1.27.x)	Upload report to Codecov	2026-09-11T01:07:18.6583290Z gpg:          There is no indication that the signature belongs to the owner.
Integration (macos, Go 1.27.x)	Upload report to Codecov	2026-09-11T01:07:18.6583730Z       27034E7FDB850E0BBC2C62FF806BB28AED779869
Integration (macos, Go 1.27.x)	Upload report to Codecov	2026-09-11T01:07:18.8981090Z codecov: OK
Integration (macos, Go 1.27.x)	Upload report to Codecov	2026-09-11T01:07:18.8991950Z ^[[0;32m==>^[[0m CLI integrity verified
Integration (macos, Go 1.27.x)	Upload report to Codecov	2026-09-11T01:07:18.8995630Z 
Integration (macos, Go 1.27.x)	Upload report to Codecov	2026-09-11T01:07:19.0798830Z ^[[0;32m ->^[[0m Token length: 0
Integration (macos, Go 1.27.x)	Upload report to Codecov	2026-09-11T01:07:19.0799340Z ^[[0;32m==>^[[0m Running upload-coverage
Integration (macos, Go 1.27.x)	Upload report to Codecov	2026-09-11T01:07:19.0817640Z       ^[[0;36m./codecov  upload-coverage --git-service github --sha dfd03fc85ead6fa2f33b12cd0a660dea5e5d721a --env OS,GO --file report_tools.xml --file report_versionnegotiation.xml --file report_self.xml --file report_self_v2.xml --file report_self_nogso.xml --file report_self_noecn.xml --file report_fips.xml --gcov-executable gcov --name Unit tests --report-type test_results^[[0m
Integration (macos, Go 1.27.x)	Upload report to Codecov	2026-09-11T01:07:19.7281270Z info - 2026-09-11 01:07:19,727 -- ci service found: github-actions
Integration (macos, Go 1.27.x)	Upload report to Codecov	2026-09-11T01:07:19.8212740Z warning - 2026-09-11 01:07:19,821 -- Branch `codex/repeated-path-validation` is protected but no token was provided
Integration (macos, Go 1.27.x)	Upload report to Codecov	2026-09-11T01:07:19.8213810Z warning - 2026-09-11 01:07:19,821 -- For information on Codecov upload tokens, see https://docs.codecov.com/docs/codecov-tokens
Integration (macos, Go 1.27.x)	Upload report to Codecov	2026-09-11T01:07:20.1799830Z info - 2026-09-11 01:07:20,050 -- Commit creating complete
Integration (macos, Go 1.27.x)	Upload report to Codecov	2026-09-11T01:07:20.1903560Z error - 2026-09-11 01:07:20,051 -- Commit creating failed: {"message":"Token required - not valid tokenless upload"}
Integration (macos, Go 1.27.x)	Upload report to Codecov	2026-09-11T01:07:20.3533850Z Sentry is attempting to send 3 pending events
Integration (macos, Go 1.27.x)	Upload report to Codecov	2026-09-11T01:07:20.3534310Z Waiting up to 2 seconds
Integration (macos, Go 1.27.x)	Upload report to Codecov	2026-09-11T01:07:20.3783880Z Press Ctrl-C to quit
Integration (macos, Go 1.27.x)	Upload report to Codecov	2026-09-11T01:07:20.6415810Z ^[[0;31m==> Failed to run upload-coverage^[[0m
Integration (macos, Go 1.27.x)	Upload report to Codecov	2026-09-11T01:07:20.6522080Z ##[end-action id=__codecov_codecov-action.__run_8;outcome=success;conclusion=success;duration_ms=3059]
Integration (macos, Go 1.27.x)	Post Run actions/checkout@v7	﻿2026-09-11T01:07:20.7045350Z Post job cleanup.
Integration (macos, Go 1.27.x)	Post Run actions/checkout@v7	2026-09-11T01:07:20.8659640Z [command]/opt/homebrew/bin/git version
Integration (macos, Go 1.27.x)	Post Run actions/checkout@v7	2026-09-11T01:07:20.8755110Z git version 2.55.0
Integration (macos, Go 1.27.x)	Post Run actions/checkout@v7	2026-09-11T01:07:20.8820760Z Copying '/Users/runner/.gitconfig' to '/Users/runner/work/_temp/543792aa-2792-452e-a192-f836b0462c08/.gitconfig'
Integration (macos, Go 1.27.x)	Post Run actions/checkout@v7	2026-09-11T01:07:20.8840210Z Temporarily overriding HOME='/Users/runner/work/_temp/543792aa-2792-452e-a192-f836b0462c08' before making global git config changes
Integration (macos, Go 1.27.x)	Post Run actions/checkout@v7	2026-09-11T01:07:20.8930430Z Adding repository directory to the temporary git global config as a safe directory
Integration (macos, Go 1.27.x)	Post Run actions/checkout@v7	2026-09-11T01:07:20.9014840Z [command]/opt/homebrew/bin/git config --global --add safe.directory /Users/runner/work/quic-go-fast/quic-go-fast
Integration (macos, Go 1.27.x)	Post Run actions/checkout@v7	2026-09-11T01:07:20.9016330Z Removing SSH command configuration
Integration (macos, Go 1.27.x)	Post Run actions/checkout@v7	2026-09-11T01:07:20.9016840Z [command]/opt/homebrew/bin/git config --local --name-only --get-regexp core\.sshCommand
Integration (macos, Go 1.27.x)	Post Run actions/checkout@v7	2026-09-11T01:07:20.9020620Z [command]/opt/homebrew/bin/git submodule foreach --recursive sh -c "git config --local --name-only --get-regexp 'core\.sshCommand' && git config --local --unset-all 'core.sshCommand' || :"
Integration (macos, Go 1.27.x)	Post Run actions/checkout@v7	2026-09-11T01:07:21.2028160Z Removing HTTP extra header
Integration (macos, Go 1.27.x)	Post Run actions/checkout@v7	2026-09-11T01:07:21.2094300Z [command]/opt/homebrew/bin/git config --local --name-only --get-regexp http\.https\:\/\/github\.com\/\.extraheader
Integration (macos, Go 1.27.x)	Post Run actions/checkout@v7	2026-09-11T01:07:21.2096530Z [command]/opt/homebrew/bin/git submodule foreach --recursive sh -c "git config --local --name-only --get-regexp 'http\.https\:\/\/github\.com\/\.extraheader' && git config --local --unset-all 'http.https://github.com/.extraheader' || :"
Integration (macos, Go 1.27.x)	Post Run actions/checkout@v7	2026-09-11T01:07:21.3736120Z Removing includeIf entries pointing to credentials config files
Integration (macos, Go 1.27.x)	Post Run actions/checkout@v7	2026-09-11T01:07:21.3837430Z [command]/opt/homebrew/bin/git config --local --name-only --get-regexp ^includeIf\.gitdir:
Integration (macos, Go 1.27.x)	Post Run actions/checkout@v7	2026-09-11T01:07:21.3950780Z includeif.gitdir:/Users/runner/work/quic-go-fast/quic-go-fast/.git.path
Integration (macos, Go 1.27.x)	Post Run actions/checkout@v7	2026-09-11T01:07:21.4052700Z includeif.gitdir:/Users/runner/work/quic-go-fast/quic-go-fast/.git/worktrees/*.path
Integration (macos, Go 1.27.x)	Post Run actions/checkout@v7	2026-09-11T01:07:21.4153950Z includeif.gitdir:/github/workspace/.git.path
Integration (macos, Go 1.27.x)	Post Run actions/checkout@v7	2026-09-11T01:07:21.4256120Z includeif.gitdir:/github/workspace/.git/worktrees/*.path
Integration (macos, Go 1.27.x)	Post Run actions/checkout@v7	2026-09-11T01:07:21.4336210Z [command]/opt/homebrew/bin/git config --local --get-all includeif.gitdir:/Users/runner/work/quic-go-fast/quic-go-fast/.git.path
Integration (macos, Go 1.27.x)	Post Run actions/checkout@v7	2026-09-11T01:07:21.4343340Z /Users/runner/work/_temp/git-credentials-f9047f26-c03d-4896-ac3d-92d5a3775697.config
Integration (macos, Go 1.27.x)	Post Run actions/checkout@v7	2026-09-11T01:07:21.4344930Z [command]/opt/homebrew/bin/git config --local --unset includeif.gitdir:/Users/runner/work/quic-go-fast/quic-go-fast/.git.path \/Users\/runner\/work\/_temp\/git\-credentials\-f9047f26\-c03d\-4896\-ac3d\-92d5a3775697\.config
Integration (macos, Go 1.27.x)	Post Run actions/checkout@v7	2026-09-11T01:07:21.4346420Z [command]/opt/homebrew/bin/git config --local --get-all includeif.gitdir:/Users/runner/work/quic-go-fast/quic-go-fast/.git/worktrees/*.path
Integration (macos, Go 1.27.x)	Post Run actions/checkout@v7	2026-09-11T01:07:21.4347080Z /Users/runner/work/_temp/git-credentials-f9047f26-c03d-4896-ac3d-92d5a3775697.config
Integration (macos, Go 1.27.x)	Post Run actions/checkout@v7	2026-09-11T01:07:21.4348220Z [command]/opt/homebrew/bin/git config --local --unset includeif.gitdir:/Users/runner/work/quic-go-fast/quic-go-fast/.git/worktrees/*.path \/Users\/runner\/work\/_temp\/git\-credentials\-f9047f26\-c03d\-4896\-ac3d\-92d5a3775697\.config
Integration (macos, Go 1.27.x)	Post Run actions/checkout@v7	2026-09-11T01:07:21.4349360Z [command]/opt/homebrew/bin/git config --local --get-all includeif.gitdir:/github/workspace/.git.path
Integration (macos, Go 1.27.x)	Post Run actions/checkout@v7	2026-09-11T01:07:21.4349910Z /github/runner_temp/git-credentials-f9047f26-c03d-4896-ac3d-92d5a3775697.config
Integration (macos, Go 1.27.x)	Post Run actions/checkout@v7	2026-09-11T01:07:21.4351130Z [command]/opt/homebrew/bin/git config --local --unset includeif.gitdir:/github/workspace/.git.path \/github\/runner_temp\/git\-credentials\-f9047f26\-c03d\-4896\-ac3d\-92d5a3775697\.config
Integration (macos, Go 1.27.x)	Post Run actions/checkout@v7	2026-09-11T01:07:21.4413580Z [command]/opt/homebrew/bin/git config --local --get-all includeif.gitdir:/github/workspace/.git/worktrees/*.path
Integration (macos, Go 1.27.x)	Post Run actions/checkout@v7	2026-09-11T01:07:21.4481780Z /github/runner_temp/git-credentials-f9047f26-c03d-4896-ac3d-92d5a3775697.config
Integration (macos, Go 1.27.x)	Post Run actions/checkout@v7	2026-09-11T01:07:21.4496530Z [command]/opt/homebrew/bin/git config --local --unset includeif.gitdir:/github/workspace/.git/worktrees/*.path \/github\/runner_temp\/git\-credentials\-f9047f26\-c03d\-4896\-ac3d\-92d5a3775697\.config
Integration (macos, Go 1.27.x)	Post Run actions/checkout@v7	2026-09-11T01:07:21.4600970Z [command]/opt/homebrew/bin/git submodule foreach --recursive git config --local --show-origin --name-only --get-regexp remote.origin.url
Integration (macos, Go 1.27.x)	Post Run actions/checkout@v7	2026-09-11T01:07:21.5994530Z Removing credentials config '/Users/runner/work/_temp/git-credentials-f9047f26-c03d-4896-ac3d-92d5a3775697.config'
Integration (macos, Go 1.27.x)	Complete job	﻿2026-09-11T01:07:21.6316230Z Cleaning up orphan processes
Integration (macos, Go 1.27.x)	Complete job	2026-09-11T01:07:21.7517010Z Terminate orphan process: pid (5541) (scdaemon)
Integration (macos, Go 1.27.x)	Complete job	2026-09-11T01:07:21.7826080Z Terminate orphan process: pid (5540) (gpg-agent)
Integration (macos, Go 1.27.x)	Complete job	2026-09-11T01:07:21.8203370Z Terminate orphan process: pid (5538) (keyboxd)
