scenario,variant,time_ms,state,base_rtt_ms,sample_rtt_ms,min_rtt_ms,probe_cap_bytes,flight_bytes,queue_bytes,deadline_ms,round_boundary_bytes,min_stamp_ms,probe_min_ms,probe_stamp_ms,saved_cap_bytes,round_done,probe_total_ms,event
ordinary-queue,draft06,1000,ProbeBW,100,0,101,73730,584000,584000,0,0,1000,101,1000,73730,false,0,initial
ordinary-queue,draft06,1100,ProbeBW,100,0,101,73730,584000,438000,0,0,1000,101,1000,73730,false,0,
ordinary-queue,draft06,1200,ProbeBW,100,200,101,73730,584000,438000,0,0,1000,101,1000,73730,false,0,
ordinary-queue,draft06,1300,ProbeBW,100,300,101,73730,584000,438000,0,0,1000,101,1000,73730,false,0,
ordinary-queue,draft06,1400,ProbeBW,100,400,101,73730,584000,438000,0,0,1000,101,1000,73730,false,0,
ordinary-queue,draft06,1500,ProbeBW,100,500,101,73730,584000,438000,0,0,1000,101,1000,73730,false,0,
ordinary-queue,draft06,1600,ProbeBW,100,400,101,73730,584000,438000,0,0,1000,101,1000,73730,false,0,
ordinary-queue,draft06,1700,ProbeBW,100,400,101,73730,584000,438000,0,0,1000,101,1000,73730,false,0,
ordinary-queue,draft06,1800,ProbeBW,100,400,101,73730,584000,438000,0,0,1000,101,1000,73730,false,0,
ordinary-queue,draft06,1900,ProbeBW,100,400,101,73730,584000,438000,0,0,1000,101,1000,73730,false,0,
ordinary-queue,draft06,2000,ProbeBW,100,400,101,73730,584000,438000,0,0,1000,101,1000,73730,false,0,
ordinary-queue,draft06,2100,ProbeBW,100,400,101,73730,584000,438000,0,0,1000,101,1000,73730,false,0,
ordinary-queue,draft06,2200,ProbeBW,100,400,101,73730,584000,438000,0,0,1000,101,1000,73730,false,0,
ordinary-queue,draft06,2300,ProbeBW,100,400,101,73730,584000,438000,0,0,1000,101,1000,73730,false,0,
ordinary-queue,draft06,2400,ProbeBW,100,400,101,73730,584000,438000,0,0,1000,101,1000,73730,false,0,
ordinary-queue,draft06,2500,ProbeBW,100,400,101,73730,584000,438000,0,0,1000,101,1000,73730,false,0,
ordinary-queue,draft06,2600,ProbeBW,100,400,101,73730,584000,438000,0,0,1000,101,1000,73730,false,0,
ordinary-queue,draft06,2700,ProbeBW,100,400,101,73730,584000,438000,0,0,1000,101,1000,73730,false,0,
ordinary-queue,draft06,2800,ProbeBW,100,400,101,73730,584000,438000,0,0,1000,101,1000,73730,false,0,
ordinary-queue,draft06,2900,ProbeBW,100,400,101,73730,584000,438000,0,0,1000,101,1000,73730,false,0,
ordinary-queue,draft06,3000,ProbeBW,100,400,101,73730,584000,438000,0,0,1000,101,1000,73730,false,0,
ordinary-queue,draft06,3100,ProbeBW,100,400,101,73730,584000,438000,0,0,1000,101,1000,73730,false,0,
ordinary-queue,draft06,3200,ProbeBW,100,400,101,73730,584000,438000,0,0,1000,101,1000,73730,false,0,
ordinary-queue,draft06,3300,ProbeBW,100,400,101,73730,584000,438000,0,0,1000,101,1000,73730,false,0,
ordinary-queue,draft06,3400,ProbeBW,100,400,101,73730,584000,438000,0,0,1000,101,1000,73730,false,0,
ordinary-queue,draft06,3500,ProbeBW,100,400,101,73730,584000,438000,0,0,1000,101,1000,73730,false,0,
ordinary-queue,draft06,3600,ProbeBW,100,400,101,73730,584000,438000,0,0,1000,101,1000,73730,false,0,
ordinary-queue,draft06,3700,ProbeBW,100,400,101,73730,584000,438000,0,0,1000,101,1000,73730,false,0,
ordinary-queue,draft06,3800,ProbeBW,100,400,101,73730,584000,438000,0,0,1000,101,1000,73730,false,0,
ordinary-queue,draft06,3900,ProbeBW,100,400,101,73730,584000,438000,0,0,1000,101,1000,73730,false,0,
ordinary-queue,draft06,4000,ProbeBW,100,400,101,73730,584000,438000,0,0,1000,101,1000,73730,false,0,
ordinary-queue,draft06,4100,ProbeBW,100,400,101,73730,584000,438000,0,0,1000,101,1000,73730,false,0,
ordinary-queue,draft06,4200,ProbeBW,100,400,101,73730,584000,438000,0,0,1000,101,1000,73730,false,0,
ordinary-queue,draft06,4300,ProbeBW,100,400,101,73730,584000,438000,0,0,1000,101,1000,73730,false,0,
ordinary-queue,draft06,4400,ProbeBW,100,400,101,73730,584000,438000,0,0,1000,101,1000,73730,false,0,
ordinary-queue,draft06,4500,ProbeBW,100,400,101,73730,584000,438000,0,0,1000,101,1000,73730,false,0,
ordinary-queue,draft06,4600,ProbeBW,100,400,101,73730,584000,438000,0,0,1000,101,1000,73730,false,0,
ordinary-queue,draft06,4700,ProbeBW,100,400,101,73730,584000,438000,0,0,1000,101,1000,73730,false,0,
ordinary-queue,draft06,4800,ProbeBW,100,400,101,73730,584000,438000,0,0,1000,101,1000,73730,false,0,
ordinary-queue,draft06,4900,ProbeBW,100,400,101,73730,584000,438000,0,0,1000,101,1000,73730,false,0,
ordinary-queue,draft06,5000,ProbeBW,100,400,101,73730,584000,438000,0,0,1000,101,1000,73730,false,0,
ordinary-queue,draft06,5100,ProbeBW,100,400,101,73730,584000,438000,0,0,1000,101,1000,73730,false,0,
ordinary-queue,draft06,5200,ProbeBW,100,400,101,73730,584000,438000,0,0,1000,101,1000,73730,false,0,
ordinary-queue,draft06,5300,ProbeBW,100,400,101,73730,584000,438000,0,0,1000,101,1000,73730,false,0,
ordinary-queue,draft06,5400,ProbeBW,100,400,101,73730,584000,438000,0,0,1000,101,1000,73730,false,0,
ordinary-queue,draft06,5500,ProbeBW,100,400,101,73730,584000,438000,0,0,1000,101,1000,73730,false,0,
ordinary-queue,draft06,5600,ProbeBW,100,400,101,73730,584000,438000,0,0,1000,101,1000,73730,false,0,
ordinary-queue,draft06,5700,ProbeBW,100,400,101,73730,584000,438000,0,0,1000,101,1000,73730,false,0,
ordinary-queue,draft06,5800,ProbeBW,100,400,101,73730,584000,438000,0,0,1000,101,1000,73730,false,0,
ordinary-queue,draft06,5900,ProbeBW,100,400,101,73730,584000,438000,0,0,1000,101,1000,73730,false,0,
ordinary-queue,draft06,6000,ProbeBW,100,400,101,73730,584000,438000,0,0,1000,101,1000,73730,false,0,
ordinary-queue,draft06,6001,ProbeRTT,100,400,101,73730,582540,436540,0,0,1000,400,6001,73730,false,0,enter;
ordinary-queue,draft06,6100,ProbeRTT,100,400,101,73730,438000,292000,0,0,1000,400,6001,73730,false,99,
ordinary-queue,draft06,6200,ProbeRTT,100,400,101,73730,292000,146000,0,0,1000,400,6001,73730,false,199,
ordinary-queue,draft06,6300,ProbeRTT,100,400,101,73730,146000,0,0,0,1000,400,6001,73730,false,299,
ordinary-queue,draft06,6350,ProbeRTT,100,400,101,73730,73000,0,6550,7665000,1000,400,6001,73730,false,349,timer-start;
ordinary-queue,draft06,6400,ProbeRTT,100,400,101,73730,73000,1460,6550,7665000,1000,400,6001,73730,false,399,
ordinary-queue,draft06,6500,ProbeRTT,100,101,101,73730,73000,1460,6550,7665000,1000,101,6452,73730,true,499,
ordinary-queue,draft06,6553,ProbeBW,100,101,101,73730,73000,1460,6550,7665000,1000,101,6553,73730,true,552,exit;
ordinary-queue,draft06,6600,ProbeBW,100,101,101,73730,73000,1460,6550,7665000,1000,101,6553,73730,true,552,
ordinary-queue,draft06,6700,ProbeBW,100,101,101,73730,147460,1460,6550,7665000,1000,101,6553,73730,true,552,
ordinary-queue,draft06,6800,ProbeBW,100,101,101,73730,147460,1460,6550,7665000,1000,101,6553,73730,true,552,
ordinary-queue,draft06,6900,ProbeBW,100,101,101,73730,147460,1460,6550,7665000,1000,101,6553,73730,true,552,
ordinary-queue,draft06,7000,ProbeBW,100,101,101,73730,147460,1460,6550,7665000,1000,101,6553,73730,true,552,
ordinary-queue,draft06,7100,ProbeBW,100,101,101,73730,147460,1460,6550,7665000,1000,101,6553,73730,true,552,
ordinary-queue,draft06,7200,ProbeBW,100,101,101,73730,147460,1460,6550,7665000,1000,101,6553,73730,true,552,
ordinary-queue,draft06,7300,ProbeBW,100,101,101,73730,147460,1460,6550,7665000,1000,101,6553,73730,true,552,
ordinary-queue,draft06,7400,ProbeBW,100,101,101,73730,147460,1460,6550,7665000,1000,101,6553,73730,true,552,
ordinary-queue,draft06,7500,ProbeBW,100,101,101,73730,147460,1460,6550,7665000,1000,101,6553,73730,true,552,
ordinary-queue,draft06,7600,ProbeBW,100,101,101,73730,147460,1460,6550,7665000,1000,101,6553,73730,true,552,
ordinary-queue,draft06,7700,ProbeBW,100,101,101,73730,147460,1460,6550,7665000,1000,101,6553,73730,true,552,
ordinary-queue,draft06,7800,ProbeBW,100,101,101,73730,147460,1460,6550,7665000,1000,101,6553,73730,true,552,
ordinary-queue,draft06,7900,ProbeBW,100,101,101,73730,147460,1460,6550,7665000,1000,101,6553,73730,true,552,
ordinary-queue,draft06,8000,ProbeBW,100,101,101,73730,147460,1460,6550,7665000,1000,101,6553,73730,true,552,
ordinary-queue,draft06,8100,ProbeBW,100,101,101,73730,147460,1460,6550,7665000,1000,101,6553,73730,true,552,
ordinary-queue,draft06,8200,ProbeBW,100,101,101,73730,147460,1460,6550,7665000,1000,101,6553,73730,true,552,
ordinary-queue,draft06,8300,ProbeBW,100,101,101,73730,147460,1460,6550,7665000,1000,101,6553,73730,true,552,
ordinary-queue,draft06,8400,ProbeBW,100,101,101,73730,147460,1460,6550,7665000,1000,101,6553,73730,true,552,
ordinary-queue,draft06,8500,ProbeBW,100,101,101,73730,147460,1460,6550,7665000,1000,101,6553,73730,true,552,
ordinary-queue,draft06,8600,ProbeBW,100,101,101,73730,147460,1460,6550,7665000,1000,101,6553,73730,true,552,
ordinary-queue,draft06,8700,ProbeBW,100,101,101,73730,147460,1460,6550,7665000,1000,101,6553,73730,true,552,
ordinary-queue,draft06,8800,ProbeBW,100,101,101,73730,147460,1460,6550,7665000,1000,101,6553,73730,true,552,
ordinary-queue,draft06,8900,ProbeBW,100,101,101,73730,147460,1460,6550,7665000,1000,101,6553,73730,true,552,
ordinary-queue,draft06,9000,ProbeBW,100,101,101,73730,147460,1460,6550,7665000,1000,101,6553,73730,true,552,
ordinary-queue,draft06,9100,ProbeBW,100,101,101,73730,147460,1460,6550,7665000,1000,101,6553,73730,true,552,
ordinary-queue,draft06,9200,ProbeBW,100,101,101,73730,147460,1460,6550,7665000,1000,101,6553,73730,true,552,
ordinary-queue,draft06,9300,ProbeBW,100,101,101,73730,147460,1460,6550,7665000,1000,101,6553,73730,true,552,
ordinary-queue,draft06,9400,ProbeBW,100,101,101,73730,147460,1460,6550,7665000,1000,101,6553,73730,true,552,
ordinary-queue,draft06,9500,ProbeBW,100,101,101,73730,147460,1460,6550,7665000,1000,101,6553,73730,true,552,
ordinary-queue,draft06,9600,ProbeBW,100,101,101,73730,147460,1460,6550,7665000,1000,101,6553,73730,true,552,
ordinary-queue,draft06,9700,ProbeBW,100,101,101,73730,147460,1460,6550,7665000,1000,101,6553,73730,true,552,
ordinary-queue,draft06,9800,ProbeBW,100,101,101,73730,147460,1460,6550,7665000,1000,101,6553,73730,true,552,
ordinary-queue,draft06,9900,ProbeBW,100,101,101,73730,147460,1460,6550,7665000,1000,101,6553,73730,true,552,
ordinary-queue,draft06,10000,ProbeBW,100,101,101,73730,147460,1460,6550,7665000,1000,101,6553,73730,true,552,
ordinary-queue,draft06,10100,ProbeBW,100,101,101,73730,147460,1460,6550,7665000,1000,101,6553,73730,true,552,
ordinary-queue,draft06,10200,ProbeBW,100,101,101,73730,147460,1460,6550,7665000,1000,101,6553,73730,true,552,
ordinary-queue,draft06,10300,ProbeBW,100,101,101,73730,147460,1460,6550,7665000,1000,101,6553,73730,true,552,
ordinary-queue,draft06,10400,ProbeBW,100,101,101,73730,147460,1460,6550,7665000,1000,101,6553,73730,true,552,
ordinary-queue,draft06,10500,ProbeBW,100,101,101,73730,147460,1460,6550,7665000,1000,101,6553,73730,true,552,
ordinary-queue,draft06,10600,ProbeBW,100,101,101,73730,147460,1460,6550,7665000,1000,101,6553,73730,true,552,
ordinary-queue,draft06,10700,ProbeBW,100,101,101,73730,147460,1460,6550,7665000,1000,101,6553,73730,true,552,
ordinary-queue,draft06,10800,ProbeBW,100,101,101,73730,147460,1460,6550,7665000,1000,101,6553,73730,true,552,
ordinary-queue,draft06,10900,ProbeBW,100,101,101,73730,147460,1460,6550,7665000,1000,101,6553,73730,true,552,
ordinary-queue,draft06,11000,ProbeBW,100,101,101,73730,147460,1460,6550,7665000,1000,101,6553,73730,true,552,
ordinary-queue,draft06,11100,ProbeBW,100,101,101,73730,147460,1460,6550,7665000,6553,101,6553,73730,true,552,
ordinary-queue,draft06,11200,ProbeBW,100,101,101,73730,147460,1460,6550,7665000,6553,101,6553,73730,true,552,
ordinary-queue,draft06,11300,ProbeBW,100,101,101,73730,147460,1460,6550,7665000,6553,101,6553,73730,true,552,
ordinary-queue,draft06,11400,ProbeBW,100,101,101,73730,147460,1460,6550,7665000,6553,101,6553,73730,true,552,
ordinary-queue,draft06,11500,ProbeBW,100,101,101,73730,147460,1460,6550,7665000,6553,101,6553,73730,true,552,
ordinary-queue,draft06,11554,ProbeRTT,100,101,101,73730,146000,0,0,7665000,6553,101,11554,73730,false,552,enter;
ordinary-queue,draft06,11600,ProbeRTT,100,101,101,73730,78840,0,0,7665000,6553,101,11554,73730,false,598,
ordinary-queue,draft06,11604,ProbeRTT,100,101,101,73730,73000,0,11804,15112460,6553,101,11554,73730,false,602,timer-start;
ordinary-queue,draft06,11700,ProbeRTT,100,101,101,73730,73000,0,11804,15112460,6553,101,11554,73730,false,698,
ordinary-queue,draft06,11800,ProbeRTT,100,101,101,73730,73000,0,11804,15112460,6553,101,11554,73730,true,798,
ordinary-queue,draft06,11807,ProbeBW,100,101,101,73730,73000,1460,11804,15112460,6553,101,11807,73730,true,805,exit;
ordinary-queue,draft06,11900,ProbeBW,100,101,101,73730,137240,1460,11804,15112460,6553,101,11807,73730,true,805,
ordinary-queue,draft06,12000,ProbeBW,100,101,101,73730,147460,1460,11804,15112460,6553,101,11807,73730,true,805,
ordinary-queue,draft06,12100,ProbeBW,100,101,101,73730,147460,1460,11804,15112460,6553,101,11807,73730,true,805,
ordinary-queue,draft06,12200,ProbeBW,100,101,101,73730,147460,1460,11804,15112460,6553,101,11807,73730,true,805,
ordinary-queue,draft06,12300,ProbeBW,100,101,101,73730,147460,1460,11804,15112460,6553,101,11807,73730,true,805,
ordinary-queue,draft06,12400,ProbeBW,100,101,101,73730,147460,1460,11804,15112460,6553,101,11807,73730,true,805,
ordinary-queue,draft06,12500,ProbeBW,100,101,101,73730,147460,1460,11804,15112460,6553,101,11807,73730,true,805,
ordinary-queue,draft06,12600,ProbeBW,100,101,101,73730,147460,1460,11804,15112460,6553,101,11807,73730,true,805,
ordinary-queue,draft06,12700,ProbeBW,100,101,101,73730,147460,1460,11804,15112460,6553,101,11807,73730,true,805,
ordinary-queue,draft06,12800,ProbeBW,100,101,101,73730,147460,1460,11804,15112460,6553,101,11807,73730,true,805,
ordinary-queue,draft06,12900,ProbeBW,100,101,101,73730,147460,1460,11804,15112460,6553,101,11807,73730,true,805,
ordinary-queue,draft06,13000,ProbeBW,100,101,101,73730,147460,1460,11804,15112460,6553,101,11807,73730,true,805,
ordinary-queue,draft06,13100,ProbeBW,100,101,101,73730,147460,1460,11804,15112460,6553,101,11807,73730,true,805,
ordinary-queue,draft06,13200,ProbeBW,100,101,101,73730,147460,1460,11804,15112460,6553,101,11807,73730,true,805,
ordinary-queue,draft06,13300,ProbeBW,100,101,101,73730,147460,1460,11804,15112460,6553,101,11807,73730,true,805,
ordinary-queue,draft06,13400,ProbeBW,100,101,101,73730,147460,1460,11804,15112460,6553,101,11807,73730,true,805,
ordinary-queue,draft06,13500,ProbeBW,100,101,101,73730,147460,1460,11804,15112460,6553,101,11807,73730,true,805,
ordinary-queue,draft06,13600,ProbeBW,100,101,101,73730,147460,1460,11804,15112460,6553,101,11807,73730,true,805,
ordinary-queue,draft06,13700,ProbeBW,100,101,101,73730,147460,1460,11804,15112460,6553,101,11807,73730,true,805,
ordinary-queue,draft06,13800,ProbeBW,100,101,101,73730,147460,1460,11804,15112460,6553,101,11807,73730,true,805,
ordinary-queue,draft06,13900,ProbeBW,100,101,101,73730,147460,1460,11804,15112460,6553,101,11807,73730,true,805,
ordinary-queue,draft06,14000,ProbeBW,100,101,101,73730,147460,1460,11804,15112460,6553,101,11807,73730,true,805,
ordinary-queue,draft06,14100,ProbeBW,100,101,101,73730,147460,1460,11804,15112460,6553,101,11807,73730,true,805,
ordinary-queue,draft06,14200,ProbeBW,100,101,101,73730,147460,1460,11804,15112460,6553,101,11807,73730,true,805,
ordinary-queue,draft06,14300,ProbeBW,100,101,101,73730,147460,1460,11804,15112460,6553,101,11807,73730,true,805,
ordinary-queue,draft06,14400,ProbeBW,100,101,101,73730,147460,1460,11804,15112460,6553,101,11807,73730,true,805,
ordinary-queue,draft06,14500,ProbeBW,100,101,101,73730,147460,1460,11804,15112460,6553,101,11807,73730,true,805,
ordinary-queue,draft06,14600,ProbeBW,100,101,101,73730,147460,1460,11804,15112460,6553,101,11807,73730,true,805,
ordinary-queue,draft06,14700,ProbeBW,100,101,101,73730,147460,1460,11804,15112460,6553,101,11807,73730,true,805,
ordinary-queue,draft06,14800,ProbeBW,100,101,101,73730,147460,1460,11804,15112460,6553,101,11807,73730,true,805,
ordinary-queue,draft06,14900,ProbeBW,100,101,101,73730,147460,1460,11804,15112460,6553,101,11807,73730,true,805,
ordinary-queue,draft06,15000,ProbeBW,100,101,101,73730,147460,1460,11804,15112460,6553,101,11807,73730,true,805,
ordinary-queue,proposal,1000,ProbeBW,100,0,101,73730,584000,584000,0,0,1000,101,1000,73730,false,0,initial
ordinary-queue,proposal,1100,ProbeBW,100,0,101,73730,584000,438000,0,0,1000,101,1000,73730,false,0,
ordinary-queue,proposal,1200,ProbeBW,100,200,101,73730,584000,438000,0,0,1101,101,1000,73730,false,0,
ordinary-queue,proposal,1300,ProbeBW,100,300,101,73730,584000,438000,0,0,1101,101,1000,73730,false,0,
ordinary-queue,proposal,1400,ProbeBW,100,400,101,73730,584000,438000,0,0,1101,101,1000,73730,false,0,
ordinary-queue,proposal,1500,ProbeBW,100,500,101,73730,584000,438000,0,0,1101,101,1000,73730,false,0,
ordinary-queue,proposal,1600,ProbeBW,100,400,101,73730,584000,438000,0,0,1101,101,1000,73730,false,0,
ordinary-queue,proposal,1700,ProbeBW,100,400,101,73730,584000,438000,0,0,1101,101,1000,73730,false,0,
ordinary-queue,proposal,1800,ProbeBW,100,400,101,73730,584000,438000,0,0,1101,101,1000,73730,false,0,
ordinary-queue,proposal,1900,ProbeBW,100,400,101,73730,584000,438000,0,0,1101,101,1000,73730,false,0,
ordinary-queue,proposal,2000,ProbeBW,100,400,101,73730,584000,438000,0,0,1101,101,1000,73730,false,0,
ordinary-queue,proposal,2100,ProbeBW,100,400,101,73730,584000,438000,0,0,1101,101,1000,73730,false,0,
ordinary-queue,proposal,2200,ProbeBW,100,400,101,73730,584000,438000,0,0,1101,101,1000,73730,false,0,
ordinary-queue,proposal,2300,ProbeBW,100,400,101,73730,584000,438000,0,0,1101,101,1000,73730,false,0,
ordinary-queue,proposal,2400,ProbeBW,100,400,101,73730,584000,438000,0,0,1101,101,1000,73730,false,0,
ordinary-queue,proposal,2500,ProbeBW,100,400,101,73730,584000,438000,0,0,1101,101,1000,73730,false,0,
ordinary-queue,proposal,2600,ProbeBW,100,400,101,73730,584000,438000,0,0,1101,101,1000,73730,false,0,
ordinary-queue,proposal,2700,ProbeBW,100,400,101,73730,584000,438000,0,0,1101,101,1000,73730,false,0,
ordinary-queue,proposal,2800,ProbeBW,100,400,101,73730,584000,438000,0,0,1101,101,1000,73730,false,0,
ordinary-queue,proposal,2900,ProbeBW,100,400,101,73730,584000,438000,0,0,1101,101,1000,73730,false,0,
ordinary-queue,proposal,3000,ProbeBW,100,400,101,73730,584000,438000,0,0,1101,101,1000,73730,false,0,
ordinary-queue,proposal,3100,ProbeBW,100,400,101,73730,584000,438000,0,0,1101,101,1000,73730,false,0,
ordinary-queue,proposal,3200,ProbeBW,100,400,101,73730,584000,438000,0,0,1101,101,1000,73730,false,0,
ordinary-queue,proposal,3300,ProbeBW,100,400,101,73730,584000,438000,0,0,1101,101,1000,73730,false,0,
ordinary-queue,proposal,3400,ProbeBW,100,400,101,73730,584000,438000,0,0,1101,101,1000,73730,false,0,
ordinary-queue,proposal,3500,ProbeBW,100,400,101,73730,584000,438000,0,0,1101,101,1000,73730,false,0,
ordinary-queue,proposal,3600,ProbeBW,100,400,101,73730,584000,438000,0,0,1101,101,1000,73730,false,0,
ordinary-queue,proposal,3700,ProbeBW,100,400,101,73730,584000,438000,0,0,1101,101,1000,73730,false,0,
ordinary-queue,proposal,3800,ProbeBW,100,400,101,73730,584000,438000,0,0,1101,101,1000,73730,false,0,
ordinary-queue,proposal,3900,ProbeBW,100,400,101,73730,584000,438000,0,0,1101,101,1000,73730,false,0,
ordinary-queue,proposal,4000,ProbeBW,100,400,101,73730,584000,438000,0,0,1101,101,1000,73730,false,0,
ordinary-queue,proposal,4100,ProbeBW,100,400,101,73730,584000,438000,0,0,1101,101,1000,73730,false,0,
ordinary-queue,proposal,4200,ProbeBW,100,400,101,73730,584000,438000,0,0,1101,101,1000,73730,false,0,
ordinary-queue,proposal,4300,ProbeBW,100,400,101,73730,584000,438000,0,0,1101,101,1000,73730,false,0,
ordinary-queue,proposal,4400,ProbeBW,100,400,101,73730,584000,438000,0,0,1101,101,1000,73730,false,0,
ordinary-queue,proposal,4500,ProbeBW,100,400,101,73730,584000,438000,0,0,1101,101,1000,73730,false,0,
ordinary-queue,proposal,4600,ProbeBW,100,400,101,73730,584000,438000,0,0,1101,101,1000,73730,false,0,
ordinary-queue,proposal,4700,ProbeBW,100,400,101,73730,584000,438000,0,0,1101,101,1000,73730,false,0,
ordinary-queue,proposal,4800,ProbeBW,100,400,101,73730,584000,438000,0,0,1101,101,1000,73730,false,0,
ordinary-queue,proposal,4900,ProbeBW,100,400,101,73730,584000,438000,0,0,1101,101,1000,73730,false,0,
ordinary-queue,proposal,5000,ProbeBW,100,400,101,73730,584000,438000,0,0,1101,101,1000,73730,false,0,
ordinary-queue,proposal,5100,ProbeBW,100,400,101,73730,584000,438000,0,0,1101,101,1000,73730,false,0,
ordinary-queue,proposal,5200,ProbeBW,100,400,101,73730,584000,438000,0,0,1101,101,1000,73730,false,0,
ordinary-queue,proposal,5300,ProbeBW,100,400,101,73730,584000,438000,0,0,1101,101,1000,73730,false,0,
ordinary-queue,proposal,5400,ProbeBW,100,400,101,73730,584000,438000,0,0,1101,101,1000,73730,false,0,
ordinary-queue,proposal,5500,ProbeBW,100,400,101,73730,584000,438000,0,0,1101,101,1000,73730,false,0,
ordinary-queue,proposal,5600,ProbeBW,100,400,101,73730,584000,438000,0,0,1101,101,1000,73730,false,0,
ordinary-queue,proposal,5700,ProbeBW,100,400,101,73730,584000,438000,0,0,1101,101,1000,73730,false,0,
ordinary-queue,proposal,5800,ProbeBW,100,400,101,73730,584000,438000,0,0,1101,101,1000,73730,false,0,
ordinary-queue,proposal,5900,ProbeBW,100,400,101,73730,584000,438000,0,0,1101,101,1000,73730,false,0,
ordinary-queue,proposal,6000,ProbeBW,100,400,101,73730,584000,438000,0,0,1101,101,1000,73730,false,0,
ordinary-queue,proposal,6100,ProbeBW,100,400,101,73730,584000,438000,0,0,1101,101,1000,73730,false,0,
ordinary-queue,proposal,6200,ProbeBW,100,400,101,73730,584000,438000,0,0,1101,101,1000,73730,false,0,
ordinary-queue,proposal,6300,ProbeBW,100,400,101,73730,584000,438000,0,0,1101,101,1000,73730,false,0,
ordinary-queue,proposal,6400,ProbeBW,100,400,101,73730,584000,438000,0,0,1101,101,1000,73730,false,0,
ordinary-queue,proposal,6500,ProbeBW,100,400,101,73730,584000,438000,0,0,1101,101,1000,73730,false,0,
ordinary-queue,proposal,6600,ProbeBW,100,400,101,73730,584000,438000,0,0,1101,101,1000,73730,false,0,
ordinary-queue,proposal,6700,ProbeBW,100,400,101,73730,584000,438000,0,0,1101,101,1000,73730,false,0,
ordinary-queue,proposal,6800,ProbeBW,100,400,101,73730,584000,438000,0,0,1101,101,1000,73730,false,0,
ordinary-queue,proposal,6900,ProbeBW,100,400,101,73730,584000,438000,0,0,1101,101,1000,73730,false,0,
ordinary-queue,proposal,7000,ProbeBW,100,400,101,73730,584000,438000,0,0,1101,101,1000,73730,false,0,
ordinary-queue,proposal,7100,ProbeBW,100,400,101,73730,584000,438000,0,0,1101,101,1000,73730,false,0,
ordinary-queue,proposal,7200,ProbeBW,100,400,101,73730,584000,438000,0,0,1101,101,1000,73730,false,0,
ordinary-queue,proposal,7300,ProbeBW,100,400,101,73730,584000,438000,0,0,1101,101,1000,73730,false,0,
ordinary-queue,proposal,7400,ProbeBW,100,400,101,73730,584000,438000,0,0,1101,101,1000,73730,false,0,
ordinary-queue,proposal,7500,ProbeBW,100,400,101,73730,584000,438000,0,0,1101,101,1000,73730,false,0,
ordinary-queue,proposal,7600,ProbeBW,100,400,101,73730,584000,438000,0,0,1101,101,1000,73730,false,0,
ordinary-queue,proposal,7700,ProbeBW,100,400,101,73730,584000,438000,0,0,1101,101,1000,73730,false,0,
ordinary-queue,proposal,7800,ProbeBW,100,400,101,73730,584000,438000,0,0,1101,101,1000,73730,false,0,
ordinary-queue,proposal,7900,ProbeBW,100,400,101,73730,584000,438000,0,0,1101,101,1000,73730,false,0,
ordinary-queue,proposal,8000,ProbeBW,100,400,101,73730,584000,438000,0,0,1101,101,1000,73730,false,0,
ordinary-queue,proposal,8100,ProbeBW,100,400,101,73730,584000,438000,0,0,1101,101,1000,73730,false,0,
ordinary-queue,proposal,8200,ProbeBW,100,400,101,73730,584000,438000,0,0,1101,101,1000,73730,false,0,
ordinary-queue,proposal,8300,ProbeBW,100,400,101,73730,584000,438000,0,0,1101,101,1000,73730,false,0,
ordinary-queue,proposal,8400,ProbeBW,100,400,101,73730,584000,438000,0,0,1101,101,1000,73730,false,0,
ordinary-queue,proposal,8500,ProbeBW,100,400,101,73730,584000,438000,0,0,1101,101,1000,73730,false,0,
ordinary-queue,proposal,8600,ProbeBW,100,400,101,73730,584000,438000,0,0,1101,101,1000,73730,false,0,
ordinary-queue,proposal,8700,ProbeBW,100,400,101,73730,584000,438000,0,0,1101,101,1000,73730,false,0,
ordinary-queue,proposal,8800,ProbeBW,100,400,101,73730,584000,438000,0,0,1101,101,1000,73730,false,0,
ordinary-queue,proposal,8900,ProbeBW,100,400,101,73730,584000,438000,0,0,1101,101,1000,73730,false,0,
ordinary-queue,proposal,9000,ProbeBW,100,400,101,73730,584000,438000,0,0,1101,101,1000,73730,false,0,
ordinary-queue,proposal,9100,ProbeBW,100,400,101,73730,584000,438000,0,0,1101,101,1000,73730,false,0,
ordinary-queue,proposal,9200,ProbeBW,100,400,101,73730,584000,438000,0,0,1101,101,1000,73730,false,0,
ordinary-queue,proposal,9300,ProbeBW,100,400,101,73730,584000,438000,0,0,1101,101,1000,73730,false,0,
ordinary-queue,proposal,9400,ProbeBW,100,400,101,73730,584000,438000,0,0,1101,101,1000,73730,false,0,
ordinary-queue,proposal,9500,ProbeBW,100,400,101,73730,584000,438000,0,0,1101,101,1000,73730,false,0,
ordinary-queue,proposal,9600,ProbeBW,100,400,101,73730,584000,438000,0,0,1101,101,1000,73730,false,0,
ordinary-queue,proposal,9700,ProbeBW,100,400,101,73730,584000,438000,0,0,1101,101,1000,73730,false,0,
ordinary-queue,proposal,9800,ProbeBW,100,400,101,73730,584000,438000,0,0,1101,101,1000,73730,false,0,
ordinary-queue,proposal,9900,ProbeBW,100,400,101,73730,584000,438000,0,0,1101,101,1000,73730,false,0,
ordinary-queue,proposal,10000,ProbeBW,100,400,101,73730,584000,438000,0,0,1101,101,1000,73730,false,0,
ordinary-queue,proposal,10100,ProbeBW,100,400,101,73730,584000,438000,0,0,1101,101,1000,73730,false,0,
ordinary-queue,proposal,10200,ProbeBW,100,400,101,73730,584000,438000,0,0,1101,101,1000,73730,false,0,
ordinary-queue,proposal,10300,ProbeBW,100,400,101,73730,584000,438000,0,0,1101,101,1000,73730,false,0,
ordinary-queue,proposal,10400,ProbeBW,100,400,101,73730,584000,438000,0,0,1101,101,1000,73730,false,0,
ordinary-queue,proposal,10500,ProbeBW,100,400,101,73730,584000,438000,0,0,1101,101,1000,73730,false,0,
ordinary-queue,proposal,10600,ProbeBW,100,400,101,73730,584000,438000,0,0,1101,101,1000,73730,false,0,
ordinary-queue,proposal,10700,ProbeBW,100,400,101,73730,584000,438000,0,0,1101,101,1000,73730,false,0,
ordinary-queue,proposal,10800,ProbeBW,100,400,101,73730,584000,438000,0,0,1101,101,1000,73730,false,0,
ordinary-queue,proposal,10900,ProbeBW,100,400,101,73730,584000,438000,0,0,1101,101,1000,73730,false,0,
ordinary-queue,proposal,11000,ProbeBW,100,400,101,73730,584000,438000,0,0,1101,101,1000,73730,false,0,
ordinary-queue,proposal,11100,ProbeBW,100,400,101,73730,584000,438000,0,0,1101,101,1000,73730,false,0,
ordinary-queue,proposal,11102,ProbeRTT,100,400,400,73730,582540,436540,0,0,11102,101,1000,73730,false,0,enter;
ordinary-queue,proposal,11200,ProbeRTT,100,400,400,73730,439460,293460,0,0,11200,101,1000,73730,false,98,
ordinary-queue,proposal,11300,ProbeRTT,100,400,400,73730,293460,147460,0,0,11300,101,1000,73730,false,198,
ordinary-queue,proposal,11400,ProbeRTT,100,400,400,73730,147460,1460,0,0,11400,101,1000,73730,false,298,
ordinary-queue,proposal,11451,ProbeRTT,100,400,400,73730,73000,0,11651,15112460,11451,101,1000,73730,false,349,timer-start;
ordinary-queue,proposal,11500,ProbeRTT,100,400,400,73730,73000,1460,11651,15112460,11500,101,1000,73730,false,398,
ordinary-queue,proposal,11553,ProbeRTT,100,101,101,73730,73000,1460,11651,15112460,11553,101,1000,73730,true,451,minimum changed;
ordinary-queue,proposal,11600,ProbeRTT,100,101,101,73730,73000,1460,11651,15112460,11600,101,1000,73730,true,498,
ordinary-queue,proposal,11654,ProbeBW,100,101,101,73730,73000,1460,11651,15112460,11654,101,1000,73730,true,552,exit;
ordinary-queue,proposal,11700,ProbeBW,100,101,101,73730,73000,1460,11651,15112460,11700,101,1000,73730,true,552,
ordinary-queue,proposal,11800,ProbeBW,100,101,101,73730,147460,1460,11651,15112460,11800,101,1000,73730,true,552,
ordinary-queue,proposal,11900,ProbeBW,100,101,101,73730,147460,1460,11651,15112460,11900,101,1000,73730,true,552,
ordinary-queue,proposal,12000,ProbeBW,100,101,101,73730,147460,1460,11651,15112460,12000,101,1000,73730,true,552,
ordinary-queue,proposal,12100,ProbeBW,100,101,101,73730,147460,1460,11651,15112460,12100,101,1000,73730,true,552,
ordinary-queue,proposal,12200,ProbeBW,100,101,101,73730,147460,1460,11651,15112460,12200,101,1000,73730,true,552,
ordinary-queue,proposal,12300,ProbeBW,100,101,101,73730,147460,1460,11651,15112460,12300,101,1000,73730,true,552,
ordinary-queue,proposal,12400,ProbeBW,100,101,101,73730,147460,1460,11651,15112460,12400,101,1000,73730,true,552,
ordinary-queue,proposal,12500,ProbeBW,100,101,101,73730,147460,1460,11651,15112460,12500,101,1000,73730,true,552,
ordinary-queue,proposal,12600,ProbeBW,100,101,101,73730,147460,1460,11651,15112460,12600,101,1000,73730,true,552,
ordinary-queue,proposal,12700,ProbeBW,100,101,101,73730,147460,1460,11651,15112460,12700,101,1000,73730,true,552,
ordinary-queue,proposal,12800,ProbeBW,100,101,101,73730,147460,1460,11651,15112460,12800,101,1000,73730,true,552,
ordinary-queue,proposal,12900,ProbeBW,100,101,101,73730,147460,1460,11651,15112460,12900,101,1000,73730,true,552,
ordinary-queue,proposal,13000,ProbeBW,100,101,101,73730,147460,1460,11651,15112460,13000,101,1000,73730,true,552,
ordinary-queue,proposal,13100,ProbeBW,100,101,101,73730,147460,1460,11651,15112460,13100,101,1000,73730,true,552,
ordinary-queue,proposal,13200,ProbeBW,100,101,101,73730,147460,1460,11651,15112460,13200,101,1000,73730,true,552,
ordinary-queue,proposal,13300,ProbeBW,100,101,101,73730,147460,1460,11651,15112460,13300,101,1000,73730,true,552,
ordinary-queue,proposal,13400,ProbeBW,100,101,101,73730,147460,1460,11651,15112460,13400,101,1000,73730,true,552,
ordinary-queue,proposal,13500,ProbeBW,100,101,101,73730,147460,1460,11651,15112460,13500,101,1000,73730,true,552,
ordinary-queue,proposal,13600,ProbeBW,100,101,101,73730,147460,1460,11651,15112460,13600,101,1000,73730,true,552,
ordinary-queue,proposal,13700,ProbeBW,100,101,101,73730,147460,1460,11651,15112460,13700,101,1000,73730,true,552,
ordinary-queue,proposal,13800,ProbeBW,100,101,101,73730,147460,1460,11651,15112460,13800,101,1000,73730,true,552,
ordinary-queue,proposal,13900,ProbeBW,100,101,101,73730,147460,1460,11651,15112460,13900,101,1000,73730,true,552,
ordinary-queue,proposal,14000,ProbeBW,100,101,101,73730,147460,1460,11651,15112460,14000,101,1000,73730,true,552,
ordinary-queue,proposal,14100,ProbeBW,100,101,101,73730,147460,1460,11651,15112460,14100,101,1000,73730,true,552,
ordinary-queue,proposal,14200,ProbeBW,100,101,101,73730,147460,1460,11651,15112460,14200,101,1000,73730,true,552,
ordinary-queue,proposal,14300,ProbeBW,100,101,101,73730,147460,1460,11651,15112460,14300,101,1000,73730,true,552,
ordinary-queue,proposal,14400,ProbeBW,100,101,101,73730,147460,1460,11651,15112460,14400,101,1000,73730,true,552,
ordinary-queue,proposal,14500,ProbeBW,100,101,101,73730,147460,1460,11651,15112460,14500,101,1000,73730,true,552,
ordinary-queue,proposal,14600,ProbeBW,100,101,101,73730,147460,1460,11651,15112460,14600,101,1000,73730,true,552,
ordinary-queue,proposal,14700,ProbeBW,100,101,101,73730,147460,1460,11651,15112460,14700,101,1000,73730,true,552,
ordinary-queue,proposal,14800,ProbeBW,100,101,101,73730,147460,1460,11651,15112460,14800,101,1000,73730,true,552,
ordinary-queue,proposal,14900,ProbeBW,100,101,101,73730,147460,1460,11651,15112460,14900,101,1000,73730,true,552,
ordinary-queue,proposal,15000,ProbeBW,100,101,101,73730,147460,1460,11651,15112460,15000,101,1000,73730,true,552,
ordinary-queue,quiche,1000,ProbeBW,100,0,101,73730,584000,584000,0,0,1000,101,1000,73730,false,0,initial
ordinary-queue,quiche,1100,ProbeBW,100,0,101,73730,584000,438000,0,0,1000,101,1000,73730,false,0,
ordinary-queue,quiche,1200,ProbeBW,100,200,101,73730,584000,438000,0,0,1000,101,1000,73730,false,0,
ordinary-queue,quiche,1300,ProbeBW,100,300,101,73730,584000,438000,0,0,1000,101,1000,73730,false,0,
ordinary-queue,quiche,1400,ProbeBW,100,400,101,73730,584000,438000,0,0,1000,101,1000,73730,false,0,
ordinary-queue,quiche,1500,ProbeBW,100,500,101,73730,584000,438000,0,0,1000,101,1000,73730,false,0,
ordinary-queue,quiche,1600,ProbeBW,100,400,101,73730,584000,438000,0,0,1000,101,1000,73730,false,0,
ordinary-queue,quiche,1700,ProbeBW,100,400,101,73730,584000,438000,0,0,1000,101,1000,73730,false,0,
ordinary-queue,quiche,1800,ProbeBW,100,400,101,73730,584000,438000,0,0,1000,101,1000,73730,false,0,
ordinary-queue,quiche,1900,ProbeBW,100,400,101,73730,584000,438000,0,0,1000,101,1000,73730,false,0,
ordinary-queue,quiche,2000,ProbeBW,100,400,101,73730,584000,438000,0,0,1000,101,1000,73730,false,0,
ordinary-queue,quiche,2100,ProbeBW,100,400,101,73730,584000,438000,0,0,1000,101,1000,73730,false,0,
ordinary-queue,quiche,2200,ProbeBW,100,400,101,73730,584000,438000,0,0,1000,101,1000,73730,false,0,
ordinary-queue,quiche,2300,ProbeBW,100,400,101,73730,584000,438000,0,0,1000,101,1000,73730,false,0,
ordinary-queue,quiche,2400,ProbeBW,100,400,101,73730,584000,438000,0,0,1000,101,1000,73730,false,0,
ordinary-queue,quiche,2500,ProbeBW,100,400,101,73730,584000,438000,0,0,1000,101,1000,73730,false,0,
ordinary-queue,quiche,2600,ProbeBW,100,400,101,73730,584000,438000,0,0,1000,101,1000,73730,false,0,
ordinary-queue,quiche,2700,ProbeBW,100,400,101,73730,584000,438000,0,0,1000,101,1000,73730,false,0,
ordinary-queue,quiche,2800,ProbeBW,100,400,101,73730,584000,438000,0,0,1000,101,1000,73730,false,0,
ordinary-queue,quiche,2900,ProbeBW,100,400,101,73730,584000,438000,0,0,1000,101,1000,73730,false,0,
ordinary-queue,quiche,3000,ProbeBW,100,400,101,73730,584000,438000,0,0,1000,101,1000,73730,false,0,
ordinary-queue,quiche,3100,ProbeBW,100,400,101,73730,584000,438000,0,0,1000,101,1000,73730,false,0,
ordinary-queue,quiche,3200,ProbeBW,100,400,101,73730,584000,438000,0,0,1000,101,1000,73730,false,0,
ordinary-queue,quiche,3300,ProbeBW,100,400,101,73730,584000,438000,0,0,1000,101,1000,73730,false,0,
ordinary-queue,quiche,3400,ProbeBW,100,400,101,73730,584000,438000,0,0,1000,101,1000,73730,false,0,
ordinary-queue,quiche,3500,ProbeBW,100,400,101,73730,584000,438000,0,0,1000,101,1000,73730,false,0,
ordinary-queue,quiche,3600,ProbeBW,100,400,101,73730,584000,438000,0,0,1000,101,1000,73730,false,0,
ordinary-queue,quiche,3700,ProbeBW,100,400,101,73730,584000,438000,0,0,1000,101,1000,73730,false,0,
ordinary-queue,quiche,3800,ProbeBW,100,400,101,73730,584000,438000,0,0,1000,101,1000,73730,false,0,
ordinary-queue,quiche,3900,ProbeBW,100,400,101,73730,584000,438000,0,0,1000,101,1000,73730,false,0,
ordinary-queue,quiche,4000,ProbeBW,100,400,101,73730,584000,438000,0,0,1000,101,1000,73730,false,0,
ordinary-queue,quiche,4100,ProbeBW,100,400,101,73730,584000,438000,0,0,1000,101,1000,73730,false,0,
ordinary-queue,quiche,4200,ProbeBW,100,400,101,73730,584000,438000,0,0,1000,101,1000,73730,false,0,
ordinary-queue,quiche,4300,ProbeBW,100,400,101,73730,584000,438000,0,0,1000,101,1000,73730,false,0,
ordinary-queue,quiche,4400,ProbeBW,100,400,101,73730,584000,438000,0,0,1000,101,1000,73730,false,0,
ordinary-queue,quiche,4500,ProbeBW,100,400,101,73730,584000,438000,0,0,1000,101,1000,73730,false,0,
ordinary-queue,quiche,4600,ProbeBW,100,400,101,73730,584000,438000,0,0,1000,101,1000,73730,false,0,
ordinary-queue,quiche,4700,ProbeBW,100,400,101,73730,584000,438000,0,0,1000,101,1000,73730,false,0,
ordinary-queue,quiche,4800,ProbeBW,100,400,101,73730,584000,438000,0,0,1000,101,1000,73730,false,0,
ordinary-queue,quiche,4900,ProbeBW,100,400,101,73730,584000,438000,0,0,1000,101,1000,73730,false,0,
ordinary-queue,quiche,5000,ProbeBW,100,400,101,73730,584000,438000,0,0,1000,101,1000,73730,false,0,
ordinary-queue,quiche,5100,ProbeBW,100,400,101,73730,584000,438000,0,0,1000,101,1000,73730,false,0,
ordinary-queue,quiche,5200,ProbeBW,100,400,101,73730,584000,438000,0,0,1000,101,1000,73730,false,0,
ordinary-queue,quiche,5300,ProbeBW,100,400,101,73730,584000,438000,0,0,1000,101,1000,73730,false,0,
ordinary-queue,quiche,5400,ProbeBW,100,400,101,73730,584000,438000,0,0,1000,101,1000,73730,false,0,
ordinary-queue,quiche,5500,ProbeBW,100,400,101,73730,584000,438000,0,0,1000,101,1000,73730,false,0,
ordinary-queue,quiche,5600,ProbeBW,100,400,101,73730,584000,438000,0,0,1000,101,1000,73730,false,0,
ordinary-queue,quiche,5700,ProbeBW,100,400,101,73730,584000,438000,0,0,1000,101,1000,73730,false,0,
ordinary-queue,quiche,5800,ProbeBW,100,400,101,73730,584000,438000,0,0,1000,101,1000,73730,false,0,
ordinary-queue,quiche,5900,ProbeBW,100,400,101,73730,584000,438000,0,0,1000,101,1000,73730,false,0,
ordinary-queue,quiche,6000,ProbeBW,100,400,101,73730,584000,438000,0,0,1000,101,1000,73730,false,0,
ordinary-queue,quiche,6100,ProbeBW,100,400,101,73730,584000,438000,0,0,1000,101,1000,73730,false,0,
ordinary-queue,quiche,6200,ProbeBW,100,400,101,73730,584000,438000,0,0,1000,101,1000,73730,false,0,
ordinary-queue,quiche,6300,ProbeBW,100,400,101,73730,584000,438000,0,0,1000,101,1000,73730,false,0,
ordinary-queue,quiche,6400,ProbeBW,100,400,101,73730,584000,438000,0,0,1000,101,1000,73730,false,0,
ordinary-queue,quiche,6500,ProbeBW,100,400,101,73730,584000,438000,0,0,1000,101,1000,73730,false,0,
ordinary-queue,quiche,6600,ProbeBW,100,400,101,73730,584000,438000,0,0,1000,101,1000,73730,false,0,
ordinary-queue,quiche,6700,ProbeBW,100,400,101,73730,584000,438000,0,0,1000,101,1000,73730,false,0,
ordinary-queue,quiche,6800,ProbeBW,100,400,101,73730,584000,438000,0,0,1000,101,1000,73730,false,0,
ordinary-queue,quiche,6900,ProbeBW,100,400,101,73730,584000,438000,0,0,1000,101,1000,73730,false,0,
ordinary-queue,quiche,7000,ProbeBW,100,400,101,73730,584000,438000,0,0,1000,101,1000,73730,false,0,
ordinary-queue,quiche,7100,ProbeBW,100,400,101,73730,584000,438000,0,0,1000,101,1000,73730,false,0,
ordinary-queue,quiche,7200,ProbeBW,100,400,101,73730,584000,438000,0,0,1000,101,1000,73730,false,0,
ordinary-queue,quiche,7300,ProbeBW,100,400,101,73730,584000,438000,0,0,1000,101,1000,73730,false,0,
ordinary-queue,quiche,7400,ProbeBW,100,400,101,73730,584000,438000,0,0,1000,101,1000,73730,false,0,
ordinary-queue,quiche,7500,ProbeBW,100,400,101,73730,584000,438000,0,0,1000,101,1000,73730,false,0,
ordinary-queue,quiche,7600,ProbeBW,100,400,101,73730,584000,438000,0,0,1000,101,1000,73730,false,0,
ordinary-queue,quiche,7700,ProbeBW,100,400,101,73730,584000,438000,0,0,1000,101,1000,73730,false,0,
ordinary-queue,quiche,7800,ProbeBW,100,400,101,73730,584000,438000,0,0,1000,101,1000,73730,false,0,
ordinary-queue,quiche,7900,ProbeBW,100,400,101,73730,584000,438000,0,0,1000,101,1000,73730,false,0,
ordinary-queue,quiche,8000,ProbeBW,100,400,101,73730,584000,438000,0,0,1000,101,1000,73730,false,0,
ordinary-queue,quiche,8100,ProbeBW,100,400,101,73730,584000,438000,0,0,1000,101,1000,73730,false,0,
ordinary-queue,quiche,8200,ProbeBW,100,400,101,73730,584000,438000,0,0,1000,101,1000,73730,false,0,
ordinary-queue,quiche,8300,ProbeBW,100,400,101,73730,584000,438000,0,0,1000,101,1000,73730,false,0,
ordinary-queue,quiche,8400,ProbeBW,100,400,101,73730,584000,438000,0,0,1000,101,1000,73730,false,0,
ordinary-queue,quiche,8500,ProbeBW,100,400,101,73730,584000,438000,0,0,1000,101,1000,73730,false,0,
ordinary-queue,quiche,8600,ProbeBW,100,400,101,73730,584000,438000,0,0,1000,101,1000,73730,false,0,
ordinary-queue,quiche,8700,ProbeBW,100,400,101,73730,584000,438000,0,0,1000,101,1000,73730,false,0,
ordinary-queue,quiche,8800,ProbeBW,100,400,101,73730,584000,438000,0,0,1000,101,1000,73730,false,0,
ordinary-queue,quiche,8900,ProbeBW,100,400,101,73730,584000,438000,0,0,1000,101,1000,73730,false,0,
ordinary-queue,quiche,9000,ProbeBW,100,400,101,73730,584000,438000,0,0,1000,101,1000,73730,false,0,
ordinary-queue,quiche,9100,ProbeBW,100,400,101,73730,584000,438000,0,0,1000,101,1000,73730,false,0,
ordinary-queue,quiche,9200,ProbeBW,100,400,101,73730,584000,438000,0,0,1000,101,1000,73730,false,0,
ordinary-queue,quiche,9300,ProbeBW,100,400,101,73730,584000,438000,0,0,1000,101,1000,73730,false,0,
ordinary-queue,quiche,9400,ProbeBW,100,400,101,73730,584000,438000,0,0,1000,101,1000,73730,false,0,
ordinary-queue,quiche,9500,ProbeBW,100,400,101,73730,584000,438000,0,0,1000,101,1000,73730,false,0,
ordinary-queue,quiche,9600,ProbeBW,100,400,101,73730,584000,438000,0,0,1000,101,1000,73730,false,0,
ordinary-queue,quiche,9700,ProbeBW,100,400,101,73730,584000,438000,0,0,1000,101,1000,73730,false,0,
ordinary-queue,quiche,9800,ProbeBW,100,400,101,73730,584000,438000,0,0,1000,101,1000,73730,false,0,
ordinary-queue,quiche,9900,ProbeBW,100,400,101,73730,584000,438000,0,0,1000,101,1000,73730,false,0,
ordinary-queue,quiche,10000,ProbeBW,100,400,101,73730,584000,438000,0,0,1000,101,1000,73730,false,0,
ordinary-queue,quiche,10100,ProbeBW,100,400,101,73730,584000,438000,0,0,1000,101,1000,73730,false,0,
ordinary-queue,quiche,10200,ProbeBW,100,400,101,73730,584000,438000,0,0,1000,101,1000,73730,false,0,
ordinary-queue,quiche,10300,ProbeBW,100,400,101,73730,584000,438000,0,0,1000,101,1000,73730,false,0,
ordinary-queue,quiche,10400,ProbeBW,100,400,101,73730,584000,438000,0,0,1000,101,1000,73730,false,0,
ordinary-queue,quiche,10500,ProbeBW,100,400,101,73730,584000,438000,0,0,1000,101,1000,73730,false,0,
ordinary-queue,quiche,10600,ProbeBW,100,400,101,73730,584000,438000,0,0,1000,101,1000,73730,false,0,
ordinary-queue,quiche,10700,ProbeBW,100,400,101,73730,584000,438000,0,0,1000,101,1000,73730,false,0,
ordinary-queue,quiche,10800,ProbeBW,100,400,101,73730,584000,438000,0,0,1000,101,1000,73730,false,0,
ordinary-queue,quiche,10900,ProbeBW,100,400,101,73730,584000,438000,0,0,1000,101,1000,73730,false,0,
ordinary-queue,quiche,11000,ProbeRTT,100,400,400,292000,582540,436540,0,0,11000,101,1000,73730,false,0,enter;
ordinary-queue,quiche,11100,ProbeRTT,100,400,400,292000,436540,290540,0,0,11000,101,1000,73730,false,100,
ordinary-queue,quiche,11199,ProbeRTT,100,400,400,292000,292000,146000,11399,14744540,11000,101,1000,73730,false,199,timer-start;
ordinary-queue,quiche,11200,ProbeRTT,100,400,400,292000,292000,146000,11399,14744540,11000,101,1000,73730,false,200,
ordinary-queue,quiche,11300,ProbeRTT,100,400,400,292000,292000,146000,11399,14744540,11000,101,1000,73730,false,300,
ordinary-queue,quiche,11400,ProbeBW,100,200,200,146000,292000,146000,11399,14744540,11400,101,1000,73730,true,400,exit;
ordinary-queue,quiche,11500,ProbeBW,100,200,200,146000,292000,146000,11399,14744540,11400,101,1000,73730,true,400,
ordinary-queue,quiche,11600,ProbeBW,100,200,200,146000,292000,146000,11399,14744540,11400,101,1000,73730,true,400,
ordinary-queue,quiche,11700,ProbeBW,100,200,200,146000,292000,146000,11399,14744540,11400,101,1000,73730,true,400,
ordinary-queue,quiche,11800,ProbeBW,100,200,200,146000,292000,146000,11399,14744540,11400,101,1000,73730,true,400,
ordinary-queue,quiche,11900,ProbeBW,100,200,200,146000,292000,146000,11399,14744540,11400,101,1000,73730,true,400,
ordinary-queue,quiche,12000,ProbeBW,100,200,200,146000,292000,146000,11399,14744540,11400,101,1000,73730,true,400,
ordinary-queue,quiche,12100,ProbeBW,100,200,200,146000,292000,146000,11399,14744540,11400,101,1000,73730,true,400,
ordinary-queue,quiche,12200,ProbeBW,100,200,200,146000,292000,146000,11399,14744540,11400,101,1000,73730,true,400,
ordinary-queue,quiche,12300,ProbeBW,100,200,200,146000,292000,146000,11399,14744540,11400,101,1000,73730,true,400,
ordinary-queue,quiche,12400,ProbeBW,100,200,200,146000,292000,146000,11399,14744540,11400,101,1000,73730,true,400,
ordinary-queue,quiche,12500,ProbeBW,100,200,200,146000,292000,146000,11399,14744540,11400,101,1000,73730,true,400,
ordinary-queue,quiche,12600,ProbeBW,100,200,200,146000,292000,146000,11399,14744540,11400,101,1000,73730,true,400,
ordinary-queue,quiche,12700,ProbeBW,100,200,200,146000,292000,146000,11399,14744540,11400,101,1000,73730,true,400,
ordinary-queue,quiche,12800,ProbeBW,100,200,200,146000,292000,146000,11399,14744540,11400,101,1000,73730,true,400,
ordinary-queue,quiche,12900,ProbeBW,100,200,200,146000,292000,146000,11399,14744540,11400,101,1000,73730,true,400,
ordinary-queue,quiche,13000,ProbeBW,100,200,200,146000,292000,146000,11399,14744540,11400,101,1000,73730,true,400,
ordinary-queue,quiche,13100,ProbeBW,100,200,200,146000,292000,146000,11399,14744540,11400,101,1000,73730,true,400,
ordinary-queue,quiche,13200,ProbeBW,100,200,200,146000,292000,146000,11399,14744540,11400,101,1000,73730,true,400,
ordinary-queue,quiche,13300,ProbeBW,100,200,200,146000,292000,146000,11399,14744540,11400,101,1000,73730,true,400,
ordinary-queue,quiche,13400,ProbeBW,100,200,200,146000,292000,146000,11399,14744540,11400,101,1000,73730,true,400,
ordinary-queue,quiche,13500,ProbeBW,100,200,200,146000,292000,146000,11399,14744540,11400,101,1000,73730,true,400,
ordinary-queue,quiche,13600,ProbeBW,100,200,200,146000,292000,146000,11399,14744540,11400,101,1000,73730,true,400,
ordinary-queue,quiche,13700,ProbeBW,100,200,200,146000,292000,146000,11399,14744540,11400,101,1000,73730,true,400,
ordinary-queue,quiche,13800,ProbeBW,100,200,200,146000,292000,146000,11399,14744540,11400,101,1000,73730,true,400,
ordinary-queue,quiche,13900,ProbeBW,100,200,200,146000,292000,146000,11399,14744540,11400,101,1000,73730,true,400,
ordinary-queue,quiche,14000,ProbeBW,100,200,200,146000,292000,146000,11399,14744540,11400,101,1000,73730,true,400,
ordinary-queue,quiche,14100,ProbeBW,100,200,200,146000,292000,146000,11399,14744540,11400,101,1000,73730,true,400,
ordinary-queue,quiche,14200,ProbeBW,100,200,200,146000,292000,146000,11399,14744540,11400,101,1000,73730,true,400,
ordinary-queue,quiche,14300,ProbeBW,100,200,200,146000,292000,146000,11399,14744540,11400,101,1000,73730,true,400,
ordinary-queue,quiche,14400,ProbeBW,100,200,200,146000,292000,146000,11399,14744540,11400,101,1000,73730,true,400,
ordinary-queue,quiche,14500,ProbeBW,100,200,200,146000,292000,146000,11399,14744540,11400,101,1000,73730,true,400,
ordinary-queue,quiche,14600,ProbeBW,100,200,200,146000,292000,146000,11399,14744540,11400,101,1000,73730,true,400,
ordinary-queue,quiche,14700,ProbeBW,100,200,200,146000,292000,146000,11399,14744540,11400,101,1000,73730,true,400,
ordinary-queue,quiche,14800,ProbeBW,100,200,200,146000,292000,146000,11399,14744540,11400,101,1000,73730,true,400,
ordinary-queue,quiche,14900,ProbeBW,100,200,200,146000,292000,146000,11399,14744540,11400,101,1000,73730,true,400,
ordinary-queue,quiche,15000,ProbeBW,100,200,200,146000,292000,146000,11399,14744540,11400,101,1000,73730,true,400,
expired-queue,draft06,12000,ProbeBW,100,0,101,73730,584000,1168000,0,0,1000,501,6000,73730,false,0,initial
expired-queue,draft06,12100,ProbeBW,100,0,101,73730,584000,1022000,0,0,1000,501,6000,73730,false,0,
expired-queue,draft06,12200,ProbeBW,100,0,101,73730,584000,876000,0,0,1000,501,6000,73730,false,0,
expired-queue,draft06,12300,ProbeBW,100,0,101,73730,584000,730000,0,0,1000,501,6000,73730,false,0,
expired-queue,draft06,12400,ProbeBW,100,0,101,73730,584000,584000,0,0,1000,501,6000,73730,false,0,
expired-queue,draft06,12500,ProbeBW,100,0,101,73730,584000,438000,0,0,1000,501,6000,73730,false,0,
expired-queue,draft06,12501,ProbeRTT,100,501,501,365730,582540,436540,0,0,12501,501,12501,73730,false,0,enter;
expired-queue,draft06,12600,ProbeRTT,100,600,501,365730,438000,292000,0,0,12501,501,12501,73730,false,99,
expired-queue,draft06,12650,ProbeRTT,100,650,501,365730,365000,219000,12850,219000,12501,501,12501,73730,false,149,timer-start;
expired-queue,draft06,12700,ProbeRTT,100,700,501,365730,365000,219000,12850,219000,12501,501,12501,73730,false,199,
expired-queue,draft06,12800,ProbeRTT,100,800,501,365730,365000,219000,12850,219000,12501,501,12501,73730,false,299,
expired-queue,draft06,12900,ProbeRTT,100,900,501,365730,365000,219000,12850,219000,12501,501,12501,73730,false,399,
expired-queue,draft06,12901,ProbeBW,100,250,250,182500,365000,219000,12850,219000,12901,250,12901,73730,true,400,exit;
expired-queue,draft06,13000,ProbeBW,100,250,250,182500,365000,219000,12850,219000,12901,250,12901,73730,true,400,
expired-queue,draft06,13100,ProbeBW,100,250,250,182500,365000,219000,12850,219000,12901,250,12901,73730,true,400,
expired-queue,draft06,13200,ProbeBW,100,250,250,182500,365000,219000,12850,219000,12901,250,12901,73730,true,400,
expired-queue,draft06,13300,ProbeBW,100,250,250,182500,365000,219000,12850,219000,12901,250,12901,73730,true,400,
expired-queue,draft06,13400,ProbeBW,100,250,250,182500,365000,219000,12850,219000,12901,250,12901,73730,true,400,
expired-queue,draft06,13500,ProbeBW,100,250,250,182500,365000,219000,12850,219000,12901,250,12901,73730,true,400,
expired-queue,draft06,13600,ProbeBW,100,250,250,182500,365000,219000,12850,219000,12901,250,12901,73730,true,400,
expired-queue,draft06,13700,ProbeBW,100,250,250,182500,365000,219000,12850,219000,12901,250,12901,73730,true,400,
expired-queue,draft06,13800,ProbeBW,100,250,250,182500,365000,219000,12850,219000,12901,250,12901,73730,true,400,
expired-queue,draft06,13900,ProbeBW,100,250,250,182500,365000,219000,12850,219000,12901,250,12901,73730,true,400,
expired-queue,draft06,14000,ProbeBW,100,250,250,182500,365000,219000,12850,219000,12901,250,12901,73730,true,400,
expired-queue,draft06,14100,ProbeBW,100,250,250,182500,365000,219000,12850,219000,12901,250,12901,73730,true,400,
expired-queue,draft06,14200,ProbeBW,100,250,250,182500,365000,219000,12850,219000,12901,250,12901,73730,true,400,
expired-queue,draft06,14300,ProbeBW,100,250,250,182500,365000,219000,12850,219000,12901,250,12901,73730,true,400,
expired-queue,draft06,14400,ProbeBW,100,250,250,182500,365000,219000,12850,219000,12901,250,12901,73730,true,400,
expired-queue,draft06,14500,ProbeBW,100,250,250,182500,365000,219000,12850,219000,12901,250,12901,73730,true,400,
expired-queue,draft06,14600,ProbeBW,100,250,250,182500,365000,219000,12850,219000,12901,250,12901,73730,true,400,
expired-queue,draft06,14700,ProbeBW,100,250,250,182500,365000,219000,12850,219000,12901,250,12901,73730,true,400,
expired-queue,draft06,14800,ProbeBW,100,250,250,182500,365000,219000,12850,219000,12901,250,12901,73730,true,400,
expired-queue,draft06,14900,ProbeBW,100,250,250,182500,365000,219000,12850,219000,12901,250,12901,73730,true,400,
expired-queue,draft06,15000,ProbeBW,100,250,250,182500,365000,219000,12850,219000,12901,250,12901,73730,true,400,
expired-queue,draft06,15100,ProbeBW,100,250,250,182500,365000,219000,12850,219000,12901,250,12901,73730,true,400,
expired-queue,draft06,15200,ProbeBW,100,250,250,182500,365000,219000,12850,219000,12901,250,12901,73730,true,400,
expired-queue,draft06,15300,ProbeBW,100,250,250,182500,365000,219000,12850,219000,12901,250,12901,73730,true,400,
expired-queue,draft06,15400,ProbeBW,100,250,250,182500,365000,219000,12850,219000,12901,250,12901,73730,true,400,
expired-queue,draft06,15500,ProbeBW,100,250,250,182500,365000,219000,12850,219000,12901,250,12901,73730,true,400,
expired-queue,draft06,15600,ProbeBW,100,250,250,182500,365000,219000,12850,219000,12901,250,12901,73730,true,400,
expired-queue,draft06,15700,ProbeBW,100,250,250,182500,365000,219000,12850,219000,12901,250,12901,73730,true,400,
expired-queue,draft06,15800,ProbeBW,100,250,250,182500,365000,219000,12850,219000,12901,250,12901,73730,true,400,
expired-queue,draft06,15900,ProbeBW,100,250,250,182500,365000,219000,12850,219000,12901,250,12901,73730,true,400,
expired-queue,draft06,16000,ProbeBW,100,250,250,182500,365000,219000,12850,219000,12901,250,12901,73730,true,400,
expired-queue,proposal,12000,ProbeBW,100,0,101,73730,584000,1168000,0,0,1000,501,6000,73730,false,0,initial
expired-queue,proposal,12100,ProbeBW,100,0,101,73730,584000,1022000,0,0,1000,501,6000,73730,false,0,
expired-queue,proposal,12200,ProbeBW,100,0,101,73730,584000,876000,0,0,1000,501,6000,73730,false,0,
expired-queue,proposal,12300,ProbeBW,100,0,101,73730,584000,730000,0,0,1000,501,6000,73730,false,0,
expired-queue,proposal,12400,ProbeBW,100,0,101,73730,584000,584000,0,0,1000,501,6000,73730,false,0,
expired-queue,proposal,12500,ProbeBW,100,0,101,73730,584000,438000,0,0,1000,501,6000,73730,false,0,
expired-queue,proposal,12501,ProbeRTT,100,501,501,73730,582540,436540,0,0,12501,501,6000,73730,false,0,enter;
expired-queue,proposal,12600,ProbeRTT,100,600,501,73730,438000,292000,0,0,12501,501,6000,73730,false,99,
expired-queue,proposal,12700,ProbeRTT,100,700,501,73730,292000,146000,0,0,12501,501,6000,73730,false,199,
expired-queue,proposal,12800,ProbeRTT,100,800,501,73730,146000,0,0,0,12501,501,6000,73730,false,299,
expired-queue,proposal,12850,ProbeRTT,100,850,501,73730,73000,0,13050,511000,12501,501,6000,73730,false,349,timer-start;
expired-queue,proposal,12900,ProbeRTT,100,900,501,73730,73000,1460,13050,511000,12501,501,6000,73730,false,399,
expired-queue,proposal,12952,ProbeRTT,100,101,101,73730,73000,1460,13050,511000,12952,501,6000,73730,true,451,minimum changed;
expired-queue,proposal,13000,ProbeRTT,100,101,101,73730,73000,1460,13050,511000,13000,501,6000,73730,true,499,
expired-queue,proposal,13053,ProbeBW,100,101,101,73730,73000,1460,13050,511000,13053,501,6000,73730,true,552,exit;
expired-queue,proposal,13100,ProbeBW,100,101,101,73730,73000,1460,13050,511000,13100,501,6000,73730,true,552,
expired-queue,proposal,13200,ProbeBW,100,101,101,73730,147460,1460,13050,511000,13200,501,6000,73730,true,552,
expired-queue,proposal,13300,ProbeBW,100,101,101,73730,147460,1460,13050,511000,13300,501,6000,73730,true,552,
expired-queue,proposal,13400,ProbeBW,100,101,101,73730,147460,1460,13050,511000,13400,501,6000,73730,true,552,
expired-queue,proposal,13500,ProbeBW,100,101,101,73730,147460,1460,13050,511000,13500,501,6000,73730,true,552,
expired-queue,proposal,13600,ProbeBW,100,101,101,73730,147460,1460,13050,511000,13600,501,6000,73730,true,552,
expired-queue,proposal,13700,ProbeBW,100,101,101,73730,147460,1460,13050,511000,13700,501,6000,73730,true,552,
expired-queue,proposal,13800,ProbeBW,100,101,101,73730,147460,1460,13050,511000,13800,501,6000,73730,true,552,
expired-queue,proposal,13900,ProbeBW,100,101,101,73730,147460,1460,13050,511000,13900,501,6000,73730,true,552,
expired-queue,proposal,14000,ProbeBW,100,101,101,73730,147460,1460,13050,511000,14000,501,6000,73730,true,552,
expired-queue,proposal,14100,ProbeBW,100,101,101,73730,147460,1460,13050,511000,14100,501,6000,73730,true,552,
expired-queue,proposal,14200,ProbeBW,100,101,101,73730,147460,1460,13050,511000,14200,501,6000,73730,true,552,
expired-queue,proposal,14300,ProbeBW,100,101,101,73730,147460,1460,13050,511000,14300,501,6000,73730,true,552,
expired-queue,proposal,14400,ProbeBW,100,101,101,73730,147460,1460,13050,511000,14400,501,6000,73730,true,552,
expired-queue,proposal,14500,ProbeBW,100,101,101,73730,147460,1460,13050,511000,14500,501,6000,73730,true,552,
expired-queue,proposal,14600,ProbeBW,100,101,101,73730,147460,1460,13050,511000,14600,501,6000,73730,true,552,
expired-queue,proposal,14700,ProbeBW,100,101,101,73730,147460,1460,13050,511000,14700,501,6000,73730,true,552,
expired-queue,proposal,14800,ProbeBW,100,101,101,73730,147460,1460,13050,511000,14800,501,6000,73730,true,552,
expired-queue,proposal,14900,ProbeBW,100,101,101,73730,147460,1460,13050,511000,14900,501,6000,73730,true,552,
expired-queue,proposal,15000,ProbeBW,100,101,101,73730,147460,1460,13050,511000,15000,501,6000,73730,true,552,
expired-queue,proposal,15100,ProbeBW,100,101,101,73730,147460,1460,13050,511000,15100,501,6000,73730,true,552,
expired-queue,proposal,15200,ProbeBW,100,101,101,73730,147460,1460,13050,511000,15200,501,6000,73730,true,552,
expired-queue,proposal,15300,ProbeBW,100,101,101,73730,147460,1460,13050,511000,15300,501,6000,73730,true,552,
expired-queue,proposal,15400,ProbeBW,100,101,101,73730,147460,1460,13050,511000,15400,501,6000,73730,true,552,
expired-queue,proposal,15500,ProbeBW,100,101,101,73730,147460,1460,13050,511000,15500,501,6000,73730,true,552,
expired-queue,proposal,15600,ProbeBW,100,101,101,73730,147460,1460,13050,511000,15600,501,6000,73730,true,552,
expired-queue,proposal,15700,ProbeBW,100,101,101,73730,147460,1460,13050,511000,15700,501,6000,73730,true,552,
expired-queue,proposal,15800,ProbeBW,100,101,101,73730,147460,1460,13050,511000,15800,501,6000,73730,true,552,
expired-queue,proposal,15900,ProbeBW,100,101,101,73730,147460,1460,13050,511000,15900,501,6000,73730,true,552,
expired-queue,proposal,16000,ProbeBW,100,101,101,73730,147460,1460,13050,511000,16000,501,6000,73730,true,552,
expired-queue,quiche,12000,ProbeBW,100,0,101,73730,584000,1168000,0,0,1000,501,6000,73730,false,0,initial
expired-queue,quiche,12100,ProbeBW,100,0,101,73730,584000,1022000,0,0,1000,501,6000,73730,false,0,
expired-queue,quiche,12200,ProbeBW,100,0,101,73730,584000,876000,0,0,1000,501,6000,73730,false,0,
expired-queue,quiche,12300,ProbeBW,100,0,101,73730,584000,730000,0,0,1000,501,6000,73730,false,0,
expired-queue,quiche,12400,ProbeBW,100,0,101,73730,584000,584000,0,0,1000,501,6000,73730,false,0,
expired-queue,quiche,12500,ProbeBW,100,0,101,73730,584000,438000,0,0,1000,501,6000,73730,false,0,
expired-queue,quiche,12600,ProbeBW,100,600,101,73730,584000,438000,0,0,1000,501,6000,73730,false,0,
expired-queue,quiche,12700,ProbeBW,100,700,101,73730,584000,438000,0,0,1000,501,6000,73730,false,0,
expired-queue,quiche,12800,ProbeBW,100,800,101,73730,584000,438000,0,0,1000,501,6000,73730,false,0,
expired-queue,quiche,12900,ProbeBW,100,900,101,73730,584000,438000,0,0,1000,501,6000,73730,false,0,
expired-queue,quiche,13000,ProbeRTT,100,400,400,292000,582540,436540,0,0,13000,501,6000,73730,false,0,enter;
expired-queue,quiche,13100,ProbeRTT,100,400,400,292000,436540,290540,0,0,13000,501,6000,73730,false,100,
expired-queue,quiche,13199,ProbeRTT,100,400,400,292000,292000,146000,13399,1020540,13000,501,6000,73730,false,199,timer-start;
expired-queue,quiche,13200,ProbeRTT,100,400,400,292000,292000,146000,13399,1020540,13000,501,6000,73730,false,200,
expired-queue,quiche,13300,ProbeRTT,100,400,400,292000,292000,146000,13399,1020540,13000,501,6000,73730,false,300,
expired-queue,quiche,13400,ProbeBW,100,200,200,146000,292000,146000,13399,1020540,13400,501,6000,73730,true,400,exit;
expired-queue,quiche,13500,ProbeBW,100,200,200,146000,292000,146000,13399,1020540,13400,501,6000,73730,true,400,
expired-queue,quiche,13600,ProbeBW,100,200,200,146000,292000,146000,13399,1020540,13400,501,6000,73730,true,400,
expired-queue,quiche,13700,ProbeBW,100,200,200,146000,292000,146000,13399,1020540,13400,501,6000,73730,true,400,
expired-queue,quiche,13800,ProbeBW,100,200,200,146000,292000,146000,13399,1020540,13400,501,6000,73730,true,400,
expired-queue,quiche,13900,ProbeBW,100,200,200,146000,292000,146000,13399,1020540,13400,501,6000,73730,true,400,
expired-queue,quiche,14000,ProbeBW,100,200,200,146000,292000,146000,13399,1020540,13400,501,6000,73730,true,400,
expired-queue,quiche,14100,ProbeBW,100,200,200,146000,292000,146000,13399,1020540,13400,501,6000,73730,true,400,
expired-queue,quiche,14200,ProbeBW,100,200,200,146000,292000,146000,13399,1020540,13400,501,6000,73730,true,400,
expired-queue,quiche,14300,ProbeBW,100,200,200,146000,292000,146000,13399,1020540,13400,501,6000,73730,true,400,
expired-queue,quiche,14400,ProbeBW,100,200,200,146000,292000,146000,13399,1020540,13400,501,6000,73730,true,400,
expired-queue,quiche,14500,ProbeBW,100,200,200,146000,292000,146000,13399,1020540,13400,501,6000,73730,true,400,
expired-queue,quiche,14600,ProbeBW,100,200,200,146000,292000,146000,13399,1020540,13400,501,6000,73730,true,400,
expired-queue,quiche,14700,ProbeBW,100,200,200,146000,292000,146000,13399,1020540,13400,501,6000,73730,true,400,
expired-queue,quiche,14800,ProbeBW,100,200,200,146000,292000,146000,13399,1020540,13400,501,6000,73730,true,400,
expired-queue,quiche,14900,ProbeBW,100,200,200,146000,292000,146000,13399,1020540,13400,501,6000,73730,true,400,
expired-queue,quiche,15000,ProbeBW,100,200,200,146000,292000,146000,13399,1020540,13400,501,6000,73730,true,400,
expired-queue,quiche,15100,ProbeBW,100,200,200,146000,292000,146000,13399,1020540,13400,501,6000,73730,true,400,
expired-queue,quiche,15200,ProbeBW,100,200,200,146000,292000,146000,13399,1020540,13400,501,6000,73730,true,400,
expired-queue,quiche,15300,ProbeBW,100,200,200,146000,292000,146000,13399,1020540,13400,501,6000,73730,true,400,
expired-queue,quiche,15400,ProbeBW,100,200,200,146000,292000,146000,13399,1020540,13400,501,6000,73730,true,400,
expired-queue,quiche,15500,ProbeBW,100,200,200,146000,292000,146000,13399,1020540,13400,501,6000,73730,true,400,
expired-queue,quiche,15600,ProbeBW,100,200,200,146000,292000,146000,13399,1020540,13400,501,6000,73730,true,400,
expired-queue,quiche,15700,ProbeBW,100,200,200,146000,292000,146000,13399,1020540,13400,501,6000,73730,true,400,
expired-queue,quiche,15800,ProbeBW,100,200,200,146000,292000,146000,13399,1020540,13400,501,6000,73730,true,400,
expired-queue,quiche,15900,ProbeBW,100,200,200,146000,292000,146000,13399,1020540,13400,501,6000,73730,true,400,
expired-queue,quiche,16000,ProbeBW,100,200,200,146000,292000,146000,13399,1020540,13400,501,6000,73730,true,400,
expired-no-backlog,draft06,12000,ProbeBW,100,0,101,73730,584000,584000,0,0,1000,501,6000,73730,false,0,initial
expired-no-backlog,draft06,12100,ProbeBW,100,0,101,73730,584000,438000,0,0,1000,501,6000,73730,false,0,
expired-no-backlog,draft06,12101,ProbeRTT,100,101,101,73730,582540,436540,0,0,12101,101,12101,73730,false,0,enter;
expired-no-backlog,draft06,12200,ProbeRTT,100,200,101,73730,438000,292000,0,0,12101,101,12101,73730,false,99,
expired-no-backlog,draft06,12300,ProbeRTT,100,300,101,73730,292000,146000,0,0,12101,101,12101,73730,false,199,
expired-no-backlog,draft06,12400,ProbeRTT,100,400,101,73730,146000,0,0,0,12101,101,12101,73730,false,299,
expired-no-backlog,draft06,12450,ProbeRTT,100,450,101,73730,73000,0,12650,511000,12101,101,12101,73730,false,349,timer-start;
expired-no-backlog,draft06,12500,ProbeRTT,100,500,101,73730,73000,1460,12650,511000,12101,101,12101,73730,false,399,
expired-no-backlog,draft06,12600,ProbeRTT,100,101,101,73730,73000,1460,12650,511000,12101,101,12101,73730,true,499,
expired-no-backlog,draft06,12653,ProbeBW,100,101,101,73730,73000,1460,12650,511000,12101,101,12653,73730,true,552,exit;
expired-no-backlog,draft06,12700,ProbeBW,100,101,101,73730,73000,1460,12650,511000,12101,101,12653,73730,true,552,
expired-no-backlog,draft06,12800,ProbeBW,100,101,101,73730,147460,1460,12650,511000,12101,101,12653,73730,true,552,
expired-no-backlog,draft06,12900,ProbeBW,100,101,101,73730,147460,1460,12650,511000,12101,101,12653,73730,true,552,
expired-no-backlog,draft06,13000,ProbeBW,100,101,101,73730,147460,1460,12650,511000,12101,101,12653,73730,true,552,
expired-no-backlog,draft06,13100,ProbeBW,100,101,101,73730,147460,1460,12650,511000,12101,101,12653,73730,true,552,
expired-no-backlog,draft06,13200,ProbeBW,100,101,101,73730,147460,1460,12650,511000,12101,101,12653,73730,true,552,
expired-no-backlog,draft06,13300,ProbeBW,100,101,101,73730,147460,1460,12650,511000,12101,101,12653,73730,true,552,
expired-no-backlog,draft06,13400,ProbeBW,100,101,101,73730,147460,1460,12650,511000,12101,101,12653,73730,true,552,
expired-no-backlog,draft06,13500,ProbeBW,100,101,101,73730,147460,1460,12650,511000,12101,101,12653,73730,true,552,
expired-no-backlog,draft06,13600,ProbeBW,100,101,101,73730,147460,1460,12650,511000,12101,101,12653,73730,true,552,
expired-no-backlog,draft06,13700,ProbeBW,100,101,101,73730,147460,1460,12650,511000,12101,101,12653,73730,true,552,
expired-no-backlog,draft06,13800,ProbeBW,100,101,101,73730,147460,1460,12650,511000,12101,101,12653,73730,true,552,
expired-no-backlog,draft06,13900,ProbeBW,100,101,101,73730,147460,1460,12650,511000,12101,101,12653,73730,true,552,
expired-no-backlog,draft06,14000,ProbeBW,100,101,101,73730,147460,1460,12650,511000,12101,101,12653,73730,true,552,
expired-no-backlog,draft06,14100,ProbeBW,100,101,101,73730,147460,1460,12650,511000,12101,101,12653,73730,true,552,
expired-no-backlog,draft06,14200,ProbeBW,100,101,101,73730,147460,1460,12650,511000,12101,101,12653,73730,true,552,
expired-no-backlog,draft06,14300,ProbeBW,100,101,101,73730,147460,1460,12650,511000,12101,101,12653,73730,true,552,
expired-no-backlog,draft06,14400,ProbeBW,100,101,101,73730,147460,1460,12650,511000,12101,101,12653,73730,true,552,
expired-no-backlog,draft06,14500,ProbeBW,100,101,101,73730,147460,1460,12650,511000,12101,101,12653,73730,true,552,
expired-no-backlog,draft06,14600,ProbeBW,100,101,101,73730,147460,1460,12650,511000,12101,101,12653,73730,true,552,
expired-no-backlog,draft06,14700,ProbeBW,100,101,101,73730,147460,1460,12650,511000,12101,101,12653,73730,true,552,
expired-no-backlog,draft06,14800,ProbeBW,100,101,101,73730,147460,1460,12650,511000,12101,101,12653,73730,true,552,
expired-no-backlog,draft06,14900,ProbeBW,100,101,101,73730,147460,1460,12650,511000,12101,101,12653,73730,true,552,
expired-no-backlog,draft06,15000,ProbeBW,100,101,101,73730,147460,1460,12650,511000,12101,101,12653,73730,true,552,
expired-no-backlog,draft06,15100,ProbeBW,100,101,101,73730,147460,1460,12650,511000,12101,101,12653,73730,true,552,
expired-no-backlog,draft06,15200,ProbeBW,100,101,101,73730,147460,1460,12650,511000,12101,101,12653,73730,true,552,
expired-no-backlog,draft06,15300,ProbeBW,100,101,101,73730,147460,1460,12650,511000,12101,101,12653,73730,true,552,
expired-no-backlog,draft06,15400,ProbeBW,100,101,101,73730,147460,1460,12650,511000,12101,101,12653,73730,true,552,
expired-no-backlog,draft06,15500,ProbeBW,100,101,101,73730,147460,1460,12650,511000,12101,101,12653,73730,true,552,
expired-no-backlog,draft06,15600,ProbeBW,100,101,101,73730,147460,1460,12650,511000,12101,101,12653,73730,true,552,
expired-no-backlog,draft06,15700,ProbeBW,100,101,101,73730,147460,1460,12650,511000,12101,101,12653,73730,true,552,
expired-no-backlog,draft06,15800,ProbeBW,100,101,101,73730,147460,1460,12650,511000,12101,101,12653,73730,true,552,
expired-no-backlog,draft06,15900,ProbeBW,100,101,101,73730,147460,1460,12650,511000,12101,101,12653,73730,true,552,
expired-no-backlog,draft06,16000,ProbeBW,100,101,101,73730,147460,1460,12650,511000,12101,101,12653,73730,true,552,
expired-no-backlog,proposal,12000,ProbeBW,100,0,101,73730,584000,584000,0,0,1000,501,6000,73730,false,0,initial
expired-no-backlog,proposal,12100,ProbeBW,100,0,101,73730,584000,438000,0,0,1000,501,6000,73730,false,0,
expired-no-backlog,proposal,12101,ProbeRTT,100,101,101,73730,582540,436540,0,0,12101,501,6000,73730,false,0,enter;
expired-no-backlog,proposal,12200,ProbeRTT,100,200,101,73730,438000,292000,0,0,12101,501,6000,73730,false,99,
expired-no-backlog,proposal,12300,ProbeRTT,100,300,101,73730,292000,146000,0,0,12101,501,6000,73730,false,199,
expired-no-backlog,proposal,12400,ProbeRTT,100,400,101,73730,146000,0,0,0,12101,501,6000,73730,false,299,
expired-no-backlog,proposal,12450,ProbeRTT,100,450,101,73730,73000,0,12650,511000,12101,501,6000,73730,false,349,timer-start;
expired-no-backlog,proposal,12500,ProbeRTT,100,500,101,73730,73000,1460,12650,511000,12101,501,6000,73730,false,399,
expired-no-backlog,proposal,12600,ProbeRTT,100,101,101,73730,73000,1460,12650,511000,12600,501,6000,73730,true,499,
expired-no-backlog,proposal,12653,ProbeBW,100,101,101,73730,73000,1460,12650,511000,12653,501,6000,73730,true,552,exit;
expired-no-backlog,proposal,12700,ProbeBW,100,101,101,73730,73000,1460,12650,511000,12700,501,6000,73730,true,552,
expired-no-backlog,proposal,12800,ProbeBW,100,101,101,73730,147460,1460,12650,511000,12800,501,6000,73730,true,552,
expired-no-backlog,proposal,12900,ProbeBW,100,101,101,73730,147460,1460,12650,511000,12900,501,6000,73730,true,552,
expired-no-backlog,proposal,13000,ProbeBW,100,101,101,73730,147460,1460,12650,511000,13000,501,6000,73730,true,552,
expired-no-backlog,proposal,13100,ProbeBW,100,101,101,73730,147460,1460,12650,511000,13100,501,6000,73730,true,552,
expired-no-backlog,proposal,13200,ProbeBW,100,101,101,73730,147460,1460,12650,511000,13200,501,6000,73730,true,552,
expired-no-backlog,proposal,13300,ProbeBW,100,101,101,73730,147460,1460,12650,511000,13300,501,6000,73730,true,552,
expired-no-backlog,proposal,13400,ProbeBW,100,101,101,73730,147460,1460,12650,511000,13400,501,6000,73730,true,552,
expired-no-backlog,proposal,13500,ProbeBW,100,101,101,73730,147460,1460,12650,511000,13500,501,6000,73730,true,552,
expired-no-backlog,proposal,13600,ProbeBW,100,101,101,73730,147460,1460,12650,511000,13600,501,6000,73730,true,552,
expired-no-backlog,proposal,13700,ProbeBW,100,101,101,73730,147460,1460,12650,511000,13700,501,6000,73730,true,552,
expired-no-backlog,proposal,13800,ProbeBW,100,101,101,73730,147460,1460,12650,511000,13800,501,6000,73730,true,552,
expired-no-backlog,proposal,13900,ProbeBW,100,101,101,73730,147460,1460,12650,511000,13900,501,6000,73730,true,552,
expired-no-backlog,proposal,14000,ProbeBW,100,101,101,73730,147460,1460,12650,511000,14000,501,6000,73730,true,552,
expired-no-backlog,proposal,14100,ProbeBW,100,101,101,73730,147460,1460,12650,511000,14100,501,6000,73730,true,552,
expired-no-backlog,proposal,14200,ProbeBW,100,101,101,73730,147460,1460,12650,511000,14200,501,6000,73730,true,552,
expired-no-backlog,proposal,14300,ProbeBW,100,101,101,73730,147460,1460,12650,511000,14300,501,6000,73730,true,552,
expired-no-backlog,proposal,14400,ProbeBW,100,101,101,73730,147460,1460,12650,511000,14400,501,6000,73730,true,552,
expired-no-backlog,proposal,14500,ProbeBW,100,101,101,73730,147460,1460,12650,511000,14500,501,6000,73730,true,552,
expired-no-backlog,proposal,14600,ProbeBW,100,101,101,73730,147460,1460,12650,511000,14600,501,6000,73730,true,552,
expired-no-backlog,proposal,14700,ProbeBW,100,101,101,73730,147460,1460,12650,511000,14700,501,6000,73730,true,552,
expired-no-backlog,proposal,14800,ProbeBW,100,101,101,73730,147460,1460,12650,511000,14800,501,6000,73730,true,552,
expired-no-backlog,proposal,14900,ProbeBW,100,101,101,73730,147460,1460,12650,511000,14900,501,6000,73730,true,552,
expired-no-backlog,proposal,15000,ProbeBW,100,101,101,73730,147460,1460,12650,511000,15000,501,6000,73730,true,552,
expired-no-backlog,proposal,15100,ProbeBW,100,101,101,73730,147460,1460,12650,511000,15100,501,6000,73730,true,552,
expired-no-backlog,proposal,15200,ProbeBW,100,101,101,73730,147460,1460,12650,511000,15200,501,6000,73730,true,552,
expired-no-backlog,proposal,15300,ProbeBW,100,101,101,73730,147460,1460,12650,511000,15300,501,6000,73730,true,552,
expired-no-backlog,proposal,15400,ProbeBW,100,101,101,73730,147460,1460,12650,511000,15400,501,6000,73730,true,552,
expired-no-backlog,proposal,15500,ProbeBW,100,101,101,73730,147460,1460,12650,511000,15500,501,6000,73730,true,552,
expired-no-backlog,proposal,15600,ProbeBW,100,101,101,73730,147460,1460,12650,511000,15600,501,6000,73730,true,552,
expired-no-backlog,proposal,15700,ProbeBW,100,101,101,73730,147460,1460,12650,511000,15700,501,6000,73730,true,552,
expired-no-backlog,proposal,15800,ProbeBW,100,101,101,73730,147460,1460,12650,511000,15800,501,6000,73730,true,552,
expired-no-backlog,proposal,15900,ProbeBW,100,101,101,73730,147460,1460,12650,511000,15900,501,6000,73730,true,552,
expired-no-backlog,proposal,16000,ProbeBW,100,101,101,73730,147460,1460,12650,511000,16000,501,6000,73730,true,552,
expired-no-backlog,quiche,12000,ProbeBW,100,0,101,73730,584000,584000,0,0,1000,501,6000,73730,false,0,initial
expired-no-backlog,quiche,12100,ProbeBW,100,0,101,73730,584000,438000,0,0,1000,501,6000,73730,false,0,
expired-no-backlog,quiche,12200,ProbeBW,100,200,101,73730,584000,438000,0,0,1000,501,6000,73730,false,0,
expired-no-backlog,quiche,12300,ProbeBW,100,300,101,73730,584000,438000,0,0,1000,501,6000,73730,false,0,
expired-no-backlog,quiche,12400,ProbeBW,100,400,101,73730,584000,438000,0,0,1000,501,6000,73730,false,0,
expired-no-backlog,quiche,12500,ProbeBW,100,500,101,73730,584000,438000,0,0,1000,501,6000,73730,false,0,
expired-no-backlog,quiche,12600,ProbeBW,100,400,101,73730,584000,438000,0,0,1000,501,6000,73730,false,0,
expired-no-backlog,quiche,12700,ProbeBW,100,400,101,73730,584000,438000,0,0,1000,501,6000,73730,false,0,
expired-no-backlog,quiche,12800,ProbeBW,100,400,101,73730,584000,438000,0,0,1000,501,6000,73730,false,0,
expired-no-backlog,quiche,12900,ProbeBW,100,400,101,73730,584000,438000,0,0,1000,501,6000,73730,false,0,
expired-no-backlog,quiche,13000,ProbeRTT,100,400,400,292000,582540,436540,0,0,13000,501,6000,73730,false,0,enter;
expired-no-backlog,quiche,13100,ProbeRTT,100,400,400,292000,436540,290540,0,0,13000,501,6000,73730,false,100,
expired-no-backlog,quiche,13199,ProbeRTT,100,400,400,292000,292000,146000,13399,1604540,13000,501,6000,73730,false,199,timer-start;
expired-no-backlog,quiche,13200,ProbeRTT,100,400,400,292000,292000,146000,13399,1604540,13000,501,6000,73730,false,200,
expired-no-backlog,quiche,13300,ProbeRTT,100,400,400,292000,292000,146000,13399,1604540,13000,501,6000,73730,false,300,
expired-no-backlog,quiche,13400,ProbeBW,100,200,200,146000,292000,146000,13399,1604540,13400,501,6000,73730,true,400,exit;
expired-no-backlog,quiche,13500,ProbeBW,100,200,200,146000,292000,146000,13399,1604540,13400,501,6000,73730,true,400,
expired-no-backlog,quiche,13600,ProbeBW,100,200,200,146000,292000,146000,13399,1604540,13400,501,6000,73730,true,400,
expired-no-backlog,quiche,13700,ProbeBW,100,200,200,146000,292000,146000,13399,1604540,13400,501,6000,73730,true,400,
expired-no-backlog,quiche,13800,ProbeBW,100,200,200,146000,292000,146000,13399,1604540,13400,501,6000,73730,true,400,
expired-no-backlog,quiche,13900,ProbeBW,100,200,200,146000,292000,146000,13399,1604540,13400,501,6000,73730,true,400,
expired-no-backlog,quiche,14000,ProbeBW,100,200,200,146000,292000,146000,13399,1604540,13400,501,6000,73730,true,400,
expired-no-backlog,quiche,14100,ProbeBW,100,200,200,146000,292000,146000,13399,1604540,13400,501,6000,73730,true,400,
expired-no-backlog,quiche,14200,ProbeBW,100,200,200,146000,292000,146000,13399,1604540,13400,501,6000,73730,true,400,
expired-no-backlog,quiche,14300,ProbeBW,100,200,200,146000,292000,146000,13399,1604540,13400,501,6000,73730,true,400,
expired-no-backlog,quiche,14400,ProbeBW,100,200,200,146000,292000,146000,13399,1604540,13400,501,6000,73730,true,400,
expired-no-backlog,quiche,14500,ProbeBW,100,200,200,146000,292000,146000,13399,1604540,13400,501,6000,73730,true,400,
expired-no-backlog,quiche,14600,ProbeBW,100,200,200,146000,292000,146000,13399,1604540,13400,501,6000,73730,true,400,
expired-no-backlog,quiche,14700,ProbeBW,100,200,200,146000,292000,146000,13399,1604540,13400,501,6000,73730,true,400,
expired-no-backlog,quiche,14800,ProbeBW,100,200,200,146000,292000,146000,13399,1604540,13400,501,6000,73730,true,400,
expired-no-backlog,quiche,14900,ProbeBW,100,200,200,146000,292000,146000,13399,1604540,13400,501,6000,73730,true,400,
expired-no-backlog,quiche,15000,ProbeBW,100,200,200,146000,292000,146000,13399,1604540,13400,501,6000,73730,true,400,
expired-no-backlog,quiche,15100,ProbeBW,100,200,200,146000,292000,146000,13399,1604540,13400,501,6000,73730,true,400,
expired-no-backlog,quiche,15200,ProbeBW,100,200,200,146000,292000,146000,13399,1604540,13400,501,6000,73730,true,400,
expired-no-backlog,quiche,15300,ProbeBW,100,200,200,146000,292000,146000,13399,1604540,13400,501,6000,73730,true,400,
expired-no-backlog,quiche,15400,ProbeBW,100,200,200,146000,292000,146000,13399,1604540,13400,501,6000,73730,true,400,
expired-no-backlog,quiche,15500,ProbeBW,100,200,200,146000,292000,146000,13399,1604540,13400,501,6000,73730,true,400,
expired-no-backlog,quiche,15600,ProbeBW,100,200,200,146000,292000,146000,13399,1604540,13400,501,6000,73730,true,400,
expired-no-backlog,quiche,15700,ProbeBW,100,200,200,146000,292000,146000,13399,1604540,13400,501,6000,73730,true,400,
expired-no-backlog,quiche,15800,ProbeBW,100,200,200,146000,292000,146000,13399,1604540,13400,501,6000,73730,true,400,
expired-no-backlog,quiche,15900,ProbeBW,100,200,200,146000,292000,146000,13399,1604540,13400,501,6000,73730,true,400,
expired-no-backlog,quiche,16000,ProbeBW,100,200,200,146000,292000,146000,13399,1604540,13400,501,6000,73730,true,400,
rising-base,draft06,1000,ProbeBW,100,0,101,73730,584000,584000,0,0,1000,101,1000,73730,false,0,initial
rising-base,draft06,1100,ProbeBW,100,0,101,73730,584000,438000,0,0,1000,101,1000,73730,false,0,
rising-base,draft06,1200,ProbeBW,100,200,101,73730,584000,438000,0,0,1000,101,1000,73730,false,0,
rising-base,draft06,1300,ProbeBW,100,300,101,73730,584000,438000,0,0,1000,101,1000,73730,false,0,
rising-base,draft06,1400,ProbeBW,100,400,101,73730,584000,438000,0,0,1000,101,1000,73730,false,0,
rising-base,draft06,1500,ProbeBW,100,500,101,73730,584000,438000,0,0,1000,101,1000,73730,false,0,
rising-base,draft06,1600,ProbeBW,100,400,101,73730,584000,438000,0,0,1000,101,1000,73730,false,0,
rising-base,draft06,1700,ProbeBW,100,400,101,73730,584000,438000,0,0,1000,101,1000,73730,false,0,
rising-base,draft06,1800,ProbeBW,100,400,101,73730,584000,438000,0,0,1000,101,1000,73730,false,0,
rising-base,draft06,1900,ProbeBW,100,400,101,73730,584000,438000,0,0,1000,101,1000,73730,false,0,
rising-base,draft06,2000,ProbeBW,400,400,101,73730,584000,438000,0,0,1000,101,1000,73730,false,0,
rising-base,draft06,2100,ProbeBW,400,400,101,73730,584000,438000,0,0,1000,101,1000,73730,false,0,
rising-base,draft06,2200,ProbeBW,400,400,101,73730,584000,438000,0,0,1000,101,1000,73730,false,0,
rising-base,draft06,2300,ProbeBW,400,400,101,73730,584000,438000,0,0,1000,101,1000,73730,false,0,
rising-base,draft06,2400,ProbeBW,400,400,101,73730,584000,436540,0,0,1000,101,1000,73730,false,0,
rising-base,draft06,2500,ProbeBW,400,400,101,73730,584000,290540,0,0,1000,101,1000,73730,false,0,
rising-base,draft06,2600,ProbeBW,400,400,101,73730,584000,144540,0,0,1000,101,1000,73730,false,0,
rising-base,draft06,2700,ProbeBW,400,700,101,73730,584000,1460,0,0,1000,101,1000,73730,false,0,
rising-base,draft06,2800,ProbeBW,400,700,101,73730,584000,1460,0,0,1000,101,1000,73730,false,0,
rising-base,draft06,2900,ProbeBW,400,700,101,73730,584000,1460,0,0,1000,101,1000,73730,false,0,
rising-base,draft06,3000,ProbeBW,400,700,101,73730,584000,1460,0,0,1000,101,1000,73730,false,0,
rising-base,draft06,3100,ProbeBW,400,700,101,73730,584000,0,0,0,1000,101,1000,73730,false,0,
rising-base,draft06,3200,ProbeBW,400,401,101,73730,584000,1460,0,0,1000,101,1000,73730,false,0,
rising-base,draft06,3300,ProbeBW,400,401,101,73730,584000,1460,0,0,1000,101,1000,73730,false,0,
rising-base,draft06,3400,ProbeBW,400,401,101,73730,584000,1460,0,0,1000,101,1000,73730,false,0,
rising-base,draft06,3500,ProbeBW,400,401,101,73730,584000,1460,0,0,1000,101,1000,73730,false,0,
rising-base,draft06,3600,ProbeBW,400,401,101,73730,584000,1460,0,0,1000,101,1000,73730,false,0,
rising-base,draft06,3700,ProbeBW,400,401,101,73730,584000,1460,0,0,1000,101,1000,73730,false,0,
rising-base,draft06,3800,ProbeBW,400,401,101,73730,584000,1460,0,0,1000,101,1000,73730,false,0,
rising-base,draft06,3900,ProbeBW,400,401,101,73730,584000,1460,0,0,1000,101,1000,73730,false,0,
rising-base,draft06,4000,ProbeBW,400,401,101,73730,584000,1460,0,0,1000,101,1000,73730,false,0,
rising-base,draft06,4100,ProbeBW,400,401,101,73730,584000,1460,0,0,1000,101,1000,73730,false,0,
rising-base,draft06,4200,ProbeBW,400,401,101,73730,584000,1460,0,0,1000,101,1000,73730,false,0,
rising-base,draft06,4300,ProbeBW,400,401,101,73730,584000,1460,0,0,1000,101,1000,73730,false,0,
rising-base,draft06,4400,ProbeBW,400,401,101,73730,584000,1460,0,0,1000,101,1000,73730,false,0,
rising-base,draft06,4500,ProbeBW,400,401,101,73730,584000,1460,0,0,1000,101,1000,73730,false,0,
rising-base,draft06,4600,ProbeBW,400,401,101,73730,584000,1460,0,0,1000,101,1000,73730,false,0,
rising-base,draft06,4700,ProbeBW,400,401,101,73730,584000,1460,0,0,1000,101,1000,73730,false,0,
rising-base,draft06,4800,ProbeBW,400,401,101,73730,584000,1460,0,0,1000,101,1000,73730,false,0,
rising-base,draft06,4900,ProbeBW,400,401,101,73730,584000,1460,0,0,1000,101,1000,73730,false,0,
rising-base,draft06,5000,ProbeBW,400,401,101,73730,584000,1460,0,0,1000,101,1000,73730,false,0,
rising-base,draft06,5100,ProbeBW,400,401,101,73730,584000,1460,0,0,1000,101,1000,73730,false,0,
rising-base,draft06,5200,ProbeBW,400,401,101,73730,584000,1460,0,0,1000,101,1000,73730,false,0,
rising-base,draft06,5300,ProbeBW,400,401,101,73730,584000,1460,0,0,1000,101,1000,73730,false,0,
rising-base,draft06,5400,ProbeBW,400,401,101,73730,584000,1460,0,0,1000,101,1000,73730,false,0,
rising-base,draft06,5500,ProbeBW,400,401,101,73730,584000,1460,0,0,1000,101,1000,73730,false,0,
rising-base,draft06,5600,ProbeBW,400,401,101,73730,584000,1460,0,0,1000,101,1000,73730,false,0,
rising-base,draft06,5700,ProbeBW,400,401,101,73730,584000,1460,0,0,1000,101,1000,73730,false,0,
rising-base,draft06,5800,ProbeBW,400,401,101,73730,584000,1460,0,0,1000,101,1000,73730,false,0,
rising-base,draft06,5900,ProbeBW,400,401,101,73730,584000,1460,0,0,1000,101,1000,73730,false,0,
rising-base,draft06,6000,ProbeBW,400,401,101,73730,584000,1460,0,0,1000,101,1000,73730,false,0,
rising-base,draft06,6001,ProbeRTT,400,401,101,73730,582540,0,0,0,1000,401,6001,73730,false,0,enter;
rising-base,draft06,6100,ProbeRTT,400,401,101,73730,438000,0,0,0,1000,401,6001,73730,false,99,
rising-base,draft06,6200,ProbeRTT,400,401,101,73730,292000,0,0,0,1000,401,6001,73730,false,199,
rising-base,draft06,6300,ProbeRTT,400,401,101,73730,146000,0,0,0,1000,401,6001,73730,false,299,
rising-base,draft06,6351,ProbeRTT,400,401,101,73730,73000,0,6551,7215320,1000,401,6001,73730,false,350,timer-start;
rising-base,draft06,6400,ProbeRTT,400,401,101,73730,73000,1460,6551,7215320,1000,401,6001,73730,false,399,
rising-base,draft06,6500,ProbeRTT,400,401,101,73730,73000,0,6551,7215320,1000,401,6001,73730,false,499,
rising-base,draft06,6600,ProbeRTT,400,401,101,73730,73000,0,6551,7215320,1000,401,6001,73730,false,599,
rising-base,draft06,6700,ProbeRTT,400,401,101,73730,73000,0,6551,7215320,1000,401,6001,73730,false,699,
rising-base,draft06,6753,ProbeBW,400,401,101,73730,73000,1460,6551,7215320,1000,401,6753,73730,true,752,exit;
rising-base,draft06,6800,ProbeBW,400,401,101,73730,73000,1460,6551,7215320,1000,401,6753,73730,true,752,
rising-base,draft06,6900,ProbeBW,400,401,101,73730,216080,1460,6551,7215320,1000,401,6753,73730,true,752,
rising-base,draft06,7000,ProbeBW,400,401,101,73730,362080,1460,6551,7215320,1000,401,6753,73730,true,752,
rising-base,draft06,7100,ProbeBW,400,401,101,73730,508080,1460,6551,7215320,1000,401,6753,73730,true,752,
rising-base,draft06,7200,ProbeBW,400,401,101,73730,584000,1460,6551,7215320,1000,401,6753,73730,true,752,
rising-base,draft06,7300,ProbeBW,400,401,101,73730,584000,1460,6551,7215320,1000,401,6753,73730,true,752,
rising-base,draft06,7400,ProbeBW,400,401,101,73730,584000,1460,6551,7215320,1000,401,6753,73730,true,752,
rising-base,draft06,7500,ProbeBW,400,401,101,73730,584000,1460,6551,7215320,1000,401,6753,73730,true,752,
rising-base,draft06,7600,ProbeBW,400,401,101,73730,584000,1460,6551,7215320,1000,401,6753,73730,true,752,
rising-base,draft06,7700,ProbeBW,400,401,101,73730,584000,1460,6551,7215320,1000,401,6753,73730,true,752,
rising-base,draft06,7800,ProbeBW,400,401,101,73730,584000,1460,6551,7215320,1000,401,6753,73730,true,752,
rising-base,draft06,7900,ProbeBW,400,401,101,73730,584000,1460,6551,7215320,1000,401,6753,73730,true,752,
rising-base,draft06,8000,ProbeBW,400,401,101,73730,584000,1460,6551,7215320,1000,401,6753,73730,true,752,
rising-base,draft06,8100,ProbeBW,400,401,101,73730,584000,1460,6551,7215320,1000,401,6753,73730,true,752,
rising-base,draft06,8200,ProbeBW,400,401,101,73730,584000,1460,6551,7215320,1000,401,6753,73730,true,752,
rising-base,draft06,8300,ProbeBW,400,401,101,73730,584000,1460,6551,7215320,1000,401,6753,73730,true,752,
rising-base,draft06,8400,ProbeBW,400,401,101,73730,584000,1460,6551,7215320,1000,401,6753,73730,true,752,
rising-base,draft06,8500,ProbeBW,400,401,101,73730,584000,1460,6551,7215320,1000,401,6753,73730,true,752,
rising-base,draft06,8600,ProbeBW,400,401,101,73730,584000,1460,6551,7215320,1000,401,6753,73730,true,752,
rising-base,draft06,8700,ProbeBW,400,401,101,73730,584000,1460,6551,7215320,1000,401,6753,73730,true,752,
rising-base,draft06,8800,ProbeBW,400,401,101,73730,584000,1460,6551,7215320,1000,401,6753,73730,true,752,
rising-base,draft06,8900,ProbeBW,400,401,101,73730,584000,1460,6551,7215320,1000,401,6753,73730,true,752,
rising-base,draft06,9000,ProbeBW,400,401,101,73730,584000,1460,6551,7215320,1000,401,6753,73730,true,752,
rising-base,draft06,9100,ProbeBW,400,401,101,73730,584000,1460,6551,7215320,1000,401,6753,73730,true,752,
rising-base,draft06,9200,ProbeBW,400,401,101,73730,584000,1460,6551,7215320,1000,401,6753,73730,true,752,
rising-base,draft06,9300,ProbeBW,400,401,101,73730,584000,1460,6551,7215320,1000,401,6753,73730,true,752,
rising-base,draft06,9400,ProbeBW,400,401,101,73730,584000,1460,6551,7215320,1000,401,6753,73730,true,752,
rising-base,draft06,9500,ProbeBW,400,401,101,73730,584000,1460,6551,7215320,1000,401,6753,73730,true,752,
rising-base,draft06,9600,ProbeBW,400,401,101,73730,584000,1460,6551,7215320,1000,401,6753,73730,true,752,
rising-base,draft06,9700,ProbeBW,400,401,101,73730,584000,1460,6551,7215320,1000,401,6753,73730,true,752,
rising-base,draft06,9800,ProbeBW,400,401,101,73730,584000,1460,6551,7215320,1000,401,6753,73730,true,752,
rising-base,draft06,9900,ProbeBW,400,401,101,73730,584000,1460,6551,7215320,1000,401,6753,73730,true,752,
rising-base,draft06,10000,ProbeBW,400,401,101,73730,584000,1460,6551,7215320,1000,401,6753,73730,true,752,
rising-base,draft06,10100,ProbeBW,400,401,101,73730,584000,1460,6551,7215320,1000,401,6753,73730,true,752,
rising-base,draft06,10200,ProbeBW,400,401,101,73730,584000,1460,6551,7215320,1000,401,6753,73730,true,752,
rising-base,draft06,10300,ProbeBW,400,401,101,73730,584000,1460,6551,7215320,1000,401,6753,73730,true,752,
rising-base,draft06,10400,ProbeBW,400,401,101,73730,584000,1460,6551,7215320,1000,401,6753,73730,true,752,
rising-base,draft06,10500,ProbeBW,400,401,101,73730,584000,1460,6551,7215320,1000,401,6753,73730,true,752,
rising-base,draft06,10600,ProbeBW,400,401,101,73730,584000,1460,6551,7215320,1000,401,6753,73730,true,752,
rising-base,draft06,10700,ProbeBW,400,401,101,73730,584000,1460,6551,7215320,1000,401,6753,73730,true,752,
rising-base,draft06,10800,ProbeBW,400,401,101,73730,584000,1460,6551,7215320,1000,401,6753,73730,true,752,
rising-base,draft06,10900,ProbeBW,400,401,101,73730,584000,1460,6551,7215320,1000,401,6753,73730,true,752,
rising-base,draft06,11000,ProbeBW,400,401,101,73730,584000,1460,6551,7215320,1000,401,6753,73730,true,752,
rising-base,draft06,11001,ProbeBW,400,401,401,292730,584000,1460,6551,7215320,6753,401,6753,73730,true,752,minimum changed;
rising-base,draft06,11100,ProbeBW,400,401,401,292730,584000,1460,6551,7215320,6753,401,6753,73730,true,752,
rising-base,draft06,11200,ProbeBW,400,401,401,292730,584000,1460,6551,7215320,6753,401,6753,73730,true,752,
rising-base,draft06,11300,ProbeBW,400,401,401,292730,584000,1460,6551,7215320,6753,401,6753,73730,true,752,
rising-base,draft06,11400,ProbeBW,400,401,401,292730,584000,1460,6551,7215320,6753,401,6753,73730,true,752,
rising-base,draft06,11500,ProbeBW,400,401,401,292730,584000,1460,6551,7215320,6753,401,6753,73730,true,752,
rising-base,draft06,11600,ProbeBW,400,401,401,292730,584000,1460,6551,7215320,6753,401,6753,73730,true,752,
rising-base,draft06,11700,ProbeBW,400,401,401,292730,584000,1460,6551,7215320,6753,401,6753,73730,true,752,
rising-base,draft06,11754,ProbeRTT,400,401,401,292730,582540,0,0,7215320,6753,401,11754,73730,false,752,enter;
rising-base,draft06,11800,ProbeRTT,400,401,401,292730,515380,0,0,7215320,6753,401,11754,73730,false,798,
rising-base,draft06,11900,ProbeRTT,400,401,401,292730,369380,0,0,7215320,6753,401,11754,73730,false,898,
rising-base,draft06,11953,ProbeRTT,400,401,401,292730,292000,0,12153,14353260,6753,401,11754,73730,false,951,timer-start;
rising-base,draft06,12000,ProbeRTT,400,401,401,292730,292000,1460,12153,14353260,6753,401,11754,73730,false,998,
rising-base,draft06,12100,ProbeRTT,400,401,401,292730,292000,1460,12153,14353260,6753,401,11754,73730,false,1098,
rising-base,draft06,12200,ProbeRTT,400,401,401,292730,292000,0,12153,14353260,6753,401,11754,73730,false,1198,
rising-base,draft06,12300,ProbeRTT,400,401,401,292730,292000,0,12153,14353260,6753,401,11754,73730,false,1298,
rising-base,draft06,12355,ProbeBW,400,401,401,292730,292000,1460,12153,14353260,6753,401,12355,73730,true,1353,exit;
rising-base,draft06,12400,ProbeBW,400,401,401,292730,293460,1460,12153,14353260,6753,401,12355,73730,true,1353,
rising-base,draft06,12500,ProbeBW,400,401,401,292730,293460,1460,12153,14353260,6753,401,12355,73730,true,1353,
rising-base,draft06,12600,ProbeBW,400,401,401,292730,359160,1460,12153,14353260,6753,401,12355,73730,true,1353,
rising-base,draft06,12700,ProbeBW,400,401,401,292730,505160,1460,12153,14353260,6753,401,12355,73730,true,1353,
rising-base,draft06,12800,ProbeBW,400,401,401,292730,584000,1460,12153,14353260,6753,401,12355,73730,true,1353,
rising-base,draft06,12900,ProbeBW,400,401,401,292730,584000,1460,12153,14353260,6753,401,12355,73730,true,1353,
rising-base,draft06,13000,ProbeBW,400,401,401,292730,584000,1460,12153,14353260,6753,401,12355,73730,true,1353,
rising-base,draft06,13100,ProbeBW,400,401,401,292730,584000,1460,12153,14353260,6753,401,12355,73730,true,1353,
rising-base,draft06,13200,ProbeBW,400,401,401,292730,584000,1460,12153,14353260,6753,401,12355,73730,true,1353,
rising-base,draft06,13300,ProbeBW,400,401,401,292730,584000,1460,12153,14353260,6753,401,12355,73730,true,1353,
rising-base,draft06,13400,ProbeBW,400,401,401,292730,584000,1460,12153,14353260,6753,401,12355,73730,true,1353,
rising-base,draft06,13500,ProbeBW,400,401,401,292730,584000,1460,12153,14353260,6753,401,12355,73730,true,1353,
rising-base,draft06,13600,ProbeBW,400,401,401,292730,584000,1460,12153,14353260,6753,401,12355,73730,true,1353,
rising-base,draft06,13700,ProbeBW,400,401,401,292730,584000,1460,12153,14353260,6753,401,12355,73730,true,1353,
rising-base,draft06,13800,ProbeBW,400,401,401,292730,584000,1460,12153,14353260,6753,401,12355,73730,true,1353,
rising-base,draft06,13900,ProbeBW,400,401,401,292730,584000,1460,12153,14353260,6753,401,12355,73730,true,1353,
rising-base,draft06,14000,ProbeBW,400,401,401,292730,584000,1460,12153,14353260,6753,401,12355,73730,true,1353,
rising-base,draft06,14100,ProbeBW,400,401,401,292730,584000,1460,12153,14353260,6753,401,12355,73730,true,1353,
rising-base,draft06,14200,ProbeBW,400,401,401,292730,584000,1460,12153,14353260,6753,401,12355,73730,true,1353,
rising-base,draft06,14300,ProbeBW,400,401,401,292730,584000,1460,12153,14353260,6753,401,12355,73730,true,1353,
rising-base,draft06,14400,ProbeBW,400,401,401,292730,584000,1460,12153,14353260,6753,401,12355,73730,true,1353,
rising-base,draft06,14500,ProbeBW,400,401,401,292730,584000,1460,12153,14353260,6753,401,12355,73730,true,1353,
rising-base,draft06,14600,ProbeBW,400,401,401,292730,584000,1460,12153,14353260,6753,401,12355,73730,true,1353,
rising-base,draft06,14700,ProbeBW,400,401,401,292730,584000,1460,12153,14353260,6753,401,12355,73730,true,1353,
rising-base,draft06,14800,ProbeBW,400,401,401,292730,584000,1460,12153,14353260,6753,401,12355,73730,true,1353,
rising-base,draft06,14900,ProbeBW,400,401,401,292730,584000,1460,12153,14353260,6753,401,12355,73730,true,1353,
rising-base,draft06,15000,ProbeBW,400,401,401,292730,584000,1460,12153,14353260,6753,401,12355,73730,true,1353,
rising-base,draft06,15100,ProbeBW,400,401,401,292730,584000,1460,12153,14353260,6753,401,12355,73730,true,1353,
rising-base,draft06,15200,ProbeBW,400,401,401,292730,584000,1460,12153,14353260,6753,401,12355,73730,true,1353,
rising-base,draft06,15300,ProbeBW,400,401,401,292730,584000,1460,12153,14353260,6753,401,12355,73730,true,1353,
rising-base,draft06,15400,ProbeBW,400,401,401,292730,584000,1460,12153,14353260,6753,401,12355,73730,true,1353,
rising-base,draft06,15500,ProbeBW,400,401,401,292730,584000,1460,12153,14353260,6753,401,12355,73730,true,1353,
rising-base,draft06,15600,ProbeBW,400,401,401,292730,584000,1460,12153,14353260,6753,401,12355,73730,true,1353,
rising-base,draft06,15700,ProbeBW,400,401,401,292730,584000,1460,12153,14353260,6753,401,12355,73730,true,1353,
rising-base,draft06,15800,ProbeBW,400,401,401,292730,584000,1460,12153,14353260,6753,401,12355,73730,true,1353,
rising-base,draft06,15900,ProbeBW,400,401,401,292730,584000,1460,12153,14353260,6753,401,12355,73730,true,1353,
rising-base,draft06,16000,ProbeBW,400,401,401,292730,584000,1460,12153,14353260,6753,401,12355,73730,true,1353,
rising-base,draft06,16100,ProbeBW,400,401,401,292730,584000,1460,12153,14353260,6753,401,12355,73730,true,1353,
rising-base,draft06,16200,ProbeBW,400,401,401,292730,584000,1460,12153,14353260,6753,401,12355,73730,true,1353,
rising-base,draft06,16300,ProbeBW,400,401,401,292730,584000,1460,12153,14353260,6753,401,12355,73730,true,1353,
rising-base,draft06,16400,ProbeBW,400,401,401,292730,584000,1460,12153,14353260,6753,401,12355,73730,true,1353,
rising-base,draft06,16500,ProbeBW,400,401,401,292730,584000,1460,12153,14353260,6753,401,12355,73730,true,1353,
rising-base,draft06,16600,ProbeBW,400,401,401,292730,584000,1460,12153,14353260,6753,401,12355,73730,true,1353,
rising-base,draft06,16700,ProbeBW,400,401,401,292730,584000,1460,12153,14353260,6753,401,12355,73730,true,1353,
rising-base,draft06,16800,ProbeBW,400,401,401,292730,584000,1460,12153,14353260,12355,401,12355,73730,true,1353,
rising-base,draft06,16900,ProbeBW,400,401,401,292730,584000,1460,12153,14353260,12355,401,12355,73730,true,1353,
rising-base,draft06,17000,ProbeBW,400,401,401,292730,584000,1460,12153,14353260,12355,401,12355,73730,true,1353,
rising-base,draft06,17100,ProbeBW,400,401,401,292730,584000,1460,12153,14353260,12355,401,12355,73730,true,1353,
rising-base,draft06,17200,ProbeBW,400,401,401,292730,584000,1460,12153,14353260,12355,401,12355,73730,true,1353,
rising-base,draft06,17300,ProbeBW,400,401,401,292730,584000,1460,12153,14353260,12355,401,12355,73730,true,1353,
rising-base,draft06,17356,ProbeRTT,400,401,401,292730,582540,0,0,14353260,12355,401,17356,73730,false,1353,enter;
rising-base,draft06,17400,ProbeRTT,400,401,401,292730,518300,0,0,14353260,12355,401,17356,73730,false,1397,
rising-base,draft06,17500,ProbeRTT,400,401,401,292730,372300,0,0,14353260,12355,401,17356,73730,false,1497,
rising-base,draft06,17555,ProbeRTT,400,401,401,292730,292000,0,17755,21929200,12355,401,17356,73730,false,1552,timer-start;
rising-base,draft06,17600,ProbeRTT,400,401,401,292730,292000,1460,17755,21929200,12355,401,17356,73730,false,1597,
rising-base,draft06,17700,ProbeRTT,400,401,401,292730,292000,1460,17755,21929200,12355,401,17356,73730,false,1697,
rising-base,draft06,17800,ProbeRTT,400,401,401,292730,292000,0,17755,21929200,12355,401,17356,73730,false,1797,
rising-base,draft06,17900,ProbeRTT,400,401,401,292730,292000,0,17755,21929200,12355,401,17356,73730,false,1897,
rising-base,draft06,17957,ProbeBW,400,401,401,292730,292000,1460,17755,21929200,12355,401,17957,73730,true,1954,exit;
rising-base,draft06,18000,ProbeBW,400,401,401,292730,293460,1460,17755,21929200,12355,401,17957,73730,true,1954,
rising-base,draft06,18100,ProbeBW,400,401,401,292730,293460,1460,17755,21929200,12355,401,17957,73730,true,1954,
rising-base,draft06,18200,ProbeBW,400,401,401,292730,356240,1460,17755,21929200,12355,401,17957,73730,true,1954,
rising-base,draft06,18300,ProbeBW,400,401,401,292730,502240,1460,17755,21929200,12355,401,17957,73730,true,1954,
rising-base,draft06,18400,ProbeBW,400,401,401,292730,584000,1460,17755,21929200,12355,401,17957,73730,true,1954,
rising-base,draft06,18500,ProbeBW,400,401,401,292730,584000,1460,17755,21929200,12355,401,17957,73730,true,1954,
rising-base,draft06,18600,ProbeBW,400,401,401,292730,584000,1460,17755,21929200,12355,401,17957,73730,true,1954,
rising-base,draft06,18700,ProbeBW,400,401,401,292730,584000,1460,17755,21929200,12355,401,17957,73730,true,1954,
rising-base,draft06,18800,ProbeBW,400,401,401,292730,584000,1460,17755,21929200,12355,401,17957,73730,true,1954,
rising-base,draft06,18900,ProbeBW,400,401,401,292730,584000,1460,17755,21929200,12355,401,17957,73730,true,1954,
rising-base,draft06,19000,ProbeBW,400,401,401,292730,584000,1460,17755,21929200,12355,401,17957,73730,true,1954,
rising-base,draft06,19100,ProbeBW,400,401,401,292730,584000,1460,17755,21929200,12355,401,17957,73730,true,1954,
rising-base,draft06,19200,ProbeBW,400,401,401,292730,584000,1460,17755,21929200,12355,401,17957,73730,true,1954,
rising-base,draft06,19300,ProbeBW,400,401,401,292730,584000,1460,17755,21929200,12355,401,17957,73730,true,1954,
rising-base,draft06,19400,ProbeBW,400,401,401,292730,584000,1460,17755,21929200,12355,401,17957,73730,true,1954,
rising-base,draft06,19500,ProbeBW,400,401,401,292730,584000,1460,17755,21929200,12355,401,17957,73730,true,1954,
rising-base,draft06,19600,ProbeBW,400,401,401,292730,584000,1460,17755,21929200,12355,401,17957,73730,true,1954,
rising-base,draft06,19700,ProbeBW,400,401,401,292730,584000,1460,17755,21929200,12355,401,17957,73730,true,1954,
rising-base,draft06,19800,ProbeBW,400,401,401,292730,584000,1460,17755,21929200,12355,401,17957,73730,true,1954,
rising-base,draft06,19900,ProbeBW,400,401,401,292730,584000,1460,17755,21929200,12355,401,17957,73730,true,1954,
rising-base,draft06,20000,ProbeBW,400,401,401,292730,584000,1460,17755,21929200,12355,401,17957,73730,true,1954,
rising-base,draft06,20100,ProbeBW,400,401,401,292730,584000,1460,17755,21929200,12355,401,17957,73730,true,1954,
rising-base,draft06,20200,ProbeBW,400,401,401,292730,584000,1460,17755,21929200,12355,401,17957,73730,true,1954,
rising-base,draft06,20300,ProbeBW,400,401,401,292730,584000,1460,17755,21929200,12355,401,17957,73730,true,1954,
rising-base,draft06,20400,ProbeBW,400,401,401,292730,584000,1460,17755,21929200,12355,401,17957,73730,true,1954,
rising-base,draft06,20500,ProbeBW,400,401,401,292730,584000,1460,17755,21929200,12355,401,17957,73730,true,1954,
rising-base,draft06,20600,ProbeBW,400,401,401,292730,584000,1460,17755,21929200,12355,401,17957,73730,true,1954,
rising-base,draft06,20700,ProbeBW,400,401,401,292730,584000,1460,17755,21929200,12355,401,17957,73730,true,1954,
rising-base,draft06,20800,ProbeBW,400,401,401,292730,584000,1460,17755,21929200,12355,401,17957,73730,true,1954,
rising-base,draft06,20900,ProbeBW,400,401,401,292730,584000,1460,17755,21929200,12355,401,17957,73730,true,1954,
rising-base,draft06,21000,ProbeBW,400,401,401,292730,584000,1460,17755,21929200,12355,401,17957,73730,true,1954,
rising-base,draft06,21100,ProbeBW,400,401,401,292730,584000,1460,17755,21929200,12355,401,17957,73730,true,1954,
rising-base,draft06,21200,ProbeBW,400,401,401,292730,584000,1460,17755,21929200,12355,401,17957,73730,true,1954,
rising-base,draft06,21300,ProbeBW,400,401,401,292730,584000,1460,17755,21929200,12355,401,17957,73730,true,1954,
rising-base,draft06,21400,ProbeBW,400,401,401,292730,584000,1460,17755,21929200,12355,401,17957,73730,true,1954,
rising-base,draft06,21500,ProbeBW,400,401,401,292730,584000,1460,17755,21929200,12355,401,17957,73730,true,1954,
rising-base,draft06,21600,ProbeBW,400,401,401,292730,584000,1460,17755,21929200,12355,401,17957,73730,true,1954,
rising-base,draft06,21700,ProbeBW,400,401,401,292730,584000,1460,17755,21929200,12355,401,17957,73730,true,1954,
rising-base,draft06,21800,ProbeBW,400,401,401,292730,584000,1460,17755,21929200,12355,401,17957,73730,true,1954,
rising-base,draft06,21900,ProbeBW,400,401,401,292730,584000,1460,17755,21929200,12355,401,17957,73730,true,1954,
rising-base,draft06,22000,ProbeBW,400,401,401,292730,584000,1460,17755,21929200,12355,401,17957,73730,true,1954,
rising-base,draft06,22100,ProbeBW,400,401,401,292730,584000,1460,17755,21929200,12355,401,17957,73730,true,1954,
rising-base,draft06,22200,ProbeBW,400,401,401,292730,584000,1460,17755,21929200,12355,401,17957,73730,true,1954,
rising-base,draft06,22300,ProbeBW,400,401,401,292730,584000,1460,17755,21929200,12355,401,17957,73730,true,1954,
rising-base,draft06,22400,ProbeBW,400,401,401,292730,584000,1460,17755,21929200,17957,401,17957,73730,true,1954,
rising-base,draft06,22500,ProbeBW,400,401,401,292730,584000,1460,17755,21929200,17957,401,17957,73730,true,1954,
rising-base,draft06,22600,ProbeBW,400,401,401,292730,584000,1460,17755,21929200,17957,401,17957,73730,true,1954,
rising-base,draft06,22700,ProbeBW,400,401,401,292730,584000,1460,17755,21929200,17957,401,17957,73730,true,1954,
rising-base,draft06,22800,ProbeBW,400,401,401,292730,584000,1460,17755,21929200,17957,401,17957,73730,true,1954,
rising-base,draft06,22900,ProbeBW,400,401,401,292730,584000,1460,17755,21929200,17957,401,17957,73730,true,1954,
rising-base,draft06,22958,ProbeRTT,400,401,401,292730,582540,0,0,21929200,17957,401,22958,73730,false,1954,enter;
rising-base,draft06,23000,ProbeRTT,400,401,401,292730,521220,0,0,21929200,17957,401,22958,73730,false,1996,
rising-base,draft06,23100,ProbeRTT,400,401,401,292730,375220,0,0,21929200,17957,401,22958,73730,false,2096,
rising-base,draft06,23157,ProbeRTT,400,401,401,292730,292000,0,23357,29505140,17957,401,22958,73730,false,2153,timer-start;
rising-base,draft06,23200,ProbeRTT,400,401,401,292730,292000,1460,23357,29505140,17957,401,22958,73730,false,2196,
rising-base,draft06,23300,ProbeRTT,400,401,401,292730,292000,1460,23357,29505140,17957,401,22958,73730,false,2296,
rising-base,draft06,23400,ProbeRTT,400,401,401,292730,292000,0,23357,29505140,17957,401,22958,73730,false,2396,
rising-base,draft06,23500,ProbeRTT,400,401,401,292730,292000,0,23357,29505140,17957,401,22958,73730,false,2496,
rising-base,draft06,23559,ProbeBW,400,401,401,292730,292000,1460,23357,29505140,17957,401,23559,73730,true,2555,exit;
rising-base,draft06,23600,ProbeBW,400,401,401,292730,293460,1460,23357,29505140,17957,401,23559,73730,true,2555,
rising-base,draft06,23700,ProbeBW,400,401,401,292730,293460,1460,23357,29505140,17957,401,23559,73730,true,2555,
rising-base,draft06,23800,ProbeBW,400,401,401,292730,353320,1460,23357,29505140,17957,401,23559,73730,true,2555,
rising-base,draft06,23900,ProbeBW,400,401,401,292730,499320,1460,23357,29505140,17957,401,23559,73730,true,2555,
rising-base,draft06,24000,ProbeBW,400,401,401,292730,584000,1460,23357,29505140,17957,401,23559,73730,true,2555,
rising-base,draft06,24100,ProbeBW,400,401,401,292730,584000,1460,23357,29505140,17957,401,23559,73730,true,2555,
rising-base,draft06,24200,ProbeBW,400,401,401,292730,584000,1460,23357,29505140,17957,401,23559,73730,true,2555,
rising-base,draft06,24300,ProbeBW,400,401,401,292730,584000,1460,23357,29505140,17957,401,23559,73730,true,2555,
rising-base,draft06,24400,ProbeBW,400,401,401,292730,584000,1460,23357,29505140,17957,401,23559,73730,true,2555,
rising-base,draft06,24500,ProbeBW,400,401,401,292730,584000,1460,23357,29505140,17957,401,23559,73730,true,2555,
rising-base,draft06,24600,ProbeBW,400,401,401,292730,584000,1460,23357,29505140,17957,401,23559,73730,true,2555,
rising-base,draft06,24700,ProbeBW,400,401,401,292730,584000,1460,23357,29505140,17957,401,23559,73730,true,2555,
rising-base,draft06,24800,ProbeBW,400,401,401,292730,584000,1460,23357,29505140,17957,401,23559,73730,true,2555,
rising-base,draft06,24900,ProbeBW,400,401,401,292730,584000,1460,23357,29505140,17957,401,23559,73730,true,2555,
rising-base,draft06,25000,ProbeBW,400,401,401,292730,584000,1460,23357,29505140,17957,401,23559,73730,true,2555,
rising-base,proposal,1000,ProbeBW,100,0,101,73730,584000,584000,0,0,1000,101,1000,73730,false,0,initial
rising-base,proposal,1100,ProbeBW,100,0,101,73730,584000,438000,0,0,1000,101,1000,73730,false,0,
rising-base,proposal,1200,ProbeBW,100,200,101,73730,584000,438000,0,0,1101,101,1000,73730,false,0,
rising-base,proposal,1300,ProbeBW,100,300,101,73730,584000,438000,0,0,1101,101,1000,73730,false,0,
rising-base,proposal,1400,ProbeBW,100,400,101,73730,584000,438000,0,0,1101,101,1000,73730,false,0,
rising-base,proposal,1500,ProbeBW,100,500,101,73730,584000,438000,0,0,1101,101,1000,73730,false,0,
rising-base,proposal,1600,ProbeBW,100,400,101,73730,584000,438000,0,0,1101,101,1000,73730,false,0,
rising-base,proposal,1700,ProbeBW,100,400,101,73730,584000,438000,0,0,1101,101,1000,73730,false,0,
rising-base,proposal,1800,ProbeBW,100,400,101,73730,584000,438000,0,0,1101,101,1000,73730,false,0,
rising-base,proposal,1900,ProbeBW,100,400,101,73730,584000,438000,0,0,1101,101,1000,73730,false,0,
rising-base,proposal,2000,ProbeBW,400,400,101,73730,584000,438000,0,0,1101,101,1000,73730,false,0,
rising-base,proposal,2100,ProbeBW,400,400,101,73730,584000,438000,0,0,1101,101,1000,73730,false,0,
rising-base,proposal,2200,ProbeBW,400,400,101,73730,584000,438000,0,0,1101,101,1000,73730,false,0,
rising-base,proposal,2300,ProbeBW,400,400,101,73730,584000,438000,0,0,1101,101,1000,73730,false,0,
rising-base,proposal,2400,ProbeBW,400,400,101,73730,584000,436540,0,0,1101,101,1000,73730,false,0,
rising-base,proposal,2500,ProbeBW,400,400,101,73730,584000,290540,0,0,1101,101,1000,73730,false,0,
rising-base,proposal,2600,ProbeBW,400,400,101,73730,584000,144540,0,0,1101,101,1000,73730,false,0,
rising-base,proposal,2700,ProbeBW,400,700,101,73730,584000,1460,0,0,1101,101,1000,73730,false,0,
rising-base,proposal,2800,ProbeBW,400,700,101,73730,584000,1460,0,0,1101,101,1000,73730,false,0,
rising-base,proposal,2900,ProbeBW,400,700,101,73730,584000,1460,0,0,1101,101,1000,73730,false,0,
rising-base,proposal,3000,ProbeBW,400,700,101,73730,584000,1460,0,0,1101,101,1000,73730,false,0,
rising-base,proposal,3100,ProbeBW,400,700,101,73730,584000,0,0,0,1101,101,1000,73730,false,0,
rising-base,proposal,3200,ProbeBW,400,401,101,73730,584000,1460,0,0,1101,101,1000,73730,false,0,
rising-base,proposal,3300,ProbeBW,400,401,101,73730,584000,1460,0,0,1101,101,1000,73730,false,0,
rising-base,proposal,3400,ProbeBW,400,401,101,73730,584000,1460,0,0,1101,101,1000,73730,false,0,
rising-base,proposal,3500,ProbeBW,400,401,101,73730,584000,1460,0,0,1101,101,1000,73730,false,0,
rising-base,proposal,3600,ProbeBW,400,401,101,73730,584000,1460,0,0,1101,101,1000,73730,false,0,
rising-base,proposal,3700,ProbeBW,400,401,101,73730,584000,1460,0,0,1101,101,1000,73730,false,0,
rising-base,proposal,3800,ProbeBW,400,401,101,73730,584000,1460,0,0,1101,101,1000,73730,false,0,
rising-base,proposal,3900,ProbeBW,400,401,101,73730,584000,1460,0,0,1101,101,1000,73730,false,0,
rising-base,proposal,4000,ProbeBW,400,401,101,73730,584000,1460,0,0,1101,101,1000,73730,false,0,
rising-base,proposal,4100,ProbeBW,400,401,101,73730,584000,1460,0,0,1101,101,1000,73730,false,0,
rising-base,proposal,4200,ProbeBW,400,401,101,73730,584000,1460,0,0,1101,101,1000,73730,false,0,
rising-base,proposal,4300,ProbeBW,400,401,101,73730,584000,1460,0,0,1101,101,1000,73730,false,0,
rising-base,proposal,4400,ProbeBW,400,401,101,73730,584000,1460,0,0,1101,101,1000,73730,false,0,
rising-base,proposal,4500,ProbeBW,400,401,101,73730,584000,1460,0,0,1101,101,1000,73730,false,0,
rising-base,proposal,4600,ProbeBW,400,401,101,73730,584000,1460,0,0,1101,101,1000,73730,false,0,
rising-base,proposal,4700,ProbeBW,400,401,101,73730,584000,1460,0,0,1101,101,1000,73730,false,0,
rising-base,proposal,4800,ProbeBW,400,401,101,73730,584000,1460,0,0,1101,101,1000,73730,false,0,
rising-base,proposal,4900,ProbeBW,400,401,101,73730,584000,1460,0,0,1101,101,1000,73730,false,0,
rising-base,proposal,5000,ProbeBW,400,401,101,73730,584000,1460,0,0,1101,101,1000,73730,false,0,
rising-base,proposal,5100,ProbeBW,400,401,101,73730,584000,1460,0,0,1101,101,1000,73730,false,0,
rising-base,proposal,5200,ProbeBW,400,401,101,73730,584000,1460,0,0,1101,101,1000,73730,false,0,
rising-base,proposal,5300,ProbeBW,400,401,101,73730,584000,1460,0,0,1101,101,1000,73730,false,0,
rising-base,proposal,5400,ProbeBW,400,401,101,73730,584000,1460,0,0,1101,101,1000,73730,false,0,
rising-base,proposal,5500,ProbeBW,400,401,101,73730,584000,1460,0,0,1101,101,1000,73730,false,0,
rising-base,proposal,5600,ProbeBW,400,401,101,73730,584000,1460,0,0,1101,101,1000,73730,false,0,
rising-base,proposal,5700,ProbeBW,400,401,101,73730,584000,1460,0,0,1101,101,1000,73730,false,0,
rising-base,proposal,5800,ProbeBW,400,401,101,73730,584000,1460,0,0,1101,101,1000,73730,false,0,
rising-base,proposal,5900,ProbeBW,400,401,101,73730,584000,1460,0,0,1101,101,1000,73730,false,0,
rising-base,proposal,6000,ProbeBW,400,401,101,73730,584000,1460,0,0,1101,101,1000,73730,false,0,
rising-base,proposal,6100,ProbeBW,400,401,101,73730,584000,1460,0,0,1101,101,1000,73730,false,0,
rising-base,proposal,6200,ProbeBW,400,401,101,73730,584000,1460,0,0,1101,101,1000,73730,false,0,
rising-base,proposal,6300,ProbeBW,400,401,101,73730,584000,1460,0,0,1101,101,1000,73730,false,0,
rising-base,proposal,6400,ProbeBW,400,401,101,73730,584000,1460,0,0,1101,101,1000,73730,false,0,
rising-base,proposal,6500,ProbeBW,400,401,101,73730,584000,1460,0,0,1101,101,1000,73730,false,0,
rising-base,proposal,6600,ProbeBW,400,401,101,73730,584000,1460,0,0,1101,101,1000,73730,false,0,
rising-base,proposal,6700,ProbeBW,400,401,101,73730,584000,1460,0,0,1101,101,1000,73730,false,0,
rising-base,proposal,6800,ProbeBW,400,401,101,73730,584000,1460,0,0,1101,101,1000,73730,false,0,
rising-base,proposal,6900,ProbeBW,400,401,101,73730,584000,1460,0,0,1101,101,1000,73730,false,0,
rising-base,proposal,7000,ProbeBW,400,401,101,73730,584000,1460,0,0,1101,101,1000,73730,false,0,
rising-base,proposal,7100,ProbeBW,400,401,101,73730,584000,1460,0,0,1101,101,1000,73730,false,0,
rising-base,proposal,7200,ProbeBW,400,401,101,73730,584000,1460,0,0,1101,101,1000,73730,false,0,
rising-base,proposal,7300,ProbeBW,400,401,101,73730,584000,1460,0,0,1101,101,1000,73730,false,0,
rising-base,proposal,7400,ProbeBW,400,401,101,73730,584000,1460,0,0,1101,101,1000,73730,false,0,
rising-base,proposal,7500,ProbeBW,400,401,101,73730,584000,1460,0,0,1101,101,1000,73730,false,0,
rising-base,proposal,7600,ProbeBW,400,401,101,73730,584000,1460,0,0,1101,101,1000,73730,false,0,
rising-base,proposal,7700,ProbeBW,400,401,101,73730,584000,1460,0,0,1101,101,1000,73730,false,0,
rising-base,proposal,7800,ProbeBW,400,401,101,73730,584000,1460,0,0,1101,101,1000,73730,false,0,
rising-base,proposal,7900,ProbeBW,400,401,101,73730,584000,1460,0,0,1101,101,1000,73730,false,0,
rising-base,proposal,8000,ProbeBW,400,401,101,73730,584000,1460,0,0,1101,101,1000,73730,false,0,
rising-base,proposal,8100,ProbeBW,400,401,101,73730,584000,1460,0,0,1101,101,1000,73730,false,0,
rising-base,proposal,8200,ProbeBW,400,401,101,73730,584000,1460,0,0,1101,101,1000,73730,false,0,
rising-base,proposal,8300,ProbeBW,400,401,101,73730,584000,1460,0,0,1101,101,1000,73730,false,0,
rising-base,proposal,8400,ProbeBW,400,401,101,73730,584000,1460,0,0,1101,101,1000,73730,false,0,
rising-base,proposal,8500,ProbeBW,400,401,101,73730,584000,1460,0,0,1101,101,1000,73730,false,0,
rising-base,proposal,8600,ProbeBW,400,401,101,73730,584000,1460,0,0,1101,101,1000,73730,false,0,
rising-base,proposal,8700,ProbeBW,400,401,101,73730,584000,1460,0,0,1101,101,1000,73730,false,0,
rising-base,proposal,8800,ProbeBW,400,401,101,73730,584000,1460,0,0,1101,101,1000,73730,false,0,
rising-base,proposal,8900,ProbeBW,400,401,101,73730,584000,1460,0,0,1101,101,1000,73730,false,0,
rising-base,proposal,9000,ProbeBW,400,401,101,73730,584000,1460,0,0,1101,101,1000,73730,false,0,
rising-base,proposal,9100,ProbeBW,400,401,101,73730,584000,1460,0,0,1101,101,1000,73730,false,0,
rising-base,proposal,9200,ProbeBW,400,401,101,73730,584000,1460,0,0,1101,101,1000,73730,false,0,
rising-base,proposal,9300,ProbeBW,400,401,101,73730,584000,1460,0,0,1101,101,1000,73730,false,0,
rising-base,proposal,9400,ProbeBW,400,401,101,73730,584000,1460,0,0,1101,101,1000,73730,false,0,
rising-base,proposal,9500,ProbeBW,400,401,101,73730,584000,1460,0,0,1101,101,1000,73730,false,0,
rising-base,proposal,9600,ProbeBW,400,401,101,73730,584000,1460,0,0,1101,101,1000,73730,false,0,
rising-base,proposal,9700,ProbeBW,400,401,101,73730,584000,1460,0,0,1101,101,1000,73730,false,0,
rising-base,proposal,9800,ProbeBW,400,401,101,73730,584000,1460,0,0,1101,101,1000,73730,false,0,
rising-base,proposal,9900,ProbeBW,400,401,101,73730,584000,1460,0,0,1101,101,1000,73730,false,0,
rising-base,proposal,10000,ProbeBW,400,401,101,73730,584000,1460,0,0,1101,101,1000,73730,false,0,
rising-base,proposal,10100,ProbeBW,400,401,101,73730,584000,1460,0,0,1101,101,1000,73730,false,0,
rising-base,proposal,10200,ProbeBW,400,401,101,73730,584000,1460,0,0,1101,101,1000,73730,false,0,
rising-base,proposal,10300,ProbeBW,400,401,101,73730,584000,1460,0,0,1101,101,1000,73730,false,0,
rising-base,proposal,10400,ProbeBW,400,401,101,73730,584000,1460,0,0,1101,101,1000,73730,false,0,
rising-base,proposal,10500,ProbeBW,400,401,101,73730,584000,1460,0,0,1101,101,1000,73730,false,0,
rising-base,proposal,10600,ProbeBW,400,401,101,73730,584000,1460,0,0,1101,101,1000,73730,false,0,
rising-base,proposal,10700,ProbeBW,400,401,101,73730,584000,1460,0,0,1101,101,1000,73730,false,0,
rising-base,proposal,10800,ProbeBW,400,401,101,73730,584000,1460,0,0,1101,101,1000,73730,false,0,
rising-base,proposal,10900,ProbeBW,400,401,101,73730,584000,1460,0,0,1101,101,1000,73730,false,0,
rising-base,proposal,11000,ProbeBW,400,401,101,73730,584000,1460,0,0,1101,101,1000,73730,false,0,
rising-base,proposal,11100,ProbeBW,400,401,101,73730,584000,1460,0,0,1101,101,1000,73730,false,0,
rising-base,proposal,11102,ProbeRTT,400,401,401,73730,582540,0,0,0,11102,101,1000,73730,false,0,enter;
rising-base,proposal,11200,ProbeRTT,400,401,401,73730,440920,0,0,0,11200,101,1000,73730,false,98,
rising-base,proposal,11300,ProbeRTT,400,401,401,73730,294920,0,0,0,11300,101,1000,73730,false,198,
rising-base,proposal,11400,ProbeRTT,400,401,401,73730,148920,0,0,0,11400,101,1000,73730,false,298,
rising-base,proposal,11452,ProbeRTT,400,401,401,73730,73000,0,11652,14645260,11452,101,1000,73730,false,350,timer-start;
rising-base,proposal,11500,ProbeRTT,400,401,401,73730,73000,1460,11652,14645260,11500,101,1000,73730,false,398,
rising-base,proposal,11600,ProbeRTT,400,401,401,73730,73000,0,11652,14645260,11502,101,1000,73730,false,498,
rising-base,proposal,11700,ProbeRTT,400,401,401,73730,73000,0,11652,14645260,11502,101,1000,73730,false,598,
rising-base,proposal,11800,ProbeRTT,400,401,401,73730,73000,0,11652,14645260,11502,101,1000,73730,false,698,
rising-base,proposal,11854,ProbeBW,400,401,401,73730,73000,1460,11652,14645260,11854,101,1000,73730,true,752,exit;
rising-base,proposal,11900,ProbeBW,400,401,401,73730,73000,1460,11652,14645260,11900,101,1000,73730,true,752,
rising-base,proposal,12000,ProbeBW,400,401,401,73730,214620,1460,11652,14645260,11903,101,1000,73730,true,752,
rising-base,proposal,12100,ProbeBW,400,401,401,73730,360620,1460,11652,14645260,11903,101,1000,73730,true,752,
rising-base,proposal,12200,ProbeBW,400,401,401,73730,506620,1460,11652,14645260,11903,101,1000,73730,true,752,
rising-base,proposal,12300,ProbeBW,400,401,401,73730,584000,1460,11652,14645260,12300,101,1000,73730,true,752,
rising-base,proposal,12400,ProbeBW,400,401,401,73730,584000,1460,11652,14645260,12400,101,1000,73730,true,752,
rising-base,proposal,12500,ProbeBW,400,401,401,73730,584000,1460,11652,14645260,12500,101,1000,73730,true,752,
rising-base,proposal,12600,ProbeBW,400,401,401,73730,584000,1460,11652,14645260,12600,101,1000,73730,true,752,
rising-base,proposal,12700,ProbeBW,400,401,401,73730,584000,1460,11652,14645260,12700,101,1000,73730,true,752,
rising-base,proposal,12800,ProbeBW,400,401,401,73730,584000,1460,11652,14645260,12800,101,1000,73730,true,752,
rising-base,proposal,12900,ProbeBW,400,401,401,73730,584000,1460,11652,14645260,12900,101,1000,73730,true,752,
rising-base,proposal,13000,ProbeBW,400,401,401,73730,584000,1460,11652,14645260,13000,101,1000,73730,true,752,
rising-base,proposal,13100,ProbeBW,400,401,401,73730,584000,1460,11652,14645260,13100,101,1000,73730,true,752,
rising-base,proposal,13200,ProbeBW,400,401,401,73730,584000,1460,11652,14645260,13200,101,1000,73730,true,752,
rising-base,proposal,13300,ProbeBW,400,401,401,73730,584000,1460,11652,14645260,13300,101,1000,73730,true,752,
rising-base,proposal,13400,ProbeBW,400,401,401,73730,584000,1460,11652,14645260,13400,101,1000,73730,true,752,
rising-base,proposal,13500,ProbeBW,400,401,401,73730,584000,1460,11652,14645260,13500,101,1000,73730,true,752,
rising-base,proposal,13600,ProbeBW,400,401,401,73730,584000,1460,11652,14645260,13600,101,1000,73730,true,752,
rising-base,proposal,13700,ProbeBW,400,401,401,73730,584000,1460,11652,14645260,13700,101,1000,73730,true,752,
rising-base,proposal,13800,ProbeBW,400,401,401,73730,584000,1460,11652,14645260,13800,101,1000,73730,true,752,
rising-base,proposal,13900,ProbeBW,400,401,401,73730,584000,1460,11652,14645260,13900,101,1000,73730,true,752,
rising-base,proposal,14000,ProbeBW,400,401,401,73730,584000,1460,11652,14645260,14000,101,1000,73730,true,752,
rising-base,proposal,14100,ProbeBW,400,401,401,73730,584000,1460,11652,14645260,14100,101,1000,73730,true,752,
rising-base,proposal,14200,ProbeBW,400,401,401,73730,584000,1460,11652,14645260,14200,101,1000,73730,true,752,
rising-base,proposal,14300,ProbeBW,400,401,401,73730,584000,1460,11652,14645260,14300,101,1000,73730,true,752,
rising-base,proposal,14400,ProbeBW,400,401,401,73730,584000,1460,11652,14645260,14400,101,1000,73730,true,752,
rising-base,proposal,14500,ProbeBW,400,401,401,73730,584000,1460,11652,14645260,14500,101,1000,73730,true,752,
rising-base,proposal,14600,ProbeBW,400,401,401,73730,584000,1460,11652,14645260,14600,101,1000,73730,true,752,
rising-base,proposal,14700,ProbeBW,400,401,401,73730,584000,1460,11652,14645260,14700,101,1000,73730,true,752,
rising-base,proposal,14800,ProbeBW,400,401,401,73730,584000,1460,11652,14645260,14800,101,1000,73730,true,752,
rising-base,proposal,14900,ProbeBW,400,401,401,73730,584000,1460,11652,14645260,14900,101,1000,73730,true,752,
rising-base,proposal,15000,ProbeBW,400,401,401,73730,584000,1460,11652,14645260,15000,101,1000,73730,true,752,
rising-base,proposal,15100,ProbeBW,400,401,401,73730,584000,1460,11652,14645260,15100,101,1000,73730,true,752,
rising-base,proposal,15200,ProbeBW,400,401,401,73730,584000,1460,11652,14645260,15200,101,1000,73730,true,752,
rising-base,proposal,15300,ProbeBW,400,401,401,73730,584000,1460,11652,14645260,15300,101,1000,73730,true,752,
rising-base,proposal,15400,ProbeBW,400,401,401,73730,584000,1460,11652,14645260,15400,101,1000,73730,true,752,
rising-base,proposal,15500,ProbeBW,400,401,401,73730,584000,1460,11652,14645260,15500,101,1000,73730,true,752,
rising-base,proposal,15600,ProbeBW,400,401,401,73730,584000,1460,11652,14645260,15600,101,1000,73730,true,752,
rising-base,proposal,15700,ProbeBW,400,401,401,73730,584000,1460,11652,14645260,15700,101,1000,73730,true,752,
rising-base,proposal,15800,ProbeBW,400,401,401,73730,584000,1460,11652,14645260,15800,101,1000,73730,true,752,
rising-base,proposal,15900,ProbeBW,400,401,401,73730,584000,1460,11652,14645260,15900,101,1000,73730,true,752,
rising-base,proposal,16000,ProbeBW,400,401,401,73730,584000,1460,11652,14645260,16000,101,1000,73730,true,752,
rising-base,proposal,16100,ProbeBW,400,401,401,73730,584000,1460,11652,14645260,16100,101,1000,73730,true,752,
rising-base,proposal,16200,ProbeBW,400,401,401,73730,584000,1460,11652,14645260,16200,101,1000,73730,true,752,
rising-base,proposal,16300,ProbeBW,400,401,401,73730,584000,1460,11652,14645260,16300,101,1000,73730,true,752,
rising-base,proposal,16400,ProbeBW,400,401,401,73730,584000,1460,11652,14645260,16400,101,1000,73730,true,752,
rising-base,proposal,16500,ProbeBW,400,401,401,73730,584000,1460,11652,14645260,16500,101,1000,73730,true,752,
rising-base,proposal,16600,ProbeBW,400,401,401,73730,584000,1460,11652,14645260,16600,101,1000,73730,true,752,
rising-base,proposal,16700,ProbeBW,400,401,401,73730,584000,1460,11652,14645260,16700,101,1000,73730,true,752,
rising-base,proposal,16800,ProbeBW,400,401,401,73730,584000,1460,11652,14645260,16800,101,1000,73730,true,752,
rising-base,proposal,16900,ProbeBW,400,401,401,73730,584000,1460,11652,14645260,16900,101,1000,73730,true,752,
rising-base,proposal,17000,ProbeBW,400,401,401,73730,584000,1460,11652,14645260,17000,101,1000,73730,true,752,
rising-base,proposal,17100,ProbeBW,400,401,401,73730,584000,1460,11652,14645260,17100,101,1000,73730,true,752,
rising-base,proposal,17200,ProbeBW,400,401,401,73730,584000,1460,11652,14645260,17200,101,1000,73730,true,752,
rising-base,proposal,17300,ProbeBW,400,401,401,73730,584000,1460,11652,14645260,17300,101,1000,73730,true,752,
rising-base,proposal,17400,ProbeBW,400,401,401,73730,584000,1460,11652,14645260,17400,101,1000,73730,true,752,
rising-base,proposal,17500,ProbeBW,400,401,401,73730,584000,1460,11652,14645260,17500,101,1000,73730,true,752,
rising-base,proposal,17600,ProbeBW,400,401,401,73730,584000,1460,11652,14645260,17600,101,1000,73730,true,752,
rising-base,proposal,17700,ProbeBW,400,401,401,73730,584000,1460,11652,14645260,17700,101,1000,73730,true,752,
rising-base,proposal,17800,ProbeBW,400,401,401,73730,584000,1460,11652,14645260,17800,101,1000,73730,true,752,
rising-base,proposal,17900,ProbeBW,400,401,401,73730,584000,1460,11652,14645260,17900,101,1000,73730,true,752,
rising-base,proposal,18000,ProbeBW,400,401,401,73730,584000,1460,11652,14645260,18000,101,1000,73730,true,752,
rising-base,proposal,18100,ProbeBW,400,401,401,73730,584000,1460,11652,14645260,18100,101,1000,73730,true,752,
rising-base,proposal,18200,ProbeBW,400,401,401,73730,584000,1460,11652,14645260,18200,101,1000,73730,true,752,
rising-base,proposal,18300,ProbeBW,400,401,401,73730,584000,1460,11652,14645260,18300,101,1000,73730,true,752,
rising-base,proposal,18400,ProbeBW,400,401,401,73730,584000,1460,11652,14645260,18400,101,1000,73730,true,752,
rising-base,proposal,18500,ProbeBW,400,401,401,73730,584000,1460,11652,14645260,18500,101,1000,73730,true,752,
rising-base,proposal,18600,ProbeBW,400,401,401,73730,584000,1460,11652,14645260,18600,101,1000,73730,true,752,
rising-base,proposal,18700,ProbeBW,400,401,401,73730,584000,1460,11652,14645260,18700,101,1000,73730,true,752,
rising-base,proposal,18800,ProbeBW,400,401,401,73730,584000,1460,11652,14645260,18800,101,1000,73730,true,752,
rising-base,proposal,18900,ProbeBW,400,401,401,73730,584000,1460,11652,14645260,18900,101,1000,73730,true,752,
rising-base,proposal,19000,ProbeBW,400,401,401,73730,584000,1460,11652,14645260,19000,101,1000,73730,true,752,
rising-base,proposal,19100,ProbeBW,400,401,401,73730,584000,1460,11652,14645260,19100,101,1000,73730,true,752,
rising-base,proposal,19200,ProbeBW,400,401,401,73730,584000,1460,11652,14645260,19200,101,1000,73730,true,752,
rising-base,proposal,19300,ProbeBW,400,401,401,73730,584000,1460,11652,14645260,19300,101,1000,73730,true,752,
rising-base,proposal,19400,ProbeBW,400,401,401,73730,584000,1460,11652,14645260,19400,101,1000,73730,true,752,
rising-base,proposal,19500,ProbeBW,400,401,401,73730,584000,1460,11652,14645260,19500,101,1000,73730,true,752,
rising-base,proposal,19600,ProbeBW,400,401,401,73730,584000,1460,11652,14645260,19600,101,1000,73730,true,752,
rising-base,proposal,19700,ProbeBW,400,401,401,73730,584000,1460,11652,14645260,19700,101,1000,73730,true,752,
rising-base,proposal,19800,ProbeBW,400,401,401,73730,584000,1460,11652,14645260,19800,101,1000,73730,true,752,
rising-base,proposal,19900,ProbeBW,400,401,401,73730,584000,1460,11652,14645260,19900,101,1000,73730,true,752,
rising-base,proposal,20000,ProbeBW,400,401,401,73730,584000,1460,11652,14645260,20000,101,1000,73730,true,752,
rising-base,proposal,20100,ProbeBW,400,401,401,73730,584000,1460,11652,14645260,20100,101,1000,73730,true,752,
rising-base,proposal,20200,ProbeBW,400,401,401,73730,584000,1460,11652,14645260,20200,101,1000,73730,true,752,
rising-base,proposal,20300,ProbeBW,400,401,401,73730,584000,1460,11652,14645260,20300,101,1000,73730,true,752,
rising-base,proposal,20400,ProbeBW,400,401,401,73730,584000,1460,11652,14645260,20400,101,1000,73730,true,752,
rising-base,proposal,20500,ProbeBW,400,401,401,73730,584000,1460,11652,14645260,20500,101,1000,73730,true,752,
rising-base,proposal,20600,ProbeBW,400,401,401,73730,584000,1460,11652,14645260,20600,101,1000,73730,true,752,
rising-base,proposal,20700,ProbeBW,400,401,401,73730,584000,1460,11652,14645260,20700,101,1000,73730,true,752,
rising-base,proposal,20800,ProbeBW,400,401,401,73730,584000,1460,11652,14645260,20800,101,1000,73730,true,752,
rising-base,proposal,20900,ProbeBW,400,401,401,73730,584000,1460,11652,14645260,20900,101,1000,73730,true,752,
rising-base,proposal,21000,ProbeBW,400,401,401,73730,584000,1460,11652,14645260,21000,101,1000,73730,true,752,
rising-base,proposal,21100,ProbeBW,400,401,401,73730,584000,1460,11652,14645260,21100,101,1000,73730,true,752,
rising-base,proposal,21200,ProbeBW,400,401,401,73730,584000,1460,11652,14645260,21200,101,1000,73730,true,752,
rising-base,proposal,21300,ProbeBW,400,401,401,73730,584000,1460,11652,14645260,21300,101,1000,73730,true,752,
rising-base,proposal,21400,ProbeBW,400,401,401,73730,584000,1460,11652,14645260,21400,101,1000,73730,true,752,
rising-base,proposal,21500,ProbeBW,400,401,401,73730,584000,1460,11652,14645260,21500,101,1000,73730,true,752,
rising-base,proposal,21600,ProbeBW,400,401,401,73730,584000,1460,11652,14645260,21600,101,1000,73730,true,752,
rising-base,proposal,21700,ProbeBW,400,401,401,73730,584000,1460,11652,14645260,21700,101,1000,73730,true,752,
rising-base,proposal,21800,ProbeBW,400,401,401,73730,584000,1460,11652,14645260,21800,101,1000,73730,true,752,
rising-base,proposal,21900,ProbeBW,400,401,401,73730,584000,1460,11652,14645260,21900,101,1000,73730,true,752,
rising-base,proposal,22000,ProbeBW,400,401,401,73730,584000,1460,11652,14645260,22000,101,1000,73730,true,752,
rising-base,proposal,22100,ProbeBW,400,401,401,73730,584000,1460,11652,14645260,22100,101,1000,73730,true,752,
rising-base,proposal,22200,ProbeBW,400,401,401,73730,584000,1460,11652,14645260,22200,101,1000,73730,true,752,
rising-base,proposal,22300,ProbeBW,400,401,401,73730,584000,1460,11652,14645260,22300,101,1000,73730,true,752,
rising-base,proposal,22400,ProbeBW,400,401,401,73730,584000,1460,11652,14645260,22400,101,1000,73730,true,752,
rising-base,proposal,22500,ProbeBW,400,401,401,73730,584000,1460,11652,14645260,22500,101,1000,73730,true,752,
rising-base,proposal,22600,ProbeBW,400,401,401,73730,584000,1460,11652,14645260,22600,101,1000,73730,true,752,
rising-base,proposal,22700,ProbeBW,400,401,401,73730,584000,1460,11652,14645260,22700,101,1000,73730,true,752,
rising-base,proposal,22800,ProbeBW,400,401,401,73730,584000,1460,11652,14645260,22800,101,1000,73730,true,752,
rising-base,proposal,22900,ProbeBW,400,401,401,73730,584000,1460,11652,14645260,22900,101,1000,73730,true,752,
rising-base,proposal,23000,ProbeBW,400,401,401,73730,584000,1460,11652,14645260,23000,101,1000,73730,true,752,
rising-base,proposal,23100,ProbeBW,400,401,401,73730,584000,1460,11652,14645260,23100,101,1000,73730,true,752,
rising-base,proposal,23200,ProbeBW,400,401,401,73730,584000,1460,11652,14645260,23200,101,1000,73730,true,752,
rising-base,proposal,23300,ProbeBW,400,401,401,73730,584000,1460,11652,14645260,23300,101,1000,73730,true,752,
rising-base,proposal,23400,ProbeBW,400,401,401,73730,584000,1460,11652,14645260,23400,101,1000,73730,true,752,
rising-base,proposal,23500,ProbeBW,400,401,401,73730,584000,1460,11652,14645260,23500,101,1000,73730,true,752,
rising-base,proposal,23600,ProbeBW,400,401,401,73730,584000,1460,11652,14645260,23600,101,1000,73730,true,752,
rising-base,proposal,23700,ProbeBW,400,401,401,73730,584000,1460,11652,14645260,23700,101,1000,73730,true,752,
rising-base,proposal,23800,ProbeBW,400,401,401,73730,584000,1460,11652,14645260,23800,101,1000,73730,true,752,
rising-base,proposal,23900,ProbeBW,400,401,401,73730,584000,1460,11652,14645260,23900,101,1000,73730,true,752,
rising-base,proposal,24000,ProbeBW,400,401,401,73730,584000,1460,11652,14645260,24000,101,1000,73730,true,752,
rising-base,proposal,24100,ProbeBW,400,401,401,73730,584000,1460,11652,14645260,24100,101,1000,73730,true,752,
rising-base,proposal,24200,ProbeBW,400,401,401,73730,584000,1460,11652,14645260,24200,101,1000,73730,true,752,
rising-base,proposal,24300,ProbeBW,400,401,401,73730,584000,1460,11652,14645260,24300,101,1000,73730,true,752,
rising-base,proposal,24400,ProbeBW,400,401,401,73730,584000,1460,11652,14645260,24400,101,1000,73730,true,752,
rising-base,proposal,24500,ProbeBW,400,401,401,73730,584000,1460,11652,14645260,24500,101,1000,73730,true,752,
rising-base,proposal,24600,ProbeBW,400,401,401,73730,584000,1460,11652,14645260,24600,101,1000,73730,true,752,
rising-base,proposal,24700,ProbeBW,400,401,401,73730,584000,1460,11652,14645260,24700,101,1000,73730,true,752,
rising-base,proposal,24800,ProbeBW,400,401,401,73730,584000,1460,11652,14645260,24800,101,1000,73730,true,752,
rising-base,proposal,24900,ProbeBW,400,401,401,73730,584000,1460,11652,14645260,24900,101,1000,73730,true,752,
rising-base,proposal,25000,ProbeBW,400,401,401,73730,584000,1460,11652,14645260,25000,101,1000,73730,true,752,
rising-base,quiche,1000,ProbeBW,100,0,101,73730,584000,584000,0,0,1000,101,1000,73730,false,0,initial
rising-base,quiche,1100,ProbeBW,100,0,101,73730,584000,438000,0,0,1000,101,1000,73730,false,0,
rising-base,quiche,1200,ProbeBW,100,200,101,73730,584000,438000,0,0,1000,101,1000,73730,false,0,
rising-base,quiche,1300,ProbeBW,100,300,101,73730,584000,438000,0,0,1000,101,1000,73730,false,0,
rising-base,quiche,1400,ProbeBW,100,400,101,73730,584000,438000,0,0,1000,101,1000,73730,false,0,
rising-base,quiche,1500,ProbeBW,100,500,101,73730,584000,438000,0,0,1000,101,1000,73730,false,0,
rising-base,quiche,1600,ProbeBW,100,400,101,73730,584000,438000,0,0,1000,101,1000,73730,false,0,
rising-base,quiche,1700,ProbeBW,100,400,101,73730,584000,438000,0,0,1000,101,1000,73730,false,0,
rising-base,quiche,1800,ProbeBW,100,400,101,73730,584000,438000,0,0,1000,101,1000,73730,false,0,
rising-base,quiche,1900,ProbeBW,100,400,101,73730,584000,438000,0,0,1000,101,1000,73730,false,0,
rising-base,quiche,2000,ProbeBW,400,400,101,73730,584000,438000,0,0,1000,101,1000,73730,false,0,
rising-base,quiche,2100,ProbeBW,400,400,101,73730,584000,438000,0,0,1000,101,1000,73730,false,0,
rising-base,quiche,2200,ProbeBW,400,400,101,73730,584000,438000,0,0,1000,101,1000,73730,false,0,
rising-base,quiche,2300,ProbeBW,400,400,101,73730,584000,438000,0,0,1000,101,1000,73730,false,0,
rising-base,quiche,2400,ProbeBW,400,400,101,73730,584000,436540,0,0,1000,101,1000,73730,false,0,
rising-base,quiche,2500,ProbeBW,400,400,101,73730,584000,290540,0,0,1000,101,1000,73730,false,0,
rising-base,quiche,2600,ProbeBW,400,400,101,73730,584000,144540,0,0,1000,101,1000,73730,false,0,
rising-base,quiche,2700,ProbeBW,400,700,101,73730,584000,1460,0,0,1000,101,1000,73730,false,0,
rising-base,quiche,2800,ProbeBW,400,700,101,73730,584000,1460,0,0,1000,101,1000,73730,false,0,
rising-base,quiche,2900,ProbeBW,400,700,101,73730,584000,1460,0,0,1000,101,1000,73730,false,0,
rising-base,quiche,3000,ProbeBW,400,700,101,73730,584000,1460,0,0,1000,101,1000,73730,false,0,
rising-base,quiche,3100,ProbeBW,400,700,101,73730,584000,0,0,0,1000,101,1000,73730,false,0,
rising-base,quiche,3200,ProbeBW,400,401,101,73730,584000,1460,0,0,1000,101,1000,73730,false,0,
rising-base,quiche,3300,ProbeBW,400,401,101,73730,584000,1460,0,0,1000,101,1000,73730,false,0,
rising-base,quiche,3400,ProbeBW,400,401,101,73730,584000,1460,0,0,1000,101,1000,73730,false,0,
rising-base,quiche,3500,ProbeBW,400,401,101,73730,584000,1460,0,0,1000,101,1000,73730,false,0,
rising-base,quiche,3600,ProbeBW,400,401,101,73730,584000,1460,0,0,1000,101,1000,73730,false,0,
rising-base,quiche,3700,ProbeBW,400,401,101,73730,584000,1460,0,0,1000,101,1000,73730,false,0,
rising-base,quiche,3800,ProbeBW,400,401,101,73730,584000,1460,0,0,1000,101,1000,73730,false,0,
rising-base,quiche,3900,ProbeBW,400,401,101,73730,584000,1460,0,0,1000,101,1000,73730,false,0,
rising-base,quiche,4000,ProbeBW,400,401,101,73730,584000,1460,0,0,1000,101,1000,73730,false,0,
rising-base,quiche,4100,ProbeBW,400,401,101,73730,584000,1460,0,0,1000,101,1000,73730,false,0,
rising-base,quiche,4200,ProbeBW,400,401,101,73730,584000,1460,0,0,1000,101,1000,73730,false,0,
rising-base,quiche,4300,ProbeBW,400,401,101,73730,584000,1460,0,0,1000,101,1000,73730,false,0,
rising-base,quiche,4400,ProbeBW,400,401,101,73730,584000,1460,0,0,1000,101,1000,73730,false,0,
rising-base,quiche,4500,ProbeBW,400,401,101,73730,584000,1460,0,0,1000,101,1000,73730,false,0,
rising-base,quiche,4600,ProbeBW,400,401,101,73730,584000,1460,0,0,1000,101,1000,73730,false,0,
rising-base,quiche,4700,ProbeBW,400,401,101,73730,584000,1460,0,0,1000,101,1000,73730,false,0,
rising-base,quiche,4800,ProbeBW,400,401,101,73730,584000,1460,0,0,1000,101,1000,73730,false,0,
rising-base,quiche,4900,ProbeBW,400,401,101,73730,584000,1460,0,0,1000,101,1000,73730,false,0,
rising-base,quiche,5000,ProbeBW,400,401,101,73730,584000,1460,0,0,1000,101,1000,73730,false,0,
rising-base,quiche,5100,ProbeBW,400,401,101,73730,584000,1460,0,0,1000,101,1000,73730,false,0,
rising-base,quiche,5200,ProbeBW,400,401,101,73730,584000,1460,0,0,1000,101,1000,73730,false,0,
rising-base,quiche,5300,ProbeBW,400,401,101,73730,584000,1460,0,0,1000,101,1000,73730,false,0,
rising-base,quiche,5400,ProbeBW,400,401,101,73730,584000,1460,0,0,1000,101,1000,73730,false,0,
rising-base,quiche,5500,ProbeBW,400,401,101,73730,584000,1460,0,0,1000,101,1000,73730,false,0,
rising-base,quiche,5600,ProbeBW,400,401,101,73730,584000,1460,0,0,1000,101,1000,73730,false,0,
rising-base,quiche,5700,ProbeBW,400,401,101,73730,584000,1460,0,0,1000,101,1000,73730,false,0,
rising-base,quiche,5800,ProbeBW,400,401,101,73730,584000,1460,0,0,1000,101,1000,73730,false,0,
rising-base,quiche,5900,ProbeBW,400,401,101,73730,584000,1460,0,0,1000,101,1000,73730,false,0,
rising-base,quiche,6000,ProbeBW,400,401,101,73730,584000,1460,0,0,1000,101,1000,73730,false,0,
rising-base,quiche,6100,ProbeBW,400,401,101,73730,584000,1460,0,0,1000,101,1000,73730,false,0,
rising-base,quiche,6200,ProbeBW,400,401,101,73730,584000,1460,0,0,1000,101,1000,73730,false,0,
rising-base,quiche,6300,ProbeBW,400,401,101,73730,584000,1460,0,0,1000,101,1000,73730,false,0,
rising-base,quiche,6400,ProbeBW,400,401,101,73730,584000,1460,0,0,1000,101,1000,73730,false,0,
rising-base,quiche,6500,ProbeBW,400,401,101,73730,584000,1460,0,0,1000,101,1000,73730,false,0,
rising-base,quiche,6600,ProbeBW,400,401,101,73730,584000,1460,0,0,1000,101,1000,73730,false,0,
rising-base,quiche,6700,ProbeBW,400,401,101,73730,584000,1460,0,0,1000,101,1000,73730,false,0,
rising-base,quiche,6800,ProbeBW,400,401,101,73730,584000,1460,0,0,1000,101,1000,73730,false,0,
rising-base,quiche,6900,ProbeBW,400,401,101,73730,584000,1460,0,0,1000,101,1000,73730,false,0,
rising-base,quiche,7000,ProbeBW,400,401,101,73730,584000,1460,0,0,1000,101,1000,73730,false,0,
rising-base,quiche,7100,ProbeBW,400,401,101,73730,584000,1460,0,0,1000,101,1000,73730,false,0,
rising-base,quiche,7200,ProbeBW,400,401,101,73730,584000,1460,0,0,1000,101,1000,73730,false,0,
rising-base,quiche,7300,ProbeBW,400,401,101,73730,584000,1460,0,0,1000,101,1000,73730,false,0,
rising-base,quiche,7400,ProbeBW,400,401,101,73730,584000,1460,0,0,1000,101,1000,73730,false,0,
rising-base,quiche,7500,ProbeBW,400,401,101,73730,584000,1460,0,0,1000,101,1000,73730,false,0,
rising-base,quiche,7600,ProbeBW,400,401,101,73730,584000,1460,0,0,1000,101,1000,73730,false,0,
rising-base,quiche,7700,ProbeBW,400,401,101,73730,584000,1460,0,0,1000,101,1000,73730,false,0,
rising-base,quiche,7800,ProbeBW,400,401,101,73730,584000,1460,0,0,1000,101,1000,73730,false,0,
rising-base,quiche,7900,ProbeBW,400,401,101,73730,584000,1460,0,0,1000,101,1000,73730,false,0,
rising-base,quiche,8000,ProbeBW,400,401,101,73730,584000,1460,0,0,1000,101,1000,73730,false,0,
rising-base,quiche,8100,ProbeBW,400,401,101,73730,584000,1460,0,0,1000,101,1000,73730,false,0,
rising-base,quiche,8200,ProbeBW,400,401,101,73730,584000,1460,0,0,1000,101,1000,73730,false,0,
rising-base,quiche,8300,ProbeBW,400,401,101,73730,584000,1460,0,0,1000,101,1000,73730,false,0,
rising-base,quiche,8400,ProbeBW,400,401,101,73730,584000,1460,0,0,1000,101,1000,73730,false,0,
rising-base,quiche,8500,ProbeBW,400,401,101,73730,584000,1460,0,0,1000,101,1000,73730,false,0,
rising-base,quiche,8600,ProbeBW,400,401,101,73730,584000,1460,0,0,1000,101,1000,73730,false,0,
rising-base,quiche,8700,ProbeBW,400,401,101,73730,584000,1460,0,0,1000,101,1000,73730,false,0,
rising-base,quiche,8800,ProbeBW,400,401,101,73730,584000,1460,0,0,1000,101,1000,73730,false,0,
rising-base,quiche,8900,ProbeBW,400,401,101,73730,584000,1460,0,0,1000,101,1000,73730,false,0,
rising-base,quiche,9000,ProbeBW,400,401,101,73730,584000,1460,0,0,1000,101,1000,73730,false,0,
rising-base,quiche,9100,ProbeBW,400,401,101,73730,584000,1460,0,0,1000,101,1000,73730,false,0,
rising-base,quiche,9200,ProbeBW,400,401,101,73730,584000,1460,0,0,1000,101,1000,73730,false,0,
rising-base,quiche,9300,ProbeBW,400,401,101,73730,584000,1460,0,0,1000,101,1000,73730,false,0,
rising-base,quiche,9400,ProbeBW,400,401,101,73730,584000,1460,0,0,1000,101,1000,73730,false,0,
rising-base,quiche,9500,ProbeBW,400,401,101,73730,584000,1460,0,0,1000,101,1000,73730,false,0,
rising-base,quiche,9600,ProbeBW,400,401,101,73730,584000,1460,0,0,1000,101,1000,73730,false,0,
rising-base,quiche,9700,ProbeBW,400,401,101,73730,584000,1460,0,0,1000,101,1000,73730,false,0,
rising-base,quiche,9800,ProbeBW,400,401,101,73730,584000,1460,0,0,1000,101,1000,73730,false,0,
rising-base,quiche,9900,ProbeBW,400,401,101,73730,584000,1460,0,0,1000,101,1000,73730,false,0,
rising-base,quiche,10000,ProbeBW,400,401,101,73730,584000,1460,0,0,1000,101,1000,73730,false,0,
rising-base,quiche,10100,ProbeBW,400,401,101,73730,584000,1460,0,0,1000,101,1000,73730,false,0,
rising-base,quiche,10200,ProbeBW,400,401,101,73730,584000,1460,0,0,1000,101,1000,73730,false,0,
rising-base,quiche,10300,ProbeBW,400,401,101,73730,584000,1460,0,0,1000,101,1000,73730,false,0,
rising-base,quiche,10400,ProbeBW,400,401,101,73730,584000,1460,0,0,1000,101,1000,73730,false,0,
rising-base,quiche,10500,ProbeBW,400,401,101,73730,584000,1460,0,0,1000,101,1000,73730,false,0,
rising-base,quiche,10600,ProbeBW,400,401,101,73730,584000,1460,0,0,1000,101,1000,73730,false,0,
rising-base,quiche,10700,ProbeBW,400,401,101,73730,584000,1460,0,0,1000,101,1000,73730,false,0,
rising-base,quiche,10800,ProbeBW,400,401,101,73730,584000,1460,0,0,1000,101,1000,73730,false,0,
rising-base,quiche,10900,ProbeBW,400,401,101,73730,584000,1460,0,0,1000,101,1000,73730,false,0,
rising-base,quiche,11000,ProbeRTT,400,401,401,292730,582540,0,0,0,11000,101,1000,73730,false,0,enter;
rising-base,quiche,11100,ProbeRTT,400,401,401,292730,436540,0,0,0,11000,101,1000,73730,false,100,
rising-base,quiche,11200,ProbeRTT,400,401,401,292730,292000,0,11400,14277340,11000,101,1000,73730,false,200,timer-start;
rising-base,quiche,11300,ProbeRTT,400,401,401,292730,292000,1460,11400,14277340,11000,101,1000,73730,false,300,
rising-base,quiche,11400,ProbeRTT,400,401,401,292730,292000,1460,11400,14277340,11000,101,1000,73730,false,400,
rising-base,quiche,11500,ProbeRTT,400,401,401,292730,292000,0,11400,14277340,11000,101,1000,73730,false,500,
rising-base,quiche,11600,ProbeRTT,400,401,401,292730,292000,0,11400,14277340,11000,101,1000,73730,false,600,
rising-base,quiche,11602,ProbeBW,400,401,401,292730,292000,1460,11400,14277340,11000,101,1000,73730,true,602,exit;
rising-base,quiche,11700,ProbeBW,400,401,401,292730,292000,1460,11400,14277340,11000,101,1000,73730,true,602,
rising-base,quiche,11800,ProbeBW,400,401,401,292730,292000,1460,11400,14277340,11000,101,1000,73730,true,602,
rising-base,quiche,11900,ProbeBW,400,401,401,292730,436540,1460,11400,14277340,11000,101,1000,73730,true,602,
rising-base,quiche,12000,ProbeBW,400,401,401,292730,582540,1460,11400,14277340,11000,101,1000,73730,true,602,
rising-base,quiche,12100,ProbeBW,400,401,401,292730,584000,1460,11400,14277340,11000,101,1000,73730,true,602,
rising-base,quiche,12200,ProbeBW,400,401,401,292730,584000,1460,11400,14277340,11000,101,1000,73730,true,602,
rising-base,quiche,12300,ProbeBW,400,401,401,292730,584000,1460,11400,14277340,11000,101,1000,73730,true,602,
rising-base,quiche,12400,ProbeBW,400,401,401,292730,584000,1460,11400,14277340,11000,101,1000,73730,true,602,
rising-base,quiche,12500,ProbeBW,400,401,401,292730,584000,1460,11400,14277340,11000,101,1000,73730,true,602,
rising-base,quiche,12600,ProbeBW,400,401,401,292730,584000,1460,11400,14277340,11000,101,1000,73730,true,602,
rising-base,quiche,12700,ProbeBW,400,401,401,292730,584000,1460,11400,14277340,11000,101,1000,73730,true,602,
rising-base,quiche,12800,ProbeBW,400,401,401,292730,584000,1460,11400,14277340,11000,101,1000,73730,true,602,
rising-base,quiche,12900,ProbeBW,400,401,401,292730,584000,1460,11400,14277340,11000,101,1000,73730,true,602,
rising-base,quiche,13000,ProbeBW,400,401,401,292730,584000,1460,11400,14277340,11000,101,1000,73730,true,602,
rising-base,quiche,13100,ProbeBW,400,401,401,292730,584000,1460,11400,14277340,11000,101,1000,73730,true,602,
rising-base,quiche,13200,ProbeBW,400,401,401,292730,584000,1460,11400,14277340,11000,101,1000,73730,true,602,
rising-base,quiche,13300,ProbeBW,400,401,401,292730,584000,1460,11400,14277340,11000,101,1000,73730,true,602,
rising-base,quiche,13400,ProbeBW,400,401,401,292730,584000,1460,11400,14277340,11000,101,1000,73730,true,602,
rising-base,quiche,13500,ProbeBW,400,401,401,292730,584000,1460,11400,14277340,11000,101,1000,73730,true,602,
rising-base,quiche,13600,ProbeBW,400,401,401,292730,584000,1460,11400,14277340,11000,101,1000,73730,true,602,
rising-base,quiche,13700,ProbeBW,400,401,401,292730,584000,1460,11400,14277340,11000,101,1000,73730,true,602,
rising-base,quiche,13800,ProbeBW,400,401,401,292730,584000,1460,11400,14277340,11000,101,1000,73730,true,602,
rising-base,quiche,13900,ProbeBW,400,401,401,292730,584000,1460,11400,14277340,11000,101,1000,73730,true,602,
rising-base,quiche,14000,ProbeBW,400,401,401,292730,584000,1460,11400,14277340,11000,101,1000,73730,true,602,
rising-base,quiche,14100,ProbeBW,400,401,401,292730,584000,1460,11400,14277340,11000,101,1000,73730,true,602,
rising-base,quiche,14200,ProbeBW,400,401,401,292730,584000,1460,11400,14277340,11000,101,1000,73730,true,602,
rising-base,quiche,14300,ProbeBW,400,401,401,292730,584000,1460,11400,14277340,11000,101,1000,73730,true,602,
rising-base,quiche,14400,ProbeBW,400,401,401,292730,584000,1460,11400,14277340,11000,101,1000,73730,true,602,
rising-base,quiche,14500,ProbeBW,400,401,401,292730,584000,1460,11400,14277340,11000,101,1000,73730,true,602,
rising-base,quiche,14600,ProbeBW,400,401,401,292730,584000,1460,11400,14277340,11000,101,1000,73730,true,602,
rising-base,quiche,14700,ProbeBW,400,401,401,292730,584000,1460,11400,14277340,11000,101,1000,73730,true,602,
rising-base,quiche,14800,ProbeBW,400,401,401,292730,584000,1460,11400,14277340,11000,101,1000,73730,true,602,
rising-base,quiche,14900,ProbeBW,400,401,401,292730,584000,1460,11400,14277340,11000,101,1000,73730,true,602,
rising-base,quiche,15000,ProbeBW,400,401,401,292730,584000,1460,11400,14277340,11000,101,1000,73730,true,602,
rising-base,quiche,15100,ProbeBW,400,401,401,292730,584000,1460,11400,14277340,11000,101,1000,73730,true,602,
rising-base,quiche,15200,ProbeBW,400,401,401,292730,584000,1460,11400,14277340,11000,101,1000,73730,true,602,
rising-base,quiche,15300,ProbeBW,400,401,401,292730,584000,1460,11400,14277340,11000,101,1000,73730,true,602,
rising-base,quiche,15400,ProbeBW,400,401,401,292730,584000,1460,11400,14277340,11000,101,1000,73730,true,602,
rising-base,quiche,15500,ProbeBW,400,401,401,292730,584000,1460,11400,14277340,11000,101,1000,73730,true,602,
rising-base,quiche,15600,ProbeBW,400,401,401,292730,584000,1460,11400,14277340,11000,101,1000,73730,true,602,
rising-base,quiche,15700,ProbeBW,400,401,401,292730,584000,1460,11400,14277340,11000,101,1000,73730,true,602,
rising-base,quiche,15800,ProbeBW,400,401,401,292730,584000,1460,11400,14277340,11000,101,1000,73730,true,602,
rising-base,quiche,15900,ProbeBW,400,401,401,292730,584000,1460,11400,14277340,11000,101,1000,73730,true,602,
rising-base,quiche,16000,ProbeBW,400,401,401,292730,584000,1460,11400,14277340,11000,101,1000,73730,true,602,
rising-base,quiche,16100,ProbeBW,400,401,401,292730,584000,1460,11400,14277340,11000,101,1000,73730,true,602,
rising-base,quiche,16200,ProbeBW,400,401,401,292730,584000,1460,11400,14277340,11000,101,1000,73730,true,602,
rising-base,quiche,16300,ProbeBW,400,401,401,292730,584000,1460,11400,14277340,11000,101,1000,73730,true,602,
rising-base,quiche,16400,ProbeBW,400,401,401,292730,584000,1460,11400,14277340,11000,101,1000,73730,true,602,
rising-base,quiche,16500,ProbeBW,400,401,401,292730,584000,1460,11400,14277340,11000,101,1000,73730,true,602,
rising-base,quiche,16600,ProbeBW,400,401,401,292730,584000,1460,11400,14277340,11000,101,1000,73730,true,602,
rising-base,quiche,16700,ProbeBW,400,401,401,292730,584000,1460,11400,14277340,11000,101,1000,73730,true,602,
rising-base,quiche,16800,ProbeBW,400,401,401,292730,584000,1460,11400,14277340,11000,101,1000,73730,true,602,
rising-base,quiche,16900,ProbeBW,400,401,401,292730,584000,1460,11400,14277340,11000,101,1000,73730,true,602,
rising-base,quiche,17000,ProbeBW,400,401,401,292730,584000,1460,11400,14277340,11000,101,1000,73730,true,602,
rising-base,quiche,17100,ProbeBW,400,401,401,292730,584000,1460,11400,14277340,11000,101,1000,73730,true,602,
rising-base,quiche,17200,ProbeBW,400,401,401,292730,584000,1460,11400,14277340,11000,101,1000,73730,true,602,
rising-base,quiche,17300,ProbeBW,400,401,401,292730,584000,1460,11400,14277340,11000,101,1000,73730,true,602,
rising-base,quiche,17400,ProbeBW,400,401,401,292730,584000,1460,11400,14277340,11000,101,1000,73730,true,602,
rising-base,quiche,17500,ProbeBW,400,401,401,292730,584000,1460,11400,14277340,11000,101,1000,73730,true,602,
rising-base,quiche,17600,ProbeBW,400,401,401,292730,584000,1460,11400,14277340,11000,101,1000,73730,true,602,
rising-base,quiche,17700,ProbeBW,400,401,401,292730,584000,1460,11400,14277340,11000,101,1000,73730,true,602,
rising-base,quiche,17800,ProbeBW,400,401,401,292730,584000,1460,11400,14277340,11000,101,1000,73730,true,602,
rising-base,quiche,17900,ProbeBW,400,401,401,292730,584000,1460,11400,14277340,11000,101,1000,73730,true,602,
rising-base,quiche,18000,ProbeBW,400,401,401,292730,584000,1460,11400,14277340,11000,101,1000,73730,true,602,
rising-base,quiche,18100,ProbeBW,400,401,401,292730,584000,1460,11400,14277340,11000,101,1000,73730,true,602,
rising-base,quiche,18200,ProbeBW,400,401,401,292730,584000,1460,11400,14277340,11000,101,1000,73730,true,602,
rising-base,quiche,18300,ProbeBW,400,401,401,292730,584000,1460,11400,14277340,11000,101,1000,73730,true,602,
rising-base,quiche,18400,ProbeBW,400,401,401,292730,584000,1460,11400,14277340,11000,101,1000,73730,true,602,
rising-base,quiche,18500,ProbeBW,400,401,401,292730,584000,1460,11400,14277340,11000,101,1000,73730,true,602,
rising-base,quiche,18600,ProbeBW,400,401,401,292730,584000,1460,11400,14277340,11000,101,1000,73730,true,602,
rising-base,quiche,18700,ProbeBW,400,401,401,292730,584000,1460,11400,14277340,11000,101,1000,73730,true,602,
rising-base,quiche,18800,ProbeBW,400,401,401,292730,584000,1460,11400,14277340,11000,101,1000,73730,true,602,
rising-base,quiche,18900,ProbeBW,400,401,401,292730,584000,1460,11400,14277340,11000,101,1000,73730,true,602,
rising-base,quiche,19000,ProbeBW,400,401,401,292730,584000,1460,11400,14277340,11000,101,1000,73730,true,602,
rising-base,quiche,19100,ProbeBW,400,401,401,292730,584000,1460,11400,14277340,11000,101,1000,73730,true,602,
rising-base,quiche,19200,ProbeBW,400,401,401,292730,584000,1460,11400,14277340,11000,101,1000,73730,true,602,
rising-base,quiche,19300,ProbeBW,400,401,401,292730,584000,1460,11400,14277340,11000,101,1000,73730,true,602,
rising-base,quiche,19400,ProbeBW,400,401,401,292730,584000,1460,11400,14277340,11000,101,1000,73730,true,602,
rising-base,quiche,19500,ProbeBW,400,401,401,292730,584000,1460,11400,14277340,11000,101,1000,73730,true,602,
rising-base,quiche,19600,ProbeBW,400,401,401,292730,584000,1460,11400,14277340,11000,101,1000,73730,true,602,
rising-base,quiche,19700,ProbeBW,400,401,401,292730,584000,1460,11400,14277340,11000,101,1000,73730,true,602,
rising-base,quiche,19800,ProbeBW,400,401,401,292730,584000,1460,11400,14277340,11000,101,1000,73730,true,602,
rising-base,quiche,19900,ProbeBW,400,401,401,292730,584000,1460,11400,14277340,11000,101,1000,73730,true,602,
rising-base,quiche,20000,ProbeBW,400,401,401,292730,584000,1460,11400,14277340,11000,101,1000,73730,true,602,
rising-base,quiche,20100,ProbeBW,400,401,401,292730,584000,1460,11400,14277340,11000,101,1000,73730,true,602,
rising-base,quiche,20200,ProbeBW,400,401,401,292730,584000,1460,11400,14277340,11000,101,1000,73730,true,602,
rising-base,quiche,20300,ProbeBW,400,401,401,292730,584000,1460,11400,14277340,11000,101,1000,73730,true,602,
rising-base,quiche,20400,ProbeBW,400,401,401,292730,584000,1460,11400,14277340,11000,101,1000,73730,true,602,
rising-base,quiche,20500,ProbeBW,400,401,401,292730,584000,1460,11400,14277340,11000,101,1000,73730,true,602,
rising-base,quiche,20600,ProbeBW,400,401,401,292730,584000,1460,11400,14277340,11000,101,1000,73730,true,602,
rising-base,quiche,20700,ProbeBW,400,401,401,292730,584000,1460,11400,14277340,11000,101,1000,73730,true,602,
rising-base,quiche,20800,ProbeBW,400,401,401,292730,584000,1460,11400,14277340,11000,101,1000,73730,true,602,
rising-base,quiche,20900,ProbeBW,400,401,401,292730,584000,1460,11400,14277340,11000,101,1000,73730,true,602,
rising-base,quiche,21000,ProbeRTT,400,401,401,292730,582540,0,0,14277340,21000,101,1000,73730,false,602,enter;
rising-base,quiche,21100,ProbeRTT,400,401,401,292730,436540,0,0,14277340,21000,101,1000,73730,false,702,
rising-base,quiche,21199,ProbeRTT,400,401,401,292730,292000,0,21399,28256840,21000,101,1000,73730,false,801,timer-start;
rising-base,quiche,21200,ProbeRTT,400,401,401,292730,292000,1460,21399,28256840,21000,101,1000,73730,false,802,
rising-base,quiche,21300,ProbeRTT,400,401,401,292730,292000,1460,21399,28256840,21000,101,1000,73730,false,902,
rising-base,quiche,21400,ProbeBW,400,401,401,292730,292000,1460,21399,28256840,21000,101,1000,73730,false,1002,exit;
rising-base,quiche,21500,ProbeBW,400,401,401,292730,293460,0,21399,28256840,21000,101,1000,73730,false,1002,
rising-base,quiche,21600,ProbeBW,400,401,401,292730,293460,0,21399,28256840,21000,101,1000,73730,false,1002,
rising-base,quiche,21700,ProbeBW,400,401,401,292730,294920,1460,21399,28256840,21000,101,1000,73730,false,1002,
rising-base,quiche,21800,ProbeBW,400,401,401,292730,294920,1460,21399,28256840,21000,101,1000,73730,false,1002,
rising-base,quiche,21900,ProbeBW,400,401,401,292730,438000,1460,21399,28256840,21000,101,1000,73730,false,1002,
rising-base,quiche,22000,ProbeBW,400,401,401,292730,584000,1460,21399,28256840,21000,101,1000,73730,false,1002,
rising-base,quiche,22100,ProbeBW,400,401,401,292730,584000,1460,21399,28256840,21000,101,1000,73730,false,1002,
rising-base,quiche,22200,ProbeBW,400,401,401,292730,584000,1460,21399,28256840,21000,101,1000,73730,false,1002,
rising-base,quiche,22300,ProbeBW,400,401,401,292730,584000,1460,21399,28256840,21000,101,1000,73730,false,1002,
rising-base,quiche,22400,ProbeBW,400,401,401,292730,584000,1460,21399,28256840,21000,101,1000,73730,false,1002,
rising-base,quiche,22500,ProbeBW,400,401,401,292730,584000,1460,21399,28256840,21000,101,1000,73730,false,1002,
rising-base,quiche,22600,ProbeBW,400,401,401,292730,584000,1460,21399,28256840,21000,101,1000,73730,false,1002,
rising-base,quiche,22700,ProbeBW,400,401,401,292730,584000,1460,21399,28256840,21000,101,1000,73730,false,1002,
rising-base,quiche,22800,ProbeBW,400,401,401,292730,584000,1460,21399,28256840,21000,101,1000,73730,false,1002,
rising-base,quiche,22900,ProbeBW,400,401,401,292730,584000,1460,21399,28256840,21000,101,1000,73730,false,1002,
rising-base,quiche,23000,ProbeBW,400,401,401,292730,584000,1460,21399,28256840,21000,101,1000,73730,false,1002,
rising-base,quiche,23100,ProbeBW,400,401,401,292730,584000,1460,21399,28256840,21000,101,1000,73730,false,1002,
rising-base,quiche,23200,ProbeBW,400,401,401,292730,584000,1460,21399,28256840,21000,101,1000,73730,false,1002,
rising-base,quiche,23300,ProbeBW,400,401,401,292730,584000,1460,21399,28256840,21000,101,1000,73730,false,1002,
rising-base,quiche,23400,ProbeBW,400,401,401,292730,584000,1460,21399,28256840,21000,101,1000,73730,false,1002,
rising-base,quiche,23500,ProbeBW,400,401,401,292730,584000,1460,21399,28256840,21000,101,1000,73730,false,1002,
rising-base,quiche,23600,ProbeBW,400,401,401,292730,584000,1460,21399,28256840,21000,101,1000,73730,false,1002,
rising-base,quiche,23700,ProbeBW,400,401,401,292730,584000,1460,21399,28256840,21000,101,1000,73730,false,1002,
rising-base,quiche,23800,ProbeBW,400,401,401,292730,584000,1460,21399,28256840,21000,101,1000,73730,false,1002,
rising-base,quiche,23900,ProbeBW,400,401,401,292730,584000,1460,21399,28256840,21000,101,1000,73730,false,1002,
rising-base,quiche,24000,ProbeBW,400,401,401,292730,584000,1460,21399,28256840,21000,101,1000,73730,false,1002,
rising-base,quiche,24100,ProbeBW,400,401,401,292730,584000,1460,21399,28256840,21000,101,1000,73730,false,1002,
rising-base,quiche,24200,ProbeBW,400,401,401,292730,584000,1460,21399,28256840,21000,101,1000,73730,false,1002,
rising-base,quiche,24300,ProbeBW,400,401,401,292730,584000,1460,21399,28256840,21000,101,1000,73730,false,1002,
rising-base,quiche,24400,ProbeBW,400,401,401,292730,584000,1460,21399,28256840,21000,101,1000,73730,false,1002,
rising-base,quiche,24500,ProbeBW,400,401,401,292730,584000,1460,21399,28256840,21000,101,1000,73730,false,1002,
rising-base,quiche,24600,ProbeBW,400,401,401,292730,584000,1460,21399,28256840,21000,101,1000,73730,false,1002,
rising-base,quiche,24700,ProbeBW,400,401,401,292730,584000,1460,21399,28256840,21000,101,1000,73730,false,1002,
rising-base,quiche,24800,ProbeBW,400,401,401,292730,584000,1460,21399,28256840,21000,101,1000,73730,false,1002,
rising-base,quiche,24900,ProbeBW,400,401,401,292730,584000,1460,21399,28256840,21000,101,1000,73730,false,1002,
rising-base,quiche,25000,ProbeBW,400,401,401,292730,584000,1460,21399,28256840,21000,101,1000,73730,false,1002,
long-rtt,draft06,1000,ProbeBW,400,0,401,292730,584000,584000,0,0,1000,401,1000,292730,false,0,initial
long-rtt,draft06,1100,ProbeBW,400,0,401,292730,730000,584000,0,0,1000,401,1000,292730,false,0,
long-rtt,draft06,1200,ProbeBW,400,0,401,292730,876000,584000,0,0,1000,401,1000,292730,false,0,
long-rtt,draft06,1300,ProbeBW,400,0,401,292730,1022000,584000,0,0,1000,401,1000,292730,false,0,
long-rtt,draft06,1400,ProbeBW,400,0,401,292730,1168000,584000,0,0,1000,401,1000,292730,false,0,
long-rtt,draft06,1500,ProbeBW,400,500,401,292730,1168000,584000,0,0,1000,401,1000,292730,false,0,
long-rtt,draft06,1600,ProbeBW,400,600,401,292730,1168000,584000,0,0,1000,401,1000,292730,false,0,
long-rtt,draft06,1700,ProbeBW,400,700,401,292730,1168000,584000,0,0,1000,401,1000,292730,false,0,
long-rtt,draft06,1800,ProbeBW,400,800,401,292730,1168000,584000,0,0,1000,401,1000,292730,false,0,
long-rtt,draft06,1900,ProbeBW,400,800,401,292730,1168000,584000,0,0,1000,401,1000,292730,false,0,
long-rtt,draft06,2000,ProbeBW,400,800,401,292730,1168000,584000,0,0,1000,401,1000,292730,false,0,
long-rtt,draft06,2100,ProbeBW,400,800,401,292730,1168000,584000,0,0,1000,401,1000,292730,false,0,
long-rtt,draft06,2200,ProbeBW,400,800,401,292730,1168000,584000,0,0,1000,401,1000,292730,false,0,
long-rtt,draft06,2300,ProbeBW,400,800,401,292730,1168000,584000,0,0,1000,401,1000,292730,false,0,
long-rtt,draft06,2400,ProbeBW,400,800,401,292730,1168000,584000,0,0,1000,401,1000,292730,false,0,
long-rtt,draft06,2500,ProbeBW,400,800,401,292730,1168000,584000,0,0,1000,401,1000,292730,false,0,
long-rtt,draft06,2600,ProbeBW,400,800,401,292730,1168000,584000,0,0,1000,401,1000,292730,false,0,
long-rtt,draft06,2700,ProbeBW,400,800,401,292730,1168000,584000,0,0,1000,401,1000,292730,false,0,
long-rtt,draft06,2800,ProbeBW,400,800,401,292730,1168000,584000,0,0,1000,401,1000,292730,false,0,
long-rtt,draft06,2900,ProbeBW,400,800,401,292730,1168000,584000,0,0,1000,401,1000,292730,false,0,
long-rtt,draft06,3000,ProbeBW,400,800,401,292730,1168000,584000,0,0,1000,401,1000,292730,false,0,
long-rtt,draft06,3100,ProbeBW,400,800,401,292730,1168000,584000,0,0,1000,401,1000,292730,false,0,
long-rtt,draft06,3200,ProbeBW,400,800,401,292730,1168000,584000,0,0,1000,401,1000,292730,false,0,
long-rtt,draft06,3300,ProbeBW,400,800,401,292730,1168000,584000,0,0,1000,401,1000,292730,false,0,
long-rtt,draft06,3400,ProbeBW,400,800,401,292730,1168000,584000,0,0,1000,401,1000,292730,false,0,
long-rtt,draft06,3500,ProbeBW,400,800,401,292730,1168000,584000,0,0,1000,401,1000,292730,false,0,
long-rtt,draft06,3600,ProbeBW,400,800,401,292730,1168000,584000,0,0,1000,401,1000,292730,false,0,
long-rtt,draft06,3700,ProbeBW,400,800,401,292730,1168000,584000,0,0,1000,401,1000,292730,false,0,
long-rtt,draft06,3800,ProbeBW,400,800,401,292730,1168000,584000,0,0,1000,401,1000,292730,false,0,
long-rtt,draft06,3900,ProbeBW,400,800,401,292730,1168000,584000,0,0,1000,401,1000,292730,false,0,
long-rtt,draft06,4000,ProbeBW,400,800,401,292730,1168000,584000,0,0,1000,401,1000,292730,false,0,
long-rtt,draft06,4100,ProbeBW,400,800,401,292730,1168000,584000,0,0,1000,401,1000,292730,false,0,
long-rtt,draft06,4200,ProbeBW,400,800,401,292730,1168000,584000,0,0,1000,401,1000,292730,false,0,
long-rtt,draft06,4300,ProbeBW,400,800,401,292730,1168000,584000,0,0,1000,401,1000,292730,false,0,
long-rtt,draft06,4400,ProbeBW,400,800,401,292730,1168000,584000,0,0,1000,401,1000,292730,false,0,
long-rtt,draft06,4500,ProbeBW,400,800,401,292730,1168000,584000,0,0,1000,401,1000,292730,false,0,
long-rtt,draft06,4600,ProbeBW,400,800,401,292730,1168000,584000,0,0,1000,401,1000,292730,false,0,
long-rtt,draft06,4700,ProbeBW,400,800,401,292730,1168000,584000,0,0,1000,401,1000,292730,false,0,
long-rtt,draft06,4800,ProbeBW,400,800,401,292730,1168000,584000,0,0,1000,401,1000,292730,false,0,
long-rtt,draft06,4900,ProbeBW,400,800,401,292730,1168000,584000,0,0,1000,401,1000,292730,false,0,
long-rtt,draft06,5000,ProbeBW,400,800,401,292730,1168000,584000,0,0,1000,401,1000,292730,false,0,
long-rtt,draft06,5100,ProbeBW,400,800,401,292730,1168000,584000,0,0,1000,401,1000,292730,false,0,
long-rtt,draft06,5200,ProbeBW,400,800,401,292730,1168000,584000,0,0,1000,401,1000,292730,false,0,
long-rtt,draft06,5300,ProbeBW,400,800,401,292730,1168000,584000,0,0,1000,401,1000,292730,false,0,
long-rtt,draft06,5400,ProbeBW,400,800,401,292730,1168000,584000,0,0,1000,401,1000,292730,false,0,
long-rtt,draft06,5500,ProbeBW,400,800,401,292730,1168000,584000,0,0,1000,401,1000,292730,false,0,
long-rtt,draft06,5600,ProbeBW,400,800,401,292730,1168000,584000,0,0,1000,401,1000,292730,false,0,
long-rtt,draft06,5700,ProbeBW,400,800,401,292730,1168000,584000,0,0,1000,401,1000,292730,false,0,
long-rtt,draft06,5800,ProbeBW,400,800,401,292730,1168000,584000,0,0,1000,401,1000,292730,false,0,
long-rtt,draft06,5900,ProbeBW,400,800,401,292730,1168000,584000,0,0,1000,401,1000,292730,false,0,
long-rtt,draft06,6000,ProbeBW,400,800,401,292730,1168000,584000,0,0,1000,401,1000,292730,false,0,
long-rtt,draft06,6001,ProbeRTT,400,800,401,292730,1166540,582540,0,0,1000,800,6001,292730,false,0,enter;
long-rtt,draft06,6100,ProbeRTT,400,800,401,292730,1022000,438000,0,0,1000,800,6001,292730,false,99,
long-rtt,draft06,6200,ProbeRTT,400,800,401,292730,876000,292000,0,0,1000,800,6001,292730,false,199,
long-rtt,draft06,6300,ProbeRTT,400,800,401,292730,730000,146000,0,0,1000,800,6001,292730,false,299,
long-rtt,draft06,6400,ProbeRTT,400,800,401,292730,584000,0,0,0,1000,800,6001,292730,false,399,
long-rtt,draft06,6500,ProbeRTT,400,800,401,292730,438000,0,0,0,1000,800,6001,292730,false,499,
long-rtt,draft06,6600,ProbeRTT,400,800,401,292730,292000,0,6800,7592000,1000,800,6001,292730,false,599,timer-start;
long-rtt,draft06,6700,ProbeRTT,400,800,401,292730,292000,1460,6800,7592000,1000,800,6001,292730,false,699,
long-rtt,draft06,6800,ProbeRTT,400,800,401,292730,292000,1460,6800,7592000,1000,800,6001,292730,false,799,
long-rtt,draft06,6900,ProbeRTT,400,800,401,292730,292000,0,6800,7592000,1000,800,6001,292730,false,899,
long-rtt,draft06,7000,ProbeRTT,400,800,401,292730,292000,0,6800,7592000,1000,800,6001,292730,false,999,
long-rtt,draft06,7002,ProbeBW,400,401,401,292730,292000,1460,6800,7592000,1000,401,7002,292730,true,1001,exit;
long-rtt,draft06,7100,ProbeBW,400,401,401,292730,292000,1460,6800,7592000,1000,401,7002,292730,true,1001,
long-rtt,draft06,7200,ProbeBW,400,401,401,292730,292000,1460,6800,7592000,1000,401,7002,292730,true,1001,
long-rtt,draft06,7300,ProbeBW,400,401,401,292730,436540,1460,6800,7592000,1000,401,7002,292730,true,1001,
long-rtt,draft06,7400,ProbeBW,400,401,401,292730,582540,1460,6800,7592000,1000,401,7002,292730,true,1001,
long-rtt,draft06,7500,ProbeBW,400,401,401,292730,585460,1460,6800,7592000,1000,401,7002,292730,true,1001,
long-rtt,draft06,7600,ProbeBW,400,401,401,292730,585460,1460,6800,7592000,1000,401,7002,292730,true,1001,
long-rtt,draft06,7700,ProbeBW,400,401,401,292730,585460,1460,6800,7592000,1000,401,7002,292730,true,1001,
long-rtt,draft06,7800,ProbeBW,400,401,401,292730,585460,1460,6800,7592000,1000,401,7002,292730,true,1001,
long-rtt,draft06,7900,ProbeBW,400,401,401,292730,585460,1460,6800,7592000,1000,401,7002,292730,true,1001,
long-rtt,draft06,8000,ProbeBW,400,401,401,292730,585460,1460,6800,7592000,1000,401,7002,292730,true,1001,
long-rtt,draft06,8100,ProbeBW,400,401,401,292730,585460,1460,6800,7592000,1000,401,7002,292730,true,1001,
long-rtt,draft06,8200,ProbeBW,400,401,401,292730,585460,1460,6800,7592000,1000,401,7002,292730,true,1001,
long-rtt,draft06,8300,ProbeBW,400,401,401,292730,585460,1460,6800,7592000,1000,401,7002,292730,true,1001,
long-rtt,draft06,8400,ProbeBW,400,401,401,292730,585460,1460,6800,7592000,1000,401,7002,292730,true,1001,
long-rtt,draft06,8500,ProbeBW,400,401,401,292730,585460,1460,6800,7592000,1000,401,7002,292730,true,1001,
long-rtt,draft06,8600,ProbeBW,400,401,401,292730,585460,1460,6800,7592000,1000,401,7002,292730,true,1001,
long-rtt,draft06,8700,ProbeBW,400,401,401,292730,585460,1460,6800,7592000,1000,401,7002,292730,true,1001,
long-rtt,draft06,8800,ProbeBW,400,401,401,292730,585460,1460,6800,7592000,1000,401,7002,292730,true,1001,
long-rtt,draft06,8900,ProbeBW,400,401,401,292730,585460,1460,6800,7592000,1000,401,7002,292730,true,1001,
long-rtt,draft06,9000,ProbeBW,400,401,401,292730,585460,1460,6800,7592000,1000,401,7002,292730,true,1001,
long-rtt,draft06,9100,ProbeBW,400,401,401,292730,585460,1460,6800,7592000,1000,401,7002,292730,true,1001,
long-rtt,draft06,9200,ProbeBW,400,401,401,292730,585460,1460,6800,7592000,1000,401,7002,292730,true,1001,
long-rtt,draft06,9300,ProbeBW,400,401,401,292730,585460,1460,6800,7592000,1000,401,7002,292730,true,1001,
long-rtt,draft06,9400,ProbeBW,400,401,401,292730,585460,1460,6800,7592000,1000,401,7002,292730,true,1001,
long-rtt,draft06,9500,ProbeBW,400,401,401,292730,585460,1460,6800,7592000,1000,401,7002,292730,true,1001,
long-rtt,draft06,9600,ProbeBW,400,401,401,292730,585460,1460,6800,7592000,1000,401,7002,292730,true,1001,
long-rtt,draft06,9700,ProbeBW,400,401,401,292730,585460,1460,6800,7592000,1000,401,7002,292730,true,1001,
long-rtt,draft06,9800,ProbeBW,400,401,401,292730,585460,1460,6800,7592000,1000,401,7002,292730,true,1001,
long-rtt,draft06,9900,ProbeBW,400,401,401,292730,585460,1460,6800,7592000,1000,401,7002,292730,true,1001,
long-rtt,draft06,10000,ProbeBW,400,401,401,292730,585460,1460,6800,7592000,1000,401,7002,292730,true,1001,
long-rtt,draft06,10100,ProbeBW,400,401,401,292730,585460,1460,6800,7592000,1000,401,7002,292730,true,1001,
long-rtt,draft06,10200,ProbeBW,400,401,401,292730,585460,1460,6800,7592000,1000,401,7002,292730,true,1001,
long-rtt,draft06,10300,ProbeBW,400,401,401,292730,585460,1460,6800,7592000,1000,401,7002,292730,true,1001,
long-rtt,draft06,10400,ProbeBW,400,401,401,292730,585460,1460,6800,7592000,1000,401,7002,292730,true,1001,
long-rtt,draft06,10500,ProbeBW,400,401,401,292730,585460,1460,6800,7592000,1000,401,7002,292730,true,1001,
long-rtt,draft06,10600,ProbeBW,400,401,401,292730,585460,1460,6800,7592000,1000,401,7002,292730,true,1001,
long-rtt,draft06,10700,ProbeBW,400,401,401,292730,585460,1460,6800,7592000,1000,401,7002,292730,true,1001,
long-rtt,draft06,10800,ProbeBW,400,401,401,292730,585460,1460,6800,7592000,1000,401,7002,292730,true,1001,
long-rtt,draft06,10900,ProbeBW,400,401,401,292730,585460,1460,6800,7592000,1000,401,7002,292730,true,1001,
long-rtt,draft06,11000,ProbeBW,400,401,401,292730,585460,1460,6800,7592000,1000,401,7002,292730,true,1001,
long-rtt,draft06,11100,ProbeBW,400,401,401,292730,585460,1460,6800,7592000,7002,401,7002,292730,true,1001,
long-rtt,draft06,11200,ProbeBW,400,401,401,292730,585460,1460,6800,7592000,7002,401,7002,292730,true,1001,
long-rtt,draft06,11300,ProbeBW,400,401,401,292730,585460,1460,6800,7592000,7002,401,7002,292730,true,1001,
long-rtt,draft06,11400,ProbeBW,400,401,401,292730,585460,1460,6800,7592000,7002,401,7002,292730,true,1001,
long-rtt,draft06,11500,ProbeBW,400,401,401,292730,585460,1460,6800,7592000,7002,401,7002,292730,true,1001,
long-rtt,draft06,11600,ProbeBW,400,401,401,292730,585460,1460,6800,7592000,7002,401,7002,292730,true,1001,
long-rtt,draft06,11700,ProbeBW,400,401,401,292730,585460,1460,6800,7592000,7002,401,7002,292730,true,1001,
long-rtt,draft06,11800,ProbeBW,400,401,401,292730,585460,1460,6800,7592000,7002,401,7002,292730,true,1001,
long-rtt,draft06,11900,ProbeBW,400,401,401,292730,585460,1460,6800,7592000,7002,401,7002,292730,true,1001,
long-rtt,draft06,12000,ProbeBW,400,401,401,292730,585460,1460,6800,7592000,7002,401,7002,292730,true,1001,
long-rtt,draft06,12003,ProbeRTT,400,401,401,292730,584000,0,0,7592000,7002,401,12003,292730,false,1001,enter;
long-rtt,draft06,12100,ProbeRTT,400,401,401,292730,442380,0,0,7592000,7002,401,12003,292730,false,1098,
long-rtt,draft06,12200,ProbeRTT,400,401,401,292730,296380,0,0,7592000,7002,401,12003,292730,false,1198,
long-rtt,draft06,12203,ProbeRTT,400,401,401,292730,292000,0,12403,15185460,7002,401,12003,292730,false,1201,timer-start;
long-rtt,draft06,12300,ProbeRTT,400,401,401,292730,292000,1460,12403,15185460,7002,401,12003,292730,false,1298,
long-rtt,draft06,12400,ProbeRTT,400,401,401,292730,292000,1460,12403,15185460,7002,401,12003,292730,false,1398,
long-rtt,draft06,12500,ProbeRTT,400,401,401,292730,292000,0,12403,15185460,7002,401,12003,292730,false,1498,
long-rtt,draft06,12600,ProbeRTT,400,401,401,292730,292000,0,12403,15185460,7002,401,12003,292730,false,1598,
long-rtt,draft06,12605,ProbeBW,400,401,401,292730,292000,1460,12403,15185460,7002,401,12605,292730,true,1603,exit;
long-rtt,draft06,12700,ProbeBW,400,401,401,292730,292000,1460,12403,15185460,7002,401,12605,292730,true,1603,
long-rtt,draft06,12800,ProbeBW,400,401,401,292730,292000,1460,12403,15185460,7002,401,12605,292730,true,1603,
long-rtt,draft06,12900,ProbeBW,400,401,401,292730,432160,1460,12403,15185460,7002,401,12605,292730,true,1603,
long-rtt,draft06,13000,ProbeBW,400,401,401,292730,578160,1460,12403,15185460,7002,401,12605,292730,true,1603,
long-rtt,draft06,13100,ProbeBW,400,401,401,292730,585460,1460,12403,15185460,7002,401,12605,292730,true,1603,
long-rtt,draft06,13200,ProbeBW,400,401,401,292730,585460,1460,12403,15185460,7002,401,12605,292730,true,1603,
long-rtt,draft06,13300,ProbeBW,400,401,401,292730,585460,1460,12403,15185460,7002,401,12605,292730,true,1603,
long-rtt,draft06,13400,ProbeBW,400,401,401,292730,585460,1460,12403,15185460,7002,401,12605,292730,true,1603,
long-rtt,draft06,13500,ProbeBW,400,401,401,292730,585460,1460,12403,15185460,7002,401,12605,292730,true,1603,
long-rtt,draft06,13600,ProbeBW,400,401,401,292730,585460,1460,12403,15185460,7002,401,12605,292730,true,1603,
long-rtt,draft06,13700,ProbeBW,400,401,401,292730,585460,1460,12403,15185460,7002,401,12605,292730,true,1603,
long-rtt,draft06,13800,ProbeBW,400,401,401,292730,585460,1460,12403,15185460,7002,401,12605,292730,true,1603,
long-rtt,draft06,13900,ProbeBW,400,401,401,292730,585460,1460,12403,15185460,7002,401,12605,292730,true,1603,
long-rtt,draft06,14000,ProbeBW,400,401,401,292730,585460,1460,12403,15185460,7002,401,12605,292730,true,1603,
long-rtt,draft06,14100,ProbeBW,400,401,401,292730,585460,1460,12403,15185460,7002,401,12605,292730,true,1603,
long-rtt,draft06,14200,ProbeBW,400,401,401,292730,585460,1460,12403,15185460,7002,401,12605,292730,true,1603,
long-rtt,draft06,14300,ProbeBW,400,401,401,292730,585460,1460,12403,15185460,7002,401,12605,292730,true,1603,
long-rtt,draft06,14400,ProbeBW,400,401,401,292730,585460,1460,12403,15185460,7002,401,12605,292730,true,1603,
long-rtt,draft06,14500,ProbeBW,400,401,401,292730,585460,1460,12403,15185460,7002,401,12605,292730,true,1603,
long-rtt,draft06,14600,ProbeBW,400,401,401,292730,585460,1460,12403,15185460,7002,401,12605,292730,true,1603,
long-rtt,draft06,14700,ProbeBW,400,401,401,292730,585460,1460,12403,15185460,7002,401,12605,292730,true,1603,
long-rtt,draft06,14800,ProbeBW,400,401,401,292730,585460,1460,12403,15185460,7002,401,12605,292730,true,1603,
long-rtt,draft06,14900,ProbeBW,400,401,401,292730,585460,1460,12403,15185460,7002,401,12605,292730,true,1603,
long-rtt,draft06,15000,ProbeBW,400,401,401,292730,585460,1460,12403,15185460,7002,401,12605,292730,true,1603,
long-rtt,draft06,15100,ProbeBW,400,401,401,292730,585460,1460,12403,15185460,7002,401,12605,292730,true,1603,
long-rtt,draft06,15200,ProbeBW,400,401,401,292730,585460,1460,12403,15185460,7002,401,12605,292730,true,1603,
long-rtt,draft06,15300,ProbeBW,400,401,401,292730,585460,1460,12403,15185460,7002,401,12605,292730,true,1603,
long-rtt,draft06,15400,ProbeBW,400,401,401,292730,585460,1460,12403,15185460,7002,401,12605,292730,true,1603,
long-rtt,draft06,15500,ProbeBW,400,401,401,292730,585460,1460,12403,15185460,7002,401,12605,292730,true,1603,
long-rtt,draft06,15600,ProbeBW,400,401,401,292730,585460,1460,12403,15185460,7002,401,12605,292730,true,1603,
long-rtt,draft06,15700,ProbeBW,400,401,401,292730,585460,1460,12403,15185460,7002,401,12605,292730,true,1603,
long-rtt,draft06,15800,ProbeBW,400,401,401,292730,585460,1460,12403,15185460,7002,401,12605,292730,true,1603,
long-rtt,draft06,15900,ProbeBW,400,401,401,292730,585460,1460,12403,15185460,7002,401,12605,292730,true,1603,
long-rtt,draft06,16000,ProbeBW,400,401,401,292730,585460,1460,12403,15185460,7002,401,12605,292730,true,1603,
long-rtt,proposal,1000,ProbeBW,400,0,401,292730,584000,584000,0,0,1000,401,1000,292730,false,0,initial
long-rtt,proposal,1100,ProbeBW,400,0,401,292730,730000,584000,0,0,1000,401,1000,292730,false,0,
long-rtt,proposal,1200,ProbeBW,400,0,401,292730,876000,584000,0,0,1000,401,1000,292730,false,0,
long-rtt,proposal,1300,ProbeBW,400,0,401,292730,1022000,584000,0,0,1000,401,1000,292730,false,0,
long-rtt,proposal,1400,ProbeBW,400,0,401,292730,1168000,584000,0,0,1000,401,1000,292730,false,0,
long-rtt,proposal,1500,ProbeBW,400,500,401,292730,1168000,584000,0,0,1401,401,1000,292730,false,0,
long-rtt,proposal,1600,ProbeBW,400,600,401,292730,1168000,584000,0,0,1401,401,1000,292730,false,0,
long-rtt,proposal,1700,ProbeBW,400,700,401,292730,1168000,584000,0,0,1401,401,1000,292730,false,0,
long-rtt,proposal,1800,ProbeBW,400,800,401,292730,1168000,584000,0,0,1401,401,1000,292730,false,0,
long-rtt,proposal,1900,ProbeBW,400,800,401,292730,1168000,584000,0,0,1401,401,1000,292730,false,0,
long-rtt,proposal,2000,ProbeBW,400,800,401,292730,1168000,584000,0,0,1401,401,1000,292730,false,0,
long-rtt,proposal,2100,ProbeBW,400,800,401,292730,1168000,584000,0,0,1401,401,1000,292730,false,0,
long-rtt,proposal,2200,ProbeBW,400,800,401,292730,1168000,584000,0,0,1401,401,1000,292730,false,0,
long-rtt,proposal,2300,ProbeBW,400,800,401,292730,1168000,584000,0,0,1401,401,1000,292730,false,0,
long-rtt,proposal,2400,ProbeBW,400,800,401,292730,1168000,584000,0,0,1401,401,1000,292730,false,0,
long-rtt,proposal,2500,ProbeBW,400,800,401,292730,1168000,584000,0,0,1401,401,1000,292730,false,0,
long-rtt,proposal,2600,ProbeBW,400,800,401,292730,1168000,584000,0,0,1401,401,1000,292730,false,0,
long-rtt,proposal,2700,ProbeBW,400,800,401,292730,1168000,584000,0,0,1401,401,1000,292730,false,0,
long-rtt,proposal,2800,ProbeBW,400,800,401,292730,1168000,584000,0,0,1401,401,1000,292730,false,0,
long-rtt,proposal,2900,ProbeBW,400,800,401,292730,1168000,584000,0,0,1401,401,1000,292730,false,0,
long-rtt,proposal,3000,ProbeBW,400,800,401,292730,1168000,584000,0,0,1401,401,1000,292730,false,0,
long-rtt,proposal,3100,ProbeBW,400,800,401,292730,1168000,584000,0,0,1401,401,1000,292730,false,0,
long-rtt,proposal,3200,ProbeBW,400,800,401,292730,1168000,584000,0,0,1401,401,1000,292730,false,0,
long-rtt,proposal,3300,ProbeBW,400,800,401,292730,1168000,584000,0,0,1401,401,1000,292730,false,0,
long-rtt,proposal,3400,ProbeBW,400,800,401,292730,1168000,584000,0,0,1401,401,1000,292730,false,0,
long-rtt,proposal,3500,ProbeBW,400,800,401,292730,1168000,584000,0,0,1401,401,1000,292730,false,0,
long-rtt,proposal,3600,ProbeBW,400,800,401,292730,1168000,584000,0,0,1401,401,1000,292730,false,0,
long-rtt,proposal,3700,ProbeBW,400,800,401,292730,1168000,584000,0,0,1401,401,1000,292730,false,0,
long-rtt,proposal,3800,ProbeBW,400,800,401,292730,1168000,584000,0,0,1401,401,1000,292730,false,0,
long-rtt,proposal,3900,ProbeBW,400,800,401,292730,1168000,584000,0,0,1401,401,1000,292730,false,0,
long-rtt,proposal,4000,ProbeBW,400,800,401,292730,1168000,584000,0,0,1401,401,1000,292730,false,0,
long-rtt,proposal,4100,ProbeBW,400,800,401,292730,1168000,584000,0,0,1401,401,1000,292730,false,0,
long-rtt,proposal,4200,ProbeBW,400,800,401,292730,1168000,584000,0,0,1401,401,1000,292730,false,0,
long-rtt,proposal,4300,ProbeBW,400,800,401,292730,1168000,584000,0,0,1401,401,1000,292730,false,0,
long-rtt,proposal,4400,ProbeBW,400,800,401,292730,1168000,584000,0,0,1401,401,1000,292730,false,0,
long-rtt,proposal,4500,ProbeBW,400,800,401,292730,1168000,584000,0,0,1401,401,1000,292730,false,0,
long-rtt,proposal,4600,ProbeBW,400,800,401,292730,1168000,584000,0,0,1401,401,1000,292730,false,0,
long-rtt,proposal,4700,ProbeBW,400,800,401,292730,1168000,584000,0,0,1401,401,1000,292730,false,0,
long-rtt,proposal,4800,ProbeBW,400,800,401,292730,1168000,584000,0,0,1401,401,1000,292730,false,0,
long-rtt,proposal,4900,ProbeBW,400,800,401,292730,1168000,584000,0,0,1401,401,1000,292730,false,0,
long-rtt,proposal,5000,ProbeBW,400,800,401,292730,1168000,584000,0,0,1401,401,1000,292730,false,0,
long-rtt,proposal,5100,ProbeBW,400,800,401,292730,1168000,584000,0,0,1401,401,1000,292730,false,0,
long-rtt,proposal,5200,ProbeBW,400,800,401,292730,1168000,584000,0,0,1401,401,1000,292730,false,0,
long-rtt,proposal,5300,ProbeBW,400,800,401,292730,1168000,584000,0,0,1401,401,1000,292730,false,0,
long-rtt,proposal,5400,ProbeBW,400,800,401,292730,1168000,584000,0,0,1401,401,1000,292730,false,0,
long-rtt,proposal,5500,ProbeBW,400,800,401,292730,1168000,584000,0,0,1401,401,1000,292730,false,0,
long-rtt,proposal,5600,ProbeBW,400,800,401,292730,1168000,584000,0,0,1401,401,1000,292730,false,0,
long-rtt,proposal,5700,ProbeBW,400,800,401,292730,1168000,584000,0,0,1401,401,1000,292730,false,0,
long-rtt,proposal,5800,ProbeBW,400,800,401,292730,1168000,584000,0,0,1401,401,1000,292730,false,0,
long-rtt,proposal,5900,ProbeBW,400,800,401,292730,1168000,584000,0,0,1401,401,1000,292730,false,0,
long-rtt,proposal,6000,ProbeBW,400,800,401,292730,1168000,584000,0,0,1401,401,1000,292730,false,0,
long-rtt,proposal,6100,ProbeBW,400,800,401,292730,1168000,584000,0,0,1401,401,1000,292730,false,0,
long-rtt,proposal,6200,ProbeBW,400,800,401,292730,1168000,584000,0,0,1401,401,1000,292730,false,0,
long-rtt,proposal,6300,ProbeBW,400,800,401,292730,1168000,584000,0,0,1401,401,1000,292730,false,0,
long-rtt,proposal,6400,ProbeBW,400,800,401,292730,1168000,584000,0,0,1401,401,1000,292730,false,0,
long-rtt,proposal,6500,ProbeBW,400,800,401,292730,1168000,584000,0,0,1401,401,1000,292730,false,0,
long-rtt,proposal,6600,ProbeBW,400,800,401,292730,1168000,584000,0,0,1401,401,1000,292730,false,0,
long-rtt,proposal,6700,ProbeBW,400,800,401,292730,1168000,584000,0,0,1401,401,1000,292730,false,0,
long-rtt,proposal,6800,ProbeBW,400,800,401,292730,1168000,584000,0,0,1401,401,1000,292730,false,0,
long-rtt,proposal,6900,ProbeBW,400,800,401,292730,1168000,584000,0,0,1401,401,1000,292730,false,0,
long-rtt,proposal,7000,ProbeBW,400,800,401,292730,1168000,584000,0,0,1401,401,1000,292730,false,0,
long-rtt,proposal,7100,ProbeBW,400,800,401,292730,1168000,584000,0,0,1401,401,1000,292730,false,0,
long-rtt,proposal,7200,ProbeBW,400,800,401,292730,1168000,584000,0,0,1401,401,1000,292730,false,0,
long-rtt,proposal,7300,ProbeBW,400,800,401,292730,1168000,584000,0,0,1401,401,1000,292730,false,0,
long-rtt,proposal,7400,ProbeBW,400,800,401,292730,1168000,584000,0,0,1401,401,1000,292730,false,0,
long-rtt,proposal,7500,ProbeBW,400,800,401,292730,1168000,584000,0,0,1401,401,1000,292730,false,0,
long-rtt,proposal,7600,ProbeBW,400,800,401,292730,1168000,584000,0,0,1401,401,1000,292730,false,0,
long-rtt,proposal,7700,ProbeBW,400,800,401,292730,1168000,584000,0,0,1401,401,1000,292730,false,0,
long-rtt,proposal,7800,ProbeBW,400,800,401,292730,1168000,584000,0,0,1401,401,1000,292730,false,0,
long-rtt,proposal,7900,ProbeBW,400,800,401,292730,1168000,584000,0,0,1401,401,1000,292730,false,0,
long-rtt,proposal,8000,ProbeBW,400,800,401,292730,1168000,584000,0,0,1401,401,1000,292730,false,0,
long-rtt,proposal,8100,ProbeBW,400,800,401,292730,1168000,584000,0,0,1401,401,1000,292730,false,0,
long-rtt,proposal,8200,ProbeBW,400,800,401,292730,1168000,584000,0,0,1401,401,1000,292730,false,0,
long-rtt,proposal,8300,ProbeBW,400,800,401,292730,1168000,584000,0,0,1401,401,1000,292730,false,0,
long-rtt,proposal,8400,ProbeBW,400,800,401,292730,1168000,584000,0,0,1401,401,1000,292730,false,0,
long-rtt,proposal,8500,ProbeBW,400,800,401,292730,1168000,584000,0,0,1401,401,1000,292730,false,0,
long-rtt,proposal,8600,ProbeBW,400,800,401,292730,1168000,584000,0,0,1401,401,1000,292730,false,0,
long-rtt,proposal,8700,ProbeBW,400,800,401,292730,1168000,584000,0,0,1401,401,1000,292730,false,0,
long-rtt,proposal,8800,ProbeBW,400,800,401,292730,1168000,584000,0,0,1401,401,1000,292730,false,0,
long-rtt,proposal,8900,ProbeBW,400,800,401,292730,1168000,584000,0,0,1401,401,1000,292730,false,0,
long-rtt,proposal,9000,ProbeBW,400,800,401,292730,1168000,584000,0,0,1401,401,1000,292730,false,0,
long-rtt,proposal,9100,ProbeBW,400,800,401,292730,1168000,584000,0,0,1401,401,1000,292730,false,0,
long-rtt,proposal,9200,ProbeBW,400,800,401,292730,1168000,584000,0,0,1401,401,1000,292730,false,0,
long-rtt,proposal,9300,ProbeBW,400,800,401,292730,1168000,584000,0,0,1401,401,1000,292730,false,0,
long-rtt,proposal,9400,ProbeBW,400,800,401,292730,1168000,584000,0,0,1401,401,1000,292730,false,0,
long-rtt,proposal,9500,ProbeBW,400,800,401,292730,1168000,584000,0,0,1401,401,1000,292730,false,0,
long-rtt,proposal,9600,ProbeBW,400,800,401,292730,1168000,584000,0,0,1401,401,1000,292730,false,0,
long-rtt,proposal,9700,ProbeBW,400,800,401,292730,1168000,584000,0,0,1401,401,1000,292730,false,0,
long-rtt,proposal,9800,ProbeBW,400,800,401,292730,1168000,584000,0,0,1401,401,1000,292730,false,0,
long-rtt,proposal,9900,ProbeBW,400,800,401,292730,1168000,584000,0,0,1401,401,1000,292730,false,0,
long-rtt,proposal,10000,ProbeBW,400,800,401,292730,1168000,584000,0,0,1401,401,1000,292730,false,0,
long-rtt,proposal,10100,ProbeBW,400,800,401,292730,1168000,584000,0,0,1401,401,1000,292730,false,0,
long-rtt,proposal,10200,ProbeBW,400,800,401,292730,1168000,584000,0,0,1401,401,1000,292730,false,0,
long-rtt,proposal,10300,ProbeBW,400,800,401,292730,1168000,584000,0,0,1401,401,1000,292730,false,0,
long-rtt,proposal,10400,ProbeBW,400,800,401,292730,1168000,584000,0,0,1401,401,1000,292730,false,0,
long-rtt,proposal,10500,ProbeBW,400,800,401,292730,1168000,584000,0,0,1401,401,1000,292730,false,0,
long-rtt,proposal,10600,ProbeBW,400,800,401,292730,1168000,584000,0,0,1401,401,1000,292730,false,0,
long-rtt,proposal,10700,ProbeBW,400,800,401,292730,1168000,584000,0,0,1401,401,1000,292730,false,0,
long-rtt,proposal,10800,ProbeBW,400,800,401,292730,1168000,584000,0,0,1401,401,1000,292730,false,0,
long-rtt,proposal,10900,ProbeBW,400,800,401,292730,1168000,584000,0,0,1401,401,1000,292730,false,0,
long-rtt,proposal,11000,ProbeBW,400,800,401,292730,1168000,584000,0,0,1401,401,1000,292730,false,0,
long-rtt,proposal,11100,ProbeBW,400,800,401,292730,1168000,584000,0,0,1401,401,1000,292730,false,0,
long-rtt,proposal,11200,ProbeBW,400,800,401,292730,1168000,584000,0,0,1401,401,1000,292730,false,0,
long-rtt,proposal,11300,ProbeBW,400,800,401,292730,1168000,584000,0,0,1401,401,1000,292730,false,0,
long-rtt,proposal,11400,ProbeBW,400,800,401,292730,1168000,584000,0,0,1401,401,1000,292730,false,0,
long-rtt,proposal,11402,ProbeRTT,400,800,800,292730,1166540,582540,0,0,11402,401,1000,292730,false,0,enter;
long-rtt,proposal,11500,ProbeRTT,400,800,800,292730,1023460,439460,0,0,11500,401,1000,292730,false,98,
long-rtt,proposal,11600,ProbeRTT,400,800,800,292730,877460,293460,0,0,11600,401,1000,292730,false,198,
long-rtt,proposal,11700,ProbeRTT,400,800,800,292730,731460,147460,0,0,11700,401,1000,292730,false,298,
long-rtt,proposal,11800,ProbeRTT,400,800,800,292730,585460,1460,0,0,11800,401,1000,292730,false,398,
long-rtt,proposal,11900,ProbeRTT,400,800,800,292730,439460,0,0,0,11900,401,1000,292730,false,498,
long-rtt,proposal,12000,ProbeRTT,400,800,800,292730,293460,0,0,0,12000,401,1000,292730,false,598,
long-rtt,proposal,12001,ProbeRTT,400,800,800,292730,292000,0,12201,15477460,12001,401,1000,292730,false,599,timer-start;
long-rtt,proposal,12100,ProbeRTT,400,800,800,292730,292000,1460,12201,15477460,12100,401,1000,292730,false,698,
long-rtt,proposal,12200,ProbeRTT,400,800,800,292730,292000,1460,12201,15477460,12200,401,1000,292730,false,798,
long-rtt,proposal,12300,ProbeRTT,400,800,800,292730,292000,0,12201,15477460,12201,401,1000,292730,false,898,
long-rtt,proposal,12400,ProbeRTT,400,800,800,292730,292000,0,12201,15477460,12201,401,1000,292730,false,998,
long-rtt,proposal,12403,ProbeBW,400,401,401,292730,292000,1460,12201,15477460,12403,401,1000,292730,true,1001,exit;
long-rtt,proposal,12500,ProbeBW,400,401,401,292730,292000,1460,12201,15477460,12500,401,1000,292730,true,1001,
long-rtt,proposal,12600,ProbeBW,400,401,401,292730,292000,1460,12201,15477460,12600,401,1000,292730,true,1001,
long-rtt,proposal,12700,ProbeBW,400,401,401,292730,435080,1460,12201,15477460,12602,401,1000,292730,true,1001,
long-rtt,proposal,12800,ProbeBW,400,401,401,292730,581080,1460,12201,15477460,12602,401,1000,292730,true,1001,
long-rtt,proposal,12900,ProbeBW,400,401,401,292730,585460,1460,12201,15477460,12900,401,1000,292730,true,1001,
long-rtt,proposal,13000,ProbeBW,400,401,401,292730,585460,1460,12201,15477460,13000,401,1000,292730,true,1001,
long-rtt,proposal,13100,ProbeBW,400,401,401,292730,585460,1460,12201,15477460,13100,401,1000,292730,true,1001,
long-rtt,proposal,13200,ProbeBW,400,401,401,292730,585460,1460,12201,15477460,13200,401,1000,292730,true,1001,
long-rtt,proposal,13300,ProbeBW,400,401,401,292730,585460,1460,12201,15477460,13300,401,1000,292730,true,1001,
long-rtt,proposal,13400,ProbeBW,400,401,401,292730,585460,1460,12201,15477460,13400,401,1000,292730,true,1001,
long-rtt,proposal,13500,ProbeBW,400,401,401,292730,585460,1460,12201,15477460,13500,401,1000,292730,true,1001,
long-rtt,proposal,13600,ProbeBW,400,401,401,292730,585460,1460,12201,15477460,13600,401,1000,292730,true,1001,
long-rtt,proposal,13700,ProbeBW,400,401,401,292730,585460,1460,12201,15477460,13700,401,1000,292730,true,1001,
long-rtt,proposal,13800,ProbeBW,400,401,401,292730,585460,1460,12201,15477460,13800,401,1000,292730,true,1001,
long-rtt,proposal,13900,ProbeBW,400,401,401,292730,585460,1460,12201,15477460,13900,401,1000,292730,true,1001,
long-rtt,proposal,14000,ProbeBW,400,401,401,292730,585460,1460,12201,15477460,14000,401,1000,292730,true,1001,
long-rtt,proposal,14100,ProbeBW,400,401,401,292730,585460,1460,12201,15477460,14100,401,1000,292730,true,1001,
long-rtt,proposal,14200,ProbeBW,400,401,401,292730,585460,1460,12201,15477460,14200,401,1000,292730,true,1001,
long-rtt,proposal,14300,ProbeBW,400,401,401,292730,585460,1460,12201,15477460,14300,401,1000,292730,true,1001,
long-rtt,proposal,14400,ProbeBW,400,401,401,292730,585460,1460,12201,15477460,14400,401,1000,292730,true,1001,
long-rtt,proposal,14500,ProbeBW,400,401,401,292730,585460,1460,12201,15477460,14500,401,1000,292730,true,1001,
long-rtt,proposal,14600,ProbeBW,400,401,401,292730,585460,1460,12201,15477460,14600,401,1000,292730,true,1001,
long-rtt,proposal,14700,ProbeBW,400,401,401,292730,585460,1460,12201,15477460,14700,401,1000,292730,true,1001,
long-rtt,proposal,14800,ProbeBW,400,401,401,292730,585460,1460,12201,15477460,14800,401,1000,292730,true,1001,
long-rtt,proposal,14900,ProbeBW,400,401,401,292730,585460,1460,12201,15477460,14900,401,1000,292730,true,1001,
long-rtt,proposal,15000,ProbeBW,400,401,401,292730,585460,1460,12201,15477460,15000,401,1000,292730,true,1001,
long-rtt,proposal,15100,ProbeBW,400,401,401,292730,585460,1460,12201,15477460,15100,401,1000,292730,true,1001,
long-rtt,proposal,15200,ProbeBW,400,401,401,292730,585460,1460,12201,15477460,15200,401,1000,292730,true,1001,
long-rtt,proposal,15300,ProbeBW,400,401,401,292730,585460,1460,12201,15477460,15300,401,1000,292730,true,1001,
long-rtt,proposal,15400,ProbeBW,400,401,401,292730,585460,1460,12201,15477460,15400,401,1000,292730,true,1001,
long-rtt,proposal,15500,ProbeBW,400,401,401,292730,585460,1460,12201,15477460,15500,401,1000,292730,true,1001,
long-rtt,proposal,15600,ProbeBW,400,401,401,292730,585460,1460,12201,15477460,15600,401,1000,292730,true,1001,
long-rtt,proposal,15700,ProbeBW,400,401,401,292730,585460,1460,12201,15477460,15700,401,1000,292730,true,1001,
long-rtt,proposal,15800,ProbeBW,400,401,401,292730,585460,1460,12201,15477460,15800,401,1000,292730,true,1001,
long-rtt,proposal,15900,ProbeBW,400,401,401,292730,585460,1460,12201,15477460,15900,401,1000,292730,true,1001,
long-rtt,proposal,16000,ProbeBW,400,401,401,292730,585460,1460,12201,15477460,16000,401,1000,292730,true,1001,
long-rtt,quiche,1000,ProbeBW,400,0,401,292730,584000,584000,0,0,1000,401,1000,292730,false,0,initial
long-rtt,quiche,1100,ProbeBW,400,0,401,292730,730000,584000,0,0,1000,401,1000,292730,false,0,
long-rtt,quiche,1200,ProbeBW,400,0,401,292730,876000,584000,0,0,1000,401,1000,292730,false,0,
long-rtt,quiche,1300,ProbeBW,400,0,401,292730,1022000,584000,0,0,1000,401,1000,292730,false,0,
long-rtt,quiche,1400,ProbeBW,400,0,401,292730,1168000,584000,0,0,1000,401,1000,292730,false,0,
long-rtt,quiche,1500,ProbeBW,400,500,401,292730,1168000,584000,0,0,1000,401,1000,292730,false,0,
long-rtt,quiche,1600,ProbeBW,400,600,401,292730,1168000,584000,0,0,1000,401,1000,292730,false,0,
long-rtt,quiche,1700,ProbeBW,400,700,401,292730,1168000,584000,0,0,1000,401,1000,292730,false,0,
long-rtt,quiche,1800,ProbeBW,400,800,401,292730,1168000,584000,0,0,1000,401,1000,292730,false,0,
long-rtt,quiche,1900,ProbeBW,400,800,401,292730,1168000,584000,0,0,1000,401,1000,292730,false,0,
long-rtt,quiche,2000,ProbeBW,400,800,401,292730,1168000,584000,0,0,1000,401,1000,292730,false,0,
long-rtt,quiche,2100,ProbeBW,400,800,401,292730,1168000,584000,0,0,1000,401,1000,292730,false,0,
long-rtt,quiche,2200,ProbeBW,400,800,401,292730,1168000,584000,0,0,1000,401,1000,292730,false,0,
long-rtt,quiche,2300,ProbeBW,400,800,401,292730,1168000,584000,0,0,1000,401,1000,292730,false,0,
long-rtt,quiche,2400,ProbeBW,400,800,401,292730,1168000,584000,0,0,1000,401,1000,292730,false,0,
long-rtt,quiche,2500,ProbeBW,400,800,401,292730,1168000,584000,0,0,1000,401,1000,292730,false,0,
long-rtt,quiche,2600,ProbeBW,400,800,401,292730,1168000,584000,0,0,1000,401,1000,292730,false,0,
long-rtt,quiche,2700,ProbeBW,400,800,401,292730,1168000,584000,0,0,1000,401,1000,292730,false,0,
long-rtt,quiche,2800,ProbeBW,400,800,401,292730,1168000,584000,0,0,1000,401,1000,292730,false,0,
long-rtt,quiche,2900,ProbeBW,400,800,401,292730,1168000,584000,0,0,1000,401,1000,292730,false,0,
long-rtt,quiche,3000,ProbeBW,400,800,401,292730,1168000,584000,0,0,1000,401,1000,292730,false,0,
long-rtt,quiche,3100,ProbeBW,400,800,401,292730,1168000,584000,0,0,1000,401,1000,292730,false,0,
long-rtt,quiche,3200,ProbeBW,400,800,401,292730,1168000,584000,0,0,1000,401,1000,292730,false,0,
long-rtt,quiche,3300,ProbeBW,400,800,401,292730,1168000,584000,0,0,1000,401,1000,292730,false,0,
long-rtt,quiche,3400,ProbeBW,400,800,401,292730,1168000,584000,0,0,1000,401,1000,292730,false,0,
long-rtt,quiche,3500,ProbeBW,400,800,401,292730,1168000,584000,0,0,1000,401,1000,292730,false,0,
long-rtt,quiche,3600,ProbeBW,400,800,401,292730,1168000,584000,0,0,1000,401,1000,292730,false,0,
long-rtt,quiche,3700,ProbeBW,400,800,401,292730,1168000,584000,0,0,1000,401,1000,292730,false,0,
long-rtt,quiche,3800,ProbeBW,400,800,401,292730,1168000,584000,0,0,1000,401,1000,292730,false,0,
long-rtt,quiche,3900,ProbeBW,400,800,401,292730,1168000,584000,0,0,1000,401,1000,292730,false,0,
long-rtt,quiche,4000,ProbeBW,400,800,401,292730,1168000,584000,0,0,1000,401,1000,292730,false,0,
long-rtt,quiche,4100,ProbeBW,400,800,401,292730,1168000,584000,0,0,1000,401,1000,292730,false,0,
long-rtt,quiche,4200,ProbeBW,400,800,401,292730,1168000,584000,0,0,1000,401,1000,292730,false,0,
long-rtt,quiche,4300,ProbeBW,400,800,401,292730,1168000,584000,0,0,1000,401,1000,292730,false,0,
long-rtt,quiche,4400,ProbeBW,400,800,401,292730,1168000,584000,0,0,1000,401,1000,292730,false,0,
long-rtt,quiche,4500,ProbeBW,400,800,401,292730,1168000,584000,0,0,1000,401,1000,292730,false,0,
long-rtt,quiche,4600,ProbeBW,400,800,401,292730,1168000,584000,0,0,1000,401,1000,292730,false,0,
long-rtt,quiche,4700,ProbeBW,400,800,401,292730,1168000,584000,0,0,1000,401,1000,292730,false,0,
long-rtt,quiche,4800,ProbeBW,400,800,401,292730,1168000,584000,0,0,1000,401,1000,292730,false,0,
long-rtt,quiche,4900,ProbeBW,400,800,401,292730,1168000,584000,0,0,1000,401,1000,292730,false,0,
long-rtt,quiche,5000,ProbeBW,400,800,401,292730,1168000,584000,0,0,1000,401,1000,292730,false,0,
long-rtt,quiche,5100,ProbeBW,400,800,401,292730,1168000,584000,0,0,1000,401,1000,292730,false,0,
long-rtt,quiche,5200,ProbeBW,400,800,401,292730,1168000,584000,0,0,1000,401,1000,292730,false,0,
long-rtt,quiche,5300,ProbeBW,400,800,401,292730,1168000,584000,0,0,1000,401,1000,292730,false,0,
long-rtt,quiche,5400,ProbeBW,400,800,401,292730,1168000,584000,0,0,1000,401,1000,292730,false,0,
long-rtt,quiche,5500,ProbeBW,400,800,401,292730,1168000,584000,0,0,1000,401,1000,292730,false,0,
long-rtt,quiche,5600,ProbeBW,400,800,401,292730,1168000,584000,0,0,1000,401,1000,292730,false,0,
long-rtt,quiche,5700,ProbeBW,400,800,401,292730,1168000,584000,0,0,1000,401,1000,292730,false,0,
long-rtt,quiche,5800,ProbeBW,400,800,401,292730,1168000,584000,0,0,1000,401,1000,292730,false,0,
long-rtt,quiche,5900,ProbeBW,400,800,401,292730,1168000,584000,0,0,1000,401,1000,292730,false,0,
long-rtt,quiche,6000,ProbeBW,400,800,401,292730,1168000,584000,0,0,1000,401,1000,292730,false,0,
long-rtt,quiche,6100,ProbeBW,400,800,401,292730,1168000,584000,0,0,1000,401,1000,292730,false,0,
long-rtt,quiche,6200,ProbeBW,400,800,401,292730,1168000,584000,0,0,1000,401,1000,292730,false,0,
long-rtt,quiche,6300,ProbeBW,400,800,401,292730,1168000,584000,0,0,1000,401,1000,292730,false,0,
long-rtt,quiche,6400,ProbeBW,400,800,401,292730,1168000,584000,0,0,1000,401,1000,292730,false,0,
long-rtt,quiche,6500,ProbeBW,400,800,401,292730,1168000,584000,0,0,1000,401,1000,292730,false,0,
long-rtt,quiche,6600,ProbeBW,400,800,401,292730,1168000,584000,0,0,1000,401,1000,292730,false,0,
long-rtt,quiche,6700,ProbeBW,400,800,401,292730,1168000,584000,0,0,1000,401,1000,292730,false,0,
long-rtt,quiche,6800,ProbeBW,400,800,401,292730,1168000,584000,0,0,1000,401,1000,292730,false,0,
long-rtt,quiche,6900,ProbeBW,400,800,401,292730,1168000,584000,0,0,1000,401,1000,292730,false,0,
long-rtt,quiche,7000,ProbeBW,400,800,401,292730,1168000,584000,0,0,1000,401,1000,292730,false,0,
long-rtt,quiche,7100,ProbeBW,400,800,401,292730,1168000,584000,0,0,1000,401,1000,292730,false,0,
long-rtt,quiche,7200,ProbeBW,400,800,401,292730,1168000,584000,0,0,1000,401,1000,292730,false,0,
long-rtt,quiche,7300,ProbeBW,400,800,401,292730,1168000,584000,0,0,1000,401,1000,292730,false,0,
long-rtt,quiche,7400,ProbeBW,400,800,401,292730,1168000,584000,0,0,1000,401,1000,292730,false,0,
long-rtt,quiche,7500,ProbeBW,400,800,401,292730,1168000,584000,0,0,1000,401,1000,292730,false,0,
long-rtt,quiche,7600,ProbeBW,400,800,401,292730,1168000,584000,0,0,1000,401,1000,292730,false,0,
long-rtt,quiche,7700,ProbeBW,400,800,401,292730,1168000,584000,0,0,1000,401,1000,292730,false,0,
long-rtt,quiche,7800,ProbeBW,400,800,401,292730,1168000,584000,0,0,1000,401,1000,292730,false,0,
long-rtt,quiche,7900,ProbeBW,400,800,401,292730,1168000,584000,0,0,1000,401,1000,292730,false,0,
long-rtt,quiche,8000,ProbeBW,400,800,401,292730,1168000,584000,0,0,1000,401,1000,292730,false,0,
long-rtt,quiche,8100,ProbeBW,400,800,401,292730,1168000,584000,0,0,1000,401,1000,292730,false,0,
long-rtt,quiche,8200,ProbeBW,400,800,401,292730,1168000,584000,0,0,1000,401,1000,292730,false,0,
long-rtt,quiche,8300,ProbeBW,400,800,401,292730,1168000,584000,0,0,1000,401,1000,292730,false,0,
long-rtt,quiche,8400,ProbeBW,400,800,401,292730,1168000,584000,0,0,1000,401,1000,292730,false,0,
long-rtt,quiche,8500,ProbeBW,400,800,401,292730,1168000,584000,0,0,1000,401,1000,292730,false,0,
long-rtt,quiche,8600,ProbeBW,400,800,401,292730,1168000,584000,0,0,1000,401,1000,292730,false,0,
long-rtt,quiche,8700,ProbeBW,400,800,401,292730,1168000,584000,0,0,1000,401,1000,292730,false,0,
long-rtt,quiche,8800,ProbeBW,400,800,401,292730,1168000,584000,0,0,1000,401,1000,292730,false,0,
long-rtt,quiche,8900,ProbeBW,400,800,401,292730,1168000,584000,0,0,1000,401,1000,292730,false,0,
long-rtt,quiche,9000,ProbeBW,400,800,401,292730,1168000,584000,0,0,1000,401,1000,292730,false,0,
long-rtt,quiche,9100,ProbeBW,400,800,401,292730,1168000,584000,0,0,1000,401,1000,292730,false,0,
long-rtt,quiche,9200,ProbeBW,400,800,401,292730,1168000,584000,0,0,1000,401,1000,292730,false,0,
long-rtt,quiche,9300,ProbeBW,400,800,401,292730,1168000,584000,0,0,1000,401,1000,292730,false,0,
long-rtt,quiche,9400,ProbeBW,400,800,401,292730,1168000,584000,0,0,1000,401,1000,292730,false,0,
long-rtt,quiche,9500,ProbeBW,400,800,401,292730,1168000,584000,0,0,1000,401,1000,292730,false,0,
long-rtt,quiche,9600,ProbeBW,400,800,401,292730,1168000,584000,0,0,1000,401,1000,292730,false,0,
long-rtt,quiche,9700,ProbeBW,400,800,401,292730,1168000,584000,0,0,1000,401,1000,292730,false,0,
long-rtt,quiche,9800,ProbeBW,400,800,401,292730,1168000,584000,0,0,1000,401,1000,292730,false,0,
long-rtt,quiche,9900,ProbeBW,400,800,401,292730,1168000,584000,0,0,1000,401,1000,292730,false,0,
long-rtt,quiche,10000,ProbeBW,400,800,401,292730,1168000,584000,0,0,1000,401,1000,292730,false,0,
long-rtt,quiche,10100,ProbeBW,400,800,401,292730,1168000,584000,0,0,1000,401,1000,292730,false,0,
long-rtt,quiche,10200,ProbeBW,400,800,401,292730,1168000,584000,0,0,1000,401,1000,292730,false,0,
long-rtt,quiche,10300,ProbeBW,400,800,401,292730,1168000,584000,0,0,1000,401,1000,292730,false,0,
long-rtt,quiche,10400,ProbeBW,400,800,401,292730,1168000,584000,0,0,1000,401,1000,292730,false,0,
long-rtt,quiche,10500,ProbeBW,400,800,401,292730,1168000,584000,0,0,1000,401,1000,292730,false,0,
long-rtt,quiche,10600,ProbeBW,400,800,401,292730,1168000,584000,0,0,1000,401,1000,292730,false,0,
long-rtt,quiche,10700,ProbeBW,400,800,401,292730,1168000,584000,0,0,1000,401,1000,292730,false,0,
long-rtt,quiche,10800,ProbeBW,400,800,401,292730,1168000,584000,0,0,1000,401,1000,292730,false,0,
long-rtt,quiche,10900,ProbeBW,400,800,401,292730,1168000,584000,0,0,1000,401,1000,292730,false,0,
long-rtt,quiche,11000,ProbeRTT,400,800,800,584000,1166540,582540,0,0,11000,401,1000,292730,false,0,enter;
long-rtt,quiche,11100,ProbeRTT,400,800,800,584000,1020540,436540,0,0,11000,401,1000,292730,false,100,
long-rtt,quiche,11200,ProbeRTT,400,800,800,584000,874540,290540,0,0,11000,401,1000,292730,false,200,
long-rtt,quiche,11300,ProbeRTT,400,800,800,584000,728540,144540,0,0,11000,401,1000,292730,false,300,
long-rtt,quiche,11399,ProbeRTT,400,800,800,584000,584000,0,11599,14598540,11000,401,1000,292730,false,399,timer-start;
long-rtt,quiche,11400,ProbeRTT,400,800,800,584000,584000,1460,11599,14598540,11000,401,1000,292730,false,400,
long-rtt,quiche,11500,ProbeRTT,400,800,800,584000,584000,1460,11599,14598540,11000,401,1000,292730,false,500,
long-rtt,quiche,11600,ProbeBW,400,800,800,584000,584000,1460,11599,14598540,11000,401,1000,292730,false,600,exit;
long-rtt,quiche,11700,ProbeBW,400,800,800,584000,584000,1460,11599,14598540,11000,401,1000,292730,false,600,
long-rtt,quiche,11800,ProbeBW,400,800,800,584000,585460,1460,11599,14598540,11000,401,1000,292730,false,600,
long-rtt,quiche,11801,ProbeBW,400,401,401,292730,585460,1460,11599,14598540,11801,401,1000,292730,false,600,minimum changed;
long-rtt,quiche,11900,ProbeBW,400,401,401,292730,585460,1460,11599,14598540,11801,401,1000,292730,false,600,
long-rtt,quiche,12000,ProbeBW,400,401,401,292730,585460,1460,11599,14598540,11801,401,1000,292730,false,600,
long-rtt,quiche,12100,ProbeBW,400,401,401,292730,585460,1460,11599,14598540,11801,401,1000,292730,false,600,
long-rtt,quiche,12200,ProbeBW,400,401,401,292730,585460,1460,11599,14598540,11801,401,1000,292730,false,600,
long-rtt,quiche,12300,ProbeBW,400,401,401,292730,585460,1460,11599,14598540,11801,401,1000,292730,false,600,
long-rtt,quiche,12400,ProbeBW,400,401,401,292730,585460,1460,11599,14598540,11801,401,1000,292730,false,600,
long-rtt,quiche,12500,ProbeBW,400,401,401,292730,585460,1460,11599,14598540,11801,401,1000,292730,false,600,
long-rtt,quiche,12600,ProbeBW,400,401,401,292730,585460,1460,11599,14598540,11801,401,1000,292730,false,600,
long-rtt,quiche,12700,ProbeBW,400,401,401,292730,585460,1460,11599,14598540,11801,401,1000,292730,false,600,
long-rtt,quiche,12800,ProbeBW,400,401,401,292730,585460,1460,11599,14598540,11801,401,1000,292730,false,600,
long-rtt,quiche,12900,ProbeBW,400,401,401,292730,585460,1460,11599,14598540,11801,401,1000,292730,false,600,
long-rtt,quiche,13000,ProbeBW,400,401,401,292730,585460,1460,11599,14598540,11801,401,1000,292730,false,600,
long-rtt,quiche,13100,ProbeBW,400,401,401,292730,585460,1460,11599,14598540,11801,401,1000,292730,false,600,
long-rtt,quiche,13200,ProbeBW,400,401,401,292730,585460,1460,11599,14598540,11801,401,1000,292730,false,600,
long-rtt,quiche,13300,ProbeBW,400,401,401,292730,585460,1460,11599,14598540,11801,401,1000,292730,false,600,
long-rtt,quiche,13400,ProbeBW,400,401,401,292730,585460,1460,11599,14598540,11801,401,1000,292730,false,600,
long-rtt,quiche,13500,ProbeBW,400,401,401,292730,585460,1460,11599,14598540,11801,401,1000,292730,false,600,
long-rtt,quiche,13600,ProbeBW,400,401,401,292730,585460,1460,11599,14598540,11801,401,1000,292730,false,600,
long-rtt,quiche,13700,ProbeBW,400,401,401,292730,585460,1460,11599,14598540,11801,401,1000,292730,false,600,
long-rtt,quiche,13800,ProbeBW,400,401,401,292730,585460,1460,11599,14598540,11801,401,1000,292730,false,600,
long-rtt,quiche,13900,ProbeBW,400,401,401,292730,585460,1460,11599,14598540,11801,401,1000,292730,false,600,
long-rtt,quiche,14000,ProbeBW,400,401,401,292730,585460,1460,11599,14598540,11801,401,1000,292730,false,600,
long-rtt,quiche,14100,ProbeBW,400,401,401,292730,585460,1460,11599,14598540,11801,401,1000,292730,false,600,
long-rtt,quiche,14200,ProbeBW,400,401,401,292730,585460,1460,11599,14598540,11801,401,1000,292730,false,600,
long-rtt,quiche,14300,ProbeBW,400,401,401,292730,585460,1460,11599,14598540,11801,401,1000,292730,false,600,
long-rtt,quiche,14400,ProbeBW,400,401,401,292730,585460,1460,11599,14598540,11801,401,1000,292730,false,600,
long-rtt,quiche,14500,ProbeBW,400,401,401,292730,585460,1460,11599,14598540,11801,401,1000,292730,false,600,
long-rtt,quiche,14600,ProbeBW,400,401,401,292730,585460,1460,11599,14598540,11801,401,1000,292730,false,600,
long-rtt,quiche,14700,ProbeBW,400,401,401,292730,585460,1460,11599,14598540,11801,401,1000,292730,false,600,
long-rtt,quiche,14800,ProbeBW,400,401,401,292730,585460,1460,11599,14598540,11801,401,1000,292730,false,600,
long-rtt,quiche,14900,ProbeBW,400,401,401,292730,585460,1460,11599,14598540,11801,401,1000,292730,false,600,
long-rtt,quiche,15000,ProbeBW,400,401,401,292730,585460,1460,11599,14598540,11801,401,1000,292730,false,600,
long-rtt,quiche,15100,ProbeBW,400,401,401,292730,585460,1460,11599,14598540,11801,401,1000,292730,false,600,
long-rtt,quiche,15200,ProbeBW,400,401,401,292730,585460,1460,11599,14598540,11801,401,1000,292730,false,600,
long-rtt,quiche,15300,ProbeBW,400,401,401,292730,585460,1460,11599,14598540,11801,401,1000,292730,false,600,
long-rtt,quiche,15400,ProbeBW,400,401,401,292730,585460,1460,11599,14598540,11801,401,1000,292730,false,600,
long-rtt,quiche,15500,ProbeBW,400,401,401,292730,585460,1460,11599,14598540,11801,401,1000,292730,false,600,
long-rtt,quiche,15600,ProbeBW,400,401,401,292730,585460,1460,11599,14598540,11801,401,1000,292730,false,600,
long-rtt,quiche,15700,ProbeBW,400,401,401,292730,585460,1460,11599,14598540,11801,401,1000,292730,false,600,
long-rtt,quiche,15800,ProbeBW,400,401,401,292730,585460,1460,11599,14598540,11801,401,1000,292730,false,600,
long-rtt,quiche,15900,ProbeBW,400,401,401,292730,585460,1460,11599,14598540,11801,401,1000,292730,false,600,
long-rtt,quiche,16000,ProbeBW,400,401,401,292730,585460,1460,11599,14598540,11801,401,1000,292730,false,600,
delayed-feedback,draft06,1000,ProbeBW,400,0,401,292730,584000,584000,0,0,1000,401,1000,292730,false,0,initial
delayed-feedback,draft06,1100,ProbeBW,400,0,401,292730,730000,584000,0,0,1000,401,1000,292730,false,0,
delayed-feedback,draft06,1200,ProbeBW,400,0,401,292730,876000,584000,0,0,1000,401,1000,292730,false,0,
delayed-feedback,draft06,1300,ProbeBW,400,0,401,292730,1022000,584000,0,0,1000,401,1000,292730,false,0,
delayed-feedback,draft06,1400,ProbeBW,400,0,401,292730,1168000,584000,0,0,1000,401,1000,292730,false,0,
delayed-feedback,draft06,1500,ProbeBW,400,0,401,292730,1170920,440920,0,0,1000,401,1000,292730,false,0,
delayed-feedback,draft06,1600,ProbeBW,400,600,401,292730,1170920,367920,0,0,1000,401,1000,292730,false,0,
delayed-feedback,draft06,1700,ProbeBW,400,700,401,292730,1170920,367920,0,0,1000,401,1000,292730,false,0,
delayed-feedback,draft06,1800,ProbeBW,400,800,401,292730,1170920,367920,0,0,1000,401,1000,292730,false,0,
delayed-feedback,draft06,1900,ProbeBW,400,900,401,292730,1170920,367920,0,0,1000,401,1000,292730,false,0,
delayed-feedback,draft06,2000,ProbeBW,400,950,401,292730,1170920,367920,0,0,1000,401,1000,292730,false,0,
delayed-feedback,draft06,2100,ProbeBW,400,950,401,292730,1170920,367920,0,0,1000,401,1000,292730,false,0,
delayed-feedback,draft06,2200,ProbeBW,400,950,401,292730,1170920,367920,0,0,1000,401,1000,292730,false,0,
delayed-feedback,draft06,2300,ProbeBW,400,950,401,292730,1170920,367920,0,0,1000,401,1000,292730,false,0,
delayed-feedback,draft06,2400,ProbeBW,400,802,401,292730,1170920,367920,0,0,1000,401,1000,292730,false,0,
delayed-feedback,draft06,2500,ProbeBW,400,802,401,292730,1170920,367920,0,0,1000,401,1000,292730,false,0,
delayed-feedback,draft06,2600,ProbeBW,400,802,401,292730,1170920,367920,0,0,1000,401,1000,292730,false,0,
delayed-feedback,draft06,2700,ProbeBW,400,802,401,292730,1170920,367920,0,0,1000,401,1000,292730,false,0,
delayed-feedback,draft06,2800,ProbeBW,400,802,401,292730,1170920,367920,0,0,1000,401,1000,292730,false,0,
delayed-feedback,draft06,2900,ProbeBW,400,802,401,292730,1170920,367920,0,0,1000,401,1000,292730,false,0,
delayed-feedback,draft06,3000,ProbeBW,400,802,401,292730,1170920,367920,0,0,1000,401,1000,292730,false,0,
delayed-feedback,draft06,3100,ProbeBW,400,802,401,292730,1170920,367920,0,0,1000,401,1000,292730,false,0,
delayed-feedback,draft06,3200,ProbeBW,400,802,401,292730,1170920,367920,0,0,1000,401,1000,292730,false,0,
delayed-feedback,draft06,3300,ProbeBW,400,802,401,292730,1170920,367920,0,0,1000,401,1000,292730,false,0,
delayed-feedback,draft06,3400,ProbeBW,400,802,401,292730,1170920,367920,0,0,1000,401,1000,292730,false,0,
delayed-feedback,draft06,3500,ProbeBW,400,802,401,292730,1170920,367920,0,0,1000,401,1000,292730,false,0,
delayed-feedback,draft06,3600,ProbeBW,400,802,401,292730,1170920,367920,0,0,1000,401,1000,292730,false,0,
delayed-feedback,draft06,3700,ProbeBW,400,802,401,292730,1170920,367920,0,0,1000,401,1000,292730,false,0,
delayed-feedback,draft06,3800,ProbeBW,400,802,401,292730,1170920,367920,0,0,1000,401,1000,292730,false,0,
delayed-feedback,draft06,3900,ProbeBW,400,802,401,292730,1170920,367920,0,0,1000,401,1000,292730,false,0,
delayed-feedback,draft06,4000,ProbeBW,400,802,401,292730,1170920,367920,0,0,1000,401,1000,292730,false,0,
delayed-feedback,draft06,4100,ProbeBW,400,802,401,292730,1170920,367920,0,0,1000,401,1000,292730,false,0,
delayed-feedback,draft06,4200,ProbeBW,400,802,401,292730,1170920,367920,0,0,1000,401,1000,292730,false,0,
delayed-feedback,draft06,4300,ProbeBW,400,802,401,292730,1170920,367920,0,0,1000,401,1000,292730,false,0,
delayed-feedback,draft06,4400,ProbeBW,400,802,401,292730,1170920,367920,0,0,1000,401,1000,292730,false,0,
delayed-feedback,draft06,4500,ProbeBW,400,802,401,292730,1170920,367920,0,0,1000,401,1000,292730,false,0,
delayed-feedback,draft06,4600,ProbeBW,400,802,401,292730,1170920,367920,0,0,1000,401,1000,292730,false,0,
delayed-feedback,draft06,4700,ProbeBW,400,802,401,292730,1170920,367920,0,0,1000,401,1000,292730,false,0,
delayed-feedback,draft06,4800,ProbeBW,400,802,401,292730,1170920,367920,0,0,1000,401,1000,292730,false,0,
delayed-feedback,draft06,4900,ProbeBW,400,802,401,292730,1170920,367920,0,0,1000,401,1000,292730,false,0,
delayed-feedback,draft06,5000,ProbeBW,400,802,401,292730,1170920,367920,0,0,1000,401,1000,292730,false,0,
delayed-feedback,draft06,5100,ProbeBW,400,802,401,292730,1170920,367920,0,0,1000,401,1000,292730,false,0,
delayed-feedback,draft06,5200,ProbeBW,400,802,401,292730,1170920,367920,0,0,1000,401,1000,292730,false,0,
delayed-feedback,draft06,5300,ProbeBW,400,802,401,292730,1170920,367920,0,0,1000,401,1000,292730,false,0,
delayed-feedback,draft06,5400,ProbeBW,400,802,401,292730,1170920,367920,0,0,1000,401,1000,292730,false,0,
delayed-feedback,draft06,5500,ProbeBW,400,802,401,292730,1170920,367920,0,0,1000,401,1000,292730,false,0,
delayed-feedback,draft06,5600,ProbeBW,400,802,401,292730,1170920,367920,0,0,1000,401,1000,292730,false,0,
delayed-feedback,draft06,5700,ProbeBW,400,802,401,292730,1170920,367920,0,0,1000,401,1000,292730,false,0,
delayed-feedback,draft06,5800,ProbeBW,400,802,401,292730,1170920,367920,0,0,1000,401,1000,292730,false,0,
delayed-feedback,draft06,5900,ProbeBW,400,802,401,292730,1170920,367920,0,0,1000,401,1000,292730,false,0,
delayed-feedback,draft06,6000,ProbeBW,400,802,401,292730,1170920,367920,0,0,1000,401,1000,292730,false,0,
delayed-feedback,draft06,6001,ProbeRTT,400,802,401,292730,1169460,366460,0,0,1000,802,6001,292730,false,0,enter;
delayed-feedback,draft06,6100,ProbeRTT,400,802,401,292730,1024920,221920,0,0,1000,802,6001,292730,false,99,
delayed-feedback,draft06,6200,ProbeRTT,400,802,401,292730,878920,75920,0,0,1000,802,6001,292730,false,199,
delayed-feedback,draft06,6300,ProbeRTT,400,802,401,292730,732920,0,0,0,1000,802,6001,292730,false,299,
delayed-feedback,draft06,6400,ProbeRTT,400,802,401,292730,586920,0,0,0,1000,802,6001,292730,false,399,
delayed-feedback,draft06,6500,ProbeRTT,400,802,401,292730,440920,0,0,0,1000,802,6001,292730,false,499,
delayed-feedback,draft06,6600,ProbeRTT,400,802,401,292730,294920,0,0,0,1000,802,6001,292730,false,599,
delayed-feedback,draft06,6602,ProbeRTT,400,802,401,292730,292000,0,6802,7375920,1000,802,6001,292730,false,601,timer-start;
delayed-feedback,draft06,6700,ProbeRTT,400,802,401,292730,292000,1460,6802,7375920,1000,802,6001,292730,false,699,
delayed-feedback,draft06,6800,ProbeRTT,400,802,401,292730,292000,1460,6802,7375920,1000,802,6001,292730,false,799,
delayed-feedback,draft06,6900,ProbeRTT,400,802,401,292730,292000,0,6802,7375920,1000,802,6001,292730,false,899,
delayed-feedback,draft06,7000,ProbeRTT,400,802,401,292730,292000,0,6802,7375920,1000,802,6001,292730,false,999,
delayed-feedback,draft06,7100,ProbeRTT,400,802,401,292730,292000,0,6802,7375920,1000,802,6001,292730,false,1099,
delayed-feedback,draft06,7154,ProbeBW,400,551,401,292730,292000,1460,6802,7375920,1000,551,7154,292730,true,1153,exit;
delayed-feedback,draft06,7200,ProbeBW,400,551,401,292730,292000,1460,6802,7375920,1000,551,7154,292730,true,1153,
delayed-feedback,draft06,7300,ProbeBW,400,551,401,292730,292000,1460,6802,7375920,1000,551,7154,292730,true,1153,
delayed-feedback,draft06,7400,ProbeBW,400,551,401,292730,360620,1460,6802,7375920,1000,551,7154,292730,true,1153,
delayed-feedback,draft06,7500,ProbeBW,400,551,401,292730,506620,1460,6802,7375920,1000,551,7154,292730,true,1153,
delayed-feedback,draft06,7600,ProbeBW,400,551,401,292730,652620,1460,6802,7375920,1000,551,7154,292730,true,1153,
delayed-feedback,draft06,7700,ProbeBW,400,551,401,292730,798620,1460,6802,7375920,1000,551,7154,292730,true,1153,
delayed-feedback,draft06,7800,ProbeBW,400,551,401,292730,804460,1460,6802,7375920,1000,551,7154,292730,true,1153,
delayed-feedback,draft06,7900,ProbeBW,400,551,401,292730,804460,1460,6802,7375920,1000,551,7154,292730,true,1153,
delayed-feedback,draft06,8000,ProbeBW,400,551,401,292730,804460,1460,6802,7375920,1000,551,7154,292730,true,1153,
delayed-feedback,draft06,8100,ProbeBW,400,551,401,292730,804460,1460,6802,7375920,1000,551,7154,292730,true,1153,
delayed-feedback,draft06,8200,ProbeBW,400,551,401,292730,804460,1460,6802,7375920,1000,551,7154,292730,true,1153,
delayed-feedback,draft06,8300,ProbeBW,400,551,401,292730,804460,1460,6802,7375920,1000,551,7154,292730,true,1153,
delayed-feedback,draft06,8400,ProbeBW,400,551,401,292730,804460,1460,6802,7375920,1000,551,7154,292730,true,1153,
delayed-feedback,draft06,8500,ProbeBW,400,551,401,292730,804460,1460,6802,7375920,1000,551,7154,292730,true,1153,
delayed-feedback,draft06,8600,ProbeBW,400,551,401,292730,804460,1460,6802,7375920,1000,551,7154,292730,true,1153,
delayed-feedback,draft06,8700,ProbeBW,400,551,401,292730,804460,1460,6802,7375920,1000,551,7154,292730,true,1153,
delayed-feedback,draft06,8800,ProbeBW,400,551,401,292730,804460,1460,6802,7375920,1000,551,7154,292730,true,1153,
delayed-feedback,draft06,8900,ProbeBW,400,551,401,292730,804460,1460,6802,7375920,1000,551,7154,292730,true,1153,
delayed-feedback,draft06,9000,ProbeBW,400,551,401,292730,804460,1460,6802,7375920,1000,551,7154,292730,true,1153,
delayed-feedback,draft06,9100,ProbeBW,400,551,401,292730,804460,1460,6802,7375920,1000,551,7154,292730,true,1153,
delayed-feedback,draft06,9200,ProbeBW,400,551,401,292730,804460,1460,6802,7375920,1000,551,7154,292730,true,1153,
delayed-feedback,draft06,9300,ProbeBW,400,551,401,292730,804460,1460,6802,7375920,1000,551,7154,292730,true,1153,
delayed-feedback,draft06,9400,ProbeBW,400,551,401,292730,804460,1460,6802,7375920,1000,551,7154,292730,true,1153,
delayed-feedback,draft06,9500,ProbeBW,400,551,401,292730,804460,1460,6802,7375920,1000,551,7154,292730,true,1153,
delayed-feedback,draft06,9600,ProbeBW,400,551,401,292730,804460,1460,6802,7375920,1000,551,7154,292730,true,1153,
delayed-feedback,draft06,9700,ProbeBW,400,551,401,292730,804460,1460,6802,7375920,1000,551,7154,292730,true,1153,
delayed-feedback,draft06,9800,ProbeBW,400,551,401,292730,804460,1460,6802,7375920,1000,551,7154,292730,true,1153,
delayed-feedback,draft06,9900,ProbeBW,400,551,401,292730,804460,1460,6802,7375920,1000,551,7154,292730,true,1153,
delayed-feedback,draft06,10000,ProbeBW,400,551,401,292730,804460,1460,6802,7375920,1000,551,7154,292730,true,1153,
delayed-feedback,draft06,10100,ProbeBW,400,551,401,292730,804460,1460,6802,7375920,1000,551,7154,292730,true,1153,
delayed-feedback,draft06,10200,ProbeBW,400,551,401,292730,804460,1460,6802,7375920,1000,551,7154,292730,true,1153,
delayed-feedback,draft06,10300,ProbeBW,400,551,401,292730,804460,1460,6802,7375920,1000,551,7154,292730,true,1153,
delayed-feedback,draft06,10400,ProbeBW,400,551,401,292730,804460,1460,6802,7375920,1000,551,7154,292730,true,1153,
delayed-feedback,draft06,10500,ProbeBW,400,551,401,292730,804460,1460,6802,7375920,1000,551,7154,292730,true,1153,
delayed-feedback,draft06,10600,ProbeBW,400,551,401,292730,804460,1460,6802,7375920,1000,551,7154,292730,true,1153,
delayed-feedback,draft06,10700,ProbeBW,400,551,401,292730,804460,1460,6802,7375920,1000,551,7154,292730,true,1153,
delayed-feedback,draft06,10800,ProbeBW,400,551,401,292730,804460,1460,6802,7375920,1000,551,7154,292730,true,1153,
delayed-feedback,draft06,10900,ProbeBW,400,551,401,292730,804460,1460,6802,7375920,1000,551,7154,292730,true,1153,
delayed-feedback,draft06,11000,ProbeBW,400,551,401,292730,804460,1460,6802,7375920,1000,551,7154,292730,true,1153,
delayed-feedback,draft06,11001,ProbeBW,400,551,551,402230,804460,1460,6802,7375920,7154,551,7154,292730,true,1153,minimum changed;
delayed-feedback,draft06,11100,ProbeBW,400,551,551,402230,804460,1460,6802,7375920,7154,551,7154,292730,true,1153,
delayed-feedback,draft06,11200,ProbeBW,400,551,551,402230,804460,1460,6802,7375920,7154,551,7154,292730,true,1153,
delayed-feedback,draft06,11300,ProbeBW,400,551,551,402230,804460,1460,6802,7375920,7154,551,7154,292730,true,1153,
delayed-feedback,draft06,11400,ProbeBW,400,551,551,402230,804460,1460,6802,7375920,7154,551,7154,292730,true,1153,
delayed-feedback,draft06,11500,ProbeBW,400,551,551,402230,804460,1460,6802,7375920,7154,551,7154,292730,true,1153,
delayed-feedback,draft06,11600,ProbeBW,400,551,551,402230,804460,1460,6802,7375920,7154,551,7154,292730,true,1153,
delayed-feedback,draft06,11700,ProbeBW,400,551,551,402230,804460,1460,6802,7375920,7154,551,7154,292730,true,1153,
delayed-feedback,draft06,11800,ProbeBW,400,551,551,402230,804460,1460,6802,7375920,7154,551,7154,292730,true,1153,
delayed-feedback,draft06,11900,ProbeBW,400,551,551,402230,804460,1460,6802,7375920,7154,551,7154,292730,true,1153,
delayed-feedback,draft06,12000,ProbeBW,400,551,551,402230,804460,1460,6802,7375920,7154,551,7154,292730,true,1153,
delayed-feedback,draft06,12100,ProbeBW,400,551,551,402230,804460,1460,6802,7375920,7154,551,7154,292730,true,1153,
delayed-feedback,draft06,12155,ProbeRTT,400,551,551,402230,803000,0,0,7375920,7154,551,12155,292730,false,1153,enter;
delayed-feedback,draft06,12200,ProbeRTT,400,551,551,402230,737300,0,0,7375920,7154,551,12155,292730,false,1198,
delayed-feedback,draft06,12300,ProbeRTT,400,551,551,402230,591300,0,0,7375920,7154,551,12155,292730,false,1298,
delayed-feedback,draft06,12400,ProbeRTT,400,551,551,402230,445300,0,0,7375920,7154,551,12155,292730,false,1398,
delayed-feedback,draft06,12430,ProbeRTT,400,551,551,402230,401500,0,12630,14859880,7154,551,12155,292730,false,1428,timer-start;
delayed-feedback,draft06,12500,ProbeRTT,400,551,551,402230,401500,1460,12630,14859880,7154,551,12155,292730,false,1498,
delayed-feedback,draft06,12600,ProbeRTT,400,551,551,402230,401500,1460,12630,14859880,7154,551,12155,292730,false,1598,
delayed-feedback,draft06,12700,ProbeRTT,400,551,551,402230,401500,1460,12630,14859880,7154,551,12155,292730,false,1698,
delayed-feedback,draft06,12800,ProbeRTT,400,551,551,402230,401500,0,12630,14859880,7154,551,12155,292730,false,1798,
delayed-feedback,draft06,12900,ProbeRTT,400,551,551,402230,401500,0,12630,14859880,7154,551,12155,292730,false,1898,
delayed-feedback,draft06,12982,ProbeBW,400,551,551,402230,401500,1460,12630,14859880,7154,551,12982,292730,true,1980,exit;
delayed-feedback,draft06,13000,ProbeBW,400,551,551,402230,401500,1460,12630,14859880,7154,551,12982,292730,true,1980,
delayed-feedback,draft06,13100,ProbeBW,400,551,551,402230,401500,1460,12630,14859880,7154,551,12982,292730,true,1980,
delayed-feedback,draft06,13200,ProbeBW,400,551,551,402230,401500,1460,12630,14859880,7154,551,12982,292730,true,1980,
delayed-feedback,draft06,13300,ProbeBW,400,551,551,402230,465740,1460,12630,14859880,7154,551,12982,292730,true,1980,
delayed-feedback,draft06,13400,ProbeBW,400,551,551,402230,611740,1460,12630,14859880,7154,551,12982,292730,true,1980,
delayed-feedback,draft06,13500,ProbeBW,400,551,551,402230,757740,1460,12630,14859880,7154,551,12982,292730,true,1980,
delayed-feedback,draft06,13600,ProbeBW,400,551,551,402230,804460,1460,12630,14859880,7154,551,12982,292730,true,1980,
delayed-feedback,draft06,13700,ProbeBW,400,551,551,402230,804460,1460,12630,14859880,7154,551,12982,292730,true,1980,
delayed-feedback,draft06,13800,ProbeBW,400,551,551,402230,804460,1460,12630,14859880,7154,551,12982,292730,true,1980,
delayed-feedback,draft06,13900,ProbeBW,400,551,551,402230,804460,1460,12630,14859880,7154,551,12982,292730,true,1980,
delayed-feedback,draft06,14000,ProbeBW,400,551,551,402230,804460,1460,12630,14859880,7154,551,12982,292730,true,1980,
delayed-feedback,draft06,14100,ProbeBW,400,551,551,402230,804460,1460,12630,14859880,7154,551,12982,292730,true,1980,
delayed-feedback,draft06,14200,ProbeBW,400,551,551,402230,804460,1460,12630,14859880,7154,551,12982,292730,true,1980,
delayed-feedback,draft06,14300,ProbeBW,400,551,551,402230,804460,1460,12630,14859880,7154,551,12982,292730,true,1980,
delayed-feedback,draft06,14400,ProbeBW,400,551,551,402230,804460,1460,12630,14859880,7154,551,12982,292730,true,1980,
delayed-feedback,draft06,14500,ProbeBW,400,551,551,402230,804460,1460,12630,14859880,7154,551,12982,292730,true,1980,
delayed-feedback,draft06,14600,ProbeBW,400,551,551,402230,804460,1460,12630,14859880,7154,551,12982,292730,true,1980,
delayed-feedback,draft06,14700,ProbeBW,400,551,551,402230,804460,1460,12630,14859880,7154,551,12982,292730,true,1980,
delayed-feedback,draft06,14800,ProbeBW,400,551,551,402230,804460,1460,12630,14859880,7154,551,12982,292730,true,1980,
delayed-feedback,draft06,14900,ProbeBW,400,551,551,402230,804460,1460,12630,14859880,7154,551,12982,292730,true,1980,
delayed-feedback,draft06,15000,ProbeBW,400,551,551,402230,804460,1460,12630,14859880,7154,551,12982,292730,true,1980,
delayed-feedback,draft06,15100,ProbeBW,400,551,551,402230,804460,1460,12630,14859880,7154,551,12982,292730,true,1980,
delayed-feedback,draft06,15200,ProbeBW,400,551,551,402230,804460,1460,12630,14859880,7154,551,12982,292730,true,1980,
delayed-feedback,draft06,15300,ProbeBW,400,551,551,402230,804460,1460,12630,14859880,7154,551,12982,292730,true,1980,
delayed-feedback,draft06,15400,ProbeBW,400,551,551,402230,804460,1460,12630,14859880,7154,551,12982,292730,true,1980,
delayed-feedback,draft06,15500,ProbeBW,400,551,551,402230,804460,1460,12630,14859880,7154,551,12982,292730,true,1980,
delayed-feedback,draft06,15600,ProbeBW,400,551,551,402230,804460,1460,12630,14859880,7154,551,12982,292730,true,1980,
delayed-feedback,draft06,15700,ProbeBW,400,551,551,402230,804460,1460,12630,14859880,7154,551,12982,292730,true,1980,
delayed-feedback,draft06,15800,ProbeBW,400,551,551,402230,804460,1460,12630,14859880,7154,551,12982,292730,true,1980,
delayed-feedback,draft06,15900,ProbeBW,400,551,551,402230,804460,1460,12630,14859880,7154,551,12982,292730,true,1980,
delayed-feedback,draft06,16000,ProbeBW,400,551,551,402230,804460,1460,12630,14859880,7154,551,12982,292730,true,1980,
delayed-feedback,proposal,1000,ProbeBW,400,0,401,292730,584000,584000,0,0,1000,401,1000,292730,false,0,initial
delayed-feedback,proposal,1100,ProbeBW,400,0,401,292730,730000,584000,0,0,1000,401,1000,292730,false,0,
delayed-feedback,proposal,1200,ProbeBW,400,0,401,292730,876000,584000,0,0,1000,401,1000,292730,false,0,
delayed-feedback,proposal,1300,ProbeBW,400,0,401,292730,1022000,584000,0,0,1000,401,1000,292730,false,0,
delayed-feedback,proposal,1400,ProbeBW,400,0,401,292730,1168000,584000,0,0,1000,401,1000,292730,false,0,
delayed-feedback,proposal,1500,ProbeBW,400,0,401,292730,1170920,440920,0,0,1000,401,1000,292730,false,0,
delayed-feedback,proposal,1600,ProbeBW,400,600,401,292730,1170920,367920,0,0,1000,401,1000,292730,false,0,
delayed-feedback,proposal,1700,ProbeBW,400,700,401,292730,1170920,367920,0,0,1000,401,1000,292730,false,0,
delayed-feedback,proposal,1800,ProbeBW,400,800,401,292730,1170920,367920,0,0,1000,401,1000,292730,false,0,
delayed-feedback,proposal,1900,ProbeBW,400,900,401,292730,1170920,367920,0,0,1000,401,1000,292730,false,0,
delayed-feedback,proposal,2000,ProbeBW,400,950,401,292730,1170920,367920,0,0,1000,401,1000,292730,false,0,
delayed-feedback,proposal,2100,ProbeBW,400,950,401,292730,1170920,367920,0,0,1000,401,1000,292730,false,0,
delayed-feedback,proposal,2200,ProbeBW,400,950,401,292730,1170920,367920,0,0,1000,401,1000,292730,false,0,
delayed-feedback,proposal,2300,ProbeBW,400,950,401,292730,1170920,367920,0,0,1000,401,1000,292730,false,0,
delayed-feedback,proposal,2400,ProbeBW,400,802,401,292730,1170920,367920,0,0,1000,401,1000,292730,false,0,
delayed-feedback,proposal,2500,ProbeBW,400,802,401,292730,1170920,367920,0,0,1000,401,1000,292730,false,0,
delayed-feedback,proposal,2600,ProbeBW,400,802,401,292730,1170920,367920,0,0,1000,401,1000,292730,false,0,
delayed-feedback,proposal,2700,ProbeBW,400,802,401,292730,1170920,367920,0,0,1000,401,1000,292730,false,0,
delayed-feedback,proposal,2800,ProbeBW,400,802,401,292730,1170920,367920,0,0,1000,401,1000,292730,false,0,
delayed-feedback,proposal,2900,ProbeBW,400,802,401,292730,1170920,367920,0,0,1000,401,1000,292730,false,0,
delayed-feedback,proposal,3000,ProbeBW,400,802,401,292730,1170920,367920,0,0,1000,401,1000,292730,false,0,
delayed-feedback,proposal,3100,ProbeBW,400,802,401,292730,1170920,367920,0,0,1000,401,1000,292730,false,0,
delayed-feedback,proposal,3200,ProbeBW,400,802,401,292730,1170920,367920,0,0,1000,401,1000,292730,false,0,
delayed-feedback,proposal,3300,ProbeBW,400,802,401,292730,1170920,367920,0,0,1000,401,1000,292730,false,0,
delayed-feedback,proposal,3400,ProbeBW,400,802,401,292730,1170920,367920,0,0,1000,401,1000,292730,false,0,
delayed-feedback,proposal,3500,ProbeBW,400,802,401,292730,1170920,367920,0,0,1000,401,1000,292730,false,0,
delayed-feedback,proposal,3600,ProbeBW,400,802,401,292730,1170920,367920,0,0,1000,401,1000,292730,false,0,
delayed-feedback,proposal,3700,ProbeBW,400,802,401,292730,1170920,367920,0,0,1000,401,1000,292730,false,0,
delayed-feedback,proposal,3800,ProbeBW,400,802,401,292730,1170920,367920,0,0,1000,401,1000,292730,false,0,
delayed-feedback,proposal,3900,ProbeBW,400,802,401,292730,1170920,367920,0,0,1000,401,1000,292730,false,0,
delayed-feedback,proposal,4000,ProbeBW,400,802,401,292730,1170920,367920,0,0,1000,401,1000,292730,false,0,
delayed-feedback,proposal,4100,ProbeBW,400,802,401,292730,1170920,367920,0,0,1000,401,1000,292730,false,0,
delayed-feedback,proposal,4200,ProbeBW,400,802,401,292730,1170920,367920,0,0,1000,401,1000,292730,false,0,
delayed-feedback,proposal,4300,ProbeBW,400,802,401,292730,1170920,367920,0,0,1000,401,1000,292730,false,0,
delayed-feedback,proposal,4400,ProbeBW,400,802,401,292730,1170920,367920,0,0,1000,401,1000,292730,false,0,
delayed-feedback,proposal,4500,ProbeBW,400,802,401,292730,1170920,367920,0,0,1000,401,1000,292730,false,0,
delayed-feedback,proposal,4600,ProbeBW,400,802,401,292730,1170920,367920,0,0,1000,401,1000,292730,false,0,
delayed-feedback,proposal,4700,ProbeBW,400,802,401,292730,1170920,367920,0,0,1000,401,1000,292730,false,0,
delayed-feedback,proposal,4800,ProbeBW,400,802,401,292730,1170920,367920,0,0,1000,401,1000,292730,false,0,
delayed-feedback,proposal,4900,ProbeBW,400,802,401,292730,1170920,367920,0,0,1000,401,1000,292730,false,0,
delayed-feedback,proposal,5000,ProbeBW,400,802,401,292730,1170920,367920,0,0,1000,401,1000,292730,false,0,
delayed-feedback,proposal,5100,ProbeBW,400,802,401,292730,1170920,367920,0,0,1000,401,1000,292730,false,0,
delayed-feedback,proposal,5200,ProbeBW,400,802,401,292730,1170920,367920,0,0,1000,401,1000,292730,false,0,
delayed-feedback,proposal,5300,ProbeBW,400,802,401,292730,1170920,367920,0,0,1000,401,1000,292730,false,0,
delayed-feedback,proposal,5400,ProbeBW,400,802,401,292730,1170920,367920,0,0,1000,401,1000,292730,false,0,
delayed-feedback,proposal,5500,ProbeBW,400,802,401,292730,1170920,367920,0,0,1000,401,1000,292730,false,0,
delayed-feedback,proposal,5600,ProbeBW,400,802,401,292730,1170920,367920,0,0,1000,401,1000,292730,false,0,
delayed-feedback,proposal,5700,ProbeBW,400,802,401,292730,1170920,367920,0,0,1000,401,1000,292730,false,0,
delayed-feedback,proposal,5800,ProbeBW,400,802,401,292730,1170920,367920,0,0,1000,401,1000,292730,false,0,
delayed-feedback,proposal,5900,ProbeBW,400,802,401,292730,1170920,367920,0,0,1000,401,1000,292730,false,0,
delayed-feedback,proposal,6000,ProbeBW,400,802,401,292730,1170920,367920,0,0,1000,401,1000,292730,false,0,
delayed-feedback,proposal,6100,ProbeBW,400,802,401,292730,1170920,367920,0,0,1000,401,1000,292730,false,0,
delayed-feedback,proposal,6200,ProbeBW,400,802,401,292730,1170920,367920,0,0,1000,401,1000,292730,false,0,
delayed-feedback,proposal,6300,ProbeBW,400,802,401,292730,1170920,367920,0,0,1000,401,1000,292730,false,0,
delayed-feedback,proposal,6400,ProbeBW,400,802,401,292730,1170920,367920,0,0,1000,401,1000,292730,false,0,
delayed-feedback,proposal,6500,ProbeBW,400,802,401,292730,1170920,367920,0,0,1000,401,1000,292730,false,0,
delayed-feedback,proposal,6600,ProbeBW,400,802,401,292730,1170920,367920,0,0,1000,401,1000,292730,false,0,
delayed-feedback,proposal,6700,ProbeBW,400,802,401,292730,1170920,367920,0,0,1000,401,1000,292730,false,0,
delayed-feedback,proposal,6800,ProbeBW,400,802,401,292730,1170920,367920,0,0,1000,401,1000,292730,false,0,
delayed-feedback,proposal,6900,ProbeBW,400,802,401,292730,1170920,367920,0,0,1000,401,1000,292730,false,0,
delayed-feedback,proposal,7000,ProbeBW,400,802,401,292730,1170920,367920,0,0,1000,401,1000,292730,false,0,
delayed-feedback,proposal,7100,ProbeBW,400,802,401,292730,1170920,367920,0,0,1000,401,1000,292730,false,0,
delayed-feedback,proposal,7200,ProbeBW,400,802,401,292730,1170920,367920,0,0,1000,401,1000,292730,false,0,
delayed-feedback,proposal,7300,ProbeBW,400,802,401,292730,1170920,367920,0,0,1000,401,1000,292730,false,0,
delayed-feedback,proposal,7400,ProbeBW,400,802,401,292730,1170920,367920,0,0,1000,401,1000,292730,false,0,
delayed-feedback,proposal,7500,ProbeBW,400,802,401,292730,1170920,367920,0,0,1000,401,1000,292730,false,0,
delayed-feedback,proposal,7600,ProbeBW,400,802,401,292730,1170920,367920,0,0,1000,401,1000,292730,false,0,
delayed-feedback,proposal,7700,ProbeBW,400,802,401,292730,1170920,367920,0,0,1000,401,1000,292730,false,0,
delayed-feedback,proposal,7800,ProbeBW,400,802,401,292730,1170920,367920,0,0,1000,401,1000,292730,false,0,
delayed-feedback,proposal,7900,ProbeBW,400,802,401,292730,1170920,367920,0,0,1000,401,1000,292730,false,0,
delayed-feedback,proposal,8000,ProbeBW,400,802,401,292730,1170920,367920,0,0,1000,401,1000,292730,false,0,
delayed-feedback,proposal,8100,ProbeBW,400,802,401,292730,1170920,367920,0,0,1000,401,1000,292730,false,0,
delayed-feedback,proposal,8200,ProbeBW,400,802,401,292730,1170920,367920,0,0,1000,401,1000,292730,false,0,
delayed-feedback,proposal,8300,ProbeBW,400,802,401,292730,1170920,367920,0,0,1000,401,1000,292730,false,0,
delayed-feedback,proposal,8400,ProbeBW,400,802,401,292730,1170920,367920,0,0,1000,401,1000,292730,false,0,
delayed-feedback,proposal,8500,ProbeBW,400,802,401,292730,1170920,367920,0,0,1000,401,1000,292730,false,0,
delayed-feedback,proposal,8600,ProbeBW,400,802,401,292730,1170920,367920,0,0,1000,401,1000,292730,false,0,
delayed-feedback,proposal,8700,ProbeBW,400,802,401,292730,1170920,367920,0,0,1000,401,1000,292730,false,0,
delayed-feedback,proposal,8800,ProbeBW,400,802,401,292730,1170920,367920,0,0,1000,401,1000,292730,false,0,
delayed-feedback,proposal,8900,ProbeBW,400,802,401,292730,1170920,367920,0,0,1000,401,1000,292730,false,0,
delayed-feedback,proposal,9000,ProbeBW,400,802,401,292730,1170920,367920,0,0,1000,401,1000,292730,false,0,
delayed-feedback,proposal,9100,ProbeBW,400,802,401,292730,1170920,367920,0,0,1000,401,1000,292730,false,0,
delayed-feedback,proposal,9200,ProbeBW,400,802,401,292730,1170920,367920,0,0,1000,401,1000,292730,false,0,
delayed-feedback,proposal,9300,ProbeBW,400,802,401,292730,1170920,367920,0,0,1000,401,1000,292730,false,0,
delayed-feedback,proposal,9400,ProbeBW,400,802,401,292730,1170920,367920,0,0,1000,401,1000,292730,false,0,
delayed-feedback,proposal,9500,ProbeBW,400,802,401,292730,1170920,367920,0,0,1000,401,1000,292730,false,0,
delayed-feedback,proposal,9600,ProbeBW,400,802,401,292730,1170920,367920,0,0,1000,401,1000,292730,false,0,
delayed-feedback,proposal,9700,ProbeBW,400,802,401,292730,1170920,367920,0,0,1000,401,1000,292730,false,0,
delayed-feedback,proposal,9800,ProbeBW,400,802,401,292730,1170920,367920,0,0,1000,401,1000,292730,false,0,
delayed-feedback,proposal,9900,ProbeBW,400,802,401,292730,1170920,367920,0,0,1000,401,1000,292730,false,0,
delayed-feedback,proposal,10000,ProbeBW,400,802,401,292730,1170920,367920,0,0,1000,401,1000,292730,false,0,
delayed-feedback,proposal,10100,ProbeBW,400,802,401,292730,1170920,367920,0,0,1000,401,1000,292730,false,0,
delayed-feedback,proposal,10200,ProbeBW,400,802,401,292730,1170920,367920,0,0,1000,401,1000,292730,false,0,
delayed-feedback,proposal,10300,ProbeBW,400,802,401,292730,1170920,367920,0,0,1000,401,1000,292730,false,0,
delayed-feedback,proposal,10400,ProbeBW,400,802,401,292730,1170920,367920,0,0,1000,401,1000,292730,false,0,
delayed-feedback,proposal,10500,ProbeBW,400,802,401,292730,1170920,367920,0,0,1000,401,1000,292730,false,0,
delayed-feedback,proposal,10600,ProbeBW,400,802,401,292730,1170920,367920,0,0,1000,401,1000,292730,false,0,
delayed-feedback,proposal,10700,ProbeBW,400,802,401,292730,1170920,367920,0,0,1000,401,1000,292730,false,0,
delayed-feedback,proposal,10800,ProbeBW,400,802,401,292730,1170920,367920,0,0,1000,401,1000,292730,false,0,
delayed-feedback,proposal,10900,ProbeBW,400,802,401,292730,1170920,367920,0,0,1000,401,1000,292730,false,0,
delayed-feedback,proposal,11000,ProbeBW,400,802,401,292730,1170920,367920,0,0,1000,401,1000,292730,false,0,
delayed-feedback,proposal,11001,ProbeRTT,400,802,802,292730,1169460,366460,0,0,11001,401,1000,292730,false,0,enter;
delayed-feedback,proposal,11100,ProbeRTT,400,802,802,292730,1024920,221920,0,0,11100,401,1000,292730,false,99,
delayed-feedback,proposal,11200,ProbeRTT,400,802,802,292730,878920,75920,0,0,11200,401,1000,292730,false,199,
delayed-feedback,proposal,11300,ProbeRTT,400,802,802,292730,732920,0,0,0,11300,401,1000,292730,false,299,
delayed-feedback,proposal,11400,ProbeRTT,400,802,802,292730,586920,0,0,0,11400,401,1000,292730,false,399,
delayed-feedback,proposal,11500,ProbeRTT,400,802,802,292730,440920,0,0,0,11500,401,1000,292730,false,499,
delayed-feedback,proposal,11600,ProbeRTT,400,802,802,292730,294920,0,0,0,11600,401,1000,292730,false,599,
delayed-feedback,proposal,11602,ProbeRTT,400,802,802,292730,292000,0,11802,14675920,11602,401,1000,292730,false,601,timer-start;
delayed-feedback,proposal,11700,ProbeRTT,400,802,802,292730,292000,1460,11802,14675920,11700,401,1000,292730,false,699,
delayed-feedback,proposal,11800,ProbeRTT,400,802,802,292730,292000,1460,11802,14675920,11800,401,1000,292730,false,799,
delayed-feedback,proposal,11900,ProbeRTT,400,802,802,292730,292000,0,11802,14675920,11802,401,1000,292730,false,899,
delayed-feedback,proposal,12000,ProbeRTT,400,802,802,292730,292000,0,11802,14675920,11802,401,1000,292730,false,999,
delayed-feedback,proposal,12100,ProbeRTT,400,802,802,292730,292000,0,11802,14675920,11802,401,1000,292730,false,1099,
delayed-feedback,proposal,12154,ProbeBW,400,551,551,292730,292000,1460,11802,14675920,12154,401,1000,292730,true,1153,exit;
delayed-feedback,proposal,12200,ProbeBW,400,551,551,292730,292000,1460,11802,14675920,12200,401,1000,292730,true,1153,
delayed-feedback,proposal,12300,ProbeBW,400,551,551,292730,292000,1460,11802,14675920,12300,401,1000,292730,true,1153,
delayed-feedback,proposal,12400,ProbeBW,400,551,551,292730,360620,1460,11802,14675920,12353,401,1000,292730,true,1153,
delayed-feedback,proposal,12500,ProbeBW,400,551,551,292730,506620,1460,11802,14675920,12353,401,1000,292730,true,1153,
delayed-feedback,proposal,12600,ProbeBW,400,551,551,292730,652620,1460,11802,14675920,12353,401,1000,292730,true,1153,
delayed-feedback,proposal,12700,ProbeBW,400,551,551,292730,798620,1460,11802,14675920,12353,401,1000,292730,true,1153,
delayed-feedback,proposal,12800,ProbeBW,400,551,551,292730,804460,1460,11802,14675920,12800,401,1000,292730,true,1153,
delayed-feedback,proposal,12900,ProbeBW,400,551,551,292730,804460,1460,11802,14675920,12900,401,1000,292730,true,1153,
delayed-feedback,proposal,13000,ProbeBW,400,551,551,292730,804460,1460,11802,14675920,13000,401,1000,292730,true,1153,
delayed-feedback,proposal,13100,ProbeBW,400,551,551,292730,804460,1460,11802,14675920,13100,401,1000,292730,true,1153,
delayed-feedback,proposal,13200,ProbeBW,400,551,551,292730,804460,1460,11802,14675920,13200,401,1000,292730,true,1153,
delayed-feedback,proposal,13300,ProbeBW,400,551,551,292730,804460,1460,11802,14675920,13300,401,1000,292730,true,1153,
delayed-feedback,proposal,13400,ProbeBW,400,551,551,292730,804460,1460,11802,14675920,13400,401,1000,292730,true,1153,
delayed-feedback,proposal,13500,ProbeBW,400,551,551,292730,804460,1460,11802,14675920,13500,401,1000,292730,true,1153,
delayed-feedback,proposal,13600,ProbeBW,400,551,551,292730,804460,1460,11802,14675920,13600,401,1000,292730,true,1153,
delayed-feedback,proposal,13700,ProbeBW,400,551,551,292730,804460,1460,11802,14675920,13700,401,1000,292730,true,1153,
delayed-feedback,proposal,13800,ProbeBW,400,551,551,292730,804460,1460,11802,14675920,13800,401,1000,292730,true,1153,
delayed-feedback,proposal,13900,ProbeBW,400,551,551,292730,804460,1460,11802,14675920,13900,401,1000,292730,true,1153,
delayed-feedback,proposal,14000,ProbeBW,400,551,551,292730,804460,1460,11802,14675920,14000,401,1000,292730,true,1153,
delayed-feedback,proposal,14100,ProbeBW,400,551,551,292730,804460,1460,11802,14675920,14100,401,1000,292730,true,1153,
delayed-feedback,proposal,14200,ProbeBW,400,551,551,292730,804460,1460,11802,14675920,14200,401,1000,292730,true,1153,
delayed-feedback,proposal,14300,ProbeBW,400,551,551,292730,804460,1460,11802,14675920,14300,401,1000,292730,true,1153,
delayed-feedback,proposal,14400,ProbeBW,400,551,551,292730,804460,1460,11802,14675920,14400,401,1000,292730,true,1153,
delayed-feedback,proposal,14500,ProbeBW,400,551,551,292730,804460,1460,11802,14675920,14500,401,1000,292730,true,1153,
delayed-feedback,proposal,14600,ProbeBW,400,551,551,292730,804460,1460,11802,14675920,14600,401,1000,292730,true,1153,
delayed-feedback,proposal,14700,ProbeBW,400,551,551,292730,804460,1460,11802,14675920,14700,401,1000,292730,true,1153,
delayed-feedback,proposal,14800,ProbeBW,400,551,551,292730,804460,1460,11802,14675920,14800,401,1000,292730,true,1153,
delayed-feedback,proposal,14900,ProbeBW,400,551,551,292730,804460,1460,11802,14675920,14900,401,1000,292730,true,1153,
delayed-feedback,proposal,15000,ProbeBW,400,551,551,292730,804460,1460,11802,14675920,15000,401,1000,292730,true,1153,
delayed-feedback,proposal,15100,ProbeBW,400,551,551,292730,804460,1460,11802,14675920,15100,401,1000,292730,true,1153,
delayed-feedback,proposal,15200,ProbeBW,400,551,551,292730,804460,1460,11802,14675920,15200,401,1000,292730,true,1153,
delayed-feedback,proposal,15300,ProbeBW,400,551,551,292730,804460,1460,11802,14675920,15300,401,1000,292730,true,1153,
delayed-feedback,proposal,15400,ProbeBW,400,551,551,292730,804460,1460,11802,14675920,15400,401,1000,292730,true,1153,
delayed-feedback,proposal,15500,ProbeBW,400,551,551,292730,804460,1460,11802,14675920,15500,401,1000,292730,true,1153,
delayed-feedback,proposal,15600,ProbeBW,400,551,551,292730,804460,1460,11802,14675920,15600,401,1000,292730,true,1153,
delayed-feedback,proposal,15700,ProbeBW,400,551,551,292730,804460,1460,11802,14675920,15700,401,1000,292730,true,1153,
delayed-feedback,proposal,15800,ProbeBW,400,551,551,292730,804460,1460,11802,14675920,15800,401,1000,292730,true,1153,
delayed-feedback,proposal,15900,ProbeBW,400,551,551,292730,804460,1460,11802,14675920,15900,401,1000,292730,true,1153,
delayed-feedback,proposal,16000,ProbeBW,400,551,551,292730,804460,1460,11802,14675920,16000,401,1000,292730,true,1153,
delayed-feedback,quiche,1000,ProbeBW,400,0,401,292730,584000,584000,0,0,1000,401,1000,292730,false,0,initial
delayed-feedback,quiche,1100,ProbeBW,400,0,401,292730,730000,584000,0,0,1000,401,1000,292730,false,0,
delayed-feedback,quiche,1200,ProbeBW,400,0,401,292730,876000,584000,0,0,1000,401,1000,292730,false,0,
delayed-feedback,quiche,1300,ProbeBW,400,0,401,292730,1022000,584000,0,0,1000,401,1000,292730,false,0,
delayed-feedback,quiche,1400,ProbeBW,400,0,401,292730,1168000,584000,0,0,1000,401,1000,292730,false,0,
delayed-feedback,quiche,1500,ProbeBW,400,0,401,292730,1170920,440920,0,0,1000,401,1000,292730,false,0,
delayed-feedback,quiche,1600,ProbeBW,400,600,401,292730,1170920,367920,0,0,1000,401,1000,292730,false,0,
delayed-feedback,quiche,1700,ProbeBW,400,700,401,292730,1170920,367920,0,0,1000,401,1000,292730,false,0,
delayed-feedback,quiche,1800,ProbeBW,400,800,401,292730,1170920,367920,0,0,1000,401,1000,292730,false,0,
delayed-feedback,quiche,1900,ProbeBW,400,900,401,292730,1170920,367920,0,0,1000,401,1000,292730,false,0,
delayed-feedback,quiche,2000,ProbeBW,400,950,401,292730,1170920,367920,0,0,1000,401,1000,292730,false,0,
delayed-feedback,quiche,2100,ProbeBW,400,950,401,292730,1170920,367920,0,0,1000,401,1000,292730,false,0,
delayed-feedback,quiche,2200,ProbeBW,400,950,401,292730,1170920,367920,0,0,1000,401,1000,292730,false,0,
delayed-feedback,quiche,2300,ProbeBW,400,950,401,292730,1170920,367920,0,0,1000,401,1000,292730,false,0,
delayed-feedback,quiche,2400,ProbeBW,400,802,401,292730,1170920,367920,0,0,1000,401,1000,292730,false,0,
delayed-feedback,quiche,2500,ProbeBW,400,802,401,292730,1170920,367920,0,0,1000,401,1000,292730,false,0,
delayed-feedback,quiche,2600,ProbeBW,400,802,401,292730,1170920,367920,0,0,1000,401,1000,292730,false,0,
delayed-feedback,quiche,2700,ProbeBW,400,802,401,292730,1170920,367920,0,0,1000,401,1000,292730,false,0,
delayed-feedback,quiche,2800,ProbeBW,400,802,401,292730,1170920,367920,0,0,1000,401,1000,292730,false,0,
delayed-feedback,quiche,2900,ProbeBW,400,802,401,292730,1170920,367920,0,0,1000,401,1000,292730,false,0,
delayed-feedback,quiche,3000,ProbeBW,400,802,401,292730,1170920,367920,0,0,1000,401,1000,292730,false,0,
delayed-feedback,quiche,3100,ProbeBW,400,802,401,292730,1170920,367920,0,0,1000,401,1000,292730,false,0,
delayed-feedback,quiche,3200,ProbeBW,400,802,401,292730,1170920,367920,0,0,1000,401,1000,292730,false,0,
delayed-feedback,quiche,3300,ProbeBW,400,802,401,292730,1170920,367920,0,0,1000,401,1000,292730,false,0,
delayed-feedback,quiche,3400,ProbeBW,400,802,401,292730,1170920,367920,0,0,1000,401,1000,292730,false,0,
delayed-feedback,quiche,3500,ProbeBW,400,802,401,292730,1170920,367920,0,0,1000,401,1000,292730,false,0,
delayed-feedback,quiche,3600,ProbeBW,400,802,401,292730,1170920,367920,0,0,1000,401,1000,292730,false,0,
delayed-feedback,quiche,3700,ProbeBW,400,802,401,292730,1170920,367920,0,0,1000,401,1000,292730,false,0,
delayed-feedback,quiche,3800,ProbeBW,400,802,401,292730,1170920,367920,0,0,1000,401,1000,292730,false,0,
delayed-feedback,quiche,3900,ProbeBW,400,802,401,292730,1170920,367920,0,0,1000,401,1000,292730,false,0,
delayed-feedback,quiche,4000,ProbeBW,400,802,401,292730,1170920,367920,0,0,1000,401,1000,292730,false,0,
delayed-feedback,quiche,4100,ProbeBW,400,802,401,292730,1170920,367920,0,0,1000,401,1000,292730,false,0,
delayed-feedback,quiche,4200,ProbeBW,400,802,401,292730,1170920,367920,0,0,1000,401,1000,292730,false,0,
delayed-feedback,quiche,4300,ProbeBW,400,802,401,292730,1170920,367920,0,0,1000,401,1000,292730,false,0,
delayed-feedback,quiche,4400,ProbeBW,400,802,401,292730,1170920,367920,0,0,1000,401,1000,292730,false,0,
delayed-feedback,quiche,4500,ProbeBW,400,802,401,292730,1170920,367920,0,0,1000,401,1000,292730,false,0,
delayed-feedback,quiche,4600,ProbeBW,400,802,401,292730,1170920,367920,0,0,1000,401,1000,292730,false,0,
delayed-feedback,quiche,4700,ProbeBW,400,802,401,292730,1170920,367920,0,0,1000,401,1000,292730,false,0,
delayed-feedback,quiche,4800,ProbeBW,400,802,401,292730,1170920,367920,0,0,1000,401,1000,292730,false,0,
delayed-feedback,quiche,4900,ProbeBW,400,802,401,292730,1170920,367920,0,0,1000,401,1000,292730,false,0,
delayed-feedback,quiche,5000,ProbeBW,400,802,401,292730,1170920,367920,0,0,1000,401,1000,292730,false,0,
delayed-feedback,quiche,5100,ProbeBW,400,802,401,292730,1170920,367920,0,0,1000,401,1000,292730,false,0,
delayed-feedback,quiche,5200,ProbeBW,400,802,401,292730,1170920,367920,0,0,1000,401,1000,292730,false,0,
delayed-feedback,quiche,5300,ProbeBW,400,802,401,292730,1170920,367920,0,0,1000,401,1000,292730,false,0,
delayed-feedback,quiche,5400,ProbeBW,400,802,401,292730,1170920,367920,0,0,1000,401,1000,292730,false,0,
delayed-feedback,quiche,5500,ProbeBW,400,802,401,292730,1170920,367920,0,0,1000,401,1000,292730,false,0,
delayed-feedback,quiche,5600,ProbeBW,400,802,401,292730,1170920,367920,0,0,1000,401,1000,292730,false,0,
delayed-feedback,quiche,5700,ProbeBW,400,802,401,292730,1170920,367920,0,0,1000,401,1000,292730,false,0,
delayed-feedback,quiche,5800,ProbeBW,400,802,401,292730,1170920,367920,0,0,1000,401,1000,292730,false,0,
delayed-feedback,quiche,5900,ProbeBW,400,802,401,292730,1170920,367920,0,0,1000,401,1000,292730,false,0,
delayed-feedback,quiche,6000,ProbeBW,400,802,401,292730,1170920,367920,0,0,1000,401,1000,292730,false,0,
delayed-feedback,quiche,6100,ProbeBW,400,802,401,292730,1170920,367920,0,0,1000,401,1000,292730,false,0,
delayed-feedback,quiche,6200,ProbeBW,400,802,401,292730,1170920,367920,0,0,1000,401,1000,292730,false,0,
delayed-feedback,quiche,6300,ProbeBW,400,802,401,292730,1170920,367920,0,0,1000,401,1000,292730,false,0,
delayed-feedback,quiche,6400,ProbeBW,400,802,401,292730,1170920,367920,0,0,1000,401,1000,292730,false,0,
delayed-feedback,quiche,6500,ProbeBW,400,802,401,292730,1170920,367920,0,0,1000,401,1000,292730,false,0,
delayed-feedback,quiche,6600,ProbeBW,400,802,401,292730,1170920,367920,0,0,1000,401,1000,292730,false,0,
delayed-feedback,quiche,6700,ProbeBW,400,802,401,292730,1170920,367920,0,0,1000,401,1000,292730,false,0,
delayed-feedback,quiche,6800,ProbeBW,400,802,401,292730,1170920,367920,0,0,1000,401,1000,292730,false,0,
delayed-feedback,quiche,6900,ProbeBW,400,802,401,292730,1170920,367920,0,0,1000,401,1000,292730,false,0,
delayed-feedback,quiche,7000,ProbeBW,400,802,401,292730,1170920,367920,0,0,1000,401,1000,292730,false,0,
delayed-feedback,quiche,7100,ProbeBW,400,802,401,292730,1170920,367920,0,0,1000,401,1000,292730,false,0,
delayed-feedback,quiche,7200,ProbeBW,400,802,401,292730,1170920,367920,0,0,1000,401,1000,292730,false,0,
delayed-feedback,quiche,7300,ProbeBW,400,802,401,292730,1170920,367920,0,0,1000,401,1000,292730,false,0,
delayed-feedback,quiche,7400,ProbeBW,400,802,401,292730,1170920,367920,0,0,1000,401,1000,292730,false,0,
delayed-feedback,quiche,7500,ProbeBW,400,802,401,292730,1170920,367920,0,0,1000,401,1000,292730,false,0,
delayed-feedback,quiche,7600,ProbeBW,400,802,401,292730,1170920,367920,0,0,1000,401,1000,292730,false,0,
delayed-feedback,quiche,7700,ProbeBW,400,802,401,292730,1170920,367920,0,0,1000,401,1000,292730,false,0,
delayed-feedback,quiche,7800,ProbeBW,400,802,401,292730,1170920,367920,0,0,1000,401,1000,292730,false,0,
delayed-feedback,quiche,7900,ProbeBW,400,802,401,292730,1170920,367920,0,0,1000,401,1000,292730,false,0,
delayed-feedback,quiche,8000,ProbeBW,400,802,401,292730,1170920,367920,0,0,1000,401,1000,292730,false,0,
delayed-feedback,quiche,8100,ProbeBW,400,802,401,292730,1170920,367920,0,0,1000,401,1000,292730,false,0,
delayed-feedback,quiche,8200,ProbeBW,400,802,401,292730,1170920,367920,0,0,1000,401,1000,292730,false,0,
delayed-feedback,quiche,8300,ProbeBW,400,802,401,292730,1170920,367920,0,0,1000,401,1000,292730,false,0,
delayed-feedback,quiche,8400,ProbeBW,400,802,401,292730,1170920,367920,0,0,1000,401,1000,292730,false,0,
delayed-feedback,quiche,8500,ProbeBW,400,802,401,292730,1170920,367920,0,0,1000,401,1000,292730,false,0,
delayed-feedback,quiche,8600,ProbeBW,400,802,401,292730,1170920,367920,0,0,1000,401,1000,292730,false,0,
delayed-feedback,quiche,8700,ProbeBW,400,802,401,292730,1170920,367920,0,0,1000,401,1000,292730,false,0,
delayed-feedback,quiche,8800,ProbeBW,400,802,401,292730,1170920,367920,0,0,1000,401,1000,292730,false,0,
delayed-feedback,quiche,8900,ProbeBW,400,802,401,292730,1170920,367920,0,0,1000,401,1000,292730,false,0,
delayed-feedback,quiche,9000,ProbeBW,400,802,401,292730,1170920,367920,0,0,1000,401,1000,292730,false,0,
delayed-feedback,quiche,9100,ProbeBW,400,802,401,292730,1170920,367920,0,0,1000,401,1000,292730,false,0,
delayed-feedback,quiche,9200,ProbeBW,400,802,401,292730,1170920,367920,0,0,1000,401,1000,292730,false,0,
delayed-feedback,quiche,9300,ProbeBW,400,802,401,292730,1170920,367920,0,0,1000,401,1000,292730,false,0,
delayed-feedback,quiche,9400,ProbeBW,400,802,401,292730,1170920,367920,0,0,1000,401,1000,292730,false,0,
delayed-feedback,quiche,9500,ProbeBW,400,802,401,292730,1170920,367920,0,0,1000,401,1000,292730,false,0,
delayed-feedback,quiche,9600,ProbeBW,400,802,401,292730,1170920,367920,0,0,1000,401,1000,292730,false,0,
delayed-feedback,quiche,9700,ProbeBW,400,802,401,292730,1170920,367920,0,0,1000,401,1000,292730,false,0,
delayed-feedback,quiche,9800,ProbeBW,400,802,401,292730,1170920,367920,0,0,1000,401,1000,292730,false,0,
delayed-feedback,quiche,9900,ProbeBW,400,802,401,292730,1170920,367920,0,0,1000,401,1000,292730,false,0,
delayed-feedback,quiche,10000,ProbeBW,400,802,401,292730,1170920,367920,0,0,1000,401,1000,292730,false,0,
delayed-feedback,quiche,10100,ProbeBW,400,802,401,292730,1170920,367920,0,0,1000,401,1000,292730,false,0,
delayed-feedback,quiche,10200,ProbeBW,400,802,401,292730,1170920,367920,0,0,1000,401,1000,292730,false,0,
delayed-feedback,quiche,10300,ProbeBW,400,802,401,292730,1170920,367920,0,0,1000,401,1000,292730,false,0,
delayed-feedback,quiche,10400,ProbeBW,400,802,401,292730,1170920,367920,0,0,1000,401,1000,292730,false,0,
delayed-feedback,quiche,10500,ProbeBW,400,802,401,292730,1170920,367920,0,0,1000,401,1000,292730,false,0,
delayed-feedback,quiche,10600,ProbeBW,400,802,401,292730,1170920,367920,0,0,1000,401,1000,292730,false,0,
delayed-feedback,quiche,10700,ProbeBW,400,802,401,292730,1170920,367920,0,0,1000,401,1000,292730,false,0,
delayed-feedback,quiche,10800,ProbeBW,400,802,401,292730,1170920,367920,0,0,1000,401,1000,292730,false,0,
delayed-feedback,quiche,10900,ProbeBW,400,802,401,292730,1170920,367920,0,0,1000,401,1000,292730,false,0,
delayed-feedback,quiche,11000,ProbeRTT,400,802,802,585460,1169460,366460,0,0,11000,401,1000,292730,false,0,enter;
delayed-feedback,quiche,11100,ProbeRTT,400,802,802,585460,1023460,220460,0,0,11000,401,1000,292730,false,100,
delayed-feedback,quiche,11200,ProbeRTT,400,802,802,585460,877460,74460,0,0,11000,401,1000,292730,false,200,
delayed-feedback,quiche,11300,ProbeRTT,400,802,802,585460,731460,0,0,0,11000,401,1000,292730,false,300,
delayed-feedback,quiche,11400,ProbeRTT,400,802,802,585460,585460,0,11600,14381000,11000,401,1000,292730,false,400,timer-start;
delayed-feedback,quiche,11500,ProbeRTT,400,802,802,585460,585460,1460,11600,14381000,11000,401,1000,292730,false,500,
delayed-feedback,quiche,11600,ProbeRTT,400,802,802,585460,585460,1460,11600,14381000,11000,401,1000,292730,false,600,
delayed-feedback,quiche,11601,ProbeBW,400,802,802,585460,585460,1460,11600,14381000,11000,401,1000,292730,false,601,exit;
delayed-feedback,quiche,11700,ProbeBW,400,802,802,585460,585460,1460,11600,14381000,11000,401,1000,292730,false,601,
delayed-feedback,quiche,11800,ProbeBW,400,802,802,585460,585460,1460,11600,14381000,11000,401,1000,292730,false,601,
delayed-feedback,quiche,11900,ProbeBW,400,802,802,585460,730000,1460,11600,14381000,11000,401,1000,292730,false,601,
delayed-feedback,quiche,11952,ProbeBW,400,551,551,402230,804460,1460,11600,14381000,11952,401,1000,292730,false,601,minimum changed;
delayed-feedback,quiche,12000,ProbeBW,400,551,551,402230,804460,1460,11600,14381000,11952,401,1000,292730,false,601,
delayed-feedback,quiche,12100,ProbeBW,400,551,551,402230,804460,1460,11600,14381000,11952,401,1000,292730,false,601,
delayed-feedback,quiche,12200,ProbeBW,400,551,551,402230,804460,1460,11600,14381000,11952,401,1000,292730,false,601,
delayed-feedback,quiche,12300,ProbeBW,400,551,551,402230,804460,1460,11600,14381000,11952,401,1000,292730,false,601,
delayed-feedback,quiche,12400,ProbeBW,400,551,551,402230,804460,1460,11600,14381000,11952,401,1000,292730,false,601,
delayed-feedback,quiche,12500,ProbeBW,400,551,551,402230,804460,1460,11600,14381000,11952,401,1000,292730,false,601,
delayed-feedback,quiche,12600,ProbeBW,400,551,551,402230,804460,1460,11600,14381000,11952,401,1000,292730,false,601,
delayed-feedback,quiche,12700,ProbeBW,400,551,551,402230,804460,1460,11600,14381000,11952,401,1000,292730,false,601,
delayed-feedback,quiche,12800,ProbeBW,400,551,551,402230,804460,1460,11600,14381000,11952,401,1000,292730,false,601,
delayed-feedback,quiche,12900,ProbeBW,400,551,551,402230,804460,1460,11600,14381000,11952,401,1000,292730,false,601,
delayed-feedback,quiche,13000,ProbeBW,400,551,551,402230,804460,1460,11600,14381000,11952,401,1000,292730,false,601,
delayed-feedback,quiche,13100,ProbeBW,400,551,551,402230,804460,1460,11600,14381000,11952,401,1000,292730,false,601,
delayed-feedback,quiche,13200,ProbeBW,400,551,551,402230,804460,1460,11600,14381000,11952,401,1000,292730,false,601,
delayed-feedback,quiche,13300,ProbeBW,400,551,551,402230,804460,1460,11600,14381000,11952,401,1000,292730,false,601,
delayed-feedback,quiche,13400,ProbeBW,400,551,551,402230,804460,1460,11600,14381000,11952,401,1000,292730,false,601,
delayed-feedback,quiche,13500,ProbeBW,400,551,551,402230,804460,1460,11600,14381000,11952,401,1000,292730,false,601,
delayed-feedback,quiche,13600,ProbeBW,400,551,551,402230,804460,1460,11600,14381000,11952,401,1000,292730,false,601,
delayed-feedback,quiche,13700,ProbeBW,400,551,551,402230,804460,1460,11600,14381000,11952,401,1000,292730,false,601,
delayed-feedback,quiche,13800,ProbeBW,400,551,551,402230,804460,1460,11600,14381000,11952,401,1000,292730,false,601,
delayed-feedback,quiche,13900,ProbeBW,400,551,551,402230,804460,1460,11600,14381000,11952,401,1000,292730,false,601,
delayed-feedback,quiche,14000,ProbeBW,400,551,551,402230,804460,1460,11600,14381000,11952,401,1000,292730,false,601,
delayed-feedback,quiche,14100,ProbeBW,400,551,551,402230,804460,1460,11600,14381000,11952,401,1000,292730,false,601,
delayed-feedback,quiche,14200,ProbeBW,400,551,551,402230,804460,1460,11600,14381000,11952,401,1000,292730,false,601,
delayed-feedback,quiche,14300,ProbeBW,400,551,551,402230,804460,1460,11600,14381000,11952,401,1000,292730,false,601,
delayed-feedback,quiche,14400,ProbeBW,400,551,551,402230,804460,1460,11600,14381000,11952,401,1000,292730,false,601,
delayed-feedback,quiche,14500,ProbeBW,400,551,551,402230,804460,1460,11600,14381000,11952,401,1000,292730,false,601,
delayed-feedback,quiche,14600,ProbeBW,400,551,551,402230,804460,1460,11600,14381000,11952,401,1000,292730,false,601,
delayed-feedback,quiche,14700,ProbeBW,400,551,551,402230,804460,1460,11600,14381000,11952,401,1000,292730,false,601,
delayed-feedback,quiche,14800,ProbeBW,400,551,551,402230,804460,1460,11600,14381000,11952,401,1000,292730,false,601,
delayed-feedback,quiche,14900,ProbeBW,400,551,551,402230,804460,1460,11600,14381000,11952,401,1000,292730,false,601,
delayed-feedback,quiche,15000,ProbeBW,400,551,551,402230,804460,1460,11600,14381000,11952,401,1000,292730,false,601,
delayed-feedback,quiche,15100,ProbeBW,400,551,551,402230,804460,1460,11600,14381000,11952,401,1000,292730,false,601,
delayed-feedback,quiche,15200,ProbeBW,400,551,551,402230,804460,1460,11600,14381000,11952,401,1000,292730,false,601,
delayed-feedback,quiche,15300,ProbeBW,400,551,551,402230,804460,1460,11600,14381000,11952,401,1000,292730,false,601,
delayed-feedback,quiche,15400,ProbeBW,400,551,551,402230,804460,1460,11600,14381000,11952,401,1000,292730,false,601,
delayed-feedback,quiche,15500,ProbeBW,400,551,551,402230,804460,1460,11600,14381000,11952,401,1000,292730,false,601,
delayed-feedback,quiche,15600,ProbeBW,400,551,551,402230,804460,1460,11600,14381000,11952,401,1000,292730,false,601,
delayed-feedback,quiche,15700,ProbeBW,400,551,551,402230,804460,1460,11600,14381000,11952,401,1000,292730,false,601,
delayed-feedback,quiche,15800,ProbeBW,400,551,551,402230,804460,1460,11600,14381000,11952,401,1000,292730,false,601,
delayed-feedback,quiche,15900,ProbeBW,400,551,551,402230,804460,1460,11600,14381000,11952,401,1000,292730,false,601,
delayed-feedback,quiche,16000,ProbeBW,400,551,551,402230,804460,1460,11600,14381000,11952,401,1000,292730,false,601,
idle-restart,draft06,1000,ProbeBW,100,0,101,73730,584000,584000,0,0,1000,101,1000,73730,false,0,initial
idle-restart,draft06,1100,ProbeBW,100,0,101,73730,584000,438000,0,0,1000,101,1000,73730,false,0,
idle-restart,draft06,1200,ProbeBW,100,200,101,73730,584000,438000,0,0,1000,101,1000,73730,false,0,
idle-restart,draft06,1300,ProbeBW,100,300,101,73730,584000,438000,0,0,1000,101,1000,73730,false,0,
idle-restart,draft06,1400,ProbeBW,100,400,101,73730,584000,438000,0,0,1000,101,1000,73730,false,0,
idle-restart,draft06,1500,ProbeBW,100,500,101,73730,584000,438000,0,0,1000,101,1000,73730,false,0,
idle-restart,draft06,1600,ProbeBW,100,400,101,73730,584000,438000,0,0,1000,101,1000,73730,false,0,
idle-restart,draft06,1700,ProbeBW,100,400,101,73730,584000,438000,0,0,1000,101,1000,73730,false,0,
idle-restart,draft06,1800,ProbeBW,100,400,101,73730,584000,438000,0,0,1000,101,1000,73730,false,0,
idle-restart,draft06,1900,ProbeBW,100,400,101,73730,584000,438000,0,0,1000,101,1000,73730,false,0,
idle-restart,draft06,2000,ProbeBW,100,400,101,73730,582540,436540,0,0,1000,101,1000,73730,false,0,
idle-restart,draft06,2100,ProbeBW,100,400,101,73730,436540,290540,0,0,1000,101,1000,73730,false,0,
idle-restart,draft06,2200,ProbeBW,100,400,101,73730,290540,144540,0,0,1000,101,1000,73730,false,0,
idle-restart,draft06,2300,ProbeBW,100,400,101,73730,144540,0,0,0,1000,101,1000,73730,false,0,
idle-restart,draft06,2400,ProbeBW,100,400,101,73730,0,0,0,0,1000,101,1000,73730,false,0,
idle-restart,draft06,2500,ProbeBW,100,400,101,73730,0,0,0,0,1000,101,1000,73730,false,0,
idle-restart,draft06,2600,ProbeBW,100,400,101,73730,0,0,0,0,1000,101,1000,73730,false,0,
idle-restart,draft06,2700,ProbeBW,100,400,101,73730,0,0,0,0,1000,101,1000,73730,false,0,
idle-restart,draft06,2800,ProbeBW,100,400,101,73730,0,0,0,0,1000,101,1000,73730,false,0,
idle-restart,draft06,2900,ProbeBW,100,400,101,73730,0,0,0,0,1000,101,1000,73730,false,0,
idle-restart,draft06,3000,ProbeBW,100,400,101,73730,0,0,0,0,1000,101,1000,73730,false,0,
idle-restart,draft06,3100,ProbeBW,100,400,101,73730,0,0,0,0,1000,101,1000,73730,false,0,
idle-restart,draft06,3200,ProbeBW,100,400,101,73730,0,0,0,0,1000,101,1000,73730,false,0,
idle-restart,draft06,3300,ProbeBW,100,400,101,73730,0,0,0,0,1000,101,1000,73730,false,0,
idle-restart,draft06,3400,ProbeBW,100,400,101,73730,0,0,0,0,1000,101,1000,73730,false,0,
idle-restart,draft06,3500,ProbeBW,100,400,101,73730,0,0,0,0,1000,101,1000,73730,false,0,
idle-restart,draft06,3600,ProbeBW,100,400,101,73730,0,0,0,0,1000,101,1000,73730,false,0,
idle-restart,draft06,3700,ProbeBW,100,400,101,73730,0,0,0,0,1000,101,1000,73730,false,0,
idle-restart,draft06,3800,ProbeBW,100,400,101,73730,0,0,0,0,1000,101,1000,73730,false,0,
idle-restart,draft06,3900,ProbeBW,100,400,101,73730,0,0,0,0,1000,101,1000,73730,false,0,
idle-restart,draft06,4000,ProbeBW,100,400,101,73730,0,0,0,0,1000,101,1000,73730,false,0,
idle-restart,draft06,4100,ProbeBW,100,400,101,73730,0,0,0,0,1000,101,1000,73730,false,0,
idle-restart,draft06,4200,ProbeBW,100,400,101,73730,0,0,0,0,1000,101,1000,73730,false,0,
idle-restart,draft06,4300,ProbeBW,100,400,101,73730,0,0,0,0,1000,101,1000,73730,false,0,
idle-restart,draft06,4400,ProbeBW,100,400,101,73730,0,0,0,0,1000,101,1000,73730,false,0,
idle-restart,draft06,4500,ProbeBW,100,400,101,73730,0,0,0,0,1000,101,1000,73730,false,0,
idle-restart,draft06,4600,ProbeBW,100,400,101,73730,0,0,0,0,1000,101,1000,73730,false,0,
idle-restart,draft06,4700,ProbeBW,100,400,101,73730,0,0,0,0,1000,101,1000,73730,false,0,
idle-restart,draft06,4800,ProbeBW,100,400,101,73730,0,0,0,0,1000,101,1000,73730,false,0,
idle-restart,draft06,4900,ProbeBW,100,400,101,73730,0,0,0,0,1000,101,1000,73730,false,0,
idle-restart,draft06,5000,ProbeBW,100,400,101,73730,0,0,0,0,1000,101,1000,73730,false,0,
idle-restart,draft06,5100,ProbeBW,100,400,101,73730,0,0,0,0,1000,101,1000,73730,false,0,
idle-restart,draft06,5200,ProbeBW,100,400,101,73730,0,0,0,0,1000,101,1000,73730,false,0,
idle-restart,draft06,5300,ProbeBW,100,400,101,73730,0,0,0,0,1000,101,1000,73730,false,0,
idle-restart,draft06,5400,ProbeBW,100,400,101,73730,0,0,0,0,1000,101,1000,73730,false,0,
idle-restart,draft06,5500,ProbeBW,100,400,101,73730,0,0,0,0,1000,101,1000,73730,false,0,
idle-restart,draft06,5600,ProbeBW,100,400,101,73730,0,0,0,0,1000,101,1000,73730,false,0,
idle-restart,draft06,5700,ProbeBW,100,400,101,73730,0,0,0,0,1000,101,1000,73730,false,0,
idle-restart,draft06,5800,ProbeBW,100,400,101,73730,0,0,0,0,1000,101,1000,73730,false,0,
idle-restart,draft06,5900,ProbeBW,100,400,101,73730,0,0,0,0,1000,101,1000,73730,false,0,
idle-restart,draft06,6000,ProbeBW,100,400,101,73730,0,0,0,0,1000,101,1000,73730,false,0,
idle-restart,draft06,6100,ProbeBW,100,400,101,73730,0,0,0,0,1000,101,1000,73730,false,0,
idle-restart,draft06,6200,ProbeBW,100,400,101,73730,0,0,0,0,1000,101,1000,73730,false,0,
idle-restart,draft06,6300,ProbeBW,100,400,101,73730,0,0,0,0,1000,101,1000,73730,false,0,
idle-restart,draft06,6400,ProbeBW,100,400,101,73730,0,0,0,0,1000,101,1000,73730,false,0,
idle-restart,draft06,6500,ProbeBW,100,400,101,73730,0,0,0,0,1000,101,1000,73730,false,0,
idle-restart,draft06,6600,ProbeBW,100,400,101,73730,0,0,0,0,1000,101,1000,73730,false,0,
idle-restart,draft06,6700,ProbeBW,100,400,101,73730,0,0,0,0,1000,101,1000,73730,false,0,
idle-restart,draft06,6800,ProbeBW,100,400,101,73730,0,0,0,0,1000,101,1000,73730,false,0,
idle-restart,draft06,6900,ProbeBW,100,400,101,73730,0,0,0,0,1000,101,1000,73730,false,0,
idle-restart,draft06,7000,ProbeBW,100,400,101,73730,0,0,0,0,1000,101,1000,73730,false,0,
idle-restart,draft06,7100,ProbeBW,100,400,101,73730,0,0,0,0,1000,101,1000,73730,false,0,
idle-restart,draft06,7200,ProbeBW,100,400,101,73730,0,0,0,0,1000,101,1000,73730,false,0,
idle-restart,draft06,7300,ProbeBW,100,400,101,73730,0,0,0,0,1000,101,1000,73730,false,0,
idle-restart,draft06,7400,ProbeBW,100,400,101,73730,0,0,0,0,1000,101,1000,73730,false,0,
idle-restart,draft06,7500,ProbeBW,100,400,101,73730,0,0,0,0,1000,101,1000,73730,false,0,
idle-restart,draft06,7600,ProbeBW,100,400,101,73730,0,0,0,0,1000,101,1000,73730,false,0,
idle-restart,draft06,7700,ProbeBW,100,400,101,73730,0,0,0,0,1000,101,1000,73730,false,0,
idle-restart,draft06,7800,ProbeBW,100,400,101,73730,0,0,0,0,1000,101,1000,73730,false,0,
idle-restart,draft06,7900,ProbeBW,100,400,101,73730,0,0,0,0,1000,101,1000,73730,false,0,
idle-restart,draft06,8000,ProbeBW,100,400,101,73730,0,0,0,0,1000,101,1000,73730,false,0,
idle-restart,draft06,8100,ProbeBW,100,400,101,73730,0,0,0,0,1000,101,1000,73730,false,0,
idle-restart,draft06,8200,ProbeBW,100,400,101,73730,0,0,0,0,1000,101,1000,73730,false,0,
idle-restart,draft06,8300,ProbeBW,100,400,101,73730,0,0,0,0,1000,101,1000,73730,false,0,
idle-restart,draft06,8400,ProbeBW,100,400,101,73730,0,0,0,0,1000,101,1000,73730,false,0,
idle-restart,draft06,8500,ProbeBW,100,400,101,73730,0,0,0,0,1000,101,1000,73730,false,0,
idle-restart,draft06,8600,ProbeBW,100,400,101,73730,0,0,0,0,1000,101,1000,73730,false,0,
idle-restart,draft06,8700,ProbeBW,100,400,101,73730,0,0,0,0,1000,101,1000,73730,false,0,
idle-restart,draft06,8800,ProbeBW,100,400,101,73730,0,0,0,0,1000,101,1000,73730,false,0,
idle-restart,draft06,8900,ProbeBW,100,400,101,73730,0,0,0,0,1000,101,1000,73730,false,0,
idle-restart,draft06,9000,ProbeBW,100,400,101,73730,0,0,0,0,1000,101,1000,73730,false,0,
idle-restart,draft06,9100,ProbeBW,100,400,101,73730,0,0,0,0,1000,101,1000,73730,false,0,
idle-restart,draft06,9200,ProbeBW,100,400,101,73730,0,0,0,0,1000,101,1000,73730,false,0,
idle-restart,draft06,9300,ProbeBW,100,400,101,73730,0,0,0,0,1000,101,1000,73730,false,0,
idle-restart,draft06,9400,ProbeBW,100,400,101,73730,0,0,0,0,1000,101,1000,73730,false,0,
idle-restart,draft06,9500,ProbeBW,100,400,101,73730,0,0,0,0,1000,101,1000,73730,false,0,
idle-restart,draft06,9600,ProbeBW,100,400,101,73730,0,0,0,0,1000,101,1000,73730,false,0,
idle-restart,draft06,9700,ProbeBW,100,400,101,73730,0,0,0,0,1000,101,1000,73730,false,0,
idle-restart,draft06,9800,ProbeBW,100,400,101,73730,0,0,0,0,1000,101,1000,73730,false,0,
idle-restart,draft06,9900,ProbeBW,100,400,101,73730,0,0,0,0,1000,101,1000,73730,false,0,
idle-restart,draft06,10000,ProbeBW,100,400,101,73730,0,0,0,0,1000,101,1000,73730,false,0,
idle-restart,draft06,10100,ProbeBW,100,400,101,73730,0,0,0,0,1000,101,1000,73730,false,0,
idle-restart,draft06,10200,ProbeBW,100,400,101,73730,0,0,0,0,1000,101,1000,73730,false,0,
idle-restart,draft06,10300,ProbeBW,100,400,101,73730,0,0,0,0,1000,101,1000,73730,false,0,
idle-restart,draft06,10400,ProbeBW,100,400,101,73730,0,0,0,0,1000,101,1000,73730,false,0,
idle-restart,draft06,10500,ProbeBW,100,400,101,73730,0,0,0,0,1000,101,1000,73730,false,0,
idle-restart,draft06,10600,ProbeBW,100,400,101,73730,0,0,0,0,1000,101,1000,73730,false,0,
idle-restart,draft06,10700,ProbeBW,100,400,101,73730,0,0,0,0,1000,101,1000,73730,false,0,
idle-restart,draft06,10800,ProbeBW,100,400,101,73730,0,0,0,0,1000,101,1000,73730,false,0,
idle-restart,draft06,10900,ProbeBW,100,400,101,73730,0,0,0,0,1000,101,1000,73730,false,0,
idle-restart,draft06,11000,ProbeBW,100,400,101,73730,0,0,0,0,1000,101,1000,73730,false,0,
idle-restart,draft06,11100,ProbeBW,100,400,101,73730,0,0,0,0,1000,101,1000,73730,false,0,
idle-restart,draft06,11200,ProbeBW,100,400,101,73730,0,0,0,0,1000,101,1000,73730,false,0,
idle-restart,draft06,11300,ProbeBW,100,400,101,73730,0,0,0,0,1000,101,1000,73730,false,0,
idle-restart,draft06,11400,ProbeBW,100,400,101,73730,0,0,0,0,1000,101,1000,73730,false,0,
idle-restart,draft06,11500,ProbeBW,100,400,101,73730,0,0,0,0,1000,101,1000,73730,false,0,
idle-restart,draft06,11600,ProbeBW,100,400,101,73730,0,0,0,0,1000,101,1000,73730,false,0,
idle-restart,draft06,11700,ProbeBW,100,400,101,73730,0,0,0,0,1000,101,1000,73730,false,0,
idle-restart,draft06,11800,ProbeBW,100,400,101,73730,0,0,0,0,1000,101,1000,73730,false,0,
idle-restart,draft06,11900,ProbeBW,100,400,101,73730,0,0,0,0,1000,101,1000,73730,false,0,
idle-restart,draft06,12000,ProbeBW,100,400,101,73730,0,0,0,0,1000,101,1000,73730,false,0,
idle-restart,draft06,12100,ProbeBW,100,400,101,73730,0,0,0,0,1000,101,1000,73730,false,0,
idle-restart,draft06,12200,ProbeBW,100,400,101,73730,0,0,0,0,1000,101,1000,73730,false,0,
idle-restart,draft06,12300,ProbeBW,100,400,101,73730,0,0,0,0,1000,101,1000,73730,false,0,
idle-restart,draft06,12400,ProbeBW,100,400,101,73730,0,0,0,0,1000,101,1000,73730,false,0,
idle-restart,draft06,12500,ProbeBW,100,400,101,73730,0,0,0,0,1000,101,1000,73730,false,0,
idle-restart,draft06,12600,ProbeBW,100,400,101,73730,0,0,0,0,1000,101,1000,73730,false,0,
idle-restart,draft06,12700,ProbeBW,100,400,101,73730,0,0,0,0,1000,101,1000,73730,false,0,
idle-restart,draft06,12800,ProbeBW,100,400,101,73730,0,0,0,0,1000,101,1000,73730,false,0,
idle-restart,draft06,12900,ProbeBW,100,400,101,73730,0,0,0,0,1000,101,1000,73730,false,0,
idle-restart,draft06,13000,ProbeBW,100,400,101,73730,0,0,0,0,1000,101,1000,73730,false,0,
idle-restart,draft06,13100,ProbeBW,100,400,101,73730,0,0,0,0,1000,101,1000,73730,false,0,
idle-restart,draft06,13200,ProbeBW,100,400,101,73730,0,0,0,0,1000,101,1000,73730,false,0,
idle-restart,draft06,13300,ProbeBW,100,400,101,73730,0,0,0,0,1000,101,1000,73730,false,0,
idle-restart,draft06,13400,ProbeBW,100,400,101,73730,0,0,0,0,1000,101,1000,73730,false,0,
idle-restart,draft06,13500,ProbeBW,100,400,101,73730,0,0,0,0,1000,101,1000,73730,false,0,
idle-restart,draft06,13600,ProbeBW,100,400,101,73730,0,0,0,0,1000,101,1000,73730,false,0,
idle-restart,draft06,13700,ProbeBW,100,400,101,73730,0,0,0,0,1000,101,1000,73730,false,0,
idle-restart,draft06,13800,ProbeBW,100,400,101,73730,0,0,0,0,1000,101,1000,73730,false,0,
idle-restart,draft06,13900,ProbeBW,100,400,101,73730,0,0,0,0,1000,101,1000,73730,false,0,
idle-restart,draft06,14000,ProbeBW,100,400,101,73730,1460,1460,0,0,1000,101,1000,73730,false,0,idle restart;
idle-restart,draft06,14100,ProbeBW,100,400,101,73730,147460,1460,0,0,1000,101,1000,73730,false,0,
idle-restart,draft06,14101,ProbeBW,100,101,101,73730,147460,1460,0,0,14101,101,14101,73730,false,0,idle-entry-suppressed;
idle-restart,draft06,14200,ProbeBW,100,101,101,73730,147460,1460,0,0,14101,101,14101,73730,false,0,
idle-restart,draft06,14300,ProbeBW,100,101,101,73730,147460,1460,0,0,14101,101,14101,73730,false,0,
idle-restart,draft06,14400,ProbeBW,100,101,101,73730,147460,1460,0,0,14101,101,14101,73730,false,0,
idle-restart,draft06,14500,ProbeBW,100,101,101,73730,147460,1460,0,0,14101,101,14101,73730,false,0,
idle-restart,draft06,14600,ProbeBW,100,101,101,73730,147460,1460,0,0,14101,101,14101,73730,false,0,
idle-restart,draft06,14700,ProbeBW,100,101,101,73730,147460,1460,0,0,14101,101,14101,73730,false,0,
idle-restart,draft06,14800,ProbeBW,100,101,101,73730,147460,1460,0,0,14101,101,14101,73730,false,0,
idle-restart,draft06,14900,ProbeBW,100,101,101,73730,147460,1460,0,0,14101,101,14101,73730,false,0,
idle-restart,draft06,15000,ProbeBW,100,101,101,73730,147460,1460,0,0,14101,101,14101,73730,false,0,
idle-restart,draft06,15100,ProbeBW,100,101,101,73730,147460,1460,0,0,14101,101,14101,73730,false,0,
idle-restart,draft06,15200,ProbeBW,100,101,101,73730,147460,1460,0,0,14101,101,14101,73730,false,0,
idle-restart,draft06,15300,ProbeBW,100,101,101,73730,147460,1460,0,0,14101,101,14101,73730,false,0,
idle-restart,draft06,15400,ProbeBW,100,101,101,73730,147460,1460,0,0,14101,101,14101,73730,false,0,
idle-restart,draft06,15500,ProbeBW,100,101,101,73730,147460,1460,0,0,14101,101,14101,73730,false,0,
idle-restart,draft06,15600,ProbeBW,100,101,101,73730,147460,1460,0,0,14101,101,14101,73730,false,0,
idle-restart,draft06,15700,ProbeBW,100,101,101,73730,147460,1460,0,0,14101,101,14101,73730,false,0,
idle-restart,draft06,15800,ProbeBW,100,101,101,73730,147460,1460,0,0,14101,101,14101,73730,false,0,
idle-restart,draft06,15900,ProbeBW,100,101,101,73730,147460,1460,0,0,14101,101,14101,73730,false,0,
idle-restart,draft06,16000,ProbeBW,100,101,101,73730,147460,1460,0,0,14101,101,14101,73730,false,0,
idle-restart,draft06,16100,ProbeBW,100,101,101,73730,147460,1460,0,0,14101,101,14101,73730,false,0,
idle-restart,draft06,16200,ProbeBW,100,101,101,73730,147460,1460,0,0,14101,101,14101,73730,false,0,
idle-restart,draft06,16300,ProbeBW,100,101,101,73730,147460,1460,0,0,14101,101,14101,73730,false,0,
idle-restart,draft06,16400,ProbeBW,100,101,101,73730,147460,1460,0,0,14101,101,14101,73730,false,0,
idle-restart,draft06,16500,ProbeBW,100,101,101,73730,147460,1460,0,0,14101,101,14101,73730,false,0,
idle-restart,draft06,16600,ProbeBW,100,101,101,73730,147460,1460,0,0,14101,101,14101,73730,false,0,
idle-restart,draft06,16700,ProbeBW,100,101,101,73730,147460,1460,0,0,14101,101,14101,73730,false,0,
idle-restart,draft06,16800,ProbeBW,100,101,101,73730,147460,1460,0,0,14101,101,14101,73730,false,0,
idle-restart,draft06,16900,ProbeBW,100,101,101,73730,147460,1460,0,0,14101,101,14101,73730,false,0,
idle-restart,draft06,17000,ProbeBW,100,101,101,73730,147460,1460,0,0,14101,101,14101,73730,false,0,
idle-restart,draft06,17100,ProbeBW,100,101,101,73730,147460,1460,0,0,14101,101,14101,73730,false,0,
idle-restart,draft06,17200,ProbeBW,100,101,101,73730,147460,1460,0,0,14101,101,14101,73730,false,0,
idle-restart,draft06,17300,ProbeBW,100,101,101,73730,147460,1460,0,0,14101,101,14101,73730,false,0,
idle-restart,draft06,17400,ProbeBW,100,101,101,73730,147460,1460,0,0,14101,101,14101,73730,false,0,
idle-restart,draft06,17500,ProbeBW,100,101,101,73730,147460,1460,0,0,14101,101,14101,73730,false,0,
idle-restart,draft06,17600,ProbeBW,100,101,101,73730,147460,1460,0,0,14101,101,14101,73730,false,0,
idle-restart,draft06,17700,ProbeBW,100,101,101,73730,147460,1460,0,0,14101,101,14101,73730,false,0,
idle-restart,draft06,17800,ProbeBW,100,101,101,73730,147460,1460,0,0,14101,101,14101,73730,false,0,
idle-restart,draft06,17900,ProbeBW,100,101,101,73730,147460,1460,0,0,14101,101,14101,73730,false,0,
idle-restart,draft06,18000,ProbeBW,100,101,101,73730,147460,1460,0,0,14101,101,14101,73730,false,0,
idle-restart,proposal,1000,ProbeBW,100,0,101,73730,584000,584000,0,0,1000,101,1000,73730,false,0,initial
idle-restart,proposal,1100,ProbeBW,100,0,101,73730,584000,438000,0,0,1000,101,1000,73730,false,0,
idle-restart,proposal,1200,ProbeBW,100,200,101,73730,584000,438000,0,0,1101,101,1000,73730,false,0,
idle-restart,proposal,1300,ProbeBW,100,300,101,73730,584000,438000,0,0,1101,101,1000,73730,false,0,
idle-restart,proposal,1400,ProbeBW,100,400,101,73730,584000,438000,0,0,1101,101,1000,73730,false,0,
idle-restart,proposal,1500,ProbeBW,100,500,101,73730,584000,438000,0,0,1101,101,1000,73730,false,0,
idle-restart,proposal,1600,ProbeBW,100,400,101,73730,584000,438000,0,0,1101,101,1000,73730,false,0,
idle-restart,proposal,1700,ProbeBW,100,400,101,73730,584000,438000,0,0,1101,101,1000,73730,false,0,
idle-restart,proposal,1800,ProbeBW,100,400,101,73730,584000,438000,0,0,1101,101,1000,73730,false,0,
idle-restart,proposal,1900,ProbeBW,100,400,101,73730,584000,438000,0,0,1101,101,1000,73730,false,0,
idle-restart,proposal,2000,ProbeBW,100,400,101,73730,582540,436540,0,0,1101,101,1000,73730,false,0,
idle-restart,proposal,2100,ProbeBW,100,400,101,73730,436540,290540,0,0,1101,101,1000,73730,false,0,
idle-restart,proposal,2200,ProbeBW,100,400,101,73730,290540,144540,0,0,1101,101,1000,73730,false,0,
idle-restart,proposal,2300,ProbeBW,100,400,101,73730,144540,0,0,0,1101,101,1000,73730,false,0,
idle-restart,proposal,2400,ProbeBW,100,400,101,73730,0,0,0,0,1101,101,1000,73730,false,0,
idle-restart,proposal,2500,ProbeBW,100,400,101,73730,0,0,0,0,1101,101,1000,73730,false,0,
idle-restart,proposal,2600,ProbeBW,100,400,101,73730,0,0,0,0,1101,101,1000,73730,false,0,
idle-restart,proposal,2700,ProbeBW,100,400,101,73730,0,0,0,0,1101,101,1000,73730,false,0,
idle-restart,proposal,2800,ProbeBW,100,400,101,73730,0,0,0,0,1101,101,1000,73730,false,0,
idle-restart,proposal,2900,ProbeBW,100,400,101,73730,0,0,0,0,1101,101,1000,73730,false,0,
idle-restart,proposal,3000,ProbeBW,100,400,101,73730,0,0,0,0,1101,101,1000,73730,false,0,
idle-restart,proposal,3100,ProbeBW,100,400,101,73730,0,0,0,0,1101,101,1000,73730,false,0,
idle-restart,proposal,3200,ProbeBW,100,400,101,73730,0,0,0,0,1101,101,1000,73730,false,0,
idle-restart,proposal,3300,ProbeBW,100,400,101,73730,0,0,0,0,1101,101,1000,73730,false,0,
idle-restart,proposal,3400,ProbeBW,100,400,101,73730,0,0,0,0,1101,101,1000,73730,false,0,
idle-restart,proposal,3500,ProbeBW,100,400,101,73730,0,0,0,0,1101,101,1000,73730,false,0,
idle-restart,proposal,3600,ProbeBW,100,400,101,73730,0,0,0,0,1101,101,1000,73730,false,0,
idle-restart,proposal,3700,ProbeBW,100,400,101,73730,0,0,0,0,1101,101,1000,73730,false,0,
idle-restart,proposal,3800,ProbeBW,100,400,101,73730,0,0,0,0,1101,101,1000,73730,false,0,
idle-restart,proposal,3900,ProbeBW,100,400,101,73730,0,0,0,0,1101,101,1000,73730,false,0,
idle-restart,proposal,4000,ProbeBW,100,400,101,73730,0,0,0,0,1101,101,1000,73730,false,0,
idle-restart,proposal,4100,ProbeBW,100,400,101,73730,0,0,0,0,1101,101,1000,73730,false,0,
idle-restart,proposal,4200,ProbeBW,100,400,101,73730,0,0,0,0,1101,101,1000,73730,false,0,
idle-restart,proposal,4300,ProbeBW,100,400,101,73730,0,0,0,0,1101,101,1000,73730,false,0,
idle-restart,proposal,4400,ProbeBW,100,400,101,73730,0,0,0,0,1101,101,1000,73730,false,0,
idle-restart,proposal,4500,ProbeBW,100,400,101,73730,0,0,0,0,1101,101,1000,73730,false,0,
idle-restart,proposal,4600,ProbeBW,100,400,101,73730,0,0,0,0,1101,101,1000,73730,false,0,
idle-restart,proposal,4700,ProbeBW,100,400,101,73730,0,0,0,0,1101,101,1000,73730,false,0,
idle-restart,proposal,4800,ProbeBW,100,400,101,73730,0,0,0,0,1101,101,1000,73730,false,0,
idle-restart,proposal,4900,ProbeBW,100,400,101,73730,0,0,0,0,1101,101,1000,73730,false,0,
idle-restart,proposal,5000,ProbeBW,100,400,101,73730,0,0,0,0,1101,101,1000,73730,false,0,
idle-restart,proposal,5100,ProbeBW,100,400,101,73730,0,0,0,0,1101,101,1000,73730,false,0,
idle-restart,proposal,5200,ProbeBW,100,400,101,73730,0,0,0,0,1101,101,1000,73730,false,0,
idle-restart,proposal,5300,ProbeBW,100,400,101,73730,0,0,0,0,1101,101,1000,73730,false,0,
idle-restart,proposal,5400,ProbeBW,100,400,101,73730,0,0,0,0,1101,101,1000,73730,false,0,
idle-restart,proposal,5500,ProbeBW,100,400,101,73730,0,0,0,0,1101,101,1000,73730,false,0,
idle-restart,proposal,5600,ProbeBW,100,400,101,73730,0,0,0,0,1101,101,1000,73730,false,0,
idle-restart,proposal,5700,ProbeBW,100,400,101,73730,0,0,0,0,1101,101,1000,73730,false,0,
idle-restart,proposal,5800,ProbeBW,100,400,101,73730,0,0,0,0,1101,101,1000,73730,false,0,
idle-restart,proposal,5900,ProbeBW,100,400,101,73730,0,0,0,0,1101,101,1000,73730,false,0,
idle-restart,proposal,6000,ProbeBW,100,400,101,73730,0,0,0,0,1101,101,1000,73730,false,0,
idle-restart,proposal,6100,ProbeBW,100,400,101,73730,0,0,0,0,1101,101,1000,73730,false,0,
idle-restart,proposal,6200,ProbeBW,100,400,101,73730,0,0,0,0,1101,101,1000,73730,false,0,
idle-restart,proposal,6300,ProbeBW,100,400,101,73730,0,0,0,0,1101,101,1000,73730,false,0,
idle-restart,proposal,6400,ProbeBW,100,400,101,73730,0,0,0,0,1101,101,1000,73730,false,0,
idle-restart,proposal,6500,ProbeBW,100,400,101,73730,0,0,0,0,1101,101,1000,73730,false,0,
idle-restart,proposal,6600,ProbeBW,100,400,101,73730,0,0,0,0,1101,101,1000,73730,false,0,
idle-restart,proposal,6700,ProbeBW,100,400,101,73730,0,0,0,0,1101,101,1000,73730,false,0,
idle-restart,proposal,6800,ProbeBW,100,400,101,73730,0,0,0,0,1101,101,1000,73730,false,0,
idle-restart,proposal,6900,ProbeBW,100,400,101,73730,0,0,0,0,1101,101,1000,73730,false,0,
idle-restart,proposal,7000,ProbeBW,100,400,101,73730,0,0,0,0,1101,101,1000,73730,false,0,
idle-restart,proposal,7100,ProbeBW,100,400,101,73730,0,0,0,0,1101,101,1000,73730,false,0,
idle-restart,proposal,7200,ProbeBW,100,400,101,73730,0,0,0,0,1101,101,1000,73730,false,0,
idle-restart,proposal,7300,ProbeBW,100,400,101,73730,0,0,0,0,1101,101,1000,73730,false,0,
idle-restart,proposal,7400,ProbeBW,100,400,101,73730,0,0,0,0,1101,101,1000,73730,false,0,
idle-restart,proposal,7500,ProbeBW,100,400,101,73730,0,0,0,0,1101,101,1000,73730,false,0,
idle-restart,proposal,7600,ProbeBW,100,400,101,73730,0,0,0,0,1101,101,1000,73730,false,0,
idle-restart,proposal,7700,ProbeBW,100,400,101,73730,0,0,0,0,1101,101,1000,73730,false,0,
idle-restart,proposal,7800,ProbeBW,100,400,101,73730,0,0,0,0,1101,101,1000,73730,false,0,
idle-restart,proposal,7900,ProbeBW,100,400,101,73730,0,0,0,0,1101,101,1000,73730,false,0,
idle-restart,proposal,8000,ProbeBW,100,400,101,73730,0,0,0,0,1101,101,1000,73730,false,0,
idle-restart,proposal,8100,ProbeBW,100,400,101,73730,0,0,0,0,1101,101,1000,73730,false,0,
idle-restart,proposal,8200,ProbeBW,100,400,101,73730,0,0,0,0,1101,101,1000,73730,false,0,
idle-restart,proposal,8300,ProbeBW,100,400,101,73730,0,0,0,0,1101,101,1000,73730,false,0,
idle-restart,proposal,8400,ProbeBW,100,400,101,73730,0,0,0,0,1101,101,1000,73730,false,0,
idle-restart,proposal,8500,ProbeBW,100,400,101,73730,0,0,0,0,1101,101,1000,73730,false,0,
idle-restart,proposal,8600,ProbeBW,100,400,101,73730,0,0,0,0,1101,101,1000,73730,false,0,
idle-restart,proposal,8700,ProbeBW,100,400,101,73730,0,0,0,0,1101,101,1000,73730,false,0,
idle-restart,proposal,8800,ProbeBW,100,400,101,73730,0,0,0,0,1101,101,1000,73730,false,0,
idle-restart,proposal,8900,ProbeBW,100,400,101,73730,0,0,0,0,1101,101,1000,73730,false,0,
idle-restart,proposal,9000,ProbeBW,100,400,101,73730,0,0,0,0,1101,101,1000,73730,false,0,
idle-restart,proposal,9100,ProbeBW,100,400,101,73730,0,0,0,0,1101,101,1000,73730,false,0,
idle-restart,proposal,9200,ProbeBW,100,400,101,73730,0,0,0,0,1101,101,1000,73730,false,0,
idle-restart,proposal,9300,ProbeBW,100,400,101,73730,0,0,0,0,1101,101,1000,73730,false,0,
idle-restart,proposal,9400,ProbeBW,100,400,101,73730,0,0,0,0,1101,101,1000,73730,false,0,
idle-restart,proposal,9500,ProbeBW,100,400,101,73730,0,0,0,0,1101,101,1000,73730,false,0,
idle-restart,proposal,9600,ProbeBW,100,400,101,73730,0,0,0,0,1101,101,1000,73730,false,0,
idle-restart,proposal,9700,ProbeBW,100,400,101,73730,0,0,0,0,1101,101,1000,73730,false,0,
idle-restart,proposal,9800,ProbeBW,100,400,101,73730,0,0,0,0,1101,101,1000,73730,false,0,
idle-restart,proposal,9900,ProbeBW,100,400,101,73730,0,0,0,0,1101,101,1000,73730,false,0,
idle-restart,proposal,10000,ProbeBW,100,400,101,73730,0,0,0,0,1101,101,1000,73730,false,0,
idle-restart,proposal,10100,ProbeBW,100,400,101,73730,0,0,0,0,1101,101,1000,73730,false,0,
idle-restart,proposal,10200,ProbeBW,100,400,101,73730,0,0,0,0,1101,101,1000,73730,false,0,
idle-restart,proposal,10300,ProbeBW,100,400,101,73730,0,0,0,0,1101,101,1000,73730,false,0,
idle-restart,proposal,10400,ProbeBW,100,400,101,73730,0,0,0,0,1101,101,1000,73730,false,0,
idle-restart,proposal,10500,ProbeBW,100,400,101,73730,0,0,0,0,1101,101,1000,73730,false,0,
idle-restart,proposal,10600,ProbeBW,100,400,101,73730,0,0,0,0,1101,101,1000,73730,false,0,
idle-restart,proposal,10700,ProbeBW,100,400,101,73730,0,0,0,0,1101,101,1000,73730,false,0,
idle-restart,proposal,10800,ProbeBW,100,400,101,73730,0,0,0,0,1101,101,1000,73730,false,0,
idle-restart,proposal,10900,ProbeBW,100,400,101,73730,0,0,0,0,1101,101,1000,73730,false,0,
idle-restart,proposal,11000,ProbeBW,100,400,101,73730,0,0,0,0,1101,101,1000,73730,false,0,
idle-restart,proposal,11100,ProbeBW,100,400,101,73730,0,0,0,0,1101,101,1000,73730,false,0,
idle-restart,proposal,11200,ProbeBW,100,400,101,73730,0,0,0,0,1101,101,1000,73730,false,0,
idle-restart,proposal,11300,ProbeBW,100,400,101,73730,0,0,0,0,1101,101,1000,73730,false,0,
idle-restart,proposal,11400,ProbeBW,100,400,101,73730,0,0,0,0,1101,101,1000,73730,false,0,
idle-restart,proposal,11500,ProbeBW,100,400,101,73730,0,0,0,0,1101,101,1000,73730,false,0,
idle-restart,proposal,11600,ProbeBW,100,400,101,73730,0,0,0,0,1101,101,1000,73730,false,0,
idle-restart,proposal,11700,ProbeBW,100,400,101,73730,0,0,0,0,1101,101,1000,73730,false,0,
idle-restart,proposal,11800,ProbeBW,100,400,101,73730,0,0,0,0,1101,101,1000,73730,false,0,
idle-restart,proposal,11900,ProbeBW,100,400,101,73730,0,0,0,0,1101,101,1000,73730,false,0,
idle-restart,proposal,12000,ProbeBW,100,400,101,73730,0,0,0,0,1101,101,1000,73730,false,0,
idle-restart,proposal,12100,ProbeBW,100,400,101,73730,0,0,0,0,1101,101,1000,73730,false,0,
idle-restart,proposal,12200,ProbeBW,100,400,101,73730,0,0,0,0,1101,101,1000,73730,false,0,
idle-restart,proposal,12300,ProbeBW,100,400,101,73730,0,0,0,0,1101,101,1000,73730,false,0,
idle-restart,proposal,12400,ProbeBW,100,400,101,73730,0,0,0,0,1101,101,1000,73730,false,0,
idle-restart,proposal,12500,ProbeBW,100,400,101,73730,0,0,0,0,1101,101,1000,73730,false,0,
idle-restart,proposal,12600,ProbeBW,100,400,101,73730,0,0,0,0,1101,101,1000,73730,false,0,
idle-restart,proposal,12700,ProbeBW,100,400,101,73730,0,0,0,0,1101,101,1000,73730,false,0,
idle-restart,proposal,12800,ProbeBW,100,400,101,73730,0,0,0,0,1101,101,1000,73730,false,0,
idle-restart,proposal,12900,ProbeBW,100,400,101,73730,0,0,0,0,1101,101,1000,73730,false,0,
idle-restart,proposal,13000,ProbeBW,100,400,101,73730,0,0,0,0,1101,101,1000,73730,false,0,
idle-restart,proposal,13100,ProbeBW,100,400,101,73730,0,0,0,0,1101,101,1000,73730,false,0,
idle-restart,proposal,13200,ProbeBW,100,400,101,73730,0,0,0,0,1101,101,1000,73730,false,0,
idle-restart,proposal,13300,ProbeBW,100,400,101,73730,0,0,0,0,1101,101,1000,73730,false,0,
idle-restart,proposal,13400,ProbeBW,100,400,101,73730,0,0,0,0,1101,101,1000,73730,false,0,
idle-restart,proposal,13500,ProbeBW,100,400,101,73730,0,0,0,0,1101,101,1000,73730,false,0,
idle-restart,proposal,13600,ProbeBW,100,400,101,73730,0,0,0,0,1101,101,1000,73730,false,0,
idle-restart,proposal,13700,ProbeBW,100,400,101,73730,0,0,0,0,1101,101,1000,73730,false,0,
idle-restart,proposal,13800,ProbeBW,100,400,101,73730,0,0,0,0,1101,101,1000,73730,false,0,
idle-restart,proposal,13900,ProbeBW,100,400,101,73730,0,0,0,0,1101,101,1000,73730,false,0,
idle-restart,proposal,14000,ProbeBW,100,400,101,73730,1460,1460,0,0,1101,101,1000,73730,false,0,idle restart;
idle-restart,proposal,14100,ProbeBW,100,400,101,73730,147460,1460,0,0,1101,101,1000,73730,false,0,
idle-restart,proposal,14101,ProbeBW,100,101,101,73730,147460,1460,0,0,14101,101,1000,73730,false,0,idle-entry-suppressed;
idle-restart,proposal,14200,ProbeBW,100,101,101,73730,147460,1460,0,0,14200,101,1000,73730,false,0,
idle-restart,proposal,14300,ProbeBW,100,101,101,73730,147460,1460,0,0,14300,101,1000,73730,false,0,
idle-restart,proposal,14400,ProbeBW,100,101,101,73730,147460,1460,0,0,14400,101,1000,73730,false,0,
idle-restart,proposal,14500,ProbeBW,100,101,101,73730,147460,1460,0,0,14500,101,1000,73730,false,0,
idle-restart,proposal,14600,ProbeBW,100,101,101,73730,147460,1460,0,0,14600,101,1000,73730,false,0,
idle-restart,proposal,14700,ProbeBW,100,101,101,73730,147460,1460,0,0,14700,101,1000,73730,false,0,
idle-restart,proposal,14800,ProbeBW,100,101,101,73730,147460,1460,0,0,14800,101,1000,73730,false,0,
idle-restart,proposal,14900,ProbeBW,100,101,101,73730,147460,1460,0,0,14900,101,1000,73730,false,0,
idle-restart,proposal,15000,ProbeBW,100,101,101,73730,147460,1460,0,0,15000,101,1000,73730,false,0,
idle-restart,proposal,15100,ProbeBW,100,101,101,73730,147460,1460,0,0,15100,101,1000,73730,false,0,
idle-restart,proposal,15200,ProbeBW,100,101,101,73730,147460,1460,0,0,15200,101,1000,73730,false,0,
idle-restart,proposal,15300,ProbeBW,100,101,101,73730,147460,1460,0,0,15300,101,1000,73730,false,0,
idle-restart,proposal,15400,ProbeBW,100,101,101,73730,147460,1460,0,0,15400,101,1000,73730,false,0,
idle-restart,proposal,15500,ProbeBW,100,101,101,73730,147460,1460,0,0,15500,101,1000,73730,false,0,
idle-restart,proposal,15600,ProbeBW,100,101,101,73730,147460,1460,0,0,15600,101,1000,73730,false,0,
idle-restart,proposal,15700,ProbeBW,100,101,101,73730,147460,1460,0,0,15700,101,1000,73730,false,0,
idle-restart,proposal,15800,ProbeBW,100,101,101,73730,147460,1460,0,0,15800,101,1000,73730,false,0,
idle-restart,proposal,15900,ProbeBW,100,101,101,73730,147460,1460,0,0,15900,101,1000,73730,false,0,
idle-restart,proposal,16000,ProbeBW,100,101,101,73730,147460,1460,0,0,16000,101,1000,73730,false,0,
idle-restart,proposal,16100,ProbeBW,100,101,101,73730,147460,1460,0,0,16100,101,1000,73730,false,0,
idle-restart,proposal,16200,ProbeBW,100,101,101,73730,147460,1460,0,0,16200,101,1000,73730,false,0,
idle-restart,proposal,16300,ProbeBW,100,101,101,73730,147460,1460,0,0,16300,101,1000,73730,false,0,
idle-restart,proposal,16400,ProbeBW,100,101,101,73730,147460,1460,0,0,16400,101,1000,73730,false,0,
idle-restart,proposal,16500,ProbeBW,100,101,101,73730,147460,1460,0,0,16500,101,1000,73730,false,0,
idle-restart,proposal,16600,ProbeBW,100,101,101,73730,147460,1460,0,0,16600,101,1000,73730,false,0,
idle-restart,proposal,16700,ProbeBW,100,101,101,73730,147460,1460,0,0,16700,101,1000,73730,false,0,
idle-restart,proposal,16800,ProbeBW,100,101,101,73730,147460,1460,0,0,16800,101,1000,73730,false,0,
idle-restart,proposal,16900,ProbeBW,100,101,101,73730,147460,1460,0,0,16900,101,1000,73730,false,0,
idle-restart,proposal,17000,ProbeBW,100,101,101,73730,147460,1460,0,0,17000,101,1000,73730,false,0,
idle-restart,proposal,17100,ProbeBW,100,101,101,73730,147460,1460,0,0,17100,101,1000,73730,false,0,
idle-restart,proposal,17200,ProbeBW,100,101,101,73730,147460,1460,0,0,17200,101,1000,73730,false,0,
idle-restart,proposal,17300,ProbeBW,100,101,101,73730,147460,1460,0,0,17300,101,1000,73730,false,0,
idle-restart,proposal,17400,ProbeBW,100,101,101,73730,147460,1460,0,0,17400,101,1000,73730,false,0,
idle-restart,proposal,17500,ProbeBW,100,101,101,73730,147460,1460,0,0,17500,101,1000,73730,false,0,
idle-restart,proposal,17600,ProbeBW,100,101,101,73730,147460,1460,0,0,17600,101,1000,73730,false,0,
idle-restart,proposal,17700,ProbeBW,100,101,101,73730,147460,1460,0,0,17700,101,1000,73730,false,0,
idle-restart,proposal,17800,ProbeBW,100,101,101,73730,147460,1460,0,0,17800,101,1000,73730,false,0,
idle-restart,proposal,17900,ProbeBW,100,101,101,73730,147460,1460,0,0,17900,101,1000,73730,false,0,
idle-restart,proposal,18000,ProbeBW,100,101,101,73730,147460,1460,0,0,18000,101,1000,73730,false,0,
idle-restart,quiche,1000,ProbeBW,100,0,101,73730,584000,584000,0,0,1000,101,1000,73730,false,0,initial
idle-restart,quiche,1100,ProbeBW,100,0,101,73730,584000,438000,0,0,1000,101,1000,73730,false,0,
idle-restart,quiche,1200,ProbeBW,100,200,101,73730,584000,438000,0,0,1000,101,1000,73730,false,0,
idle-restart,quiche,1300,ProbeBW,100,300,101,73730,584000,438000,0,0,1000,101,1000,73730,false,0,
idle-restart,quiche,1400,ProbeBW,100,400,101,73730,584000,438000,0,0,1000,101,1000,73730,false,0,
idle-restart,quiche,1500,ProbeBW,100,500,101,73730,584000,438000,0,0,1000,101,1000,73730,false,0,
idle-restart,quiche,1600,ProbeBW,100,400,101,73730,584000,438000,0,0,1000,101,1000,73730,false,0,
idle-restart,quiche,1700,ProbeBW,100,400,101,73730,584000,438000,0,0,1000,101,1000,73730,false,0,
idle-restart,quiche,1800,ProbeBW,100,400,101,73730,584000,438000,0,0,1000,101,1000,73730,false,0,
idle-restart,quiche,1900,ProbeBW,100,400,101,73730,584000,438000,0,0,1000,101,1000,73730,false,0,
idle-restart,quiche,2000,ProbeBW,100,400,101,73730,582540,436540,0,0,1000,101,1000,73730,false,0,
idle-restart,quiche,2100,ProbeBW,100,400,101,73730,436540,290540,0,0,1000,101,1000,73730,false,0,
idle-restart,quiche,2200,ProbeBW,100,400,101,73730,290540,144540,0,0,1000,101,1000,73730,false,0,
idle-restart,quiche,2300,ProbeBW,100,400,101,73730,144540,0,0,0,1000,101,1000,73730,false,0,
idle-restart,quiche,2400,ProbeBW,100,400,101,73730,0,0,0,0,1000,101,1000,73730,false,0,
idle-restart,quiche,2500,ProbeBW,100,400,101,73730,0,0,0,0,1000,101,1000,73730,false,0,
idle-restart,quiche,2600,ProbeBW,100,400,101,73730,0,0,0,0,1000,101,1000,73730,false,0,
idle-restart,quiche,2700,ProbeBW,100,400,101,73730,0,0,0,0,1000,101,1000,73730,false,0,
idle-restart,quiche,2800,ProbeBW,100,400,101,73730,0,0,0,0,1000,101,1000,73730,false,0,
idle-restart,quiche,2900,ProbeBW,100,400,101,73730,0,0,0,0,1000,101,1000,73730,false,0,
idle-restart,quiche,3000,ProbeBW,100,400,101,73730,0,0,0,0,1000,101,1000,73730,false,0,
idle-restart,quiche,3100,ProbeBW,100,400,101,73730,0,0,0,0,1000,101,1000,73730,false,0,
idle-restart,quiche,3200,ProbeBW,100,400,101,73730,0,0,0,0,1000,101,1000,73730,false,0,
idle-restart,quiche,3300,ProbeBW,100,400,101,73730,0,0,0,0,1000,101,1000,73730,false,0,
idle-restart,quiche,3400,ProbeBW,100,400,101,73730,0,0,0,0,1000,101,1000,73730,false,0,
idle-restart,quiche,3500,ProbeBW,100,400,101,73730,0,0,0,0,1000,101,1000,73730,false,0,
idle-restart,quiche,3600,ProbeBW,100,400,101,73730,0,0,0,0,1000,101,1000,73730,false,0,
idle-restart,quiche,3700,ProbeBW,100,400,101,73730,0,0,0,0,1000,101,1000,73730,false,0,
idle-restart,quiche,3800,ProbeBW,100,400,101,73730,0,0,0,0,1000,101,1000,73730,false,0,
idle-restart,quiche,3900,ProbeBW,100,400,101,73730,0,0,0,0,1000,101,1000,73730,false,0,
idle-restart,quiche,4000,ProbeBW,100,400,101,73730,0,0,0,0,1000,101,1000,73730,false,0,
idle-restart,quiche,4100,ProbeBW,100,400,101,73730,0,0,0,0,1000,101,1000,73730,false,0,
idle-restart,quiche,4200,ProbeBW,100,400,101,73730,0,0,0,0,1000,101,1000,73730,false,0,
idle-restart,quiche,4300,ProbeBW,100,400,101,73730,0,0,0,0,1000,101,1000,73730,false,0,
idle-restart,quiche,4400,ProbeBW,100,400,101,73730,0,0,0,0,1000,101,1000,73730,false,0,
idle-restart,quiche,4500,ProbeBW,100,400,101,73730,0,0,0,0,1000,101,1000,73730,false,0,
idle-restart,quiche,4600,ProbeBW,100,400,101,73730,0,0,0,0,1000,101,1000,73730,false,0,
idle-restart,quiche,4700,ProbeBW,100,400,101,73730,0,0,0,0,1000,101,1000,73730,false,0,
idle-restart,quiche,4800,ProbeBW,100,400,101,73730,0,0,0,0,1000,101,1000,73730,false,0,
idle-restart,quiche,4900,ProbeBW,100,400,101,73730,0,0,0,0,1000,101,1000,73730,false,0,
idle-restart,quiche,5000,ProbeBW,100,400,101,73730,0,0,0,0,1000,101,1000,73730,false,0,
idle-restart,quiche,5100,ProbeBW,100,400,101,73730,0,0,0,0,1000,101,1000,73730,false,0,
idle-restart,quiche,5200,ProbeBW,100,400,101,73730,0,0,0,0,1000,101,1000,73730,false,0,
idle-restart,quiche,5300,ProbeBW,100,400,101,73730,0,0,0,0,1000,101,1000,73730,false,0,
idle-restart,quiche,5400,ProbeBW,100,400,101,73730,0,0,0,0,1000,101,1000,73730,false,0,
idle-restart,quiche,5500,ProbeBW,100,400,101,73730,0,0,0,0,1000,101,1000,73730,false,0,
idle-restart,quiche,5600,ProbeBW,100,400,101,73730,0,0,0,0,1000,101,1000,73730,false,0,
idle-restart,quiche,5700,ProbeBW,100,400,101,73730,0,0,0,0,1000,101,1000,73730,false,0,
idle-restart,quiche,5800,ProbeBW,100,400,101,73730,0,0,0,0,1000,101,1000,73730,false,0,
idle-restart,quiche,5900,ProbeBW,100,400,101,73730,0,0,0,0,1000,101,1000,73730,false,0,
idle-restart,quiche,6000,ProbeBW,100,400,101,73730,0,0,0,0,1000,101,1000,73730,false,0,
idle-restart,quiche,6100,ProbeBW,100,400,101,73730,0,0,0,0,1000,101,1000,73730,false,0,
idle-restart,quiche,6200,ProbeBW,100,400,101,73730,0,0,0,0,1000,101,1000,73730,false,0,
idle-restart,quiche,6300,ProbeBW,100,400,101,73730,0,0,0,0,1000,101,1000,73730,false,0,
idle-restart,quiche,6400,ProbeBW,100,400,101,73730,0,0,0,0,1000,101,1000,73730,false,0,
idle-restart,quiche,6500,ProbeBW,100,400,101,73730,0,0,0,0,1000,101,1000,73730,false,0,
idle-restart,quiche,6600,ProbeBW,100,400,101,73730,0,0,0,0,1000,101,1000,73730,false,0,
idle-restart,quiche,6700,ProbeBW,100,400,101,73730,0,0,0,0,1000,101,1000,73730,false,0,
idle-restart,quiche,6800,ProbeBW,100,400,101,73730,0,0,0,0,1000,101,1000,73730,false,0,
idle-restart,quiche,6900,ProbeBW,100,400,101,73730,0,0,0,0,1000,101,1000,73730,false,0,
idle-restart,quiche,7000,ProbeBW,100,400,101,73730,0,0,0,0,1000,101,1000,73730,false,0,
idle-restart,quiche,7100,ProbeBW,100,400,101,73730,0,0,0,0,1000,101,1000,73730,false,0,
idle-restart,quiche,7200,ProbeBW,100,400,101,73730,0,0,0,0,1000,101,1000,73730,false,0,
idle-restart,quiche,7300,ProbeBW,100,400,101,73730,0,0,0,0,1000,101,1000,73730,false,0,
idle-restart,quiche,7400,ProbeBW,100,400,101,73730,0,0,0,0,1000,101,1000,73730,false,0,
idle-restart,quiche,7500,ProbeBW,100,400,101,73730,0,0,0,0,1000,101,1000,73730,false,0,
idle-restart,quiche,7600,ProbeBW,100,400,101,73730,0,0,0,0,1000,101,1000,73730,false,0,
idle-restart,quiche,7700,ProbeBW,100,400,101,73730,0,0,0,0,1000,101,1000,73730,false,0,
idle-restart,quiche,7800,ProbeBW,100,400,101,73730,0,0,0,0,1000,101,1000,73730,false,0,
idle-restart,quiche,7900,ProbeBW,100,400,101,73730,0,0,0,0,1000,101,1000,73730,false,0,
idle-restart,quiche,8000,ProbeBW,100,400,101,73730,0,0,0,0,1000,101,1000,73730,false,0,
idle-restart,quiche,8100,ProbeBW,100,400,101,73730,0,0,0,0,1000,101,1000,73730,false,0,
idle-restart,quiche,8200,ProbeBW,100,400,101,73730,0,0,0,0,1000,101,1000,73730,false,0,
idle-restart,quiche,8300,ProbeBW,100,400,101,73730,0,0,0,0,1000,101,1000,73730,false,0,
idle-restart,quiche,8400,ProbeBW,100,400,101,73730,0,0,0,0,1000,101,1000,73730,false,0,
idle-restart,quiche,8500,ProbeBW,100,400,101,73730,0,0,0,0,1000,101,1000,73730,false,0,
idle-restart,quiche,8600,ProbeBW,100,400,101,73730,0,0,0,0,1000,101,1000,73730,false,0,
idle-restart,quiche,8700,ProbeBW,100,400,101,73730,0,0,0,0,1000,101,1000,73730,false,0,
idle-restart,quiche,8800,ProbeBW,100,400,101,73730,0,0,0,0,1000,101,1000,73730,false,0,
idle-restart,quiche,8900,ProbeBW,100,400,101,73730,0,0,0,0,1000,101,1000,73730,false,0,
idle-restart,quiche,9000,ProbeBW,100,400,101,73730,0,0,0,0,1000,101,1000,73730,false,0,
idle-restart,quiche,9100,ProbeBW,100,400,101,73730,0,0,0,0,1000,101,1000,73730,false,0,
idle-restart,quiche,9200,ProbeBW,100,400,101,73730,0,0,0,0,1000,101,1000,73730,false,0,
idle-restart,quiche,9300,ProbeBW,100,400,101,73730,0,0,0,0,1000,101,1000,73730,false,0,
idle-restart,quiche,9400,ProbeBW,100,400,101,73730,0,0,0,0,1000,101,1000,73730,false,0,
idle-restart,quiche,9500,ProbeBW,100,400,101,73730,0,0,0,0,1000,101,1000,73730,false,0,
idle-restart,quiche,9600,ProbeBW,100,400,101,73730,0,0,0,0,1000,101,1000,73730,false,0,
idle-restart,quiche,9700,ProbeBW,100,400,101,73730,0,0,0,0,1000,101,1000,73730,false,0,
idle-restart,quiche,9800,ProbeBW,100,400,101,73730,0,0,0,0,1000,101,1000,73730,false,0,
idle-restart,quiche,9900,ProbeBW,100,400,101,73730,0,0,0,0,1000,101,1000,73730,false,0,
idle-restart,quiche,10000,ProbeBW,100,400,101,73730,0,0,0,0,1000,101,1000,73730,false,0,
idle-restart,quiche,10100,ProbeBW,100,400,101,73730,0,0,0,0,1000,101,1000,73730,false,0,
idle-restart,quiche,10200,ProbeBW,100,400,101,73730,0,0,0,0,1000,101,1000,73730,false,0,
idle-restart,quiche,10300,ProbeBW,100,400,101,73730,0,0,0,0,1000,101,1000,73730,false,0,
idle-restart,quiche,10400,ProbeBW,100,400,101,73730,0,0,0,0,1000,101,1000,73730,false,0,
idle-restart,quiche,10500,ProbeBW,100,400,101,73730,0,0,0,0,1000,101,1000,73730,false,0,
idle-restart,quiche,10600,ProbeBW,100,400,101,73730,0,0,0,0,1000,101,1000,73730,false,0,
idle-restart,quiche,10700,ProbeBW,100,400,101,73730,0,0,0,0,1000,101,1000,73730,false,0,
idle-restart,quiche,10800,ProbeBW,100,400,101,73730,0,0,0,0,1000,101,1000,73730,false,0,
idle-restart,quiche,10900,ProbeBW,100,400,101,73730,0,0,0,0,1000,101,1000,73730,false,0,
idle-restart,quiche,11000,ProbeBW,100,400,101,73730,0,0,0,0,1000,101,1000,73730,false,0,
idle-restart,quiche,11100,ProbeBW,100,400,101,73730,0,0,0,0,1000,101,1000,73730,false,0,
idle-restart,quiche,11200,ProbeBW,100,400,101,73730,0,0,0,0,1000,101,1000,73730,false,0,
idle-restart,quiche,11300,ProbeBW,100,400,101,73730,0,0,0,0,1000,101,1000,73730,false,0,
idle-restart,quiche,11400,ProbeBW,100,400,101,73730,0,0,0,0,1000,101,1000,73730,false,0,
idle-restart,quiche,11500,ProbeBW,100,400,101,73730,0,0,0,0,1000,101,1000,73730,false,0,
idle-restart,quiche,11600,ProbeBW,100,400,101,73730,0,0,0,0,1000,101,1000,73730,false,0,
idle-restart,quiche,11700,ProbeBW,100,400,101,73730,0,0,0,0,1000,101,1000,73730,false,0,
idle-restart,quiche,11800,ProbeBW,100,400,101,73730,0,0,0,0,1000,101,1000,73730,false,0,
idle-restart,quiche,11900,ProbeBW,100,400,101,73730,0,0,0,0,1000,101,1000,73730,false,0,
idle-restart,quiche,12000,ProbeBW,100,400,101,73730,0,0,0,0,1000,101,1000,73730,false,0,
idle-restart,quiche,12100,ProbeBW,100,400,101,73730,0,0,0,0,1000,101,1000,73730,false,0,
idle-restart,quiche,12200,ProbeBW,100,400,101,73730,0,0,0,0,1000,101,1000,73730,false,0,
idle-restart,quiche,12300,ProbeBW,100,400,101,73730,0,0,0,0,1000,101,1000,73730,false,0,
idle-restart,quiche,12400,ProbeBW,100,400,101,73730,0,0,0,0,1000,101,1000,73730,false,0,
idle-restart,quiche,12500,ProbeBW,100,400,101,73730,0,0,0,0,1000,101,1000,73730,false,0,
idle-restart,quiche,12600,ProbeBW,100,400,101,73730,0,0,0,0,1000,101,1000,73730,false,0,
idle-restart,quiche,12700,ProbeBW,100,400,101,73730,0,0,0,0,1000,101,1000,73730,false,0,
idle-restart,quiche,12800,ProbeBW,100,400,101,73730,0,0,0,0,1000,101,1000,73730,false,0,
idle-restart,quiche,12900,ProbeBW,100,400,101,73730,0,0,0,0,1000,101,1000,73730,false,0,
idle-restart,quiche,13000,ProbeBW,100,400,101,73730,0,0,0,0,1000,101,1000,73730,false,0,
idle-restart,quiche,13100,ProbeBW,100,400,101,73730,0,0,0,0,1000,101,1000,73730,false,0,
idle-restart,quiche,13200,ProbeBW,100,400,101,73730,0,0,0,0,1000,101,1000,73730,false,0,
idle-restart,quiche,13300,ProbeBW,100,400,101,73730,0,0,0,0,1000,101,1000,73730,false,0,
idle-restart,quiche,13400,ProbeBW,100,400,101,73730,0,0,0,0,1000,101,1000,73730,false,0,
idle-restart,quiche,13500,ProbeBW,100,400,101,73730,0,0,0,0,1000,101,1000,73730,false,0,
idle-restart,quiche,13600,ProbeBW,100,400,101,73730,0,0,0,0,1000,101,1000,73730,false,0,
idle-restart,quiche,13700,ProbeBW,100,400,101,73730,0,0,0,0,1000,101,1000,73730,false,0,
idle-restart,quiche,13800,ProbeBW,100,400,101,73730,0,0,0,0,1000,101,1000,73730,false,0,
idle-restart,quiche,13900,ProbeBW,100,400,101,73730,0,0,0,0,1000,101,1000,73730,false,0,
idle-restart,quiche,14000,ProbeBW,100,400,101,73730,1460,1460,0,0,12601,101,1000,73730,false,0,idle restart;
idle-restart,quiche,14100,ProbeBW,100,400,101,73730,147460,1460,0,0,12601,101,1000,73730,false,0,
idle-restart,quiche,14200,ProbeBW,100,101,101,73730,147460,1460,0,0,12601,101,1000,73730,false,0,
idle-restart,quiche,14300,ProbeBW,100,101,101,73730,147460,1460,0,0,12601,101,1000,73730,false,0,
idle-restart,quiche,14400,ProbeBW,100,101,101,73730,147460,1460,0,0,12601,101,1000,73730,false,0,
idle-restart,quiche,14500,ProbeBW,100,101,101,73730,147460,1460,0,0,12601,101,1000,73730,false,0,
idle-restart,quiche,14600,ProbeBW,100,101,101,73730,147460,1460,0,0,12601,101,1000,73730,false,0,
idle-restart,quiche,14700,ProbeBW,100,101,101,73730,147460,1460,0,0,12601,101,1000,73730,false,0,
idle-restart,quiche,14800,ProbeBW,100,101,101,73730,147460,1460,0,0,12601,101,1000,73730,false,0,
idle-restart,quiche,14900,ProbeBW,100,101,101,73730,147460,1460,0,0,12601,101,1000,73730,false,0,
idle-restart,quiche,15000,ProbeBW,100,101,101,73730,147460,1460,0,0,12601,101,1000,73730,false,0,
idle-restart,quiche,15100,ProbeBW,100,101,101,73730,147460,1460,0,0,12601,101,1000,73730,false,0,
idle-restart,quiche,15200,ProbeBW,100,101,101,73730,147460,1460,0,0,12601,101,1000,73730,false,0,
idle-restart,quiche,15300,ProbeBW,100,101,101,73730,147460,1460,0,0,12601,101,1000,73730,false,0,
idle-restart,quiche,15400,ProbeBW,100,101,101,73730,147460,1460,0,0,12601,101,1000,73730,false,0,
idle-restart,quiche,15500,ProbeBW,100,101,101,73730,147460,1460,0,0,12601,101,1000,73730,false,0,
idle-restart,quiche,15600,ProbeBW,100,101,101,73730,147460,1460,0,0,12601,101,1000,73730,false,0,
idle-restart,quiche,15700,ProbeBW,100,101,101,73730,147460,1460,0,0,12601,101,1000,73730,false,0,
idle-restart,quiche,15800,ProbeBW,100,101,101,73730,147460,1460,0,0,12601,101,1000,73730,false,0,
idle-restart,quiche,15900,ProbeBW,100,101,101,73730,147460,1460,0,0,12601,101,1000,73730,false,0,
idle-restart,quiche,16000,ProbeBW,100,101,101,73730,147460,1460,0,0,12601,101,1000,73730,false,0,
idle-restart,quiche,16100,ProbeBW,100,101,101,73730,147460,1460,0,0,12601,101,1000,73730,false,0,
idle-restart,quiche,16200,ProbeBW,100,101,101,73730,147460,1460,0,0,12601,101,1000,73730,false,0,
idle-restart,quiche,16300,ProbeBW,100,101,101,73730,147460,1460,0,0,12601,101,1000,73730,false,0,
idle-restart,quiche,16400,ProbeBW,100,101,101,73730,147460,1460,0,0,12601,101,1000,73730,false,0,
idle-restart,quiche,16500,ProbeBW,100,101,101,73730,147460,1460,0,0,12601,101,1000,73730,false,0,
idle-restart,quiche,16600,ProbeBW,100,101,101,73730,147460,1460,0,0,12601,101,1000,73730,false,0,
idle-restart,quiche,16700,ProbeBW,100,101,101,73730,147460,1460,0,0,12601,101,1000,73730,false,0,
idle-restart,quiche,16800,ProbeBW,100,101,101,73730,147460,1460,0,0,12601,101,1000,73730,false,0,
idle-restart,quiche,16900,ProbeBW,100,101,101,73730,147460,1460,0,0,12601,101,1000,73730,false,0,
idle-restart,quiche,17000,ProbeBW,100,101,101,73730,147460,1460,0,0,12601,101,1000,73730,false,0,
idle-restart,quiche,17100,ProbeBW,100,101,101,73730,147460,1460,0,0,12601,101,1000,73730,false,0,
idle-restart,quiche,17200,ProbeBW,100,101,101,73730,147460,1460,0,0,12601,101,1000,73730,false,0,
idle-restart,quiche,17300,ProbeBW,100,101,101,73730,147460,1460,0,0,12601,101,1000,73730,false,0,
idle-restart,quiche,17400,ProbeBW,100,101,101,73730,147460,1460,0,0,12601,101,1000,73730,false,0,
idle-restart,quiche,17500,ProbeBW,100,101,101,73730,147460,1460,0,0,12601,101,1000,73730,false,0,
idle-restart,quiche,17600,ProbeBW,100,101,101,73730,147460,1460,0,0,12601,101,1000,73730,false,0,
idle-restart,quiche,17700,ProbeBW,100,101,101,73730,147460,1460,0,0,12601,101,1000,73730,false,0,
idle-restart,quiche,17800,ProbeBW,100,101,101,73730,147460,1460,0,0,12601,101,1000,73730,false,0,
idle-restart,quiche,17900,ProbeBW,100,101,101,73730,147460,1460,0,0,12601,101,1000,73730,false,0,
idle-restart,quiche,18000,ProbeBW,100,101,101,73730,147460,1460,0,0,12601,101,1000,73730,false,0,
late-down-exit,draft06,12000,ProbeBW,100,0,101,73730,584000,1168000,0,0,1000,501,6000,73730,false,0,initial
late-down-exit,draft06,12100,ProbeBW,100,0,101,73730,584000,1022000,0,0,1000,501,6000,73730,false,0,
late-down-exit,draft06,12200,ProbeBW,100,0,101,73730,584000,876000,0,0,1000,501,6000,73730,false,0,
late-down-exit,draft06,12300,ProbeBW,100,0,101,73730,584000,730000,0,0,1000,501,6000,73730,false,0,
late-down-exit,draft06,12400,ProbeBW,100,0,101,73730,584000,584000,0,0,1000,501,6000,73730,false,0,
late-down-exit,draft06,12500,ProbeBW,100,0,101,73730,584000,438000,0,0,1000,501,6000,73730,false,0,
late-down-exit,draft06,12501,ProbeRTT,100,501,501,365730,582540,436540,0,0,12501,501,12501,73730,false,0,enter;
late-down-exit,draft06,12600,ProbeRTT,100,600,501,365730,438000,292000,0,0,12501,501,12501,73730,false,99,
late-down-exit,draft06,12650,ProbeRTT,100,650,501,365730,365000,219000,12850,219000,12501,501,12501,73730,false,149,timer-start;
late-down-exit,draft06,12700,ProbeRTT,100,700,501,365730,365000,219000,12850,219000,12501,501,12501,73730,false,199,
late-down-exit,draft06,12800,ProbeRTT,100,800,501,365730,365000,219000,12850,219000,12501,501,12501,73730,false,299,
late-down-exit,draft06,12900,ProbeRTT,100,900,501,365730,365000,219000,12850,219000,12501,501,12501,73730,false,399,
late-down-exit,draft06,12901,ProbeBW,100,250,250,182500,365000,219000,12850,219000,12901,250,12901,73730,true,400,exit;
late-down-exit,draft06,13000,ProbeBW,100,250,250,182500,365000,219000,12850,219000,12901,250,12901,73730,true,400,
late-down-exit,draft06,13100,ProbeBW,100,250,250,182500,365000,219000,12850,219000,12901,250,12901,73730,true,400,
late-down-exit,draft06,13200,ProbeBW,100,250,250,182500,365000,219000,12850,219000,12901,250,12901,73730,true,400,
late-down-exit,draft06,13300,ProbeBW,100,250,250,182500,365000,219000,12850,219000,12901,250,12901,73730,true,400,
late-down-exit,draft06,13400,ProbeBW,100,250,250,182500,365000,219000,12850,219000,12901,250,12901,73730,true,400,
late-down-exit,draft06,13500,ProbeBW,100,250,250,182500,365000,219000,12850,219000,12901,250,12901,73730,true,400,
late-down-exit,draft06,13600,ProbeBW,100,250,250,182500,365000,219000,12850,219000,12901,250,12901,73730,true,400,
late-down-exit,draft06,13700,ProbeBW,100,250,250,182500,365000,219000,12850,219000,12901,250,12901,73730,true,400,
late-down-exit,draft06,13800,ProbeBW,100,250,250,182500,365000,219000,12850,219000,12901,250,12901,73730,true,400,
late-down-exit,draft06,13900,ProbeBW,100,250,250,182500,365000,219000,12850,219000,12901,250,12901,73730,true,400,
late-down-exit,draft06,14000,ProbeBW,100,250,250,182500,365000,219000,12850,219000,12901,250,12901,73730,true,400,
late-down-exit,draft06,14100,ProbeBW,100,250,250,182500,365000,219000,12850,219000,12901,250,12901,73730,true,400,
late-down-exit,draft06,14200,ProbeBW,100,250,250,182500,365000,219000,12850,219000,12901,250,12901,73730,true,400,
late-down-exit,draft06,14300,ProbeBW,100,250,250,182500,365000,219000,12850,219000,12901,250,12901,73730,true,400,
late-down-exit,draft06,14400,ProbeBW,100,250,250,182500,365000,219000,12850,219000,12901,250,12901,73730,true,400,
late-down-exit,draft06,14500,ProbeBW,100,250,250,182500,365000,219000,12850,219000,12901,250,12901,73730,true,400,
late-down-exit,draft06,14600,ProbeBW,100,250,250,182500,365000,219000,12850,219000,12901,250,12901,73730,true,400,
late-down-exit,draft06,14700,ProbeBW,100,250,250,182500,365000,219000,12850,219000,12901,250,12901,73730,true,400,
late-down-exit,draft06,14800,ProbeBW,100,250,250,182500,365000,219000,12850,219000,12901,250,12901,73730,true,400,
late-down-exit,draft06,14900,ProbeBW,100,250,250,182500,365000,219000,12850,219000,12901,250,12901,73730,true,400,
late-down-exit,draft06,15000,ProbeBW,100,250,250,182500,365000,219000,12850,219000,12901,250,12901,73730,true,400,
late-down-exit,draft06,15100,ProbeBW,100,250,250,182500,365000,219000,12850,219000,12901,250,12901,73730,true,400,
late-down-exit,draft06,15200,ProbeBW,100,250,250,182500,365000,219000,12850,219000,12901,250,12901,73730,true,400,
late-down-exit,draft06,15300,ProbeBW,100,250,250,182500,365000,219000,12850,219000,12901,250,12901,73730,true,400,
late-down-exit,draft06,15400,ProbeBW,100,250,250,182500,365000,219000,12850,219000,12901,250,12901,73730,true,400,
late-down-exit,draft06,15500,ProbeBW,100,250,250,182500,365000,219000,12850,219000,12901,250,12901,73730,true,400,
late-down-exit,draft06,15600,ProbeBW,100,250,250,182500,365000,219000,12850,219000,12901,250,12901,73730,true,400,
late-down-exit,draft06,15700,ProbeBW,100,250,250,182500,365000,219000,12850,219000,12901,250,12901,73730,true,400,
late-down-exit,draft06,15800,ProbeBW,100,250,250,182500,365000,219000,12850,219000,12901,250,12901,73730,true,400,
late-down-exit,draft06,15900,ProbeBW,100,250,250,182500,365000,219000,12850,219000,12901,250,12901,73730,true,400,
late-down-exit,draft06,16000,ProbeBW,100,250,250,182500,365000,219000,12850,219000,12901,250,12901,73730,true,400,
late-down-exit,proposal,12000,ProbeBW,100,0,101,73730,584000,1168000,0,0,1000,501,6000,73730,false,0,initial
late-down-exit,proposal,12100,ProbeBW,100,0,101,73730,584000,1022000,0,0,1000,501,6000,73730,false,0,
late-down-exit,proposal,12200,ProbeBW,100,0,101,73730,584000,876000,0,0,1000,501,6000,73730,false,0,
late-down-exit,proposal,12300,ProbeBW,100,0,101,73730,584000,730000,0,0,1000,501,6000,73730,false,0,
late-down-exit,proposal,12400,ProbeBW,100,0,101,73730,584000,584000,0,0,1000,501,6000,73730,false,0,
late-down-exit,proposal,12500,ProbeBW,100,0,101,73730,584000,438000,0,0,1000,501,6000,73730,false,0,
late-down-exit,proposal,12501,ProbeRTT,100,501,501,73730,582540,436540,0,0,12501,501,6000,73730,false,0,enter;
late-down-exit,proposal,12600,ProbeRTT,100,600,501,73730,438000,292000,0,0,12501,501,6000,73730,false,99,
late-down-exit,proposal,12700,ProbeRTT,100,700,501,73730,292000,146000,0,0,12501,501,6000,73730,false,199,
late-down-exit,proposal,12800,ProbeRTT,100,800,501,73730,146000,0,0,0,12501,501,6000,73730,false,299,
late-down-exit,proposal,12850,ProbeRTT,100,850,501,73730,73000,0,13050,511000,12501,501,6000,73730,false,349,timer-start;
late-down-exit,proposal,12900,ProbeRTT,100,900,501,73730,73000,1460,13050,511000,12501,501,6000,73730,false,399,
late-down-exit,proposal,12952,ProbeRTT,100,101,101,73730,73000,1460,13050,511000,12952,501,6000,73730,true,451,minimum changed;
late-down-exit,proposal,13000,ProbeRTT,100,101,101,73730,73000,1460,13050,511000,13000,501,6000,73730,true,499,
late-down-exit,proposal,13053,ProbeBW,100,101,101,73730,73000,1460,13050,511000,13053,501,6000,73730,true,552,exit;
late-down-exit,proposal,13100,ProbeBW,100,101,101,73730,73000,1460,13050,511000,13100,501,6000,73730,true,552,
late-down-exit,proposal,13200,ProbeBW,100,101,101,73730,147460,1460,13050,511000,13200,501,6000,73730,true,552,
late-down-exit,proposal,13300,ProbeBW,100,101,101,73730,147460,1460,13050,511000,13300,501,6000,73730,true,552,
late-down-exit,proposal,13400,ProbeBW,100,101,101,73730,147460,1460,13050,511000,13400,501,6000,73730,true,552,
late-down-exit,proposal,13500,ProbeBW,100,101,101,73730,147460,1460,13050,511000,13500,501,6000,73730,true,552,
late-down-exit,proposal,13600,ProbeBW,100,101,101,73730,147460,1460,13050,511000,13600,501,6000,73730,true,552,
late-down-exit,proposal,13700,ProbeBW,100,101,101,73730,147460,1460,13050,511000,13700,501,6000,73730,true,552,
late-down-exit,proposal,13800,ProbeBW,100,101,101,73730,147460,1460,13050,511000,13800,501,6000,73730,true,552,
late-down-exit,proposal,13900,ProbeBW,100,101,101,73730,147460,1460,13050,511000,13900,501,6000,73730,true,552,
late-down-exit,proposal,14000,ProbeBW,100,101,101,73730,147460,1460,13050,511000,14000,501,6000,73730,true,552,
late-down-exit,proposal,14100,ProbeBW,100,101,101,73730,147460,1460,13050,511000,14100,501,6000,73730,true,552,
late-down-exit,proposal,14200,ProbeBW,100,101,101,73730,147460,1460,13050,511000,14200,501,6000,73730,true,552,
late-down-exit,proposal,14300,ProbeBW,100,101,101,73730,147460,1460,13050,511000,14300,501,6000,73730,true,552,
late-down-exit,proposal,14400,ProbeBW,100,101,101,73730,147460,1460,13050,511000,14400,501,6000,73730,true,552,
late-down-exit,proposal,14500,ProbeBW,100,101,101,73730,147460,1460,13050,511000,14500,501,6000,73730,true,552,
late-down-exit,proposal,14600,ProbeBW,100,101,101,73730,147460,1460,13050,511000,14600,501,6000,73730,true,552,
late-down-exit,proposal,14700,ProbeBW,100,101,101,73730,147460,1460,13050,511000,14700,501,6000,73730,true,552,
late-down-exit,proposal,14800,ProbeBW,100,101,101,73730,147460,1460,13050,511000,14800,501,6000,73730,true,552,
late-down-exit,proposal,14900,ProbeBW,100,101,101,73730,147460,1460,13050,511000,14900,501,6000,73730,true,552,
late-down-exit,proposal,15000,ProbeBW,100,101,101,73730,147460,1460,13050,511000,15000,501,6000,73730,true,552,
late-down-exit,proposal,15100,ProbeBW,100,101,101,73730,147460,1460,13050,511000,15100,501,6000,73730,true,552,
late-down-exit,proposal,15200,ProbeBW,100,101,101,73730,147460,1460,13050,511000,15200,501,6000,73730,true,552,
late-down-exit,proposal,15300,ProbeBW,100,101,101,73730,147460,1460,13050,511000,15300,501,6000,73730,true,552,
late-down-exit,proposal,15400,ProbeBW,100,101,101,73730,147460,1460,13050,511000,15400,501,6000,73730,true,552,
late-down-exit,proposal,15500,ProbeBW,100,101,101,73730,147460,1460,13050,511000,15500,501,6000,73730,true,552,
late-down-exit,proposal,15600,ProbeBW,100,101,101,73730,147460,1460,13050,511000,15600,501,6000,73730,true,552,
late-down-exit,proposal,15700,ProbeBW,100,101,101,73730,147460,1460,13050,511000,15700,501,6000,73730,true,552,
late-down-exit,proposal,15800,ProbeBW,100,101,101,73730,147460,1460,13050,511000,15800,501,6000,73730,true,552,
late-down-exit,proposal,15900,ProbeBW,100,101,101,73730,147460,1460,13050,511000,15900,501,6000,73730,true,552,
late-down-exit,proposal,16000,ProbeBW,100,101,101,73730,147460,1460,13050,511000,16000,501,6000,73730,true,552,
late-down-exit,quiche,12000,ProbeBW,100,0,101,73730,584000,1168000,0,0,1000,501,6000,73730,false,0,initial
late-down-exit,quiche,12100,ProbeBW,100,0,101,73730,584000,1022000,0,0,1000,501,6000,73730,false,0,
late-down-exit,quiche,12200,ProbeBW,100,0,101,73730,584000,876000,0,0,1000,501,6000,73730,false,0,
late-down-exit,quiche,12300,ProbeBW,100,0,101,73730,584000,730000,0,0,1000,501,6000,73730,false,0,
late-down-exit,quiche,12400,ProbeBW,100,0,101,73730,584000,584000,0,0,1000,501,6000,73730,false,0,
late-down-exit,quiche,12500,ProbeBW,100,0,101,73730,584000,438000,0,0,1000,501,6000,73730,false,0,
late-down-exit,quiche,12600,ProbeBW,100,600,101,73730,584000,438000,0,0,1000,501,6000,73730,false,0,
late-down-exit,quiche,12700,ProbeBW,100,700,101,73730,584000,438000,0,0,1000,501,6000,73730,false,0,
late-down-exit,quiche,12800,ProbeBW,100,800,101,73730,584000,438000,0,0,1000,501,6000,73730,false,0,
late-down-exit,quiche,12900,ProbeBW,100,900,101,73730,584000,438000,0,0,1000,501,6000,73730,false,0,
late-down-exit,quiche,13000,ProbeBW,100,400,101,73730,584000,438000,0,0,1000,501,6000,73730,false,0,
late-down-exit,quiche,13100,ProbeBW,100,400,101,73730,584000,438000,0,0,1000,501,6000,73730,false,0,
late-down-exit,quiche,13200,ProbeBW,100,400,101,73730,584000,438000,0,0,1000,501,6000,73730,false,0,
late-down-exit,quiche,13300,ProbeBW,100,400,101,73730,584000,438000,0,0,1000,501,6000,73730,false,0,
late-down-exit,quiche,13400,ProbeBW,100,400,101,73730,584000,438000,0,0,1000,501,6000,73730,false,0,
late-down-exit,quiche,13500,ProbeBW,100,400,101,73730,584000,438000,0,0,1000,501,6000,73730,false,0,
late-down-exit,quiche,13600,ProbeBW,100,400,101,73730,584000,438000,0,0,1000,501,6000,73730,false,0,
late-down-exit,quiche,13700,ProbeBW,100,400,101,73730,584000,438000,0,0,1000,501,6000,73730,false,0,
late-down-exit,quiche,13800,ProbeBW,100,400,101,73730,584000,438000,0,0,1000,501,6000,73730,false,0,
late-down-exit,quiche,13900,ProbeBW,100,400,101,73730,584000,438000,0,0,1000,501,6000,73730,false,0,
late-down-exit,quiche,14000,ProbeBW,100,400,101,73730,584000,438000,0,0,1000,501,6000,73730,false,0,
late-down-exit,quiche,14100,ProbeBW,100,400,101,73730,584000,438000,0,0,1000,501,6000,73730,false,0,
late-down-exit,quiche,14200,ProbeBW,100,400,101,73730,584000,438000,0,0,1000,501,6000,73730,false,0,
late-down-exit,quiche,14300,ProbeBW,100,400,101,73730,584000,438000,0,0,1000,501,6000,73730,false,0,
late-down-exit,quiche,14400,ProbeBW,100,400,101,73730,584000,438000,0,0,1000,501,6000,73730,false,0,
late-down-exit,quiche,14500,ProbeBW,100,400,101,73730,584000,438000,0,0,1000,501,6000,73730,false,0,
late-down-exit,quiche,14600,ProbeBW,100,400,101,73730,584000,438000,0,0,1000,501,6000,73730,false,0,
late-down-exit,quiche,14700,ProbeBW,100,400,101,73730,584000,438000,0,0,1000,501,6000,73730,false,0,
late-down-exit,quiche,14800,ProbeBW,100,400,101,73730,584000,438000,0,0,1000,501,6000,73730,false,0,
late-down-exit,quiche,14900,ProbeBW,100,400,101,73730,584000,438000,0,0,1000,501,6000,73730,false,0,
late-down-exit,quiche,15000,ProbeRTT,100,400,400,292000,582540,436540,0,0,15000,501,6000,73730,false,0,enter;
late-down-exit,quiche,15100,ProbeRTT,100,400,400,292000,436540,290540,0,0,15000,501,6000,73730,false,100,
late-down-exit,quiche,15199,ProbeRTT,100,400,400,292000,292000,146000,15399,3940540,15000,501,6000,73730,false,199,timer-start;
late-down-exit,quiche,15200,ProbeRTT,100,400,400,292000,292000,146000,15399,3940540,15000,501,6000,73730,false,200,
late-down-exit,quiche,15300,ProbeRTT,100,400,400,292000,292000,146000,15399,3940540,15000,501,6000,73730,false,300,
late-down-exit,quiche,15400,ProbeBW,100,200,200,146000,292000,146000,15399,3940540,15400,501,6000,73730,true,400,exit;
late-down-exit,quiche,15500,ProbeBW,100,200,200,146000,292000,146000,15399,3940540,15400,501,6000,73730,true,400,
late-down-exit,quiche,15600,ProbeBW,100,200,200,146000,292000,146000,15399,3940540,15400,501,6000,73730,true,400,
late-down-exit,quiche,15700,ProbeBW,100,200,200,146000,292000,146000,15399,3940540,15400,501,6000,73730,true,400,
late-down-exit,quiche,15800,ProbeBW,100,200,200,146000,292000,146000,15399,3940540,15400,501,6000,73730,true,400,
late-down-exit,quiche,15900,ProbeBW,100,200,200,146000,292000,146000,15399,3940540,15400,501,6000,73730,true,400,
late-down-exit,quiche,16000,ProbeBW,100,200,200,146000,292000,146000,15399,3940540,15400,501,6000,73730,true,400,
falling-base,draft06,12000,ProbeBW,100,0,401,292730,584000,1168000,0,0,1000,501,6000,292730,false,0,initial
falling-base,draft06,12100,ProbeBW,100,0,401,292730,730000,1168000,0,0,1000,501,6000,292730,false,0,
falling-base,draft06,12200,ProbeBW,100,0,401,292730,876000,1168000,0,0,1000,501,6000,292730,false,0,
falling-base,draft06,12300,ProbeBW,100,0,401,292730,1022000,1168000,0,0,1000,501,6000,292730,false,0,
falling-base,draft06,12400,ProbeBW,100,0,401,292730,1168000,1168000,0,0,1000,501,6000,292730,false,0,
falling-base,draft06,12500,ProbeBW,100,0,401,292730,1170920,1024920,0,0,1000,501,6000,292730,false,0,
falling-base,draft06,12501,ProbeRTT,100,501,501,365730,1169460,1023460,0,0,12501,501,12501,292730,false,0,enter;
falling-base,draft06,12600,ProbeRTT,100,600,501,365730,1024920,878920,0,0,12501,501,12501,292730,false,99,
falling-base,draft06,12700,ProbeRTT,100,700,501,365730,878920,732920,0,0,12501,501,12501,292730,false,199,
falling-base,draft06,12800,ProbeRTT,100,800,501,365730,732920,586920,0,0,12501,501,12501,292730,false,299,
falling-base,draft06,12900,ProbeRTT,100,900,501,365730,586920,440920,0,0,12501,501,12501,292730,false,399,
falling-base,draft06,13000,ProbeRTT,100,900,501,365730,440920,294920,0,0,12501,501,12501,292730,false,499,
falling-base,draft06,13052,ProbeRTT,100,900,501,365730,365000,219000,13252,805920,12501,501,12501,292730,false,551,timer-start;
falling-base,draft06,13100,ProbeRTT,100,900,501,365730,365000,219000,13252,805920,12501,501,12501,292730,false,599,
falling-base,draft06,13200,ProbeRTT,100,900,501,365730,365000,219000,13252,805920,12501,501,12501,292730,false,699,
falling-base,draft06,13300,ProbeRTT,100,900,501,365730,365000,219000,13252,805920,12501,501,12501,292730,false,799,
falling-base,draft06,13303,ProbeBW,100,250,250,182500,365000,219000,13252,805920,13303,250,13303,292730,true,802,exit;
falling-base,draft06,13400,ProbeBW,100,250,250,182500,365000,219000,13252,805920,13303,250,13303,292730,true,802,
falling-base,draft06,13500,ProbeBW,100,250,250,182500,365000,219000,13252,805920,13303,250,13303,292730,true,802,
falling-base,draft06,13600,ProbeBW,100,250,250,182500,365000,219000,13252,805920,13303,250,13303,292730,true,802,
falling-base,draft06,13700,ProbeBW,100,250,250,182500,365000,219000,13252,805920,13303,250,13303,292730,true,802,
falling-base,draft06,13800,ProbeBW,100,250,250,182500,365000,219000,13252,805920,13303,250,13303,292730,true,802,
falling-base,draft06,13900,ProbeBW,100,250,250,182500,365000,219000,13252,805920,13303,250,13303,292730,true,802,
falling-base,draft06,14000,ProbeBW,100,250,250,182500,365000,219000,13252,805920,13303,250,13303,292730,true,802,
falling-base,draft06,14100,ProbeBW,100,250,250,182500,365000,219000,13252,805920,13303,250,13303,292730,true,802,
falling-base,draft06,14200,ProbeBW,100,250,250,182500,365000,219000,13252,805920,13303,250,13303,292730,true,802,
falling-base,draft06,14300,ProbeBW,100,250,250,182500,365000,219000,13252,805920,13303,250,13303,292730,true,802,
falling-base,draft06,14400,ProbeBW,100,250,250,182500,365000,219000,13252,805920,13303,250,13303,292730,true,802,
falling-base,draft06,14500,ProbeBW,100,250,250,182500,365000,219000,13252,805920,13303,250,13303,292730,true,802,
falling-base,draft06,14600,ProbeBW,100,250,250,182500,365000,219000,13252,805920,13303,250,13303,292730,true,802,
falling-base,draft06,14700,ProbeBW,100,250,250,182500,365000,219000,13252,805920,13303,250,13303,292730,true,802,
falling-base,draft06,14800,ProbeBW,100,250,250,182500,365000,219000,13252,805920,13303,250,13303,292730,true,802,
falling-base,draft06,14900,ProbeBW,100,250,250,182500,365000,219000,13252,805920,13303,250,13303,292730,true,802,
falling-base,draft06,15000,ProbeBW,100,250,250,182500,365000,219000,13252,805920,13303,250,13303,292730,true,802,
falling-base,draft06,15100,ProbeBW,100,250,250,182500,365000,219000,13252,805920,13303,250,13303,292730,true,802,
falling-base,draft06,15200,ProbeBW,100,250,250,182500,365000,219000,13252,805920,13303,250,13303,292730,true,802,
falling-base,draft06,15300,ProbeBW,100,250,250,182500,365000,219000,13252,805920,13303,250,13303,292730,true,802,
falling-base,draft06,15400,ProbeBW,100,250,250,182500,365000,219000,13252,805920,13303,250,13303,292730,true,802,
falling-base,draft06,15500,ProbeBW,100,250,250,182500,365000,219000,13252,805920,13303,250,13303,292730,true,802,
falling-base,draft06,15600,ProbeBW,100,250,250,182500,365000,219000,13252,805920,13303,250,13303,292730,true,802,
falling-base,draft06,15700,ProbeBW,100,250,250,182500,365000,219000,13252,805920,13303,250,13303,292730,true,802,
falling-base,draft06,15800,ProbeBW,100,250,250,182500,365000,219000,13252,805920,13303,250,13303,292730,true,802,
falling-base,draft06,15900,ProbeBW,100,250,250,182500,365000,219000,13252,805920,13303,250,13303,292730,true,802,
falling-base,draft06,16000,ProbeBW,100,250,250,182500,365000,219000,13252,805920,13303,250,13303,292730,true,802,
falling-base,proposal,12000,ProbeBW,100,0,401,292730,584000,1168000,0,0,1000,501,6000,292730,false,0,initial
falling-base,proposal,12100,ProbeBW,100,0,401,292730,730000,1168000,0,0,1000,501,6000,292730,false,0,
falling-base,proposal,12200,ProbeBW,100,0,401,292730,876000,1168000,0,0,1000,501,6000,292730,false,0,
falling-base,proposal,12300,ProbeBW,100,0,401,292730,1022000,1168000,0,0,1000,501,6000,292730,false,0,
falling-base,proposal,12400,ProbeBW,100,0,401,292730,1168000,1168000,0,0,1000,501,6000,292730,false,0,
falling-base,proposal,12500,ProbeBW,100,0,401,292730,1170920,1024920,0,0,1000,501,6000,292730,false,0,
falling-base,proposal,12501,ProbeRTT,100,501,501,292730,1169460,1023460,0,0,12501,501,6000,292730,false,0,enter;
falling-base,proposal,12600,ProbeRTT,100,600,501,292730,1024920,878920,0,0,12501,501,6000,292730,false,99,
falling-base,proposal,12700,ProbeRTT,100,700,501,292730,878920,732920,0,0,12501,501,6000,292730,false,199,
falling-base,proposal,12800,ProbeRTT,100,800,501,292730,732920,586920,0,0,12501,501,6000,292730,false,299,
falling-base,proposal,12900,ProbeRTT,100,900,501,292730,586920,440920,0,0,12501,501,6000,292730,false,399,
falling-base,proposal,13000,ProbeRTT,100,900,501,292730,440920,294920,0,0,12501,501,6000,292730,false,499,
falling-base,proposal,13100,ProbeRTT,100,900,501,292730,294920,148920,0,0,12501,501,6000,292730,false,599,
falling-base,proposal,13102,ProbeRTT,100,900,501,292730,292000,146000,13302,878920,12501,501,6000,292730,false,601,timer-start;
falling-base,proposal,13200,ProbeRTT,100,900,501,292730,292000,146000,13302,878920,12501,501,6000,292730,false,699,
falling-base,proposal,13300,ProbeRTT,100,900,501,292730,292000,146000,13302,878920,12501,501,6000,292730,false,799,
falling-base,proposal,13303,ProbeBW,100,200,200,146000,292000,146000,13302,878920,13303,501,6000,292730,true,802,exit;
falling-base,proposal,13400,ProbeBW,100,200,200,146000,292000,146000,13302,878920,13400,501,6000,292730,true,802,
falling-base,proposal,13500,ProbeBW,100,200,200,146000,292000,146000,13302,878920,13500,501,6000,292730,true,802,
falling-base,proposal,13600,ProbeBW,100,200,200,146000,292000,146000,13302,878920,13600,501,6000,292730,true,802,
falling-base,proposal,13700,ProbeBW,100,200,200,146000,292000,146000,13302,878920,13700,501,6000,292730,true,802,
falling-base,proposal,13800,ProbeBW,100,200,200,146000,292000,146000,13302,878920,13800,501,6000,292730,true,802,
falling-base,proposal,13900,ProbeBW,100,200,200,146000,292000,146000,13302,878920,13900,501,6000,292730,true,802,
falling-base,proposal,14000,ProbeBW,100,200,200,146000,292000,146000,13302,878920,14000,501,6000,292730,true,802,
falling-base,proposal,14100,ProbeBW,100,200,200,146000,292000,146000,13302,878920,14100,501,6000,292730,true,802,
falling-base,proposal,14200,ProbeBW,100,200,200,146000,292000,146000,13302,878920,14200,501,6000,292730,true,802,
falling-base,proposal,14300,ProbeBW,100,200,200,146000,292000,146000,13302,878920,14300,501,6000,292730,true,802,
falling-base,proposal,14400,ProbeBW,100,200,200,146000,292000,146000,13302,878920,14400,501,6000,292730,true,802,
falling-base,proposal,14500,ProbeBW,100,200,200,146000,292000,146000,13302,878920,14500,501,6000,292730,true,802,
falling-base,proposal,14600,ProbeBW,100,200,200,146000,292000,146000,13302,878920,14600,501,6000,292730,true,802,
falling-base,proposal,14700,ProbeBW,100,200,200,146000,292000,146000,13302,878920,14700,501,6000,292730,true,802,
falling-base,proposal,14800,ProbeBW,100,200,200,146000,292000,146000,13302,878920,14800,501,6000,292730,true,802,
falling-base,proposal,14900,ProbeBW,100,200,200,146000,292000,146000,13302,878920,14900,501,6000,292730,true,802,
falling-base,proposal,15000,ProbeBW,100,200,200,146000,292000,146000,13302,878920,15000,501,6000,292730,true,802,
falling-base,proposal,15100,ProbeBW,100,200,200,146000,292000,146000,13302,878920,15100,501,6000,292730,true,802,
falling-base,proposal,15200,ProbeBW,100,200,200,146000,292000,146000,13302,878920,15200,501,6000,292730,true,802,
falling-base,proposal,15300,ProbeBW,100,200,200,146000,292000,146000,13302,878920,15300,501,6000,292730,true,802,
falling-base,proposal,15400,ProbeBW,100,200,200,146000,292000,146000,13302,878920,15400,501,6000,292730,true,802,
falling-base,proposal,15500,ProbeBW,100,200,200,146000,292000,146000,13302,878920,15500,501,6000,292730,true,802,
falling-base,proposal,15600,ProbeBW,100,200,200,146000,292000,146000,13302,878920,15600,501,6000,292730,true,802,
falling-base,proposal,15700,ProbeBW,100,200,200,146000,292000,146000,13302,878920,15700,501,6000,292730,true,802,
falling-base,proposal,15800,ProbeBW,100,200,200,146000,292000,146000,13302,878920,15800,501,6000,292730,true,802,
falling-base,proposal,15900,ProbeBW,100,200,200,146000,292000,146000,13302,878920,15900,501,6000,292730,true,802,
falling-base,proposal,16000,ProbeBW,100,200,200,146000,292000,146000,13302,878920,16000,501,6000,292730,true,802,
falling-base,quiche,12000,ProbeBW,100,0,401,292730,584000,1168000,0,0,1000,501,6000,292730,false,0,initial
falling-base,quiche,12100,ProbeBW,100,0,401,292730,730000,1168000,0,0,1000,501,6000,292730,false,0,
falling-base,quiche,12200,ProbeBW,100,0,401,292730,876000,1168000,0,0,1000,501,6000,292730,false,0,
falling-base,quiche,12300,ProbeBW,100,0,401,292730,1022000,1168000,0,0,1000,501,6000,292730,false,0,
falling-base,quiche,12400,ProbeBW,100,0,401,292730,1168000,1168000,0,0,1000,501,6000,292730,false,0,
falling-base,quiche,12500,ProbeBW,100,0,401,292730,1170920,1024920,0,0,1000,501,6000,292730,false,0,
falling-base,quiche,12600,ProbeBW,100,600,401,292730,1170920,1024920,0,0,1000,501,6000,292730,false,0,
falling-base,quiche,12700,ProbeBW,100,700,401,292730,1170920,1024920,0,0,1000,501,6000,292730,false,0,
falling-base,quiche,12800,ProbeBW,100,800,401,292730,1170920,1024920,0,0,1000,501,6000,292730,false,0,
falling-base,quiche,12900,ProbeBW,100,900,401,292730,1170920,1024920,0,0,1000,501,6000,292730,false,0,
falling-base,quiche,13000,ProbeRTT,100,900,900,657000,1169460,1023460,0,0,13000,501,6000,292730,false,0,enter;
falling-base,quiche,13100,ProbeRTT,100,900,900,657000,1023460,877460,0,0,13000,501,6000,292730,false,100,
falling-base,quiche,13200,ProbeRTT,100,900,900,657000,877460,731460,0,0,13000,501,6000,292730,false,200,
falling-base,quiche,13300,ProbeRTT,100,900,900,657000,731460,585460,0,0,13000,501,6000,292730,false,300,
falling-base,quiche,13303,ProbeRTT,100,802,802,585460,727080,581080,0,0,13303,501,6000,292730,false,303,minimum changed;
falling-base,quiche,13400,ProbeRTT,100,802,802,585460,585460,439460,13600,1314000,13303,501,6000,292730,false,400,timer-start;
falling-base,quiche,13500,ProbeRTT,100,802,802,585460,585460,439460,13600,1314000,13303,501,6000,292730,false,500,
falling-base,quiche,13600,ProbeRTT,100,802,802,585460,585460,439460,13600,1314000,13303,501,6000,292730,false,600,
falling-base,quiche,13601,ProbeBW,100,802,802,585460,585460,439460,13600,1314000,13303,501,6000,292730,false,601,exit;
falling-base,quiche,13700,ProbeBW,100,802,802,585460,585460,439460,13600,1314000,13303,501,6000,292730,false,601,
falling-base,quiche,13800,ProbeBW,100,802,802,585460,585460,439460,13600,1314000,13303,501,6000,292730,false,601,
falling-base,quiche,13802,ProbeBW,100,401,401,292730,585460,439460,13600,1314000,13802,501,6000,292730,false,601,minimum changed;
falling-base,quiche,13900,ProbeBW,100,401,401,292730,585460,439460,13600,1314000,13802,501,6000,292730,false,601,
falling-base,quiche,14000,ProbeBW,100,401,401,292730,585460,439460,13600,1314000,13802,501,6000,292730,false,601,
falling-base,quiche,14100,ProbeBW,100,401,401,292730,585460,439460,13600,1314000,13802,501,6000,292730,false,601,
falling-base,quiche,14200,ProbeBW,100,401,401,292730,585460,439460,13600,1314000,13802,501,6000,292730,false,601,
falling-base,quiche,14300,ProbeBW,100,401,401,292730,585460,439460,13600,1314000,13802,501,6000,292730,false,601,
falling-base,quiche,14400,ProbeBW,100,401,401,292730,585460,439460,13600,1314000,13802,501,6000,292730,false,601,
falling-base,quiche,14500,ProbeBW,100,401,401,292730,585460,439460,13600,1314000,13802,501,6000,292730,false,601,
falling-base,quiche,14600,ProbeBW,100,401,401,292730,585460,439460,13600,1314000,13802,501,6000,292730,false,601,
falling-base,quiche,14700,ProbeBW,100,401,401,292730,585460,439460,13600,1314000,13802,501,6000,292730,false,601,
falling-base,quiche,14800,ProbeBW,100,401,401,292730,585460,439460,13600,1314000,13802,501,6000,292730,false,601,
falling-base,quiche,14900,ProbeBW,100,401,401,292730,585460,439460,13600,1314000,13802,501,6000,292730,false,601,
falling-base,quiche,15000,ProbeBW,100,401,401,292730,585460,439460,13600,1314000,13802,501,6000,292730,false,601,
falling-base,quiche,15100,ProbeBW,100,401,401,292730,585460,439460,13600,1314000,13802,501,6000,292730,false,601,
falling-base,quiche,15200,ProbeBW,100,401,401,292730,585460,439460,13600,1314000,13802,501,6000,292730,false,601,
falling-base,quiche,15300,ProbeBW,100,401,401,292730,585460,439460,13600,1314000,13802,501,6000,292730,false,601,
falling-base,quiche,15400,ProbeBW,100,401,401,292730,585460,439460,13600,1314000,13802,501,6000,292730,false,601,
falling-base,quiche,15500,ProbeBW,100,401,401,292730,585460,439460,13600,1314000,13802,501,6000,292730,false,601,
falling-base,quiche,15600,ProbeBW,100,401,401,292730,585460,439460,13600,1314000,13802,501,6000,292730,false,601,
falling-base,quiche,15700,ProbeBW,100,401,401,292730,585460,439460,13600,1314000,13802,501,6000,292730,false,601,
falling-base,quiche,15800,ProbeBW,100,401,401,292730,585460,439460,13600,1314000,13802,501,6000,292730,false,601,
falling-base,quiche,15900,ProbeBW,100,401,401,292730,585460,439460,13600,1314000,13802,501,6000,292730,false,601,
falling-base,quiche,16000,ProbeBW,100,401,401,292730,585460,439460,13600,1314000,13802,501,6000,292730,false,601,
