Linux 7.0.0-30-generic (minimax) 	09/06/26 	_x86_64_	(32 CPU)

18:09:16     CPU    %usr   %nice    %sys %iowait    %irq   %soft  %steal  %guest  %gnice   %idle
18:09:17      12   70.41    0.00    5.10    0.00    0.00    0.00    0.00    0.00    0.00   24.49
18:09:17      13   70.83    0.00    3.12    0.00    0.00    0.00    0.00    0.00    0.00   26.04
18:09:17      28    0.00    0.00    0.00    0.00    0.00    0.00    0.00    0.00    0.00  100.00
18:09:17      29    0.00    0.00    0.00    0.00    0.00    0.00    0.00    0.00    0.00  100.00

18:09:17     CPU    %usr   %nice    %sys %iowait    %irq   %soft  %steal  %guest  %gnice   %idle
18:09:18      12   73.96    0.00    5.21    0.00    0.00    0.00    0.00    0.00    0.00   20.83
18:09:18      13   71.13    0.00    4.12    0.00    0.00    0.00    0.00    0.00    0.00   24.74
18:09:18      28    0.00    0.00    0.00    0.00    0.00    0.00    0.00    0.00    0.00  100.00
18:09:18      29    0.00    0.00    0.00    0.00    0.00    0.00    0.00    0.00    0.00  100.00

18:09:18     CPU    %usr   %nice    %sys %iowait    %irq   %soft  %steal  %guest  %gnice   %idle
18:09:19      12   73.47    0.00   10.20    0.00    0.00    0.00    0.00    0.00    0.00   16.33
18:09:19      13   60.00    0.00    5.26    0.00    0.00    0.00    0.00    0.00    0.00   34.74
18:09:19      28    0.00    0.00    0.00    0.00    0.00    0.00    0.00    0.00    0.00  100.00
18:09:19      29    0.00    0.00    0.00    0.00    0.00    0.00    0.00    0.00    0.00  100.00

18:09:19     CPU    %usr   %nice    %sys %iowait    %irq   %soft  %steal  %guest  %gnice   %idle
18:09:20      12   72.16    0.00    7.22    0.00    0.00    0.00    0.00    0.00    0.00   20.62
18:09:20      13   72.63    0.00    4.21    0.00    0.00    0.00    0.00    0.00    0.00   23.16
18:09:20      28    0.00    0.00    0.00    0.00    0.00    0.00    0.00    0.00    0.00  100.00
18:09:20      29    0.00    0.00    0.00    0.00    0.00    0.00    0.00    0.00    0.00  100.00

18:09:20     CPU    %usr   %nice    %sys %iowait    %irq   %soft  %steal  %guest  %gnice   %idle
18:09:21      12   79.17    0.00    4.17    0.00    0.00    0.00    0.00    0.00    0.00   16.67
18:09:21      13   50.52    0.00    4.12    0.00    0.00    0.00    0.00    0.00    0.00   45.36
18:09:21      28    0.00    0.00    0.00    0.00    0.00    0.00    0.00    0.00    0.00  100.00
18:09:21      29    0.00    0.00    0.00    0.00    0.00    0.00    0.00    0.00    0.00  100.00

18:09:21     CPU    %usr   %nice    %sys %iowait    %irq   %soft  %steal  %guest  %gnice   %idle
18:09:22      12   94.00    0.00    0.00    0.00    0.00    0.00    0.00    0.00    0.00    6.00
18:09:22      13    6.00    0.00    0.00    0.00    0.00    0.00    0.00    0.00    0.00   94.00
18:09:22      28    0.00    0.00    0.00    0.00    0.00    0.00    0.00    0.00    0.00  100.00
18:09:22      29    0.00    0.00    0.00    0.00    0.00    0.00    0.00    0.00    0.00  100.00

18:09:22     CPU    %usr   %nice    %sys %iowait    %irq   %soft  %steal  %guest  %gnice   %idle
18:09:23      12  100.00    0.00    0.00    0.00    0.00    0.00    0.00    0.00    0.00    0.00
18:09:23      13    0.00    0.00    0.00    0.00    0.00    0.00    0.00    0.00    0.00  100.00
18:09:23      28    0.00    0.00    0.00    0.00    0.00    0.00    0.00    0.00    0.00  100.00
18:09:23      29    0.00    0.00    0.00    0.00    0.00    0.00    0.00    0.00    0.00  100.00

18:09:23     CPU    %usr   %nice    %sys %iowait    %irq   %soft  %steal  %guest  %gnice   %idle
18:09:24      12   63.16    0.00    1.05    0.00    0.00    0.00    0.00    0.00    0.00   35.79
18:09:24      13   55.21    0.00    1.04    0.00    0.00    0.00    0.00    0.00    0.00   43.75
18:09:24      28    0.00    0.00    0.00    0.00    0.00    0.00    0.00    0.00    0.00  100.00
18:09:24      29    0.00    0.00    0.00    0.00    0.00    0.00    0.00    0.00    0.00  100.00

18:09:24     CPU    %usr   %nice    %sys %iowait    %irq   %soft  %steal  %guest  %gnice   %idle
18:09:25      12   92.86    0.00    2.04    0.00    0.00    0.00    0.00    0.00    0.00    5.10
18:09:25      13   16.30    0.00    1.09    0.00    0.00    0.00    0.00    0.00    0.00   82.61
18:09:25      28    0.00    0.00    0.00    0.00    0.00    0.00    0.00    0.00    0.00  100.00
18:09:25      29    0.00    0.00    0.00    0.00    0.00    0.00    0.00    0.00    0.00  100.00

18:09:25     CPU    %usr   %nice    %sys %iowait    %irq   %soft  %steal  %guest  %gnice   %idle
18:09:26      12   71.43    0.00    5.10    0.00    0.00    0.00    0.00    0.00    0.00   23.47
18:09:26      13   57.89    0.00    3.16    0.00    0.00    0.00    0.00    0.00    0.00   38.95
18:09:26      28    0.00    0.00    0.00    0.00    0.00    0.00    0.00    0.00    0.00  100.00
18:09:26      29    0.00    0.00    0.00    0.00    0.00    0.00    0.00    0.00    0.00  100.00

18:09:26     CPU    %usr   %nice    %sys %iowait    %irq   %soft  %steal  %guest  %gnice   %idle
18:09:27      12   71.13    0.00   15.46    0.00    0.00    0.00    0.00    0.00    0.00   13.40
18:09:27      13   56.57    0.00    5.05    0.00    0.00    0.00    0.00    0.00    0.00   38.38
18:09:27      28    0.00    0.00    0.00    0.00    0.00    0.00    0.00    0.00    0.00  100.00
18:09:27      29    0.00    0.00    0.00    0.00    0.00    0.00    0.00    0.00    0.00  100.00

18:09:27     CPU    %usr   %nice    %sys %iowait    %irq   %soft  %steal  %guest  %gnice   %idle
18:09:28      12   72.45    0.00    7.14    0.00    0.00    0.00    0.00    0.00    0.00   20.41
18:09:28      13   69.79    0.00    5.21    0.00    0.00    0.00    0.00    0.00    0.00   25.00
18:09:28      28    0.00    0.00    0.00    0.00    0.00    0.00    0.00    0.00    0.00  100.00
18:09:28      29    0.00    0.00    0.00    0.00    0.00    0.00    0.00    0.00    0.00  100.00

18:09:28     CPU    %usr   %nice    %sys %iowait    %irq   %soft  %steal  %guest  %gnice   %idle
18:09:29      12   72.63    0.00    5.26    0.00    0.00    0.00    0.00    0.00    0.00   22.11
18:09:29      13   71.58    0.00    6.32    0.00    0.00    0.00    0.00    0.00    0.00   22.11
18:09:29      28    0.00    0.00    0.00    0.00    0.00    0.00    0.00    0.00    0.00  100.00
18:09:29      29    0.00    0.00    0.00    0.00    0.00    0.00    0.00    0.00    0.00  100.00

18:09:29     CPU    %usr   %nice    %sys %iowait    %irq   %soft  %steal  %guest  %gnice   %idle
18:09:30      12   72.92    0.00    6.25    0.00    0.00    0.00    0.00    0.00    0.00   20.83
18:09:30      13   73.20    0.00    6.19    0.00    0.00    0.00    0.00    0.00    0.00   20.62
18:09:30      28    0.00    0.00    0.00    0.00    0.00    0.00    0.00    0.00    0.00  100.00
18:09:30      29    0.00    0.00    0.00    0.00    0.00    0.00    0.00    0.00    0.00  100.00

18:09:30     CPU    %usr   %nice    %sys %iowait    %irq   %soft  %steal  %guest  %gnice   %idle
18:09:31      12   98.00    0.00    1.00    0.00    0.00    0.00    0.00    0.00    0.00    1.00
18:09:31      13    2.97    0.00    0.99    0.00    0.00    0.00    0.00    0.00    0.00   96.04
18:09:31      28    0.00    0.00    0.00    0.00    0.00    0.00    0.00    0.00    0.00  100.00
18:09:31      29    0.00    0.00    0.00    0.00    0.00    0.00    0.00    0.00    0.00  100.00

18:09:31     CPU    %usr   %nice    %sys %iowait    %irq   %soft  %steal  %guest  %gnice   %idle
18:09:32      12   98.00    0.00    0.00    0.00    0.00    0.00    0.00    0.00    0.00    2.00
18:09:32      13    2.00    0.00    0.00    0.00    0.00    0.00    0.00    0.00    0.00   98.00
18:09:32      28    0.00    0.00    0.00    0.00    0.00    0.00    0.00    0.00    0.00  100.00
18:09:32      29    0.00    0.00    0.00    0.00    0.00    0.00    0.00    0.00    0.00  100.00

18:09:32     CPU    %usr   %nice    %sys %iowait    %irq   %soft  %steal  %guest  %gnice   %idle
18:09:33      12   77.32    0.00    0.00    0.00    0.00    0.00    0.00    0.00    0.00   22.68
18:09:33      13   25.77    0.00    1.03    0.00    0.00    0.00    0.00    0.00    0.00   73.20
18:09:33      28    0.00    0.00    0.00    0.00    0.00    0.00    0.00    0.00    0.00  100.00
18:09:33      29    0.00    0.00    0.00    0.00    0.00    0.00    0.00    0.00    0.00  100.00

18:09:33     CPU    %usr   %nice    %sys %iowait    %irq   %soft  %steal  %guest  %gnice   %idle
18:09:34      12   53.19    0.00    1.06    0.00    0.00    0.00    0.00    0.00    0.00   45.74
18:09:34      13   55.21    0.00    0.00    0.00    0.00    0.00    0.00    0.00    0.00   44.79
18:09:34      28    0.00    0.00    0.00    0.00    0.00    0.00    0.00    0.00    0.00  100.00
18:09:34      29    0.00    0.00    0.00    0.00    0.00    0.00    0.00    0.00    0.00  100.00

18:09:34     CPU    %usr   %nice    %sys %iowait    %irq   %soft  %steal  %guest  %gnice   %idle
18:09:35      12   54.17    0.00    1.04    0.00    0.00    0.00    0.00    0.00    0.00   44.79
18:09:35      13   54.74    0.00    1.05    0.00    0.00    0.00    0.00    0.00    0.00   44.21
18:09:35      28    0.00    0.00    0.00    0.00    0.00    0.00    0.00    0.00    0.00  100.00
18:09:35      29    0.00    0.00    0.00    0.00    0.00    0.00    0.00    0.00    0.00  100.00

18:09:35     CPU    %usr   %nice    %sys %iowait    %irq   %soft  %steal  %guest  %gnice   %idle
18:09:36      12   74.23    0.00    6.19    0.00    0.00    0.00    0.00    0.00    0.00   19.59
18:09:36      13   73.96    0.00    6.25    0.00    0.00    0.00    0.00    0.00    0.00   19.79
18:09:36      28    0.00    0.00    0.00    0.00    0.00    0.00    0.00    0.00    0.00  100.00
18:09:36      29    0.00    0.00    0.00    0.00    0.00    0.00    0.00    0.00    0.00  100.00

18:09:36     CPU    %usr   %nice    %sys %iowait    %irq   %soft  %steal  %guest  %gnice   %idle
18:09:37      12   75.26    0.00    5.15    0.00    0.00    0.00    0.00    0.00    0.00   19.59
18:09:37      13   71.72    0.00    6.06    0.00    0.00    0.00    0.00    0.00    0.00   22.22
18:09:37      28    0.00    0.00    0.00    0.00    0.00    0.00    0.00    0.00    0.00  100.00
18:09:37      29    0.00    0.00    0.00    0.00    0.00    0.00    0.00    0.00    0.00  100.00

18:09:37     CPU    %usr   %nice    %sys %iowait    %irq   %soft  %steal  %guest  %gnice   %idle
18:09:38      12   74.23    0.00    6.19    0.00    0.00    0.00    0.00    0.00    0.00   19.59
18:09:38      13   75.51    0.00    5.10    0.00    0.00    0.00    0.00    0.00    0.00   19.39
18:09:38      28    0.00    0.00    0.00    0.00    0.00    0.00    0.00    0.00    0.00  100.00
18:09:38      29    0.00    0.00    0.00    0.00    0.00    0.00    0.00    0.00    0.00  100.00

18:09:38     CPU    %usr   %nice    %sys %iowait    %irq   %soft  %steal  %guest  %gnice   %idle
18:09:39      12   70.53    0.00    6.32    0.00    0.00    0.00    0.00    0.00    0.00   23.16
18:09:39      13   68.04    0.00    6.19    0.00    0.00    0.00    0.00    0.00    0.00   25.77
18:09:39      28    0.00    0.00    0.00    0.00    0.00    0.00    0.00    0.00    0.00  100.00
18:09:39      29    0.00    0.00    0.00    0.00    0.00    0.00    0.00    0.00    0.00  100.00

18:09:39     CPU    %usr   %nice    %sys %iowait    %irq   %soft  %steal  %guest  %gnice   %idle
18:09:40      12   83.17    0.00    1.98    0.00    0.00    0.00    0.00    0.00    0.00   14.85
18:09:40      13   35.71    0.00    2.04    0.00    0.00    0.00    0.00    0.00    0.00   62.24
18:09:40      28    0.00    0.00    0.00    0.00    0.00    0.00    0.00    0.00    0.00  100.00
18:09:40      29    0.00    0.00    0.00    0.00    0.00    0.00    0.00    0.00    0.00  100.00

18:09:40     CPU    %usr   %nice    %sys %iowait    %irq   %soft  %steal  %guest  %gnice   %idle
18:09:41      12  100.00    0.00    0.00    0.00    0.00    0.00    0.00    0.00    0.00    0.00
18:09:41      13    0.99    0.00    0.00    0.00    0.00    0.00    0.00    0.00    0.00   99.01
18:09:41      28    0.00    0.00    0.00    0.00    0.00    0.00    0.00    0.00    0.00  100.00
18:09:41      29    0.00    0.00    0.00    0.00    0.00    0.00    0.00    0.00    0.00  100.00

18:09:41     CPU    %usr   %nice    %sys %iowait    %irq   %soft  %steal  %guest  %gnice   %idle
18:09:42      12   94.00    0.00    1.00    0.00    0.00    0.00    0.00    0.00    0.00    5.00
18:09:42      13    7.07    0.00    0.00    0.00    0.00    0.00    0.00    0.00    0.00   92.93
18:09:42      28    0.00    0.00    0.00    0.00    0.00    0.00    0.00    0.00    0.00  100.00
18:09:42      29    0.00    0.00    0.00    0.00    0.00    0.00    0.00    0.00    0.00  100.00

18:09:42     CPU    %usr   %nice    %sys %iowait    %irq   %soft  %steal  %guest  %gnice   %idle
18:09:43      12   60.64    0.00    0.00    0.00    0.00    0.00    0.00    0.00    0.00   39.36
18:09:43      13   57.73    0.00    2.06    0.00    0.00    0.00    0.00    0.00    0.00   40.21
18:09:43      28    0.00    0.00    0.00    0.00    0.00    0.00    0.00    0.00    0.00  100.00
18:09:43      29    0.00    0.00    0.00    0.00    0.00    0.00    0.00    0.00    0.00  100.00

18:09:43     CPU    %usr   %nice    %sys %iowait    %irq   %soft  %steal  %guest  %gnice   %idle
18:09:44      12   54.17    0.00    1.04    0.00    0.00    0.00    0.00    0.00    0.00   44.79
18:09:44      13   53.12    0.00    1.04    0.00    0.00    0.00    0.00    0.00    0.00   45.83
18:09:44      28    0.00    0.00    0.00    0.00    0.00    0.00    0.00    0.00    0.00  100.00
18:09:44      29    0.00    0.00    0.00    0.00    0.00    0.00    0.00    0.00    0.00  100.00

18:09:44     CPU    %usr   %nice    %sys %iowait    %irq   %soft  %steal  %guest  %gnice   %idle
18:09:45      12   69.47    0.00    6.32    0.00    0.00    0.00    0.00    0.00    0.00   24.21
18:09:45      13   66.67    0.00    6.25    0.00    0.00    0.00    0.00    0.00    0.00   27.08
18:09:45      28    0.00    0.00    0.00    0.00    0.00    0.00    0.00    0.00    0.00  100.00
18:09:45      29    0.00    0.00    0.00    0.00    0.00    0.00    0.00    0.00    0.00  100.00

18:09:45     CPU    %usr   %nice    %sys %iowait    %irq   %soft  %steal  %guest  %gnice   %idle
18:09:46      12   73.96    0.00    6.25    0.00    0.00    0.00    0.00    0.00    0.00   19.79
18:09:46      13   74.23    0.00    4.12    0.00    0.00    0.00    0.00    0.00    0.00   21.65
18:09:46      28    0.00    0.00    0.00    0.00    0.00    0.00    0.00    0.00    0.00  100.00
18:09:46      29    0.00    0.00    0.00    0.00    0.00    0.00    0.00    0.00    0.00  100.00

18:09:46     CPU    %usr   %nice    %sys %iowait    %irq   %soft  %steal  %guest  %gnice   %idle
18:09:47      12   71.13    0.00    5.15    0.00    0.00    0.00    0.00    0.00    0.00   23.71
18:09:47      13   72.73    0.00    5.05    0.00    0.00    0.00    0.00    0.00    0.00   22.22
18:09:47      28    0.00    0.00    0.00    0.00    0.00    0.00    0.00    0.00    0.00  100.00
18:09:47      29    0.00    0.00    0.00    0.00    0.00    0.00    0.00    0.00    0.00  100.00

18:09:47     CPU    %usr   %nice    %sys %iowait    %irq   %soft  %steal  %guest  %gnice   %idle
18:09:48      12   70.53    0.00    5.26    0.00    0.00    0.00    0.00    0.00    0.00   24.21
18:09:48      13   69.07    0.00    5.15    0.00    0.00    0.00    0.00    0.00    0.00   25.77
18:09:48      28    0.00    0.00    0.00    0.00    0.00    0.00    0.00    0.00    0.00  100.00
18:09:48      29    0.00    0.00    0.00    0.00    0.00    0.00    0.00    0.00    0.00  100.00

18:09:48     CPU    %usr   %nice    %sys %iowait    %irq   %soft  %steal  %guest  %gnice   %idle
18:09:49      12   72.45    0.00    6.12    0.00    0.00    0.00    0.00    0.00    0.00   21.43
18:09:49      13   75.00    0.00    5.21    0.00    0.00    0.00    0.00    0.00    0.00   19.79
18:09:49      28    0.00    0.00    0.00    0.00    0.00    0.00    0.00    0.00    0.00  100.00
18:09:49      29    0.00    0.00    0.00    0.00    0.00    0.00    0.00    0.00    0.00  100.00

18:09:49     CPU    %usr   %nice    %sys %iowait    %irq   %soft  %steal  %guest  %gnice   %idle
18:09:50      12   73.20    0.00    5.15    0.00    0.00    0.00    0.00    0.00    0.00   21.65
18:09:50      13   72.92    0.00    5.21    0.00    0.00    0.00    0.00    0.00    0.00   21.88
18:09:50      28    0.00    0.00    0.00    0.00    0.00    0.00    0.00    0.00    0.00  100.00
18:09:50      29    0.00    0.00    0.00    0.00    0.00    0.00    0.00    0.00    0.00  100.00

18:09:50     CPU    %usr   %nice    %sys %iowait    %irq   %soft  %steal  %guest  %gnice   %idle
18:09:51      12   70.83    0.00    8.33    0.00    0.00    0.00    0.00    0.00    0.00   20.83
18:09:51      13   70.10    0.00    7.22    0.00    0.00    0.00    0.00    0.00    0.00   22.68
18:09:51      28    0.00    0.00    0.00    0.00    0.00    0.00    0.00    0.00    0.00  100.00
18:09:51      29    0.00    0.00    0.00    0.00    0.00    0.00    0.00    0.00    0.00  100.00

18:09:51     CPU    %usr   %nice    %sys %iowait    %irq   %soft  %steal  %guest  %gnice   %idle
18:09:52      12   73.20    0.00    2.06    0.00    0.00    0.00    0.00    0.00    0.00   24.74
18:09:52      13   35.48    0.00    2.15    0.00    0.00    0.00    0.00    0.00    0.00   62.37
18:09:52      28    0.00    0.00    0.00    0.00    0.00    0.00    0.00    0.00    0.00  100.00
18:09:52      29    0.00    0.00    0.00    0.00    0.00    0.00    0.00    0.00    0.00  100.00

18:09:52     CPU    %usr   %nice    %sys %iowait    %irq   %soft  %steal  %guest  %gnice   %idle
18:09:53      12   87.76    0.00    1.02    0.00    0.00    0.00    0.00    0.00    0.00   11.22
18:09:53      13   26.09    0.00    1.09    0.00    0.00    0.00    0.00    0.00    0.00   72.83
18:09:53      28    0.00    0.00    0.00    0.00    0.00    0.00    0.00    0.00    0.00  100.00
18:09:53      29    0.00    0.00    0.00    0.00    0.00    0.00    0.00    0.00    0.00  100.00

18:09:53     CPU    %usr   %nice    %sys %iowait    %irq   %soft  %steal  %guest  %gnice   %idle
18:09:54      12   73.00    0.00    5.00    0.00    0.00    0.00    0.00    0.00    0.00   22.00
18:09:54      13   62.11    0.00    4.21    0.00    0.00    0.00    0.00    0.00    0.00   33.68
18:09:54      28    0.00    0.00    0.00    0.00    0.00    0.00    0.00    0.00    0.00  100.00
18:09:54      29    0.00    0.00    0.00    0.00    0.00    0.00    0.00    0.00    0.00  100.00

18:09:54     CPU    %usr   %nice    %sys %iowait    %irq   %soft  %steal  %guest  %gnice   %idle
18:09:55      12   73.40    0.00    4.26    0.00    0.00    0.00    0.00    0.00    0.00   22.34
18:09:55      13   71.88    0.00    6.25    0.00    0.00    0.00    0.00    0.00    0.00   21.88
18:09:55      28    0.00    0.00    0.00    0.00    0.00    0.00    0.00    0.00    0.00  100.00
18:09:55      29    0.00    0.00    0.00    0.00    0.00    0.00    0.00    0.00    0.00  100.00

18:09:55     CPU    %usr   %nice    %sys %iowait    %irq   %soft  %steal  %guest  %gnice   %idle
18:09:56      12   75.51    0.00    6.12    0.00    0.00    0.00    0.00    0.00    0.00   18.37
18:09:56      13   71.13    0.00    7.22    0.00    0.00    0.00    0.00    0.00    0.00   21.65
18:09:56      28    0.00    0.00    0.00    0.00    0.00    0.00    0.00    0.00    0.00  100.00
18:09:56      29    0.00    0.00    0.00    0.00    0.00    0.00    0.00    0.00    0.00  100.00

18:09:56     CPU    %usr   %nice    %sys %iowait    %irq   %soft  %steal  %guest  %gnice   %idle
18:09:57      12   72.16    0.00    5.15    0.00    0.00    0.00    0.00    0.00    0.00   22.68
18:09:57      13   74.23    0.00    4.12    0.00    0.00    0.00    0.00    0.00    0.00   21.65
18:09:57      28    0.00    0.00    0.00    0.00    0.00    0.00    0.00    0.00    0.00  100.00
18:09:57      29    0.00    0.00    0.00    0.00    0.00    0.00    0.00    0.00    0.00  100.00

18:09:57     CPU    %usr   %nice    %sys %iowait    %irq   %soft  %steal  %guest  %gnice   %idle
18:09:58      12   71.13    0.00    5.15    0.00    0.00    0.00    0.00    0.00    0.00   23.71
18:09:58      13   72.45    0.00    4.08    0.00    0.00    0.00    0.00    0.00    0.00   23.47
18:09:58      28    0.00    0.00    0.00    0.00    0.00    0.00    0.00    0.00    0.00  100.00
18:09:58      29    0.00    0.00    0.00    0.00    0.00    0.00    0.00    0.00    0.00  100.00

18:09:58     CPU    %usr   %nice    %sys %iowait    %irq   %soft  %steal  %guest  %gnice   %idle
18:09:59      12   71.58    0.00    7.37    0.00    0.00    0.00    0.00    0.00    0.00   21.05
18:09:59      13   71.13    0.00    4.12    0.00    0.00    0.00    0.00    0.00    0.00   24.74
18:09:59      28    0.00    0.00    0.00    0.00    0.00    0.00    0.00    0.00    0.00  100.00
18:09:59      29    0.00    0.00    0.00    0.00    0.00    0.00    0.00    0.00    0.00  100.00

18:09:59     CPU    %usr   %nice    %sys %iowait    %irq   %soft  %steal  %guest  %gnice   %idle
18:10:00      12   72.16    0.00    6.19    0.00    0.00    0.00    0.00    0.00    0.00   21.65
18:10:00      13   73.96    0.00    7.29    0.00    0.00    0.00    0.00    0.00    0.00   18.75
18:10:00      28    0.00    0.00    0.00    0.00    0.00    0.00    0.00    0.00    0.00  100.00
18:10:00      29    0.00    0.00    0.00    0.00    0.00    0.00    0.00    0.00    0.00  100.00

18:10:00     CPU    %usr   %nice    %sys %iowait    %irq   %soft  %steal  %guest  %gnice   %idle
18:10:01      12   95.92    0.00    1.02    0.00    0.00    0.00    0.00    0.00    0.00    3.06
18:10:01      13   13.13    0.00    1.01    0.00    0.00    0.00    0.00    0.00    0.00   85.86
18:10:01      28    0.00    0.00    0.00    0.00    0.00    0.00    0.00    0.00    0.00  100.00
18:10:01      29    0.00    0.00    0.00    0.00    0.00    0.00    0.00    0.00    0.00  100.00

18:10:01     CPU    %usr   %nice    %sys %iowait    %irq   %soft  %steal  %guest  %gnice   %idle
18:10:02      12   98.00    0.00    0.00    0.00    0.00    0.00    0.00    0.00    0.00    2.00
18:10:02      13    2.00    0.00    0.00    0.00    0.00    0.00    0.00    0.00    0.00   98.00
18:10:02      28    0.00    0.00    0.00    0.00    0.00    0.00    0.00    0.00    0.00  100.00
18:10:02      29    0.00    0.00    0.00    0.00    0.00    0.00    0.00    0.00    0.00  100.00

18:10:02     CPU    %usr   %nice    %sys %iowait    %irq   %soft  %steal  %guest  %gnice   %idle
18:10:03      12   88.89    0.00    2.02    0.00    0.00    0.00    0.00    0.00    0.00    9.09
18:10:03      13   29.29    0.00    3.03    0.00    0.00    0.00    0.00    0.00    0.00   67.68
18:10:03      28    0.00    0.00    0.00    0.00    0.00    0.00    0.00    0.00    0.00  100.00
18:10:03      29    0.00    0.00    0.00    0.00    0.00    0.00    0.00    0.00    0.00  100.00

18:10:03     CPU    %usr   %nice    %sys %iowait    %irq   %soft  %steal  %guest  %gnice   %idle
18:10:04      12   77.32    0.00    3.09    0.00    0.00    0.00    0.00    0.00    0.00   19.59
18:10:04      13   76.04    0.00    3.12    0.00    0.00    0.00    0.00    0.00    0.00   20.83
18:10:04      28    0.00    0.00    0.00    0.00    0.00    0.00    0.00    0.00    0.00  100.00
18:10:04      29    0.00    0.00    0.00    0.00    0.00    0.00    0.00    0.00    0.00  100.00

18:10:04     CPU    %usr   %nice    %sys %iowait    %irq   %soft  %steal  %guest  %gnice   %idle
18:10:05      12   73.74    0.00    4.04    0.00    0.00    0.00    0.00    0.00    0.00   22.22
18:10:05      13   73.20    0.00    5.15    0.00    0.00    0.00    0.00    0.00    0.00   21.65
18:10:05      28    0.00    0.00    0.00    0.00    0.00    0.00    0.00    0.00    0.00  100.00
18:10:05      29    0.00    0.00    0.00    0.00    0.00    0.00    0.00    0.00    0.00  100.00

18:10:05     CPU    %usr   %nice    %sys %iowait    %irq   %soft  %steal  %guest  %gnice   %idle
18:10:06      12   71.29    0.00    5.94    0.00    0.00    0.00    0.00    0.00    0.00   22.77
18:10:06      13   70.53    0.00    3.16    0.00    0.00    0.00    0.00    0.00    0.00   26.32
18:10:06      28    0.00    0.00    0.00    0.00    0.00    0.00    0.00    0.00    0.00  100.00
18:10:06      29    0.00    0.00    0.00    0.00    0.00    0.00    0.00    0.00    0.00  100.00

18:10:06     CPU    %usr   %nice    %sys %iowait    %irq   %soft  %steal  %guest  %gnice   %idle
18:10:07      12   73.96    0.00    6.25    0.00    0.00    0.00    0.00    0.00    0.00   19.79
18:10:07      13   72.16    0.00    4.12    0.00    0.00    0.00    0.00    0.00    0.00   23.71
18:10:07      28    0.00    0.00    0.00    0.00    0.00    0.00    0.00    0.00    0.00  100.00
18:10:07      29    0.00    0.00    0.00    0.00    0.00    0.00    0.00    0.00    0.00  100.00

18:10:07     CPU    %usr   %nice    %sys %iowait    %irq   %soft  %steal  %guest  %gnice   %idle
18:10:08      12   75.00    0.00    5.21    0.00    0.00    0.00    0.00    0.00    0.00   19.79
18:10:08      13   72.73    0.00    5.05    0.00    0.00    0.00    0.00    0.00    0.00   22.22
18:10:08      28    0.00    0.00    0.00    0.00    0.00    0.00    0.00    0.00    0.00  100.00
18:10:08      29    0.00    0.00    0.00    0.00    0.00    0.00    0.00    0.00    0.00  100.00

18:10:08     CPU    %usr   %nice    %sys %iowait    %irq   %soft  %steal  %guest  %gnice   %idle
18:10:09      12   73.96    0.00    5.21    0.00    0.00    0.00    0.00    0.00    0.00   20.83
18:10:09      13   73.20    0.00    5.15    0.00    0.00    0.00    0.00    0.00    0.00   21.65
18:10:09      28    0.00    0.00    0.00    0.00    0.00    0.00    0.00    0.00    0.00  100.00
18:10:09      29    0.00    0.00    0.00    0.00    0.00    0.00    0.00    0.00    0.00  100.00

18:10:09     CPU    %usr   %nice    %sys %iowait    %irq   %soft  %steal  %guest  %gnice   %idle
18:10:10      12   87.88    0.00    2.02    0.00    0.00    0.00    0.00    0.00    0.00   10.10
18:10:10      13   34.69    0.00    2.04    0.00    0.00    0.00    0.00    0.00    0.00   63.27
18:10:10      28    0.00    0.00    0.00    0.00    0.00    0.00    0.00    0.00    0.00  100.00
18:10:10      29    0.00    0.00    0.00    0.00    0.00    0.00    0.00    0.00    0.00  100.00

18:10:10     CPU    %usr   %nice    %sys %iowait    %irq   %soft  %steal  %guest  %gnice   %idle
18:10:11      12   95.96    0.00    0.00    0.00    0.00    0.00    0.00    0.00    0.00    4.04
18:10:11      13    5.00    0.00    0.00    0.00    0.00    0.00    0.00    0.00    0.00   95.00
18:10:11      28    0.00    0.00    0.00    0.00    0.00    0.00    0.00    0.00    0.00  100.00
18:10:11      29    0.00    0.00    0.00    0.00    0.00    0.00    0.00    0.00    0.00  100.00

18:10:11     CPU    %usr   %nice    %sys %iowait    %irq   %soft  %steal  %guest  %gnice   %idle
18:10:12      12   93.00    0.00    1.00    0.00    0.00    0.00    0.00    0.00    0.00    6.00
18:10:12      13    7.00    0.00    0.00    0.00    0.00    0.00    0.00    0.00    0.00   93.00
18:10:12      28    0.00    0.00    0.00    0.00    0.00    0.00    0.00    0.00    0.00  100.00
18:10:12      29    0.00    0.00    0.00    0.00    0.00    0.00    0.00    0.00    0.00  100.00

18:10:12     CPU    %usr   %nice    %sys %iowait    %irq   %soft  %steal  %guest  %gnice   %idle
18:10:13      12   56.25    0.00    0.00    0.00    0.00    0.00    0.00    0.00    0.00   43.75
18:10:13      13   54.17    0.00    1.04    0.00    0.00    0.00    0.00    0.00    0.00   44.79
18:10:13      28    0.00    0.00    0.00    0.00    0.00    0.00    0.00    0.00    0.00  100.00
18:10:13      29    0.00    0.00    0.00    0.00    0.00    0.00    0.00    0.00    0.00  100.00

18:10:13     CPU    %usr   %nice    %sys %iowait    %irq   %soft  %steal  %guest  %gnice   %idle
18:10:14      12   69.07    0.00    1.03    0.00    0.00    0.00    0.00    0.00    0.00   29.90
18:10:14      13   38.95    0.00    1.05    0.00    0.00    0.00    0.00    0.00    0.00   60.00
18:10:14      28    0.00    0.00    0.00    0.00    0.00    0.00    0.00    0.00    0.00  100.00
18:10:14      29    0.00    0.00    0.00    0.00    0.00    0.00    0.00    0.00    0.00  100.00

18:10:14     CPU    %usr   %nice    %sys %iowait    %irq   %soft  %steal  %guest  %gnice   %idle
18:10:15      12   76.29    0.00    9.28    0.00    0.00    0.00    0.00    0.00    0.00   14.43
18:10:15      13   55.21    0.00    4.17    0.00    0.00    0.00    0.00    0.00    0.00   40.62
18:10:15      28    0.00    0.00    0.00    0.00    0.00    0.00    0.00    0.00    0.00  100.00
18:10:15      29    0.00    0.00    0.00    0.00    0.00    0.00    0.00    0.00    0.00  100.00

18:10:15     CPU    %usr   %nice    %sys %iowait    %irq   %soft  %steal  %guest  %gnice   %idle
18:10:16      12   72.45    0.00    6.12    0.00    0.00    0.00    0.00    0.00    0.00   21.43
18:10:16      13   69.79    0.00    4.17    0.00    0.00    0.00    0.00    0.00    0.00   26.04
18:10:16      28    0.00    0.00    0.00    0.00    0.00    0.00    0.00    0.00    0.00  100.00
18:10:16      29    0.00    0.00    0.00    0.00    0.00    0.00    0.00    0.00    0.00  100.00

18:10:16     CPU    %usr   %nice    %sys %iowait    %irq   %soft  %steal  %guest  %gnice   %idle
18:10:17      12   72.45    0.00    6.12    0.00    0.00    0.00    0.00    0.00    0.00   21.43
18:10:17      13   72.45    0.00    4.08    0.00    0.00    0.00    0.00    0.00    0.00   23.47
18:10:17      28    0.00    0.00    0.00    0.00    0.00    0.00    0.00    0.00    0.00  100.00
18:10:17      29    0.00    0.00    0.00    0.00    0.00    0.00    0.00    0.00    0.00  100.00

18:10:17     CPU    %usr   %nice    %sys %iowait    %irq   %soft  %steal  %guest  %gnice   %idle
18:10:18      12   74.74    0.00    4.21    0.00    0.00    0.00    0.00    0.00    0.00   21.05
18:10:18      13   73.74    0.00    5.05    0.00    0.00    0.00    0.00    0.00    0.00   21.21
18:10:18      28    0.00    0.00    0.00    0.00    0.00    0.00    0.00    0.00    0.00  100.00
18:10:18      29    0.00    0.00    0.00    0.00    0.00    0.00    0.00    0.00    0.00  100.00

18:10:18     CPU    %usr   %nice    %sys %iowait    %irq   %soft  %steal  %guest  %gnice   %idle
18:10:19      12   78.95    0.00    3.16    0.00    0.00    0.00    0.00    0.00    0.00   17.89
18:10:19      13   63.27    0.00    4.08    0.00    0.00    0.00    0.00    0.00    0.00   32.65
18:10:19      28    0.00    0.00    0.00    0.00    0.00    0.00    0.00    0.00    0.00  100.00
18:10:19      29    0.00    0.00    0.00    0.00    0.00    0.00    0.00    0.00    0.00  100.00

18:10:19     CPU    %usr   %nice    %sys %iowait    %irq   %soft  %steal  %guest  %gnice   %idle
18:10:20      12  100.00    0.00    0.00    0.00    0.00    0.00    0.00    0.00    0.00    0.00
18:10:20      13    0.00    0.00    0.00    0.00    0.00    0.00    0.00    0.00    0.00  100.00
18:10:20      28    0.00    0.00    0.00    0.00    0.00    0.00    0.00    0.00    0.00  100.00
18:10:20      29    0.00    0.00    0.00    0.00    0.00    0.00    0.00    0.00    0.00  100.00

18:10:20     CPU    %usr   %nice    %sys %iowait    %irq   %soft  %steal  %guest  %gnice   %idle
18:10:21      12   95.00    0.00    0.00    0.00    0.00    0.00    0.00    0.00    0.00    5.00
18:10:21      13    5.00    0.00    0.00    0.00    0.00    0.00    0.00    0.00    0.00   95.00
18:10:21      28    0.00    0.00    0.00    0.00    0.00    0.00    0.00    0.00    0.00  100.00
18:10:21      29    0.00    0.00    0.00    0.00    0.00    0.00    0.00    0.00    0.00  100.00

18:10:21     CPU    %usr   %nice    %sys %iowait    %irq   %soft  %steal  %guest  %gnice   %idle
18:10:22      12   65.98    0.00    1.03    0.00    0.00    0.00    0.00    0.00    0.00   32.99
18:10:22      13   39.18    0.00    1.03    0.00    0.00    0.00    0.00    0.00    0.00   59.79
18:10:22      28    0.00    0.00    0.00    0.00    0.00    0.00    0.00    0.00    0.00  100.00
18:10:22      29    0.00    0.00    0.00    0.00    0.00    0.00    0.00    0.00    0.00  100.00

18:10:22     CPU    %usr   %nice    %sys %iowait    %irq   %soft  %steal  %guest  %gnice   %idle
18:10:23      12   55.79    0.00    1.05    0.00    0.00    0.00    0.00    0.00    0.00   43.16
18:10:23      13   53.12    0.00    1.04    0.00    0.00    0.00    0.00    0.00    0.00   45.83
18:10:23      28    0.00    0.00    0.00    0.00    0.00    0.00    0.00    0.00    0.00  100.00
18:10:23      29    0.00    0.00    0.00    0.00    0.00    0.00    0.00    0.00    0.00  100.00

18:10:23     CPU    %usr   %nice    %sys %iowait    %irq   %soft  %steal  %guest  %gnice   %idle
18:10:24      12   59.79    0.00    2.06    0.00    0.00    0.00    0.00    0.00    0.00   38.14
18:10:24      13   56.84    0.00    2.11    0.00    0.00    0.00    0.00    0.00    0.00   41.05
18:10:24      28    0.00    0.00    0.00    0.00    0.00    0.00    0.00    0.00    0.00  100.00
18:10:24      29    0.00    0.00    0.00    0.00    0.00    0.00    0.00    0.00    0.00  100.00

18:10:24     CPU    %usr   %nice    %sys %iowait    %irq   %soft  %steal  %guest  %gnice   %idle
18:10:25      12   75.79    0.00    5.26    0.00    0.00    0.00    0.00    0.00    0.00   18.95
18:10:25      13   68.75    0.00    4.17    0.00    0.00    0.00    0.00    0.00    0.00   27.08
18:10:25      28    0.00    0.00    0.00    0.00    0.00    0.00    0.00    0.00    0.00  100.00
18:10:25      29    0.00    0.00    0.00    0.00    0.00    0.00    0.00    0.00    0.00  100.00

18:10:25     CPU    %usr   %nice    %sys %iowait    %irq   %soft  %steal  %guest  %gnice   %idle
18:10:26      12   71.88    0.00   11.46    0.00    0.00    0.00    0.00    0.00    0.00   16.67
18:10:26      13   64.29    0.00    6.12    0.00    0.00    0.00    0.00    0.00    0.00   29.59
18:10:26      28    0.00    0.00    0.00    0.00    0.00    0.00    0.00    0.00    0.00  100.00
18:10:26      29    0.00    0.00    0.00    0.00    0.00    0.00    0.00    0.00    0.00  100.00

18:10:26     CPU    %usr   %nice    %sys %iowait    %irq   %soft  %steal  %guest  %gnice   %idle
18:10:27      12   75.26    0.00    5.15    0.00    0.00    0.00    0.00    0.00    0.00   19.59
18:10:27      13   72.92    0.00    5.21    0.00    0.00    0.00    0.00    0.00    0.00   21.88
18:10:27      28    0.00    0.00    0.00    0.00    0.00    0.00    0.00    0.00    0.00  100.00
18:10:27      29    0.00    0.00    0.00    0.00    0.00    0.00    0.00    0.00    0.00  100.00

18:10:27     CPU    %usr   %nice    %sys %iowait    %irq   %soft  %steal  %guest  %gnice   %idle
18:10:28      12   72.34    0.00    5.32    0.00    0.00    0.00    0.00    0.00    0.00   22.34
18:10:28      13   72.16    0.00    4.12    0.00    0.00    0.00    0.00    0.00    0.00   23.71
18:10:28      28    0.00    0.00    0.00    0.00    0.00    0.00    0.00    0.00    0.00  100.00
18:10:28      29    0.00    0.00    0.00    0.00    0.00    0.00    0.00    0.00    0.00  100.00

18:10:28     CPU    %usr   %nice    %sys %iowait    %irq   %soft  %steal  %guest  %gnice   %idle
18:10:29      12   91.00    0.00    1.00    0.00    0.00    0.00    0.00    0.00    0.00    8.00
18:10:29      13   22.22    0.00    1.01    0.00    0.00    0.00    0.00    0.00    0.00   76.77
18:10:29      28    0.00    0.00    0.00    0.00    0.00    0.00    0.00    0.00    0.00  100.00
18:10:29      29    0.00    0.00    0.00    0.00    0.00    0.00    0.00    0.00    0.00  100.00

18:10:29     CPU    %usr   %nice    %sys %iowait    %irq   %soft  %steal  %guest  %gnice   %idle
18:10:30      12   98.99    0.00    0.00    0.00    0.00    0.00    0.00    0.00    0.00    1.01
18:10:30      13    2.00    0.00    0.00    0.00    0.00    0.00    0.00    0.00    0.00   98.00
18:10:30      28    0.00    0.00    0.00    0.00    0.00    0.00    0.00    0.00    0.00  100.00
18:10:30      29    0.00    0.00    0.00    0.00    0.00    0.00    0.00    0.00    0.00  100.00

18:10:30     CPU    %usr   %nice    %sys %iowait    %irq   %soft  %steal  %guest  %gnice   %idle
18:10:31      12   96.00    0.00    0.00    0.00    0.00    0.00    0.00    0.00    0.00    4.00
18:10:31      13    4.08    0.00    1.02    0.00    0.00    0.00    0.00    0.00    0.00   94.90
18:10:31      28    0.00    0.00    0.00    0.00    0.00    0.00    0.00    0.00    0.00  100.00
18:10:31      29    0.00    0.00    0.00    0.00    0.00    0.00    0.00    0.00    0.00  100.00

18:10:31     CPU    %usr   %nice    %sys %iowait    %irq   %soft  %steal  %guest  %gnice   %idle
18:10:32      12   86.73    0.00    2.04    0.00    0.00    0.00    0.00    0.00    0.00   11.22
18:10:32      13   21.74    0.00    1.09    0.00    0.00    0.00    0.00    0.00    0.00   77.17
18:10:32      28    0.00    0.00    0.00    0.00    0.00    0.00    0.00    0.00    0.00  100.00
18:10:32      29    0.00    0.00    0.00    0.00    0.00    0.00    0.00    0.00    0.00  100.00

18:10:32     CPU    %usr   %nice    %sys %iowait    %irq   %soft  %steal  %guest  %gnice   %idle
18:10:33      12   69.79    0.00    1.04    0.00    0.00    0.00    0.00    0.00    0.00   29.17
18:10:33      13   38.95    0.00    2.11    0.00    0.00    0.00    0.00    0.00    0.00   58.95
18:10:33      28    0.00    0.00    0.00    0.00    0.00    0.00    0.00    0.00    0.00  100.00
18:10:33      29    0.00    0.00    0.00    0.00    0.00    0.00    0.00    0.00    0.00  100.00

18:10:33     CPU    %usr   %nice    %sys %iowait    %irq   %soft  %steal  %guest  %gnice   %idle
18:10:34      12   73.68    0.00    4.21    0.00    0.00    0.00    0.00    0.00    0.00   22.11
18:10:34      13   71.58    0.00    4.21    0.00    0.00    0.00    0.00    0.00    0.00   24.21
18:10:34      28    0.00    0.00    0.00    0.00    0.00    0.00    0.00    0.00    0.00  100.00
18:10:34      29    0.00    0.00    0.00    0.00    0.00    0.00    0.00    0.00    0.00  100.00

18:10:34     CPU    %usr   %nice    %sys %iowait    %irq   %soft  %steal  %guest  %gnice   %idle
18:10:35      12   72.92    0.00    5.21    0.00    0.00    0.00    0.00    0.00    0.00   21.88
18:10:35      13   73.74    0.00    5.05    0.00    0.00    0.00    0.00    0.00    0.00   21.21
18:10:35      28    0.00    0.00    0.00    0.00    0.00    0.00    0.00    0.00    0.00  100.00
18:10:35      29    0.00    0.00    0.00    0.00    0.00    0.00    0.00    0.00    0.00  100.00

18:10:35     CPU    %usr   %nice    %sys %iowait    %irq   %soft  %steal  %guest  %gnice   %idle
18:10:36      12   73.20    0.00    4.12    0.00    0.00    0.00    0.00    0.00    0.00   22.68
18:10:36      13   70.41    0.00    6.12    0.00    0.00    0.00    0.00    0.00    0.00   23.47
18:10:36      28    0.00    0.00    0.00    0.00    0.00    0.00    0.00    0.00    0.00  100.00
18:10:36      29    0.00    0.00    0.00    0.00    0.00    0.00    0.00    0.00    0.00  100.00

18:10:36     CPU    %usr   %nice    %sys %iowait    %irq   %soft  %steal  %guest  %gnice   %idle
18:10:37      12   73.96    0.00    4.17    0.00    0.00    0.00    0.00    0.00    0.00   21.88
18:10:37      13   72.45    0.00    4.08    0.00    0.00    0.00    0.00    0.00    0.00   23.47
18:10:37      28    0.00    0.00    0.00    0.00    0.00    0.00    0.00    0.00    0.00  100.00
18:10:37      29    0.00    0.00    0.00    0.00    0.00    0.00    0.00    0.00    0.00  100.00

18:10:37     CPU    %usr   %nice    %sys %iowait    %irq   %soft  %steal  %guest  %gnice   %idle
18:10:38      12   78.00    0.00    7.00    0.00    0.00    0.00    0.00    0.00    0.00   15.00
18:10:38      13   55.67    0.00    3.09    0.00    0.00    0.00    0.00    0.00    0.00   41.24
18:10:38      28    0.00    0.00    0.00    0.00    0.00    0.00    0.00    0.00    0.00  100.00
18:10:38      29    0.00    0.00    0.00    0.00    0.00    0.00    0.00    0.00    0.00  100.00

18:10:38     CPU    %usr   %nice    %sys %iowait    %irq   %soft  %steal  %guest  %gnice   %idle
18:10:39      12  100.00    0.00    0.00    0.00    0.00    0.00    0.00    0.00    0.00    0.00
18:10:39      13    0.00    0.00    1.00    0.00    0.00    0.00    0.00    0.00    0.00   99.00
18:10:39      28    0.00    0.00    0.00    0.00    0.00    0.00    0.00    0.00    0.00  100.00
18:10:39      29    0.00    0.00    0.00    0.00    0.00    0.00    0.00    0.00    0.00  100.00

18:10:39     CPU    %usr   %nice    %sys %iowait    %irq   %soft  %steal  %guest  %gnice   %idle
18:10:40      12  100.00    0.00    0.00    0.00    0.00    0.00    0.00    0.00    0.00    0.00
18:10:40      13    0.00    0.00    0.00    0.00    0.00    0.00    0.00    0.00    0.00  100.00
18:10:40      28    0.00    0.00    0.00    0.00    0.00    0.00    0.00    0.00    0.00  100.00
18:10:40      29    0.00    0.00    0.00    0.00    0.00    0.00    0.00    0.00    0.00  100.00

18:10:40     CPU    %usr   %nice    %sys %iowait    %irq   %soft  %steal  %guest  %gnice   %idle
18:10:41      12   85.71    0.00    1.02    0.00    0.00    0.00    0.00    0.00    0.00   13.27
18:10:41      13   18.75    0.00    1.04    0.00    0.00    0.00    0.00    0.00    0.00   80.21
18:10:41      28    0.00    0.00    0.00    0.00    0.00    0.00    0.00    0.00    0.00  100.00
18:10:41      29    0.00    0.00    0.00    0.00    0.00    0.00    0.00    0.00    0.00  100.00

18:10:41     CPU    %usr   %nice    %sys %iowait    %irq   %soft  %steal  %guest  %gnice   %idle
18:10:42      12   59.38    0.00    1.04    0.00    0.00    0.00    0.00    0.00    0.00   39.58
18:10:42      13   53.68    0.00    1.05    0.00    0.00    0.00    0.00    0.00    0.00   45.26
18:10:42      28    0.00    0.00    0.00    0.00    0.00    0.00    0.00    0.00    0.00  100.00
18:10:42      29    0.00    0.00    0.00    0.00    0.00    0.00    0.00    0.00    0.00  100.00

18:10:42     CPU    %usr   %nice    %sys %iowait    %irq   %soft  %steal  %guest  %gnice   %idle
18:10:43      12   65.96    0.00    2.13    0.00    0.00    0.00    0.00    0.00    0.00   31.91
18:10:43      13   62.50    0.00    2.08    0.00    0.00    0.00    0.00    0.00    0.00   35.42
18:10:43      28    0.00    0.00    0.00    0.00    0.00    0.00    0.00    0.00    0.00  100.00
18:10:43      29    0.00    0.00    0.00    0.00    0.00    0.00    0.00    0.00    0.00  100.00

18:10:43     CPU    %usr   %nice    %sys %iowait    %irq   %soft  %steal  %guest  %gnice   %idle
18:10:44      12   74.75    0.00    6.06    0.00    0.00    0.00    0.00    0.00    0.00   19.19
18:10:44      13   71.88    0.00    7.29    0.00    0.00    0.00    0.00    0.00    0.00   20.83
18:10:44      28    0.00    0.00    0.00    0.00    0.00    0.00    0.00    0.00    0.00  100.00
18:10:44      29    0.00    0.00    0.00    0.00    0.00    0.00    0.00    0.00    0.00  100.00

18:10:44     CPU    %usr   %nice    %sys %iowait    %irq   %soft  %steal  %guest  %gnice   %idle
18:10:45      12   74.23    0.00    5.15    0.00    0.00    0.00    0.00    0.00    0.00   20.62
18:10:45      13   76.53    0.00    3.06    0.00    0.00    0.00    0.00    0.00    0.00   20.41
18:10:45      28    0.00    0.00    0.00    0.00    0.00    0.00    0.00    0.00    0.00  100.00
18:10:45      29    0.00    0.00    0.00    0.00    0.00    0.00    0.00    0.00    0.00  100.00

18:10:45     CPU    %usr   %nice    %sys %iowait    %irq   %soft  %steal  %guest  %gnice   %idle
18:10:46      12   74.23    0.00    5.15    0.00    0.00    0.00    0.00    0.00    0.00   20.62
18:10:46      13   72.92    0.00    5.21    0.00    0.00    0.00    0.00    0.00    0.00   21.88
18:10:46      28    0.00    0.00    0.00    0.00    0.00    0.00    0.00    0.00    0.00  100.00
18:10:46      29    0.00    0.00    0.00    0.00    0.00    0.00    0.00    0.00    0.00  100.00

18:10:46     CPU    %usr   %nice    %sys %iowait    %irq   %soft  %steal  %guest  %gnice   %idle
18:10:47      12   70.41    0.00    6.12    0.00    0.00    0.00    0.00    0.00    0.00   23.47
18:10:47      13   68.09    0.00    4.26    0.00    0.00    0.00    0.00    0.00    0.00   27.66
18:10:47      28    0.00    0.00    0.00    0.00    0.00    0.00    0.00    0.00    0.00  100.00
18:10:47      29    0.00    0.00    0.00    0.00    0.00    0.00    0.00    0.00    0.00  100.00

18:10:47     CPU    %usr   %nice    %sys %iowait    %irq   %soft  %steal  %guest  %gnice   %idle
18:10:48      12   75.00    0.00    4.17    0.00    0.00    0.00    0.00    0.00    0.00   20.83
18:10:48      13   71.13    0.00    4.12    0.00    0.00    0.00    0.00    0.00    0.00   24.74
18:10:48      28    0.00    0.00    0.00    0.00    0.00    0.00    0.00    0.00    0.00  100.00
18:10:48      29    0.00    0.00    0.00    0.00    0.00    0.00    0.00    0.00    0.00  100.00

18:10:48     CPU    %usr   %nice    %sys %iowait    %irq   %soft  %steal  %guest  %gnice   %idle
18:10:49      12   76.29    0.00    4.12    0.00    0.00    0.00    0.00    0.00    0.00   19.59
18:10:49      13   72.92    0.00    5.21    0.00    0.00    0.00    0.00    0.00    0.00   21.88
18:10:49      28    0.00    0.00    0.00    0.00    0.00    0.00    0.00    0.00    0.00  100.00
18:10:49      29    0.00    0.00    0.00    0.00    0.00    0.00    0.00    0.00    0.00  100.00

18:10:49     CPU    %usr   %nice    %sys %iowait    %irq   %soft  %steal  %guest  %gnice   %idle
18:10:50      12   61.46    0.00    4.17    0.00    0.00    0.00    0.00    0.00    0.00   34.38
18:10:50      13   62.50    0.00    3.12    0.00    0.00    0.00    0.00    0.00    0.00   34.38
18:10:50      28    0.00    0.00    0.00    0.00    0.00    0.00    0.00    0.00    0.00  100.00
18:10:50      29    0.00    0.00    0.00    0.00    0.00    0.00    0.00    0.00    0.00  100.00

18:10:50     CPU    %usr   %nice    %sys %iowait    %irq   %soft  %steal  %guest  %gnice   %idle
18:10:51      12   55.21    0.00    1.04    0.00    0.00    0.00    0.00    0.00    0.00   43.75
18:10:51      13   52.63    0.00    1.05    0.00    0.00    0.00    0.00    0.00    0.00   46.32
18:10:51      28    0.00    0.00    0.00    0.00    0.00    0.00    0.00    0.00    0.00  100.00
18:10:51      29    0.00    0.00    0.00    0.00    0.00    0.00    0.00    0.00    0.00  100.00

18:10:51     CPU    %usr   %nice    %sys %iowait    %irq   %soft  %steal  %guest  %gnice   %idle
18:10:52      12   75.00    0.00    4.17    0.00    0.00    0.00    0.00    0.00    0.00   20.83
18:10:52      13   36.08    0.00    3.09    0.00    0.00    0.00    0.00    0.00    0.00   60.82
18:10:52      28    0.00    0.00    0.00    0.00    0.00    0.00    0.00    0.00    0.00  100.00
18:10:52      29    0.00    0.00    0.00    0.00    0.00    0.00    0.00    0.00    0.00  100.00

18:10:52     CPU    %usr   %nice    %sys %iowait    %irq   %soft  %steal  %guest  %gnice   %idle
18:10:53      12   73.47    0.00    8.16    0.00    0.00    0.00    0.00    0.00    0.00   18.37
18:10:53      13   71.88    0.00    6.25    0.00    0.00    0.00    0.00    0.00    0.00   21.88
18:10:53      28    0.00    0.00    0.00    0.00    0.00    0.00    0.00    0.00    0.00  100.00
18:10:53      29    0.00    0.00    0.00    0.00    0.00    0.00    0.00    0.00    0.00  100.00

18:10:53     CPU    %usr   %nice    %sys %iowait    %irq   %soft  %steal  %guest  %gnice   %idle
18:10:54      12   74.74    0.00    4.21    0.00    0.00    0.00    0.00    0.00    0.00   21.05
18:10:54      13   73.68    0.00    5.26    0.00    0.00    0.00    0.00    0.00    0.00   21.05
18:10:54      28    0.00    0.00    0.00    0.00    0.00    0.00    0.00    0.00    0.00  100.00
18:10:54      29    0.00    0.00    0.00    0.00    0.00    0.00    0.00    0.00    0.00  100.00

18:10:54     CPU    %usr   %nice    %sys %iowait    %irq   %soft  %steal  %guest  %gnice   %idle
18:10:55      12   70.53    0.00    3.16    0.00    0.00    0.00    0.00    0.00    0.00   26.32
18:10:55      13   71.43    0.00    4.08    0.00    0.00    0.00    0.00    0.00    0.00   24.49
18:10:55      28    0.00    0.00    0.00    0.00    0.00    0.00    0.00    0.00    0.00  100.00
18:10:55      29    0.00    0.00    0.00    0.00    0.00    0.00    0.00    0.00    0.00  100.00

18:10:55     CPU    %usr   %nice    %sys %iowait    %irq   %soft  %steal  %guest  %gnice   %idle
18:10:56      12   71.88    0.00    7.29    0.00    0.00    0.00    0.00    0.00    0.00   20.83
18:10:56      13   70.83    0.00    6.25    0.00    0.00    0.00    0.00    0.00    0.00   22.92
18:10:56      28    0.00    0.00    0.00    0.00    0.00    0.00    0.00    0.00    0.00  100.00
18:10:56      29    0.00    0.00    0.00    0.00    0.00    0.00    0.00    0.00    0.00  100.00

18:10:56     CPU    %usr   %nice    %sys %iowait    %irq   %soft  %steal  %guest  %gnice   %idle
18:10:57      12   72.63    0.00    5.26    0.00    0.00    0.00    0.00    0.00    0.00   22.11
18:10:57      13   74.23    0.00    5.15    0.00    0.00    0.00    0.00    0.00    0.00   20.62
18:10:57      28    0.00    0.00    0.00    0.00    0.00    0.00    0.00    0.00    0.00  100.00
18:10:57      29    0.00    0.00    0.00    0.00    0.00    0.00    0.00    0.00    0.00  100.00

18:10:57     CPU    %usr   %nice    %sys %iowait    %irq   %soft  %steal  %guest  %gnice   %idle
18:10:58      12   73.47    0.00    6.12    0.00    0.00    0.00    0.00    0.00    0.00   20.41
18:10:58      13   74.00    0.00    5.00    0.00    0.00    0.00    0.00    0.00    0.00   21.00
18:10:58      28    0.00    0.00    0.00    0.00    0.00    0.00    0.00    0.00    0.00  100.00
18:10:58      29    0.00    0.00    0.00    0.00    0.00    0.00    0.00    0.00    0.00  100.00

18:10:58     CPU    %usr   %nice    %sys %iowait    %irq   %soft  %steal  %guest  %gnice   %idle
18:10:59      12   80.61    0.00    4.08    0.00    0.00    0.00    0.00    0.00    0.00   15.31
18:10:59      13   55.79    0.00    3.16    0.00    0.00    0.00    0.00    0.00    0.00   41.05
18:10:59      28    0.00    0.00    0.00    0.00    0.00    0.00    0.00    0.00    0.00  100.00
18:10:59      29    0.00    0.00    0.00    0.00    0.00    0.00    0.00    0.00    0.00  100.00

18:10:59     CPU    %usr   %nice    %sys %iowait    %irq   %soft  %steal  %guest  %gnice   %idle
18:11:00      12   98.99    0.00    0.00    0.00    0.00    0.00    0.00    0.00    0.00    1.01
18:11:00      13    1.00    0.00    1.00    0.00    0.00    0.00    0.00    0.00    0.00   98.00
18:11:00      28    0.00    0.00    0.00    0.00    0.00    0.00    0.00    0.00    0.00  100.00
18:11:00      29    0.00    0.00    0.00    0.00    0.00    0.00    0.00    0.00    0.00  100.00

18:11:00     CPU    %usr   %nice    %sys %iowait    %irq   %soft  %steal  %guest  %gnice   %idle
18:11:01      12  100.00    0.00    0.00    0.00    0.00    0.00    0.00    0.00    0.00    0.00
18:11:01      13    0.00    0.00    0.00    0.00    0.00    0.00    0.00    0.00    0.00  100.00
18:11:01      28    0.00    0.00    0.00    0.00    0.00    0.00    0.00    0.00    0.00  100.00
18:11:01      29    0.00    0.00    0.00    0.00    0.00    0.00    0.00    0.00    0.00  100.00

18:11:01     CPU    %usr   %nice    %sys %iowait    %irq   %soft  %steal  %guest  %gnice   %idle
18:11:02      12   77.55    0.00    4.08    0.00    0.00    0.00    0.00    0.00    0.00   18.37
18:11:02      13   62.11    0.00    4.21    0.00    0.00    0.00    0.00    0.00    0.00   33.68
18:11:02      28    0.00    0.00    0.00    0.00    0.00    0.00    0.00    0.00    0.00  100.00
18:11:02      29    0.00    0.00    0.00    0.00    0.00    0.00    0.00    0.00    0.00  100.00

18:11:02     CPU    %usr   %nice    %sys %iowait    %irq   %soft  %steal  %guest  %gnice   %idle
18:11:03      12   75.51    0.00    4.08    0.00    0.00    0.00    0.00    0.00    0.00   20.41
18:11:03      13   76.53    0.00    3.06    0.00    0.00    0.00    0.00    0.00    0.00   20.41
18:11:03      28    0.00    0.00    0.00    0.00    0.00    0.00    0.00    0.00    0.00  100.00
18:11:03      29    0.00    0.00    0.00    0.00    0.00    0.00    0.00    0.00    0.00  100.00

18:11:03     CPU    %usr   %nice    %sys %iowait    %irq   %soft  %steal  %guest  %gnice   %idle
18:11:04      12   77.55    0.00    3.06    0.00    0.00    0.00    0.00    0.00    0.00   19.39
18:11:04      13   75.79    0.00    3.16    0.00    0.00    0.00    0.00    0.00    0.00   21.05
18:11:04      28    0.00    0.00    0.00    0.00    0.00    0.00    0.00    0.00    0.00  100.00
18:11:04      29    0.00    0.00    0.00    0.00    0.00    0.00    0.00    0.00    0.00  100.00

18:11:04     CPU    %usr   %nice    %sys %iowait    %irq   %soft  %steal  %guest  %gnice   %idle
18:11:05      12   72.16    0.00    4.12    0.00    0.00    0.00    0.00    0.00    0.00   23.71
18:11:05      13   72.16    0.00    4.12    0.00    0.00    0.00    0.00    0.00    0.00   23.71
18:11:05      28    0.00    0.00    0.00    0.00    0.00    0.00    0.00    0.00    0.00  100.00
18:11:05      29    0.00    0.00    0.00    0.00    0.00    0.00    0.00    0.00    0.00  100.00

18:11:05     CPU    %usr   %nice    %sys %iowait    %irq   %soft  %steal  %guest  %gnice   %idle
18:11:06      12   73.68    0.00    4.21    0.00    0.00    0.00    0.00    0.00    0.00   22.11
18:11:06      13   70.41    0.00    6.12    0.00    0.00    0.00    0.00    0.00    0.00   23.47
18:11:06      28    0.00    0.00    0.00    0.00    0.00    0.00    0.00    0.00    0.00  100.00
18:11:06      29    0.00    0.00    0.00    0.00    0.00    0.00    0.00    0.00    0.00  100.00

18:11:06     CPU    %usr   %nice    %sys %iowait    %irq   %soft  %steal  %guest  %gnice   %idle
18:11:07      12   72.92    0.00    4.17    0.00    0.00    0.00    0.00    0.00    0.00   22.92
18:11:07      13   75.00    0.00    5.21    0.00    0.00    0.00    0.00    0.00    0.00   19.79
18:11:07      28    0.00    0.00    0.00    0.00    0.00    0.00    0.00    0.00    0.00  100.00
18:11:07      29    0.00    0.00    0.00    0.00    0.00    0.00    0.00    0.00    0.00  100.00

18:11:07     CPU    %usr   %nice    %sys %iowait    %irq   %soft  %steal  %guest  %gnice   %idle
18:11:08      12   82.11    0.00    2.11    0.00    0.00    0.00    0.00    0.00    0.00   15.79
18:11:08      13   62.89    0.00    2.06    0.00    0.00    0.00    0.00    0.00    0.00   35.05
18:11:08      28    0.00    0.00    0.00    0.00    0.00    0.00    0.00    0.00    0.00  100.00
18:11:08      29    0.00    0.00    0.00    0.00    0.00    0.00    0.00    0.00    0.00  100.00

18:11:08     CPU    %usr   %nice    %sys %iowait    %irq   %soft  %steal  %guest  %gnice   %idle
18:11:09      12  100.00    0.00    0.00    0.00    0.00    0.00    0.00    0.00    0.00    0.00
18:11:09      13    0.00    0.00    0.00    0.00    0.00    0.00    0.00    0.00    0.00  100.00
18:11:09      28    0.00    0.00    0.00    0.00    0.00    0.00    0.00    0.00    0.00  100.00
18:11:09      29    0.00    0.00    0.00    0.00    0.00    0.00    0.00    0.00    0.00  100.00

18:11:09     CPU    %usr   %nice    %sys %iowait    %irq   %soft  %steal  %guest  %gnice   %idle
18:11:10      12   98.00    0.00    0.00    0.00    0.00    0.00    0.00    0.00    0.00    2.00
18:11:10      13    2.00    0.00    0.00    0.00    0.00    0.00    0.00    0.00    0.00   98.00
18:11:10      28    0.00    0.00    0.00    0.00    0.00    0.00    0.00    0.00    0.00  100.00
18:11:10      29    0.00    0.00    0.00    0.00    0.00    0.00    0.00    0.00    0.00  100.00

18:11:10     CPU    %usr   %nice    %sys %iowait    %irq   %soft  %steal  %guest  %gnice   %idle
18:11:11      12   64.95    0.00    1.03    0.00    0.00    0.00    0.00    0.00    0.00   34.02
18:11:11      13   41.24    0.00    1.03    0.00    0.00    0.00    0.00    0.00    0.00   57.73
18:11:11      28    0.00    0.00    0.00    0.00    0.00    0.00    0.00    0.00    0.00  100.00
18:11:11      29    0.00    0.00    0.00    0.00    0.00    0.00    0.00    0.00    0.00  100.00

18:11:11     CPU    %usr   %nice    %sys %iowait    %irq   %soft  %steal  %guest  %gnice   %idle
18:11:12      12   72.16    0.00    1.03    0.00    0.00    0.00    0.00    0.00    0.00   26.80
18:11:12      13   37.50    0.00    1.04    0.00    0.00    0.00    0.00    0.00    0.00   61.46
18:11:12      28    0.00    0.00    0.00    0.00    0.00    0.00    0.00    0.00    0.00  100.00
18:11:12      29    0.00    0.00    0.00    0.00    0.00    0.00    0.00    0.00    0.00  100.00

18:11:12     CPU    %usr   %nice    %sys %iowait    %irq   %soft  %steal  %guest  %gnice   %idle
18:11:13      12   80.41    0.00    3.09    0.00    0.00    0.00    0.00    0.00    0.00   16.49
18:11:13      13   38.71    0.00    2.15    0.00    0.00    0.00    0.00    0.00    0.00   59.14
18:11:13      28    0.00    0.00    0.00    0.00    0.00    0.00    0.00    0.00    0.00  100.00
18:11:13      29    0.00    0.00    0.00    0.00    0.00    0.00    0.00    0.00    0.00  100.00

18:11:13     CPU    %usr   %nice    %sys %iowait    %irq   %soft  %steal  %guest  %gnice   %idle
18:11:14      12   73.20    0.00    4.12    0.00    0.00    0.00    0.00    0.00    0.00   22.68
18:11:14      13   71.13    0.00    4.12    0.00    0.00    0.00    0.00    0.00    0.00   24.74
18:11:14      28    0.00    0.00    0.00    0.00    0.00    0.00    0.00    0.00    0.00  100.00
18:11:14      29    0.00    0.00    0.00    0.00    0.00    0.00    0.00    0.00    0.00  100.00

18:11:14     CPU    %usr   %nice    %sys %iowait    %irq   %soft  %steal  %guest  %gnice   %idle
18:11:15      12   74.74    0.00    4.21    0.00    0.00    0.00    0.00    0.00    0.00   21.05
18:11:15      13   73.40    0.00    4.26    0.00    0.00    0.00    0.00    0.00    0.00   22.34
18:11:15      28    0.00    0.00    0.00    0.00    0.00    0.00    0.00    0.00    0.00  100.00
18:11:15      29    0.00    0.00    0.00    0.00    0.00    0.00    0.00    0.00    0.00  100.00

18:11:15     CPU    %usr   %nice    %sys %iowait    %irq   %soft  %steal  %guest  %gnice   %idle
18:11:16      12   76.04    0.00    4.17    0.00    0.00    0.00    0.00    0.00    0.00   19.79
18:11:16      13   76.53    0.00    3.06    0.00    0.00    0.00    0.00    0.00    0.00   20.41
18:11:16      28    0.00    0.00    0.00    0.00    0.00    0.00    0.00    0.00    0.00  100.00
18:11:16      29    0.00    0.00    0.00    0.00    0.00    0.00    0.00    0.00    0.00  100.00

18:11:16     CPU    %usr   %nice    %sys %iowait    %irq   %soft  %steal  %guest  %gnice   %idle
18:11:17      12   73.47    0.00    6.12    0.00    0.00    0.00    0.00    0.00    0.00   20.41
18:11:17      13   69.47    0.00    7.37    0.00    0.00    0.00    0.00    0.00    0.00   23.16
18:11:17      28    0.00    0.00    0.00    0.00    0.00    0.00    0.00    0.00    0.00  100.00
18:11:17      29    0.00    0.00    0.00    0.00    0.00    0.00    0.00    0.00    0.00  100.00

18:11:17     CPU    %usr   %nice    %sys %iowait    %irq   %soft  %steal  %guest  %gnice   %idle
18:11:18      12   94.90    0.00    1.02    0.00    0.00    0.00    0.00    0.00    0.00    4.08
18:11:18      13   17.00    0.00    1.00    0.00    0.00    0.00    0.00    0.00    0.00   82.00
18:11:18      28    0.99    0.00    0.00    0.00    0.00    0.00    0.00    0.00    0.00   99.01
18:11:18      29    0.00    0.00    0.00    0.00    0.00    0.00    0.00    0.00    0.00  100.00

18:11:18     CPU    %usr   %nice    %sys %iowait    %irq   %soft  %steal  %guest  %gnice   %idle
18:11:19      12   98.00    0.00    0.00    0.00    0.00    0.00    0.00    0.00    0.00    2.00
18:11:19      13    2.02    0.00    0.00    0.00    0.00    0.00    0.00    0.00    0.00   97.98
18:11:19      28    0.00    0.00    0.00    0.00    0.00    0.00    0.00    0.00    0.00  100.00
18:11:19      29    0.00    0.00    0.00    0.00    0.00    0.00    0.00    0.00    0.00  100.00

18:11:19     CPU    %usr   %nice    %sys %iowait    %irq   %soft  %steal  %guest  %gnice   %idle
18:11:20      12   82.65    0.00    0.00    0.00    0.00    0.00    0.00    0.00    0.00   17.35
18:11:20      13   21.00    0.00    1.00    0.00    0.00    0.00    0.00    0.00    0.00   78.00
18:11:20      28    0.00    0.00    0.00    0.00    0.00    0.00    0.00    0.00    0.00  100.00
18:11:20      29    0.00    0.00    0.00    0.00    0.00    0.00    0.00    0.00    0.00  100.00

18:11:20     CPU    %usr   %nice    %sys %iowait    %irq   %soft  %steal  %guest  %gnice   %idle
18:11:21      12   79.38    0.00    1.03    0.00    0.00    0.00    0.00    0.00    0.00   19.59
18:11:21      13   28.72    0.00    1.06    0.00    0.00    0.00    0.00    0.00    0.00   70.21
18:11:21      28    0.00    0.00    0.00    0.00    0.00    0.00    0.00    0.00    0.00  100.00
18:11:21      29    0.00    0.00    0.00    0.00    0.00    0.00    0.00    0.00    0.00  100.00

18:11:21     CPU    %usr   %nice    %sys %iowait    %irq   %soft  %steal  %guest  %gnice   %idle
18:11:22      12   78.00    0.00    3.00    0.00    0.00    0.00    0.00    0.00    0.00   19.00
18:11:22      13   27.47    0.00    1.10    0.00    0.00    0.00    0.00    0.00    0.00   71.43
18:11:22      28    0.00    0.00    0.00    0.00    0.00    0.00    0.00    0.00    0.00  100.00
18:11:22      29    0.00    0.00    0.00    0.00    0.00    0.00    0.00    0.00    0.00  100.00

18:11:22     CPU    %usr   %nice    %sys %iowait    %irq   %soft  %steal  %guest  %gnice   %idle
18:11:23      12   74.23    0.00    7.22    0.00    0.00    0.00    0.00    0.00    0.00   18.56
18:11:23      13   67.71    0.00    5.21    0.00    0.00    0.00    0.00    0.00    0.00   27.08
18:11:23      28    0.00    0.00    0.00    0.00    0.00    0.00    0.00    0.00    0.00  100.00
18:11:23      29    0.00    0.00    0.00    0.00    0.00    0.00    0.00    0.00    0.00  100.00

18:11:23     CPU    %usr   %nice    %sys %iowait    %irq   %soft  %steal  %guest  %gnice   %idle
18:11:24      12   74.23    0.00    6.19    0.00    0.00    0.00    0.00    0.00    0.00   19.59
18:11:24      13   73.96    0.00    5.21    0.00    0.00    0.00    0.00    0.00    0.00   20.83
18:11:24      28    0.00    0.00    0.00    0.00    0.00    0.00    0.00    0.00    0.00  100.00
18:11:24      29    0.00    0.00    0.00    0.00    0.00    0.00    0.00    0.00    0.00  100.00

18:11:24     CPU    %usr   %nice    %sys %iowait    %irq   %soft  %steal  %guest  %gnice   %idle
18:11:25      12   71.13    0.00   12.37    0.00    0.00    0.00    0.00    0.00    0.00   16.49
18:11:25      13   55.21    0.00    5.21    0.00    0.00    0.00    0.00    0.00    0.00   39.58
18:11:25      28    0.00    0.00    0.00    0.00    0.00    0.00    0.00    0.00    0.00  100.00
18:11:25      29    0.00    0.00    0.00    0.00    0.00    0.00    0.00    0.00    0.00  100.00

18:11:25     CPU    %usr   %nice    %sys %iowait    %irq   %soft  %steal  %guest  %gnice   %idle
18:11:26      12   73.68    0.00    6.32    0.00    0.00    0.00    0.00    0.00    0.00   20.00
18:11:26      13   72.92    0.00    3.12    0.00    0.00    0.00    0.00    0.00    0.00   23.96
18:11:26      28    0.00    0.00    0.00    0.00    0.00    0.00    0.00    0.00    0.00  100.00
18:11:26      29    0.00    0.00    0.00    0.00    0.00    0.00    0.00    0.00    0.00  100.00

18:11:26     CPU    %usr   %nice    %sys %iowait    %irq   %soft  %steal  %guest  %gnice   %idle
18:11:27      12   86.73    0.00    2.04    0.00    0.00    0.00    0.00    0.00    0.00   11.22
18:11:27      13   36.00    0.00    3.00    0.00    0.00    0.00    0.00    0.00    0.00   61.00
18:11:27      28    0.00    0.00    0.00    0.00    0.00    0.00    0.00    0.00    0.00  100.00
18:11:27      29    0.00    0.00    0.00    0.00    0.00    0.00    0.00    0.00    0.00  100.00

18:11:27     CPU    %usr   %nice    %sys %iowait    %irq   %soft  %steal  %guest  %gnice   %idle
18:11:28      12  100.00    0.00    0.00    0.00    0.00    0.00    0.00    0.00    0.00    0.00
18:11:28      13    0.00    0.00    0.00    0.00    0.00    0.00    0.00    0.00    0.00  100.00
18:11:28      28    0.00    0.00    0.00    0.00    0.00    0.00    0.00    0.00    0.00  100.00
18:11:28      29    0.00    0.00    0.00    0.00    0.00    0.00    0.00    0.00    0.00  100.00

18:11:28     CPU    %usr   %nice    %sys %iowait    %irq   %soft  %steal  %guest  %gnice   %idle
18:11:29      12   95.96    0.00    0.00    0.00    0.00    0.00    0.00    0.00    0.00    4.04
18:11:29      13    4.04    0.00    0.00    0.00    0.00    0.00    0.00    0.00    0.00   95.96
18:11:29      28    0.00    0.00    0.00    0.00    0.00    0.00    0.00    0.00    0.00  100.00
18:11:29      29    0.00    0.00    0.00    0.00    0.00    0.00    0.00    0.00    0.00  100.00

18:11:29     CPU    %usr   %nice    %sys %iowait    %irq   %soft  %steal  %guest  %gnice   %idle
18:11:30      12   93.88    0.00    1.02    0.00    0.00    0.00    0.00    0.00    0.00    5.10
18:11:30      13   15.05    0.00    1.08    0.00    0.00    0.00    0.00    0.00    0.00   83.87
18:11:30      28    0.00    0.00    0.00    0.00    0.00    0.00    0.00    0.00    0.00  100.00
18:11:30      29    0.00    0.00    0.00    0.00    0.00    0.00    0.00    0.00    0.00  100.00

18:11:30     CPU    %usr   %nice    %sys %iowait    %irq   %soft  %steal  %guest  %gnice   %idle
18:11:31      12   71.13    0.00    1.03    0.00    0.00    0.00    0.00    0.00    0.00   27.84
18:11:31      13   36.56    0.00    1.08    0.00    0.00    0.00    0.00    0.00    0.00   62.37
18:11:31      28    0.00    0.00    0.00    0.00    0.00    0.00    0.00    0.00    0.00  100.00
18:11:31      29    0.00    0.00    0.00    0.00    0.00    0.00    0.00    0.00    0.00  100.00

18:11:31     CPU    %usr   %nice    %sys %iowait    %irq   %soft  %steal  %guest  %gnice   %idle
18:11:32      12   73.20    0.00    3.09    0.00    0.00    0.00    0.00    0.00    0.00   23.71
18:11:32      13   59.79    0.00    4.12    0.00    0.00    0.00    0.00    0.00    0.00   36.08
18:11:32      28    0.00    0.00    0.00    0.00    0.00    0.00    0.00    0.00    0.00  100.00
18:11:32      29    0.00    0.00    0.00    0.00    0.00    0.00    0.00    0.00    0.00  100.00

18:11:32     CPU    %usr   %nice    %sys %iowait    %irq   %soft  %steal  %guest  %gnice   %idle
18:11:33      12   72.92    0.00    6.25    0.00    0.00    0.00    0.00    0.00    0.00   20.83
18:11:33      13   72.63    0.00    5.26    0.00    0.00    0.00    0.00    0.00    0.00   22.11
18:11:33      28    0.00    0.00    0.00    0.00    0.00    0.00    0.00    0.00    0.00  100.00
18:11:33      29    0.00    0.00    0.00    0.00    0.00    0.00    0.00    0.00    0.00  100.00

18:11:33     CPU    %usr   %nice    %sys %iowait    %irq   %soft  %steal  %guest  %gnice   %idle
18:11:34      12   73.47    0.00    6.12    0.00    0.00    0.00    0.00    0.00    0.00   20.41
18:11:34      13   71.72    0.00    6.06    0.00    0.00    0.00    0.00    0.00    0.00   22.22
18:11:34      28    0.00    0.00    0.00    0.00    0.00    0.00    0.00    0.00    0.00  100.00
18:11:34      29    0.00    0.00    0.00    0.00    0.00    0.00    0.00    0.00    0.00  100.00

18:11:34     CPU    %usr   %nice    %sys %iowait    %irq   %soft  %steal  %guest  %gnice   %idle
18:11:35      12   73.74    0.00    5.05    0.00    0.00    0.00    0.00    0.00    0.00   21.21
18:11:35      13   70.21    0.00    5.32    0.00    0.00    0.00    0.00    0.00    0.00   24.47
18:11:35      28    0.00    0.00    0.00    0.00    0.00    0.00    0.00    0.00    0.00  100.00
18:11:35      29    0.00    0.00    0.00    0.00    0.00    0.00    0.00    0.00    0.00  100.00

18:11:35     CPU    %usr   %nice    %sys %iowait    %irq   %soft  %steal  %guest  %gnice   %idle
18:11:36      12   71.43    0.00    3.06    0.00    0.00    0.00    0.00    0.00    0.00   25.51
18:11:36      13   67.35    0.00    4.08    0.00    0.00    0.00    0.00    0.00    0.00   28.57
18:11:36      28    0.00    0.00    0.00    0.00    0.00    0.00    0.00    0.00    0.00  100.00
18:11:36      29    0.00    0.00    0.00    0.00    0.00    0.00    0.00    0.00    0.00  100.00

18:11:36     CPU    %usr   %nice    %sys %iowait    %irq   %soft  %steal  %guest  %gnice   %idle
18:11:37      12  100.00    0.00    0.00    0.00    0.00    0.00    0.00    0.00    0.00    0.00
18:11:37      13    0.00    0.00    0.00    0.00    0.00    0.00    0.00    0.00    0.00  100.00
18:11:37      28    0.00    0.00    0.00    0.00    0.00    0.00    0.00    0.00    0.00  100.00
18:11:37      29    0.00    0.00    0.00    0.00    0.00    0.00    0.00    0.00    0.00  100.00

18:11:37     CPU    %usr   %nice    %sys %iowait    %irq   %soft  %steal  %guest  %gnice   %idle
18:11:38      12   98.99    0.00    0.00    0.00    0.00    0.00    0.00    0.00    0.00    1.01
18:11:38      13    2.00    0.00    0.00    0.00    0.00    0.00    0.00    0.00    0.00   98.00
18:11:38      28    0.00    0.00    0.00    0.00    0.00    0.00    0.00    0.00    0.00  100.00
18:11:38      29    0.00    0.00    0.00    0.00    0.00    0.00    0.00    0.00    0.00  100.00

18:11:38     CPU    %usr   %nice    %sys %iowait    %irq   %soft  %steal  %guest  %gnice   %idle
18:11:39      12   69.07    0.00    1.03    0.00    0.00    0.00    0.00    0.00    0.00   29.90
18:11:39      13   37.11    0.00    1.03    0.00    0.00    0.00    0.00    0.00    0.00   61.86
18:11:39      28    0.00    0.00    0.00    0.00    0.00    0.00    0.00    0.00    0.00  100.00
18:11:39      29    0.00    0.00    0.00    0.00    0.00    0.00    0.00    0.00    0.00  100.00

18:11:39     CPU    %usr   %nice    %sys %iowait    %irq   %soft  %steal  %guest  %gnice   %idle
18:11:40      12   72.45    0.00    1.02    0.00    0.00    0.00    0.00    0.00    0.00   26.53
18:11:40      13   36.17    0.00    1.06    0.00    0.00    0.00    0.00    0.00    0.00   62.77
18:11:40      28    0.00    0.00    0.00    0.00    0.00    0.00    0.00    0.00    0.00  100.00
18:11:40      29    0.00    0.00    0.00    0.00    0.00    0.00    0.00    0.00    0.00  100.00

18:11:40     CPU    %usr   %nice    %sys %iowait    %irq   %soft  %steal  %guest  %gnice   %idle
18:11:41      12   86.46    0.00    3.12    0.00    0.00    0.00    0.00    0.00    0.00   10.42
18:11:41      13   34.04    0.00    2.13    0.00    0.00    0.00    0.00    0.00    0.00   63.83
18:11:41      28    0.00    0.00    0.00    0.00    0.00    0.00    0.00    0.00    0.00  100.00
18:11:41      29    0.00    0.00    0.00    0.00    0.00    0.00    0.00    0.00    0.00  100.00

18:11:41     CPU    %usr   %nice    %sys %iowait    %irq   %soft  %steal  %guest  %gnice   %idle
18:11:42      12   75.00    0.00    4.17    0.00    0.00    0.00    0.00    0.00    0.00   20.83
18:11:42      13   76.29    0.00    2.06    0.00    0.00    0.00    0.00    0.00    0.00   21.65
18:11:42      28    0.00    0.00    0.00    0.00    0.00    0.00    0.00    0.00    0.00  100.00
18:11:42      29    0.00    0.00    0.00    0.00    0.00    0.00    0.00    0.00    0.00  100.00

18:11:42     CPU    %usr   %nice    %sys %iowait    %irq   %soft  %steal  %guest  %gnice   %idle
18:11:43      12   75.26    0.00    4.12    0.00    0.00    0.00    0.00    0.00    0.00   20.62
18:11:43      13   74.49    0.00    3.06    0.00    0.00    0.00    0.00    0.00    0.00   22.45
18:11:43      28    0.00    0.00    0.00    0.00    0.00    0.00    0.00    0.00    0.00  100.00
18:11:43      29    0.00    0.00    0.00    0.00    0.00    0.00    0.00    0.00    0.00  100.00

18:11:43     CPU    %usr   %nice    %sys %iowait    %irq   %soft  %steal  %guest  %gnice   %idle
18:11:44      12   70.71    0.00    5.05    0.00    0.00    0.00    0.00    0.00    0.00   24.24
18:11:44      13   70.10    0.00    5.15    0.00    0.00    0.00    0.00    0.00    0.00   24.74
18:11:44      28    0.00    0.00    0.00    0.00    0.00    0.00    0.00    0.00    0.00  100.00
18:11:44      29    0.00    0.00    0.00    0.00    0.00    0.00    0.00    0.00    0.00  100.00

18:11:44     CPU    %usr   %nice    %sys %iowait    %irq   %soft  %steal  %guest  %gnice   %idle
18:11:45      12   73.96    0.00    5.21    0.00    0.00    0.00    0.00    0.00    0.00   20.83
18:11:45      13   73.40    0.00    4.26    0.00    0.00    0.00    0.00    0.00    0.00   22.34
18:11:45      28    0.00    0.00    0.00    0.00    0.00    0.00    0.00    0.00    0.00  100.00
18:11:45      29    0.00    0.00    0.00    0.00    0.00    0.00    0.00    0.00    0.00  100.00

18:11:45     CPU    %usr   %nice    %sys %iowait    %irq   %soft  %steal  %guest  %gnice   %idle
18:11:46      12   76.29    0.00    3.09    0.00    0.00    0.00    0.00    0.00    0.00   20.62
18:11:46      13   72.92    0.00    5.21    0.00    0.00    0.00    0.00    0.00    0.00   21.88
18:11:46      28    0.00    0.00    0.00    0.00    0.00    0.00    0.00    0.00    0.00  100.00
18:11:46      29    0.00    0.00    0.00    0.00    0.00    0.00    0.00    0.00    0.00  100.00

18:11:46     CPU    %usr   %nice    %sys %iowait    %irq   %soft  %steal  %guest  %gnice   %idle
18:11:47      12   73.68    0.00    5.26    0.00    0.00    0.00    0.00    0.00    0.00   21.05
18:11:47      13   74.75    0.00    5.05    0.00    0.00    0.00    0.00    0.00    0.00   20.20
18:11:47      28    0.00    0.00    0.00    0.00    0.00    0.00    0.00    0.00    0.00  100.00
18:11:47      29    0.00    0.00    0.00    0.00    0.00    0.00    0.00    0.00    0.00  100.00

18:11:47     CPU    %usr   %nice    %sys %iowait    %irq   %soft  %steal  %guest  %gnice   %idle
18:11:48      12   63.92    0.00    3.09    0.00    0.00    0.00    0.00    0.00    0.00   32.99
18:11:48      13   64.89    0.00    3.19    0.00    0.00    0.00    0.00    0.00    0.00   31.91
18:11:48      28    0.00    0.00    0.00    0.00    0.00    0.00    0.00    0.00    0.00  100.00
18:11:48      29    0.00    0.00    0.00    0.00    0.00    0.00    0.00    0.00    0.00  100.00

18:11:48     CPU    %usr   %nice    %sys %iowait    %irq   %soft  %steal  %guest  %gnice   %idle
18:11:49      12   73.68    0.00    1.05    0.00    0.00    0.00    0.00    0.00    0.00   25.26
18:11:49      13   33.68    0.00    1.05    0.00    0.00    0.00    0.00    0.00    0.00   65.26
18:11:49      28    0.00    0.00    0.00    0.00    0.00    0.00    0.00    0.00    0.00  100.00
18:11:49      29    0.00    0.00    0.00    0.00    0.00    0.00    0.00    0.00    0.00  100.00

18:11:49     CPU    %usr   %nice    %sys %iowait    %irq   %soft  %steal  %guest  %gnice   %idle
18:11:50      12   83.84    0.00    4.04    0.00    0.00    0.00    0.00    0.00    0.00   12.12
18:11:50      13   25.00    0.00    2.17    0.00    0.00    0.00    0.00    0.00    0.00   72.83
18:11:50      28    0.00    0.00    0.00    0.00    0.00    0.00    0.00    0.00    0.00  100.00
18:11:50      29    0.00    0.00    0.00    0.00    0.00    0.00    0.00    0.00    0.00  100.00

18:11:50     CPU    %usr   %nice    %sys %iowait    %irq   %soft  %steal  %guest  %gnice   %idle
18:11:51      12   76.29    0.00    4.12    0.00    0.00    0.00    0.00    0.00    0.00   19.59
18:11:51      13   75.00    0.00    2.08    0.00    0.00    0.00    0.00    0.00    0.00   22.92
18:11:51      28    0.00    0.00    0.00    0.00    0.00    0.00    0.00    0.00    0.00  100.00
18:11:51      29    0.00    0.00    0.00    0.00    0.00    0.00    0.00    0.00    0.00  100.00

18:11:51     CPU    %usr   %nice    %sys %iowait    %irq   %soft  %steal  %guest  %gnice   %idle
18:11:52      12   73.74    0.00    4.04    0.00    0.00    0.00    0.00    0.00    0.00   22.22
18:11:52      13   74.49    0.00    5.10    0.00    0.00    0.00    0.00    0.00    0.00   20.41
18:11:52      28    0.00    0.00    0.00    0.00    0.00    0.00    0.00    0.00    0.00  100.00
18:11:52      29    0.00    0.00    0.00    0.00    0.00    0.00    0.00    0.00    0.00  100.00

18:11:52     CPU    %usr   %nice    %sys %iowait    %irq   %soft  %steal  %guest  %gnice   %idle
18:11:53      12   71.58    0.00    7.37    0.00    0.00    0.00    0.00    0.00    0.00   21.05
18:11:53      13   73.68    0.00    5.26    0.00    0.00    0.00    0.00    0.00    0.00   21.05
18:11:53      28    0.00    0.00    0.00    0.00    0.00    0.00    0.00    0.00    0.00  100.00
18:11:53      29    0.00    0.00    0.00    0.00    0.00    0.00    0.00    0.00    0.00  100.00

18:11:53     CPU    %usr   %nice    %sys %iowait    %irq   %soft  %steal  %guest  %gnice   %idle
18:11:54      12   72.45    0.00    8.16    0.00    0.00    0.00    0.00    0.00    0.00   19.39
18:11:54      13   60.42    0.00    5.21    0.00    0.00    0.00    0.00    0.00    0.00   34.38
18:11:54      28    0.00    0.00    0.00    0.00    0.00    0.00    0.00    0.00    0.00  100.00
18:11:54      29    0.00    0.00    0.00    0.00    0.00    0.00    0.00    0.00    0.00  100.00

18:11:54     CPU    %usr   %nice    %sys %iowait    %irq   %soft  %steal  %guest  %gnice   %idle
18:11:55      12   73.20    0.00    5.15    0.00    0.00    0.00    0.00    0.00    0.00   21.65
18:11:55      13   72.92    0.00    4.17    0.00    0.00    0.00    0.00    0.00    0.00   22.92
18:11:55      28    0.00    0.00    0.00    0.00    0.00    0.00    0.00    0.00    0.00  100.00
18:11:55      29    0.00    0.00    0.00    0.00    0.00    0.00    0.00    0.00    0.00  100.00

18:11:55     CPU    %usr   %nice    %sys %iowait    %irq   %soft  %steal  %guest  %gnice   %idle
18:11:56      12   72.45    0.00    5.10    0.00    0.00    0.00    0.00    0.00    0.00   22.45
18:11:56      13   74.23    0.00    5.15    0.00    0.00    0.00    0.00    0.00    0.00   20.62
18:11:56      28    0.00    0.00    0.00    0.00    0.00    0.00    0.00    0.00    0.00  100.00
18:11:56      29    0.00    0.00    0.00    0.00    0.00    0.00    0.00    0.00    0.00  100.00

18:11:56     CPU    %usr   %nice    %sys %iowait    %irq   %soft  %steal  %guest  %gnice   %idle
18:11:57      12   82.11    0.00    3.16    0.00    0.00    0.00    0.00    0.00    0.00   14.74
18:11:57      13   52.58    0.00    4.12    0.00    0.00    0.00    0.00    0.00    0.00   43.30
18:11:57      28    0.00    0.00    0.00    0.00    0.00    0.00    0.00    0.00    0.00  100.00
18:11:57      29    0.00    0.00    0.00    0.00    0.00    0.00    0.00    0.00    0.00  100.00

18:11:57     CPU    %usr   %nice    %sys %iowait    %irq   %soft  %steal  %guest  %gnice   %idle
18:11:58      12   95.00    0.00    0.00    0.00    0.00    0.00    0.00    0.00    0.00    5.00
18:11:58      13    5.00    0.00    0.00    0.00    0.00    0.00    0.00    0.00    0.00   95.00
18:11:58      28    0.00    0.00    0.00    0.00    0.00    0.00    0.00    0.00    0.00  100.00
18:11:58      29    0.00    0.00    0.00    0.00    0.00    0.00    0.00    0.00    0.00  100.00

18:11:58     CPU    %usr   %nice    %sys %iowait    %irq   %soft  %steal  %guest  %gnice   %idle
18:11:59      12  100.00    0.00    0.00    0.00    0.00    0.00    0.00    0.00    0.00    0.00
18:11:59      13    0.00    0.00    0.00    0.00    0.00    0.00    0.00    0.00    0.00  100.00
18:11:59      28    0.00    0.00    0.00    0.00    0.00    0.00    0.00    0.00    0.00  100.00
18:11:59      29    0.00    0.00    0.00    0.00    0.00    0.00    0.00    0.00    0.00  100.00

18:11:59     CPU    %usr   %nice    %sys %iowait    %irq   %soft  %steal  %guest  %gnice   %idle
18:12:00      12   78.79    0.00    4.04    0.00    0.00    0.00    0.00    0.00    0.00   17.17
18:12:00      13   65.98    0.00    3.09    0.00    0.00    0.00    0.00    0.00    0.00   30.93
18:12:00      28    0.00    0.00    0.00    0.00    0.00    0.00    0.00    0.00    0.00  100.00
18:12:00      29    0.00    0.00    0.00    0.00    0.00    0.00    0.00    0.00    0.00  100.00

18:12:00     CPU    %usr   %nice    %sys %iowait    %irq   %soft  %steal  %guest  %gnice   %idle
18:12:01      12   73.40    0.00    6.38    0.00    0.00    0.00    0.00    0.00    0.00   20.21
18:12:01      13   71.88    0.00    5.21    0.00    0.00    0.00    0.00    0.00    0.00   22.92
18:12:01      28    0.00    0.00    0.00    0.00    0.00    0.00    0.00    0.00    0.00  100.00
18:12:01      29    0.00    0.00    0.00    0.00    0.00    0.00    0.00    0.00    0.00  100.00

18:12:01     CPU    %usr   %nice    %sys %iowait    %irq   %soft  %steal  %guest  %gnice   %idle
18:12:02      12   70.41    0.00    6.12    0.00    0.00    0.00    0.00    0.00    0.00   23.47
18:12:02      13   72.34    0.00    5.32    0.00    0.00    0.00    0.00    0.00    0.00   22.34
18:12:02      28    0.00    0.00    0.00    0.00    0.00    0.00    0.00    0.00    0.00  100.00
18:12:02      29    0.00    0.00    0.00    0.00    0.00    0.00    0.00    0.00    0.00  100.00

18:12:02     CPU    %usr   %nice    %sys %iowait    %irq   %soft  %steal  %guest  %gnice   %idle
18:12:03      12   71.13    0.00    6.19    0.00    0.00    0.00    0.00    0.00    0.00   22.68
18:12:03      13   69.79    0.00    6.25    0.00    0.00    0.00    0.00    0.00    0.00   23.96
18:12:03      28    0.00    0.00    0.00    0.00    0.00    0.00    0.00    0.00    0.00  100.00
18:12:03      29    0.00    0.00    0.00    0.00    0.00    0.00    0.00    0.00    0.00  100.00

18:12:03     CPU    %usr   %nice    %sys %iowait    %irq   %soft  %steal  %guest  %gnice   %idle
18:12:04      12   73.20    0.00    6.19    0.00    0.00    0.00    0.00    0.00    0.00   20.62
18:12:04      13   71.72    0.00    7.07    0.00    0.00    0.00    0.00    0.00    0.00   21.21
18:12:04      28    0.00    0.00    0.00    0.00    0.00    0.00    0.00    0.00    0.00  100.00
18:12:04      29    0.00    0.00    0.00    0.00    0.00    0.00    0.00    0.00    0.00  100.00

18:12:04     CPU    %usr   %nice    %sys %iowait    %irq   %soft  %steal  %guest  %gnice   %idle
18:12:05      12   75.26    0.00    5.15    0.00    0.00    0.00    0.00    0.00    0.00   19.59
18:12:05      13   75.26    0.00    4.12    0.00    0.00    0.00    0.00    0.00    0.00   20.62
18:12:05      28    0.00    0.00    0.00    0.00    0.00    0.00    0.00    0.00    0.00  100.00
18:12:05      29    0.00    0.00    0.00    0.00    0.00    0.00    0.00    0.00    0.00  100.00

18:12:05     CPU    %usr   %nice    %sys %iowait    %irq   %soft  %steal  %guest  %gnice   %idle
18:12:06      12   76.29    0.00    4.12    0.00    0.00    0.00    0.00    0.00    0.00   19.59
18:12:06      13   76.29    0.00    3.09    0.00    0.00    0.00    0.00    0.00    0.00   20.62
18:12:06      28    0.00    0.00    0.00    0.00    0.00    0.00    0.00    0.00    0.00  100.00
18:12:06      29    0.00    0.00    0.00    0.00    0.00    0.00    0.00    0.00    0.00  100.00

18:12:06     CPU    %usr   %nice    %sys %iowait    %irq   %soft  %steal  %guest  %gnice   %idle
18:12:07      12   98.00    0.00    0.00    0.00    0.00    0.00    0.00    0.00    0.00    2.00
18:12:07      13    2.02    0.00    0.00    0.00    0.00    0.00    0.00    0.00    0.00   97.98
18:12:07      28    0.00    0.00    0.00    0.00    0.00    0.00    0.00    0.00    0.00  100.00
18:12:07      29    0.00    0.00    0.00    0.00    0.00    0.00    0.00    0.00    0.00  100.00

18:12:07     CPU    %usr   %nice    %sys %iowait    %irq   %soft  %steal  %guest  %gnice   %idle
18:12:08      12   97.98    0.00    0.00    0.00    0.00    0.00    0.00    0.00    0.00    2.02
18:12:08      13    1.98    0.00    0.00    0.00    0.00    0.00    0.00    0.00    0.00   98.02
18:12:08      28    0.00    0.00    0.00    0.00    0.00    0.00    0.00    0.00    0.00  100.00
18:12:08      29    0.00    0.00    0.00    0.00    0.00    0.00    0.00    0.00    0.00  100.00

18:12:08     CPU    %usr   %nice    %sys %iowait    %irq   %soft  %steal  %guest  %gnice   %idle
18:12:09      12   72.45    0.00    1.02    0.00    0.00    0.00    0.00    0.00    0.00   26.53
18:12:09      13   32.65    0.00    1.02    0.00    0.00    0.00    0.00    0.00    0.00   66.33
18:12:09      28    0.00    0.00    0.00    0.00    0.00    0.00    0.00    0.00    0.00  100.00
18:12:09      29    0.00    0.00    0.00    0.00    0.00    0.00    0.00    0.00    0.00  100.00

18:12:09     CPU    %usr   %nice    %sys %iowait    %irq   %soft  %steal  %guest  %gnice   %idle
18:12:10      12   56.84    0.00    1.05    0.00    0.00    0.00    0.00    0.00    0.00   42.11
18:12:10      13   52.08    0.00    1.04    0.00    0.00    0.00    0.00    0.00    0.00   46.88
18:12:10      28    0.00    0.00    0.00    0.00    0.00    0.00    0.00    0.00    0.00  100.00
18:12:10      29    0.00    0.00    0.00    0.00    0.00    0.00    0.00    0.00    0.00  100.00

18:12:10     CPU    %usr   %nice    %sys %iowait    %irq   %soft  %steal  %guest  %gnice   %idle
18:12:11      12   53.68    0.00    1.05    0.00    0.00    0.00    0.00    0.00    0.00   45.26
18:12:11      13   58.76    0.00    2.06    0.00    0.00    0.00    0.00    0.00    0.00   39.18
18:12:11      28    0.00    0.00    0.00    0.00    0.00    0.00    0.00    0.00    0.00  100.00
18:12:11      29    0.00    0.00    0.00    0.00    0.00    0.00    0.00    0.00    0.00  100.00

18:12:11     CPU    %usr   %nice    %sys %iowait    %irq   %soft  %steal  %guest  %gnice   %idle
18:12:12      12   72.45    0.00    7.14    0.00    0.00    0.00    0.00    0.00    0.00   20.41
18:12:12      13   70.83    0.00    8.33    0.00    0.00    0.00    0.00    0.00    0.00   20.83
18:12:12      28    0.00    0.00    0.00    0.00    0.00    0.00    0.00    0.00    0.00  100.00
18:12:12      29    0.00    0.00    0.00    0.00    0.00    0.00    0.00    0.00    0.00  100.00

18:12:12     CPU    %usr   %nice    %sys %iowait    %irq   %soft  %steal  %guest  %gnice   %idle
18:12:13      12   72.45    0.00    4.08    0.00    0.00    0.00    0.00    0.00    0.00   23.47
18:12:13      13   70.41    0.00    4.08    0.00    0.00    0.00    0.00    0.00    0.00   25.51
18:12:13      28    0.00    0.00    0.00    0.00    0.00    0.00    0.00    0.00    0.00  100.00
18:12:13      29    0.00    0.00    0.00    0.00    0.00    0.00    0.00    0.00    0.00  100.00

18:12:13     CPU    %usr   %nice    %sys %iowait    %irq   %soft  %steal  %guest  %gnice   %idle
18:12:14      12   70.41    0.00   11.22    0.00    0.00    0.00    0.00    0.00    0.00   18.37
18:12:14      13   60.20    0.00    6.12    0.00    0.00    0.00    0.00    0.00    0.00   33.67
18:12:14      28    0.00    0.00    0.00    0.00    0.00    0.00    0.00    0.00    0.00  100.00
18:12:14      29    0.00    0.00    0.00    0.00    0.00    0.00    0.00    0.00    0.00  100.00

18:12:14     CPU    %usr   %nice    %sys %iowait    %irq   %soft  %steal  %guest  %gnice   %idle
18:12:15      12   72.92    0.00    7.29    0.00    0.00    0.00    0.00    0.00    0.00   19.79
18:12:15      13   69.15    0.00    5.32    0.00    0.00    0.00    0.00    0.00    0.00   25.53
18:12:15      28    0.00    0.00    0.00    0.00    0.00    0.00    0.00    0.00    0.00  100.00
18:12:15      29    0.00    0.00    0.00    0.00    0.00    0.00    0.00    0.00    0.00  100.00

18:12:15     CPU    %usr   %nice    %sys %iowait    %irq   %soft  %steal  %guest  %gnice   %idle
18:12:16      12   80.61    0.00    3.06    0.00    0.00    0.00    0.00    0.00    0.00   16.33
18:12:16      13   53.12    0.00    3.12    0.00    0.00    0.00    0.00    0.00    0.00   43.75
18:12:16      28    0.00    0.00    0.00    0.00    0.00    0.00    0.00    0.00    0.00  100.00
18:12:16      29    0.00    0.00    0.00    0.00    0.00    0.00    0.00    0.00    0.00  100.00

18:12:16     CPU    %usr   %nice    %sys %iowait    %irq   %soft  %steal  %guest  %gnice   %idle
18:12:17      12   98.00    0.00    0.00    0.00    0.00    0.00    0.00    0.00    0.00    2.00
18:12:17      13    1.98    0.00    0.99    0.00    0.00    0.00    0.00    0.00    0.00   97.03
18:12:17      28    0.00    0.00    0.00    0.00    0.00    0.00    0.00    0.00    0.00  100.00
18:12:17      29    0.00    0.00    0.00    0.00    0.00    0.00    0.00    0.00    0.00  100.00

18:12:17     CPU    %usr   %nice    %sys %iowait    %irq   %soft  %steal  %guest  %gnice   %idle
18:12:18      12  100.00    0.00    0.00    0.00    0.00    0.00    0.00    0.00    0.00    0.00
18:12:18      13    0.00    0.00    0.00    0.00    0.00    0.00    0.00    0.00    0.00  100.00
18:12:18      28    0.00    0.00    0.00    0.00    0.00    0.00    0.00    0.00    0.00  100.00
18:12:18      29    0.00    0.00    0.00    0.00    0.00    0.00    0.00    0.00    0.00  100.00

18:12:18     CPU    %usr   %nice    %sys %iowait    %irq   %soft  %steal  %guest  %gnice   %idle
18:12:19      12   59.38    0.00    1.04    0.00    0.00    0.00    0.00    0.00    0.00   39.58
18:12:19      13   48.96    0.00    0.00    0.00    0.00    0.00    0.00    0.00    0.00   51.04
18:12:19      28    0.00    0.00    0.00    0.00    0.00    0.00    0.00    0.00    0.00  100.00
18:12:19      29    0.00    0.00    0.00    0.00    0.00    0.00    0.00    0.00    0.00  100.00

18:12:19     CPU    %usr   %nice    %sys %iowait    %irq   %soft  %steal  %guest  %gnice   %idle
18:12:20      12   57.89    0.00    0.00    0.00    0.00    0.00    0.00    0.00    0.00   42.11
18:12:20      13   57.29    0.00    1.04    0.00    0.00    0.00    0.00    0.00    0.00   41.67
18:12:20      28    0.00    0.00    0.00    0.00    0.00    0.00    0.00    0.00    0.00  100.00
18:12:20      29    0.00    0.00    0.00    0.00    0.00    0.00    0.00    0.00    0.00  100.00

18:12:20     CPU    %usr   %nice    %sys %iowait    %irq   %soft  %steal  %guest  %gnice   %idle
18:12:21      12   67.01    0.00    4.12    0.00    0.00    0.00    0.00    0.00    0.00   28.87
18:12:21      13   66.33    0.00    4.08    0.00    0.00    0.00    0.00    0.00    0.00   29.59
18:12:21      28    0.00    0.00    0.00    0.00    0.00    0.00    0.00    0.00    0.00  100.00
18:12:21      29    0.00    0.00    0.00    0.00    0.00    0.00    0.00    0.00    0.00  100.00

18:12:21     CPU    %usr   %nice    %sys %iowait    %irq   %soft  %steal  %guest  %gnice   %idle
18:12:22      12   74.49    0.00    5.10    0.00    0.00    0.00    0.00    0.00    0.00   20.41
18:12:22      13   70.10    0.00    7.22    0.00    0.00    0.00    0.00    0.00    0.00   22.68
18:12:22      28    0.00    0.00    0.00    0.00    0.00    0.00    0.00    0.00    0.00  100.00
18:12:22      29    0.00    0.00    0.00    0.00    0.00    0.00    0.00    0.00    0.00  100.00

18:12:22     CPU    %usr   %nice    %sys %iowait    %irq   %soft  %steal  %guest  %gnice   %idle
18:12:23      12   73.20    0.00    7.22    0.00    0.00    0.00    0.00    0.00    0.00   19.59
18:12:23      13   71.13    0.00    5.15    0.00    0.00    0.00    0.00    0.00    0.00   23.71
18:12:23      28    0.99    0.00    0.00    0.00    0.00    0.00    0.00    0.00    0.00   99.01
18:12:23      29    0.00    0.00    0.00    0.00    0.00    0.00    0.00    0.00    0.00  100.00

18:12:23     CPU    %usr   %nice    %sys %iowait    %irq   %soft  %steal  %guest  %gnice   %idle
18:12:24      12   72.92    0.00    5.21    0.00    0.00    0.00    0.00    0.00    0.00   21.88
18:12:24      13   72.16    0.00    6.19    0.00    0.00    0.00    0.00    0.00    0.00   21.65
18:12:24      28    0.00    0.00    0.00    0.00    0.00    0.00    0.00    0.00    0.00  100.00
18:12:24      29    0.00    0.00    0.00    0.00    0.00    0.00    0.00    0.00    0.00  100.00

18:12:24     CPU    %usr   %nice    %sys %iowait    %irq   %soft  %steal  %guest  %gnice   %idle
18:12:25      12   73.47    0.00    5.10    0.00    0.00    0.00    0.00    0.00    0.00   21.43
18:12:25      13   70.83    0.00    4.17    0.00    0.00    0.00    0.00    0.00    0.00   25.00
18:12:25      28    0.00    0.00    0.00    0.00    0.00    0.00    0.00    0.00    0.00  100.00
18:12:25      29    0.00    0.00    0.00    0.00    0.00    0.00    0.00    0.00    0.00  100.00

18:12:25     CPU    %usr   %nice    %sys %iowait    %irq   %soft  %steal  %guest  %gnice   %idle
18:12:26      12   99.00    0.00    0.00    0.00    0.00    0.00    0.00    0.00    0.00    1.00
18:12:26      13    0.99    0.00    0.99    0.00    0.00    0.00    0.00    0.00    0.00   98.02
18:12:26      28    0.00    0.00    0.00    0.00    0.00    0.00    0.00    0.00    0.00  100.00
18:12:26      29    0.00    0.00    0.00    0.00    0.00    0.00    0.00    0.00    0.00  100.00

18:12:26     CPU    %usr   %nice    %sys %iowait    %irq   %soft  %steal  %guest  %gnice   %idle
18:12:27      12   98.00    0.00    0.00    0.00    0.00    0.00    0.00    0.00    0.00    2.00
18:12:27      13    2.00    0.00    0.00    0.00    0.00    0.00    0.00    0.00    0.00   98.00
18:12:27      28    0.00    0.00    0.00    0.00    0.00    0.00    0.00    0.00    0.00  100.00
18:12:27      29    0.00    0.00    0.00    0.00    0.00    0.00    0.00    0.00    0.00  100.00

18:12:27     CPU    %usr   %nice    %sys %iowait    %irq   %soft  %steal  %guest  %gnice   %idle
18:12:28      12   95.92    0.00    0.00    0.00    0.00    0.00    0.00    0.00    0.00    4.08
18:12:28      13   16.67    0.00    0.00    0.00    0.00    0.00    0.00    0.00    0.00   83.33
18:12:28      28    0.00    0.00    0.00    0.00    0.00    0.00    0.00    0.00    0.00  100.00
18:12:28      29    0.00    0.00    0.00    0.00    0.00    0.00    0.00    0.00    0.00  100.00

18:12:28     CPU    %usr   %nice    %sys %iowait    %irq   %soft  %steal  %guest  %gnice   %idle
18:12:29      12   76.77    0.00    3.03    0.00    0.00    0.00    0.00    0.00    0.00   20.20
18:12:29      13   34.41    0.00    1.08    0.00    0.00    0.00    0.00    0.00    0.00   64.52
18:12:29      28    0.00    0.00    0.00    0.00    0.00    0.00    0.00    0.00    0.00  100.00
18:12:29      29    0.00    0.00    0.00    0.00    0.00    0.00    0.00    0.00    0.00  100.00

18:12:29     CPU    %usr   %nice    %sys %iowait    %irq   %soft  %steal  %guest  %gnice   %idle
18:12:30      12   57.89    0.00    1.05    0.00    0.00    0.00    0.00    0.00    0.00   41.05
18:12:30      13   55.21    0.00    2.08    0.00    0.00    0.00    0.00    0.00    0.00   42.71
18:12:30      28    0.00    0.00    0.00    0.00    0.00    0.00    0.00    0.00    0.00  100.00
18:12:30      29    0.00    0.00    0.00    0.00    0.00    0.00    0.00    0.00    0.00  100.00

18:12:30     CPU    %usr   %nice    %sys %iowait    %irq   %soft  %steal  %guest  %gnice   %idle
18:12:31      12   75.53    0.00    5.32    0.00    0.00    0.00    0.00    0.00    0.00   19.15
18:12:31      13   73.96    0.00    6.25    0.00    0.00    0.00    0.00    0.00    0.00   19.79
18:12:31      28    0.00    0.00    0.00    0.00    0.00    0.00    0.00    0.00    0.00  100.00
18:12:31      29    0.00    0.00    0.00    0.00    0.00    0.00    0.00    0.00    0.00  100.00

18:12:31     CPU    %usr   %nice    %sys %iowait    %irq   %soft  %steal  %guest  %gnice   %idle
18:12:32      12   72.00    0.00    7.00    0.00    0.00    0.00    0.00    0.00    0.00   21.00
18:12:32      13   72.16    0.00    5.15    0.00    0.00    0.00    0.00    0.00    0.00   22.68
18:12:32      28    0.00    0.00    0.00    0.00    0.00    0.00    0.00    0.00    0.00  100.00
18:12:32      29    0.00    0.00    0.00    0.00    0.00    0.00    0.00    0.00    0.00  100.00

18:12:32     CPU    %usr   %nice    %sys %iowait    %irq   %soft  %steal  %guest  %gnice   %idle
18:12:33      12   69.70    0.00    5.05    0.00    0.00    0.00    0.00    0.00    0.00   25.25
18:12:33      13   70.00    0.00    5.00    0.00    0.00    0.00    0.00    0.00    0.00   25.00
18:12:33      28    0.00    0.00    0.00    0.00    0.00    0.00    0.00    0.00    0.00  100.00
18:12:33      29    0.00    0.00    0.00    0.00    0.00    0.00    0.00    0.00    0.00  100.00

18:12:33     CPU    %usr   %nice    %sys %iowait    %irq   %soft  %steal  %guest  %gnice   %idle
18:12:34      12   70.83    0.00    6.25    0.00    0.00    0.00    0.00    0.00    0.00   22.92
18:12:34      13   71.88    0.00    4.17    0.00    0.00    0.00    0.00    0.00    0.00   23.96
18:12:34      28    0.00    0.00    0.00    0.00    0.00    0.00    0.00    0.00    0.00  100.00
18:12:34      29    0.00    0.00    0.00    0.00    0.00    0.00    0.00    0.00    0.00  100.00

18:12:34     CPU    %usr   %nice    %sys %iowait    %irq   %soft  %steal  %guest  %gnice   %idle
18:12:35      12   91.92    0.00    2.02    0.00    0.00    0.00    0.00    0.00    0.00    6.06
18:12:35      13   26.00    0.00    1.00    0.00    0.00    0.00    0.00    0.00    0.00   73.00
18:12:35      28    0.00    0.00    0.00    0.00    0.00    0.00    0.00    0.00    0.00  100.00
18:12:35      29    0.00    0.00    0.00    0.00    0.00    0.00    0.00    0.00    0.00  100.00

18:12:35     CPU    %usr   %nice    %sys %iowait    %irq   %soft  %steal  %guest  %gnice   %idle
18:12:36      12   98.00    0.00    0.00    0.00    0.00    0.00    0.00    0.00    0.00    2.00
18:12:36      13    1.01    0.00    1.01    0.00    0.00    0.00    0.00    0.00    0.00   97.98
18:12:36      28    0.00    0.00    0.00    0.00    0.00    0.00    0.00    0.00    0.00  100.00
18:12:36      29    0.00    0.00    0.99    0.00    0.00    0.00    0.00    0.00    0.00   99.01

18:12:36     CPU    %usr   %nice    %sys %iowait    %irq   %soft  %steal  %guest  %gnice   %idle
18:12:37      12   89.00    0.00    1.00    0.00    0.00    0.00    0.00    0.00    0.00   10.00
18:12:37      13   13.00    0.00    0.00    0.00    0.00    0.00    0.00    0.00    0.00   87.00
18:12:37      28    0.00    0.00    0.00    0.00    0.00    0.00    0.00    0.00    0.00  100.00
18:12:37      29    0.00    0.00    0.00    0.00    0.00    0.00    0.00    0.00    0.00  100.00

18:12:37     CPU    %usr   %nice    %sys %iowait    %irq   %soft  %steal  %guest  %gnice   %idle
18:12:38      12   52.63    0.00    0.00    0.00    0.00    0.00    0.00    0.00    0.00   47.37
18:12:38      13   55.79    0.00    1.05    0.00    0.00    0.00    0.00    0.00    0.00   43.16
18:12:38      28    0.00    0.00    0.00    0.00    0.00    0.00    0.00    0.00    0.00  100.00
18:12:38      29    0.00    0.00    0.00    0.00    0.00    0.00    0.00    0.00    0.00  100.00

18:12:38     CPU    %usr   %nice    %sys %iowait    %irq   %soft  %steal  %guest  %gnice   %idle
18:12:39      12   56.38    0.00    1.06    0.00    0.00    0.00    0.00    0.00    0.00   42.55
18:12:39      13   51.06    0.00    1.06    0.00    0.00    0.00    0.00    0.00    0.00   47.87
18:12:39      28    0.00    0.00    0.00    0.00    0.00    0.00    0.00    0.00    0.00  100.00
18:12:39      29    0.00    0.00    0.00    0.00    0.00    0.00    0.00    0.00    0.00  100.00

18:12:39     CPU    %usr   %nice    %sys %iowait    %irq   %soft  %steal  %guest  %gnice   %idle
18:12:40      12   74.49    0.00    4.08    0.00    0.00    0.00    0.00    0.00    0.00   21.43
18:12:40      13   72.92    0.00    3.12    0.00    0.00    0.00    0.00    0.00    0.00   23.96
18:12:40      28    0.00    0.00    0.00    0.00    0.00    0.00    0.00    0.00    0.00  100.00
18:12:40      29    0.00    0.00    0.00    0.00    0.00    0.00    0.00    0.00    0.00  100.00

18:12:40     CPU    %usr   %nice    %sys %iowait    %irq   %soft  %steal  %guest  %gnice   %idle
18:12:41      12   74.23    0.00    6.19    0.00    0.00    0.00    0.00    0.00    0.00   19.59
18:12:41      13   72.34    0.00    4.26    0.00    0.00    0.00    0.00    0.00    0.00   23.40
18:12:41      28    0.00    0.00    0.99    0.00    0.00    0.00    0.00    0.00    0.00   99.01
18:12:41      29    0.00    0.00    0.00    0.00    0.00    0.00    0.00    0.00    0.00  100.00

18:12:41     CPU    %usr   %nice    %sys %iowait    %irq   %soft  %steal  %guest  %gnice   %idle
18:12:42      12   75.26    0.00    5.15    0.00    0.00    0.00    0.00    0.00    0.00   19.59
18:12:42      13   71.58    0.00    5.26    0.00    0.00    0.00    0.00    0.00    0.00   23.16
18:12:42      28    0.99    0.00    0.00    0.00    0.00    0.00    0.00    0.00    0.00   99.01
18:12:42      29    0.00    0.00    0.00    0.00    0.00    0.00    0.00    0.00    0.00  100.00

18:12:42     CPU    %usr   %nice    %sys %iowait    %irq   %soft  %steal  %guest  %gnice   %idle
18:12:43      12   72.92    0.00    3.12    0.00    0.00    0.00    0.00    0.00    0.00   23.96
18:12:43      13   74.23    0.00    3.09    0.00    0.00    0.00    0.00    0.00    0.00   22.68
18:12:43      28    0.00    0.00    0.00    0.00    0.00    0.00    0.00    0.00    0.00  100.00
18:12:43      29    0.00    0.00    0.00    0.00    0.00    0.00    0.00    0.00    0.00  100.00

18:12:43     CPU    %usr   %nice    %sys %iowait    %irq   %soft  %steal  %guest  %gnice   %idle
18:12:44      12   74.23    0.00    5.15    0.00    0.00    0.00    0.00    0.00    0.00   20.62
18:12:44      13   70.10    0.00    6.19    0.00    0.00    0.00    0.00    0.00    0.00   23.71
18:12:44      28    0.00    0.00    0.00    0.00    0.00    0.00    0.00    0.00    0.00  100.00
18:12:44      29    0.00    0.00    0.00    0.00    0.00    0.00    0.00    0.00    0.00  100.00

18:12:44     CPU    %usr   %nice    %sys %iowait    %irq   %soft  %steal  %guest  %gnice   %idle
18:12:45      12   72.73    0.00    6.06    0.00    0.00    0.00    0.00    0.00    0.00   21.21
18:12:45      13   69.47    0.00    8.42    0.00    0.00    0.00    0.00    0.00    0.00   22.11
18:12:45      28    0.00    0.00    0.00    0.00    0.00    0.00    0.00    0.00    0.00  100.00
18:12:45      29    0.00    0.00    0.00    0.00    0.00    0.00    0.00    0.00    0.00  100.00

18:12:45     CPU    %usr   %nice    %sys %iowait    %irq   %soft  %steal  %guest  %gnice   %idle
18:12:46      12   67.01    0.00    5.15    0.00    0.00    0.00    0.00    0.00    0.00   27.84
18:12:46      13   66.67    0.00    4.17    0.00    0.00    0.00    0.00    0.00    0.00   29.17
18:12:46      28    0.00    0.00    0.00    0.00    0.00    0.00    0.00    0.00    0.00  100.00
18:12:46      29    0.00    0.00    0.00    0.00    0.00    0.00    0.00    0.00    0.00  100.00

18:12:46     CPU    %usr   %nice    %sys %iowait    %irq   %soft  %steal  %guest  %gnice   %idle
18:12:47      12   58.95    0.00    0.00    0.00    0.00    0.00    0.00    0.00    0.00   41.05
18:12:47      13   49.47    0.00    1.05    0.00    0.00    0.00    0.00    0.00    0.00   49.47
18:12:47      28    0.00    0.00    0.00    0.00    0.00    0.00    0.00    0.00    0.00  100.00
18:12:47      29    0.00    0.00    0.00    0.00    0.00    0.00    0.00    0.00    0.00  100.00

18:12:47     CPU    %usr   %nice    %sys %iowait    %irq   %soft  %steal  %guest  %gnice   %idle
18:12:48      12   53.61    0.00    2.06    0.00    0.00    0.00    0.00    0.00    0.00   44.33
18:12:48      13   55.21    0.00    1.04    0.00    0.00    0.00    0.00    0.00    0.00   43.75
18:12:48      28    0.00    0.00    0.00    0.00    0.00    0.00    0.00    0.00    0.00  100.00
18:12:48      29    0.00    0.00    0.00    0.00    0.00    0.00    0.00    0.00    0.00  100.00

18:12:48     CPU    %usr   %nice    %sys %iowait    %irq   %soft  %steal  %guest  %gnice   %idle
18:12:49      12   72.92    0.00    6.25    0.00    0.00    0.00    0.00    0.00    0.00   20.83
18:12:49      13   71.13    0.00    5.15    0.00    0.00    0.00    0.00    0.00    0.00   23.71
18:12:49      28    0.00    0.00    0.00    0.00    0.00    0.00    0.00    0.00    0.00  100.00
18:12:49      29    0.00    0.00    0.00    0.00    0.00    0.00    0.00    0.00    0.00  100.00

18:12:49     CPU    %usr   %nice    %sys %iowait    %irq   %soft  %steal  %guest  %gnice   %idle
18:12:50      12   74.23    0.00    4.12    0.00    0.00    0.00    0.00    0.00    0.00   21.65
18:12:50      13   73.96    0.00    5.21    0.00    0.00    0.00    0.00    0.00    0.00   20.83
18:12:50      28    0.00    0.00    0.00    0.00    0.00    0.00    0.00    0.00    0.00  100.00
18:12:50      29    0.00    0.00    0.00    0.00    0.00    0.00    0.00    0.00    0.00  100.00

18:12:50     CPU    %usr   %nice    %sys %iowait    %irq   %soft  %steal  %guest  %gnice   %idle
18:12:51      12   71.29    0.00    4.95    0.00    0.00    0.00    0.00    0.00    0.00   23.76
18:12:51      13   69.79    0.00    5.21    0.00    0.00    0.00    0.00    0.00    0.00   25.00
18:12:51      28    0.00    0.00    0.00    0.00    0.00    0.00    0.00    0.00    0.00  100.00
18:12:51      29    0.00    0.00    0.00    0.00    0.00    0.00    0.00    0.00    0.00  100.00

18:12:51     CPU    %usr   %nice    %sys %iowait    %irq   %soft  %steal  %guest  %gnice   %idle
18:12:52      12   72.16    0.00    5.15    0.00    0.00    0.00    0.00    0.00    0.00   22.68
18:12:52      13   72.92    0.00    5.21    0.00    0.00    0.00    0.00    0.00    0.00   21.88
18:12:52      28    0.00    0.00    0.00    0.00    0.00    0.00    0.00    0.00    0.00  100.00
18:12:52      29    0.00    0.00    0.00    0.00    0.00    0.00    0.00    0.00    0.00  100.00

18:12:52     CPU    %usr   %nice    %sys %iowait    %irq   %soft  %steal  %guest  %gnice   %idle
18:12:53      12   74.49    0.00    3.06    0.00    0.00    0.00    0.00    0.00    0.00   22.45
18:12:53      13   74.19    0.00    4.30    0.00    0.00    0.00    0.00    0.00    0.00   21.51
18:12:53      28    0.00    0.00    0.00    0.00    0.00    0.00    0.00    0.00    0.00  100.00
18:12:53      29    0.00    0.00    0.00    0.00    0.00    0.00    0.00    0.00    0.00  100.00

18:12:53     CPU    %usr   %nice    %sys %iowait    %irq   %soft  %steal  %guest  %gnice   %idle
18:12:54      12   73.96    0.00    6.25    0.00    0.00    0.00    0.00    0.00    0.00   19.79
18:12:54      13   72.92    0.00    4.17    0.00    0.00    0.00    0.00    0.00    0.00   22.92
18:12:54      28    0.00    0.00    0.00    0.00    0.00    0.00    0.00    0.00    0.00  100.00
18:12:54      29    0.00    0.00    0.00    0.00    0.00    0.00    0.00    0.00    0.00  100.00

18:12:54     CPU    %usr   %nice    %sys %iowait    %irq   %soft  %steal  %guest  %gnice   %idle
18:12:55      12   71.72    0.00    8.08    0.00    0.00    0.00    0.00    0.00    0.00   20.20
18:12:55      13   61.86    0.00    6.19    0.00    0.00    0.00    0.00    0.00    0.00   31.96
18:12:55      28    0.99    0.00    0.00    0.00    0.00    0.00    0.00    0.00    0.00   99.01
18:12:55      29    0.00    0.00    0.00    0.00    0.00    0.00    0.00    0.00    0.00  100.00

18:12:55     CPU    %usr   %nice    %sys %iowait    %irq   %soft  %steal  %guest  %gnice   %idle
18:12:56      12  100.00    0.00    0.00    0.00    0.00    0.00    0.00    0.00    0.00    0.00
18:12:56      13    0.00    0.00    0.00    0.00    0.00    0.00    0.00    0.00    0.00  100.00
18:12:56      28    0.00    0.00    0.00    0.00    0.00    0.00    0.00    0.00    0.00  100.00
18:12:56      29    0.00    0.00    0.00    0.00    0.00    0.00    0.00    0.00    0.00  100.00

18:12:56     CPU    %usr   %nice    %sys %iowait    %irq   %soft  %steal  %guest  %gnice   %idle
18:12:57      12   98.00    0.00    0.00    0.00    0.00    0.00    0.00    0.00    0.00    2.00
18:12:57      13    1.01    0.00    0.00    0.00    0.00    0.00    0.00    0.00    0.00   98.99
18:12:57      28    0.00    0.00    0.00    0.00    0.00    0.00    0.00    0.00    0.00  100.00
18:12:57      29    0.00    0.00    0.00    0.00    0.00    0.00    0.00    0.00    0.00  100.00

18:12:57     CPU    %usr   %nice    %sys %iowait    %irq   %soft  %steal  %guest  %gnice   %idle
18:12:58      12   81.91    0.00    2.13    0.00    0.00    0.00    0.00    0.00    0.00   15.96
18:12:58      13   53.54    0.00    3.03    0.00    0.00    0.00    0.00    0.00    0.00   43.43
18:12:58      28    0.00    0.00    0.00    0.00    0.00    0.00    0.00    0.00    0.00  100.00
18:12:58      29    0.00    0.00    0.00    0.00    0.00    0.00    0.00    0.00    0.00  100.00

18:12:58     CPU    %usr   %nice    %sys %iowait    %irq   %soft  %steal  %guest  %gnice   %idle
18:12:59      12   75.51    0.00    5.10    0.00    0.00    0.00    0.00    0.00    0.00   19.39
18:12:59      13   73.20    0.00    4.12    0.00    0.00    0.00    0.00    0.00    0.00   22.68
18:12:59      28    0.00    0.00    0.00    0.00    0.00    0.00    0.00    0.00    0.00  100.00
18:12:59      29    0.00    0.00    0.00    0.00    0.00    0.00    0.00    0.00    0.00  100.00

18:12:59     CPU    %usr   %nice    %sys %iowait    %irq   %soft  %steal  %guest  %gnice   %idle
18:13:00      12   75.00    0.00    5.21    0.00    0.00    0.00    0.00    0.00    0.00   19.79
18:13:00      13   73.20    0.00    5.15    0.00    0.00    0.00    0.00    0.00    0.00   21.65
18:13:00      28    0.00    0.00    0.00    0.00    0.00    0.00    0.00    0.00    0.00  100.00
18:13:00      29    0.00    0.00    0.00    0.00    0.00    0.00    0.00    0.00    0.00  100.00

18:13:00     CPU    %usr   %nice    %sys %iowait    %irq   %soft  %steal  %guest  %gnice   %idle
18:13:01      12   75.26    0.00    3.09    0.00    0.00    0.00    0.00    0.00    0.00   21.65
18:13:01      13   74.47    0.00    4.26    0.00    0.00    0.00    0.00    0.00    0.00   21.28
18:13:01      28    0.00    0.00    0.00    0.00    0.00    0.00    0.00    0.00    0.00  100.00
18:13:01      29    0.00    0.00    0.00    0.00    0.00    0.00    0.00    0.00    0.00  100.00

18:13:01     CPU    %usr   %nice    %sys %iowait    %irq   %soft  %steal  %guest  %gnice   %idle
18:13:02      12   70.41    0.00    5.10    0.00    0.00    0.00    0.00    0.00    0.00   24.49
18:13:02      13   70.41    0.00    5.10    0.00    0.00    0.00    0.00    0.00    0.00   24.49
18:13:02      28    0.00    0.00    0.00    0.00    0.00    0.00    0.00    0.00    0.00  100.00
18:13:02      29    0.00    0.00    0.00    0.00    0.00    0.00    0.00    0.00    0.00  100.00

18:13:02     CPU    %usr   %nice    %sys %iowait    %irq   %soft  %steal  %guest  %gnice   %idle
18:13:03      12   73.47    0.00    6.12    0.00    0.00    0.00    0.00    0.00    0.00   20.41
18:13:03      13   72.63    0.00    5.26    0.00    0.00    0.00    0.00    0.00    0.00   22.11
18:13:03      28    0.00    0.00    0.00    0.00    0.00    0.00    0.00    0.00    0.00  100.00
18:13:03      29    0.00    0.00    0.00    0.00    0.00    0.00    0.00    0.00    0.00  100.00

18:13:03     CPU    %usr   %nice    %sys %iowait    %irq   %soft  %steal  %guest  %gnice   %idle
18:13:04      12   72.45    0.00    8.16    0.00    0.00    0.00    0.00    0.00    0.00   19.39
18:13:04      13   73.20    0.00    6.19    0.00    0.00    0.00    0.00    0.00    0.00   20.62
18:13:04      28    0.00    0.00    0.00    0.00    0.00    0.00    0.00    0.00    0.00  100.00
18:13:04      29    0.00    0.00    0.00    0.00    0.00    0.00    0.00    0.00    0.00  100.00

18:13:04     CPU    %usr   %nice    %sys %iowait    %irq   %soft  %steal  %guest  %gnice   %idle
18:13:05      12   97.98    0.00    0.00    0.00    0.00    0.00    0.00    0.00    0.00    2.02
18:13:05      13    5.05    0.00    0.00    0.00    0.00    0.00    0.00    0.00    0.00   94.95
18:13:05      28    0.00    0.00    0.00    0.00    0.00    0.00    0.00    0.00    0.00  100.00
18:13:05      29    0.00    0.00    0.00    0.00    0.00    0.00    0.00    0.00    0.00  100.00

18:13:05     CPU    %usr   %nice    %sys %iowait    %irq   %soft  %steal  %guest  %gnice   %idle
18:13:06      12   99.00    0.00    0.00    0.00    0.00    0.00    0.00    0.00    0.00    1.00
18:13:06      13    0.00    0.00    0.00    0.00    0.00    0.00    0.00    0.00    0.00  100.00
18:13:06      28    0.00    0.00    0.00    0.00    0.00    0.00    0.00    0.00    0.00  100.00
18:13:06      29    0.00    0.00    0.00    0.00    0.00    0.00    0.00    0.00    0.00  100.00

18:13:06     CPU    %usr   %nice    %sys %iowait    %irq   %soft  %steal  %guest  %gnice   %idle
18:13:07      12   74.75    0.00    1.01    0.00    0.00    0.00    0.00    0.00    0.00   24.24
18:13:07      13   29.59    0.00    1.02    0.00    0.00    0.00    0.00    0.00    0.00   69.39
18:13:07      28    0.00    0.00    0.00    0.00    0.00    0.00    0.00    0.00    0.00  100.00
18:13:07      29    0.00    0.00    0.00    0.00    0.00    0.00    0.00    0.00    0.00  100.00

18:13:07     CPU    %usr   %nice    %sys %iowait    %irq   %soft  %steal  %guest  %gnice   %idle
18:13:08      12   57.45    0.00    1.06    0.00    0.00    0.00    0.00    0.00    0.00   41.49
18:13:08      13   53.12    0.00    2.08    0.00    0.00    0.00    0.00    0.00    0.00   44.79
18:13:08      28    0.00    0.00    0.00    0.00    0.00    0.00    0.00    0.00    0.00  100.00
18:13:08      29    0.00    0.00    0.00    0.00    0.00    0.00    0.00    0.00    0.00  100.00
