-test.shuffle 1789160702392383000
=== RUN   TestReceiveStreamDeadlineExtension
=== RUN   TestReceiveStreamDeadlineExtension/read
=== RUN   TestReceiveStreamDeadlineExtension/peek
--- PASS: TestReceiveStreamDeadlineExtension (0.00s)
    --- PASS: TestReceiveStreamDeadlineExtension/read (0.00s)
    --- PASS: TestReceiveStreamDeadlineExtension/peek (0.00s)
=== RUN   TestConnectionRetainedLifetimeHandshakeDiscard
--- PASS: TestConnectionRetainedLifetimeHandshakeDiscard (0.00s)
=== RUN   TestTimeoutReadersReleaseBuffer
=== RUN   TestTimeoutReadersReleaseBuffer/Read
=== RUN   TestTimeoutReadersReleaseBuffer/Peek
--- PASS: TestTimeoutReadersReleaseBuffer (0.00s)
    --- PASS: TestTimeoutReadersReleaseBuffer/Read (0.00s)
    --- PASS: TestTimeoutReadersReleaseBuffer/Peek (0.00s)
=== RUN   TestCoalescedRetentionNonSlabPassthrough
--- PASS: TestCoalescedRetentionNonSlabPassthrough (0.00s)
=== RUN   TestServerGetConfigForClientAccept
--- PASS: TestServerGetConfigForClientAccept (0.00s)
=== RUN   TestSendmsgXKillSwitch
--- PASS: TestSendmsgXKillSwitch (0.00s)
=== RUN   TestListenAddrSetupFailureClosesSocket
=== RUN   TestListenAddrSetupFailureClosesSocket/ListenAddr
=== RUN   TestListenAddrSetupFailureClosesSocket/ListenAddr/TLS_configuration
=== RUN   TestListenAddrSetupFailureClosesSocket/ListenAddr/QUIC_configuration
=== RUN   TestListenAddrSetupFailureClosesSocket/ListenAddrEarly
=== RUN   TestListenAddrSetupFailureClosesSocket/ListenAddrEarly/TLS_configuration
=== RUN   TestListenAddrSetupFailureClosesSocket/ListenAddrEarly/QUIC_configuration
--- PASS: TestListenAddrSetupFailureClosesSocket (0.00s)
    --- PASS: TestListenAddrSetupFailureClosesSocket/ListenAddr (0.00s)
        --- PASS: TestListenAddrSetupFailureClosesSocket/ListenAddr/TLS_configuration (0.00s)
        --- PASS: TestListenAddrSetupFailureClosesSocket/ListenAddr/QUIC_configuration (0.00s)
    --- PASS: TestListenAddrSetupFailureClosesSocket/ListenAddrEarly (0.00s)
        --- PASS: TestListenAddrSetupFailureClosesSocket/ListenAddrEarly/TLS_configuration (0.00s)
        --- PASS: TestListenAddrSetupFailureClosesSocket/ListenAddrEarly/QUIC_configuration (0.00s)
=== RUN   TestSendStreamDeadlineInThePast
--- PASS: TestSendStreamDeadlineInThePast (0.00s)
=== RUN   TestIPFragmentation
=== RUN   TestIPFragmentation/udp4
=== RUN   TestIPFragmentation/udp6
=== RUN   TestIPFragmentation/udp,_dual-stack
=== RUN   TestIPFragmentation/udp,_listening_on_IPv4
=== RUN   TestIPFragmentation/udp,_listening_on_IPv6
--- PASS: TestIPFragmentation (0.00s)
    --- PASS: TestIPFragmentation/udp4 (0.00s)
    --- PASS: TestIPFragmentation/udp6 (0.00s)
    --- PASS: TestIPFragmentation/udp,_dual-stack (0.00s)
    --- PASS: TestIPFragmentation/udp,_listening_on_IPv4 (0.00s)
    --- PASS: TestIPFragmentation/udp,_listening_on_IPv6 (0.00s)
=== RUN   TestListen
--- PASS: TestListen (0.00s)
=== RUN   TestConnectionUnpackFailureDropped
=== RUN   TestConnectionUnpackFailureDropped/keys_dropped
=== RUN   TestConnectionUnpackFailureDropped/decryption_failed
=== RUN   TestConnectionUnpackFailureDropped/header_parse_error
--- PASS: TestConnectionUnpackFailureDropped (0.00s)
    --- PASS: TestConnectionUnpackFailureDropped/keys_dropped (0.00s)
    --- PASS: TestConnectionUnpackFailureDropped/decryption_failed (0.00s)
    --- PASS: TestConnectionUnpackFailureDropped/header_parse_error (0.00s)
=== RUN   TestSendStreamCancellation
--- PASS: TestSendStreamCancellation (0.00s)
=== RUN   TestConnIDManagerPathMigration
--- PASS: TestConnIDManagerPathMigration (0.00s)
=== RUN   TestSendQueueBatchUnavailableFallsBack
--- PASS: TestSendQueueBatchUnavailableFallsBack (0.00s)
=== RUN   TestCoalescedRoutingUnknownCIDStatelessReset
=== RUN   TestCoalescedRoutingUnknownCIDStatelessReset/reset_queued
=== RUN   TestCoalescedRoutingUnknownCIDStatelessReset/dropped_without_reset_key
--- PASS: TestCoalescedRoutingUnknownCIDStatelessReset (0.00s)
    --- PASS: TestCoalescedRoutingUnknownCIDStatelessReset/reset_queued (0.00s)
    --- PASS: TestCoalescedRoutingUnknownCIDStatelessReset/dropped_without_reset_key (0.00s)
=== RUN   TestMTUDiscovererMTUDiscovery
=== RUN   TestMTUDiscovererMTUDiscovery/test_0
    mtu_discoverer_test.go:106: MTU: 1467, max: 1928
    mtu_discoverer_test.go:132: MTU discovered: 1467 (diff: 0)
    mtu_discoverer_test.go:133: probes sent (9): [1464 1696 1580 1522 1493 1478 1471 1467 1480]
=== RUN   TestMTUDiscovererMTUDiscovery/test_1
    mtu_discoverer_test.go:106: MTU: 1092, max: 1242
    mtu_discoverer_test.go:132: MTU discovered: 1090 (diff: 2)
    mtu_discoverer_test.go:133: probes sent (8): [1121 1060 1151 1090 1166 1105 1097 1093]
=== RUN   TestMTUDiscovererMTUDiscovery/test_2
    mtu_discoverer_test.go:106: MTU: 1491, max: 1883
    mtu_discoverer_test.go:132: MTU discovered: 1490 (diff: 1)
    mtu_discoverer_test.go:133: probes sent (13): [1441 1662 1551 1496 1468 1565 1482 1523 1489 1520 1492 1490 1505]
=== RUN   TestMTUDiscovererMTUDiscovery/test_3
    mtu_discoverer_test.go:106: MTU: 1826, max: 2852
    mtu_discoverer_test.go:132: MTU discovered: 1824 (diff: 2)
    mtu_discoverer_test.go:133: probes sent (13): [1926 1463 2157 1694 2273 1810 2041 1868 1839 1824 1875 1831 1827]
=== RUN   TestMTUDiscovererMTUDiscovery/test_4
    mtu_discoverer_test.go:106: MTU: 1243, max: 2305
    mtu_discoverer_test.go:132: MTU discovered: 1242 (diff: 1)
    mtu_discoverer_test.go:133: probes sent (17): [1652 1326 1163 1734 1244 1203 1427 1223 1325 1233 1279 1238 1281 1241 1261 1242 1260]
--- PASS: TestMTUDiscovererMTUDiscovery (0.00s)
    --- PASS: TestMTUDiscovererMTUDiscovery/test_0 (0.00s)
    --- PASS: TestMTUDiscovererMTUDiscovery/test_1 (0.00s)
    --- PASS: TestMTUDiscovererMTUDiscovery/test_2 (0.00s)
    --- PASS: TestMTUDiscovererMTUDiscovery/test_3 (0.00s)
    --- PASS: TestMTUDiscovererMTUDiscovery/test_4 (0.00s)
=== RUN   TestSendStreamLargeWrites
--- PASS: TestSendStreamLargeWrites (0.00s)
=== RUN   TestFramerAlternatesIncrementalAndNonIncrementalStreams
--- PASS: TestFramerAlternatesIncrementalAndNonIncrementalStreams (0.00s)
=== RUN   TestConnectionMigrationServer
--- PASS: TestConnectionMigrationServer (0.00s)
=== RUN   TestConnectionPacketPacing
=== RUN   TestConnectionPacketPacing/concurrent_wakeup
=== RUN   TestConnectionPacketPacing/wakeup_while_paced
=== RUN   TestConnectionPacketPacing/early_exit_while_paced
--- PASS: TestConnectionPacketPacing (0.00s)
    --- PASS: TestConnectionPacketPacing/concurrent_wakeup (0.00s)
    --- PASS: TestConnectionPacketPacing/wakeup_while_paced (0.00s)
    --- PASS: TestConnectionPacketPacing/early_exit_while_paced (0.00s)
=== RUN   TestPackCoalescedAppData
=== RUN   TestPackCoalescedAppData/with_large_ACK
=== RUN   TestPackCoalescedAppData/without_ACK
--- PASS: TestPackCoalescedAppData (0.00s)
    --- PASS: TestPackCoalescedAppData/with_large_ACK (0.00s)
    --- PASS: TestPackCoalescedAppData/without_ACK (0.00s)
=== RUN   TestConnectionHandleStreamRelatedFrames
=== RUN   TestConnectionHandleStreamRelatedFrames/RESET_STREAM
=== RUN   TestConnectionHandleStreamRelatedFrames/STOP_SENDING
=== RUN   TestConnectionHandleStreamRelatedFrames/MAX_STREAM_DATA
=== RUN   TestConnectionHandleStreamRelatedFrames/STREAM_DATA_BLOCKED
=== RUN   TestConnectionHandleStreamRelatedFrames/STREAM_FRAME
--- PASS: TestConnectionHandleStreamRelatedFrames (0.00s)
    --- PASS: TestConnectionHandleStreamRelatedFrames/RESET_STREAM (0.00s)
    --- PASS: TestConnectionHandleStreamRelatedFrames/STOP_SENDING (0.00s)
    --- PASS: TestConnectionHandleStreamRelatedFrames/MAX_STREAM_DATA (0.00s)
    --- PASS: TestConnectionHandleStreamRelatedFrames/STREAM_DATA_BLOCKED (0.00s)
    --- PASS: TestConnectionHandleStreamRelatedFrames/STREAM_FRAME (0.00s)
=== RUN   TestUnpackLongHeaderPacket
=== RUN   TestUnpackLongHeaderPacket/Initial
=== RUN   TestUnpackLongHeaderPacket/Handshake
=== RUN   TestUnpackLongHeaderPacket/0-RTT
--- PASS: TestUnpackLongHeaderPacket (0.00s)
    --- PASS: TestUnpackLongHeaderPacket/Initial (0.00s)
    --- PASS: TestUnpackLongHeaderPacket/Handshake (0.00s)
    --- PASS: TestUnpackLongHeaderPacket/0-RTT (0.00s)
=== RUN   TestMTUDiscovererReset
=== RUN   TestMTUDiscovererReset/probe_on_old_path_acknowledged
=== RUN   TestMTUDiscovererReset/probe_on_old_path_lost
--- PASS: TestMTUDiscovererReset (0.00s)
    --- PASS: TestMTUDiscovererReset/probe_on_old_path_acknowledged (0.00s)
    --- PASS: TestMTUDiscovererReset/probe_on_old_path_lost (0.00s)
=== RUN   TestSendQueueBatchGroupsByECN
--- PASS: TestSendQueueBatchGroupsByECN (0.00s)
=== RUN   TestReceiveStreamReset
--- PASS: TestReceiveStreamReset (0.00s)
=== RUN   TestPathManagerOutgoingReprobeDiscardsOldRetransmissions
=== RUN   TestPathManagerOutgoingReprobeDiscardsOldRetransmissions/queued
=== RUN   TestPathManagerOutgoingReprobeDiscardsOldRetransmissions/sent
--- PASS: TestPathManagerOutgoingReprobeDiscardsOldRetransmissions (0.00s)
    --- PASS: TestPathManagerOutgoingReprobeDiscardsOldRetransmissions/queued (0.00s)
    --- PASS: TestPathManagerOutgoingReprobeDiscardsOldRetransmissions/sent (0.00s)
=== RUN   TestReceiveStreamEOFWithData
--- PASS: TestReceiveStreamEOFWithData (0.00s)
=== RUN   TestSendStreamPriorityGeneration
--- PASS: TestSendStreamPriorityGeneration (0.00s)
=== RUN   TestFramerRemoveActiveStream
=== RUN   TestFramerRemoveActiveStream/incremental
=== RUN   TestFramerRemoveActiveStream/non-incremental
--- PASS: TestFramerRemoveActiveStream (0.00s)
    --- PASS: TestFramerRemoveActiveStream/incremental (0.00s)
    --- PASS: TestFramerRemoveActiveStream/non-incremental (0.00s)
=== RUN   TestConnIDGeneratorReplaceWithClosed
=== RUN   TestConnIDGeneratorReplaceWithClosed/with_initial_client_destination_connection_ID
=== RUN   TestConnIDGeneratorReplaceWithClosed/without_initial_client_destination_connection_ID
--- PASS: TestConnIDGeneratorReplaceWithClosed (0.00s)
    --- PASS: TestConnIDGeneratorReplaceWithClosed/with_initial_client_destination_connection_ID (0.00s)
    --- PASS: TestConnIDGeneratorReplaceWithClosed/without_initial_client_destination_connection_ID (0.00s)
=== RUN   TestSysConnSendGSO
    sys_conn_oob_test.go:324: GSO not supported on this platform
--- SKIP: TestSysConnSendGSO (0.00s)
=== RUN   TestConnectionHandleMaxStreamsFrame
--- PASS: TestConnectionHandleMaxStreamsFrame (0.00s)
=== RUN   TestFramerControlFrameSizing
--- PASS: TestFramerControlFrameSizing (0.00s)
=== RUN   TestReceiveStreamConcurrentReads
--- PASS: TestReceiveStreamConcurrentReads (0.00s)
=== RUN   TestOOBReaderListenerCleanup
--- PASS: TestOOBReaderListenerCleanup (0.00s)
=== RUN   TestStreamsMapCreatingStreams
=== RUN   TestStreamsMapCreatingStreams/client
=== RUN   TestStreamsMapCreatingStreams/server
--- PASS: TestStreamsMapCreatingStreams (0.00s)
    --- PASS: TestStreamsMapCreatingStreams/client (0.00s)
    --- PASS: TestStreamsMapCreatingStreams/server (0.00s)
=== RUN   TestConfigHandshakeIdleTimeout
--- PASS: TestConfigHandshakeIdleTimeout (0.00s)
=== RUN   TestConnectionIdleTimeoutDuringHandshake
--- PASS: TestConnectionIdleTimeoutDuringHandshake (0.00s)
=== RUN   TestUnpackHeaderSampleLongHeader
=== RUN   TestUnpackHeaderSampleLongHeader/too_short
=== RUN   TestUnpackHeaderSampleLongHeader/minimal_size
--- PASS: TestUnpackHeaderSampleLongHeader (0.00s)
    --- PASS: TestUnpackHeaderSampleLongHeader/too_short (0.00s)
    --- PASS: TestUnpackHeaderSampleLongHeader/minimal_size (0.00s)
=== RUN   TestPackCoalescedAckOnlyPacketNothingToSend
--- PASS: TestPackCoalescedAckOnlyPacketNothingToSend (0.00s)
=== RUN   TestCoalescedSlabRetentionBudgetExhausted
--- PASS: TestCoalescedSlabRetentionBudgetExhausted (0.00s)
=== RUN   TestSendStreamUpdateSendWindow
--- PASS: TestSendStreamUpdateSendWindow (0.00s)
=== RUN   TestCloseConstructorFailureLifetime
=== RUN   TestCloseConstructorFailureLifetime/short
=== RUN   TestCloseConstructorFailureLifetime/long
--- PASS: TestCloseConstructorFailureLifetime (0.00s)
    --- PASS: TestCloseConstructorFailureLifetime/short (0.00s)
    --- PASS: TestCloseConstructorFailureLifetime/long (0.00s)
=== RUN   TestSendStreamResetStreamAtStopSendingAfterCancelation
=== RUN   TestSendStreamResetStreamAtStopSendingAfterCancelation/RESET_STREAM_AT_lost
=== RUN   TestSendStreamResetStreamAtStopSendingAfterCancelation/RESET_STREAM_AT_acknowledged
--- PASS: TestSendStreamResetStreamAtStopSendingAfterCancelation (0.00s)
    --- PASS: TestSendStreamResetStreamAtStopSendingAfterCancelation/RESET_STREAM_AT_lost (0.00s)
    --- PASS: TestSendStreamResetStreamAtStopSendingAfterCancelation/RESET_STREAM_AT_acknowledged (0.00s)
=== RUN   TestConnectionRetryAfterReceivedPacket
--- PASS: TestConnectionRetryAfterReceivedPacket (0.00s)
=== RUN   TestConfigZeroLimits
--- PASS: TestConfigZeroLimits (0.00s)
=== RUN   TestReceiveStreamRejectedStreamFrame
=== RUN   TestReceiveStreamRejectedStreamFrame/shutdown
=== RUN   TestReceiveStreamRejectedStreamFrame/local_cancel
=== RUN   TestReceiveStreamRejectedStreamFrame/flow_control
=== RUN   TestReceiveStreamRejectedStreamFrame/final_size
--- PASS: TestReceiveStreamRejectedStreamFrame (0.00s)
    --- PASS: TestReceiveStreamRejectedStreamFrame/shutdown (0.00s)
    --- PASS: TestReceiveStreamRejectedStreamFrame/local_cancel (0.00s)
    --- PASS: TestReceiveStreamRejectedStreamFrame/flow_control (0.00s)
    --- PASS: TestReceiveStreamRejectedStreamFrame/final_size (0.00s)
=== RUN   TestConnectionACKTimer
--- PASS: TestConnectionACKTimer (0.00s)
=== RUN   TestCoalescedSlabOversizedRetention
--- PASS: TestCoalescedSlabOversizedRetention (0.00s)
=== RUN   TestConnectionClientDrop0RTT
--- PASS: TestConnectionClientDrop0RTT (0.00s)
=== RUN   TestReceiveStreamReadOverlappingData
--- PASS: TestReceiveStreamReadOverlappingData (0.00s)
=== RUN   TestBasicConn
2026/09/14 20:11:51 connection doesn't allow setting of receive buffer size. Not a *net.UDPConn?. See https://github.com/quic-go/quic-go/wiki/UDP-Buffer-Sizes for details.
--- PASS: TestBasicConn (0.00s)
=== RUN   TestFramerStreamControlFramesSizing
--- PASS: TestFramerStreamControlFramesSizing (0.00s)
=== RUN   TestOOBReaderAncillaryFailure
=== RUN   TestOOBReaderAncillaryFailure/malformed
=== RUN   TestOOBReaderAncillaryFailure/invalid_ipv4_tos
=== RUN   TestOOBReaderAncillaryFailure/invalid_ipv6_tclass
--- PASS: TestOOBReaderAncillaryFailure (0.00s)
    --- PASS: TestOOBReaderAncillaryFailure/malformed (0.00s)
    --- PASS: TestOOBReaderAncillaryFailure/invalid_ipv4_tos (0.00s)
    --- PASS: TestOOBReaderAncillaryFailure/invalid_ipv6_tclass (0.00s)
=== RUN   TestSysConnPacketInfoIPv4
--- PASS: TestSysConnPacketInfoIPv4 (0.00s)
=== RUN   TestPathManagerMultipleProbes
--- PASS: TestPathManagerMultipleProbes (0.00s)
=== RUN   TestSendQueueBatchSkipsGSO
--- PASS: TestSendQueueBatchSkipsGSO (0.00s)
=== RUN   TestServerAdmissionLifetimeResponseExit
--- PASS: TestServerAdmissionLifetimeResponseExit (0.00s)
=== RUN   TestCryptoStreamReceiveDataAfterFinish
--- PASS: TestCryptoStreamReceiveDataAfterFinish (0.00s)
=== RUN   TestHandshakeMTUFallbackCongestionGrowth
--- PASS: TestHandshakeMTUFallbackCongestionGrowth (0.00s)
=== RUN   TestSendConnLocalAndRemoteAddress
--- PASS: TestSendConnLocalAndRemoteAddress (0.00s)
=== RUN   TestReceiveStreamFinalSizeCallbackAfterCancelRead
--- PASS: TestReceiveStreamFinalSizeCallbackAfterCancelRead (0.00s)
=== RUN   TestConnectionGSOBatchPacketSize
--- PASS: TestConnectionGSOBatchPacketSize (0.00s)
=== RUN   TestSendStreamResetStreamAtCancelAfterSend
--- PASS: TestSendStreamResetStreamAtCancelAfterSend (0.00s)
=== RUN   TestEmissionECNBatchBoundary
--- PASS: TestEmissionECNBatchBoundary (0.00s)
=== RUN   TestInitialCryptoStreamServer
--- PASS: TestInitialCryptoStreamServer (0.00s)
=== RUN   TestServerZeroRTTLifetimeCollision
=== RUN   TestServerZeroRTTLifetimeCollision/construction_cause
=== RUN   TestServerZeroRTTLifetimeCollision/preserve_cause
--- PASS: TestServerZeroRTTLifetimeCollision (0.00s)
    --- PASS: TestServerZeroRTTLifetimeCollision/construction_cause (0.00s)
    --- PASS: TestServerZeroRTTLifetimeCollision/preserve_cause (0.00s)
=== RUN   TestSendStreamTryWriteAllFlowControlBlocked
--- PASS: TestSendStreamTryWriteAllFlowControlBlocked (0.00s)
=== RUN   TestStreamWindowAutoTuning
--- PASS: TestStreamWindowAutoTuning (0.00s)
=== RUN   TestCryptoStreamDataAssembly
--- PASS: TestCryptoStreamDataAssembly (0.00s)
=== RUN   TestPackLongHeaderPadToAtLeast4Bytes
--- PASS: TestPackLongHeaderPadToAtLeast4Bytes (0.00s)
=== RUN   TestReceiveStreamFinalSizeCallbackAfterFIN
--- PASS: TestReceiveStreamFinalSizeCallbackAfterFIN (0.00s)
=== RUN   TestRawConnWriteAfterClose
=== RUN   TestRawConnWriteAfterClose/platform
=== RUN   TestRawConnWriteAfterClose/basicConn
--- PASS: TestRawConnWriteAfterClose (0.00s)
    --- PASS: TestRawConnWriteAfterClose/platform (0.00s)
    --- PASS: TestRawConnWriteAfterClose/basicConn (0.00s)
=== RUN   TestConnectionGSOBatchECN
--- PASS: TestConnectionGSOBatchECN (0.00s)
=== RUN   TestServerVersionNegotiation
=== RUN   TestServerVersionNegotiation/enabled
=== RUN   TestServerVersionNegotiation/disabled
--- PASS: TestServerVersionNegotiation (0.10s)
    --- PASS: TestServerVersionNegotiation/enabled (0.00s)
    --- PASS: TestServerVersionNegotiation/disabled (0.10s)
=== RUN   TestServerBudgetDropIsNotReportedAsQueueFull
--- PASS: TestServerBudgetDropIsNotReportedAsQueueFull (0.00s)
=== RUN   TestDatagramQueueSendQueueLength
--- PASS: TestDatagramQueueSendQueueLength (0.00s)
=== RUN   TestSendStreamRetransmissionFraming
--- PASS: TestSendStreamRetransmissionFraming (0.00s)
=== RUN   TestConnectionServerInvalidFrames
=== RUN   TestConnectionServerInvalidFrames/NEW_TOKEN
=== RUN   TestConnectionServerInvalidFrames/HANDSHAKE_DONE
=== RUN   TestConnectionServerInvalidFrames/PATH_RESPONSE
--- PASS: TestConnectionServerInvalidFrames (0.00s)
    --- PASS: TestConnectionServerInvalidFrames/NEW_TOKEN (0.00s)
    --- PASS: TestConnectionServerInvalidFrames/HANDSHAKE_DONE (0.00s)
    --- PASS: TestConnectionServerInvalidFrames/PATH_RESPONSE (0.00s)
=== RUN   TestConnectionReceiveLifetimeRejectedRetention
--- PASS: TestConnectionReceiveLifetimeRejectedRetention (0.00s)
=== RUN   TestEmissionConstructionInitial
=== RUN   TestEmissionConstructionInitial/server
=== RUN   TestEmissionConstructionInitial/client_without_token
=== RUN   TestEmissionConstructionInitial/client_with_token
--- PASS: TestEmissionConstructionInitial (0.00s)
    --- PASS: TestEmissionConstructionInitial/server (0.00s)
    --- PASS: TestEmissionConstructionInitial/client_without_token (0.00s)
    --- PASS: TestEmissionConstructionInitial/client_with_token (0.00s)
=== RUN   TestServerZeroRTTLifetimeRefusal
=== RUN   TestServerZeroRTTLifetimeRefusal/config
=== RUN   TestServerZeroRTTLifetimeRefusal/context
--- PASS: TestServerZeroRTTLifetimeRefusal (0.00s)
    --- PASS: TestServerZeroRTTLifetimeRefusal/config (0.00s)
    --- PASS: TestServerZeroRTTLifetimeRefusal/context (0.00s)
=== RUN   TestPackInitialProbePacket
=== RUN   TestPackInitialProbePacket/client
=== RUN   TestPackInitialProbePacket/server
--- PASS: TestPackInitialProbePacket (0.00s)
    --- PASS: TestPackInitialProbePacket/client (0.00s)
    --- PASS: TestPackInitialProbePacket/server (0.00s)
=== RUN   TestAddrsEqual
=== RUN   TestAddrsEqual/nil_addresses
=== RUN   TestAddrsEqual/one_nil_address
=== RUN   TestAddrsEqual/same_IPv4_addresses
=== RUN   TestAddrsEqual/different_IPv4_addresses
=== RUN   TestAddrsEqual/different_ports
=== RUN   TestAddrsEqual/same_IPv6_addresses
=== RUN   TestAddrsEqual/different_IPv6_addresses
=== RUN   TestAddrsEqual/non-UDP_addresses_with_same_string_representation
=== RUN   TestAddrsEqual/non-UDP_addresses_with_different_string_representation
--- PASS: TestAddrsEqual (0.00s)
    --- PASS: TestAddrsEqual/nil_addresses (0.00s)
    --- PASS: TestAddrsEqual/one_nil_address (0.00s)
    --- PASS: TestAddrsEqual/same_IPv4_addresses (0.00s)
    --- PASS: TestAddrsEqual/different_IPv4_addresses (0.00s)
    --- PASS: TestAddrsEqual/different_ports (0.00s)
    --- PASS: TestAddrsEqual/same_IPv6_addresses (0.00s)
    --- PASS: TestAddrsEqual/different_IPv6_addresses (0.00s)
    --- PASS: TestAddrsEqual/non-UDP_addresses_with_same_string_representation (0.00s)
    --- PASS: TestAddrsEqual/non-UDP_addresses_with_different_string_representation (0.00s)
=== RUN   TestPackConnectionCloseCryptoError
--- PASS: TestPackConnectionCloseCryptoError (0.00s)
=== RUN   TestConnIDManagerAddConnIDs
--- PASS: TestConnIDManagerAddConnIDs (0.00s)
=== RUN   TestSendStreamDeadlineRemoval
--- PASS: TestSendStreamDeadlineRemoval (0.00s)
=== RUN   TestSendStreamLargeTryWriteAllCancellationLifetime
=== RUN   TestSendStreamLargeTryWriteAllCancellationLifetime/reliable=0
=== RUN   TestSendStreamLargeTryWriteAllCancellationLifetime/reliable=40
=== RUN   TestSendStreamLargeTryWriteAllCancellationLifetime/reliable=32768
--- PASS: TestSendStreamLargeTryWriteAllCancellationLifetime (0.00s)
    --- PASS: TestSendStreamLargeTryWriteAllCancellationLifetime/reliable=0 (0.00s)
    --- PASS: TestSendStreamLargeTryWriteAllCancellationLifetime/reliable=40 (0.00s)
    --- PASS: TestSendStreamLargeTryWriteAllCancellationLifetime/reliable=32768 (0.00s)
=== RUN   TestReceiveStreamFinalSizeCallbackRemoved
--- PASS: TestReceiveStreamFinalSizeCallbackRemoved (0.00s)
=== RUN   TestReceiveStreamMultipleResetStreamAt
--- PASS: TestReceiveStreamMultipleResetStreamAt (0.00s)
=== RUN   TestStreamReceiveFinalSizeCallback
--- PASS: TestStreamReceiveFinalSizeCallback (0.00s)
=== RUN   TestSendQueueStoppedSubmission
--- PASS: TestSendQueueStoppedSubmission (0.00s)
=== RUN   TestConnectionSkippedStreamFrameMetadata
--- PASS: TestConnectionSkippedStreamFrameMetadata (0.00s)
=== RUN   TestFramerAppendStreamFrames
--- PASS: TestFramerAppendStreamFrames (0.00s)
=== RUN   TestEmissionFatalCallerBuffer
=== RUN   TestEmissionFatalCallerBuffer/gso=false/append=1
=== RUN   TestEmissionFatalCallerBuffer/gso=false/append=2
=== RUN   TestEmissionFatalCallerBuffer/gso=true/append=1
=== RUN   TestEmissionFatalCallerBuffer/gso=true/append=2
--- PASS: TestEmissionFatalCallerBuffer (0.00s)
    --- PASS: TestEmissionFatalCallerBuffer/gso=false/append=1 (0.00s)
    --- PASS: TestEmissionFatalCallerBuffer/gso=false/append=2 (0.00s)
    --- PASS: TestEmissionFatalCallerBuffer/gso=true/append=1 (0.00s)
    --- PASS: TestEmissionFatalCallerBuffer/gso=true/append=2 (0.00s)
=== RUN   TestTransportDialingVersionNegotiation
--- PASS: TestTransportDialingVersionNegotiation (0.00s)
=== RUN   TestStreamFlowControllerTryAddBytesSent
--- PASS: TestStreamFlowControllerTryAddBytesSent (0.00s)
=== RUN   TestProbeConstructorFailureLifetime
=== RUN   TestProbeConstructorFailureLifetime/path/append
=== RUN   TestProbeConstructorFailureLifetime/path/keys
=== RUN   TestProbeConstructorFailureLifetime/MTU/append
=== RUN   TestProbeConstructorFailureLifetime/MTU/keys
--- PASS: TestProbeConstructorFailureLifetime (0.00s)
    --- PASS: TestProbeConstructorFailureLifetime/path/append (0.00s)
    --- PASS: TestProbeConstructorFailureLifetime/path/keys (0.00s)
    --- PASS: TestProbeConstructorFailureLifetime/MTU/append (0.00s)
    --- PASS: TestProbeConstructorFailureLifetime/MTU/keys (0.00s)
=== RUN   TestOOBReaderBatchErrorRetry
--- PASS: TestOOBReaderBatchErrorRetry (0.00s)
=== RUN   TestSendStreamLargeTryWriteAllRetransmissionLifetime
--- PASS: TestSendStreamLargeTryWriteAllRetransmissionLifetime (0.00s)
=== RUN   TestPathManagerOutgoingAbandonPath
--- PASS: TestPathManagerOutgoingAbandonPath (0.00s)
=== RUN   TestSendPacketsWithECNOnIPv6
--- PASS: TestSendPacketsWithECNOnIPv6 (0.00s)
=== RUN   TestConnectionFlowControlWindowUpdate
--- PASS: TestConnectionFlowControlWindowUpdate (0.00s)
=== RUN   TestSendStreamResetStreamAtRandomized
    send_stream_test.go:1813: reliable offset: 5384
    send_stream_test.go:1922: highest received offset: 7329
--- PASS: TestSendStreamResetStreamAtRandomized (0.00s)
=== RUN   TestDatagramQueueClose
--- PASS: TestDatagramQueueClose (0.00s)
=== RUN   TestStreamsMapOutgoingClosing
--- PASS: TestStreamsMapOutgoingClosing (0.00s)
=== RUN   TestFrameSorterSimpleCases
--- PASS: TestFrameSorterSimpleCases (0.00s)
=== RUN   TestEmissionResultRecoveryOutcome
=== RUN   TestEmissionResultRecoveryOutcome/gso=false/congestion
=== RUN   TestEmissionResultRecoveryOutcome/gso=false/hard_blocked
=== RUN   TestEmissionResultRecoveryOutcome/gso=false/pacing
=== RUN   TestEmissionResultRecoveryOutcome/gso=false/probe_pending
=== RUN   TestEmissionResultRecoveryOutcome/gso=true/congestion
=== RUN   TestEmissionResultRecoveryOutcome/gso=true/hard_blocked
=== RUN   TestEmissionResultRecoveryOutcome/gso=true/pacing
=== RUN   TestEmissionResultRecoveryOutcome/gso=true/probe_pending
--- PASS: TestEmissionResultRecoveryOutcome (0.00s)
    --- PASS: TestEmissionResultRecoveryOutcome/gso=false/congestion (0.00s)
    --- PASS: TestEmissionResultRecoveryOutcome/gso=false/hard_blocked (0.00s)
    --- PASS: TestEmissionResultRecoveryOutcome/gso=false/pacing (0.00s)
    --- PASS: TestEmissionResultRecoveryOutcome/gso=false/probe_pending (0.00s)
    --- PASS: TestEmissionResultRecoveryOutcome/gso=true/congestion (0.00s)
    --- PASS: TestEmissionResultRecoveryOutcome/gso=true/hard_blocked (0.00s)
    --- PASS: TestEmissionResultRecoveryOutcome/gso=true/pacing (0.00s)
    --- PASS: TestEmissionResultRecoveryOutcome/gso=true/probe_pending (0.00s)
=== RUN   TestStreamsMapIncomingAcceptingStreams
--- PASS: TestStreamsMapIncomingAcceptingStreams (0.00s)
=== RUN   TestSendStreamLargeWriteBlocking
--- PASS: TestSendStreamLargeWriteBlocking (0.00s)
=== RUN   TestSendConnDetectGSOFailure
    send_conn_test.go:53: GSO is not supported on this platform
--- SKIP: TestSendConnDetectGSOFailure (0.00s)
=== RUN   TestEmissionConstructionStartHandshakeError
--- PASS: TestEmissionConstructionStartHandshakeError (0.00s)
=== RUN   TestSendStreamWriteAfterTryWriteAll
--- PASS: TestSendStreamWriteAfterTryWriteAll (0.00s)
=== RUN   TestStreamsMapOutgoingLimits
=== RUN   TestStreamsMapOutgoingLimits/client
=== RUN   TestStreamsMapOutgoingLimits/server
--- PASS: TestStreamsMapOutgoingLimits (0.00s)
    --- PASS: TestStreamsMapOutgoingLimits/client (0.00s)
    --- PASS: TestStreamsMapOutgoingLimits/server (0.00s)
=== RUN   TestReceiveStreamResetAfterFINRead
--- PASS: TestReceiveStreamResetAfterFINRead (0.00s)
=== RUN   TestConnectionDatagramPacketReuse
=== RUN   TestConnectionDatagramPacketReuse/qlog=false
=== RUN   TestConnectionDatagramPacketReuse/qlog=true
--- PASS: TestConnectionDatagramPacketReuse (0.00s)
    --- PASS: TestConnectionDatagramPacketReuse/qlog=false (0.00s)
    --- PASS: TestConnectionDatagramPacketReuse/qlog=true (0.00s)
=== RUN   TestStreamsMapIncomingRandomized
--- PASS: TestStreamsMapIncomingRandomized (0.00s)
=== RUN   TestStreamsMapIncomingDeletingStreamsWithHighLimits
=== RUN   TestStreamsMapIncomingDeletingStreamsWithHighLimits/client
=== RUN   TestStreamsMapIncomingDeletingStreamsWithHighLimits/server
--- PASS: TestStreamsMapIncomingDeletingStreamsWithHighLimits (0.00s)
    --- PASS: TestStreamsMapIncomingDeletingStreamsWithHighLimits/client (0.00s)
    --- PASS: TestStreamsMapIncomingDeletingStreamsWithHighLimits/server (0.00s)
=== RUN   TestPack1RTTPacketNothingToSend
--- PASS: TestPack1RTTPacketNothingToSend (0.00s)
=== RUN   TestDatagramReceiveOverflowNoAllocation
--- PASS: TestDatagramReceiveOverflowNoAllocation (0.00s)
=== RUN   TestCoalescedRoutingShortTailSegment
--- PASS: TestCoalescedRoutingShortTailSegment (0.00s)
=== RUN   TestConnectionRetainedLifetimeReplay
=== RUN   TestConnectionRetainedLifetimeReplay/success
=== RUN   TestConnectionRetainedLifetimeReplay/early_error
--- PASS: TestConnectionRetainedLifetimeReplay (0.00s)
    --- PASS: TestConnectionRetainedLifetimeReplay/success (0.00s)
    --- PASS: TestConnectionRetainedLifetimeReplay/early_error (0.00s)
=== RUN   TestPathManagerNATRebinding
--- PASS: TestPathManagerNATRebinding (0.00s)
=== RUN   TestStreamDeadlines
--- PASS: TestStreamDeadlines (0.00s)
=== RUN   TestConnectionKeepAlive
=== RUN   TestConnectionKeepAlive/enabled
=== RUN   TestConnectionKeepAlive/disabled
--- PASS: TestConnectionKeepAlive (0.00s)
    --- PASS: TestConnectionKeepAlive/enabled (0.00s)
    --- PASS: TestConnectionKeepAlive/disabled (0.00s)
=== RUN   TestStreamsMapOutgoingConcurrentOpenStreamSync
--- PASS: TestStreamsMapOutgoingConcurrentOpenStreamSync (0.00s)
=== RUN   TestFindSNIWithECH
--- PASS: TestFindSNIWithECH (0.00s)
=== RUN   TestPathManagerOutgoingRetransmissions
    path_manager_outgoing_test.go:287: took 5ms
    path_manager_outgoing_test.go:287: took 10ms
    path_manager_outgoing_test.go:287: took 20ms
--- PASS: TestPathManagerOutgoingRetransmissions (0.00s)
=== RUN   TestPackLargeDatagramFrame
--- PASS: TestPackLargeDatagramFrame (0.00s)
=== RUN   TestTokenStoreUpdates
--- PASS: TestTokenStoreUpdates (0.00s)
=== RUN   TestDatagramQueueReceive
--- PASS: TestDatagramQueueReceive (0.00s)
=== RUN   TestSendStreamCloseForShutdown
--- PASS: TestSendStreamCloseForShutdown (0.00s)
=== RUN   TestConnIDManagerConnIDRotation
--- PASS: TestConnIDManagerConnIDRotation (0.00s)
=== RUN   TestServerFixtureStopsTransport
=== RUN   TestServerFixtureStopsTransport/fixture
--- PASS: TestServerFixtureStopsTransport (0.00s)
    --- PASS: TestServerFixtureStopsTransport/fixture (0.00s)
=== RUN   TestSendPacketsWithECNOnIPv4
--- PASS: TestSendPacketsWithECNOnIPv4 (0.00s)
=== RUN   TestSendStreamStopSendingAfterWrite
=== RUN   TestSendStreamStopSendingAfterWrite/complete_by_Write
=== RUN   TestSendStreamStopSendingAfterWrite/complete_by_Close
=== RUN   TestSendStreamStopSendingAfterWrite/complete_by_CancelWrite
--- PASS: TestSendStreamStopSendingAfterWrite (0.00s)
    --- PASS: TestSendStreamStopSendingAfterWrite/complete_by_Write (0.00s)
    --- PASS: TestSendStreamStopSendingAfterWrite/complete_by_Close (0.00s)
    --- PASS: TestSendStreamStopSendingAfterWrite/complete_by_CancelWrite (0.00s)
=== RUN   TestDatagramReceiveOverflowFIFO
--- PASS: TestDatagramReceiveOverflowFIFO (0.00s)
=== RUN   TestConnectionLoggingOtherFrames
--- PASS: TestConnectionLoggingOtherFrames (0.00s)
=== RUN   TestSendStreamResetFinalSizeIncludesReservedData
=== RUN   TestSendStreamResetFinalSizeIncludesReservedData/CancelWrite
=== RUN   TestSendStreamResetFinalSizeIncludesReservedData/STOP_SENDING
--- PASS: TestSendStreamResetFinalSizeIncludesReservedData (0.00s)
    --- PASS: TestSendStreamResetFinalSizeIncludesReservedData/CancelWrite (0.00s)
    --- PASS: TestSendStreamResetFinalSizeIncludesReservedData/STOP_SENDING (0.00s)
=== RUN   TestStreamsMapIncomingGettingStreams
=== RUN   TestStreamsMapIncomingGettingStreams/client
=== RUN   TestStreamsMapIncomingGettingStreams/server
--- PASS: TestStreamsMapIncomingGettingStreams (0.00s)
    --- PASS: TestStreamsMapIncomingGettingStreams/client (0.00s)
    --- PASS: TestStreamsMapIncomingGettingStreams/server (0.00s)
=== RUN   TestTransportTerminalLifetime
=== RUN   TestTransportTerminalLifetime/empty_without_buffer
=== RUN   TestTransportTerminalLifetime/empty
=== RUN   TestTransportTerminalLifetime/connection_id_rejection
=== RUN   TestTransportTerminalLifetime/no_server
--- PASS: TestTransportTerminalLifetime (0.00s)
    --- PASS: TestTransportTerminalLifetime/empty_without_buffer (0.00s)
    --- PASS: TestTransportTerminalLifetime/empty (0.00s)
    --- PASS: TestTransportTerminalLifetime/connection_id_rejection (0.00s)
    --- PASS: TestTransportTerminalLifetime/no_server (0.00s)
=== RUN   TestCoalescedSlabViewDoubleRelease
--- PASS: TestCoalescedSlabViewDoubleRelease (0.00s)
=== RUN   TestConnectionFlowControllerReset
--- PASS: TestConnectionFlowControllerReset (0.00s)
=== RUN   TestConnectionLoggingDatagramFrame
--- PASS: TestConnectionLoggingDatagramFrame (0.00s)
=== RUN   TestCoalescedRoutingMixedConnectionIDs
--- PASS: TestCoalescedRoutingMixedConnectionIDs (0.00s)
=== RUN   TestCryptoStreamManagerInvalidEncryptionLevel
--- PASS: TestCryptoStreamManagerInvalidEncryptionLevel (0.00s)
=== RUN   TestPackInitialAckOnlyPacket
=== RUN   TestPackInitialAckOnlyPacket/client
=== RUN   TestPackInitialAckOnlyPacket/server
--- PASS: TestPackInitialAckOnlyPacket (0.00s)
    --- PASS: TestPackInitialAckOnlyPacket/client (0.00s)
    --- PASS: TestPackInitialAckOnlyPacket/server (0.00s)
=== RUN   TestServerAdmissionLifetimeReceiveExit
--- PASS: TestServerAdmissionLifetimeReceiveExit (0.00s)
=== RUN   TestReadECNFlagsIPv6
--- PASS: TestReadECNFlagsIPv6 (0.00s)
=== RUN   TestSendmsgXMsghdrXLayout
--- PASS: TestSendmsgXMsghdrXLayout (0.00s)
=== RUN   TestSendmsgXCustomConnKeepsWriteMsgUDP
--- PASS: TestSendmsgXCustomConnKeepsWriteMsgUDP (0.00s)
=== RUN   TestServerQueueDoesNotPinCoalescedSlab
--- PASS: TestServerQueueDoesNotPinCoalescedSlab (0.00s)
=== RUN   TestSendStreamRetransmissions
--- PASS: TestSendStreamRetransmissions (0.00s)
=== RUN   TestCoalescedRoutingRejectedSiblingKeepsSlabForQueuedView
--- PASS: TestCoalescedRoutingRejectedSiblingKeepsSlabForQueuedView (0.00s)
=== RUN   TestUnpackHeaderDecryption
--- PASS: TestUnpackHeaderDecryption (0.00s)
=== RUN   TestSendStreamTryWriteAllAfterBufferedWrite
=== RUN   TestSendStreamTryWriteAllAfterBufferedWrite/enough_credit
=== RUN   TestSendStreamTryWriteAllAfterBufferedWrite/not_enough_credit
--- PASS: TestSendStreamTryWriteAllAfterBufferedWrite (0.00s)
    --- PASS: TestSendStreamTryWriteAllAfterBufferedWrite/enough_credit (0.00s)
    --- PASS: TestSendStreamTryWriteAllAfterBufferedWrite/not_enough_credit (0.00s)
=== RUN   TestSendQueueSendOnePacket
--- PASS: TestSendQueueSendOnePacket (0.00s)
=== RUN   TestOversizedViewChargeTransferRefusedWhenDestinationExhausted
--- PASS: TestOversizedViewChargeTransferRefusedWhenDestinationExhausted (0.00s)
=== RUN   TestEmissionCoalescedHandshake
=== RUN   TestEmissionCoalescedHandshake/server
=== RUN   TestEmissionCoalescedHandshake/client
--- PASS: TestEmissionCoalescedHandshake (0.00s)
    --- PASS: TestEmissionCoalescedHandshake/server (0.00s)
    --- PASS: TestEmissionCoalescedHandshake/client (0.00s)
=== RUN   TestCryptoStreamWrite
--- PASS: TestCryptoStreamWrite (0.00s)
=== RUN   TestEmissionPathRebinding
--- PASS: TestEmissionPathRebinding (0.00s)
=== RUN   TestConnectionUnpackFailuresFatal
=== RUN   TestConnectionUnpackFailuresFatal/other_errors
=== RUN   TestConnectionUnpackFailuresFatal/invalid_reserved_bits
--- PASS: TestConnectionUnpackFailuresFatal (0.00s)
    --- PASS: TestConnectionUnpackFailuresFatal/other_errors (0.00s)
    --- PASS: TestConnectionUnpackFailuresFatal/invalid_reserved_bits (0.00s)
=== RUN   TestConnIDManagerClose
--- PASS: TestConnIDManagerClose (0.00s)
=== RUN   TestStreamSendWindow
--- PASS: TestStreamSendWindow (0.00s)
=== RUN   TestPackConnectionCloseCoalesced
=== RUN   TestPackConnectionCloseCoalesced/client
=== RUN   TestPackConnectionCloseCoalesced/server
--- PASS: TestPackConnectionCloseCoalesced (0.00s)
    --- PASS: TestPackConnectionCloseCoalesced/client (0.00s)
    --- PASS: TestPackConnectionCloseCoalesced/server (0.00s)
=== RUN   TestSendStreamStopSendingDuringWrite
--- PASS: TestSendStreamStopSendingDuringWrite (0.00s)
=== RUN   TestConnectionStatelessReset
--- PASS: TestConnectionStatelessReset (0.00s)
=== RUN   TestConfigValidation
=== RUN   TestConfigValidation/nil_config
=== RUN   TestConfigValidation/config_with_a_few_values_set
=== RUN   TestConfigValidation/stream_limits
=== RUN   TestConfigValidation/flow_control_windows
=== RUN   TestConfigValidation/initial_packet_size
--- PASS: TestConfigValidation (0.00s)
    --- PASS: TestConfigValidation/nil_config (0.00s)
    --- PASS: TestConfigValidation/config_with_a_few_values_set (0.00s)
    --- PASS: TestConfigValidation/stream_limits (0.00s)
    --- PASS: TestConfigValidation/flow_control_windows (0.00s)
    --- PASS: TestConfigValidation/initial_packet_size (0.00s)
=== RUN   TestTransportUnparseableQUICPackets
--- PASS: TestTransportUnparseableQUICPackets (0.00s)
=== RUN   TestReceiveStreamBlockRead
--- PASS: TestReceiveStreamBlockRead (0.00s)
=== RUN   TestFramerPrioritizesStreamRetransmissions
--- PASS: TestFramerPrioritizesStreamRetransmissions (0.00s)
=== RUN   TestPack1RTTProbePacket
--- PASS: TestPack1RTTProbePacket (0.00s)
=== RUN   TestReceiveStreamPeekData
--- PASS: TestReceiveStreamPeekData (0.00s)
=== RUN   TestServerInitialLifetimeGenerationError
=== RUN   TestServerInitialLifetimeGenerationError/construction_cause
=== RUN   TestServerInitialLifetimeGenerationError/preserve_cause
--- PASS: TestServerInitialLifetimeGenerationError (0.00s)
    --- PASS: TestServerInitialLifetimeGenerationError/construction_cause (0.00s)
    --- PASS: TestServerInitialLifetimeGenerationError/preserve_cause (0.00s)
=== RUN   TestReceiveStreamCancellation
--- PASS: TestReceiveStreamCancellation (0.00s)
=== RUN   TestRetransmissionQueueFrames
=== RUN   TestRetransmissionQueueFrames/Initial
=== RUN   TestRetransmissionQueueFrames/Handshake
=== RUN   TestRetransmissionQueueFrames/1-RTT
--- PASS: TestRetransmissionQueueFrames (0.00s)
    --- PASS: TestRetransmissionQueueFrames/Initial (0.00s)
    --- PASS: TestRetransmissionQueueFrames/Handshake (0.00s)
    --- PASS: TestRetransmissionQueueFrames/1-RTT (0.00s)
=== RUN   TestConnectionWindowAutoTuningNotAllowed
--- PASS: TestConnectionWindowAutoTuningNotAllowed (0.00s)
=== RUN   TestFramerMinStreamFrameSize
--- PASS: TestFramerMinStreamFrameSize (0.00s)
=== RUN   TestConnIDGeneratorIssueAndRetire
=== RUN   TestConnIDGeneratorIssueAndRetire/with_initial_client_destination_connection_ID
=== RUN   TestConnIDGeneratorIssueAndRetire/without_initial_client_destination_connection_ID
--- PASS: TestConnIDGeneratorIssueAndRetire (0.00s)
    --- PASS: TestConnIDGeneratorIssueAndRetire/with_initial_client_destination_connection_ID (0.00s)
    --- PASS: TestConnIDGeneratorIssueAndRetire/without_initial_client_destination_connection_ID (0.00s)
=== RUN   TestOOBReaderBatchProgressionAndCleanup
    sys_conn_oob_lifetime_test.go:72: short/full batches require the Linux batched adapter
--- SKIP: TestOOBReaderBatchProgressionAndCleanup (0.00s)
=== RUN   TestServerZeroRTTLifetimeTransfer
--- PASS: TestServerZeroRTTLifetimeTransfer (0.00s)
=== RUN   TestFramerStreamDataBlocked
=== RUN   TestFramerStreamDataBlocked/small_STREAM_frame
=== RUN   TestFramerStreamDataBlocked/large_STREAM_frame
--- PASS: TestFramerStreamDataBlocked (0.00s)
    --- PASS: TestFramerStreamDataBlocked/small_STREAM_frame (0.00s)
    --- PASS: TestFramerStreamDataBlocked/large_STREAM_frame (0.00s)
=== RUN   TestSysConnPacketInfoDualStack
--- PASS: TestSysConnPacketInfoDualStack (0.00s)
=== RUN   TestConnectionFlowControlViolation
--- PASS: TestConnectionFlowControlViolation (0.00s)
=== RUN   TestConnectionTransportParameterValidationFailureClient
=== RUN   TestConnectionTransportParameterValidationFailureClient/initial_source_connection_id
=== RUN   TestConnectionTransportParameterValidationFailureClient/original_destination_connection_id
=== RUN   TestConnectionTransportParameterValidationFailureClient/retry_source_connection_id_if_no_retry
=== RUN   TestConnectionTransportParameterValidationFailureClient/retry_source_connection_id_missing
=== RUN   TestConnectionTransportParameterValidationFailureClient/retry_source_connection_id_incorrect
--- PASS: TestConnectionTransportParameterValidationFailureClient (0.00s)
    --- PASS: TestConnectionTransportParameterValidationFailureClient/initial_source_connection_id (0.00s)
    --- PASS: TestConnectionTransportParameterValidationFailureClient/original_destination_connection_id (0.00s)
    --- PASS: TestConnectionTransportParameterValidationFailureClient/retry_source_connection_id_if_no_retry (0.00s)
    --- PASS: TestConnectionTransportParameterValidationFailureClient/retry_source_connection_id_missing (0.00s)
    --- PASS: TestConnectionTransportParameterValidationFailureClient/retry_source_connection_id_incorrect (0.00s)
=== RUN   TestInitialCryptoStreamClientRandomizedSizes
=== RUN   TestInitialCryptoStreamClientRandomizedSizes/run_0
    crypto_stream_test.go:225: using a ClientHello without ECH, hostname: "pklsqj.nws"
    crypto_stream_test.go:273: received 11 frames
    crypto_stream_test.go:276: offset 0: 23 bytes
    crypto_stream_test.go:276: offset 23: 26 bytes
    crypto_stream_test.go:276: offset 49: 16 bytes
    crypto_stream_test.go:276: offset 70: 21 bytes
    crypto_stream_test.go:276: offset 91: 24 bytes
    crypto_stream_test.go:276: offset 115: 3 bytes
    crypto_stream_test.go:276: offset 118: 21 bytes
    crypto_stream_test.go:276: offset 139: 240 bytes
    crypto_stream_test.go:276: offset 379: 53 bytes
    crypto_stream_test.go:276: offset 65: 5 bytes
    crypto_stream_test.go:276: offset 432: 6 bytes
=== RUN   TestInitialCryptoStreamClientRandomizedSizes/run_1
    crypto_stream_test.go:225: using a ClientHello without ECH, hostname: "wiz.kupo.wj.ijmo.vvtggjy"
    crypto_stream_test.go:273: received 13 frames
    crypto_stream_test.go:276: offset 0: 28 bytes
    crypto_stream_test.go:276: offset 28: 8 bytes
    crypto_stream_test.go:276: offset 36: 22 bytes
    crypto_stream_test.go:276: offset 58: 6 bytes
    crypto_stream_test.go:276: offset 64: 5 bytes
    crypto_stream_test.go:276: offset 69: 3 bytes
    crypto_stream_test.go:276: offset 84: 22 bytes
    crypto_stream_test.go:276: offset 106: 3 bytes
    crypto_stream_test.go:276: offset 109: 20 bytes
    crypto_stream_test.go:276: offset 129: 4 bytes
    crypto_stream_test.go:276: offset 133: 219 bytes
    crypto_stream_test.go:276: offset 72: 12 bytes
    crypto_stream_test.go:276: offset 352: 6 bytes
=== RUN   TestInitialCryptoStreamClientRandomizedSizes/run_2
    crypto_stream_test.go:225: using a ClientHello without ECH, hostname: ""
    crypto_stream_test.go:273: received 6 frames
    crypto_stream_test.go:276: offset 0: 12 bytes
    crypto_stream_test.go:276: offset 12: 18 bytes
    crypto_stream_test.go:276: offset 30: 26 bytes
    crypto_stream_test.go:276: offset 56: 23 bytes
    crypto_stream_test.go:276: offset 79: 19 bytes
    crypto_stream_test.go:276: offset 98: 173 bytes
=== RUN   TestInitialCryptoStreamClientRandomizedSizes/run_3
    crypto_stream_test.go:230: using a ClientHello with ECH, hostname: "nlbwigskd.jcgqivhnqhn"
    crypto_stream_test.go:273: received 17 frames
    crypto_stream_test.go:276: offset 0: 29 bytes
    crypto_stream_test.go:276: offset 29: 26 bytes
    crypto_stream_test.go:276: offset 55: 10 bytes
    crypto_stream_test.go:276: offset 65: 5 bytes
    crypto_stream_test.go:276: offset 81: 10 bytes
    crypto_stream_test.go:276: offset 91: 110 bytes
    crypto_stream_test.go:276: offset 201: 27 bytes
    crypto_stream_test.go:276: offset 244: 16 bytes
    crypto_stream_test.go:276: offset 260: 7 bytes
    crypto_stream_test.go:276: offset 267: 23 bytes
    crypto_stream_test.go:276: offset 290: 26 bytes
    crypto_stream_test.go:276: offset 316: 21 bytes
    crypto_stream_test.go:276: offset 337: 369 bytes
    crypto_stream_test.go:276: offset 70: 11 bytes
    crypto_stream_test.go:276: offset 228: 6 bytes
    crypto_stream_test.go:276: offset 234: 10 bytes
    crypto_stream_test.go:276: offset 706: 6 bytes
=== RUN   TestInitialCryptoStreamClientRandomizedSizes/run_4
    crypto_stream_test.go:225: using a ClientHello without ECH, hostname: ""
    crypto_stream_test.go:273: received 13 frames
    crypto_stream_test.go:276: offset 0: 12 bytes
    crypto_stream_test.go:276: offset 12: 2 bytes
    crypto_stream_test.go:276: offset 14: 277 bytes
    crypto_stream_test.go:276: offset 291: 5 bytes
    crypto_stream_test.go:276: offset 296: 12 bytes
    crypto_stream_test.go:276: offset 308: 7 bytes
    crypto_stream_test.go:276: offset 315: 5 bytes
    crypto_stream_test.go:276: offset 320: 20 bytes
    crypto_stream_test.go:276: offset 340: 21 bytes
    crypto_stream_test.go:276: offset 361: 11 bytes
    crypto_stream_test.go:276: offset 372: 7 bytes
    crypto_stream_test.go:276: offset 379: 27 bytes
    crypto_stream_test.go:276: offset 406: 4 bytes
=== RUN   TestInitialCryptoStreamClientRandomizedSizes/run_5
    crypto_stream_test.go:225: using a ClientHello without ECH, hostname: "b.tx.yxr.yzju.jl.b.q"
    crypto_stream_test.go:273: received 5 frames
    crypto_stream_test.go:276: offset 0: 26 bytes
    crypto_stream_test.go:276: offset 26: 44 bytes
    crypto_stream_test.go:276: offset 80: 345 bytes
    crypto_stream_test.go:276: offset 70: 10 bytes
    crypto_stream_test.go:276: offset 425: 6 bytes
=== RUN   TestInitialCryptoStreamClientRandomizedSizes/run_6
    crypto_stream_test.go:230: using a ClientHello with ECH, hostname: "o.szxuvzfb.ka"
    crypto_stream_test.go:273: received 16 frames
    crypto_stream_test.go:276: offset 0: 16 bytes
    crypto_stream_test.go:276: offset 16: 11 bytes
    crypto_stream_test.go:276: offset 27: 39 bytes
    crypto_stream_test.go:276: offset 73: 177 bytes
    crypto_stream_test.go:276: offset 266: 14 bytes
    crypto_stream_test.go:276: offset 280: 3 bytes
    crypto_stream_test.go:276: offset 283: 4 bytes
    crypto_stream_test.go:276: offset 287: 1 bytes
    crypto_stream_test.go:276: offset 288: 13 bytes
    crypto_stream_test.go:276: offset 301: 24 bytes
    crypto_stream_test.go:276: offset 325: 24 bytes
    crypto_stream_test.go:276: offset 349: 3 bytes
    crypto_stream_test.go:276: offset 352: 408 bytes
    crypto_stream_test.go:276: offset 66: 7 bytes
    crypto_stream_test.go:276: offset 250: 16 bytes
    crypto_stream_test.go:276: offset 760: 6 bytes
=== RUN   TestInitialCryptoStreamClientRandomizedSizes/run_7
    crypto_stream_test.go:225: using a ClientHello without ECH, hostname: "kyxs.agarb.wgklgjanjpw"
    crypto_stream_test.go:273: received 13 frames
    crypto_stream_test.go:276: offset 0: 71 bytes
    crypto_stream_test.go:276: offset 82: 48 bytes
    crypto_stream_test.go:276: offset 130: 18 bytes
    crypto_stream_test.go:276: offset 148: 13 bytes
    crypto_stream_test.go:276: offset 161: 7 bytes
    crypto_stream_test.go:276: offset 168: 127 bytes
    crypto_stream_test.go:276: offset 295: 23 bytes
    crypto_stream_test.go:276: offset 318: 3 bytes
    crypto_stream_test.go:276: offset 321: 7 bytes
    crypto_stream_test.go:276: offset 328: 21 bytes
    crypto_stream_test.go:276: offset 349: 17 bytes
    crypto_stream_test.go:276: offset 71: 11 bytes
    crypto_stream_test.go:276: offset 366: 6 bytes
=== RUN   TestInitialCryptoStreamClientRandomizedSizes/run_8
    crypto_stream_test.go:225: using a ClientHello without ECH, hostname: "c.vdwn.f.ehqxupa.o"
    crypto_stream_test.go:273: received 7 frames
    crypto_stream_test.go:276: offset 0: 69 bytes
    crypto_stream_test.go:276: offset 78: 1 bytes
    crypto_stream_test.go:276: offset 79: 22 bytes
    crypto_stream_test.go:276: offset 101: 17 bytes
    crypto_stream_test.go:276: offset 118: 207 bytes
    crypto_stream_test.go:276: offset 69: 9 bytes
    crypto_stream_test.go:276: offset 325: 6 bytes
=== RUN   TestInitialCryptoStreamClientRandomizedSizes/run_9
    crypto_stream_test.go:230: using a ClientHello with ECH, hostname: "w.kr.m"
    crypto_stream_test.go:273: received 23 frames
    crypto_stream_test.go:276: offset 0: 23 bytes
    crypto_stream_test.go:276: offset 23: 14 bytes
    crypto_stream_test.go:276: offset 37: 19 bytes
    crypto_stream_test.go:276: offset 56: 7 bytes
    crypto_stream_test.go:276: offset 66: 28 bytes
    crypto_stream_test.go:276: offset 94: 25 bytes
    crypto_stream_test.go:276: offset 119: 7 bytes
    crypto_stream_test.go:276: offset 126: 18 bytes
    crypto_stream_test.go:276: offset 144: 18 bytes
    crypto_stream_test.go:276: offset 162: 37 bytes
    crypto_stream_test.go:276: offset 215: 7 bytes
    crypto_stream_test.go:276: offset 222: 1 bytes
    crypto_stream_test.go:276: offset 223: 19 bytes
    crypto_stream_test.go:276: offset 242: 24 bytes
    crypto_stream_test.go:276: offset 266: 28 bytes
    crypto_stream_test.go:276: offset 294: 22 bytes
    crypto_stream_test.go:276: offset 316: 5 bytes
    crypto_stream_test.go:276: offset 321: 13 bytes
    crypto_stream_test.go:276: offset 334: 343 bytes
    crypto_stream_test.go:276: offset 63: 3 bytes
    crypto_stream_test.go:276: offset 199: 7 bytes
    crypto_stream_test.go:276: offset 206: 9 bytes
    crypto_stream_test.go:276: offset 677: 6 bytes
=== RUN   TestInitialCryptoStreamClientRandomizedSizes/run_10
    crypto_stream_test.go:225: using a ClientHello without ECH, hostname: "raijspf.gg"
    crypto_stream_test.go:273: received 6 frames
    crypto_stream_test.go:276: offset 0: 65 bytes
    crypto_stream_test.go:276: offset 70: 3 bytes
    crypto_stream_test.go:276: offset 73: 10 bytes
    crypto_stream_test.go:276: offset 83: 171 bytes
    crypto_stream_test.go:276: offset 65: 5 bytes
    crypto_stream_test.go:276: offset 254: 6 bytes
=== RUN   TestInitialCryptoStreamClientRandomizedSizes/run_11
    crypto_stream_test.go:230: using a ClientHello with ECH, hostname: "tteudh.nwdzq"
    crypto_stream_test.go:273: received 23 frames
    crypto_stream_test.go:276: offset 0: 18 bytes
    crypto_stream_test.go:276: offset 18: 10 bytes
    crypto_stream_test.go:276: offset 28: 22 bytes
    crypto_stream_test.go:276: offset 50: 16 bytes
    crypto_stream_test.go:276: offset 72: 22 bytes
    crypto_stream_test.go:276: offset 94: 10 bytes
    crypto_stream_test.go:276: offset 104: 2 bytes
    crypto_stream_test.go:276: offset 106: 18 bytes
    crypto_stream_test.go:276: offset 140: 14 bytes
    crypto_stream_test.go:276: offset 154: 289 bytes
    crypto_stream_test.go:276: offset 443: 18 bytes
    crypto_stream_test.go:276: offset 461: 6 bytes
    crypto_stream_test.go:276: offset 467: 8 bytes
    crypto_stream_test.go:276: offset 475: 9 bytes
    crypto_stream_test.go:276: offset 484: 4 bytes
    crypto_stream_test.go:276: offset 488: 2 bytes
    crypto_stream_test.go:276: offset 490: 8 bytes
    crypto_stream_test.go:276: offset 498: 8 bytes
    crypto_stream_test.go:276: offset 506: 28 bytes
    crypto_stream_test.go:276: offset 534: 4 bytes
    crypto_stream_test.go:276: offset 66: 6 bytes
    crypto_stream_test.go:276: offset 124: 16 bytes
    crypto_stream_test.go:276: offset 538: 6 bytes
=== RUN   TestInitialCryptoStreamClientRandomizedSizes/run_12
    crypto_stream_test.go:225: using a ClientHello without ECH, hostname: ""
    crypto_stream_test.go:273: received 12 frames
    crypto_stream_test.go:276: offset 0: 1 bytes
    crypto_stream_test.go:276: offset 1: 1 bytes
    crypto_stream_test.go:276: offset 2: 28 bytes
    crypto_stream_test.go:276: offset 30: 19 bytes
    crypto_stream_test.go:276: offset 49: 17 bytes
    crypto_stream_test.go:276: offset 66: 7 bytes
    crypto_stream_test.go:276: offset 73: 5 bytes
    crypto_stream_test.go:276: offset 78: 19 bytes
    crypto_stream_test.go:276: offset 97: 203 bytes
    crypto_stream_test.go:276: offset 300: 25 bytes
    crypto_stream_test.go:276: offset 325: 18 bytes
    crypto_stream_test.go:276: offset 343: 6 bytes
=== RUN   TestInitialCryptoStreamClientRandomizedSizes/run_13
    crypto_stream_test.go:225: using a ClientHello without ECH, hostname: "faraitg.j.zbie.fc"
    crypto_stream_test.go:273: received 12 frames
    crypto_stream_test.go:276: offset 0: 16 bytes
    crypto_stream_test.go:276: offset 16: 6 bytes
    crypto_stream_test.go:276: offset 22: 21 bytes
    crypto_stream_test.go:276: offset 43: 19 bytes
    crypto_stream_test.go:276: offset 62: 6 bytes
    crypto_stream_test.go:276: offset 77: 123 bytes
    crypto_stream_test.go:276: offset 200: 28 bytes
    crypto_stream_test.go:276: offset 228: 4 bytes
    crypto_stream_test.go:276: offset 232: 5 bytes
    crypto_stream_test.go:276: offset 237: 33 bytes
    crypto_stream_test.go:276: offset 68: 9 bytes
    crypto_stream_test.go:276: offset 270: 6 bytes
=== RUN   TestInitialCryptoStreamClientRandomizedSizes/run_14
    crypto_stream_test.go:225: using a ClientHello without ECH, hostname: "kr.q.itsv.jk.ml.lh"
    crypto_stream_test.go:273: received 11 frames
    crypto_stream_test.go:276: offset 0: 12 bytes
    crypto_stream_test.go:276: offset 12: 10 bytes
    crypto_stream_test.go:276: offset 22: 28 bytes
    crypto_stream_test.go:276: offset 50: 12 bytes
    crypto_stream_test.go:276: offset 62: 7 bytes
    crypto_stream_test.go:276: offset 78: 12 bytes
    crypto_stream_test.go:276: offset 90: 5 bytes
    crypto_stream_test.go:276: offset 95: 4 bytes
    crypto_stream_test.go:276: offset 99: 175 bytes
    crypto_stream_test.go:276: offset 69: 9 bytes
    crypto_stream_test.go:276: offset 274: 6 bytes
=== RUN   TestInitialCryptoStreamClientRandomizedSizes/run_15
    crypto_stream_test.go:230: using a ClientHello with ECH, hostname: "qg.p.zbcr.y.tbod.twayh.lr"
    crypto_stream_test.go:273: received 23 frames
    crypto_stream_test.go:276: offset 0: 6 bytes
    crypto_stream_test.go:276: offset 6: 6 bytes
    crypto_stream_test.go:276: offset 12: 19 bytes
    crypto_stream_test.go:276: offset 31: 21 bytes
    crypto_stream_test.go:276: offset 52: 20 bytes
    crypto_stream_test.go:276: offset 85: 18 bytes
    crypto_stream_test.go:276: offset 103: 5 bytes
    crypto_stream_test.go:276: offset 108: 94 bytes
    crypto_stream_test.go:276: offset 218: 16 bytes
    crypto_stream_test.go:276: offset 234: 1 bytes
    crypto_stream_test.go:276: offset 235: 30 bytes
    crypto_stream_test.go:276: offset 265: 26 bytes
    crypto_stream_test.go:276: offset 291: 24 bytes
    crypto_stream_test.go:276: offset 315: 9 bytes
    crypto_stream_test.go:276: offset 324: 3 bytes
    crypto_stream_test.go:276: offset 327: 3 bytes
    crypto_stream_test.go:276: offset 330: 20 bytes
    crypto_stream_test.go:276: offset 350: 11 bytes
    crypto_stream_test.go:276: offset 361: 17 bytes
    crypto_stream_test.go:276: offset 378: 302 bytes
    crypto_stream_test.go:276: offset 72: 13 bytes
    crypto_stream_test.go:276: offset 202: 16 bytes
    crypto_stream_test.go:276: offset 680: 6 bytes
=== RUN   TestInitialCryptoStreamClientRandomizedSizes/run_16
    crypto_stream_test.go:230: using a ClientHello with ECH, hostname: "r.bd.ziqd.mzh.kn.ym"
    crypto_stream_test.go:273: received 20 frames
    crypto_stream_test.go:276: offset 0: 5 bytes
    crypto_stream_test.go:276: offset 5: 27 bytes
    crypto_stream_test.go:276: offset 32: 37 bytes
    crypto_stream_test.go:276: offset 79: 25 bytes
    crypto_stream_test.go:276: offset 104: 11 bytes
    crypto_stream_test.go:276: offset 115: 8 bytes
    crypto_stream_test.go:276: offset 123: 6 bytes
    crypto_stream_test.go:276: offset 129: 16 bytes
    crypto_stream_test.go:276: offset 145: 9 bytes
    crypto_stream_test.go:276: offset 154: 12 bytes
    crypto_stream_test.go:276: offset 166: 15 bytes
    crypto_stream_test.go:276: offset 181: 104 bytes
    crypto_stream_test.go:276: offset 301: 22 bytes
    crypto_stream_test.go:276: offset 323: 28 bytes
    crypto_stream_test.go:276: offset 351: 5 bytes
    crypto_stream_test.go:276: offset 356: 455 bytes
    crypto_stream_test.go:276: offset 811: 16 bytes
    crypto_stream_test.go:276: offset 69: 10 bytes
    crypto_stream_test.go:276: offset 285: 16 bytes
    crypto_stream_test.go:276: offset 827: 6 bytes
=== RUN   TestInitialCryptoStreamClientRandomizedSizes/run_17
    crypto_stream_test.go:225: using a ClientHello without ECH, hostname: ""
    crypto_stream_test.go:273: received 8 frames
    crypto_stream_test.go:276: offset 0: 10 bytes
    crypto_stream_test.go:276: offset 10: 22 bytes
    crypto_stream_test.go:276: offset 32: 9 bytes
    crypto_stream_test.go:276: offset 41: 91 bytes
    crypto_stream_test.go:276: offset 132: 15 bytes
    crypto_stream_test.go:276: offset 147: 57 bytes
    crypto_stream_test.go:276: offset 204: 12 bytes
    crypto_stream_test.go:276: offset 216: 89 bytes
=== RUN   TestInitialCryptoStreamClientRandomizedSizes/run_18
    crypto_stream_test.go:225: using a ClientHello without ECH, hostname: "gue.tdq.mhwdi.xtu"
    crypto_stream_test.go:273: received 10 frames
    crypto_stream_test.go:276: offset 0: 21 bytes
    crypto_stream_test.go:276: offset 21: 47 bytes
    crypto_stream_test.go:276: offset 77: 42 bytes
    crypto_stream_test.go:276: offset 119: 133 bytes
    crypto_stream_test.go:276: offset 252: 14 bytes
    crypto_stream_test.go:276: offset 266: 23 bytes
    crypto_stream_test.go:276: offset 289: 26 bytes
    crypto_stream_test.go:276: offset 315: 8 bytes
    crypto_stream_test.go:276: offset 68: 9 bytes
    crypto_stream_test.go:276: offset 323: 6 bytes
=== RUN   TestInitialCryptoStreamClientRandomizedSizes/run_19
    crypto_stream_test.go:225: using a ClientHello without ECH, hostname: "z.xkfj.hwrahixkz.bzvh"
    crypto_stream_test.go:273: received 11 frames
    crypto_stream_test.go:276: offset 0: 2 bytes
    crypto_stream_test.go:276: offset 2: 24 bytes
    crypto_stream_test.go:276: offset 26: 17 bytes
    crypto_stream_test.go:276: offset 43: 15 bytes
    crypto_stream_test.go:276: offset 58: 12 bytes
    crypto_stream_test.go:276: offset 81: 14 bytes
    crypto_stream_test.go:276: offset 95: 248 bytes
    crypto_stream_test.go:276: offset 343: 5 bytes
    crypto_stream_test.go:276: offset 348: 3 bytes
    crypto_stream_test.go:276: offset 70: 11 bytes
    crypto_stream_test.go:276: offset 351: 6 bytes
=== RUN   TestInitialCryptoStreamClientRandomizedSizes/run_20
    crypto_stream_test.go:225: using a ClientHello without ECH, hostname: "lxwd.rxrtetask"
    crypto_stream_test.go:273: received 13 frames
    crypto_stream_test.go:276: offset 0: 67 bytes
    crypto_stream_test.go:276: offset 74: 1 bytes
    crypto_stream_test.go:276: offset 75: 28 bytes
    crypto_stream_test.go:276: offset 103: 21 bytes
    crypto_stream_test.go:276: offset 124: 3 bytes
    crypto_stream_test.go:276: offset 127: 208 bytes
    crypto_stream_test.go:276: offset 335: 8 bytes
    crypto_stream_test.go:276: offset 343: 25 bytes
    crypto_stream_test.go:276: offset 368: 8 bytes
    crypto_stream_test.go:276: offset 376: 9 bytes
    crypto_stream_test.go:276: offset 67: 7 bytes
    crypto_stream_test.go:276: offset 385: 2 bytes
    crypto_stream_test.go:276: offset 387: 4 bytes
=== RUN   TestInitialCryptoStreamClientRandomizedSizes/run_21
    crypto_stream_test.go:230: using a ClientHello with ECH, hostname: "r.l.zuma.izfqg"
    crypto_stream_test.go:273: received 15 frames
    crypto_stream_test.go:276: offset 0: 5 bytes
    crypto_stream_test.go:276: offset 5: 62 bytes
    crypto_stream_test.go:276: offset 74: 6 bytes
    crypto_stream_test.go:276: offset 80: 18 bytes
    crypto_stream_test.go:276: offset 114: 5 bytes
    crypto_stream_test.go:276: offset 119: 20 bytes
    crypto_stream_test.go:276: offset 139: 13 bytes
    crypto_stream_test.go:276: offset 152: 24 bytes
    crypto_stream_test.go:276: offset 176: 304 bytes
    crypto_stream_test.go:276: offset 67: 3 bytes
    crypto_stream_test.go:276: offset 70: 4 bytes
    crypto_stream_test.go:276: offset 98: 7 bytes
    crypto_stream_test.go:276: offset 105: 7 bytes
    crypto_stream_test.go:276: offset 112: 2 bytes
    crypto_stream_test.go:276: offset 480: 6 bytes
=== RUN   TestInitialCryptoStreamClientRandomizedSizes/run_22
    crypto_stream_test.go:225: using a ClientHello without ECH, hostname: ""
    crypto_stream_test.go:273: received 9 frames
    crypto_stream_test.go:276: offset 0: 18 bytes
    crypto_stream_test.go:276: offset 18: 3 bytes
    crypto_stream_test.go:276: offset 21: 23 bytes
    crypto_stream_test.go:276: offset 44: 26 bytes
    crypto_stream_test.go:276: offset 70: 21 bytes
    crypto_stream_test.go:276: offset 91: 4 bytes
    crypto_stream_test.go:276: offset 95: 19 bytes
    crypto_stream_test.go:276: offset 114: 25 bytes
    crypto_stream_test.go:276: offset 139: 110 bytes
=== RUN   TestInitialCryptoStreamClientRandomizedSizes/run_23
    crypto_stream_test.go:225: using a ClientHello without ECH, hostname: "yaphwoovsk.q.gdkkz"
    crypto_stream_test.go:273: received 11 frames
    crypto_stream_test.go:276: offset 0: 26 bytes
    crypto_stream_test.go:276: offset 26: 18 bytes
    crypto_stream_test.go:276: offset 44: 15 bytes
    crypto_stream_test.go:276: offset 59: 10 bytes
    crypto_stream_test.go:276: offset 78: 16 bytes
    crypto_stream_test.go:276: offset 94: 20 bytes
    crypto_stream_test.go:276: offset 114: 220 bytes
    crypto_stream_test.go:276: offset 69: 2 bytes
    crypto_stream_test.go:276: offset 71: 2 bytes
    crypto_stream_test.go:276: offset 73: 5 bytes
    crypto_stream_test.go:276: offset 334: 6 bytes
=== RUN   TestInitialCryptoStreamClientRandomizedSizes/run_24
    crypto_stream_test.go:230: using a ClientHello with ECH, hostname: "bcrse.sybj.ghtkgkq"
    crypto_stream_test.go:273: received 15 frames
    crypto_stream_test.go:276: offset 0: 28 bytes
    crypto_stream_test.go:276: offset 28: 41 bytes
    crypto_stream_test.go:276: offset 78: 185 bytes
    crypto_stream_test.go:276: offset 263: 1 bytes
    crypto_stream_test.go:276: offset 264: 18 bytes
    crypto_stream_test.go:276: offset 282: 3 bytes
    crypto_stream_test.go:276: offset 301: 16 bytes
    crypto_stream_test.go:276: offset 317: 19 bytes
    crypto_stream_test.go:276: offset 336: 256 bytes
    crypto_stream_test.go:276: offset 592: 8 bytes
    crypto_stream_test.go:276: offset 600: 227 bytes
    crypto_stream_test.go:276: offset 69: 9 bytes
    crypto_stream_test.go:276: offset 285: 16 bytes
    crypto_stream_test.go:276: offset 827: 2 bytes
    crypto_stream_test.go:276: offset 829: 4 bytes
=== RUN   TestInitialCryptoStreamClientRandomizedSizes/run_25
    crypto_stream_test.go:225: using a ClientHello without ECH, hostname: ""
    crypto_stream_test.go:273: received 2 frames
    crypto_stream_test.go:276: offset 0: 4 bytes
    crypto_stream_test.go:276: offset 4: 304 bytes
=== RUN   TestInitialCryptoStreamClientRandomizedSizes/run_26
    crypto_stream_test.go:230: using a ClientHello with ECH, hostname: "u.asfbg.zk.gy.mtvm"
    crypto_stream_test.go:273: received 25 frames
    crypto_stream_test.go:276: offset 0: 15 bytes
    crypto_stream_test.go:276: offset 15: 2 bytes
    crypto_stream_test.go:276: offset 17: 52 bytes
    crypto_stream_test.go:276: offset 78: 19 bytes
    crypto_stream_test.go:276: offset 97: 6 bytes
    crypto_stream_test.go:276: offset 103: 15 bytes
    crypto_stream_test.go:276: offset 118: 10 bytes
    crypto_stream_test.go:276: offset 128: 13 bytes
    crypto_stream_test.go:276: offset 141: 27 bytes
    crypto_stream_test.go:276: offset 168: 11 bytes
    crypto_stream_test.go:276: offset 179: 11 bytes
    crypto_stream_test.go:276: offset 190: 2 bytes
    crypto_stream_test.go:276: offset 208: 28 bytes
    crypto_stream_test.go:276: offset 236: 271 bytes
    crypto_stream_test.go:276: offset 507: 11 bytes
    crypto_stream_test.go:276: offset 518: 12 bytes
    crypto_stream_test.go:276: offset 530: 18 bytes
    crypto_stream_test.go:276: offset 548: 6 bytes
    crypto_stream_test.go:276: offset 554: 5 bytes
    crypto_stream_test.go:276: offset 559: 19 bytes
    crypto_stream_test.go:276: offset 578: 60 bytes
    crypto_stream_test.go:276: offset 69: 7 bytes
    crypto_stream_test.go:276: offset 76: 2 bytes
    crypto_stream_test.go:276: offset 192: 16 bytes
    crypto_stream_test.go:276: offset 638: 6 bytes
=== RUN   TestInitialCryptoStreamClientRandomizedSizes/run_27
    crypto_stream_test.go:225: using a ClientHello without ECH, hostname: ""
    crypto_stream_test.go:273: received 5 frames
    crypto_stream_test.go:276: offset 0: 8 bytes
    crypto_stream_test.go:276: offset 8: 12 bytes
    crypto_stream_test.go:276: offset 20: 9 bytes
    crypto_stream_test.go:276: offset 29: 11 bytes
    crypto_stream_test.go:276: offset 40: 384 bytes
=== RUN   TestInitialCryptoStreamClientRandomizedSizes/run_28
    crypto_stream_test.go:225: using a ClientHello without ECH, hostname: ""
    crypto_stream_test.go:273: received 12 frames
    crypto_stream_test.go:276: offset 0: 18 bytes
    crypto_stream_test.go:276: offset 18: 5 bytes
    crypto_stream_test.go:276: offset 23: 18 bytes
    crypto_stream_test.go:276: offset 41: 23 bytes
    crypto_stream_test.go:276: offset 64: 10 bytes
    crypto_stream_test.go:276: offset 74: 20 bytes
    crypto_stream_test.go:276: offset 94: 6 bytes
    crypto_stream_test.go:276: offset 100: 27 bytes
    crypto_stream_test.go:276: offset 127: 20 bytes
    crypto_stream_test.go:276: offset 147: 1 bytes
    crypto_stream_test.go:276: offset 148: 12 bytes
    crypto_stream_test.go:276: offset 160: 198 bytes
=== RUN   TestInitialCryptoStreamClientRandomizedSizes/run_29
    crypto_stream_test.go:225: using a ClientHello without ECH, hostname: "e.aoobnuuw.ulkpikp"
    crypto_stream_test.go:273: received 9 frames
    crypto_stream_test.go:276: offset 0: 4 bytes
    crypto_stream_test.go:276: offset 4: 65 bytes
    crypto_stream_test.go:276: offset 78: 28 bytes
    crypto_stream_test.go:276: offset 106: 28 bytes
    crypto_stream_test.go:276: offset 134: 20 bytes
    crypto_stream_test.go:276: offset 154: 119 bytes
    crypto_stream_test.go:276: offset 69: 9 bytes
    crypto_stream_test.go:276: offset 273: 5 bytes
    crypto_stream_test.go:276: offset 278: 1 bytes
=== RUN   TestInitialCryptoStreamClientRandomizedSizes/run_30
    crypto_stream_test.go:230: using a ClientHello with ECH, hostname: "fezlswif.t"
    crypto_stream_test.go:273: received 20 frames
    crypto_stream_test.go:276: offset 0: 22 bytes
    crypto_stream_test.go:276: offset 22: 5 bytes
    crypto_stream_test.go:276: offset 27: 20 bytes
    crypto_stream_test.go:276: offset 47: 18 bytes
    crypto_stream_test.go:276: offset 70: 9 bytes
    crypto_stream_test.go:276: offset 79: 3 bytes
    crypto_stream_test.go:276: offset 82: 12 bytes
    crypto_stream_test.go:276: offset 94: 13 bytes
    crypto_stream_test.go:276: offset 107: 161 bytes
    crypto_stream_test.go:276: offset 284: 26 bytes
    crypto_stream_test.go:276: offset 310: 7 bytes
    crypto_stream_test.go:276: offset 317: 13 bytes
    crypto_stream_test.go:276: offset 330: 437 bytes
    crypto_stream_test.go:276: offset 767: 1 bytes
    crypto_stream_test.go:276: offset 768: 42 bytes
    crypto_stream_test.go:276: offset 65: 1 bytes
    crypto_stream_test.go:276: offset 66: 4 bytes
    crypto_stream_test.go:276: offset 268: 16 bytes
    crypto_stream_test.go:276: offset 810: 5 bytes
    crypto_stream_test.go:276: offset 815: 1 bytes
=== RUN   TestInitialCryptoStreamClientRandomizedSizes/run_31
    crypto_stream_test.go:225: using a ClientHello without ECH, hostname: ""
    crypto_stream_test.go:273: received 2 frames
    crypto_stream_test.go:276: offset 0: 28 bytes
    crypto_stream_test.go:276: offset 28: 225 bytes
=== RUN   TestInitialCryptoStreamClientRandomizedSizes/run_32
    crypto_stream_test.go:225: using a ClientHello without ECH, hostname: ""
    crypto_stream_test.go:273: received 2 frames
    crypto_stream_test.go:276: offset 0: 90 bytes
    crypto_stream_test.go:276: offset 90: 258 bytes
=== RUN   TestInitialCryptoStreamClientRandomizedSizes/run_33
    crypto_stream_test.go:225: using a ClientHello without ECH, hostname: "j.o.wpgbzsmrv.g"
    crypto_stream_test.go:273: received 7 frames
    crypto_stream_test.go:276: offset 0: 10 bytes
    crypto_stream_test.go:276: offset 10: 27 bytes
    crypto_stream_test.go:276: offset 37: 12 bytes
    crypto_stream_test.go:276: offset 49: 18 bytes
    crypto_stream_test.go:276: offset 75: 323 bytes
    crypto_stream_test.go:276: offset 67: 8 bytes
    crypto_stream_test.go:276: offset 398: 6 bytes
=== RUN   TestInitialCryptoStreamClientRandomizedSizes/run_34
    crypto_stream_test.go:225: using a ClientHello without ECH, hostname: "lxl.k.ktl"
    crypto_stream_test.go:273: received 15 frames
    crypto_stream_test.go:276: offset 0: 4 bytes
    crypto_stream_test.go:276: offset 4: 13 bytes
    crypto_stream_test.go:276: offset 17: 8 bytes
    crypto_stream_test.go:276: offset 25: 14 bytes
    crypto_stream_test.go:276: offset 39: 15 bytes
    crypto_stream_test.go:276: offset 54: 10 bytes
    crypto_stream_test.go:276: offset 69: 10 bytes
    crypto_stream_test.go:276: offset 79: 3 bytes
    crypto_stream_test.go:276: offset 82: 45 bytes
    crypto_stream_test.go:276: offset 127: 195 bytes
    crypto_stream_test.go:276: offset 322: 6 bytes
    crypto_stream_test.go:276: offset 328: 4 bytes
    crypto_stream_test.go:276: offset 332: 49 bytes
    crypto_stream_test.go:276: offset 64: 5 bytes
    crypto_stream_test.go:276: offset 381: 6 bytes
=== RUN   TestInitialCryptoStreamClientRandomizedSizes/run_35
    crypto_stream_test.go:230: using a ClientHello with ECH, hostname: "b.e.aamzg.r.xmr.iql"
    crypto_stream_test.go:273: received 18 frames
    crypto_stream_test.go:276: offset 0: 24 bytes
    crypto_stream_test.go:276: offset 24: 24 bytes
    crypto_stream_test.go:276: offset 48: 21 bytes
    crypto_stream_test.go:276: offset 79: 9 bytes
    crypto_stream_test.go:276: offset 88: 21 bytes
    crypto_stream_test.go:276: offset 109: 7 bytes
    crypto_stream_test.go:276: offset 132: 12 bytes
    crypto_stream_test.go:276: offset 144: 290 bytes
    crypto_stream_test.go:276: offset 434: 22 bytes
    crypto_stream_test.go:276: offset 456: 1 bytes
    crypto_stream_test.go:276: offset 457: 19 bytes
    crypto_stream_test.go:276: offset 476: 22 bytes
    crypto_stream_test.go:276: offset 69: 4 bytes
    crypto_stream_test.go:276: offset 73: 6 bytes
    crypto_stream_test.go:276: offset 116: 11 bytes
    crypto_stream_test.go:276: offset 127: 5 bytes
    crypto_stream_test.go:276: offset 498: 5 bytes
    crypto_stream_test.go:276: offset 503: 1 bytes
=== RUN   TestInitialCryptoStreamClientRandomizedSizes/run_36
    crypto_stream_test.go:225: using a ClientHello without ECH, hostname: ""
    crypto_stream_test.go:273: received 3 frames
    crypto_stream_test.go:276: offset 0: 5 bytes
    crypto_stream_test.go:276: offset 5: 24 bytes
    crypto_stream_test.go:276: offset 29: 376 bytes
=== RUN   TestInitialCryptoStreamClientRandomizedSizes/run_37
    crypto_stream_test.go:230: using a ClientHello with ECH, hostname: "vtsvx.eu"
    crypto_stream_test.go:273: received 16 frames
    crypto_stream_test.go:276: offset 0: 13 bytes
    crypto_stream_test.go:276: offset 13: 25 bytes
    crypto_stream_test.go:276: offset 38: 26 bytes
    crypto_stream_test.go:276: offset 68: 14 bytes
    crypto_stream_test.go:276: offset 82: 17 bytes
    crypto_stream_test.go:276: offset 115: 17 bytes
    crypto_stream_test.go:276: offset 132: 24 bytes
    crypto_stream_test.go:276: offset 156: 11 bytes
    crypto_stream_test.go:276: offset 167: 248 bytes
    crypto_stream_test.go:276: offset 415: 20 bytes
    crypto_stream_test.go:276: offset 435: 6 bytes
    crypto_stream_test.go:276: offset 441: 40 bytes
    crypto_stream_test.go:276: offset 64: 4 bytes
    crypto_stream_test.go:276: offset 99: 16 bytes
    crypto_stream_test.go:276: offset 481: 5 bytes
    crypto_stream_test.go:276: offset 486: 1 bytes
=== RUN   TestInitialCryptoStreamClientRandomizedSizes/run_38
    crypto_stream_test.go:230: using a ClientHello with ECH, hostname: "r.dlumrvat"
    crypto_stream_test.go:273: received 15 frames
    crypto_stream_test.go:276: offset 0: 23 bytes
    crypto_stream_test.go:276: offset 23: 2 bytes
    crypto_stream_test.go:276: offset 25: 40 bytes
    crypto_stream_test.go:276: offset 70: 4 bytes
    crypto_stream_test.go:276: offset 74: 15 bytes
    crypto_stream_test.go:276: offset 89: 8 bytes
    crypto_stream_test.go:276: offset 113: 16 bytes
    crypto_stream_test.go:276: offset 129: 5 bytes
    crypto_stream_test.go:276: offset 134: 21 bytes
    crypto_stream_test.go:276: offset 155: 324 bytes
    crypto_stream_test.go:276: offset 65: 4 bytes
    crypto_stream_test.go:276: offset 69: 1 bytes
    crypto_stream_test.go:276: offset 97: 13 bytes
    crypto_stream_test.go:276: offset 110: 3 bytes
    crypto_stream_test.go:276: offset 479: 6 bytes
=== RUN   TestInitialCryptoStreamClientRandomizedSizes/run_39
    crypto_stream_test.go:225: using a ClientHello without ECH, hostname: ""
    crypto_stream_test.go:273: received 3 frames
    crypto_stream_test.go:276: offset 0: 21 bytes
    crypto_stream_test.go:276: offset 21: 20 bytes
    crypto_stream_test.go:276: offset 41: 261 bytes
=== RUN   TestInitialCryptoStreamClientRandomizedSizes/run_40
    crypto_stream_test.go:225: using a ClientHello without ECH, hostname: "zyhdvvcnylg.tgsbmqxwj.y"
    crypto_stream_test.go:273: received 9 frames
    crypto_stream_test.go:276: offset 0: 8 bytes
    crypto_stream_test.go:276: offset 8: 21 bytes
    crypto_stream_test.go:276: offset 29: 19 bytes
    crypto_stream_test.go:276: offset 48: 3 bytes
    crypto_stream_test.go:276: offset 51: 20 bytes
    crypto_stream_test.go:276: offset 83: 382 bytes
    crypto_stream_test.go:276: offset 71: 8 bytes
    crypto_stream_test.go:276: offset 79: 4 bytes
    crypto_stream_test.go:276: offset 465: 6 bytes
=== RUN   TestInitialCryptoStreamClientRandomizedSizes/run_41
    crypto_stream_test.go:230: using a ClientHello with ECH, hostname: "fnfqomdxie.jofz.jilg"
    crypto_stream_test.go:273: received 13 frames
    crypto_stream_test.go:276: offset 0: 19 bytes
    crypto_stream_test.go:276: offset 19: 51 bytes
    crypto_stream_test.go:276: offset 80: 26 bytes
    crypto_stream_test.go:276: offset 106: 27 bytes
    crypto_stream_test.go:276: offset 133: 60 bytes
    crypto_stream_test.go:276: offset 209: 8 bytes
    crypto_stream_test.go:276: offset 217: 302 bytes
    crypto_stream_test.go:276: offset 519: 28 bytes
    crypto_stream_test.go:276: offset 547: 9 bytes
    crypto_stream_test.go:276: offset 556: 83 bytes
    crypto_stream_test.go:276: offset 70: 10 bytes
    crypto_stream_test.go:276: offset 193: 16 bytes
    crypto_stream_test.go:276: offset 639: 6 bytes
=== RUN   TestInitialCryptoStreamClientRandomizedSizes/run_42
    crypto_stream_test.go:225: using a ClientHello without ECH, hostname: ""
    crypto_stream_test.go:273: received 2 frames
    crypto_stream_test.go:276: offset 0: 19 bytes
    crypto_stream_test.go:276: offset 19: 318 bytes
=== RUN   TestInitialCryptoStreamClientRandomizedSizes/run_43
    crypto_stream_test.go:225: using a ClientHello without ECH, hostname: "bxekmctygfqawhaauidjhw"
    crypto_stream_test.go:273: received 10 frames
    crypto_stream_test.go:276: offset 0: 19 bytes
    crypto_stream_test.go:276: offset 19: 52 bytes
    crypto_stream_test.go:276: offset 82: 10 bytes
    crypto_stream_test.go:276: offset 92: 26 bytes
    crypto_stream_test.go:276: offset 118: 18 bytes
    crypto_stream_test.go:276: offset 136: 15 bytes
    crypto_stream_test.go:276: offset 151: 167 bytes
    crypto_stream_test.go:276: offset 71: 4 bytes
    crypto_stream_test.go:276: offset 75: 7 bytes
    crypto_stream_test.go:276: offset 318: 6 bytes
=== RUN   TestInitialCryptoStreamClientRandomizedSizes/run_44
    crypto_stream_test.go:225: using a ClientHello without ECH, hostname: ""
    crypto_stream_test.go:273: received 8 frames
    crypto_stream_test.go:276: offset 0: 23 bytes
    crypto_stream_test.go:276: offset 23: 11 bytes
    crypto_stream_test.go:276: offset 34: 59 bytes
    crypto_stream_test.go:276: offset 93: 28 bytes
    crypto_stream_test.go:276: offset 121: 1 bytes
    crypto_stream_test.go:276: offset 122: 23 bytes
    crypto_stream_test.go:276: offset 145: 23 bytes
    crypto_stream_test.go:276: offset 168: 92 bytes
=== RUN   TestInitialCryptoStreamClientRandomizedSizes/run_45
    crypto_stream_test.go:225: using a ClientHello without ECH, hostname: ""
    crypto_stream_test.go:273: received 5 frames
    crypto_stream_test.go:276: offset 0: 24 bytes
    crypto_stream_test.go:276: offset 24: 21 bytes
    crypto_stream_test.go:276: offset 45: 115 bytes
    crypto_stream_test.go:276: offset 160: 13 bytes
    crypto_stream_test.go:276: offset 173: 192 bytes
=== RUN   TestInitialCryptoStreamClientRandomizedSizes/run_46
    crypto_stream_test.go:225: using a ClientHello without ECH, hostname: ""
    crypto_stream_test.go:273: received 5 frames
    crypto_stream_test.go:276: offset 0: 4 bytes
    crypto_stream_test.go:276: offset 4: 14 bytes
    crypto_stream_test.go:276: offset 18: 13 bytes
    crypto_stream_test.go:276: offset 31: 9 bytes
    crypto_stream_test.go:276: offset 40: 309 bytes
=== RUN   TestInitialCryptoStreamClientRandomizedSizes/run_47
    crypto_stream_test.go:225: using a ClientHello without ECH, hostname: "ag.nbygh.oosv.w"
    crypto_stream_test.go:273: received 13 frames
    crypto_stream_test.go:276: offset 0: 67 bytes
    crypto_stream_test.go:276: offset 75: 3 bytes
    crypto_stream_test.go:276: offset 78: 3 bytes
    crypto_stream_test.go:276: offset 81: 1 bytes
    crypto_stream_test.go:276: offset 82: 27 bytes
    crypto_stream_test.go:276: offset 109: 26 bytes
    crypto_stream_test.go:276: offset 135: 22 bytes
    crypto_stream_test.go:276: offset 157: 11 bytes
    crypto_stream_test.go:276: offset 168: 1 bytes
    crypto_stream_test.go:276: offset 169: 232 bytes
    crypto_stream_test.go:276: offset 401: 51 bytes
    crypto_stream_test.go:276: offset 67: 8 bytes
    crypto_stream_test.go:276: offset 452: 6 bytes
=== RUN   TestInitialCryptoStreamClientRandomizedSizes/run_48
    crypto_stream_test.go:225: using a ClientHello without ECH, hostname: ""
    crypto_stream_test.go:273: received 5 frames
    crypto_stream_test.go:276: offset 0: 7 bytes
    crypto_stream_test.go:276: offset 7: 10 bytes
    crypto_stream_test.go:276: offset 17: 311 bytes
    crypto_stream_test.go:276: offset 328: 24 bytes
    crypto_stream_test.go:276: offset 352: 3 bytes
=== RUN   TestInitialCryptoStreamClientRandomizedSizes/run_49
    crypto_stream_test.go:230: using a ClientHello with ECH, hostname: "qkccadma.mn.ma"
    crypto_stream_test.go:273: received 14 frames
    crypto_stream_test.go:276: offset 0: 67 bytes
    crypto_stream_test.go:276: offset 74: 7 bytes
    crypto_stream_test.go:276: offset 81: 18 bytes
    crypto_stream_test.go:276: offset 99: 73 bytes
    crypto_stream_test.go:276: offset 172: 4 bytes
    crypto_stream_test.go:276: offset 176: 76 bytes
    crypto_stream_test.go:276: offset 268: 279 bytes
    crypto_stream_test.go:276: offset 547: 12 bytes
    crypto_stream_test.go:276: offset 559: 21 bytes
    crypto_stream_test.go:276: offset 580: 182 bytes
    crypto_stream_test.go:276: offset 67: 7 bytes
    crypto_stream_test.go:276: offset 252: 16 bytes
    crypto_stream_test.go:276: offset 762: 2 bytes
    crypto_stream_test.go:276: offset 764: 4 bytes
=== RUN   TestInitialCryptoStreamClientRandomizedSizes/run_50
    crypto_stream_test.go:230: using a ClientHello with ECH, hostname: "zmdji.hvnb.toyvrguj"
    crypto_stream_test.go:273: received 33 frames
    crypto_stream_test.go:276: offset 0: 20 bytes
    crypto_stream_test.go:276: offset 20: 49 bytes
    crypto_stream_test.go:276: offset 79: 7 bytes
    crypto_stream_test.go:276: offset 86: 27 bytes
    crypto_stream_test.go:276: offset 113: 8 bytes
    crypto_stream_test.go:276: offset 121: 108 bytes
    crypto_stream_test.go:276: offset 245: 8 bytes
    crypto_stream_test.go:276: offset 253: 27 bytes
    crypto_stream_test.go:276: offset 280: 15 bytes
    crypto_stream_test.go:276: offset 295: 18 bytes
    crypto_stream_test.go:276: offset 313: 21 bytes
    crypto_stream_test.go:276: offset 334: 23 bytes
    crypto_stream_test.go:276: offset 357: 18 bytes
    crypto_stream_test.go:276: offset 375: 17 bytes
    crypto_stream_test.go:276: offset 392: 25 bytes
    crypto_stream_test.go:276: offset 417: 1 bytes
    crypto_stream_test.go:276: offset 418: 28 bytes
    crypto_stream_test.go:276: offset 446: 21 bytes
    crypto_stream_test.go:276: offset 467: 7 bytes
    crypto_stream_test.go:276: offset 474: 94 bytes
    crypto_stream_test.go:276: offset 568: 14 bytes
    crypto_stream_test.go:276: offset 582: 1 bytes
    crypto_stream_test.go:276: offset 583: 21 bytes
    crypto_stream_test.go:276: offset 604: 19 bytes
    crypto_stream_test.go:276: offset 623: 20 bytes
    crypto_stream_test.go:276: offset 643: 22 bytes
    crypto_stream_test.go:276: offset 665: 23 bytes
    crypto_stream_test.go:276: offset 688: 8 bytes
    crypto_stream_test.go:276: offset 696: 43 bytes
    crypto_stream_test.go:276: offset 69: 3 bytes
    crypto_stream_test.go:276: offset 72: 7 bytes
    crypto_stream_test.go:276: offset 229: 16 bytes
    crypto_stream_test.go:276: offset 739: 6 bytes
=== RUN   TestInitialCryptoStreamClientRandomizedSizes/run_51
    crypto_stream_test.go:225: using a ClientHello without ECH, hostname: ""
    crypto_stream_test.go:273: received 3 frames
    crypto_stream_test.go:276: offset 0: 20 bytes
    crypto_stream_test.go:276: offset 20: 29 bytes
    crypto_stream_test.go:276: offset 49: 332 bytes
=== RUN   TestInitialCryptoStreamClientRandomizedSizes/run_52
    crypto_stream_test.go:225: using a ClientHello without ECH, hostname: "ajhid.qmw.alrrkluzvf"
    crypto_stream_test.go:273: received 5 frames
    crypto_stream_test.go:276: offset 0: 70 bytes
    crypto_stream_test.go:276: offset 80: 181 bytes
    crypto_stream_test.go:276: offset 261: 138 bytes
    crypto_stream_test.go:276: offset 70: 10 bytes
    crypto_stream_test.go:276: offset 399: 6 bytes
=== RUN   TestInitialCryptoStreamClientRandomizedSizes/run_53
    crypto_stream_test.go:230: using a ClientHello with ECH, hostname: "cgnp.kr.ml.mlzjm.yzvtbysr"
    crypto_stream_test.go:273: received 16 frames
    crypto_stream_test.go:276: offset 0: 72 bytes
    crypto_stream_test.go:276: offset 85: 9 bytes
    crypto_stream_test.go:276: offset 94: 25 bytes
    crypto_stream_test.go:276: offset 119: 17 bytes
    crypto_stream_test.go:276: offset 136: 19 bytes
    crypto_stream_test.go:276: offset 155: 10 bytes
    crypto_stream_test.go:276: offset 165: 15 bytes
    crypto_stream_test.go:276: offset 196: 4 bytes
    crypto_stream_test.go:276: offset 200: 16 bytes
    crypto_stream_test.go:276: offset 216: 16 bytes
    crypto_stream_test.go:276: offset 232: 394 bytes
    crypto_stream_test.go:276: offset 72: 13 bytes
    crypto_stream_test.go:276: offset 180: 10 bytes
    crypto_stream_test.go:276: offset 190: 6 bytes
    crypto_stream_test.go:276: offset 626: 2 bytes
    crypto_stream_test.go:276: offset 628: 4 bytes
=== RUN   TestInitialCryptoStreamClientRandomizedSizes/run_54
    crypto_stream_test.go:225: using a ClientHello without ECH, hostname: "uxdome"
    crypto_stream_test.go:273: received 11 frames
    crypto_stream_test.go:276: offset 0: 14 bytes
    crypto_stream_test.go:276: offset 14: 19 bytes
    crypto_stream_test.go:276: offset 33: 11 bytes
    crypto_stream_test.go:276: offset 44: 19 bytes
    crypto_stream_test.go:276: offset 66: 28 bytes
    crypto_stream_test.go:276: offset 94: 18 bytes
    crypto_stream_test.go:276: offset 112: 7 bytes
    crypto_stream_test.go:276: offset 119: 26 bytes
    crypto_stream_test.go:276: offset 145: 153 bytes
    crypto_stream_test.go:276: offset 63: 3 bytes
    crypto_stream_test.go:276: offset 298: 6 bytes
=== RUN   TestInitialCryptoStreamClientRandomizedSizes/run_55
    crypto_stream_test.go:225: using a ClientHello without ECH, hostname: "nkgzjydagzwydjm"
    crypto_stream_test.go:273: received 16 frames
    crypto_stream_test.go:276: offset 0: 4 bytes
    crypto_stream_test.go:276: offset 4: 8 bytes
    crypto_stream_test.go:276: offset 12: 29 bytes
    crypto_stream_test.go:276: offset 41: 26 bytes
    crypto_stream_test.go:276: offset 75: 8 bytes
    crypto_stream_test.go:276: offset 83: 10 bytes
    crypto_stream_test.go:276: offset 93: 10 bytes
    crypto_stream_test.go:276: offset 103: 11 bytes
    crypto_stream_test.go:276: offset 114: 16 bytes
    crypto_stream_test.go:276: offset 130: 11 bytes
    crypto_stream_test.go:276: offset 141: 27 bytes
    crypto_stream_test.go:276: offset 168: 26 bytes
    crypto_stream_test.go:276: offset 194: 96 bytes
    crypto_stream_test.go:276: offset 67: 6 bytes
    crypto_stream_test.go:276: offset 73: 2 bytes
    crypto_stream_test.go:276: offset 290: 6 bytes
=== RUN   TestInitialCryptoStreamClientRandomizedSizes/run_56
    crypto_stream_test.go:225: using a ClientHello without ECH, hostname: ""
    crypto_stream_test.go:273: received 3 frames
    crypto_stream_test.go:276: offset 0: 340 bytes
    crypto_stream_test.go:276: offset 340: 10 bytes
    crypto_stream_test.go:276: offset 350: 40 bytes
=== RUN   TestInitialCryptoStreamClientRandomizedSizes/run_57
    crypto_stream_test.go:230: using a ClientHello with ECH, hostname: "uwqvuqyo.amwqrgswyca"
    crypto_stream_test.go:273: received 15 frames
    crypto_stream_test.go:276: offset 0: 70 bytes
    crypto_stream_test.go:276: offset 80: 22 bytes
    crypto_stream_test.go:276: offset 102: 1 bytes
    crypto_stream_test.go:276: offset 103: 3 bytes
    crypto_stream_test.go:276: offset 106: 8 bytes
    crypto_stream_test.go:276: offset 130: 47 bytes
    crypto_stream_test.go:276: offset 177: 14 bytes
    crypto_stream_test.go:276: offset 191: 30 bytes
    crypto_stream_test.go:276: offset 221: 26 bytes
    crypto_stream_test.go:276: offset 247: 249 bytes
    crypto_stream_test.go:276: offset 70: 2 bytes
    crypto_stream_test.go:276: offset 72: 8 bytes
    crypto_stream_test.go:276: offset 114: 5 bytes
    crypto_stream_test.go:276: offset 119: 11 bytes
    crypto_stream_test.go:276: offset 496: 6 bytes
=== RUN   TestInitialCryptoStreamClientRandomizedSizes/run_58
    crypto_stream_test.go:230: using a ClientHello with ECH, hostname: "dzrvfsyf.keju"
    crypto_stream_test.go:273: received 14 frames
    crypto_stream_test.go:276: offset 0: 2 bytes
    crypto_stream_test.go:276: offset 2: 21 bytes
    crypto_stream_test.go:276: offset 23: 7 bytes
    crypto_stream_test.go:276: offset 30: 14 bytes
    crypto_stream_test.go:276: offset 44: 21 bytes
    crypto_stream_test.go:276: offset 65: 1 bytes
    crypto_stream_test.go:276: offset 73: 20 bytes
    crypto_stream_test.go:276: offset 93: 143 bytes
    crypto_stream_test.go:276: offset 252: 152 bytes
    crypto_stream_test.go:276: offset 404: 26 bytes
    crypto_stream_test.go:276: offset 430: 316 bytes
    crypto_stream_test.go:276: offset 66: 7 bytes
    crypto_stream_test.go:276: offset 236: 16 bytes
    crypto_stream_test.go:276: offset 746: 6 bytes
=== RUN   TestInitialCryptoStreamClientRandomizedSizes/run_59
    crypto_stream_test.go:225: using a ClientHello without ECH, hostname: ""
    crypto_stream_test.go:273: received 1 frames
    crypto_stream_test.go:276: offset 0: 309 bytes
=== RUN   TestInitialCryptoStreamClientRandomizedSizes/run_60
    crypto_stream_test.go:225: using a ClientHello without ECH, hostname: "akoxmryq"
    crypto_stream_test.go:273: received 5 frames
    crypto_stream_test.go:276: offset 0: 64 bytes
    crypto_stream_test.go:276: offset 68: 265 bytes
    crypto_stream_test.go:276: offset 333: 14 bytes
    crypto_stream_test.go:276: offset 64: 4 bytes
    crypto_stream_test.go:276: offset 347: 6 bytes
=== RUN   TestInitialCryptoStreamClientRandomizedSizes/run_61
    crypto_stream_test.go:225: using a ClientHello without ECH, hostname: "zslxyptmzc.ijivgcd.uzoj"
    crypto_stream_test.go:273: received 12 frames
    crypto_stream_test.go:276: offset 0: 29 bytes
    crypto_stream_test.go:276: offset 29: 14 bytes
    crypto_stream_test.go:276: offset 43: 15 bytes
    crypto_stream_test.go:276: offset 58: 13 bytes
    crypto_stream_test.go:276: offset 83: 1 bytes
    crypto_stream_test.go:276: offset 84: 26 bytes
    crypto_stream_test.go:276: offset 110: 169 bytes
    crypto_stream_test.go:276: offset 279: 28 bytes
    crypto_stream_test.go:276: offset 307: 13 bytes
    crypto_stream_test.go:276: offset 71: 7 bytes
    crypto_stream_test.go:276: offset 78: 5 bytes
    crypto_stream_test.go:276: offset 320: 6 bytes
=== RUN   TestInitialCryptoStreamClientRandomizedSizes/run_62
    crypto_stream_test.go:225: using a ClientHello without ECH, hostname: "xyl.lkl.gza.mxzx.a"
    crypto_stream_test.go:273: received 17 frames
    crypto_stream_test.go:276: offset 0: 11 bytes
    crypto_stream_test.go:276: offset 11: 4 bytes
    crypto_stream_test.go:276: offset 15: 28 bytes
    crypto_stream_test.go:276: offset 43: 19 bytes
    crypto_stream_test.go:276: offset 62: 7 bytes
    crypto_stream_test.go:276: offset 78: 24 bytes
    crypto_stream_test.go:276: offset 102: 5 bytes
    crypto_stream_test.go:276: offset 107: 18 bytes
    crypto_stream_test.go:276: offset 125: 8 bytes
    crypto_stream_test.go:276: offset 133: 75 bytes
    crypto_stream_test.go:276: offset 208: 25 bytes
    crypto_stream_test.go:276: offset 233: 3 bytes
    crypto_stream_test.go:276: offset 236: 10 bytes
    crypto_stream_test.go:276: offset 246: 22 bytes
    crypto_stream_test.go:276: offset 268: 173 bytes
    crypto_stream_test.go:276: offset 69: 9 bytes
    crypto_stream_test.go:276: offset 441: 6 bytes
=== RUN   TestInitialCryptoStreamClientRandomizedSizes/run_63
    crypto_stream_test.go:225: using a ClientHello without ECH, hostname: "tpc.owfiny"
    crypto_stream_test.go:273: received 10 frames
    crypto_stream_test.go:276: offset 0: 10 bytes
    crypto_stream_test.go:276: offset 10: 1 bytes
    crypto_stream_test.go:276: offset 11: 20 bytes
    crypto_stream_test.go:276: offset 31: 7 bytes
    crypto_stream_test.go:276: offset 38: 15 bytes
    crypto_stream_test.go:276: offset 53: 12 bytes
    crypto_stream_test.go:276: offset 70: 259 bytes
    crypto_stream_test.go:276: offset 65: 5 bytes
    crypto_stream_test.go:276: offset 329: 5 bytes
    crypto_stream_test.go:276: offset 334: 1 bytes
=== RUN   TestInitialCryptoStreamClientRandomizedSizes/run_64
    crypto_stream_test.go:225: using a ClientHello without ECH, hostname: ""
    crypto_stream_test.go:273: received 3 frames
    crypto_stream_test.go:276: offset 0: 260 bytes
    crypto_stream_test.go:276: offset 260: 13 bytes
    crypto_stream_test.go:276: offset 273: 8 bytes
=== RUN   TestInitialCryptoStreamClientRandomizedSizes/run_65
    crypto_stream_test.go:225: using a ClientHello without ECH, hostname: ""
    crypto_stream_test.go:273: received 5 frames
    crypto_stream_test.go:276: offset 0: 6 bytes
    crypto_stream_test.go:276: offset 6: 15 bytes
    crypto_stream_test.go:276: offset 21: 18 bytes
    crypto_stream_test.go:276: offset 39: 24 bytes
    crypto_stream_test.go:276: offset 63: 187 bytes
=== RUN   TestInitialCryptoStreamClientRandomizedSizes/run_66
    crypto_stream_test.go:225: using a ClientHello without ECH, hostname: ""
    crypto_stream_test.go:273: received 4 frames
    crypto_stream_test.go:276: offset 0: 6 bytes
    crypto_stream_test.go:276: offset 6: 21 bytes
    crypto_stream_test.go:276: offset 27: 94 bytes
    crypto_stream_test.go:276: offset 121: 244 bytes
=== RUN   TestInitialCryptoStreamClientRandomizedSizes/run_67
    crypto_stream_test.go:225: using a ClientHello without ECH, hostname: "vopamjquf"
    crypto_stream_test.go:273: received 5 frames
    crypto_stream_test.go:276: offset 0: 17 bytes
    crypto_stream_test.go:276: offset 17: 47 bytes
    crypto_stream_test.go:276: offset 69: 227 bytes
    crypto_stream_test.go:276: offset 64: 5 bytes
    crypto_stream_test.go:276: offset 296: 6 bytes
=== RUN   TestInitialCryptoStreamClientRandomizedSizes/run_68
    crypto_stream_test.go:230: using a ClientHello with ECH, hostname: "t.wqpvkawrh.j"
    crypto_stream_test.go:273: received 26 frames
    crypto_stream_test.go:276: offset 0: 43 bytes
    crypto_stream_test.go:276: offset 43: 8 bytes
    crypto_stream_test.go:276: offset 51: 9 bytes
    crypto_stream_test.go:276: offset 60: 6 bytes
    crypto_stream_test.go:276: offset 73: 26 bytes
    crypto_stream_test.go:276: offset 99: 22 bytes
    crypto_stream_test.go:276: offset 121: 156 bytes
    crypto_stream_test.go:276: offset 293: 13 bytes
    crypto_stream_test.go:276: offset 306: 19 bytes
    crypto_stream_test.go:276: offset 325: 5 bytes
    crypto_stream_test.go:276: offset 330: 2 bytes
    crypto_stream_test.go:276: offset 332: 54 bytes
    crypto_stream_test.go:276: offset 386: 25 bytes
    crypto_stream_test.go:276: offset 411: 10 bytes
    crypto_stream_test.go:276: offset 421: 21 bytes
    crypto_stream_test.go:276: offset 442: 19 bytes
    crypto_stream_test.go:276: offset 461: 18 bytes
    crypto_stream_test.go:276: offset 479: 13 bytes
    crypto_stream_test.go:276: offset 492: 28 bytes
    crypto_stream_test.go:276: offset 520: 15 bytes
    crypto_stream_test.go:276: offset 535: 9 bytes
    crypto_stream_test.go:276: offset 544: 275 bytes
    crypto_stream_test.go:276: offset 66: 7 bytes
    crypto_stream_test.go:276: offset 277: 1 bytes
    crypto_stream_test.go:276: offset 278: 15 bytes
    crypto_stream_test.go:276: offset 819: 6 bytes
=== RUN   TestInitialCryptoStreamClientRandomizedSizes/run_69
    crypto_stream_test.go:230: using a ClientHello with ECH, hostname: "a.k.osjsj.tj.a.eh.c"
    crypto_stream_test.go:273: received 21 frames
    crypto_stream_test.go:276: offset 0: 67 bytes
    crypto_stream_test.go:276: offset 67: 1 bytes
    crypto_stream_test.go:276: offset 68: 1 bytes
    crypto_stream_test.go:276: offset 79: 10 bytes
    crypto_stream_test.go:276: offset 89: 5 bytes
    crypto_stream_test.go:276: offset 94: 14 bytes
    crypto_stream_test.go:276: offset 108: 1 bytes
    crypto_stream_test.go:276: offset 109: 20 bytes
    crypto_stream_test.go:276: offset 129: 2 bytes
    crypto_stream_test.go:276: offset 131: 130 bytes
    crypto_stream_test.go:276: offset 277: 21 bytes
    crypto_stream_test.go:276: offset 298: 414 bytes
    crypto_stream_test.go:276: offset 712: 1 bytes
    crypto_stream_test.go:276: offset 713: 16 bytes
    crypto_stream_test.go:276: offset 729: 2 bytes
    crypto_stream_test.go:276: offset 731: 15 bytes
    crypto_stream_test.go:276: offset 746: 57 bytes
    crypto_stream_test.go:276: offset 69: 10 bytes
    crypto_stream_test.go:276: offset 261: 14 bytes
    crypto_stream_test.go:276: offset 275: 2 bytes
    crypto_stream_test.go:276: offset 803: 6 bytes
=== RUN   TestInitialCryptoStreamClientRandomizedSizes/run_70
    crypto_stream_test.go:230: using a ClientHello with ECH, hostname: "cky.uxyw.uj.d"
    crypto_stream_test.go:273: received 23 frames
    crypto_stream_test.go:276: offset 0: 28 bytes
    crypto_stream_test.go:276: offset 28: 23 bytes
    crypto_stream_test.go:276: offset 51: 15 bytes
    crypto_stream_test.go:276: offset 73: 24 bytes
    crypto_stream_test.go:276: offset 97: 2 bytes
    crypto_stream_test.go:276: offset 99: 15 bytes
    crypto_stream_test.go:276: offset 130: 13 bytes
    crypto_stream_test.go:276: offset 143: 9 bytes
    crypto_stream_test.go:276: offset 152: 18 bytes
    crypto_stream_test.go:276: offset 170: 16 bytes
    crypto_stream_test.go:276: offset 186: 19 bytes
    crypto_stream_test.go:276: offset 205: 8 bytes
    crypto_stream_test.go:276: offset 213: 13 bytes
    crypto_stream_test.go:276: offset 226: 24 bytes
    crypto_stream_test.go:276: offset 250: 3 bytes
    crypto_stream_test.go:276: offset 253: 25 bytes
    crypto_stream_test.go:276: offset 278: 20 bytes
    crypto_stream_test.go:276: offset 298: 4 bytes
    crypto_stream_test.go:276: offset 302: 194 bytes
    crypto_stream_test.go:276: offset 66: 7 bytes
    crypto_stream_test.go:276: offset 114: 6 bytes
    crypto_stream_test.go:276: offset 120: 10 bytes
    crypto_stream_test.go:276: offset 496: 6 bytes
=== RUN   TestInitialCryptoStreamClientRandomizedSizes/run_71
    crypto_stream_test.go:225: using a ClientHello without ECH, hostname: ""
    crypto_stream_test.go:273: received 8 frames
    crypto_stream_test.go:276: offset 0: 2 bytes
    crypto_stream_test.go:276: offset 2: 11 bytes
    crypto_stream_test.go:276: offset 13: 29 bytes
    crypto_stream_test.go:276: offset 42: 6 bytes
    crypto_stream_test.go:276: offset 48: 18 bytes
    crypto_stream_test.go:276: offset 66: 14 bytes
    crypto_stream_test.go:276: offset 80: 10 bytes
    crypto_stream_test.go:276: offset 90: 306 bytes
=== RUN   TestInitialCryptoStreamClientRandomizedSizes/run_72
    crypto_stream_test.go:225: using a ClientHello without ECH, hostname: "qar.kv.jxyk.n"
    crypto_stream_test.go:273: received 6 frames
    crypto_stream_test.go:276: offset 0: 66 bytes
    crypto_stream_test.go:276: offset 73: 15 bytes
    crypto_stream_test.go:276: offset 88: 11 bytes
    crypto_stream_test.go:276: offset 99: 188 bytes
    crypto_stream_test.go:276: offset 66: 7 bytes
    crypto_stream_test.go:276: offset 287: 6 bytes
=== RUN   TestInitialCryptoStreamClientRandomizedSizes/run_73
    crypto_stream_test.go:230: using a ClientHello with ECH, hostname: "kgjyqxtq.dcnhir"
    crypto_stream_test.go:273: received 10 frames
    crypto_stream_test.go:276: offset 0: 18 bytes
    crypto_stream_test.go:276: offset 18: 23 bytes
    crypto_stream_test.go:276: offset 41: 11 bytes
    crypto_stream_test.go:276: offset 52: 15 bytes
    crypto_stream_test.go:276: offset 75: 125 bytes
    crypto_stream_test.go:276: offset 216: 385 bytes
    crypto_stream_test.go:276: offset 601: 77 bytes
    crypto_stream_test.go:276: offset 67: 8 bytes
    crypto_stream_test.go:276: offset 200: 16 bytes
    crypto_stream_test.go:276: offset 678: 6 bytes
=== RUN   TestInitialCryptoStreamClientRandomizedSizes/run_74
    crypto_stream_test.go:225: using a ClientHello without ECH, hostname: "gvnwh.d.qg.wlz"
    crypto_stream_test.go:273: received 26 frames
    crypto_stream_test.go:276: offset 0: 23 bytes
    crypto_stream_test.go:276: offset 23: 44 bytes
    crypto_stream_test.go:276: offset 74: 1 bytes
    crypto_stream_test.go:276: offset 75: 23 bytes
    crypto_stream_test.go:276: offset 98: 22 bytes
    crypto_stream_test.go:276: offset 120: 26 bytes
    crypto_stream_test.go:276: offset 146: 1 bytes
    crypto_stream_test.go:276: offset 147: 21 bytes
    crypto_stream_test.go:276: offset 168: 7 bytes
    crypto_stream_test.go:276: offset 175: 9 bytes
    crypto_stream_test.go:276: offset 184: 12 bytes
    crypto_stream_test.go:276: offset 196: 3 bytes
    crypto_stream_test.go:276: offset 199: 17 bytes
    crypto_stream_test.go:276: offset 216: 10 bytes
    crypto_stream_test.go:276: offset 226: 5 bytes
    crypto_stream_test.go:276: offset 231: 10 bytes
    crypto_stream_test.go:276: offset 241: 12 bytes
    crypto_stream_test.go:276: offset 253: 2 bytes
    crypto_stream_test.go:276: offset 255: 25 bytes
    crypto_stream_test.go:276: offset 280: 4 bytes
    crypto_stream_test.go:276: offset 284: 21 bytes
    crypto_stream_test.go:276: offset 305: 52 bytes
    crypto_stream_test.go:276: offset 67: 7 bytes
    crypto_stream_test.go:276: offset 357: 1 bytes
    crypto_stream_test.go:276: offset 358: 1 bytes
    crypto_stream_test.go:276: offset 359: 4 bytes
=== RUN   TestInitialCryptoStreamClientRandomizedSizes/run_75
    crypto_stream_test.go:225: using a ClientHello without ECH, hostname: "ln.yi.t.bmbpvrone.zcorxp"
    crypto_stream_test.go:273: received 11 frames
    crypto_stream_test.go:276: offset 0: 25 bytes
    crypto_stream_test.go:276: offset 25: 29 bytes
    crypto_stream_test.go:276: offset 54: 18 bytes
    crypto_stream_test.go:276: offset 84: 26 bytes
    crypto_stream_test.go:276: offset 110: 17 bytes
    crypto_stream_test.go:276: offset 127: 26 bytes
    crypto_stream_test.go:276: offset 153: 9 bytes
    crypto_stream_test.go:276: offset 162: 293 bytes
    crypto_stream_test.go:276: offset 72: 12 bytes
    crypto_stream_test.go:276: offset 455: 4 bytes
    crypto_stream_test.go:276: offset 459: 2 bytes
=== RUN   TestInitialCryptoStreamClientRandomizedSizes/run_76
    crypto_stream_test.go:230: using a ClientHello with ECH, hostname: "s.jwk.do.pmflfjcvw"
    crypto_stream_test.go:273: received 21 frames
    crypto_stream_test.go:276: offset 0: 8 bytes
    crypto_stream_test.go:276: offset 8: 28 bytes
    crypto_stream_test.go:276: offset 36: 24 bytes
    crypto_stream_test.go:276: offset 60: 3 bytes
    crypto_stream_test.go:276: offset 63: 6 bytes
    crypto_stream_test.go:276: offset 78: 23 bytes
    crypto_stream_test.go:276: offset 101: 69 bytes
    crypto_stream_test.go:276: offset 186: 3 bytes
    crypto_stream_test.go:276: offset 189: 16 bytes
    crypto_stream_test.go:276: offset 205: 18 bytes
    crypto_stream_test.go:276: offset 223: 13 bytes
    crypto_stream_test.go:276: offset 236: 26 bytes
    crypto_stream_test.go:276: offset 262: 24 bytes
    crypto_stream_test.go:276: offset 286: 12 bytes
    crypto_stream_test.go:276: offset 298: 251 bytes
    crypto_stream_test.go:276: offset 549: 3 bytes
    crypto_stream_test.go:276: offset 552: 12 bytes
    crypto_stream_test.go:276: offset 564: 52 bytes
    crypto_stream_test.go:276: offset 69: 9 bytes
    crypto_stream_test.go:276: offset 170: 16 bytes
    crypto_stream_test.go:276: offset 616: 6 bytes
=== RUN   TestInitialCryptoStreamClientRandomizedSizes/run_77
    crypto_stream_test.go:230: using a ClientHello with ECH, hostname: "wt.et.nnho.ujqfm.tvyw"
    crypto_stream_test.go:273: received 12 frames
    crypto_stream_test.go:276: offset 0: 17 bytes
    crypto_stream_test.go:276: offset 17: 53 bytes
    crypto_stream_test.go:276: offset 81: 24 bytes
    crypto_stream_test.go:276: offset 121: 4 bytes
    crypto_stream_test.go:276: offset 125: 137 bytes
    crypto_stream_test.go:276: offset 262: 5 bytes
    crypto_stream_test.go:276: offset 267: 19 bytes
    crypto_stream_test.go:276: offset 286: 11 bytes
    crypto_stream_test.go:276: offset 297: 190 bytes
    crypto_stream_test.go:276: offset 70: 11 bytes
    crypto_stream_test.go:276: offset 105: 16 bytes
    crypto_stream_test.go:276: offset 487: 6 bytes
=== RUN   TestInitialCryptoStreamClientRandomizedSizes/run_78
    crypto_stream_test.go:225: using a ClientHello without ECH, hostname: "zqai.bqy.rmfk.xfskayb.yr"
    crypto_stream_test.go:273: received 16 frames
    crypto_stream_test.go:276: offset 0: 72 bytes
    crypto_stream_test.go:276: offset 84: 2 bytes
    crypto_stream_test.go:276: offset 86: 23 bytes
    crypto_stream_test.go:276: offset 109: 21 bytes
    crypto_stream_test.go:276: offset 130: 8 bytes
    crypto_stream_test.go:276: offset 138: 27 bytes
    crypto_stream_test.go:276: offset 165: 26 bytes
    crypto_stream_test.go:276: offset 191: 28 bytes
    crypto_stream_test.go:276: offset 219: 71 bytes
    crypto_stream_test.go:276: offset 290: 1 bytes
    crypto_stream_test.go:276: offset 291: 4 bytes
    crypto_stream_test.go:276: offset 295: 19 bytes
    crypto_stream_test.go:276: offset 314: 22 bytes
    crypto_stream_test.go:276: offset 336: 60 bytes
    crypto_stream_test.go:276: offset 72: 12 bytes
    crypto_stream_test.go:276: offset 396: 6 bytes
=== RUN   TestInitialCryptoStreamClientRandomizedSizes/run_79
    crypto_stream_test.go:230: using a ClientHello with ECH, hostname: "c.zsk.spx"
    crypto_stream_test.go:273: received 11 frames
    crypto_stream_test.go:276: offset 0: 64 bytes
    crypto_stream_test.go:276: offset 69: 90 bytes
    crypto_stream_test.go:276: offset 175: 25 bytes
    crypto_stream_test.go:276: offset 200: 9 bytes
    crypto_stream_test.go:276: offset 209: 16 bytes
    crypto_stream_test.go:276: offset 225: 360 bytes
    crypto_stream_test.go:276: offset 585: 10 bytes
    crypto_stream_test.go:276: offset 595: 10 bytes
    crypto_stream_test.go:276: offset 64: 5 bytes
    crypto_stream_test.go:276: offset 159: 16 bytes
    crypto_stream_test.go:276: offset 605: 6 bytes
=== RUN   TestInitialCryptoStreamClientRandomizedSizes/run_80
    crypto_stream_test.go:225: using a ClientHello without ECH, hostname: ""
    crypto_stream_test.go:273: received 1 frames
    crypto_stream_test.go:276: offset 0: 256 bytes
=== RUN   TestInitialCryptoStreamClientRandomizedSizes/run_81
    crypto_stream_test.go:225: using a ClientHello without ECH, hostname: ""
    crypto_stream_test.go:273: received 8 frames
    crypto_stream_test.go:276: offset 0: 13 bytes
    crypto_stream_test.go:276: offset 13: 3 bytes
    crypto_stream_test.go:276: offset 16: 264 bytes
    crypto_stream_test.go:276: offset 280: 26 bytes
    crypto_stream_test.go:276: offset 306: 17 bytes
    crypto_stream_test.go:276: offset 323: 11 bytes
    crypto_stream_test.go:276: offset 334: 7 bytes
    crypto_stream_test.go:276: offset 341: 2 bytes
=== RUN   TestInitialCryptoStreamClientRandomizedSizes/run_82
    crypto_stream_test.go:225: using a ClientHello without ECH, hostname: ""
    crypto_stream_test.go:273: received 7 frames
    crypto_stream_test.go:276: offset 0: 18 bytes
    crypto_stream_test.go:276: offset 18: 21 bytes
    crypto_stream_test.go:276: offset 39: 25 bytes
    crypto_stream_test.go:276: offset 64: 15 bytes
    crypto_stream_test.go:276: offset 79: 20 bytes
    crypto_stream_test.go:276: offset 99: 24 bytes
    crypto_stream_test.go:276: offset 123: 183 bytes
=== RUN   TestInitialCryptoStreamClientRandomizedSizes/run_83
    crypto_stream_test.go:230: using a ClientHello with ECH, hostname: "eslp.pp.n.e"
    crypto_stream_test.go:273: received 33 frames
    crypto_stream_test.go:276: offset 0: 2 bytes
    crypto_stream_test.go:276: offset 2: 13 bytes
    crypto_stream_test.go:276: offset 15: 4 bytes
    crypto_stream_test.go:276: offset 19: 3 bytes
    crypto_stream_test.go:276: offset 22: 43 bytes
    crypto_stream_test.go:276: offset 71: 104 bytes
    crypto_stream_test.go:276: offset 175: 28 bytes
    crypto_stream_test.go:276: offset 203: 19 bytes
    crypto_stream_test.go:276: offset 222: 14 bytes
    crypto_stream_test.go:276: offset 236: 7 bytes
    crypto_stream_test.go:276: offset 259: 11 bytes
    crypto_stream_test.go:276: offset 270: 3 bytes
    crypto_stream_test.go:276: offset 273: 7 bytes
    crypto_stream_test.go:276: offset 280: 11 bytes
    crypto_stream_test.go:276: offset 291: 21 bytes
    crypto_stream_test.go:276: offset 312: 17 bytes
    crypto_stream_test.go:276: offset 329: 24 bytes
    crypto_stream_test.go:276: offset 353: 2 bytes
    crypto_stream_test.go:276: offset 355: 13 bytes
    crypto_stream_test.go:276: offset 368: 5 bytes
    crypto_stream_test.go:276: offset 373: 4 bytes
    crypto_stream_test.go:276: offset 377: 14 bytes
    crypto_stream_test.go:276: offset 391: 21 bytes
    crypto_stream_test.go:276: offset 412: 28 bytes
    crypto_stream_test.go:276: offset 440: 6 bytes
    crypto_stream_test.go:276: offset 446: 5 bytes
    crypto_stream_test.go:276: offset 451: 8 bytes
    crypto_stream_test.go:276: offset 459: 287 bytes
    crypto_stream_test.go:276: offset 746: 7 bytes
    crypto_stream_test.go:276: offset 65: 6 bytes
    crypto_stream_test.go:276: offset 243: 16 bytes
    crypto_stream_test.go:276: offset 753: 4 bytes
    crypto_stream_test.go:276: offset 757: 2 bytes
=== RUN   TestInitialCryptoStreamClientRandomizedSizes/run_84
    crypto_stream_test.go:230: using a ClientHello with ECH, hostname: "psfcn.fz.nzhtyrg.hq"
    crypto_stream_test.go:273: received 11 frames
    crypto_stream_test.go:276: offset 0: 69 bytes
    crypto_stream_test.go:276: offset 79: 17 bytes
    crypto_stream_test.go:276: offset 96: 168 bytes
    crypto_stream_test.go:276: offset 280: 10 bytes
    crypto_stream_test.go:276: offset 290: 22 bytes
    crypto_stream_test.go:276: offset 312: 256 bytes
    crypto_stream_test.go:276: offset 568: 238 bytes
    crypto_stream_test.go:276: offset 69: 10 bytes
    crypto_stream_test.go:276: offset 264: 15 bytes
    crypto_stream_test.go:276: offset 279: 1 bytes
    crypto_stream_test.go:276: offset 806: 6 bytes
=== RUN   TestInitialCryptoStreamClientRandomizedSizes/run_85
    crypto_stream_test.go:230: using a ClientHello with ECH, hostname: "fjpya.iq"
    crypto_stream_test.go:273: received 17 frames
    crypto_stream_test.go:276: offset 0: 64 bytes
    crypto_stream_test.go:276: offset 68: 25 bytes
    crypto_stream_test.go:276: offset 93: 6 bytes
    crypto_stream_test.go:276: offset 99: 15 bytes
    crypto_stream_test.go:276: offset 114: 88 bytes
    crypto_stream_test.go:276: offset 218: 1 bytes
    crypto_stream_test.go:276: offset 219: 23 bytes
    crypto_stream_test.go:276: offset 242: 12 bytes
    crypto_stream_test.go:276: offset 254: 21 bytes
    crypto_stream_test.go:276: offset 275: 4 bytes
    crypto_stream_test.go:276: offset 279: 21 bytes
    crypto_stream_test.go:276: offset 300: 25 bytes
    crypto_stream_test.go:276: offset 325: 355 bytes
    crypto_stream_test.go:276: offset 64: 4 bytes
    crypto_stream_test.go:276: offset 202: 13 bytes
    crypto_stream_test.go:276: offset 215: 3 bytes
    crypto_stream_test.go:276: offset 680: 6 bytes
=== RUN   TestInitialCryptoStreamClientRandomizedSizes/run_86
    crypto_stream_test.go:230: using a ClientHello with ECH, hostname: "vezb.q.ja.gdapiqsu.o.abc"
    crypto_stream_test.go:273: received 23 frames
    crypto_stream_test.go:276: offset 0: 27 bytes
    crypto_stream_test.go:276: offset 27: 24 bytes
    crypto_stream_test.go:276: offset 51: 21 bytes
    crypto_stream_test.go:276: offset 84: 20 bytes
    crypto_stream_test.go:276: offset 104: 7 bytes
    crypto_stream_test.go:276: offset 111: 1 bytes
    crypto_stream_test.go:276: offset 112: 25 bytes
    crypto_stream_test.go:276: offset 137: 3 bytes
    crypto_stream_test.go:276: offset 140: 8 bytes
    crypto_stream_test.go:276: offset 148: 131 bytes
    crypto_stream_test.go:276: offset 295: 19 bytes
    crypto_stream_test.go:276: offset 314: 5 bytes
    crypto_stream_test.go:276: offset 319: 15 bytes
    crypto_stream_test.go:276: offset 334: 219 bytes
    crypto_stream_test.go:276: offset 553: 9 bytes
    crypto_stream_test.go:276: offset 562: 13 bytes
    crypto_stream_test.go:276: offset 575: 27 bytes
    crypto_stream_test.go:276: offset 602: 17 bytes
    crypto_stream_test.go:276: offset 619: 181 bytes
    crypto_stream_test.go:276: offset 800: 21 bytes
    crypto_stream_test.go:276: offset 72: 12 bytes
    crypto_stream_test.go:276: offset 279: 16 bytes
    crypto_stream_test.go:276: offset 821: 6 bytes
=== RUN   TestInitialCryptoStreamClientRandomizedSizes/run_87
    crypto_stream_test.go:225: using a ClientHello without ECH, hostname: "hjsushdkbbgokuc"
    crypto_stream_test.go:273: received 15 frames
    crypto_stream_test.go:276: offset 0: 17 bytes
    crypto_stream_test.go:276: offset 17: 7 bytes
    crypto_stream_test.go:276: offset 24: 1 bytes
    crypto_stream_test.go:276: offset 25: 23 bytes
    crypto_stream_test.go:276: offset 48: 14 bytes
    crypto_stream_test.go:276: offset 62: 5 bytes
    crypto_stream_test.go:276: offset 75: 13 bytes
    crypto_stream_test.go:276: offset 88: 7 bytes
    crypto_stream_test.go:276: offset 95: 22 bytes
    crypto_stream_test.go:276: offset 117: 251 bytes
    crypto_stream_test.go:276: offset 368: 7 bytes
    crypto_stream_test.go:276: offset 375: 14 bytes
    crypto_stream_test.go:276: offset 389: 7 bytes
    crypto_stream_test.go:276: offset 67: 8 bytes
    crypto_stream_test.go:276: offset 396: 6 bytes
=== RUN   TestInitialCryptoStreamClientRandomizedSizes/run_88
    crypto_stream_test.go:230: using a ClientHello with ECH, hostname: "yofy.saoulroixx.v.iubdg.s"
    crypto_stream_test.go:273: received 18 frames
    crypto_stream_test.go:276: offset 0: 1 bytes
    crypto_stream_test.go:276: offset 1: 71 bytes
    crypto_stream_test.go:276: offset 85: 18 bytes
    crypto_stream_test.go:276: offset 103: 13 bytes
    crypto_stream_test.go:276: offset 116: 10 bytes
    crypto_stream_test.go:276: offset 126: 8 bytes
    crypto_stream_test.go:276: offset 134: 3 bytes
    crypto_stream_test.go:276: offset 137: 14 bytes
    crypto_stream_test.go:276: offset 151: 16 bytes
    crypto_stream_test.go:276: offset 167: 6 bytes
    crypto_stream_test.go:276: offset 173: 111 bytes
    crypto_stream_test.go:276: offset 300: 17 bytes
    crypto_stream_test.go:276: offset 317: 397 bytes
    crypto_stream_test.go:276: offset 714: 112 bytes
    crypto_stream_test.go:276: offset 72: 13 bytes
    crypto_stream_test.go:276: offset 284: 16 bytes
    crypto_stream_test.go:276: offset 826: 2 bytes
    crypto_stream_test.go:276: offset 828: 4 bytes
=== RUN   TestInitialCryptoStreamClientRandomizedSizes/run_89
    crypto_stream_test.go:230: using a ClientHello with ECH, hostname: "b.sheocu.wfruel.lcl"
    crypto_stream_test.go:273: received 23 frames
    crypto_stream_test.go:276: offset 0: 21 bytes
    crypto_stream_test.go:276: offset 21: 4 bytes
    crypto_stream_test.go:276: offset 25: 10 bytes
    crypto_stream_test.go:276: offset 35: 23 bytes
    crypto_stream_test.go:276: offset 58: 6 bytes
    crypto_stream_test.go:276: offset 64: 5 bytes
    crypto_stream_test.go:276: offset 79: 25 bytes
    crypto_stream_test.go:276: offset 104: 17 bytes
    crypto_stream_test.go:276: offset 121: 15 bytes
    crypto_stream_test.go:276: offset 136: 4 bytes
    crypto_stream_test.go:276: offset 156: 134 bytes
    crypto_stream_test.go:276: offset 290: 14 bytes
    crypto_stream_test.go:276: offset 304: 11 bytes
    crypto_stream_test.go:276: offset 315: 2 bytes
    crypto_stream_test.go:276: offset 317: 14 bytes
    crypto_stream_test.go:276: offset 331: 1 bytes
    crypto_stream_test.go:276: offset 332: 9 bytes
    crypto_stream_test.go:276: offset 341: 21 bytes
    crypto_stream_test.go:276: offset 362: 6 bytes
    crypto_stream_test.go:276: offset 368: 186 bytes
    crypto_stream_test.go:276: offset 69: 10 bytes
    crypto_stream_test.go:276: offset 140: 16 bytes
    crypto_stream_test.go:276: offset 554: 6 bytes
=== RUN   TestInitialCryptoStreamClientRandomizedSizes/run_90
    crypto_stream_test.go:225: using a ClientHello without ECH, hostname: ""
    crypto_stream_test.go:273: received 6 frames
    crypto_stream_test.go:276: offset 0: 17 bytes
    crypto_stream_test.go:276: offset 17: 7 bytes
    crypto_stream_test.go:276: offset 24: 21 bytes
    crypto_stream_test.go:276: offset 45: 10 bytes
    crypto_stream_test.go:276: offset 55: 306 bytes
    crypto_stream_test.go:276: offset 361: 61 bytes
=== RUN   TestInitialCryptoStreamClientRandomizedSizes/run_91
    crypto_stream_test.go:225: using a ClientHello without ECH, hostname: "beo.yucyti.fug.j.kqe.i"
    crypto_stream_test.go:273: received 8 frames
    crypto_stream_test.go:276: offset 0: 8 bytes
    crypto_stream_test.go:276: offset 8: 63 bytes
    crypto_stream_test.go:276: offset 82: 26 bytes
    crypto_stream_test.go:276: offset 108: 26 bytes
    crypto_stream_test.go:276: offset 134: 11 bytes
    crypto_stream_test.go:276: offset 145: 192 bytes
    crypto_stream_test.go:276: offset 71: 11 bytes
    crypto_stream_test.go:276: offset 337: 6 bytes
=== RUN   TestInitialCryptoStreamClientRandomizedSizes/run_92
    crypto_stream_test.go:225: using a ClientHello without ECH, hostname: ""
    crypto_stream_test.go:273: received 2 frames
    crypto_stream_test.go:276: offset 0: 23 bytes
    crypto_stream_test.go:276: offset 23: 221 bytes
=== RUN   TestInitialCryptoStreamClientRandomizedSizes/run_93
    crypto_stream_test.go:225: using a ClientHello without ECH, hostname: "ct.rf.wcz.nx"
    crypto_stream_test.go:273: received 18 frames
    crypto_stream_test.go:276: offset 0: 20 bytes
    crypto_stream_test.go:276: offset 20: 46 bytes
    crypto_stream_test.go:276: offset 72: 11 bytes
    crypto_stream_test.go:276: offset 83: 22 bytes
    crypto_stream_test.go:276: offset 105: 15 bytes
    crypto_stream_test.go:276: offset 120: 20 bytes
    crypto_stream_test.go:276: offset 140: 3 bytes
    crypto_stream_test.go:276: offset 143: 8 bytes
    crypto_stream_test.go:276: offset 151: 21 bytes
    crypto_stream_test.go:276: offset 172: 12 bytes
    crypto_stream_test.go:276: offset 184: 2 bytes
    crypto_stream_test.go:276: offset 186: 19 bytes
    crypto_stream_test.go:276: offset 205: 25 bytes
    crypto_stream_test.go:276: offset 230: 23 bytes
    crypto_stream_test.go:276: offset 253: 196 bytes
    crypto_stream_test.go:276: offset 66: 4 bytes
    crypto_stream_test.go:276: offset 70: 2 bytes
    crypto_stream_test.go:276: offset 449: 6 bytes
=== RUN   TestInitialCryptoStreamClientRandomizedSizes/run_94
    crypto_stream_test.go:225: using a ClientHello without ECH, hostname: ""
    crypto_stream_test.go:273: received 15 frames
    crypto_stream_test.go:276: offset 0: 6 bytes
    crypto_stream_test.go:276: offset 6: 17 bytes
    crypto_stream_test.go:276: offset 23: 17 bytes
    crypto_stream_test.go:276: offset 40: 9 bytes
    crypto_stream_test.go:276: offset 49: 14 bytes
    crypto_stream_test.go:276: offset 63: 16 bytes
    crypto_stream_test.go:276: offset 79: 6 bytes
    crypto_stream_test.go:276: offset 85: 13 bytes
    crypto_stream_test.go:276: offset 98: 22 bytes
    crypto_stream_test.go:276: offset 120: 14 bytes
    crypto_stream_test.go:276: offset 134: 169 bytes
    crypto_stream_test.go:276: offset 303: 87 bytes
    crypto_stream_test.go:276: offset 390: 14 bytes
    crypto_stream_test.go:276: offset 404: 10 bytes
    crypto_stream_test.go:276: offset 414: 20 bytes
=== RUN   TestInitialCryptoStreamClientRandomizedSizes/run_95
    crypto_stream_test.go:225: using a ClientHello without ECH, hostname: ""
    crypto_stream_test.go:273: received 3 frames
    crypto_stream_test.go:276: offset 0: 358 bytes
    crypto_stream_test.go:276: offset 358: 26 bytes
    crypto_stream_test.go:276: offset 384: 12 bytes
=== RUN   TestInitialCryptoStreamClientRandomizedSizes/run_96
    crypto_stream_test.go:225: using a ClientHello without ECH, hostname: "ivmldyhg"
    crypto_stream_test.go:273: received 8 frames
    crypto_stream_test.go:276: offset 0: 64 bytes
    crypto_stream_test.go:276: offset 68: 13 bytes
    crypto_stream_test.go:276: offset 81: 1 bytes
    crypto_stream_test.go:276: offset 82: 13 bytes
    crypto_stream_test.go:276: offset 95: 21 bytes
    crypto_stream_test.go:276: offset 116: 233 bytes
    crypto_stream_test.go:276: offset 64: 4 bytes
    crypto_stream_test.go:276: offset 349: 6 bytes
=== RUN   TestInitialCryptoStreamClientRandomizedSizes/run_97
    crypto_stream_test.go:225: using a ClientHello without ECH, hostname: "skgmfk"
    crypto_stream_test.go:273: received 7 frames
    crypto_stream_test.go:276: offset 0: 63 bytes
    crypto_stream_test.go:276: offset 66: 26 bytes
    crypto_stream_test.go:276: offset 92: 28 bytes
    crypto_stream_test.go:276: offset 120: 20 bytes
    crypto_stream_test.go:276: offset 140: 193 bytes
    crypto_stream_test.go:276: offset 63: 3 bytes
    crypto_stream_test.go:276: offset 333: 6 bytes
=== RUN   TestInitialCryptoStreamClientRandomizedSizes/run_98
    crypto_stream_test.go:225: using a ClientHello without ECH, hostname: ""
    crypto_stream_test.go:273: received 4 frames
    crypto_stream_test.go:276: offset 0: 26 bytes
    crypto_stream_test.go:276: offset 26: 12 bytes
    crypto_stream_test.go:276: offset 38: 342 bytes
    crypto_stream_test.go:276: offset 380: 8 bytes
=== RUN   TestInitialCryptoStreamClientRandomizedSizes/run_99
    crypto_stream_test.go:225: using a ClientHello without ECH, hostname: ""
    crypto_stream_test.go:273: received 3 frames
    crypto_stream_test.go:276: offset 0: 10 bytes
    crypto_stream_test.go:276: offset 10: 24 bytes
    crypto_stream_test.go:276: offset 34: 351 bytes
--- PASS: TestInitialCryptoStreamClientRandomizedSizes (0.03s)
    --- PASS: TestInitialCryptoStreamClientRandomizedSizes/run_0 (0.00s)
    --- PASS: TestInitialCryptoStreamClientRandomizedSizes/run_1 (0.00s)
    --- PASS: TestInitialCryptoStreamClientRandomizedSizes/run_2 (0.00s)
    --- PASS: TestInitialCryptoStreamClientRandomizedSizes/run_3 (0.00s)
    --- PASS: TestInitialCryptoStreamClientRandomizedSizes/run_4 (0.00s)
    --- PASS: TestInitialCryptoStreamClientRandomizedSizes/run_5 (0.00s)
    --- PASS: TestInitialCryptoStreamClientRandomizedSizes/run_6 (0.00s)
    --- PASS: TestInitialCryptoStreamClientRandomizedSizes/run_7 (0.00s)
    --- PASS: TestInitialCryptoStreamClientRandomizedSizes/run_8 (0.00s)
    --- PASS: TestInitialCryptoStreamClientRandomizedSizes/run_9 (0.00s)
    --- PASS: TestInitialCryptoStreamClientRandomizedSizes/run_10 (0.00s)
    --- PASS: TestInitialCryptoStreamClientRandomizedSizes/run_11 (0.00s)
    --- PASS: TestInitialCryptoStreamClientRandomizedSizes/run_12 (0.00s)
    --- PASS: TestInitialCryptoStreamClientRandomizedSizes/run_13 (0.00s)
    --- PASS: TestInitialCryptoStreamClientRandomizedSizes/run_14 (0.00s)
    --- PASS: TestInitialCryptoStreamClientRandomizedSizes/run_15 (0.00s)
    --- PASS: TestInitialCryptoStreamClientRandomizedSizes/run_16 (0.00s)
    --- PASS: TestInitialCryptoStreamClientRandomizedSizes/run_17 (0.00s)
    --- PASS: TestInitialCryptoStreamClientRandomizedSizes/run_18 (0.00s)
    --- PASS: TestInitialCryptoStreamClientRandomizedSizes/run_19 (0.00s)
    --- PASS: TestInitialCryptoStreamClientRandomizedSizes/run_20 (0.00s)
    --- PASS: TestInitialCryptoStreamClientRandomizedSizes/run_21 (0.00s)
    --- PASS: TestInitialCryptoStreamClientRandomizedSizes/run_22 (0.00s)
    --- PASS: TestInitialCryptoStreamClientRandomizedSizes/run_23 (0.00s)
    --- PASS: TestInitialCryptoStreamClientRandomizedSizes/run_24 (0.00s)
    --- PASS: TestInitialCryptoStreamClientRandomizedSizes/run_25 (0.00s)
    --- PASS: TestInitialCryptoStreamClientRandomizedSizes/run_26 (0.00s)
    --- PASS: TestInitialCryptoStreamClientRandomizedSizes/run_27 (0.00s)
    --- PASS: TestInitialCryptoStreamClientRandomizedSizes/run_28 (0.00s)
    --- PASS: TestInitialCryptoStreamClientRandomizedSizes/run_29 (0.00s)
    --- PASS: TestInitialCryptoStreamClientRandomizedSizes/run_30 (0.00s)
    --- PASS: TestInitialCryptoStreamClientRandomizedSizes/run_31 (0.00s)
    --- PASS: TestInitialCryptoStreamClientRandomizedSizes/run_32 (0.00s)
    --- PASS: TestInitialCryptoStreamClientRandomizedSizes/run_33 (0.00s)
    --- PASS: TestInitialCryptoStreamClientRandomizedSizes/run_34 (0.00s)
    --- PASS: TestInitialCryptoStreamClientRandomizedSizes/run_35 (0.00s)
    --- PASS: TestInitialCryptoStreamClientRandomizedSizes/run_36 (0.00s)
    --- PASS: TestInitialCryptoStreamClientRandomizedSizes/run_37 (0.00s)
    --- PASS: TestInitialCryptoStreamClientRandomizedSizes/run_38 (0.00s)
    --- PASS: TestInitialCryptoStreamClientRandomizedSizes/run_39 (0.00s)
    --- PASS: TestInitialCryptoStreamClientRandomizedSizes/run_40 (0.00s)
    --- PASS: TestInitialCryptoStreamClientRandomizedSizes/run_41 (0.00s)
    --- PASS: TestInitialCryptoStreamClientRandomizedSizes/run_42 (0.00s)
    --- PASS: TestInitialCryptoStreamClientRandomizedSizes/run_43 (0.00s)
    --- PASS: TestInitialCryptoStreamClientRandomizedSizes/run_44 (0.00s)
    --- PASS: TestInitialCryptoStreamClientRandomizedSizes/run_45 (0.00s)
    --- PASS: TestInitialCryptoStreamClientRandomizedSizes/run_46 (0.00s)
    --- PASS: TestInitialCryptoStreamClientRandomizedSizes/run_47 (0.00s)
    --- PASS: TestInitialCryptoStreamClientRandomizedSizes/run_48 (0.00s)
    --- PASS: TestInitialCryptoStreamClientRandomizedSizes/run_49 (0.00s)
    --- PASS: TestInitialCryptoStreamClientRandomizedSizes/run_50 (0.00s)
    --- PASS: TestInitialCryptoStreamClientRandomizedSizes/run_51 (0.00s)
    --- PASS: TestInitialCryptoStreamClientRandomizedSizes/run_52 (0.00s)
    --- PASS: TestInitialCryptoStreamClientRandomizedSizes/run_53 (0.00s)
    --- PASS: TestInitialCryptoStreamClientRandomizedSizes/run_54 (0.00s)
    --- PASS: TestInitialCryptoStreamClientRandomizedSizes/run_55 (0.00s)
    --- PASS: TestInitialCryptoStreamClientRandomizedSizes/run_56 (0.00s)
    --- PASS: TestInitialCryptoStreamClientRandomizedSizes/run_57 (0.00s)
    --- PASS: TestInitialCryptoStreamClientRandomizedSizes/run_58 (0.00s)
    --- PASS: TestInitialCryptoStreamClientRandomizedSizes/run_59 (0.00s)
    --- PASS: TestInitialCryptoStreamClientRandomizedSizes/run_60 (0.00s)
    --- PASS: TestInitialCryptoStreamClientRandomizedSizes/run_61 (0.00s)
    --- PASS: TestInitialCryptoStreamClientRandomizedSizes/run_62 (0.00s)
    --- PASS: TestInitialCryptoStreamClientRandomizedSizes/run_63 (0.00s)
    --- PASS: TestInitialCryptoStreamClientRandomizedSizes/run_64 (0.00s)
    --- PASS: TestInitialCryptoStreamClientRandomizedSizes/run_65 (0.00s)
    --- PASS: TestInitialCryptoStreamClientRandomizedSizes/run_66 (0.00s)
    --- PASS: TestInitialCryptoStreamClientRandomizedSizes/run_67 (0.00s)
    --- PASS: TestInitialCryptoStreamClientRandomizedSizes/run_68 (0.00s)
    --- PASS: TestInitialCryptoStreamClientRandomizedSizes/run_69 (0.00s)
    --- PASS: TestInitialCryptoStreamClientRandomizedSizes/run_70 (0.00s)
    --- PASS: TestInitialCryptoStreamClientRandomizedSizes/run_71 (0.00s)
    --- PASS: TestInitialCryptoStreamClientRandomizedSizes/run_72 (0.00s)
    --- PASS: TestInitialCryptoStreamClientRandomizedSizes/run_73 (0.00s)
    --- PASS: TestInitialCryptoStreamClientRandomizedSizes/run_74 (0.00s)
    --- PASS: TestInitialCryptoStreamClientRandomizedSizes/run_75 (0.00s)
    --- PASS: TestInitialCryptoStreamClientRandomizedSizes/run_76 (0.00s)
    --- PASS: TestInitialCryptoStreamClientRandomizedSizes/run_77 (0.00s)
    --- PASS: TestInitialCryptoStreamClientRandomizedSizes/run_78 (0.00s)
    --- PASS: TestInitialCryptoStreamClientRandomizedSizes/run_79 (0.00s)
    --- PASS: TestInitialCryptoStreamClientRandomizedSizes/run_80 (0.00s)
    --- PASS: TestInitialCryptoStreamClientRandomizedSizes/run_81 (0.00s)
    --- PASS: TestInitialCryptoStreamClientRandomizedSizes/run_82 (0.00s)
    --- PASS: TestInitialCryptoStreamClientRandomizedSizes/run_83 (0.00s)
    --- PASS: TestInitialCryptoStreamClientRandomizedSizes/run_84 (0.00s)
    --- PASS: TestInitialCryptoStreamClientRandomizedSizes/run_85 (0.00s)
    --- PASS: TestInitialCryptoStreamClientRandomizedSizes/run_86 (0.00s)
    --- PASS: TestInitialCryptoStreamClientRandomizedSizes/run_87 (0.00s)
    --- PASS: TestInitialCryptoStreamClientRandomizedSizes/run_88 (0.00s)
    --- PASS: TestInitialCryptoStreamClientRandomizedSizes/run_89 (0.00s)
    --- PASS: TestInitialCryptoStreamClientRandomizedSizes/run_90 (0.00s)
    --- PASS: TestInitialCryptoStreamClientRandomizedSizes/run_91 (0.00s)
    --- PASS: TestInitialCryptoStreamClientRandomizedSizes/run_92 (0.00s)
    --- PASS: TestInitialCryptoStreamClientRandomizedSizes/run_93 (0.00s)
    --- PASS: TestInitialCryptoStreamClientRandomizedSizes/run_94 (0.00s)
    --- PASS: TestInitialCryptoStreamClientRandomizedSizes/run_95 (0.00s)
    --- PASS: TestInitialCryptoStreamClientRandomizedSizes/run_96 (0.00s)
    --- PASS: TestInitialCryptoStreamClientRandomizedSizes/run_97 (0.00s)
    --- PASS: TestInitialCryptoStreamClientRandomizedSizes/run_98 (0.00s)
    --- PASS: TestInitialCryptoStreamClientRandomizedSizes/run_99 (0.00s)
=== RUN   TestConnIDGeneratorRetiring
--- PASS: TestConnIDGeneratorRetiring (0.00s)
=== RUN   TestServerRetry
--- PASS: TestServerRetry (0.00s)
=== RUN   TestTransportTerminalLifetimeForward
--- PASS: TestTransportTerminalLifetimeForward (0.00s)
=== RUN   TestCoalescedSlabConcurrentRelease
--- PASS: TestCoalescedSlabConcurrentRelease (0.00s)
=== RUN   TestUnpackLongHeaderIncorrectReservedBits
=== RUN   TestUnpackLongHeaderIncorrectReservedBits/decryption_fails
=== RUN   TestUnpackLongHeaderIncorrectReservedBits/decryption_fails/Initial
=== RUN   TestUnpackLongHeaderIncorrectReservedBits/decryption_fails/Handshake
=== RUN   TestUnpackLongHeaderIncorrectReservedBits/decryption_fails/0-RTT
=== RUN   TestUnpackLongHeaderIncorrectReservedBits/decryption_succeeds
=== RUN   TestUnpackLongHeaderIncorrectReservedBits/decryption_succeeds/Initial
=== RUN   TestUnpackLongHeaderIncorrectReservedBits/decryption_succeeds/Handshake
=== RUN   TestUnpackLongHeaderIncorrectReservedBits/decryption_succeeds/0-RTT
--- PASS: TestUnpackLongHeaderIncorrectReservedBits (0.00s)
    --- PASS: TestUnpackLongHeaderIncorrectReservedBits/decryption_fails (0.00s)
        --- PASS: TestUnpackLongHeaderIncorrectReservedBits/decryption_fails/Initial (0.00s)
        --- PASS: TestUnpackLongHeaderIncorrectReservedBits/decryption_fails/Handshake (0.00s)
        --- PASS: TestUnpackLongHeaderIncorrectReservedBits/decryption_fails/0-RTT (0.00s)
    --- PASS: TestUnpackLongHeaderIncorrectReservedBits/decryption_succeeds (0.00s)
        --- PASS: TestUnpackLongHeaderIncorrectReservedBits/decryption_succeeds/Initial (0.00s)
        --- PASS: TestUnpackLongHeaderIncorrectReservedBits/decryption_succeeds/Handshake (0.00s)
        --- PASS: TestUnpackLongHeaderIncorrectReservedBits/decryption_succeeds/0-RTT (0.00s)
=== RUN   TestFramerSchedulesReprioritizedStream
--- PASS: TestFramerSchedulesReprioritizedStream (0.00s)
=== RUN   TestFramerSchedulesIncrementalStreams
--- PASS: TestFramerSchedulesIncrementalStreams (0.00s)
=== RUN   TestTransportQueueLifetimeNonQUICPending
--- PASS: TestTransportQueueLifetimeNonQUICPending (0.00s)
=== RUN   TestStatelessResetQueueDoesNotPinCoalescedSlab
--- PASS: TestStatelessResetQueueDoesNotPinCoalescedSlab (0.00s)
=== RUN   TestSendStreamCancellationStreamRetransmission
=== RUN   TestSendStreamCancellationStreamRetransmission/local
=== RUN   TestSendStreamCancellationStreamRetransmission/remote
--- PASS: TestSendStreamCancellationStreamRetransmission (0.00s)
    --- PASS: TestSendStreamCancellationStreamRetransmission/local (0.00s)
    --- PASS: TestSendStreamCancellationStreamRetransmission/remote (0.00s)
=== RUN   TestConfigDefaultValues
--- PASS: TestConfigDefaultValues (0.00s)
=== RUN   TestServerAdmissionLifetimeEnqueueClose
--- PASS: TestServerAdmissionLifetimeEnqueueClose (0.00s)
=== RUN   TestConnectionConnectionIDChanges
=== RUN   TestConnectionConnectionIDChanges/with_retry
=== RUN   TestConnectionConnectionIDChanges/without_retry
--- PASS: TestConnectionConnectionIDChanges (0.00s)
    --- PASS: TestConnectionConnectionIDChanges/with_retry (0.00s)
    --- PASS: TestConnectionConnectionIDChanges/without_retry (0.00s)
=== RUN   TestRawConnSustainedTransfer
=== RUN   TestRawConnSustainedTransfer/platform
=== RUN   TestRawConnSustainedTransfer/basicConn
--- PASS: TestRawConnSustainedTransfer (0.00s)
    --- PASS: TestRawConnSustainedTransfer/platform (0.00s)
    --- PASS: TestRawConnSustainedTransfer/basicConn (0.00s)
=== RUN   TestHandshakeMTUFallbackPhaseAndPath
--- PASS: TestHandshakeMTUFallbackPhaseAndPath (0.00s)
=== RUN   TestConnectionRetryDrops
--- PASS: TestConnectionRetryDrops (0.00s)
=== RUN   TestConnectionServerInvalidPackets
=== RUN   TestConnectionServerInvalidPackets/Retry
=== RUN   TestConnectionServerInvalidPackets/version_negotiation
=== RUN   TestConnectionServerInvalidPackets/unsupported_version
=== RUN   TestConnectionServerInvalidPackets/invalid_header
--- PASS: TestConnectionServerInvalidPackets (0.00s)
    --- PASS: TestConnectionServerInvalidPackets/Retry (0.00s)
    --- PASS: TestConnectionServerInvalidPackets/version_negotiation (0.00s)
    --- PASS: TestConnectionServerInvalidPackets/unsupported_version (0.00s)
    --- PASS: TestConnectionServerInvalidPackets/invalid_header (0.00s)
=== RUN   TestEmissionPathReplacement
--- PASS: TestEmissionPathReplacement (0.00s)
=== RUN   TestConnectionSendQueue
=== RUN   TestConnectionSendQueue/with_GSO
=== RUN   TestConnectionSendQueue/without_GSO
--- PASS: TestConnectionSendQueue (0.00s)
    --- PASS: TestConnectionSendQueue/with_GSO (0.00s)
    --- PASS: TestConnectionSendQueue/without_GSO (0.00s)
=== RUN   TestPathManagerLimits
--- PASS: TestPathManagerLimits (0.00s)
=== RUN   TestEmissionResultConnection
=== RUN   TestEmissionResultConnection/gso=false
=== RUN   TestEmissionResultConnection/gso=true
--- PASS: TestEmissionResultConnection (0.00s)
    --- PASS: TestEmissionResultConnection/gso=false (0.00s)
    --- PASS: TestEmissionResultConnection/gso=true (0.00s)
=== RUN   TestConnectionHandshakeServer
--- PASS: TestConnectionHandshakeServer (0.00s)
=== RUN   TestHandshakeMTUFallbackDiscovery
=== RUN   TestHandshakeMTUFallbackDiscovery/enabled
=== RUN   TestHandshakeMTUFallbackDiscovery/disabled
--- PASS: TestHandshakeMTUFallbackDiscovery (0.00s)
    --- PASS: TestHandshakeMTUFallbackDiscovery/enabled (0.00s)
    --- PASS: TestHandshakeMTUFallbackDiscovery/disabled (0.00s)
=== RUN   TestUnpackShortHeaderEmptyPayload
--- PASS: TestUnpackShortHeaderEmptyPayload (0.00s)
=== RUN   TestConnectionFinishesCryptoStreamWhenReadKeysBecomeAvailable
=== RUN   TestConnectionFinishesCryptoStreamWhenReadKeysBecomeAvailable/EventReceivedHandshakeReadKeys
=== RUN   TestConnectionFinishesCryptoStreamWhenReadKeysBecomeAvailable/EventReceived1RTTReadKeys
--- PASS: TestConnectionFinishesCryptoStreamWhenReadKeysBecomeAvailable (0.00s)
    --- PASS: TestConnectionFinishesCryptoStreamWhenReadKeysBecomeAvailable/EventReceivedHandshakeReadKeys (0.00s)
    --- PASS: TestConnectionFinishesCryptoStreamWhenReadKeysBecomeAvailable/EventReceived1RTTReadKeys (0.00s)
=== RUN   TestListenerReleasesReadBuffers
--- PASS: TestListenerReleasesReadBuffers (0.00s)
=== RUN   TestCoalescedSlabSequentialRelease
--- PASS: TestCoalescedSlabSequentialRelease (0.00s)
=== RUN   TestConnectionHandshakeClient
=== RUN   TestConnectionHandshakeClient/without_preferred_address
=== RUN   TestConnectionHandshakeClient/with_preferred_address
--- PASS: TestConnectionHandshakeClient (0.00s)
    --- PASS: TestConnectionHandshakeClient/without_preferred_address (0.00s)
    --- PASS: TestConnectionHandshakeClient/with_preferred_address (0.00s)
=== RUN   TestConnIDManagerZeroLengthConnectionID
--- PASS: TestConnIDManagerZeroLengthConnectionID (0.02s)
=== RUN   TestReadECNFlagsIPv4
--- PASS: TestReadECNFlagsIPv4 (0.00s)
=== RUN   TestServerAdmissionLifetime
=== RUN   TestServerAdmissionLifetime/accepted_and_full
=== RUN   TestServerAdmissionLifetime/closed
--- PASS: TestServerAdmissionLifetime (0.00s)
    --- PASS: TestServerAdmissionLifetime/accepted_and_full (0.00s)
    --- PASS: TestServerAdmissionLifetime/closed (0.00s)
=== RUN   TestClosedRemoteConnection
--- PASS: TestClosedRemoteConnection (0.00s)
=== RUN   TestEmissionMTUProbe
=== RUN   TestEmissionMTUProbe/success
=== RUN   TestEmissionMTUProbe/write-error
--- PASS: TestEmissionMTUProbe (0.00s)
    --- PASS: TestEmissionMTUProbe/success (0.00s)
    --- PASS: TestEmissionMTUProbe/write-error (0.00s)
=== RUN   TestTransportAndDialConcurrentClose
--- PASS: TestTransportAndDialConcurrentClose (0.00s)
=== RUN   TestEmissionCloseRetainedLifetime
=== RUN   TestEmissionCloseRetainedLifetime/success
=== RUN   TestEmissionCloseRetainedLifetime/write-error
--- PASS: TestEmissionCloseRetainedLifetime (0.00s)
    --- PASS: TestEmissionCloseRetainedLifetime/success (0.00s)
    --- PASS: TestEmissionCloseRetainedLifetime/write-error (0.00s)
=== RUN   TestRetransmissionQueueCryptoFrames
=== RUN   TestRetransmissionQueueCryptoFrames/Initial
=== RUN   TestRetransmissionQueueCryptoFrames/Handshake
=== RUN   TestRetransmissionQueueCryptoFrames/1-RTT
--- PASS: TestRetransmissionQueueCryptoFrames (0.00s)
    --- PASS: TestRetransmissionQueueCryptoFrames/Initial (0.00s)
    --- PASS: TestRetransmissionQueueCryptoFrames/Handshake (0.00s)
    --- PASS: TestRetransmissionQueueCryptoFrames/1-RTT (0.00s)
=== RUN   TestFrameSorterPeek
--- PASS: TestFrameSorterPeek (0.00s)
=== RUN   TestEmissionMTUProbeFullQueue
--- PASS: TestEmissionMTUProbeFullQueue (0.00s)
=== RUN   TestConnectionRemoteClose
--- PASS: TestConnectionRemoteClose (0.00s)
=== RUN   TestRawConnDeadlineSetWhileReadBlocked
=== RUN   TestRawConnDeadlineSetWhileReadBlocked/platform
=== RUN   TestRawConnDeadlineSetWhileReadBlocked/basicConn
--- PASS: TestRawConnDeadlineSetWhileReadBlocked (1.00s)
    --- PASS: TestRawConnDeadlineSetWhileReadBlocked/platform (0.50s)
    --- PASS: TestRawConnDeadlineSetWhileReadBlocked/basicConn (0.50s)
=== RUN   TestConnectionGSOBatch
--- PASS: TestConnectionGSOBatch (0.00s)
=== RUN   TestConnectionVersionNegotiationInvalidPackets
--- PASS: TestConnectionVersionNegotiationInvalidPackets (0.00s)
=== RUN   TestConnectionReceiveLifetimeVersionNegotiation
--- PASS: TestConnectionReceiveLifetimeVersionNegotiation (0.00s)
=== RUN   TestTransportAndListenerConcurrentClose
--- PASS: TestTransportAndListenerConcurrentClose (0.00s)
=== RUN   TestMTUDiscovererWithRandomLoss
=== RUN   TestMTUDiscovererWithRandomLoss/test_0
    mtu_discoverer_test.go:160: MTU: 1042, max: 2384
    mtu_discoverer_test.go:197: MTU discovered with random losses []: 1040 (diff: 2)
    mtu_discoverer_test.go:198: probes sent (13): [1692 1346 1173 1086 1043 1021 1097 1032 1064 1037 1061 1040 1052]
=== RUN   TestMTUDiscovererWithRandomLoss/test_1
    mtu_discoverer_test.go:160: MTU: 2264, max: 2991
    mtu_discoverer_test.go:197: MTU discovered with random losses [1995 2244]: 2258 (diff: 6)
    mtu_discoverer_test.go:198: probes sent (17): [1995 1497 2244 1746 2368 1870 2119 2243 2305 2243 2305 2243 2274 2243 2274 2243 2258]
=== RUN   TestMTUDiscovererWithRandomLoss/test_2
    mtu_discoverer_test.go:160: MTU: 1495, max: 1930
    mtu_discoverer_test.go:197: MTU discovered with random losses []: 1494 (diff: 1)
    mtu_discoverer_test.go:198: probes sent (9): [1465 1697 1581 1523 1494 1595 1508 1501 1497]
=== RUN   TestMTUDiscovererWithRandomLoss/test_3
    mtu_discoverer_test.go:160: MTU: 1088, max: 2681
    mtu_discoverer_test.go:197: MTU discovered with random losses [1078 1076]: 1074 (diff: 14)
    mtu_discoverer_test.go:198: probes sent (14): [1840 1420 1210 1105 1052 1236 1078 1065 1137 1071 1104 1074 1089 1076]
=== RUN   TestMTUDiscovererWithRandomLoss/test_4
    mtu_discoverer_test.go:160: MTU: 1022, max: 1145
    mtu_discoverer_test.go:197: MTU discovered with random losses [1022]: 1018 (diff: 4)
    mtu_discoverer_test.go:198: probes sent (6): [1072 1036 1018 1081 1027 1022]
--- PASS: TestMTUDiscovererWithRandomLoss (0.00s)
    --- PASS: TestMTUDiscovererWithRandomLoss/test_0 (0.00s)
    --- PASS: TestMTUDiscovererWithRandomLoss/test_1 (0.00s)
    --- PASS: TestMTUDiscovererWithRandomLoss/test_2 (0.00s)
    --- PASS: TestMTUDiscovererWithRandomLoss/test_3 (0.00s)
    --- PASS: TestMTUDiscovererWithRandomLoss/test_4 (0.00s)
=== RUN   TestBasicConnReadFailure
--- PASS: TestBasicConnReadFailure (0.00s)
=== RUN   TestConnection0RTTTransportParameters
--- PASS: TestConnection0RTTTransportParameters (0.00s)
=== RUN   TestReceiveStreamImmediateFINs
--- PASS: TestReceiveStreamImmediateFINs (0.00s)
=== RUN   TestFramerDetectsFramePathResponseDoS
--- PASS: TestFramerDetectsFramePathResponseDoS (0.00s)
=== RUN   TestFramerStreamControlFrames
--- PASS: TestFramerStreamControlFrames (0.00s)
=== RUN   TestServerPacketDropping
=== RUN   TestServerPacketDropping/destination_connection_ID_too_short
=== RUN   TestServerPacketDropping/Initial_packet_too_small
=== RUN   TestServerPacketDropping/packet_of_unknown_version,_too_small
=== RUN   TestServerPacketDropping/not_an_Initial_packet
=== RUN   TestServerPacketDropping/Version_Negotiation_packet
--- PASS: TestServerPacketDropping (0.26s)
    --- PASS: TestServerPacketDropping/destination_connection_ID_too_short (0.05s)
    --- PASS: TestServerPacketDropping/Initial_packet_too_small (0.05s)
    --- PASS: TestServerPacketDropping/packet_of_unknown_version,_too_small (0.05s)
    --- PASS: TestServerPacketDropping/not_an_Initial_packet (0.05s)
    --- PASS: TestServerPacketDropping/Version_Negotiation_packet (0.05s)
=== RUN   TestTimeoutWriterReleasesBuffer
--- PASS: TestTimeoutWriterReleasesBuffer (0.00s)
=== RUN   TestFramerUpdatesStreamRetransmissionPriority
--- PASS: TestFramerUpdatesStreamRetransmissionPriority (0.00s)
=== RUN   TestSendStreamSetup
--- PASS: TestSendStreamSetup (0.00s)
=== RUN   TestConnectionMigration
=== RUN   TestConnectionMigration/disabled
=== RUN   TestConnectionMigration/enabled
--- PASS: TestConnectionMigration (0.00s)
    --- PASS: TestConnectionMigration/disabled (0.00s)
    --- PASS: TestConnectionMigration/enabled (0.00s)
=== RUN   TestFramerDetectsFrameDoS
--- PASS: TestFramerDetectsFrameDoS (0.02s)
=== RUN   TestPackPTOProbePacketNothingToPack
=== RUN   TestPackPTOProbePacketNothingToPack/Initial
=== RUN   TestPackPTOProbePacketNothingToPack/Handshake
=== RUN   TestPackPTOProbePacketNothingToPack/1-RTT
--- PASS: TestPackPTOProbePacketNothingToPack (0.00s)
    --- PASS: TestPackPTOProbePacketNothingToPack/Initial (0.00s)
    --- PASS: TestPackPTOProbePacketNothingToPack/Handshake (0.00s)
    --- PASS: TestPackPTOProbePacketNothingToPack/1-RTT (0.00s)
=== RUN   TestPackPathChallengeAndPathResponse
--- PASS: TestPackPathChallengeAndPathResponse (0.00s)
=== RUN   TestEmissionFullQueueResume
=== RUN   TestEmissionFullQueueResume/ordinary
=== RUN   TestEmissionFullQueueResume/GSO
--- PASS: TestEmissionFullQueueResume (0.00s)
    --- PASS: TestEmissionFullQueueResume/ordinary (0.00s)
    --- PASS: TestEmissionFullQueueResume/GSO (0.00s)
=== RUN   TestStreamsMapHandleReceiveStreamFrames
=== RUN   TestStreamsMapHandleReceiveStreamFrames/client
=== RUN   TestStreamsMapHandleReceiveStreamFrames/client/STREAM_frame
=== RUN   TestStreamsMapHandleReceiveStreamFrames/client/STREAM_DATA_BLOCKED_frame
=== RUN   TestStreamsMapHandleReceiveStreamFrames/client/RESET_STREAM_frame
=== RUN   TestStreamsMapHandleReceiveStreamFrames/server
=== RUN   TestStreamsMapHandleReceiveStreamFrames/server/STREAM_frame
=== RUN   TestStreamsMapHandleReceiveStreamFrames/server/STREAM_DATA_BLOCKED_frame
=== RUN   TestStreamsMapHandleReceiveStreamFrames/server/RESET_STREAM_frame
--- PASS: TestStreamsMapHandleReceiveStreamFrames (0.00s)
    --- PASS: TestStreamsMapHandleReceiveStreamFrames/client (0.00s)
        --- PASS: TestStreamsMapHandleReceiveStreamFrames/client/STREAM_frame (0.00s)
        --- PASS: TestStreamsMapHandleReceiveStreamFrames/client/STREAM_DATA_BLOCKED_frame (0.00s)
        --- PASS: TestStreamsMapHandleReceiveStreamFrames/client/RESET_STREAM_frame (0.00s)
    --- PASS: TestStreamsMapHandleReceiveStreamFrames/server (0.00s)
        --- PASS: TestStreamsMapHandleReceiveStreamFrames/server/STREAM_frame (0.00s)
        --- PASS: TestStreamsMapHandleReceiveStreamFrames/server/STREAM_DATA_BLOCKED_frame (0.00s)
        --- PASS: TestStreamsMapHandleReceiveStreamFrames/server/RESET_STREAM_frame (0.00s)
=== RUN   TestTransportStatelessResetSending
--- PASS: TestTransportStatelessResetSending (0.00s)
=== RUN   TestListenAddr
--- PASS: TestListenAddr (0.00s)
=== RUN   TestConnIDManagerLimit
--- PASS: TestConnIDManagerLimit (0.00s)
=== RUN   TestFramerSchedulesNonIncrementalStreams
--- PASS: TestFramerSchedulesNonIncrementalStreams (0.00s)
=== RUN   TestSendmsgXSelfCheckAgainstRunningKernel
--- PASS: TestSendmsgXSelfCheckAgainstRunningKernel (0.00s)
=== RUN   TestTransportNonQUICPackets
--- PASS: TestTransportNonQUICPackets (0.00s)
=== RUN   TestConnectionHandshakeIdleTimeout
--- PASS: TestConnectionHandshakeIdleTimeout (0.00s)
=== RUN   TestStreamsMap0RTT
--- PASS: TestStreamsMap0RTT (0.00s)
=== RUN   TestServerTokenValidation
=== RUN   TestServerTokenValidation/retry_token_with_invalid_address
=== RUN   TestServerTokenValidation/expired_retry_token
=== RUN   TestServerTokenValidation/corrupted_packet
=== RUN   TestServerTokenValidation/invalid_non-retry_token
=== RUN   TestServerTokenValidation/expired_non-retry_token
--- PASS: TestServerTokenValidation (0.02s)
    --- PASS: TestServerTokenValidation/retry_token_with_invalid_address (0.00s)
    --- PASS: TestServerTokenValidation/expired_retry_token (0.00s)
    --- PASS: TestServerTokenValidation/corrupted_packet (0.01s)
    --- PASS: TestServerTokenValidation/invalid_non-retry_token (0.00s)
    --- PASS: TestServerTokenValidation/expired_non-retry_token (0.00s)
=== RUN   TestTransportDial
=== RUN   TestTransportDial/regular
=== RUN   TestTransportDial/early
--- PASS: TestTransportDial (0.00s)
    --- PASS: TestTransportDial/regular (0.00s)
    --- PASS: TestTransportDial/early (0.00s)
=== RUN   TestHandshakeMTUFallbackBeforePacking
--- PASS: TestHandshakeMTUFallbackBeforePacking (0.00s)
=== RUN   TestSendStreamCancellationAfterClose
--- PASS: TestSendStreamCancellationAfterClose (0.00s)
=== RUN   TestEmissionAckAllowance
=== RUN   TestEmissionAckAllowance/ack/handshake
=== RUN   TestEmissionAckAllowance/pacing_limited/handshake
=== RUN   TestEmissionAckAllowance/ack/confirmed
=== RUN   TestEmissionAckAllowance/pacing_limited/confirmed
--- PASS: TestEmissionAckAllowance (0.00s)
    --- PASS: TestEmissionAckAllowance/ack/handshake (0.00s)
    --- PASS: TestEmissionAckAllowance/pacing_limited/handshake (0.00s)
    --- PASS: TestEmissionAckAllowance/ack/confirmed (0.00s)
    --- PASS: TestEmissionAckAllowance/pacing_limited/confirmed (0.00s)
=== RUN   TestStreamFlowControlReceiving
--- PASS: TestStreamFlowControlReceiving (0.00s)
=== RUN   TestTransportErrFromConn
--- PASS: TestTransportErrFromConn (0.00s)
=== RUN   TestSendQueueBatchFullAcceptance
--- PASS: TestSendQueueBatchFullAcceptance (0.00s)
=== RUN   TestTransportListening
--- PASS: TestTransportListening (0.00s)
=== RUN   TestHandshakeMTUFallbackSendClassification
=== RUN   TestHandshakeMTUFallbackSendClassification/Initial
=== RUN   TestHandshakeMTUFallbackSendClassification/Handshake
=== RUN   TestHandshakeMTUFallbackSendClassification/Initial_and_0-RTT
=== RUN   TestHandshakeMTUFallbackSendClassification/0-RTT_only
=== RUN   TestHandshakeMTUFallbackSendClassification/1-RTT_only
--- PASS: TestHandshakeMTUFallbackSendClassification (0.00s)
    --- PASS: TestHandshakeMTUFallbackSendClassification/Initial (0.00s)
    --- PASS: TestHandshakeMTUFallbackSendClassification/Handshake (0.00s)
    --- PASS: TestHandshakeMTUFallbackSendClassification/Initial_and_0-RTT (0.00s)
    --- PASS: TestHandshakeMTUFallbackSendClassification/0-RTT_only (0.00s)
    --- PASS: TestHandshakeMTUFallbackSendClassification/1-RTT_only (0.00s)
=== RUN   TestFramerSplitsStreamRetransmissions
--- PASS: TestFramerSplitsStreamRetransmissions (0.00s)
=== RUN   TestStreamsMapOutgoingRandomizedOpenStreamSync
    streams_map_outgoing_test.go:420: setting stream limit to 59
    streams_map_outgoing_test.go:420: setting stream limit to 71
    streams_map_outgoing_test.go:420: setting stream limit to 95
    streams_map_outgoing_test.go:420: setting stream limit to 139
    streams_map_outgoing_test.go:420: setting stream limit to 199
    streams_map_outgoing_test.go:420: setting stream limit to 275
    streams_map_outgoing_test.go:420: setting stream limit to 339
    streams_map_outgoing_test.go:420: setting stream limit to 375
    streams_map_outgoing_test.go:420: setting stream limit to 435
--- PASS: TestStreamsMapOutgoingRandomizedOpenStreamSync (0.00s)
=== RUN   TestFramer0RTTRejection
--- PASS: TestFramer0RTTRejection (0.00s)
=== RUN   TestServerAccept
=== RUN   TestServerAccept/without_accept_early
=== RUN   TestServerAccept/with_accept_early
--- PASS: TestServerAccept (0.10s)
    --- PASS: TestServerAccept/without_accept_early (0.05s)
    --- PASS: TestServerAccept/with_accept_early (0.05s)
=== RUN   TestReceiveStreamResetAbandonsUnreadData
--- PASS: TestReceiveStreamResetAbandonsUnreadData (0.00s)
=== RUN   TestInitialCryptoStreamClientStatic
--- PASS: TestInitialCryptoStreamClientStatic (0.00s)
=== RUN   TestStreamsMapIncomingDeletingStreams
=== RUN   TestStreamsMapIncomingDeletingStreams/client
=== RUN   TestStreamsMapIncomingDeletingStreams/server
--- PASS: TestStreamsMapIncomingDeletingStreams (0.00s)
    --- PASS: TestStreamsMapIncomingDeletingStreams/client (0.00s)
    --- PASS: TestStreamsMapIncomingDeletingStreams/server (0.00s)
=== RUN   TestServer0RTTQueueing
--- PASS: TestServer0RTTQueueing (0.03s)
=== RUN   TestDatagramReceiveConcurrentProducerDrainer
--- PASS: TestDatagramReceiveConcurrentProducerDrainer (0.00s)
=== RUN   TestServerReceiveQueue
--- PASS: TestServerReceiveQueue (0.01s)
=== RUN   TestSendQueueBatchPartialAcceptanceFatalError
--- PASS: TestSendQueueBatchPartialAcceptanceFatalError (0.00s)
=== RUN   TestSendStreamImmediateClose
--- PASS: TestSendStreamImmediateClose (0.00s)
=== RUN   TestSendQueueBlocking
--- PASS: TestSendQueueBlocking (0.00s)
=== RUN   TestSendmsgXDestSockaddr
=== RUN   TestSendmsgXDestSockaddr/v4-mapped_on_dual-stack_socket
=== RUN   TestSendmsgXDestSockaddr/native_v6
=== RUN   TestSendmsgXDestSockaddr/numeric_zone
=== RUN   TestSendmsgXDestSockaddr/named_zone
=== RUN   TestSendmsgXDestSockaddr/v4_socket
--- PASS: TestSendmsgXDestSockaddr (0.00s)
    --- PASS: TestSendmsgXDestSockaddr/v4-mapped_on_dual-stack_socket (0.00s)
    --- PASS: TestSendmsgXDestSockaddr/native_v6 (0.00s)
    --- PASS: TestSendmsgXDestSockaddr/numeric_zone (0.00s)
    --- PASS: TestSendmsgXDestSockaddr/named_zone (0.00s)
    --- PASS: TestSendmsgXDestSockaddr/v4_socket (0.00s)
=== RUN   TestServerQueueDropsOversizedViewWhenBudgetExhausted
--- PASS: TestServerQueueDropsOversizedViewWhenBudgetExhausted (0.00s)
=== RUN   TestCryptoStreamManagerFinishEncryptionLevel
=== RUN   TestCryptoStreamManagerFinishEncryptionLevel/Initial
=== RUN   TestCryptoStreamManagerFinishEncryptionLevel/Handshake
--- PASS: TestCryptoStreamManagerFinishEncryptionLevel (0.00s)
    --- PASS: TestCryptoStreamManagerFinishEncryptionLevel/Initial (0.00s)
    --- PASS: TestCryptoStreamManagerFinishEncryptionLevel/Handshake (0.00s)
=== RUN   TestReceiveStreamBlockPeek
=== RUN   TestReceiveStreamBlockPeek/single_STREAM_frame
=== RUN   TestReceiveStreamBlockPeek/multiple_STREAM_frames
--- PASS: TestReceiveStreamBlockPeek (0.00s)
    --- PASS: TestReceiveStreamBlockPeek/single_STREAM_frame (0.00s)
    --- PASS: TestReceiveStreamBlockPeek/multiple_STREAM_frames (0.00s)
=== RUN   TestConnectionHandleConnectionFlowControlFrames
--- PASS: TestConnectionHandleConnectionFlowControlFrames (0.00s)
=== RUN   TestNonQUICQueueDoesNotPinCoalescedSlab
--- PASS: TestNonQUICQueueDoesNotPinCoalescedSlab (0.00s)
=== RUN   TestTokenStoreMultipleOrigins
--- PASS: TestTokenStoreMultipleOrigins (0.00s)
=== RUN   TestServerAcceptHandshakeFailure
--- PASS: TestServerAcceptHandshakeFailure (0.05s)
=== RUN   TestEmissionResultQueueWakeup
=== RUN   TestEmissionResultQueueWakeup/gso=false/occupied=7
=== RUN   TestEmissionResultQueueWakeup/gso=false/occupied=8
=== RUN   TestEmissionResultQueueWakeup/gso=true/occupied=7
=== RUN   TestEmissionResultQueueWakeup/gso=true/occupied=8
--- PASS: TestEmissionResultQueueWakeup (0.00s)
    --- PASS: TestEmissionResultQueueWakeup/gso=false/occupied=7 (0.00s)
    --- PASS: TestEmissionResultQueueWakeup/gso=false/occupied=8 (0.00s)
    --- PASS: TestEmissionResultQueueWakeup/gso=true/occupied=7 (0.00s)
    --- PASS: TestEmissionResultQueueWakeup/gso=true/occupied=8 (0.00s)
=== RUN   TestSendmsgXBatchSendEndToEnd
--- PASS: TestSendmsgXBatchSendEndToEnd (0.00s)
=== RUN   TestServerZeroRTTLifetimeRetry
--- PASS: TestServerZeroRTTLifetimeRetry (0.00s)
=== RUN   TestStreamError
--- PASS: TestStreamError (0.00s)
=== RUN   TestSendStreamCopyData
--- PASS: TestSendStreamCopyData (0.00s)
=== RUN   TestSendmsgXKernelMajorAllowlist
=== RUN   TestSendmsgXKernelMajorAllowlist/unlisted_major_falls_back
=== RUN   TestSendmsgXKernelMajorAllowlist/listed_major_engages_after_self-check
--- PASS: TestSendmsgXKernelMajorAllowlist (0.00s)
    --- PASS: TestSendmsgXKernelMajorAllowlist/unlisted_major_falls_back (0.00s)
    --- PASS: TestSendmsgXKernelMajorAllowlist/listed_major_engages_after_self-check (0.00s)
=== RUN   TestDatagramQueueReceiveBlocking
--- PASS: TestDatagramQueueReceiveBlocking (0.00s)
=== RUN   TestSendmsgXStructuralLatch
=== RUN   TestSendmsgXStructuralLatch/negative
=== RUN   TestSendmsgXStructuralLatch/over-acceptance
--- PASS: TestSendmsgXStructuralLatch (0.00s)
    --- PASS: TestSendmsgXStructuralLatch/negative (0.00s)
    --- PASS: TestSendmsgXStructuralLatch/over-acceptance (0.00s)
=== RUN   TestConnectionLoggingStartedConnectionEvent
=== RUN   TestConnectionLoggingStartedConnectionEvent/unspecified_local,_remote_IPv4_->_0.0.0.0
=== RUN   TestConnectionLoggingStartedConnectionEvent/unspecified_local,_remote_IPv6_->_::
=== RUN   TestConnectionLoggingStartedConnectionEvent/specified_local_IPv4
=== RUN   TestConnectionLoggingStartedConnectionEvent/specified_local_IPv6
--- PASS: TestConnectionLoggingStartedConnectionEvent (0.00s)
    --- PASS: TestConnectionLoggingStartedConnectionEvent/unspecified_local,_remote_IPv4_->_0.0.0.0 (0.00s)
    --- PASS: TestConnectionLoggingStartedConnectionEvent/unspecified_local,_remote_IPv6_->_:: (0.00s)
    --- PASS: TestConnectionLoggingStartedConnectionEvent/specified_local_IPv4 (0.00s)
    --- PASS: TestConnectionLoggingStartedConnectionEvent/specified_local_IPv6 (0.00s)
=== RUN   TestVersionNegotiationQueueDoesNotPinCoalescedSlab
--- PASS: TestVersionNegotiationQueueDoesNotPinCoalescedSlab (0.00s)
=== RUN   TestBufferPoolRelease
--- PASS: TestBufferPoolRelease (0.00s)
=== RUN   TestPackShortHeaderPadToAtLeast4Bytes
--- PASS: TestPackShortHeaderPadToAtLeast4Bytes (0.00s)
=== RUN   TestTransportTerminalLifetimeNonQUICRead
=== RUN   TestTransportTerminalLifetimeNonQUICRead/8
=== RUN   TestTransportTerminalLifetimeNonQUICRead/2
--- PASS: TestTransportTerminalLifetimeNonQUICRead (0.00s)
    --- PASS: TestTransportTerminalLifetimeNonQUICRead/8 (0.00s)
    --- PASS: TestTransportTerminalLifetimeNonQUICRead/2 (0.00s)
=== RUN   TestPathManagerOutgoingPathProbing
--- PASS: TestPathManagerOutgoingPathProbing (0.00s)
=== RUN   TestServerZeroRTTLifetimeExpiry
--- PASS: TestServerZeroRTTLifetimeExpiry (0.00s)
=== RUN   TestReceiveStreamResetStreamAtAfterResetStream
--- PASS: TestReceiveStreamResetStreamAtAfterResetStream (0.00s)
=== RUN   TestSendStreamConcurrentWriteAndCancel
--- PASS: TestSendStreamConcurrentWriteAndCancel (0.00s)
=== RUN   TestPack1RTTPacketWithData
--- PASS: TestPack1RTTPacketWithData (0.00s)
=== RUN   TestTransportTerminalLifetimeReset
--- PASS: TestTransportTerminalLifetimeReset (0.00s)
=== RUN   TestDatagramQueuePeekAndPop
--- PASS: TestDatagramQueuePeekAndPop (0.00s)
=== RUN   TestCryptoStreamFinishWithQueuedData
=== RUN   TestCryptoStreamFinishWithQueuedData/with_data_at_current_offset
=== RUN   TestCryptoStreamFinishWithQueuedData/with_data_at_a_higher_offset
--- PASS: TestCryptoStreamFinishWithQueuedData (0.00s)
    --- PASS: TestCryptoStreamFinishWithQueuedData/with_data_at_current_offset (0.00s)
    --- PASS: TestCryptoStreamFinishWithQueuedData/with_data_at_a_higher_offset (0.00s)
=== RUN   TestRawConnConcurrentCloseDuringRead
=== RUN   TestRawConnConcurrentCloseDuringRead/platform
=== RUN   TestRawConnConcurrentCloseDuringRead/basicConn
--- PASS: TestRawConnConcurrentCloseDuringRead (0.03s)
    --- PASS: TestRawConnConcurrentCloseDuringRead/platform (0.01s)
    --- PASS: TestRawConnConcurrentCloseDuringRead/basicConn (0.01s)
=== RUN   TestTransportFaultySyscallConn
--- PASS: TestTransportFaultySyscallConn (0.00s)
=== RUN   TestSendStreamDeadlineExtension
--- PASS: TestSendStreamDeadlineExtension (0.00s)
=== RUN   TestStreamsMapDeletingStreams
=== RUN   TestStreamsMapDeletingStreams/client
=== RUN   TestStreamsMapDeletingStreams/server
--- PASS: TestStreamsMapDeletingStreams (0.00s)
    --- PASS: TestStreamsMapDeletingStreams/client (0.00s)
    --- PASS: TestStreamsMapDeletingStreams/server (0.00s)
=== RUN   TestConnectionRetainedLifetimeTermination
=== RUN   TestConnectionRetainedLifetimeTermination/start_handshake
=== RUN   TestConnectionRetainedLifetimeTermination/handshake_event
=== RUN   TestConnectionRetainedLifetimeTermination/normal_close
--- PASS: TestConnectionRetainedLifetimeTermination (0.00s)
    --- PASS: TestConnectionRetainedLifetimeTermination/start_handshake (0.00s)
    --- PASS: TestConnectionRetainedLifetimeTermination/handshake_event (0.00s)
    --- PASS: TestConnectionRetainedLifetimeTermination/normal_close (0.00s)
=== RUN   TestTokenStoreEviction
--- PASS: TestTokenStoreEviction (0.00s)
=== RUN   TestConnectionPacketBuffering
--- PASS: TestConnectionPacketBuffering (0.00s)
=== RUN   TestConnectionEarlyClose
--- PASS: TestConnectionEarlyClose (0.00s)
=== RUN   TestConnectionReceiveLifetimeViews
=== RUN   TestConnectionReceiveLifetimeViews/short_success
=== RUN   TestConnectionReceiveLifetimeViews/long_long
=== RUN   TestConnectionReceiveLifetimeViews/long_short
=== RUN   TestConnectionReceiveLifetimeViews/malformed_suffix
=== RUN   TestConnectionReceiveLifetimeViews/mismatched_suffix
=== RUN   TestConnectionReceiveLifetimeViews/fatal_handler
=== RUN   TestConnectionReceiveLifetimeViews/retained_replay
=== RUN   TestConnectionReceiveLifetimeViews/mixed_retained_processed
--- PASS: TestConnectionReceiveLifetimeViews (0.00s)
    --- PASS: TestConnectionReceiveLifetimeViews/short_success (0.00s)
    --- PASS: TestConnectionReceiveLifetimeViews/long_long (0.00s)
    --- PASS: TestConnectionReceiveLifetimeViews/long_short (0.00s)
    --- PASS: TestConnectionReceiveLifetimeViews/malformed_suffix (0.00s)
    --- PASS: TestConnectionReceiveLifetimeViews/mismatched_suffix (0.00s)
    --- PASS: TestConnectionReceiveLifetimeViews/fatal_handler (0.00s)
    --- PASS: TestConnectionReceiveLifetimeViews/retained_replay (0.00s)
    --- PASS: TestConnectionReceiveLifetimeViews/mixed_retained_processed (0.00s)
=== RUN   TestReceiveStreamCancelReadAfterPartialReset
=== RUN   TestReceiveStreamCancelReadAfterPartialReset/Read
=== RUN   TestReceiveStreamCancelReadAfterPartialReset/Peek
--- PASS: TestReceiveStreamCancelReadAfterPartialReset (0.00s)
    --- PASS: TestReceiveStreamCancelReadAfterPartialReset/Read (0.00s)
    --- PASS: TestReceiveStreamCancelReadAfterPartialReset/Peek (0.00s)
=== RUN   TestServerClose
--- PASS: TestServerClose (0.00s)
=== RUN   TestPackPathProbePacket
--- PASS: TestPackPathProbePacket (0.00s)
=== RUN   TestAckConstructorEmptyLifetime
--- PASS: TestAckConstructorEmptyLifetime (0.00s)
=== RUN   TestUnpackErrors
--- PASS: TestUnpackErrors (0.00s)
=== RUN   TestRawConnBlockedReadObservesDeadline
=== RUN   TestRawConnBlockedReadObservesDeadline/platform
=== RUN   TestRawConnBlockedReadObservesDeadline/basicConn
--- PASS: TestRawConnBlockedReadObservesDeadline (1.00s)
    --- PASS: TestRawConnBlockedReadObservesDeadline/platform (0.50s)
    --- PASS: TestRawConnBlockedReadObservesDeadline/basicConn (0.50s)
=== RUN   TestConfigClone
=== RUN   TestConfigClone/function_fields
=== RUN   TestConfigClone/non-function_fields
=== RUN   TestConfigClone/returns_a_copy
--- PASS: TestConfigClone (0.00s)
    --- PASS: TestConfigClone/function_fields (0.00s)
    --- PASS: TestConfigClone/non-function_fields (0.00s)
    --- PASS: TestConfigClone/returns_a_copy (0.00s)
=== RUN   TestSendStreamClose
--- PASS: TestSendStreamClose (0.00s)
=== RUN   TestSendStreamWriteData
--- PASS: TestSendStreamWriteData (0.00s)
=== RUN   TestReceiveStreamReadData
--- PASS: TestReceiveStreamReadData (0.00s)
=== RUN   TestConnectionMaxUnprocessedPackets
--- PASS: TestConnectionMaxUnprocessedPackets (0.00s)
=== RUN   TestConnectionIdleTimeout
--- PASS: TestConnectionIdleTimeout (0.00s)
=== RUN   TestDial
=== RUN   TestDial/Dial
=== RUN   TestDial/DialEarly
=== RUN   TestDial/DialAddr
[DEBUG-241] at=2026-09-15T00:11:54.202162Z elapsed=4.791µs test=TestDial/DialAddr socket=0x5f108c102020 local=[::]:55174 event=created network=udp requested=0.0.0.0:0 fd=7 server=127.0.0.1:63331 error_type=<nil> error=<nil>
[DEBUG-241] at=2026-09-15T00:11:54.202588Z test=TestDial/DialAddr received_from=127.0.0.1:55174 server=127.0.0.1:63331 cancel_requested
[DEBUG-241] at=2026-09-15T00:11:54.202619Z elapsed=460.375µs test=TestDial/DialAddr socket=0x5f108c102020 local=[::]:55174 event=transport=0x5f108c3e0140 Close_enter created=true listening_closed=false error_type=<nil> error=<nil>
[DEBUG-241] at=2026-09-15T00:11:54.202645Z elapsed=486.125µs test=TestDial/DialAddr socket=0x5f108c102020 local=[::]:55174 event=transport=0x5f108c3e0140 receive_loop_socket_close_return created=true listening_closed=false error_type=*net.OpError error=close udp [::]:55174: use of closed network connection
[DEBUG-241] at=2026-09-15T00:11:54.202652Z elapsed=493.541µs test=TestDial/DialAddr socket=0x5f108c102020 local=[::]:55174 event=transport=0x5f108c3e0140 listening_closed created=true listening_closed=true error_type=<nil> error=<nil>
[DEBUG-241] at=2026-09-15T00:11:54.202656Z elapsed=497.666µs test=TestDial/DialAddr socket=0x5f108c102020 local=[::]:55174 event=transport=0x5f108c3e0140 owned_socket_close_return created=true listening_closed=true error_type=<nil> error=<nil>
[DEBUG-241] at=2026-09-15T00:11:54.202661Z elapsed=502.375µs test=TestDial/DialAddr socket=0x5f108c102020 local=[::]:55174 event=transport=0x5f108c3e0140 Close_return created=true listening_closed=true error_type=<nil> error=<nil>
[DEBUG-241] at=2026-09-15T00:11:54.202666Z elapsed=507.333µs test=TestDial/DialAddr socket=0x5f108c102020 local=[::]:55174 event=transport=0x5f108c3e0140 Close_enter created=true listening_closed=true error_type=<nil> error=<nil>
[DEBUG-241] at=2026-09-15T00:11:54.202669Z elapsed=510.375µs test=TestDial/DialAddr socket=0x5f108c102020 local=[::]:55174 event=transport=0x5f108c3e0140 owned_socket_close_return created=true listening_closed=true error_type=*net.OpError error=close udp [::]:55174: use of closed network connection
[DEBUG-241] at=2026-09-15T00:11:54.202674Z elapsed=515.708µs test=TestDial/DialAddr socket=0x5f108c102020 local=[::]:55174 event=transport=0x5f108c3e0140 Close_return created=true listening_closed=true error_type=*net.OpError error=close udp [::]:55174: use of closed network connection
[DEBUG-241] at=2026-09-15T00:11:54.202684Z elapsed=524.958µs test=TestDial/DialAddr socket=0x5f108c102020 local=[::]:55174 event=dial_returned_context_canceled received_from=127.0.0.1:55174 error_type=*net.OpError error=raw-control udp [::]:55174: use of closed network connection
[DEBUG-241] at=2026-09-15T00:11:54.202692Z test=TestDial/DialAddr rebind_begin attempt=1 address=127.0.0.1:55174
[DEBUG-241] at=2026-09-15T00:11:54.202719Z test=TestDial/DialAddr rebind_end attempt=1 duration=27.041µs address=127.0.0.1:55174 error_type=<nil> error=<nil>
=== RUN   TestDial/DialAddrEarly
[DEBUG-241] at=2026-09-15T00:11:54.203018Z elapsed=2.583µs test=TestDial/DialAddrEarly socket=0x5f108c102080 local=[::]:52375 event=created network=udp requested=0.0.0.0:0 fd=7 server=127.0.0.1:60409 error_type=<nil> error=<nil>
[DEBUG-241] at=2026-09-15T00:11:54.203448Z test=TestDial/DialAddrEarly received_from=127.0.0.1:52375 server=127.0.0.1:60409 cancel_requested
[DEBUG-241] at=2026-09-15T00:11:54.203472Z elapsed=456.208µs test=TestDial/DialAddrEarly socket=0x5f108c102080 local=[::]:52375 event=transport=0x5f108c3e03c0 Close_enter created=true listening_closed=false error_type=<nil> error=<nil>
[DEBUG-241] at=2026-09-15T00:11:54.203493Z elapsed=477.541µs test=TestDial/DialAddrEarly socket=0x5f108c102080 local=[::]:52375 event=transport=0x5f108c3e03c0 receive_loop_socket_close_return created=true listening_closed=false error_type=*net.OpError error=close udp [::]:52375: use of closed network connection
[DEBUG-241] at=2026-09-15T00:11:54.203498Z elapsed=482.083µs test=TestDial/DialAddrEarly socket=0x5f108c102080 local=[::]:52375 event=transport=0x5f108c3e03c0 listening_closed created=true listening_closed=true error_type=<nil> error=<nil>
[DEBUG-241] at=2026-09-15T00:11:54.203502Z elapsed=485.708µs test=TestDial/DialAddrEarly socket=0x5f108c102080 local=[::]:52375 event=transport=0x5f108c3e03c0 owned_socket_close_return created=true listening_closed=true error_type=<nil> error=<nil>
[DEBUG-241] at=2026-09-15T00:11:54.203504Z elapsed=488.25µs test=TestDial/DialAddrEarly socket=0x5f108c102080 local=[::]:52375 event=transport=0x5f108c3e03c0 Close_return created=true listening_closed=true error_type=<nil> error=<nil>
[DEBUG-241] at=2026-09-15T00:11:54.203507Z elapsed=491.5µs test=TestDial/DialAddrEarly socket=0x5f108c102080 local=[::]:52375 event=transport=0x5f108c3e03c0 Close_enter created=true listening_closed=true error_type=<nil> error=<nil>
[DEBUG-241] at=2026-09-15T00:11:54.20351Z elapsed=494.208µs test=TestDial/DialAddrEarly socket=0x5f108c102080 local=[::]:52375 event=transport=0x5f108c3e03c0 owned_socket_close_return created=true listening_closed=true error_type=*net.OpError error=close udp [::]:52375: use of closed network connection
[DEBUG-241] at=2026-09-15T00:11:54.203513Z elapsed=497.333µs test=TestDial/DialAddrEarly socket=0x5f108c102080 local=[::]:52375 event=transport=0x5f108c3e03c0 Close_return created=true listening_closed=true error_type=*net.OpError error=close udp [::]:52375: use of closed network connection
[DEBUG-241] at=2026-09-15T00:11:54.203521Z elapsed=505.208µs test=TestDial/DialAddrEarly socket=0x5f108c102080 local=[::]:52375 event=dial_returned_context_canceled received_from=127.0.0.1:52375 error_type=*net.OpError error=raw-control udp [::]:52375: use of closed network connection
[DEBUG-241] at=2026-09-15T00:11:54.20353Z test=TestDial/DialAddrEarly rebind_begin attempt=1 address=127.0.0.1:52375
[DEBUG-241] at=2026-09-15T00:11:54.203559Z test=TestDial/DialAddrEarly rebind_end attempt=1 duration=28.916µs address=127.0.0.1:52375 error_type=<nil> error=<nil>
--- PASS: TestDial (0.00s)
    --- PASS: TestDial/Dial (0.00s)
    --- PASS: TestDial/DialEarly (0.00s)
    --- PASS: TestDial/DialAddr (0.00s)
    --- PASS: TestDial/DialAddrEarly (0.00s)
=== RUN   TestCoalescedSlabRetentionCopy
--- PASS: TestCoalescedSlabRetentionCopy (0.00s)
=== RUN   TestConnIDManagerHandshakeCompletion
--- PASS: TestConnIDManagerHandshakeCompletion (0.00s)
=== RUN   TestConnectionRetainedLifetimeAdmissionRace
--- PASS: TestConnectionRetainedLifetimeAdmissionRace (0.00s)
=== RUN   TestPack0RTTPacket
--- PASS: TestPack0RTTPacket (0.00s)
=== RUN   TestSendQueueBatchUnknownProgressFatal
--- PASS: TestSendQueueBatchUnknownProgressFatal (0.00s)
=== RUN   TestCoalescedConstructorFailureLifetime
--- PASS: TestCoalescedConstructorFailureLifetime (0.00s)
=== RUN   TestPackLongHeaders
=== RUN   TestPackLongHeaders/with_Handshake_ACK
=== RUN   TestPackLongHeaders/without_Handshake_ACK
--- PASS: TestPackLongHeaders (0.00s)
    --- PASS: TestPackLongHeaders/with_Handshake_ACK (0.00s)
    --- PASS: TestPackLongHeaders/without_Handshake_ACK (0.00s)
=== RUN   TestStreamsMapRejectedStreamFrame
=== RUN   TestStreamsMapRejectedStreamFrame/deleted=false
=== RUN   TestStreamsMapRejectedStreamFrame/deleted=true
--- PASS: TestStreamsMapRejectedStreamFrame (0.00s)
    --- PASS: TestStreamsMapRejectedStreamFrame/deleted=false (0.00s)
    --- PASS: TestStreamsMapRejectedStreamFrame/deleted=true (0.00s)
=== RUN   TestTransportStatelessResetReceiving
--- PASS: TestTransportStatelessResetReceiving (0.00s)
=== RUN   TestStreamCompletion
=== RUN   TestStreamCompletion/first_read,_then_write
=== RUN   TestStreamCompletion/first_write,_then_read
--- PASS: TestStreamCompletion (0.00s)
    --- PASS: TestStreamCompletion/first_read,_then_write (0.00s)
    --- PASS: TestStreamCompletion/first_write,_then_read (0.00s)
=== RUN   TestReceiveStreamFlowControlUpdates
=== RUN   TestReceiveStreamFlowControlUpdates/stream
=== RUN   TestReceiveStreamFlowControlUpdates/connection
--- PASS: TestReceiveStreamFlowControlUpdates (0.00s)
    --- PASS: TestReceiveStreamFlowControlUpdates/stream (0.00s)
    --- PASS: TestReceiveStreamFlowControlUpdates/connection (0.00s)
=== RUN   TestConnectionLoggingStreamFrame
--- PASS: TestConnectionLoggingStreamFrame (0.00s)
=== RUN   TestConnectionClose
=== RUN   TestConnectionClose/transport_error
=== RUN   TestConnectionClose/application_error
--- PASS: TestConnectionClose (0.00s)
    --- PASS: TestConnectionClose/transport_error (0.00s)
    --- PASS: TestConnectionClose/application_error (0.00s)
=== RUN   TestSendQueueHandshakeMTUDrain
--- PASS: TestSendQueueHandshakeMTUDrain (0.00s)
=== RUN   TestCoalescedRetentionUnprocessedQueueWiring
--- PASS: TestCoalescedRetentionUnprocessedQueueWiring (0.00s)
=== RUN   TestStreamConnectionWindowUpdate
--- PASS: TestStreamConnectionWindowUpdate (0.00s)
=== RUN   TestStreamsMapOutgoingRandomizedWithCancellation
    streams_map_outgoing_test.go:531: setting stream limit to 10
    streams_map_outgoing_test.go:531: setting stream limit to 46
    streams_map_outgoing_test.go:531: setting stream limit to 78
    streams_map_outgoing_test.go:531: setting stream limit to 146
    streams_map_outgoing_test.go:531: setting stream limit to 194
    streams_map_outgoing_test.go:531: setting stream limit to 266
    streams_map_outgoing_test.go:531: setting stream limit to 302
    streams_map_outgoing_test.go:531: setting stream limit to 346
    streams_map_outgoing_test.go:531: setting stream limit to 358
    streams_map_outgoing_test.go:531: setting stream limit to 386
    streams_map_outgoing_test.go:531: setting stream limit to 426
    streams_map_outgoing_test.go:561: saw 100 streams, 19 cancelled
--- PASS: TestStreamsMapOutgoingRandomizedWithCancellation (0.00s)
=== RUN   TestTransportQueueLifetimeReset
--- PASS: TestTransportQueueLifetimeReset (0.00s)
=== RUN   TestSendStreamResetStreamAtRetransmissions
--- PASS: TestSendStreamResetStreamAtRetransmissions (0.00s)
=== RUN   TestSendConnRemoteAddrChange
--- PASS: TestSendConnRemoteAddrChange (0.00s)
=== RUN   TestSendQueueBatchMidGroupLatch
--- PASS: TestSendQueueBatchMidGroupLatch (0.00s)
=== RUN   TestUnpackShortHeaderIncorrectReservedBits
=== RUN   TestUnpackShortHeaderIncorrectReservedBits/decryption_fails
=== RUN   TestUnpackShortHeaderIncorrectReservedBits/decryption_succeeds
--- PASS: TestUnpackShortHeaderIncorrectReservedBits (0.00s)
    --- PASS: TestUnpackShortHeaderIncorrectReservedBits/decryption_fails (0.00s)
    --- PASS: TestUnpackShortHeaderIncorrectReservedBits/decryption_succeeds (0.00s)
=== RUN   TestReceiveStreamRetiredStorageResumesWaiter
=== RUN   TestReceiveStreamRetiredStorageResumesWaiter/Read
=== RUN   TestReceiveStreamRetiredStorageResumesWaiter/Peek
--- PASS: TestReceiveStreamRetiredStorageResumesWaiter (0.00s)
    --- PASS: TestReceiveStreamRetiredStorageResumesWaiter/Read (0.00s)
    --- PASS: TestReceiveStreamRetiredStorageResumesWaiter/Peek (0.00s)
=== RUN   TestOversizedViewChargeTransfersAcrossOwners
--- PASS: TestOversizedViewChargeTransfersAcrossOwners (0.00s)
=== RUN   TestStreamFlowControllerFinalOffset
=== RUN   TestStreamFlowControllerFinalOffset/duplicate_final_offset
=== RUN   TestStreamFlowControllerFinalOffset/inconsistent_final_offset
=== RUN   TestStreamFlowControllerFinalOffset/non-final_offset_past_final_offset
=== RUN   TestStreamFlowControllerFinalOffset/final_offset_smaller_than_previous_offset
--- PASS: TestStreamFlowControllerFinalOffset (0.00s)
    --- PASS: TestStreamFlowControllerFinalOffset/duplicate_final_offset (0.00s)
    --- PASS: TestStreamFlowControllerFinalOffset/inconsistent_final_offset (0.00s)
    --- PASS: TestStreamFlowControllerFinalOffset/non-final_offset_past_final_offset (0.00s)
    --- PASS: TestStreamFlowControllerFinalOffset/final_offset_smaller_than_previous_offset (0.00s)
=== RUN   TestPackConnectionClose1RTT
--- PASS: TestPackConnectionClose1RTT (0.00s)
=== RUN   TestFramerFillPacketMultipleStreams
--- PASS: TestFramerFillPacketMultipleStreams (0.02s)
=== RUN   TestMTUDiscovererCompletion
=== RUN   TestMTUDiscovererCompletion/after_0_losses
=== RUN   TestMTUDiscovererCompletion/after_2_losses
--- PASS: TestMTUDiscovererCompletion (0.00s)
    --- PASS: TestMTUDiscovererCompletion/after_0_losses (0.00s)
    --- PASS: TestMTUDiscovererCompletion/after_2_losses (0.00s)
=== RUN   TestFramerControlFrames
--- PASS: TestFramerControlFrames (0.00s)
=== RUN   TestStreamsMapIncomingClosing
--- PASS: TestStreamsMapIncomingClosing (0.00s)
=== RUN   TestStreamsMapClosing
--- PASS: TestStreamsMapClosing (0.00s)
=== RUN   TestPathManagerOutgoingAbandonValidatedPath
--- PASS: TestPathManagerOutgoingAbandonValidatedPath (0.00s)
=== RUN   TestBufferPoolSplitting
--- PASS: TestBufferPoolSplitting (0.00s)
=== RUN   TestOOBReaderZeroProgress
--- PASS: TestOOBReaderZeroProgress (0.00s)
=== RUN   TestFramerRequeuesRetransmissionAfterPriorityChange
--- PASS: TestFramerRequeuesRetransmissionAfterPriorityChange (0.00s)
=== RUN   TestPackMTUProbePacket
--- PASS: TestPackMTUProbePacket (0.00s)
=== RUN   TestConnectionLoggingAckFrame
--- PASS: TestConnectionLoggingAckFrame (0.00s)
=== RUN   TestStreamsMapStreamLimits
=== RUN   TestStreamsMapStreamLimits/client
=== RUN   TestStreamsMapStreamLimits/server
--- PASS: TestStreamsMapStreamLimits (0.00s)
    --- PASS: TestStreamsMapStreamLimits/client (0.00s)
    --- PASS: TestStreamsMapStreamLimits/server (0.00s)
=== RUN   TestConnectionLoggingCryptoFrame
--- PASS: TestConnectionLoggingCryptoFrame (0.00s)
=== RUN   TestPackDatagramFrames
--- PASS: TestPackDatagramFrames (0.00s)
=== RUN   TestDialAddrSetupFailureClosesSocket
=== RUN   TestDialAddrSetupFailureClosesSocket/DialAddr
=== RUN   TestDialAddrSetupFailureClosesSocket/DialAddr/resolution
=== RUN   TestDialAddrSetupFailureClosesSocket/DialAddr/TLS_configuration
=== RUN   TestDialAddrSetupFailureClosesSocket/DialAddr/QUIC_configuration
=== RUN   TestDialAddrSetupFailureClosesSocket/DialAddrEarly
=== RUN   TestDialAddrSetupFailureClosesSocket/DialAddrEarly/resolution
=== RUN   TestDialAddrSetupFailureClosesSocket/DialAddrEarly/TLS_configuration
=== RUN   TestDialAddrSetupFailureClosesSocket/DialAddrEarly/QUIC_configuration
--- PASS: TestDialAddrSetupFailureClosesSocket (0.00s)
    --- PASS: TestDialAddrSetupFailureClosesSocket/DialAddr (0.00s)
        --- PASS: TestDialAddrSetupFailureClosesSocket/DialAddr/resolution (0.00s)
        --- PASS: TestDialAddrSetupFailureClosesSocket/DialAddr/TLS_configuration (0.00s)
        --- PASS: TestDialAddrSetupFailureClosesSocket/DialAddr/QUIC_configuration (0.00s)
    --- PASS: TestDialAddrSetupFailureClosesSocket/DialAddrEarly (0.00s)
        --- PASS: TestDialAddrSetupFailureClosesSocket/DialAddrEarly/resolution (0.00s)
        --- PASS: TestDialAddrSetupFailureClosesSocket/DialAddrEarly/TLS_configuration (0.00s)
        --- PASS: TestDialAddrSetupFailureClosesSocket/DialAddrEarly/QUIC_configuration (0.00s)
=== RUN   TestFrameSorterTooManyGaps
--- PASS: TestFrameSorterTooManyGaps (0.00s)
=== RUN   TestStreamWindowUpdate
--- PASS: TestStreamWindowUpdate (0.00s)
=== RUN   TestTransportPacketHandling
--- PASS: TestTransportPacketHandling (0.00s)
=== RUN   TestCryptoStreamMaxOffset
--- PASS: TestCryptoStreamMaxOffset (0.00s)
=== RUN   TestBufferPoolSizes
--- PASS: TestBufferPoolSizes (0.00s)
=== RUN   TestSendQueueEnqueueAtWorkerExit
=== RUN   TestSendQueueEnqueueAtWorkerExit/before
=== RUN   TestSendQueueEnqueueAtWorkerExit/concurrent
=== RUN   TestSendQueueEnqueueAtWorkerExit/after
--- PASS: TestSendQueueEnqueueAtWorkerExit (0.00s)
    --- PASS: TestSendQueueEnqueueAtWorkerExit/before (0.00s)
    --- PASS: TestSendQueueEnqueueAtWorkerExit/concurrent (0.00s)
    --- PASS: TestSendQueueEnqueueAtWorkerExit/after (0.00s)
=== RUN   TestReceiveStreamRetiresCancelledStorage
=== RUN   TestReceiveStreamRetiresCancelledStorage/cancel/gapped_queue
=== RUN   TestReceiveStreamRetiresCancelledStorage/cancel/unread_FIN
=== RUN   TestReceiveStreamRetiresCancelledStorage/shutdown/gapped_queue
=== RUN   TestReceiveStreamRetiresCancelledStorage/shutdown/unread_FIN
--- PASS: TestReceiveStreamRetiresCancelledStorage (0.00s)
    --- PASS: TestReceiveStreamRetiresCancelledStorage/cancel/gapped_queue (0.00s)
    --- PASS: TestReceiveStreamRetiresCancelledStorage/cancel/unread_FIN (0.00s)
    --- PASS: TestReceiveStreamRetiresCancelledStorage/shutdown/gapped_queue (0.00s)
    --- PASS: TestReceiveStreamRetiresCancelledStorage/shutdown/unread_FIN (0.00s)
=== RUN   TestCoalescedRetentionUndecryptableQueueWiring
--- PASS: TestCoalescedRetentionUndecryptableQueueWiring (0.00s)
=== RUN   TestReadsMultipleMessagesInOneBatch
--- PASS: TestReadsMultipleMessagesInOneBatch (0.00s)
=== RUN   TestMTUDiscovererAckAndLoss
--- PASS: TestMTUDiscovererAckAndLoss (0.00s)
=== RUN   TestEmissionDatagramOutput
=== RUN   TestEmissionDatagramOutput/ordinary
=== RUN   TestEmissionDatagramOutput/GSO
--- PASS: TestEmissionDatagramOutput (0.00s)
    --- PASS: TestEmissionDatagramOutput/ordinary (0.00s)
    --- PASS: TestEmissionDatagramOutput/GSO (0.00s)
=== RUN   TestReceiveStreamCancelReadAfterFIN
=== RUN   TestReceiveStreamCancelReadAfterFIN/FIN_not_read
=== RUN   TestReceiveStreamCancelReadAfterFIN/FIN_read
--- PASS: TestReceiveStreamCancelReadAfterFIN (0.00s)
    --- PASS: TestReceiveStreamCancelReadAfterFIN/FIN_not_read (0.00s)
    --- PASS: TestReceiveStreamCancelReadAfterFIN/FIN_read (0.00s)
=== RUN   TestFindSNI
=== RUN   TestFindSNI/without_SNI
=== RUN   TestFindSNI/without_subdomain
=== RUN   TestFindSNI/with_subdomain
--- PASS: TestFindSNI (0.00s)
    --- PASS: TestFindSNI/without_SNI (0.00s)
    --- PASS: TestFindSNI/without_subdomain (0.00s)
    --- PASS: TestFindSNI/with_subdomain (0.00s)
=== RUN   TestTransportQueueLifetimeConcurrentReaders
--- PASS: TestTransportQueueLifetimeConcurrentReaders (0.00s)
=== RUN   TestTransportSetTLSConfigServerName
=== RUN   TestTransportSetTLSConfigServerName/uses_the_value_from_the_config
=== RUN   TestTransportSetTLSConfigServerName/uses_the_hostname
=== RUN   TestTransportSetTLSConfigServerName/removes_the_port_from_the_hostname
=== RUN   TestTransportSetTLSConfigServerName/uses_the_IP
--- PASS: TestTransportSetTLSConfigServerName (0.00s)
    --- PASS: TestTransportSetTLSConfigServerName/uses_the_value_from_the_config (0.00s)
    --- PASS: TestTransportSetTLSConfigServerName/uses_the_hostname (0.00s)
    --- PASS: TestTransportSetTLSConfigServerName/removes_the_port_from_the_hostname (0.00s)
    --- PASS: TestTransportSetTLSConfigServerName/uses_the_IP (0.00s)
=== RUN   TestReceiveStreamRetiredStorageRejectsLateData
--- PASS: TestReceiveStreamRetiredStorageRejectsLateData (0.00s)
=== RUN   TestServerGetConfigForClientReject
--- PASS: TestServerGetConfigForClientReject (0.00s)
=== RUN   TestSendConnOOB
--- PASS: TestSendConnOOB (0.00s)
=== RUN   TestStreamAbandoning
--- PASS: TestStreamAbandoning (0.00s)
=== RUN   TestPackEvery20thPacketAckEliciting
--- PASS: TestPackEvery20thPacketAckEliciting (0.00s)
=== RUN   TestConnectionDatagrams
=== RUN   TestConnectionDatagrams/disabled
=== RUN   TestConnectionDatagrams/enabled
--- PASS: TestConnectionDatagrams (0.00s)
    --- PASS: TestConnectionDatagrams/disabled (0.00s)
    --- PASS: TestConnectionDatagrams/enabled (0.00s)
=== RUN   TestDatagramTooLargeError
--- PASS: TestDatagramTooLargeError (0.00s)
=== RUN   TestFramerPacksSinglePathResponsePerPacket
--- PASS: TestFramerPacksSinglePathResponsePerPacket (0.00s)
=== RUN   TestPack1RTTAckOnlyPacket
--- PASS: TestPack1RTTAckOnlyPacket (0.00s)
=== RUN   TestDatagramReceiveRefillDrain
--- PASS: TestDatagramReceiveRefillDrain (0.00s)
=== RUN   TestConnectionUnpackCoalescedPacket
--- PASS: TestConnectionUnpackCoalescedPacket (0.00s)
=== RUN   TestFrameSorterGapHandling
=== RUN   TestFrameSorterGapHandling/case_1
=== RUN   TestFrameSorterGapHandling/case_2
=== RUN   TestFrameSorterGapHandling/case_3
=== RUN   TestFrameSorterGapHandling/case_4
=== RUN   TestFrameSorterGapHandling/case_4,_for_long_frames
=== RUN   TestFrameSorterGapHandling/case_5
=== RUN   TestFrameSorterGapHandling/case_5,_for_long_frames
=== RUN   TestFrameSorterGapHandling/case_6
=== RUN   TestFrameSorterGapHandling/case_6,_for_long_frames
=== RUN   TestFrameSorterGapHandling/case_7
=== RUN   TestFrameSorterGapHandling/case_8
=== RUN   TestFrameSorterGapHandling/case_9
=== RUN   TestFrameSorterGapHandling/case_10
=== RUN   TestFrameSorterGapHandling/case_10,_for_long_frames
=== RUN   TestFrameSorterGapHandling/case_11
=== RUN   TestFrameSorterGapHandling/case_11,_for_long_frames
=== RUN   TestFrameSorterGapHandling/case_12
=== RUN   TestFrameSorterGapHandling/case_13
=== RUN   TestFrameSorterGapHandling/case_14
=== RUN   TestFrameSorterGapHandling/case_14,_for_long_frames
=== RUN   TestFrameSorterGapHandling/case_15
=== RUN   TestFrameSorterGapHandling/case_16
=== RUN   TestFrameSorterGapHandling/case_17
=== RUN   TestFrameSorterGapHandling/case_18
=== RUN   TestFrameSorterGapHandling/case_19
=== RUN   TestFrameSorterGapHandling/case_20
=== RUN   TestFrameSorterGapHandling/case_21
=== RUN   TestFrameSorterGapHandling/case_22
=== RUN   TestFrameSorterGapHandling/case_23
=== RUN   TestFrameSorterGapHandling/case_24
=== RUN   TestFrameSorterGapHandling/case_25
=== RUN   TestFrameSorterGapHandling/case_26
=== RUN   TestFrameSorterGapHandling/case_27
=== RUN   TestFrameSorterGapHandling/case_27,_for_long_frames
=== RUN   TestFrameSorterGapHandling/case_28
=== RUN   TestFrameSorterGapHandling/case_28,_for_long_frames
=== RUN   TestFrameSorterGapHandling/case_29
=== RUN   TestFrameSorterGapHandling/case_30
=== RUN   TestFrameSorterGapHandling/case_30,_for_long_frames
=== RUN   TestFrameSorterGapHandling/case_31
=== RUN   TestFrameSorterGapHandling/case_31,_for_long_frames
=== RUN   TestFrameSorterGapHandling/case_32
=== RUN   TestFrameSorterGapHandling/case_33
=== RUN   TestFrameSorterGapHandling/case_33,_for_long_frames
=== RUN   TestFrameSorterGapHandling/case_34
=== RUN   TestFrameSorterGapHandling/case_35
=== RUN   TestFrameSorterGapHandling/case_35,_for_long_frames
--- PASS: TestFrameSorterGapHandling (0.00s)
    --- PASS: TestFrameSorterGapHandling/case_1 (0.00s)
    --- PASS: TestFrameSorterGapHandling/case_2 (0.00s)
    --- PASS: TestFrameSorterGapHandling/case_3 (0.00s)
    --- PASS: TestFrameSorterGapHandling/case_4 (0.00s)
    --- PASS: TestFrameSorterGapHandling/case_4,_for_long_frames (0.00s)
    --- PASS: TestFrameSorterGapHandling/case_5 (0.00s)
    --- PASS: TestFrameSorterGapHandling/case_5,_for_long_frames (0.00s)
    --- PASS: TestFrameSorterGapHandling/case_6 (0.00s)
    --- PASS: TestFrameSorterGapHandling/case_6,_for_long_frames (0.00s)
    --- PASS: TestFrameSorterGapHandling/case_7 (0.00s)
    --- PASS: TestFrameSorterGapHandling/case_8 (0.00s)
    --- PASS: TestFrameSorterGapHandling/case_9 (0.00s)
    --- PASS: TestFrameSorterGapHandling/case_10 (0.00s)
    --- PASS: TestFrameSorterGapHandling/case_10,_for_long_frames (0.00s)
    --- PASS: TestFrameSorterGapHandling/case_11 (0.00s)
    --- PASS: TestFrameSorterGapHandling/case_11,_for_long_frames (0.00s)
    --- PASS: TestFrameSorterGapHandling/case_12 (0.00s)
    --- PASS: TestFrameSorterGapHandling/case_13 (0.00s)
    --- PASS: TestFrameSorterGapHandling/case_14 (0.00s)
    --- PASS: TestFrameSorterGapHandling/case_14,_for_long_frames (0.00s)
    --- PASS: TestFrameSorterGapHandling/case_15 (0.00s)
    --- PASS: TestFrameSorterGapHandling/case_16 (0.00s)
    --- PASS: TestFrameSorterGapHandling/case_17 (0.00s)
    --- PASS: TestFrameSorterGapHandling/case_18 (0.00s)
    --- PASS: TestFrameSorterGapHandling/case_19 (0.00s)
    --- PASS: TestFrameSorterGapHandling/case_20 (0.00s)
    --- PASS: TestFrameSorterGapHandling/case_21 (0.00s)
    --- PASS: TestFrameSorterGapHandling/case_22 (0.00s)
    --- PASS: TestFrameSorterGapHandling/case_23 (0.00s)
    --- PASS: TestFrameSorterGapHandling/case_24 (0.00s)
    --- PASS: TestFrameSorterGapHandling/case_25 (0.00s)
    --- PASS: TestFrameSorterGapHandling/case_26 (0.00s)
    --- PASS: TestFrameSorterGapHandling/case_27 (0.00s)
    --- PASS: TestFrameSorterGapHandling/case_27,_for_long_frames (0.00s)
    --- PASS: TestFrameSorterGapHandling/case_28 (0.00s)
    --- PASS: TestFrameSorterGapHandling/case_28,_for_long_frames (0.00s)
    --- PASS: TestFrameSorterGapHandling/case_29 (0.00s)
    --- PASS: TestFrameSorterGapHandling/case_30 (0.00s)
    --- PASS: TestFrameSorterGapHandling/case_30,_for_long_frames (0.00s)
    --- PASS: TestFrameSorterGapHandling/case_31 (0.00s)
    --- PASS: TestFrameSorterGapHandling/case_31,_for_long_frames (0.00s)
    --- PASS: TestFrameSorterGapHandling/case_32 (0.00s)
    --- PASS: TestFrameSorterGapHandling/case_33 (0.00s)
    --- PASS: TestFrameSorterGapHandling/case_33,_for_long_frames (0.00s)
    --- PASS: TestFrameSorterGapHandling/case_34 (0.00s)
    --- PASS: TestFrameSorterGapHandling/case_35 (0.00s)
    --- PASS: TestFrameSorterGapHandling/case_35,_for_long_frames (0.00s)
=== RUN   TestConnIDManagerInitialConnID
--- PASS: TestConnIDManagerInitialConnID (0.00s)
=== RUN   TestNewConnWithoutNetConn
--- PASS: TestNewConnWithoutNetConn (0.00s)
=== RUN   TestConnIDGeneratorRemoveAll
=== RUN   TestConnIDGeneratorRemoveAll/with_initial_client_destination_connection_ID
=== RUN   TestConnIDGeneratorRemoveAll/without_initial_client_destination_connection_ID
--- PASS: TestConnIDGeneratorRemoveAll (0.00s)
    --- PASS: TestConnIDGeneratorRemoveAll/with_initial_client_destination_connection_ID (0.00s)
    --- PASS: TestConnIDGeneratorRemoveAll/without_initial_client_destination_connection_ID (0.00s)
=== RUN   TestConnIDManagerRetiringConnectionIDs
--- PASS: TestConnIDManagerRetiringConnectionIDs (0.00s)
=== RUN   TestReceiveStreamRetiresReliablePrefixStorage
=== RUN   TestReceiveStreamRetiresReliablePrefixStorage/consume_past_reliable_size
=== RUN   TestReceiveStreamRetiresReliablePrefixStorage/reduce_reliable_size
--- PASS: TestReceiveStreamRetiresReliablePrefixStorage (0.00s)
    --- PASS: TestReceiveStreamRetiresReliablePrefixStorage/consume_past_reliable_size (0.00s)
    --- PASS: TestReceiveStreamRetiresReliablePrefixStorage/reduce_reliable_size (0.00s)
=== RUN   TestSendmsgXZeroProgressErrnoDoesNotLatch
=== RUN   TestSendmsgXZeroProgressErrnoDoesNotLatch/resource_temporarily_unavailable
=== RUN   TestSendmsgXZeroProgressErrnoDoesNotLatch/interrupted_system_call
=== RUN   TestSendmsgXZeroProgressErrnoDoesNotLatch/no_buffer_space_available
=== RUN   TestSendmsgXZeroProgressErrnoDoesNotLatch/message_too_long
--- PASS: TestSendmsgXZeroProgressErrnoDoesNotLatch (0.00s)
    --- PASS: TestSendmsgXZeroProgressErrnoDoesNotLatch/resource_temporarily_unavailable (0.00s)
    --- PASS: TestSendmsgXZeroProgressErrnoDoesNotLatch/interrupted_system_call (0.00s)
    --- PASS: TestSendmsgXZeroProgressErrnoDoesNotLatch/no_buffer_space_available (0.00s)
    --- PASS: TestSendmsgXZeroProgressErrnoDoesNotLatch/message_too_long (0.00s)
=== RUN   TestMTUDiscovererTiming
--- PASS: TestMTUDiscovererTiming (0.00s)
=== RUN   TestCoalescedDeliveryMetadataAndClearedSlots
--- PASS: TestCoalescedDeliveryMetadataAndClearedSlots (0.00s)
=== RUN   TestSendmsgXUnknownProgressErrnoIsFatal
=== RUN   TestSendmsgXUnknownProgressErrnoIsFatal/bad_file_descriptor
=== RUN   TestSendmsgXUnknownProgressErrnoIsFatal/network_is_down
=== RUN   TestSendmsgXUnknownProgressErrnoIsFatal/permission_denied
--- PASS: TestSendmsgXUnknownProgressErrnoIsFatal (0.00s)
    --- PASS: TestSendmsgXUnknownProgressErrnoIsFatal/bad_file_descriptor (0.00s)
    --- PASS: TestSendmsgXUnknownProgressErrnoIsFatal/network_is_down (0.00s)
    --- PASS: TestSendmsgXUnknownProgressErrnoIsFatal/permission_denied (0.00s)
=== RUN   TestServerCreateConnection
=== RUN   TestServerCreateConnection/without_retry
=== RUN   TestServerCreateConnection/with_retry
--- PASS: TestServerCreateConnection (0.00s)
    --- PASS: TestServerCreateConnection/without_retry (0.00s)
    --- PASS: TestServerCreateConnection/with_retry (0.00s)
=== RUN   TestReceiveStreamCancelReadAbandonsUnreadData
--- PASS: TestReceiveStreamCancelReadAbandonsUnreadData (0.00s)
=== RUN   TestStreamsMapConcurrent
=== RUN   TestStreamsMapConcurrent/iteration_1
=== RUN   TestStreamsMapConcurrent/iteration_2
=== RUN   TestStreamsMapConcurrent/iteration_3
=== RUN   TestStreamsMapConcurrent/iteration_4
=== RUN   TestStreamsMapConcurrent/iteration_5
--- PASS: TestStreamsMapConcurrent (0.00s)
    --- PASS: TestStreamsMapConcurrent/iteration_1 (0.00s)
    --- PASS: TestStreamsMapConcurrent/iteration_2 (0.00s)
    --- PASS: TestStreamsMapConcurrent/iteration_3 (0.00s)
    --- PASS: TestStreamsMapConcurrent/iteration_4 (0.00s)
    --- PASS: TestStreamsMapConcurrent/iteration_5 (0.00s)
=== RUN   TestFrameSorterRandomized
=== RUN   TestFrameSorterRandomized/short
=== RUN   TestFrameSorterRandomized/long
=== RUN   TestFrameSorterRandomized/short,_with_duplicates
=== RUN   TestFrameSorterRandomized/long,_with_duplicates
=== RUN   TestFrameSorterRandomized/short,_with_overlaps
=== RUN   TestFrameSorterRandomized/long,_with_overlaps
--- PASS: TestFrameSorterRandomized (0.01s)
    --- PASS: TestFrameSorterRandomized/short (0.00s)
    --- PASS: TestFrameSorterRandomized/long (0.00s)
    --- PASS: TestFrameSorterRandomized/short,_with_duplicates (0.00s)
    --- PASS: TestFrameSorterRandomized/long,_with_duplicates (0.00s)
    --- PASS: TestFrameSorterRandomized/short,_with_overlaps (0.00s)
    --- PASS: TestFrameSorterRandomized/long,_with_overlaps (0.00s)
=== RUN   TestServerZeroRTTLifetimeAdmission
=== RUN   TestServerZeroRTTLifetimeAdmission/datagrams
=== RUN   TestServerZeroRTTLifetimeAdmission/groups
--- PASS: TestServerZeroRTTLifetimeAdmission (0.00s)
    --- PASS: TestServerZeroRTTLifetimeAdmission/datagrams (0.00s)
    --- PASS: TestServerZeroRTTLifetimeAdmission/groups (0.00s)
=== RUN   TestSysConnPacketInfoIPv6
--- PASS: TestSysConnPacketInfoIPv6 (0.00s)
=== RUN   TestAreConnsRunning
--- PASS: TestAreConnsRunning (0.00s)
=== RUN   TestSendConnGSOFallbackConcurrentCapabilities
    send_conn_test.go:91: GSO is not supported on this platform
--- SKIP: TestSendConnGSOFallbackConcurrentCapabilities (0.00s)
=== RUN   TestStreamsMap0RTTResetStreamAt
=== RUN   TestStreamsMap0RTTResetStreamAt/enabled:_false
=== RUN   TestStreamsMap0RTTResetStreamAt/enabled:_true
--- PASS: TestStreamsMap0RTTResetStreamAt (0.00s)
    --- PASS: TestStreamsMap0RTTResetStreamAt/enabled:_false (0.00s)
    --- PASS: TestStreamsMap0RTTResetStreamAt/enabled:_true (0.00s)
=== RUN   TestServer0RTTReordering
--- PASS: TestServer0RTTReordering (0.01s)
=== RUN   TestConnectionRetainedLifetimeOverflow
--- PASS: TestConnectionRetainedLifetimeOverflow (0.00s)
=== RUN   TestStreamsMapOutgoingBlockedFrames
--- PASS: TestStreamsMapOutgoingBlockedFrames (0.00s)
=== RUN   TestStreamsMapOutgoingOpenStreamSyncCancel
--- PASS: TestStreamsMapOutgoingOpenStreamSyncCancel (0.00s)
=== RUN   TestServerAcceptQueue
--- PASS: TestServerAcceptQueue (0.10s)
=== RUN   TestEmissionPTOOutput
=== RUN   TestEmissionPTOOutput/Initial/empty
=== RUN   TestEmissionPTOOutput/Initial/retransmit
=== RUN   TestEmissionPTOOutput/Handshake/empty
=== RUN   TestEmissionPTOOutput/Handshake/retransmit
=== RUN   TestEmissionPTOOutput/1-RTT/empty
=== RUN   TestEmissionPTOOutput/1-RTT/retransmit
--- PASS: TestEmissionPTOOutput (0.00s)
    --- PASS: TestEmissionPTOOutput/Initial/empty (0.00s)
    --- PASS: TestEmissionPTOOutput/Initial/retransmit (0.00s)
    --- PASS: TestEmissionPTOOutput/Handshake/empty (0.00s)
    --- PASS: TestEmissionPTOOutput/Handshake/retransmit (0.00s)
    --- PASS: TestEmissionPTOOutput/1-RTT/empty (0.00s)
    --- PASS: TestEmissionPTOOutput/1-RTT/retransmit (0.00s)
=== RUN   TestConnectionReceivePrioritization
=== RUN   TestConnectionReceivePrioritization/handshake_complete:_true
=== RUN   TestConnectionReceivePrioritization/handshake_complete:_false
--- PASS: TestConnectionReceivePrioritization (0.00s)
    --- PASS: TestConnectionReceivePrioritization/handshake_complete:_true (0.00s)
    --- PASS: TestConnectionReceivePrioritization/handshake_complete:_false (0.00s)
=== RUN   TestReceiveStreamPeekEOF
=== RUN   TestReceiveStreamPeekEOF/long_peek
=== RUN   TestReceiveStreamPeekEOF/exact_peek
--- PASS: TestReceiveStreamPeekEOF (0.00s)
    --- PASS: TestReceiveStreamPeekEOF/long_peek (0.00s)
    --- PASS: TestReceiveStreamPeekEOF/exact_peek (0.00s)
=== RUN   TestClientHelloFixtureCleanup
=== RUN   TestClientHelloFixtureCleanup/plain
=== RUN   TestClientHelloFixtureCleanup/ECH
--- PASS: TestClientHelloFixtureCleanup (0.01s)
    --- PASS: TestClientHelloFixtureCleanup/plain (0.00s)
    --- PASS: TestClientHelloFixtureCleanup/ECH (0.01s)
=== RUN   TestZeroRTTQueueDoesNotPinCoalescedSlab
--- PASS: TestZeroRTTQueueDoesNotPinCoalescedSlab (0.00s)
=== RUN   TestSetupFailurePreservesCallerSocket
=== RUN   TestSetupFailurePreservesCallerSocket/Dial
=== RUN   TestSetupFailurePreservesCallerSocket/Dial/TLS_configuration
=== RUN   TestSetupFailurePreservesCallerSocket/Dial/QUIC_configuration
=== RUN   TestSetupFailurePreservesCallerSocket/DialEarly
=== RUN   TestSetupFailurePreservesCallerSocket/DialEarly/TLS_configuration
=== RUN   TestSetupFailurePreservesCallerSocket/DialEarly/QUIC_configuration
=== RUN   TestSetupFailurePreservesCallerSocket/Listen
=== RUN   TestSetupFailurePreservesCallerSocket/Listen/TLS_configuration
=== RUN   TestSetupFailurePreservesCallerSocket/Listen/QUIC_configuration
=== RUN   TestSetupFailurePreservesCallerSocket/ListenEarly
=== RUN   TestSetupFailurePreservesCallerSocket/ListenEarly/TLS_configuration
=== RUN   TestSetupFailurePreservesCallerSocket/ListenEarly/QUIC_configuration
--- PASS: TestSetupFailurePreservesCallerSocket (0.00s)
    --- PASS: TestSetupFailurePreservesCallerSocket/Dial (0.00s)
        --- PASS: TestSetupFailurePreservesCallerSocket/Dial/TLS_configuration (0.00s)
        --- PASS: TestSetupFailurePreservesCallerSocket/Dial/QUIC_configuration (0.00s)
    --- PASS: TestSetupFailurePreservesCallerSocket/DialEarly (0.00s)
        --- PASS: TestSetupFailurePreservesCallerSocket/DialEarly/TLS_configuration (0.00s)
        --- PASS: TestSetupFailurePreservesCallerSocket/DialEarly/QUIC_configuration (0.00s)
    --- PASS: TestSetupFailurePreservesCallerSocket/Listen (0.00s)
        --- PASS: TestSetupFailurePreservesCallerSocket/Listen/TLS_configuration (0.00s)
        --- PASS: TestSetupFailurePreservesCallerSocket/Listen/QUIC_configuration (0.00s)
    --- PASS: TestSetupFailurePreservesCallerSocket/ListenEarly (0.00s)
        --- PASS: TestSetupFailurePreservesCallerSocket/ListenEarly/TLS_configuration (0.00s)
        --- PASS: TestSetupFailurePreservesCallerSocket/ListenEarly/QUIC_configuration (0.00s)
=== RUN   TestPTOConstructorFailureLifetime
=== RUN   TestPTOConstructorFailureLifetime/Initial
=== RUN   TestPTOConstructorFailureLifetime/Handshake
=== RUN   TestPTOConstructorFailureLifetime/1-RTT
--- PASS: TestPTOConstructorFailureLifetime (0.00s)
    --- PASS: TestPTOConstructorFailureLifetime/Initial (0.00s)
    --- PASS: TestPTOConstructorFailureLifetime/Handshake (0.00s)
    --- PASS: TestPTOConstructorFailureLifetime/1-RTT (0.00s)
=== RUN   TestUnpackShortHeaderPacket
--- PASS: TestUnpackShortHeaderPacket (0.00s)
=== RUN   TestEmissionEmptyCallerBuffer
=== RUN   TestEmissionEmptyCallerBuffer/gso=false
=== RUN   TestEmissionEmptyCallerBuffer/gso=true
--- PASS: TestEmissionEmptyCallerBuffer (0.00s)
    --- PASS: TestEmissionEmptyCallerBuffer/gso=false (0.00s)
    --- PASS: TestEmissionEmptyCallerBuffer/gso=true (0.00s)
=== RUN   TestRawConnBlockedReadObservesClose
=== RUN   TestRawConnBlockedReadObservesClose/platform
=== RUN   TestRawConnBlockedReadObservesClose/basicConn
--- PASS: TestRawConnBlockedReadObservesClose (1.00s)
    --- PASS: TestRawConnBlockedReadObservesClose/platform (0.50s)
    --- PASS: TestRawConnBlockedReadObservesClose/basicConn (0.50s)
=== RUN   TestRetransmissionQueueDropEncLevel
=== RUN   TestRetransmissionQueueDropEncLevel/Initial
=== RUN   TestRetransmissionQueueDropEncLevel/Handshake
--- PASS: TestRetransmissionQueueDropEncLevel (0.00s)
    --- PASS: TestRetransmissionQueueDropEncLevel/Initial (0.00s)
    --- PASS: TestRetransmissionQueueDropEncLevel/Handshake (0.00s)
=== RUN   TestEmissionAckFullQueuePacing
--- PASS: TestEmissionAckFullQueuePacing (0.00s)
=== RUN   TestTransportTerminalLifetimeNonQUIC
=== RUN   TestTransportTerminalLifetimeNonQUIC/disabled
=== RUN   TestTransportTerminalLifetimeNonQUIC/full_queue
--- PASS: TestTransportTerminalLifetimeNonQUIC (0.00s)
    --- PASS: TestTransportTerminalLifetimeNonQUIC/disabled (0.00s)
    --- PASS: TestTransportTerminalLifetimeNonQUIC/full_queue (0.00s)
=== RUN   TestEmissionDirectProbe
=== RUN   TestEmissionDirectProbe/server/success
=== RUN   TestEmissionDirectProbe/server/write-error
=== RUN   TestEmissionDirectProbe/client/success
=== RUN   TestEmissionDirectProbe/client/write-error
--- PASS: TestEmissionDirectProbe (0.00s)
    --- PASS: TestEmissionDirectProbe/server/success (0.00s)
    --- PASS: TestEmissionDirectProbe/server/write-error (0.00s)
    --- PASS: TestEmissionDirectProbe/client/success (0.00s)
    --- PASS: TestEmissionDirectProbe/client/write-error (0.00s)
=== RUN   TestSendStreamSetReliableBoundaryAfterTryWriteAll
--- PASS: TestSendStreamSetReliableBoundaryAfterTryWriteAll (0.00s)
=== RUN   TestSendmsgXDisabledPathInert
--- PASS: TestSendmsgXDisabledPathInert (0.00s)
=== RUN   TestSendStreamResetStreamAtCancelBeforeSend
--- PASS: TestSendStreamResetStreamAtCancelBeforeSend (0.00s)
=== RUN   TestSendConnSendmsgFailures
    send_conn_test.go:117: only Linux exhibits this bug, we don't need to work around it on other platforms
--- SKIP: TestSendConnSendmsgFailures (0.00s)
=== RUN   TestPathManagerOutgoingRepeatedSuccessfulProbes
--- PASS: TestPathManagerOutgoingRepeatedSuccessfulProbes (0.00s)
=== RUN   TestConnectionReceiveLifetimeMalformedFirstHeader
--- PASS: TestConnectionReceiveLifetimeMalformedFirstHeader (0.00s)
=== RUN   TestPack1RTTPacketWithACK
--- PASS: TestPack1RTTPacketWithACK (0.00s)
=== RUN   TestTransportReplaceWithClosed
=== RUN   TestTransportReplaceWithClosed/local
    transport_test.go:737: sent 221 packets, received 8 CONNECTION_CLOSE copies
=== RUN   TestTransportReplaceWithClosed/remote
    transport_test.go:734: sent 220 packets
--- PASS: TestTransportReplaceWithClosed (0.00s)
    --- PASS: TestTransportReplaceWithClosed/local (0.00s)
    --- PASS: TestTransportReplaceWithClosed/remote (0.00s)
=== RUN   TestConnectionTransportParameterValidationFailureServer
--- PASS: TestConnectionTransportParameterValidationFailureServer (0.00s)
=== RUN   TestSendStreamRetransmitDataUntilAcknowledged
--- PASS: TestSendStreamRetransmitDataUntilAcknowledged (0.03s)
=== RUN   TestUnpackLongHeaderEmptyPayload
=== RUN   TestUnpackLongHeaderEmptyPayload/Initial
=== RUN   TestUnpackLongHeaderEmptyPayload/Handshake
=== RUN   TestUnpackLongHeaderEmptyPayload/0-RTT
--- PASS: TestUnpackLongHeaderEmptyPayload (0.00s)
    --- PASS: TestUnpackLongHeaderEmptyPayload/Initial (0.00s)
    --- PASS: TestUnpackLongHeaderEmptyPayload/Handshake (0.00s)
    --- PASS: TestUnpackLongHeaderEmptyPayload/0-RTT (0.00s)
=== RUN   TestPack0RTTPacketNoACK
--- PASS: TestPack0RTTPacketNoACK (0.00s)
=== RUN   TestStreamsMapOutgoingOpenAndDelete
=== RUN   TestStreamsMapOutgoingOpenAndDelete/client
=== RUN   TestStreamsMapOutgoingOpenAndDelete/server
--- PASS: TestStreamsMapOutgoingOpenAndDelete (0.00s)
    --- PASS: TestStreamsMapOutgoingOpenAndDelete/client (0.00s)
    --- PASS: TestStreamsMapOutgoingOpenAndDelete/server (0.00s)
=== RUN   TestCoalescedDeliveryDiscard
=== RUN   TestCoalescedDeliveryDiscard/release_first=true
=== RUN   TestCoalescedDeliveryDiscard/release_first=false
--- PASS: TestCoalescedDeliveryDiscard (0.00s)
    --- PASS: TestCoalescedDeliveryDiscard/release_first=true (0.00s)
    --- PASS: TestCoalescedDeliveryDiscard/release_first=false (0.00s)
=== RUN   TestFramerMinStreamFrameSizeMultipleStreamFrames
--- PASS: TestFramerMinStreamFrameSizeMultipleStreamFrames (0.00s)
=== RUN   TestReadECNFlagsDualStack
--- PASS: TestReadECNFlagsDualStack (0.00s)
=== RUN   TestReceiveStreamReleasesConsumedStorage
--- PASS: TestReceiveStreamReleasesConsumedStorage (0.00s)
=== RUN   TestConnectionVersionNegotiationNoMatch
--- PASS: TestConnectionVersionNegotiationNoMatch (0.00s)
=== RUN   TestTokenStoreSingleOrigin
--- PASS: TestTokenStoreSingleOrigin (0.00s)
=== RUN   TestSendStreamResetStreamAtStopSendingBeforeCancelation
--- PASS: TestSendStreamResetStreamAtStopSendingBeforeCancelation (0.00s)
=== RUN   TestReceiveStreamDeadlineRemoval
=== RUN   TestReceiveStreamDeadlineRemoval/read
=== RUN   TestReceiveStreamDeadlineRemoval/peek
--- PASS: TestReceiveStreamDeadlineRemoval (0.00s)
    --- PASS: TestReceiveStreamDeadlineRemoval/read (0.00s)
    --- PASS: TestReceiveStreamDeadlineRemoval/peek (0.00s)
=== RUN   TestStatelessResetter
=== RUN   TestStatelessResetter/no_key
=== RUN   TestStatelessResetter/with_key
--- PASS: TestStatelessResetter (0.00s)
    --- PASS: TestStatelessResetter/no_key (0.00s)
    --- PASS: TestStatelessResetter/with_key (0.00s)
=== RUN   TestSendmsgXENOSYSLatch
--- PASS: TestSendmsgXENOSYSLatch (0.00s)
=== RUN   TestSendStreamTryWriteAllLinearStorage
=== RUN   TestSendStreamTryWriteAllLinearStorage/bytes=32768/chunk=32768
    send_stream_large_write_test.go:76: accepted 32768 bytes: admission 33400 B, segmentation 6272 B
=== RUN   TestSendStreamTryWriteAllLinearStorage/bytes=32768/chunk=2048
    send_stream_large_write_test.go:76: accepted 32768 bytes: admission 97368 B, segmentation 6272 B
=== RUN   TestSendStreamTryWriteAllLinearStorage/bytes=131072/chunk=131072
    send_stream_large_write_test.go:76: accepted 131072 bytes: admission 131704 B, segmentation 21768 B
=== RUN   TestSendStreamTryWriteAllLinearStorage/bytes=131072/chunk=2048
    send_stream_large_write_test.go:76: accepted 131072 bytes: admission 388408 B, segmentation 21864 B
=== RUN   TestSendStreamTryWriteAllLinearStorage/bytes=524288/chunk=524288
    send_stream_large_write_test.go:76: accepted 524288 bytes: admission 524920 B, segmentation 83272 B
=== RUN   TestSendStreamTryWriteAllLinearStorage/bytes=524288/chunk=2048
    send_stream_large_write_test.go:76: accepted 524288 bytes: admission 1527704 B, segmentation 83272 B
--- PASS: TestSendStreamTryWriteAllLinearStorage (0.01s)
    --- PASS: TestSendStreamTryWriteAllLinearStorage/bytes=32768/chunk=32768 (0.00s)
    --- PASS: TestSendStreamTryWriteAllLinearStorage/bytes=32768/chunk=2048 (0.00s)
    --- PASS: TestSendStreamTryWriteAllLinearStorage/bytes=131072/chunk=131072 (0.00s)
    --- PASS: TestSendStreamTryWriteAllLinearStorage/bytes=131072/chunk=2048 (0.00s)
    --- PASS: TestSendStreamTryWriteAllLinearStorage/bytes=524288/chunk=524288 (0.00s)
    --- PASS: TestSendStreamTryWriteAllLinearStorage/bytes=524288/chunk=2048 (0.00s)
=== RUN   TestReceiveStreamResetStreamAtBeforeReadOffset
--- PASS: TestReceiveStreamResetStreamAtBeforeReadOffset (0.00s)
=== RUN   TestConnectionStatePathCapabilities
    connection_probe_emission_test.go:214: GSO is not supported on this platform
--- SKIP: TestConnectionStatePathCapabilities (0.00s)
=== RUN   TestSendStreamCancellationResetStreamRetransmission
--- PASS: TestSendStreamCancellationResetStreamRetransmission (0.00s)
=== RUN   TestStreamsMap0RTTRejection
--- PASS: TestStreamsMap0RTTRejection (0.00s)
=== RUN   TestSendQueueHandshakeMTUEligibility
=== RUN   TestSendQueueHandshakeMTUEligibility/handshake
=== RUN   TestSendQueueHandshakeMTUEligibility/success
=== RUN   TestSendQueueHandshakeMTUEligibility/other_error
=== RUN   TestSendQueueHandshakeMTUEligibility/unmarked_or_PMTU_probe
=== RUN   TestSendQueueHandshakeMTUEligibility/GSO
=== RUN   TestSendQueueHandshakeMTUEligibility/minimum
=== RUN   TestSendQueueHandshakeMTUEligibility/subminimum
--- PASS: TestSendQueueHandshakeMTUEligibility (0.00s)
    --- PASS: TestSendQueueHandshakeMTUEligibility/handshake (0.00s)
    --- PASS: TestSendQueueHandshakeMTUEligibility/success (0.00s)
    --- PASS: TestSendQueueHandshakeMTUEligibility/other_error (0.00s)
    --- PASS: TestSendQueueHandshakeMTUEligibility/unmarked_or_PMTU_probe (0.00s)
    --- PASS: TestSendQueueHandshakeMTUEligibility/GSO (0.00s)
    --- PASS: TestSendQueueHandshakeMTUEligibility/minimum (0.00s)
    --- PASS: TestSendQueueHandshakeMTUEligibility/subminimum (0.00s)
=== RUN   TestCoalescedDeliverySplits
=== RUN   TestCoalescedDeliverySplits/singleton
=== RUN   TestCoalescedDeliverySplits/missing_size
=== RUN   TestCoalescedDeliverySplits/negative_size
=== RUN   TestCoalescedDeliverySplits/multiple
=== RUN   TestCoalescedDeliverySplits/short_tail
--- PASS: TestCoalescedDeliverySplits (0.00s)
    --- PASS: TestCoalescedDeliverySplits/singleton (0.00s)
    --- PASS: TestCoalescedDeliverySplits/missing_size (0.00s)
    --- PASS: TestCoalescedDeliverySplits/negative_size (0.00s)
    --- PASS: TestCoalescedDeliverySplits/multiple (0.00s)
    --- PASS: TestCoalescedDeliverySplits/short_tail (0.00s)
=== RUN   TestConnectionDatagramOverflowPacketReuse
--- PASS: TestConnectionDatagramOverflowPacketReuse (0.00s)
=== RUN   TestPathManagerIntentionalMigration
--- PASS: TestPathManagerIntentionalMigration (0.00s)
=== RUN   TestReceiveStreamCloseForShutdown
--- PASS: TestReceiveStreamCloseForShutdown (0.00s)
=== RUN   TestUnpackHeaderSampleShortHeader
=== RUN   TestUnpackHeaderSampleShortHeader/too_short
=== RUN   TestUnpackHeaderSampleShortHeader/minimal_size
--- PASS: TestUnpackHeaderSampleShortHeader (0.00s)
    --- PASS: TestUnpackHeaderSampleShortHeader/too_short (0.00s)
    --- PASS: TestUnpackHeaderSampleShortHeader/minimal_size (0.00s)
=== RUN   TestFramerDataBlocked
=== RUN   TestFramerDataBlocked/small_STREAM_frame
=== RUN   TestFramerDataBlocked/large_STREAM_frame
--- PASS: TestFramerDataBlocked (0.00s)
    --- PASS: TestFramerDataBlocked/small_STREAM_frame (0.00s)
    --- PASS: TestFramerDataBlocked/large_STREAM_frame (0.00s)
=== RUN   TestSendStreamFlowControlBlocked
--- PASS: TestSendStreamFlowControlBlocked (0.00s)
=== RUN   TestCryptoStreamManagerPostHandshake
--- PASS: TestCryptoStreamManagerPostHandshake (0.00s)
=== RUN   TestFramerFillPacketOneStream
--- PASS: TestFramerFillPacketOneStream (0.01s)
=== RUN   TestSendQueueWriteError
--- PASS: TestSendQueueWriteError (0.00s)
=== RUN   TestPackHandshakeProbePacket
=== RUN   TestPackHandshakeProbePacket/client
=== RUN   TestPackHandshakeProbePacket/server
--- PASS: TestPackHandshakeProbePacket (0.00s)
    --- PASS: TestPackHandshakeProbePacket/client (0.00s)
    --- PASS: TestPackHandshakeProbePacket/server (0.00s)
=== RUN   TestSendStreamLargeTryWriteAll
--- PASS: TestSendStreamLargeTryWriteAll (0.00s)
=== RUN   TestConnectionVersionNegotiation
=== RUN   TestConnectionVersionNegotiation/before_Initial
=== RUN   TestConnectionVersionNegotiation/after_Initial
--- PASS: TestConnectionVersionNegotiation (0.00s)
    --- PASS: TestConnectionVersionNegotiation/before_Initial (0.00s)
    --- PASS: TestConnectionVersionNegotiation/after_Initial (0.00s)
=== RUN   TestDatagramReceivePartialRefillFIFO
--- PASS: TestDatagramReceivePartialRefillFIFO (0.00s)
=== RUN   TestSendQueueBatchInvalidProgress
=== RUN   TestSendQueueBatchInvalidProgress/negative
=== RUN   TestSendQueueBatchInvalidProgress/over-offered
=== RUN   TestSendQueueBatchInvalidProgress/negative_with_error
=== RUN   TestSendQueueBatchInvalidProgress/over-offered_with_error
--- PASS: TestSendQueueBatchInvalidProgress (0.00s)
    --- PASS: TestSendQueueBatchInvalidProgress/negative (0.00s)
    --- PASS: TestSendQueueBatchInvalidProgress/over-offered (0.00s)
    --- PASS: TestSendQueueBatchInvalidProgress/negative_with_error (0.00s)
    --- PASS: TestSendQueueBatchInvalidProgress/over-offered_with_error (0.00s)
=== RUN   TestConnectionPathValidation
=== RUN   TestConnectionPathValidation/NAT_rebinding
=== RUN   TestConnectionPathValidation/intentional_migration
--- PASS: TestConnectionPathValidation (0.00s)
    --- PASS: TestConnectionPathValidation/NAT_rebinding (0.00s)
    --- PASS: TestConnectionPathValidation/intentional_migration (0.00s)
=== RUN   TestReceiveStreamResetStreamAtAfterReadOffset
--- PASS: TestReceiveStreamResetStreamAtAfterReadOffset (0.00s)
=== RUN   TestCoalescedRoutingInitialAndShortHeaderSiblings
--- PASS: TestCoalescedRoutingInitialAndShortHeaderSiblings (0.00s)
=== RUN   TestStreamsMap0RTTRejectionResetStreamAt
=== RUN   TestStreamsMap0RTTRejectionResetStreamAt/enabled:_false
=== RUN   TestStreamsMap0RTTRejectionResetStreamAt/enabled:_true
--- PASS: TestStreamsMap0RTTRejectionResetStreamAt (0.00s)
    --- PASS: TestStreamsMap0RTTRejectionResetStreamAt/enabled:_false (0.00s)
    --- PASS: TestStreamsMap0RTTRejectionResetStreamAt/enabled:_true (0.00s)
=== RUN   TestConnectionUnpacking
--- PASS: TestConnectionUnpacking (0.00s)
=== RUN   TestCoalescedRoutingQueueOverflowWithSiblingInFlight
--- PASS: TestCoalescedRoutingQueueOverflowWithSiblingInFlight (0.00s)
=== RUN   TestStreamsMapHandleSendStreamFrames
=== RUN   TestStreamsMapHandleSendStreamFrames/client
=== RUN   TestStreamsMapHandleSendStreamFrames/client/STOP_SENDING_frame
=== RUN   TestStreamsMapHandleSendStreamFrames/client/MAX_STREAM_DATA_frame
=== RUN   TestStreamsMapHandleSendStreamFrames/server
=== RUN   TestStreamsMapHandleSendStreamFrames/server/STOP_SENDING_frame
=== RUN   TestStreamsMapHandleSendStreamFrames/server/MAX_STREAM_DATA_frame
--- PASS: TestStreamsMapHandleSendStreamFrames (0.00s)
    --- PASS: TestStreamsMapHandleSendStreamFrames/client (0.00s)
        --- PASS: TestStreamsMapHandleSendStreamFrames/client/STOP_SENDING_frame (0.00s)
        --- PASS: TestStreamsMapHandleSendStreamFrames/client/MAX_STREAM_DATA_frame (0.00s)
    --- PASS: TestStreamsMapHandleSendStreamFrames/server (0.00s)
        --- PASS: TestStreamsMapHandleSendStreamFrames/server/STOP_SENDING_frame (0.00s)
        --- PASS: TestStreamsMapHandleSendStreamFrames/server/MAX_STREAM_DATA_frame (0.00s)
=== RUN   TestSendQueueBatchPartialAcceptanceMsgSizeFeedback
--- PASS: TestSendQueueBatchPartialAcceptanceMsgSizeFeedback (0.00s)
=== RUN   TestSendStreamWriteWithLimit
--- PASS: TestSendStreamWriteWithLimit (0.00s)
=== RUN   TestSendStreamTryWriteAll
--- PASS: TestSendStreamTryWriteAll (0.00s)
=== RUN   TestPackRetransmissions
--- PASS: TestPackRetransmissions (0.00s)
=== RUN   TestClosedLocalConnection
--- PASS: TestClosedLocalConnection (0.00s)
=== RUN   TestConnIDGeneratorAddConnRunner
--- PASS: TestConnIDGeneratorAddConnRunner (0.00s)
=== RUN   TestReceiveStreamDeadlineInThePast
=== RUN   TestReceiveStreamDeadlineInThePast/read
=== RUN   TestReceiveStreamDeadlineInThePast/peek
--- PASS: TestReceiveStreamDeadlineInThePast (0.00s)
    --- PASS: TestReceiveStreamDeadlineInThePast/read (0.00s)
    --- PASS: TestReceiveStreamDeadlineInThePast/peek (0.00s)
=== RUN   TestSendQueueBatchPartialAcceptance
--- PASS: TestSendQueueBatchPartialAcceptance (0.00s)
=== RUN   TestServerAdmissionLifetimeRetryResponse
--- PASS: TestServerAdmissionLifetimeRetryResponse (0.00s)
=== RUN   TestDatagramReceivePayloadOwnership
--- PASS: TestDatagramReceivePayloadOwnership (0.00s)
=== RUN   TestSendQueueSendProbe
--- PASS: TestSendQueueSendProbe (0.00s)
=== RUN   TestEmissionReceiveFairness
=== RUN   TestEmissionReceiveFairness/ordinary
=== RUN   TestEmissionReceiveFairness/GSO
--- PASS: TestEmissionReceiveFairness (0.00s)
    --- PASS: TestEmissionReceiveFairness/ordinary (0.00s)
    --- PASS: TestEmissionReceiveFairness/GSO (0.00s)
=== RUN   TestNonQUICQueueChargesOversizedView
--- PASS: TestNonQUICQueueChargesOversizedView (0.00s)
=== RUN   TestConnectionTransportParameters
--- PASS: TestConnectionTransportParameters (0.00s)
=== RUN   TestCryptoStreamManager
=== RUN   TestCryptoStreamManager/Initial
=== RUN   TestCryptoStreamManager/Handshake
=== RUN   TestCryptoStreamManager/1-RTT
--- PASS: TestCryptoStreamManager (0.00s)
    --- PASS: TestCryptoStreamManager/Initial (0.00s)
    --- PASS: TestCryptoStreamManager/Handshake (0.00s)
    --- PASS: TestCryptoStreamManager/1-RTT (0.00s)
=== RUN   TestHandshakeMTUFallbackInitialization
=== RUN   TestHandshakeMTUFallbackInitialization/healthy
=== RUN   TestHandshakeMTUFallbackInitialization/fallback
--- PASS: TestHandshakeMTUFallbackInitialization (0.00s)
    --- PASS: TestHandshakeMTUFallbackInitialization/healthy (0.00s)
    --- PASS: TestHandshakeMTUFallbackInitialization/fallback (0.00s)
=== RUN   FuzzFrameSorter
=== RUN   FuzzFrameSorter/seed#0
=== RUN   FuzzFrameSorter/seed#1
=== RUN   FuzzFrameSorter/seed#2
=== RUN   FuzzFrameSorter/seed#3
=== RUN   FuzzFrameSorter/seed#4
=== RUN   FuzzFrameSorter/seed#5
--- PASS: FuzzFrameSorter (0.00s)
    --- PASS: FuzzFrameSorter/seed#0 (0.00s)
    --- PASS: FuzzFrameSorter/seed#1 (0.00s)
    --- PASS: FuzzFrameSorter/seed#2 (0.00s)
    --- PASS: FuzzFrameSorter/seed#3 (0.00s)
    --- PASS: FuzzFrameSorter/seed#4 (0.00s)
    --- PASS: FuzzFrameSorter/seed#5 (0.00s)
=== RUN   FuzzFindSNI
=== RUN   FuzzFindSNI/seed#0
=== RUN   FuzzFindSNI/seed#1
=== RUN   FuzzFindSNI/seed#2
=== RUN   FuzzFindSNI/seed#3
--- PASS: FuzzFindSNI (0.00s)
    --- PASS: FuzzFindSNI/seed#0 (0.00s)
    --- PASS: FuzzFindSNI/seed#1 (0.00s)
    --- PASS: FuzzFindSNI/seed#2 (0.00s)
    --- PASS: FuzzFindSNI/seed#3 (0.00s)
PASS
coverage: 91.6% of statements
ok  	github.com/quic-go/quic-go	4.252s	coverage: 91.6% of statements
