-test.shuffle 1789160702392383000
=== RUN   TestUnpackShortHeaderEmptyPayload
--- PASS: TestUnpackShortHeaderEmptyPayload (0.00s)
=== RUN   TestSendConnRemoteAddrChange
--- PASS: TestSendConnRemoteAddrChange (0.00s)
=== RUN   TestConnIDManagerHandshakeCompletion
--- PASS: TestConnIDManagerHandshakeCompletion (0.00s)
=== RUN   TestSendStreamClose
--- PASS: TestSendStreamClose (0.00s)
=== RUN   TestPackInitialProbePacket
=== RUN   TestPackInitialProbePacket/client
=== RUN   TestPackInitialProbePacket/server
--- PASS: TestPackInitialProbePacket (0.00s)
    --- PASS: TestPackInitialProbePacket/client (0.00s)
    --- PASS: TestPackInitialProbePacket/server (0.00s)
=== RUN   TestPack0RTTPacket
--- PASS: TestPack0RTTPacket (0.00s)
=== RUN   TestConnectionIdleTimeoutDuringHandshake
--- PASS: TestConnectionIdleTimeoutDuringHandshake (0.00s)
=== RUN   TestTransportStatelessResetSending
--- PASS: TestTransportStatelessResetSending (0.00s)
=== RUN   TestAreConnsRunning
--- PASS: TestAreConnsRunning (0.00s)
=== RUN   TestCryptoStreamReceiveDataAfterFinish
--- PASS: TestCryptoStreamReceiveDataAfterFinish (0.00s)
=== RUN   TestConnectionLoggingStreamFrame
--- PASS: TestConnectionLoggingStreamFrame (0.00s)
=== RUN   TestConnectionVersionNegotiationNoMatch
--- PASS: TestConnectionVersionNegotiationNoMatch (0.00s)
=== RUN   TestListenAddr
--- PASS: TestListenAddr (0.00s)
=== RUN   TestConnectionLoggingDatagramFrame
--- PASS: TestConnectionLoggingDatagramFrame (0.00s)
=== RUN   TestReadECNFlagsDualStack
--- PASS: TestReadECNFlagsDualStack (0.00s)
=== RUN   TestFramerStreamDataBlocked
=== RUN   TestFramerStreamDataBlocked/small_STREAM_frame
=== RUN   TestFramerStreamDataBlocked/large_STREAM_frame
--- PASS: TestFramerStreamDataBlocked (0.00s)
    --- PASS: TestFramerStreamDataBlocked/small_STREAM_frame (0.00s)
    --- PASS: TestFramerStreamDataBlocked/large_STREAM_frame (0.00s)
=== RUN   TestFramerSplitsStreamRetransmissions
--- PASS: TestFramerSplitsStreamRetransmissions (0.00s)
=== RUN   TestProbeConstructorFailureLifetime
=== RUN   TestProbeConstructorFailureLifetime/path/append
=== RUN   TestProbeConstructorFailureLifetime/path/keys
=== RUN   TestProbeConstructorFailureLifetime/MTU/append
=== RUN   TestProbeConstructorFailureLifetime/MTU/keys
--- PASS: TestProbeConstructorFailureLifetime (0.00s)
    --- PASS: TestProbeConstructorFailureLifetime/path/append (0.00s)
    --- PASS: TestProbeConstructorFailureLifetime/path/keys (0.00s)
    --- PASS: TestProbeConstructorFailureLifetime/MTU/append (0.00s)
    --- PASS: TestProbeConstructorFailureLifetime/MTU/keys (0.00s)
=== RUN   TestCryptoStreamWrite
--- PASS: TestCryptoStreamWrite (0.00s)
=== RUN   TestTokenStoreUpdates
--- PASS: TestTokenStoreUpdates (0.00s)
=== RUN   TestFramerFillPacketMultipleStreams
--- PASS: TestFramerFillPacketMultipleStreams (0.02s)
=== RUN   TestConnectionVersionNegotiation
=== RUN   TestConnectionVersionNegotiation/before_Initial
=== RUN   TestConnectionVersionNegotiation/after_Initial
--- PASS: TestConnectionVersionNegotiation (0.00s)
    --- PASS: TestConnectionVersionNegotiation/before_Initial (0.00s)
    --- PASS: TestConnectionVersionNegotiation/after_Initial (0.00s)
=== RUN   TestSendStreamLargeWrites
--- PASS: TestSendStreamLargeWrites (0.00s)
=== RUN   TestUnpackLongHeaderIncorrectReservedBits
=== RUN   TestUnpackLongHeaderIncorrectReservedBits/decryption_fails
=== RUN   TestUnpackLongHeaderIncorrectReservedBits/decryption_fails/Initial
=== RUN   TestUnpackLongHeaderIncorrectReservedBits/decryption_fails/Handshake
=== RUN   TestUnpackLongHeaderIncorrectReservedBits/decryption_fails/0-RTT
=== RUN   TestUnpackLongHeaderIncorrectReservedBits/decryption_succeeds
=== RUN   TestUnpackLongHeaderIncorrectReservedBits/decryption_succeeds/Initial
=== RUN   TestUnpackLongHeaderIncorrectReservedBits/decryption_succeeds/Handshake
=== RUN   TestUnpackLongHeaderIncorrectReservedBits/decryption_succeeds/0-RTT
--- PASS: TestUnpackLongHeaderIncorrectReservedBits (0.00s)
    --- PASS: TestUnpackLongHeaderIncorrectReservedBits/decryption_fails (0.00s)
        --- PASS: TestUnpackLongHeaderIncorrectReservedBits/decryption_fails/Initial (0.00s)
        --- PASS: TestUnpackLongHeaderIncorrectReservedBits/decryption_fails/Handshake (0.00s)
        --- PASS: TestUnpackLongHeaderIncorrectReservedBits/decryption_fails/0-RTT (0.00s)
    --- PASS: TestUnpackLongHeaderIncorrectReservedBits/decryption_succeeds (0.00s)
        --- PASS: TestUnpackLongHeaderIncorrectReservedBits/decryption_succeeds/Initial (0.00s)
        --- PASS: TestUnpackLongHeaderIncorrectReservedBits/decryption_succeeds/Handshake (0.00s)
        --- PASS: TestUnpackLongHeaderIncorrectReservedBits/decryption_succeeds/0-RTT (0.00s)
=== RUN   TestConnIDManagerPathMigration
--- PASS: TestConnIDManagerPathMigration (0.00s)
=== RUN   TestServerPacketDropping
=== RUN   TestServerPacketDropping/destination_connection_ID_too_short
=== RUN   TestServerPacketDropping/Initial_packet_too_small
=== RUN   TestServerPacketDropping/packet_of_unknown_version,_too_small
=== RUN   TestServerPacketDropping/not_an_Initial_packet
=== RUN   TestServerPacketDropping/Version_Negotiation_packet
--- PASS: TestServerPacketDropping (0.26s)
    --- PASS: TestServerPacketDropping/destination_connection_ID_too_short (0.05s)
    --- PASS: TestServerPacketDropping/Initial_packet_too_small (0.05s)
    --- PASS: TestServerPacketDropping/packet_of_unknown_version,_too_small (0.05s)
    --- PASS: TestServerPacketDropping/not_an_Initial_packet (0.05s)
    --- PASS: TestServerPacketDropping/Version_Negotiation_packet (0.05s)
=== RUN   TestFrameSorterPeek
--- PASS: TestFrameSorterPeek (0.00s)
=== RUN   TestSendStreamWriteAfterTryWriteAll
--- PASS: TestSendStreamWriteAfterTryWriteAll (0.00s)
=== RUN   TestReadECNFlagsIPv6
--- PASS: TestReadECNFlagsIPv6 (0.00s)
=== RUN   TestSendStreamResetStreamAtCancelAfterSend
--- PASS: TestSendStreamResetStreamAtCancelAfterSend (0.00s)
=== RUN   TestTransportUnparseableQUICPackets
--- PASS: TestTransportUnparseableQUICPackets (0.00s)
=== RUN   TestTransportDialingVersionNegotiation
--- PASS: TestTransportDialingVersionNegotiation (0.00s)
=== RUN   TestCoalescedRetentionUnprocessedQueueWiring
--- PASS: TestCoalescedRetentionUnprocessedQueueWiring (0.00s)
=== RUN   TestListenerReleasesReadBuffers
--- PASS: TestListenerReleasesReadBuffers (0.00s)
=== RUN   TestPathManagerOutgoingRepeatedSuccessfulProbes
--- PASS: TestPathManagerOutgoingRepeatedSuccessfulProbes (0.00s)
=== RUN   TestTokenStoreMultipleOrigins
--- PASS: TestTokenStoreMultipleOrigins (0.00s)
=== RUN   TestConnectionReceiveLifetimeRejectedRetention
--- PASS: TestConnectionReceiveLifetimeRejectedRetention (0.00s)
=== RUN   TestTransportDial
=== RUN   TestTransportDial/regular
=== RUN   TestTransportDial/early
--- PASS: TestTransportDial (0.00s)
    --- PASS: TestTransportDial/regular (0.00s)
    --- PASS: TestTransportDial/early (0.00s)
=== RUN   TestConnectionReceiveLifetimeVersionNegotiation
--- PASS: TestConnectionReceiveLifetimeVersionNegotiation (0.00s)
=== RUN   TestStreamReceiveFinalSizeCallback
--- PASS: TestStreamReceiveFinalSizeCallback (0.00s)
=== RUN   TestStreamAbandoning
--- PASS: TestStreamAbandoning (0.00s)
=== RUN   TestCryptoStreamManagerFinishEncryptionLevel
=== RUN   TestCryptoStreamManagerFinishEncryptionLevel/Initial
=== RUN   TestCryptoStreamManagerFinishEncryptionLevel/Handshake
--- PASS: TestCryptoStreamManagerFinishEncryptionLevel (0.00s)
    --- PASS: TestCryptoStreamManagerFinishEncryptionLevel/Initial (0.00s)
    --- PASS: TestCryptoStreamManagerFinishEncryptionLevel/Handshake (0.00s)
=== RUN   TestEmissionCloseRetainedLifetime
=== RUN   TestEmissionCloseRetainedLifetime/success
=== RUN   TestEmissionCloseRetainedLifetime/write-error
--- PASS: TestEmissionCloseRetainedLifetime (0.00s)
    --- PASS: TestEmissionCloseRetainedLifetime/success (0.00s)
    --- PASS: TestEmissionCloseRetainedLifetime/write-error (0.00s)
=== RUN   TestReceiveStreamPeekData
--- PASS: TestReceiveStreamPeekData (0.00s)
=== RUN   TestConnectionFinishesCryptoStreamWhenReadKeysBecomeAvailable
=== RUN   TestConnectionFinishesCryptoStreamWhenReadKeysBecomeAvailable/EventReceivedHandshakeReadKeys
=== RUN   TestConnectionFinishesCryptoStreamWhenReadKeysBecomeAvailable/EventReceived1RTTReadKeys
--- PASS: TestConnectionFinishesCryptoStreamWhenReadKeysBecomeAvailable (0.00s)
    --- PASS: TestConnectionFinishesCryptoStreamWhenReadKeysBecomeAvailable/EventReceivedHandshakeReadKeys (0.00s)
    --- PASS: TestConnectionFinishesCryptoStreamWhenReadKeysBecomeAvailable/EventReceived1RTTReadKeys (0.00s)
=== RUN   TestConnectionUnpackCoalescedPacket
--- PASS: TestConnectionUnpackCoalescedPacket (0.00s)
=== RUN   TestClientHelloFixtureCleanup
=== RUN   TestClientHelloFixtureCleanup/plain
=== RUN   TestClientHelloFixtureCleanup/ECH
--- PASS: TestClientHelloFixtureCleanup (0.02s)
    --- PASS: TestClientHelloFixtureCleanup/plain (0.01s)
    --- PASS: TestClientHelloFixtureCleanup/ECH (0.01s)
=== RUN   TestPackHandshakeProbePacket
=== RUN   TestPackHandshakeProbePacket/client
=== RUN   TestPackHandshakeProbePacket/server
--- PASS: TestPackHandshakeProbePacket (0.00s)
    --- PASS: TestPackHandshakeProbePacket/client (0.00s)
    --- PASS: TestPackHandshakeProbePacket/server (0.00s)
=== RUN   TestCoalescedSlabOversizedRetention
--- PASS: TestCoalescedSlabOversizedRetention (0.00s)
=== RUN   TestFramerStreamControlFrames
--- PASS: TestFramerStreamControlFrames (0.00s)
=== RUN   TestSysConnPacketInfoDualStack
--- PASS: TestSysConnPacketInfoDualStack (0.00s)
=== RUN   TestFramerControlFrameSizing
--- PASS: TestFramerControlFrameSizing (0.00s)
=== RUN   TestStreamsMap0RTT
--- PASS: TestStreamsMap0RTT (0.00s)
=== RUN   TestConnectionACKTimer
--- PASS: TestConnectionACKTimer (0.00s)
=== RUN   TestFindSNI
=== RUN   TestFindSNI/without_SNI
=== RUN   TestFindSNI/without_subdomain
=== RUN   TestFindSNI/with_subdomain
--- PASS: TestFindSNI (0.00s)
    --- PASS: TestFindSNI/without_SNI (0.00s)
    --- PASS: TestFindSNI/without_subdomain (0.00s)
    --- PASS: TestFindSNI/with_subdomain (0.00s)
=== RUN   TestUnpackShortHeaderPacket
--- PASS: TestUnpackShortHeaderPacket (0.00s)
=== RUN   TestConnectionRetainedLifetimeOverflow
--- PASS: TestConnectionRetainedLifetimeOverflow (0.00s)
=== RUN   TestSendStreamCopyData
--- PASS: TestSendStreamCopyData (0.00s)
=== RUN   TestStreamCompletion
=== RUN   TestStreamCompletion/first_read,_then_write
=== RUN   TestStreamCompletion/first_write,_then_read
--- PASS: TestStreamCompletion (0.00s)
    --- PASS: TestStreamCompletion/first_read,_then_write (0.00s)
    --- PASS: TestStreamCompletion/first_write,_then_read (0.00s)
=== RUN   TestConnectionHandshakeClient
=== RUN   TestConnectionHandshakeClient/without_preferred_address
=== RUN   TestConnectionHandshakeClient/with_preferred_address
--- PASS: TestConnectionHandshakeClient (0.00s)
    --- PASS: TestConnectionHandshakeClient/without_preferred_address (0.00s)
    --- PASS: TestConnectionHandshakeClient/with_preferred_address (0.00s)
=== RUN   TestConnectionClientDrop0RTT
--- PASS: TestConnectionClientDrop0RTT (0.00s)
=== RUN   TestReceiveStreamDeadlineRemoval
=== RUN   TestReceiveStreamDeadlineRemoval/read
=== RUN   TestReceiveStreamDeadlineRemoval/peek
--- PASS: TestReceiveStreamDeadlineRemoval (0.00s)
    --- PASS: TestReceiveStreamDeadlineRemoval/read (0.00s)
    --- PASS: TestReceiveStreamDeadlineRemoval/peek (0.00s)
=== RUN   TestConnectionReceivePrioritization
=== RUN   TestConnectionReceivePrioritization/handshake_complete:_true
=== RUN   TestConnectionReceivePrioritization/handshake_complete:_false
--- PASS: TestConnectionReceivePrioritization (0.00s)
    --- PASS: TestConnectionReceivePrioritization/handshake_complete:_true (0.00s)
    --- PASS: TestConnectionReceivePrioritization/handshake_complete:_false (0.00s)
=== RUN   TestConnectionGSOBatch
--- PASS: TestConnectionGSOBatch (0.00s)
=== RUN   TestStreamsMapCreatingStreams
=== RUN   TestStreamsMapCreatingStreams/client
=== RUN   TestStreamsMapCreatingStreams/server
--- PASS: TestStreamsMapCreatingStreams (0.00s)
    --- PASS: TestStreamsMapCreatingStreams/client (0.00s)
    --- PASS: TestStreamsMapCreatingStreams/server (0.00s)
=== RUN   TestConfigHandshakeIdleTimeout
--- PASS: TestConfigHandshakeIdleTimeout (0.00s)
=== RUN   TestPack1RTTProbePacket
--- PASS: TestPack1RTTProbePacket (0.00s)
=== RUN   TestCryptoStreamManagerPostHandshake
--- PASS: TestCryptoStreamManagerPostHandshake (0.00s)
=== RUN   TestSendStreamSetReliableBoundaryAfterTryWriteAll
--- PASS: TestSendStreamSetReliableBoundaryAfterTryWriteAll (0.00s)
=== RUN   TestFramerControlFrames
--- PASS: TestFramerControlFrames (0.00s)
=== RUN   TestPackEvery20thPacketAckEliciting
--- PASS: TestPackEvery20thPacketAckEliciting (0.00s)
=== RUN   TestPack1RTTPacketWithACK
--- PASS: TestPack1RTTPacketWithACK (0.00s)
=== RUN   TestReceiveStreamImmediateFINs
--- PASS: TestReceiveStreamImmediateFINs (0.00s)
=== RUN   TestOversizedViewChargeTransfersAcrossOwners
--- PASS: TestOversizedViewChargeTransfersAcrossOwners (0.00s)
=== RUN   TestSendStreamTryWriteAllFlowControlBlocked
--- PASS: TestSendStreamTryWriteAllFlowControlBlocked (0.00s)
=== RUN   TestServerGetConfigForClientReject
--- PASS: TestServerGetConfigForClientReject (0.00s)
=== RUN   TestReceiveStreamCancelReadAfterFIN
=== RUN   TestReceiveStreamCancelReadAfterFIN/FIN_not_read
=== RUN   TestReceiveStreamCancelReadAfterFIN/FIN_read
--- PASS: TestReceiveStreamCancelReadAfterFIN (0.00s)
    --- PASS: TestReceiveStreamCancelReadAfterFIN/FIN_not_read (0.00s)
    --- PASS: TestReceiveStreamCancelReadAfterFIN/FIN_read (0.00s)
=== RUN   TestConnectionLoggingStartedConnectionEvent
=== RUN   TestConnectionLoggingStartedConnectionEvent/unspecified_local,_remote_IPv4_->_0.0.0.0
=== RUN   TestConnectionLoggingStartedConnectionEvent/unspecified_local,_remote_IPv6_->_::
=== RUN   TestConnectionLoggingStartedConnectionEvent/specified_local_IPv4
=== RUN   TestConnectionLoggingStartedConnectionEvent/specified_local_IPv6
--- PASS: TestConnectionLoggingStartedConnectionEvent (0.00s)
    --- PASS: TestConnectionLoggingStartedConnectionEvent/unspecified_local,_remote_IPv4_->_0.0.0.0 (0.00s)
    --- PASS: TestConnectionLoggingStartedConnectionEvent/unspecified_local,_remote_IPv6_->_:: (0.00s)
    --- PASS: TestConnectionLoggingStartedConnectionEvent/specified_local_IPv4 (0.00s)
    --- PASS: TestConnectionLoggingStartedConnectionEvent/specified_local_IPv6 (0.00s)
=== RUN   TestConnectionStatelessReset
--- PASS: TestConnectionStatelessReset (0.00s)
=== RUN   TestConnectionUnpacking
--- PASS: TestConnectionUnpacking (0.00s)
=== RUN   TestStreamsMap0RTTResetStreamAt
=== RUN   TestStreamsMap0RTTResetStreamAt/enabled:_false
=== RUN   TestStreamsMap0RTTResetStreamAt/enabled:_true
--- PASS: TestStreamsMap0RTTResetStreamAt (0.00s)
    --- PASS: TestStreamsMap0RTTResetStreamAt/enabled:_false (0.00s)
    --- PASS: TestStreamsMap0RTTResetStreamAt/enabled:_true (0.00s)
=== RUN   TestTransportTerminalLifetimeNonQUICRead
=== RUN   TestTransportTerminalLifetimeNonQUICRead/8
=== RUN   TestTransportTerminalLifetimeNonQUICRead/2
--- PASS: TestTransportTerminalLifetimeNonQUICRead (0.00s)
    --- PASS: TestTransportTerminalLifetimeNonQUICRead/8 (0.00s)
    --- PASS: TestTransportTerminalLifetimeNonQUICRead/2 (0.00s)
=== RUN   TestSendStreamConcurrentWriteAndCancel
--- PASS: TestSendStreamConcurrentWriteAndCancel (0.00s)
=== RUN   TestServerClose
--- PASS: TestServerClose (0.00s)
=== RUN   TestConfigDefaultValues
--- PASS: TestConfigDefaultValues (0.00s)
=== RUN   TestSysConnPacketInfoIPv6
--- PASS: TestSysConnPacketInfoIPv6 (0.00s)
=== RUN   TestSendConnLocalAndRemoteAddress
--- PASS: TestSendConnLocalAndRemoteAddress (0.00s)
=== RUN   TestSendQueueHandshakeMTUDrain
--- PASS: TestSendQueueHandshakeMTUDrain (0.00s)
=== RUN   TestTransportPacketHandling
--- PASS: TestTransportPacketHandling (0.00s)
=== RUN   TestDatagramQueueClose
--- PASS: TestDatagramQueueClose (0.00s)
=== RUN   TestConnIDGeneratorAddConnRunner
--- PASS: TestConnIDGeneratorAddConnRunner (0.00s)
=== RUN   TestTransportTerminalLifetimeReset
--- PASS: TestTransportTerminalLifetimeReset (0.00s)
=== RUN   TestFramerSchedulesNonIncrementalStreams
--- PASS: TestFramerSchedulesNonIncrementalStreams (0.00s)
=== RUN   TestConfigClone
=== RUN   TestConfigClone/function_fields
=== RUN   TestConfigClone/non-function_fields
=== RUN   TestConfigClone/returns_a_copy
--- PASS: TestConfigClone (0.00s)
    --- PASS: TestConfigClone/function_fields (0.00s)
    --- PASS: TestConfigClone/non-function_fields (0.00s)
    --- PASS: TestConfigClone/returns_a_copy (0.00s)
=== RUN   TestReceiveStreamReadOverlappingData
--- PASS: TestReceiveStreamReadOverlappingData (0.00s)
=== RUN   TestHandshakeMTUFallbackBeforePacking
--- PASS: TestHandshakeMTUFallbackBeforePacking (0.00s)
=== RUN   TestTransportTerminalLifetime
=== RUN   TestTransportTerminalLifetime/empty_without_buffer
=== RUN   TestTransportTerminalLifetime/empty
=== RUN   TestTransportTerminalLifetime/connection_id_rejection
=== RUN   TestTransportTerminalLifetime/no_server
--- PASS: TestTransportTerminalLifetime (0.00s)
    --- PASS: TestTransportTerminalLifetime/empty_without_buffer (0.00s)
    --- PASS: TestTransportTerminalLifetime/empty (0.00s)
    --- PASS: TestTransportTerminalLifetime/connection_id_rejection (0.00s)
    --- PASS: TestTransportTerminalLifetime/no_server (0.00s)
=== RUN   TestTransportSetTLSConfigServerName
=== RUN   TestTransportSetTLSConfigServerName/uses_the_value_from_the_config
=== RUN   TestTransportSetTLSConfigServerName/uses_the_hostname
=== RUN   TestTransportSetTLSConfigServerName/removes_the_port_from_the_hostname
=== RUN   TestTransportSetTLSConfigServerName/uses_the_IP
--- PASS: TestTransportSetTLSConfigServerName (0.00s)
    --- PASS: TestTransportSetTLSConfigServerName/uses_the_value_from_the_config (0.00s)
    --- PASS: TestTransportSetTLSConfigServerName/uses_the_hostname (0.00s)
    --- PASS: TestTransportSetTLSConfigServerName/removes_the_port_from_the_hostname (0.00s)
    --- PASS: TestTransportSetTLSConfigServerName/uses_the_IP (0.00s)
=== RUN   TestConnectionTransportParameterValidationFailureServer
--- PASS: TestConnectionTransportParameterValidationFailureServer (0.00s)
=== RUN   TestReceiveStreamConcurrentReads
--- PASS: TestReceiveStreamConcurrentReads (0.00s)
=== RUN   TestMTUDiscovererWithRandomLoss
=== RUN   TestMTUDiscovererWithRandomLoss/test_0
    mtu_discoverer_test.go:160: MTU: 1393, max: 1696
    mtu_discoverer_test.go:197: MTU discovered with random losses [1391 1388]: 1386 (diff: 7)
    mtu_discoverer_test.go:198: probes sent (13): [1348 1522 1435 1391 1369 1445 1380 1412 1385 1410 1388 1386 1398]
=== RUN   TestMTUDiscovererWithRandomLoss/test_1
    mtu_discoverer_test.go:160: MTU: 1346, max: 1484
    mtu_discoverer_test.go:197: MTU discovered with random losses [1332 1343]: 1341 (diff: 5)
    mtu_discoverer_test.go:198: probes sent (11): [1242 1363 1302 1393 1332 1317 1355 1324 1343 1328 1341]
=== RUN   TestMTUDiscovererWithRandomLoss/test_2
    mtu_discoverer_test.go:160: MTU: 1277, max: 2223
    mtu_discoverer_test.go:197: MTU discovered with random losses [1152 1076]: 1275 (diff: 2)
    mtu_discoverer_test.go:198: probes sent (12): [1611 1305 1152 1076 1038 1171 1238 1271 1288 1279 1275 1290]
=== RUN   TestMTUDiscovererWithRandomLoss/test_3
    mtu_discoverer_test.go:160: MTU: 1262, max: 1539
    mtu_discoverer_test.go:197: MTU discovered with random losses []: 1260 (diff: 2)
    mtu_discoverer_test.go:198: probes sent (12): [1269 1134 1336 1201 1370 1235 1302 1252 1294 1260 1281 1264]
=== RUN   TestMTUDiscovererWithRandomLoss/test_4
    mtu_discoverer_test.go:160: MTU: 1661, max: 2271
    mtu_discoverer_test.go:197: MTU discovered with random losses [1661]: 1659 (diff: 2)
    mtu_discoverer_test.go:198: probes sent (11): [1635 1953 1794 1714 1674 1654 1724 1664 1659 1686 1661]
--- PASS: TestMTUDiscovererWithRandomLoss (0.00s)
    --- PASS: TestMTUDiscovererWithRandomLoss/test_0 (0.00s)
    --- PASS: TestMTUDiscovererWithRandomLoss/test_1 (0.00s)
    --- PASS: TestMTUDiscovererWithRandomLoss/test_2 (0.00s)
    --- PASS: TestMTUDiscovererWithRandomLoss/test_3 (0.00s)
    --- PASS: TestMTUDiscovererWithRandomLoss/test_4 (0.00s)
=== RUN   TestFramerPrioritizesStreamRetransmissions
--- PASS: TestFramerPrioritizesStreamRetransmissions (0.00s)
=== RUN   TestCoalescedConstructorFailureLifetime
--- PASS: TestCoalescedConstructorFailureLifetime (0.00s)
=== RUN   TestServerZeroRTTLifetimeRefusal
=== RUN   TestServerZeroRTTLifetimeRefusal/config
=== RUN   TestServerZeroRTTLifetimeRefusal/context
--- PASS: TestServerZeroRTTLifetimeRefusal (0.00s)
    --- PASS: TestServerZeroRTTLifetimeRefusal/config (0.00s)
    --- PASS: TestServerZeroRTTLifetimeRefusal/context (0.00s)
=== RUN   TestServerInitialLifetimeGenerationError
=== RUN   TestServerInitialLifetimeGenerationError/construction_cause
=== RUN   TestServerInitialLifetimeGenerationError/preserve_cause
--- PASS: TestServerInitialLifetimeGenerationError (0.00s)
    --- PASS: TestServerInitialLifetimeGenerationError/construction_cause (0.00s)
    --- PASS: TestServerInitialLifetimeGenerationError/preserve_cause (0.00s)
=== RUN   TestInitialCryptoStreamClientRandomizedSizes
=== RUN   TestInitialCryptoStreamClientRandomizedSizes/run_0
    crypto_stream_test.go:225: using a ClientHello without ECH, hostname: ""
    crypto_stream_test.go:273: received 1 frames
    crypto_stream_test.go:276: offset 0: 333 bytes
=== RUN   TestInitialCryptoStreamClientRandomizedSizes/run_1
    crypto_stream_test.go:225: using a ClientHello without ECH, hostname: "dztx.lebhhtgnngs"
    crypto_stream_test.go:273: received 11 frames
    crypto_stream_test.go:276: offset 0: 25 bytes
    crypto_stream_test.go:276: offset 25: 13 bytes
    crypto_stream_test.go:276: offset 38: 30 bytes
    crypto_stream_test.go:276: offset 76: 235 bytes
    crypto_stream_test.go:276: offset 311: 21 bytes
    crypto_stream_test.go:276: offset 332: 28 bytes
    crypto_stream_test.go:276: offset 360: 27 bytes
    crypto_stream_test.go:276: offset 387: 25 bytes
    crypto_stream_test.go:276: offset 412: 14 bytes
    crypto_stream_test.go:276: offset 68: 8 bytes
    crypto_stream_test.go:276: offset 426: 6 bytes
=== RUN   TestInitialCryptoStreamClientRandomizedSizes/run_2
    crypto_stream_test.go:230: using a ClientHello with ECH, hostname: "uragyc.aggxwfd.hqid.zokw"
    crypto_stream_test.go:273: received 27 frames
    crypto_stream_test.go:276: offset 0: 34 bytes
    crypto_stream_test.go:276: offset 34: 1 bytes
    crypto_stream_test.go:276: offset 35: 5 bytes
    crypto_stream_test.go:276: offset 40: 32 bytes
    crypto_stream_test.go:276: offset 84: 1 bytes
    crypto_stream_test.go:276: offset 85: 140 bytes
    crypto_stream_test.go:276: offset 241: 4 bytes
    crypto_stream_test.go:276: offset 245: 19 bytes
    crypto_stream_test.go:276: offset 264: 13 bytes
    crypto_stream_test.go:276: offset 277: 26 bytes
    crypto_stream_test.go:276: offset 303: 1 bytes
    crypto_stream_test.go:276: offset 304: 5 bytes
    crypto_stream_test.go:276: offset 309: 14 bytes
    crypto_stream_test.go:276: offset 323: 15 bytes
    crypto_stream_test.go:276: offset 338: 22 bytes
    crypto_stream_test.go:276: offset 360: 9 bytes
    crypto_stream_test.go:276: offset 369: 138 bytes
    crypto_stream_test.go:276: offset 507: 142 bytes
    crypto_stream_test.go:276: offset 649: 23 bytes
    crypto_stream_test.go:276: offset 672: 2 bytes
    crypto_stream_test.go:276: offset 674: 3 bytes
    crypto_stream_test.go:276: offset 677: 26 bytes
    crypto_stream_test.go:276: offset 72: 8 bytes
    crypto_stream_test.go:276: offset 80: 4 bytes
    crypto_stream_test.go:276: offset 225: 6 bytes
    crypto_stream_test.go:276: offset 231: 10 bytes
    crypto_stream_test.go:276: offset 703: 6 bytes
=== RUN   TestInitialCryptoStreamClientRandomizedSizes/run_3
    crypto_stream_test.go:230: using a ClientHello with ECH, hostname: "uug.wugk.gckl"
    crypto_stream_test.go:273: received 20 frames
    crypto_stream_test.go:276: offset 0: 66 bytes
    crypto_stream_test.go:276: offset 73: 15 bytes
    crypto_stream_test.go:276: offset 88: 11 bytes
    crypto_stream_test.go:276: offset 99: 48 bytes
    crypto_stream_test.go:276: offset 147: 120 bytes
    crypto_stream_test.go:276: offset 283: 15 bytes
    crypto_stream_test.go:276: offset 298: 18 bytes
    crypto_stream_test.go:276: offset 316: 234 bytes
    crypto_stream_test.go:276: offset 550: 8 bytes
    crypto_stream_test.go:276: offset 558: 8 bytes
    crypto_stream_test.go:276: offset 566: 6 bytes
    crypto_stream_test.go:276: offset 572: 28 bytes
    crypto_stream_test.go:276: offset 600: 131 bytes
    crypto_stream_test.go:276: offset 731: 24 bytes
    crypto_stream_test.go:276: offset 755: 2 bytes
    crypto_stream_test.go:276: offset 757: 52 bytes
    crypto_stream_test.go:276: offset 66: 7 bytes
    crypto_stream_test.go:276: offset 267: 10 bytes
    crypto_stream_test.go:276: offset 277: 6 bytes
    crypto_stream_test.go:276: offset 809: 6 bytes
=== RUN   TestInitialCryptoStreamClientRandomizedSizes/run_4
    crypto_stream_test.go:225: using a ClientHello without ECH, hostname: ""
    crypto_stream_test.go:273: received 13 frames
    crypto_stream_test.go:276: offset 0: 5 bytes
    crypto_stream_test.go:276: offset 5: 28 bytes
    crypto_stream_test.go:276: offset 33: 9 bytes
    crypto_stream_test.go:276: offset 42: 13 bytes
    crypto_stream_test.go:276: offset 55: 3 bytes
    crypto_stream_test.go:276: offset 58: 44 bytes
    crypto_stream_test.go:276: offset 102: 27 bytes
    crypto_stream_test.go:276: offset 129: 7 bytes
    crypto_stream_test.go:276: offset 136: 24 bytes
    crypto_stream_test.go:276: offset 160: 188 bytes
    crypto_stream_test.go:276: offset 348: 10 bytes
    crypto_stream_test.go:276: offset 358: 1 bytes
    crypto_stream_test.go:276: offset 359: 49 bytes
=== RUN   TestInitialCryptoStreamClientRandomizedSizes/run_5
    crypto_stream_test.go:225: using a ClientHello without ECH, hostname: "ntjgwvk.owquqb"
    crypto_stream_test.go:273: received 13 frames
    crypto_stream_test.go:276: offset 0: 12 bytes
    crypto_stream_test.go:276: offset 12: 27 bytes
    crypto_stream_test.go:276: offset 39: 5 bytes
    crypto_stream_test.go:276: offset 44: 16 bytes
    crypto_stream_test.go:276: offset 60: 2 bytes
    crypto_stream_test.go:276: offset 62: 5 bytes
    crypto_stream_test.go:276: offset 74: 3 bytes
    crypto_stream_test.go:276: offset 77: 101 bytes
    crypto_stream_test.go:276: offset 178: 74 bytes
    crypto_stream_test.go:276: offset 252: 93 bytes
    crypto_stream_test.go:276: offset 67: 3 bytes
    crypto_stream_test.go:276: offset 70: 4 bytes
    crypto_stream_test.go:276: offset 345: 6 bytes
=== RUN   TestInitialCryptoStreamClientRandomizedSizes/run_6
    crypto_stream_test.go:225: using a ClientHello without ECH, hostname: ""
    crypto_stream_test.go:273: received 6 frames
    crypto_stream_test.go:276: offset 0: 16 bytes
    crypto_stream_test.go:276: offset 16: 1 bytes
    crypto_stream_test.go:276: offset 17: 29 bytes
    crypto_stream_test.go:276: offset 46: 15 bytes
    crypto_stream_test.go:276: offset 61: 22 bytes
    crypto_stream_test.go:276: offset 83: 313 bytes
=== RUN   TestInitialCryptoStreamClientRandomizedSizes/run_7
    crypto_stream_test.go:230: using a ClientHello with ECH, hostname: "p.jbrh.afoyr"
    crypto_stream_test.go:273: received 15 frames
    crypto_stream_test.go:276: offset 0: 66 bytes
    crypto_stream_test.go:276: offset 72: 9 bytes
    crypto_stream_test.go:276: offset 81: 4 bytes
    crypto_stream_test.go:276: offset 85: 16 bytes
    crypto_stream_test.go:276: offset 101: 14 bytes
    crypto_stream_test.go:276: offset 115: 4 bytes
    crypto_stream_test.go:276: offset 119: 24 bytes
    crypto_stream_test.go:276: offset 159: 14 bytes
    crypto_stream_test.go:276: offset 173: 13 bytes
    crypto_stream_test.go:276: offset 186: 321 bytes
    crypto_stream_test.go:276: offset 507: 50 bytes
    crypto_stream_test.go:276: offset 66: 6 bytes
    crypto_stream_test.go:276: offset 143: 2 bytes
    crypto_stream_test.go:276: offset 145: 14 bytes
    crypto_stream_test.go:276: offset 557: 6 bytes
=== RUN   TestInitialCryptoStreamClientRandomizedSizes/run_8
    crypto_stream_test.go:225: using a ClientHello without ECH, hostname: "nyjnnf.c.f.vonoi.hks.myjm"
    crypto_stream_test.go:273: received 5 frames
    crypto_stream_test.go:276: offset 0: 72 bytes
    crypto_stream_test.go:276: offset 85: 194 bytes
    crypto_stream_test.go:276: offset 279: 72 bytes
    crypto_stream_test.go:276: offset 72: 13 bytes
    crypto_stream_test.go:276: offset 351: 6 bytes
=== RUN   TestInitialCryptoStreamClientRandomizedSizes/run_9
    crypto_stream_test.go:225: using a ClientHello without ECH, hostname: ""
    crypto_stream_test.go:273: received 9 frames
    crypto_stream_test.go:276: offset 0: 2 bytes
    crypto_stream_test.go:276: offset 2: 22 bytes
    crypto_stream_test.go:276: offset 24: 28 bytes
    crypto_stream_test.go:276: offset 52: 25 bytes
    crypto_stream_test.go:276: offset 77: 8 bytes
    crypto_stream_test.go:276: offset 85: 27 bytes
    crypto_stream_test.go:276: offset 112: 4 bytes
    crypto_stream_test.go:276: offset 116: 230 bytes
    crypto_stream_test.go:276: offset 346: 77 bytes
=== RUN   TestInitialCryptoStreamClientRandomizedSizes/run_10
    crypto_stream_test.go:230: using a ClientHello with ECH, hostname: "qk.z.ouoigrned.wm.ooez.sf"
    crypto_stream_test.go:273: received 21 frames
    crypto_stream_test.go:276: offset 0: 5 bytes
    crypto_stream_test.go:276: offset 5: 67 bytes
    crypto_stream_test.go:276: offset 85: 13 bytes
    crypto_stream_test.go:276: offset 98: 107 bytes
    crypto_stream_test.go:276: offset 221: 1 bytes
    crypto_stream_test.go:276: offset 222: 22 bytes
    crypto_stream_test.go:276: offset 244: 1 bytes
    crypto_stream_test.go:276: offset 245: 2 bytes
    crypto_stream_test.go:276: offset 247: 171 bytes
    crypto_stream_test.go:276: offset 418: 26 bytes
    crypto_stream_test.go:276: offset 444: 13 bytes
    crypto_stream_test.go:276: offset 457: 53 bytes
    crypto_stream_test.go:276: offset 510: 24 bytes
    crypto_stream_test.go:276: offset 534: 6 bytes
    crypto_stream_test.go:276: offset 540: 17 bytes
    crypto_stream_test.go:276: offset 557: 26 bytes
    crypto_stream_test.go:276: offset 583: 100 bytes
    crypto_stream_test.go:276: offset 72: 9 bytes
    crypto_stream_test.go:276: offset 81: 4 bytes
    crypto_stream_test.go:276: offset 205: 16 bytes
    crypto_stream_test.go:276: offset 683: 6 bytes
=== RUN   TestInitialCryptoStreamClientRandomizedSizes/run_11
    crypto_stream_test.go:225: using a ClientHello without ECH, hostname: ""
    crypto_stream_test.go:273: received 4 frames
    crypto_stream_test.go:276: offset 0: 8 bytes
    crypto_stream_test.go:276: offset 8: 13 bytes
    crypto_stream_test.go:276: offset 21: 2 bytes
    crypto_stream_test.go:276: offset 23: 278 bytes
=== RUN   TestInitialCryptoStreamClientRandomizedSizes/run_12
    crypto_stream_test.go:225: using a ClientHello without ECH, hostname: ""
    crypto_stream_test.go:273: received 3 frames
    crypto_stream_test.go:276: offset 0: 9 bytes
    crypto_stream_test.go:276: offset 9: 13 bytes
    crypto_stream_test.go:276: offset 22: 394 bytes
=== RUN   TestInitialCryptoStreamClientRandomizedSizes/run_13
    crypto_stream_test.go:230: using a ClientHello with ECH, hostname: "uwcaj.bkttr.dzpqcyx.isu"
    crypto_stream_test.go:273: received 28 frames
    crypto_stream_test.go:276: offset 0: 1 bytes
    crypto_stream_test.go:276: offset 1: 4 bytes
    crypto_stream_test.go:276: offset 5: 6 bytes
    crypto_stream_test.go:276: offset 11: 2 bytes
    crypto_stream_test.go:276: offset 13: 1 bytes
    crypto_stream_test.go:276: offset 14: 57 bytes
    crypto_stream_test.go:276: offset 83: 15 bytes
    crypto_stream_test.go:276: offset 98: 8 bytes
    crypto_stream_test.go:276: offset 106: 7 bytes
    crypto_stream_test.go:276: offset 113: 2 bytes
    crypto_stream_test.go:276: offset 115: 4 bytes
    crypto_stream_test.go:276: offset 135: 6 bytes
    crypto_stream_test.go:276: offset 141: 220 bytes
    crypto_stream_test.go:276: offset 361: 19 bytes
    crypto_stream_test.go:276: offset 380: 18 bytes
    crypto_stream_test.go:276: offset 398: 5 bytes
    crypto_stream_test.go:276: offset 403: 14 bytes
    crypto_stream_test.go:276: offset 417: 27 bytes
    crypto_stream_test.go:276: offset 444: 7 bytes
    crypto_stream_test.go:276: offset 451: 15 bytes
    crypto_stream_test.go:276: offset 466: 35 bytes
    crypto_stream_test.go:276: offset 71: 2 bytes
    crypto_stream_test.go:276: offset 73: 10 bytes
    crypto_stream_test.go:276: offset 119: 1 bytes
    crypto_stream_test.go:276: offset 120: 14 bytes
    crypto_stream_test.go:276: offset 134: 1 bytes
    crypto_stream_test.go:276: offset 501: 2 bytes
    crypto_stream_test.go:276: offset 503: 4 bytes
=== RUN   TestInitialCryptoStreamClientRandomizedSizes/run_14
    crypto_stream_test.go:225: using a ClientHello without ECH, hostname: "aqntxpsvuv.r"
    crypto_stream_test.go:273: received 17 frames
    crypto_stream_test.go:276: offset 0: 5 bytes
    crypto_stream_test.go:276: offset 5: 8 bytes
    crypto_stream_test.go:276: offset 13: 28 bytes
    crypto_stream_test.go:276: offset 41: 2 bytes
    crypto_stream_test.go:276: offset 43: 18 bytes
    crypto_stream_test.go:276: offset 61: 5 bytes
    crypto_stream_test.go:276: offset 72: 79 bytes
    crypto_stream_test.go:276: offset 151: 14 bytes
    crypto_stream_test.go:276: offset 165: 21 bytes
    crypto_stream_test.go:276: offset 186: 16 bytes
    crypto_stream_test.go:276: offset 202: 6 bytes
    crypto_stream_test.go:276: offset 208: 68 bytes
    crypto_stream_test.go:276: offset 276: 2 bytes
    crypto_stream_test.go:276: offset 278: 147 bytes
    crypto_stream_test.go:276: offset 66: 6 bytes
    crypto_stream_test.go:276: offset 425: 5 bytes
    crypto_stream_test.go:276: offset 430: 1 bytes
=== RUN   TestInitialCryptoStreamClientRandomizedSizes/run_15
    crypto_stream_test.go:225: using a ClientHello without ECH, hostname: ""
    crypto_stream_test.go:273: received 7 frames
    crypto_stream_test.go:276: offset 0: 6 bytes
    crypto_stream_test.go:276: offset 6: 12 bytes
    crypto_stream_test.go:276: offset 18: 28 bytes
    crypto_stream_test.go:276: offset 46: 29 bytes
    crypto_stream_test.go:276: offset 75: 1 bytes
    crypto_stream_test.go:276: offset 76: 47 bytes
    crypto_stream_test.go:276: offset 123: 260 bytes
=== RUN   TestInitialCryptoStreamClientRandomizedSizes/run_16
    crypto_stream_test.go:225: using a ClientHello without ECH, hostname: "l.rhkq.t"
    crypto_stream_test.go:273: received 9 frames
    crypto_stream_test.go:276: offset 0: 64 bytes
    crypto_stream_test.go:276: offset 68: 28 bytes
    crypto_stream_test.go:276: offset 96: 26 bytes
    crypto_stream_test.go:276: offset 122: 20 bytes
    crypto_stream_test.go:276: offset 142: 26 bytes
    crypto_stream_test.go:276: offset 168: 160 bytes
    crypto_stream_test.go:276: offset 328: 14 bytes
    crypto_stream_test.go:276: offset 64: 4 bytes
    crypto_stream_test.go:276: offset 342: 6 bytes
=== RUN   TestInitialCryptoStreamClientRandomizedSizes/run_17
    crypto_stream_test.go:230: using a ClientHello with ECH, hostname: "s.ytgpchmijmzqy.wmttqeu"
    crypto_stream_test.go:273: received 30 frames
    crypto_stream_test.go:276: offset 0: 27 bytes
    crypto_stream_test.go:276: offset 27: 27 bytes
    crypto_stream_test.go:276: offset 54: 17 bytes
    crypto_stream_test.go:276: offset 83: 5 bytes
    crypto_stream_test.go:276: offset 88: 77 bytes
    crypto_stream_test.go:276: offset 165: 25 bytes
    crypto_stream_test.go:276: offset 190: 18 bytes
    crypto_stream_test.go:276: offset 208: 6 bytes
    crypto_stream_test.go:276: offset 230: 17 bytes
    crypto_stream_test.go:276: offset 247: 20 bytes
    crypto_stream_test.go:276: offset 267: 16 bytes
    crypto_stream_test.go:276: offset 283: 23 bytes
    crypto_stream_test.go:276: offset 306: 23 bytes
    crypto_stream_test.go:276: offset 329: 14 bytes
    crypto_stream_test.go:276: offset 343: 19 bytes
    crypto_stream_test.go:276: offset 362: 10 bytes
    crypto_stream_test.go:276: offset 372: 9 bytes
    crypto_stream_test.go:276: offset 381: 7 bytes
    crypto_stream_test.go:276: offset 388: 21 bytes
    crypto_stream_test.go:276: offset 409: 2 bytes
    crypto_stream_test.go:276: offset 411: 8 bytes
    crypto_stream_test.go:276: offset 419: 8 bytes
    crypto_stream_test.go:276: offset 427: 121 bytes
    crypto_stream_test.go:276: offset 548: 39 bytes
    crypto_stream_test.go:276: offset 587: 47 bytes
    crypto_stream_test.go:276: offset 634: 58 bytes
    crypto_stream_test.go:276: offset 71: 7 bytes
    crypto_stream_test.go:276: offset 78: 5 bytes
    crypto_stream_test.go:276: offset 214: 16 bytes
    crypto_stream_test.go:276: offset 692: 6 bytes
=== RUN   TestInitialCryptoStreamClientRandomizedSizes/run_18
    crypto_stream_test.go:225: using a ClientHello without ECH, hostname: "lb.ifhqn.cnll"
    crypto_stream_test.go:273: received 6 frames
    crypto_stream_test.go:276: offset 0: 66 bytes
    crypto_stream_test.go:276: offset 73: 199 bytes
    crypto_stream_test.go:276: offset 272: 20 bytes
    crypto_stream_test.go:276: offset 292: 137 bytes
    crypto_stream_test.go:276: offset 66: 7 bytes
    crypto_stream_test.go:276: offset 429: 6 bytes
=== RUN   TestInitialCryptoStreamClientRandomizedSizes/run_19
    crypto_stream_test.go:225: using a ClientHello without ECH, hostname: "b.jdsedz"
    crypto_stream_test.go:273: received 7 frames
    crypto_stream_test.go:276: offset 0: 64 bytes
    crypto_stream_test.go:276: offset 68: 3 bytes
    crypto_stream_test.go:276: offset 71: 261 bytes
    crypto_stream_test.go:276: offset 332: 19 bytes
    crypto_stream_test.go:276: offset 351: 32 bytes
    crypto_stream_test.go:276: offset 64: 4 bytes
    crypto_stream_test.go:276: offset 383: 6 bytes
=== RUN   TestInitialCryptoStreamClientRandomizedSizes/run_20
    crypto_stream_test.go:225: using a ClientHello without ECH, hostname: "nescomk.exdkym"
    crypto_stream_test.go:273: received 13 frames
    crypto_stream_test.go:276: offset 0: 8 bytes
    crypto_stream_test.go:276: offset 8: 6 bytes
    crypto_stream_test.go:276: offset 14: 13 bytes
    crypto_stream_test.go:276: offset 27: 6 bytes
    crypto_stream_test.go:276: offset 33: 24 bytes
    crypto_stream_test.go:276: offset 57: 10 bytes
    crypto_stream_test.go:276: offset 74: 13 bytes
    crypto_stream_test.go:276: offset 87: 15 bytes
    crypto_stream_test.go:276: offset 102: 6 bytes
    crypto_stream_test.go:276: offset 108: 23 bytes
    crypto_stream_test.go:276: offset 131: 225 bytes
    crypto_stream_test.go:276: offset 67: 7 bytes
    crypto_stream_test.go:276: offset 356: 6 bytes
=== RUN   TestInitialCryptoStreamClientRandomizedSizes/run_21
    crypto_stream_test.go:225: using a ClientHello without ECH, hostname: "cnxtxm"
    crypto_stream_test.go:273: received 8 frames
    crypto_stream_test.go:276: offset 0: 22 bytes
    crypto_stream_test.go:276: offset 22: 22 bytes
    crypto_stream_test.go:276: offset 44: 19 bytes
    crypto_stream_test.go:276: offset 66: 15 bytes
    crypto_stream_test.go:276: offset 81: 20 bytes
    crypto_stream_test.go:276: offset 101: 192 bytes
    crypto_stream_test.go:276: offset 63: 3 bytes
    crypto_stream_test.go:276: offset 293: 6 bytes
=== RUN   TestInitialCryptoStreamClientRandomizedSizes/run_22
    crypto_stream_test.go:225: using a ClientHello without ECH, hostname: ""
    crypto_stream_test.go:273: received 5 frames
    crypto_stream_test.go:276: offset 0: 10 bytes
    crypto_stream_test.go:276: offset 10: 7 bytes
    crypto_stream_test.go:276: offset 17: 5 bytes
    crypto_stream_test.go:276: offset 22: 22 bytes
    crypto_stream_test.go:276: offset 44: 243 bytes
=== RUN   TestInitialCryptoStreamClientRandomizedSizes/run_23
    crypto_stream_test.go:230: using a ClientHello with ECH, hostname: "khc.xkodbhcsed"
    crypto_stream_test.go:273: received 18 frames
    crypto_stream_test.go:276: offset 0: 8 bytes
    crypto_stream_test.go:276: offset 8: 59 bytes
    crypto_stream_test.go:276: offset 74: 25 bytes
    crypto_stream_test.go:276: offset 99: 1 bytes
    crypto_stream_test.go:276: offset 100: 43 bytes
    crypto_stream_test.go:276: offset 159: 18 bytes
    crypto_stream_test.go:276: offset 177: 4 bytes
    crypto_stream_test.go:276: offset 181: 6 bytes
    crypto_stream_test.go:276: offset 187: 5 bytes
    crypto_stream_test.go:276: offset 192: 5 bytes
    crypto_stream_test.go:276: offset 197: 169 bytes
    crypto_stream_test.go:276: offset 366: 191 bytes
    crypto_stream_test.go:276: offset 67: 3 bytes
    crypto_stream_test.go:276: offset 70: 2 bytes
    crypto_stream_test.go:276: offset 72: 2 bytes
    crypto_stream_test.go:276: offset 143: 6 bytes
    crypto_stream_test.go:276: offset 149: 10 bytes
    crypto_stream_test.go:276: offset 557: 6 bytes
=== RUN   TestInitialCryptoStreamClientRandomizedSizes/run_24
    crypto_stream_test.go:225: using a ClientHello without ECH, hostname: "io.mciubb.m"
    crypto_stream_test.go:273: received 9 frames
    crypto_stream_test.go:276: offset 0: 18 bytes
    crypto_stream_test.go:276: offset 18: 24 bytes
    crypto_stream_test.go:276: offset 42: 4 bytes
    crypto_stream_test.go:276: offset 46: 19 bytes
    crypto_stream_test.go:276: offset 71: 15 bytes
    crypto_stream_test.go:276: offset 86: 269 bytes
    crypto_stream_test.go:276: offset 355: 14 bytes
    crypto_stream_test.go:276: offset 65: 6 bytes
    crypto_stream_test.go:276: offset 369: 6 bytes
=== RUN   TestInitialCryptoStreamClientRandomizedSizes/run_25
    crypto_stream_test.go:225: using a ClientHello without ECH, hostname: ""
    crypto_stream_test.go:273: received 4 frames
    crypto_stream_test.go:276: offset 0: 14 bytes
    crypto_stream_test.go:276: offset 14: 10 bytes
    crypto_stream_test.go:276: offset 24: 24 bytes
    crypto_stream_test.go:276: offset 48: 343 bytes
=== RUN   TestInitialCryptoStreamClientRandomizedSizes/run_26
    crypto_stream_test.go:225: using a ClientHello without ECH, hostname: "rjeimbi.g.tam"
    crypto_stream_test.go:273: received 11 frames
    crypto_stream_test.go:276: offset 0: 3 bytes
    crypto_stream_test.go:276: offset 3: 16 bytes
    crypto_stream_test.go:276: offset 19: 27 bytes
    crypto_stream_test.go:276: offset 46: 20 bytes
    crypto_stream_test.go:276: offset 73: 13 bytes
    crypto_stream_test.go:276: offset 86: 2 bytes
    crypto_stream_test.go:276: offset 88: 17 bytes
    crypto_stream_test.go:276: offset 105: 18 bytes
    crypto_stream_test.go:276: offset 123: 170 bytes
    crypto_stream_test.go:276: offset 66: 7 bytes
    crypto_stream_test.go:276: offset 293: 6 bytes
=== RUN   TestInitialCryptoStreamClientRandomizedSizes/run_27
    crypto_stream_test.go:230: using a ClientHello with ECH, hostname: "plumcvrtvffsn.ibo"
    crypto_stream_test.go:273: received 20 frames
    crypto_stream_test.go:276: offset 0: 68 bytes
    crypto_stream_test.go:276: offset 77: 80 bytes
    crypto_stream_test.go:276: offset 173: 14 bytes
    crypto_stream_test.go:276: offset 187: 26 bytes
    crypto_stream_test.go:276: offset 213: 26 bytes
    crypto_stream_test.go:276: offset 239: 4 bytes
    crypto_stream_test.go:276: offset 243: 90 bytes
    crypto_stream_test.go:276: offset 333: 10 bytes
    crypto_stream_test.go:276: offset 343: 24 bytes
    crypto_stream_test.go:276: offset 367: 7 bytes
    crypto_stream_test.go:276: offset 374: 24 bytes
    crypto_stream_test.go:276: offset 398: 16 bytes
    crypto_stream_test.go:276: offset 414: 25 bytes
    crypto_stream_test.go:276: offset 439: 28 bytes
    crypto_stream_test.go:276: offset 467: 14 bytes
    crypto_stream_test.go:276: offset 481: 6 bytes
    crypto_stream_test.go:276: offset 487: 84 bytes
    crypto_stream_test.go:276: offset 68: 9 bytes
    crypto_stream_test.go:276: offset 157: 16 bytes
    crypto_stream_test.go:276: offset 571: 6 bytes
=== RUN   TestInitialCryptoStreamClientRandomizedSizes/run_28
    crypto_stream_test.go:225: using a ClientHello without ECH, hostname: "pfbnroxmvr.bbaiort"
    crypto_stream_test.go:273: received 12 frames
    crypto_stream_test.go:276: offset 0: 26 bytes
    crypto_stream_test.go:276: offset 26: 17 bytes
    crypto_stream_test.go:276: offset 43: 15 bytes
    crypto_stream_test.go:276: offset 58: 11 bytes
    crypto_stream_test.go:276: offset 78: 24 bytes
    crypto_stream_test.go:276: offset 102: 28 bytes
    crypto_stream_test.go:276: offset 130: 14 bytes
    crypto_stream_test.go:276: offset 144: 53 bytes
    crypto_stream_test.go:276: offset 197: 1 bytes
    crypto_stream_test.go:276: offset 198: 210 bytes
    crypto_stream_test.go:276: offset 69: 9 bytes
    crypto_stream_test.go:276: offset 408: 6 bytes
=== RUN   TestInitialCryptoStreamClientRandomizedSizes/run_29
    crypto_stream_test.go:225: using a ClientHello without ECH, hostname: ""
    crypto_stream_test.go:273: received 13 frames
    crypto_stream_test.go:276: offset 0: 14 bytes
    crypto_stream_test.go:276: offset 14: 2 bytes
    crypto_stream_test.go:276: offset 16: 11 bytes
    crypto_stream_test.go:276: offset 27: 14 bytes
    crypto_stream_test.go:276: offset 41: 21 bytes
    crypto_stream_test.go:276: offset 62: 17 bytes
    crypto_stream_test.go:276: offset 79: 10 bytes
    crypto_stream_test.go:276: offset 89: 10 bytes
    crypto_stream_test.go:276: offset 99: 21 bytes
    crypto_stream_test.go:276: offset 120: 2 bytes
    crypto_stream_test.go:276: offset 122: 3 bytes
    crypto_stream_test.go:276: offset 125: 6 bytes
    crypto_stream_test.go:276: offset 131: 130 bytes
=== RUN   TestInitialCryptoStreamClientRandomizedSizes/run_30
    crypto_stream_test.go:225: using a ClientHello without ECH, hostname: ""
    crypto_stream_test.go:273: received 1 frames
    crypto_stream_test.go:276: offset 0: 433 bytes
=== RUN   TestInitialCryptoStreamClientRandomizedSizes/run_31
    crypto_stream_test.go:230: using a ClientHello with ECH, hostname: "d.jubmolglbobyqi.o.m.bhrd"
    crypto_stream_test.go:273: received 12 frames
    crypto_stream_test.go:276: offset 0: 72 bytes
    crypto_stream_test.go:276: offset 85: 19 bytes
    crypto_stream_test.go:276: offset 104: 81 bytes
    crypto_stream_test.go:276: offset 201: 25 bytes
    crypto_stream_test.go:276: offset 226: 366 bytes
    crypto_stream_test.go:276: offset 592: 4 bytes
    crypto_stream_test.go:276: offset 596: 19 bytes
    crypto_stream_test.go:276: offset 615: 16 bytes
    crypto_stream_test.go:276: offset 72: 13 bytes
    crypto_stream_test.go:276: offset 185: 12 bytes
    crypto_stream_test.go:276: offset 197: 4 bytes
    crypto_stream_test.go:276: offset 631: 6 bytes
=== RUN   TestInitialCryptoStreamClientRandomizedSizes/run_32
    crypto_stream_test.go:225: using a ClientHello without ECH, hostname: "mj.q.onvt.gkb.ogrow"
    crypto_stream_test.go:273: received 11 frames
    crypto_stream_test.go:276: offset 0: 2 bytes
    crypto_stream_test.go:276: offset 2: 9 bytes
    crypto_stream_test.go:276: offset 11: 17 bytes
    crypto_stream_test.go:276: offset 28: 13 bytes
    crypto_stream_test.go:276: offset 41: 28 bytes
    crypto_stream_test.go:276: offset 79: 19 bytes
    crypto_stream_test.go:276: offset 98: 11 bytes
    crypto_stream_test.go:276: offset 109: 17 bytes
    crypto_stream_test.go:276: offset 126: 178 bytes
    crypto_stream_test.go:276: offset 69: 10 bytes
    crypto_stream_test.go:276: offset 304: 6 bytes
=== RUN   TestInitialCryptoStreamClientRandomizedSizes/run_33
    crypto_stream_test.go:225: using a ClientHello without ECH, hostname: "kmvwalyvtsygczzn.tlet"
    crypto_stream_test.go:273: received 6 frames
    crypto_stream_test.go:276: offset 0: 3 bytes
    crypto_stream_test.go:276: offset 3: 67 bytes
    crypto_stream_test.go:276: offset 81: 60 bytes
    crypto_stream_test.go:276: offset 141: 226 bytes
    crypto_stream_test.go:276: offset 70: 11 bytes
    crypto_stream_test.go:276: offset 367: 6 bytes
=== RUN   TestInitialCryptoStreamClientRandomizedSizes/run_34
    crypto_stream_test.go:225: using a ClientHello without ECH, hostname: "lidkpkg.gkblnqv.ewifwxm"
    crypto_stream_test.go:273: received 9 frames
    crypto_stream_test.go:276: offset 0: 19 bytes
    crypto_stream_test.go:276: offset 19: 6 bytes
    crypto_stream_test.go:276: offset 25: 46 bytes
    crypto_stream_test.go:276: offset 83: 18 bytes
    crypto_stream_test.go:276: offset 101: 10 bytes
    crypto_stream_test.go:276: offset 111: 13 bytes
    crypto_stream_test.go:276: offset 124: 182 bytes
    crypto_stream_test.go:276: offset 71: 12 bytes
    crypto_stream_test.go:276: offset 306: 6 bytes
=== RUN   TestInitialCryptoStreamClientRandomizedSizes/run_35
    crypto_stream_test.go:230: using a ClientHello with ECH, hostname: "w.izvnthff"
    crypto_stream_test.go:273: received 16 frames
    crypto_stream_test.go:276: offset 0: 14 bytes
    crypto_stream_test.go:276: offset 14: 51 bytes
    crypto_stream_test.go:276: offset 70: 130 bytes
    crypto_stream_test.go:276: offset 216: 4 bytes
    crypto_stream_test.go:276: offset 220: 1 bytes
    crypto_stream_test.go:276: offset 221: 18 bytes
    crypto_stream_test.go:276: offset 239: 17 bytes
    crypto_stream_test.go:276: offset 256: 21 bytes
    crypto_stream_test.go:276: offset 277: 350 bytes
    crypto_stream_test.go:276: offset 627: 9 bytes
    crypto_stream_test.go:276: offset 636: 9 bytes
    crypto_stream_test.go:276: offset 645: 12 bytes
    crypto_stream_test.go:276: offset 657: 21 bytes
    crypto_stream_test.go:276: offset 65: 5 bytes
    crypto_stream_test.go:276: offset 200: 16 bytes
    crypto_stream_test.go:276: offset 678: 6 bytes
=== RUN   TestInitialCryptoStreamClientRandomizedSizes/run_36
    crypto_stream_test.go:225: using a ClientHello without ECH, hostname: "wx.fuy"
    crypto_stream_test.go:273: received 23 frames
    crypto_stream_test.go:276: offset 0: 20 bytes
    crypto_stream_test.go:276: offset 20: 5 bytes
    crypto_stream_test.go:276: offset 25: 16 bytes
    crypto_stream_test.go:276: offset 41: 13 bytes
    crypto_stream_test.go:276: offset 54: 9 bytes
    crypto_stream_test.go:276: offset 66: 23 bytes
    crypto_stream_test.go:276: offset 89: 28 bytes
    crypto_stream_test.go:276: offset 117: 25 bytes
    crypto_stream_test.go:276: offset 142: 13 bytes
    crypto_stream_test.go:276: offset 155: 16 bytes
    crypto_stream_test.go:276: offset 171: 16 bytes
    crypto_stream_test.go:276: offset 187: 25 bytes
    crypto_stream_test.go:276: offset 212: 12 bytes
    crypto_stream_test.go:276: offset 224: 28 bytes
    crypto_stream_test.go:276: offset 252: 25 bytes
    crypto_stream_test.go:276: offset 277: 12 bytes
    crypto_stream_test.go:276: offset 289: 6 bytes
    crypto_stream_test.go:276: offset 295: 4 bytes
    crypto_stream_test.go:276: offset 299: 21 bytes
    crypto_stream_test.go:276: offset 320: 124 bytes
    crypto_stream_test.go:276: offset 63: 3 bytes
    crypto_stream_test.go:276: offset 444: 4 bytes
    crypto_stream_test.go:276: offset 448: 2 bytes
=== RUN   TestInitialCryptoStreamClientRandomizedSizes/run_37
    crypto_stream_test.go:225: using a ClientHello without ECH, hostname: "eufzr.ijp.c"
    crypto_stream_test.go:273: received 15 frames
    crypto_stream_test.go:276: offset 0: 22 bytes
    crypto_stream_test.go:276: offset 22: 17 bytes
    crypto_stream_test.go:276: offset 39: 26 bytes
    crypto_stream_test.go:276: offset 71: 3 bytes
    crypto_stream_test.go:276: offset 74: 1 bytes
    crypto_stream_test.go:276: offset 75: 12 bytes
    crypto_stream_test.go:276: offset 87: 2 bytes
    crypto_stream_test.go:276: offset 89: 2 bytes
    crypto_stream_test.go:276: offset 91: 3 bytes
    crypto_stream_test.go:276: offset 94: 19 bytes
    crypto_stream_test.go:276: offset 113: 93 bytes
    crypto_stream_test.go:276: offset 206: 22 bytes
    crypto_stream_test.go:276: offset 228: 44 bytes
    crypto_stream_test.go:276: offset 65: 6 bytes
    crypto_stream_test.go:276: offset 272: 6 bytes
=== RUN   TestInitialCryptoStreamClientRandomizedSizes/run_38
    crypto_stream_test.go:225: using a ClientHello without ECH, hostname: "nlu.qjm.bh.nahmp.e"
    crypto_stream_test.go:273: received 9 frames
    crypto_stream_test.go:276: offset 0: 69 bytes
    crypto_stream_test.go:276: offset 78: 1 bytes
    crypto_stream_test.go:276: offset 79: 57 bytes
    crypto_stream_test.go:276: offset 136: 16 bytes
    crypto_stream_test.go:276: offset 152: 3 bytes
    crypto_stream_test.go:276: offset 155: 18 bytes
    crypto_stream_test.go:276: offset 173: 93 bytes
    crypto_stream_test.go:276: offset 69: 9 bytes
    crypto_stream_test.go:276: offset 266: 6 bytes
=== RUN   TestInitialCryptoStreamClientRandomizedSizes/run_39
    crypto_stream_test.go:230: using a ClientHello with ECH, hostname: "kydqovazzgxxhbo.uq"
    crypto_stream_test.go:273: received 16 frames
    crypto_stream_test.go:276: offset 0: 27 bytes
    crypto_stream_test.go:276: offset 27: 14 bytes
    crypto_stream_test.go:276: offset 41: 11 bytes
    crypto_stream_test.go:276: offset 52: 17 bytes
    crypto_stream_test.go:276: offset 78: 25 bytes
    crypto_stream_test.go:276: offset 103: 19 bytes
    crypto_stream_test.go:276: offset 122: 6 bytes
    crypto_stream_test.go:276: offset 144: 28 bytes
    crypto_stream_test.go:276: offset 172: 198 bytes
    crypto_stream_test.go:276: offset 370: 25 bytes
    crypto_stream_test.go:276: offset 395: 103 bytes
    crypto_stream_test.go:276: offset 498: 12 bytes
    crypto_stream_test.go:276: offset 69: 8 bytes
    crypto_stream_test.go:276: offset 77: 1 bytes
    crypto_stream_test.go:276: offset 128: 16 bytes
    crypto_stream_test.go:276: offset 510: 6 bytes
=== RUN   TestInitialCryptoStreamClientRandomizedSizes/run_40
    crypto_stream_test.go:225: using a ClientHello without ECH, hostname: ""
    crypto_stream_test.go:273: received 5 frames
    crypto_stream_test.go:276: offset 0: 9 bytes
    crypto_stream_test.go:276: offset 9: 109 bytes
    crypto_stream_test.go:276: offset 118: 11 bytes
    crypto_stream_test.go:276: offset 129: 11 bytes
    crypto_stream_test.go:276: offset 140: 207 bytes
=== RUN   TestInitialCryptoStreamClientRandomizedSizes/run_41
    crypto_stream_test.go:225: using a ClientHello without ECH, hostname: "oqturvwie.uhrjbynzzcid"
    crypto_stream_test.go:273: received 17 frames
    crypto_stream_test.go:276: offset 0: 14 bytes
    crypto_stream_test.go:276: offset 14: 13 bytes
    crypto_stream_test.go:276: offset 27: 44 bytes
    crypto_stream_test.go:276: offset 82: 3 bytes
    crypto_stream_test.go:276: offset 85: 20 bytes
    crypto_stream_test.go:276: offset 105: 19 bytes
    crypto_stream_test.go:276: offset 124: 23 bytes
    crypto_stream_test.go:276: offset 147: 23 bytes
    crypto_stream_test.go:276: offset 170: 16 bytes
    crypto_stream_test.go:276: offset 186: 84 bytes
    crypto_stream_test.go:276: offset 270: 17 bytes
    crypto_stream_test.go:276: offset 287: 16 bytes
    crypto_stream_test.go:276: offset 303: 27 bytes
    crypto_stream_test.go:276: offset 330: 27 bytes
    crypto_stream_test.go:276: offset 357: 98 bytes
    crypto_stream_test.go:276: offset 71: 11 bytes
    crypto_stream_test.go:276: offset 455: 6 bytes
=== RUN   TestInitialCryptoStreamClientRandomizedSizes/run_42
    crypto_stream_test.go:225: using a ClientHello without ECH, hostname: "ilaqhqjrfyo"
    crypto_stream_test.go:273: received 15 frames
    crypto_stream_test.go:276: offset 0: 24 bytes
    crypto_stream_test.go:276: offset 24: 41 bytes
    crypto_stream_test.go:276: offset 71: 15 bytes
    crypto_stream_test.go:276: offset 86: 1 bytes
    crypto_stream_test.go:276: offset 87: 21 bytes
    crypto_stream_test.go:276: offset 108: 27 bytes
    crypto_stream_test.go:276: offset 135: 27 bytes
    crypto_stream_test.go:276: offset 162: 18 bytes
    crypto_stream_test.go:276: offset 180: 18 bytes
    crypto_stream_test.go:276: offset 198: 6 bytes
    crypto_stream_test.go:276: offset 204: 27 bytes
    crypto_stream_test.go:276: offset 231: 26 bytes
    crypto_stream_test.go:276: offset 257: 193 bytes
    crypto_stream_test.go:276: offset 65: 6 bytes
    crypto_stream_test.go:276: offset 450: 6 bytes
=== RUN   TestInitialCryptoStreamClientRandomizedSizes/run_43
    crypto_stream_test.go:230: using a ClientHello with ECH, hostname: "ff.ijtwzhqq.jk.xuq"
    crypto_stream_test.go:273: received 21 frames
    crypto_stream_test.go:276: offset 0: 11 bytes
    crypto_stream_test.go:276: offset 11: 21 bytes
    crypto_stream_test.go:276: offset 32: 37 bytes
    crypto_stream_test.go:276: offset 78: 14 bytes
    crypto_stream_test.go:276: offset 92: 130 bytes
    crypto_stream_test.go:276: offset 238: 11 bytes
    crypto_stream_test.go:276: offset 249: 1 bytes
    crypto_stream_test.go:276: offset 250: 23 bytes
    crypto_stream_test.go:276: offset 273: 128 bytes
    crypto_stream_test.go:276: offset 401: 20 bytes
    crypto_stream_test.go:276: offset 421: 18 bytes
    crypto_stream_test.go:276: offset 439: 3 bytes
    crypto_stream_test.go:276: offset 442: 9 bytes
    crypto_stream_test.go:276: offset 451: 8 bytes
    crypto_stream_test.go:276: offset 459: 6 bytes
    crypto_stream_test.go:276: offset 465: 4 bytes
    crypto_stream_test.go:276: offset 469: 231 bytes
    crypto_stream_test.go:276: offset 69: 6 bytes
    crypto_stream_test.go:276: offset 75: 3 bytes
    crypto_stream_test.go:276: offset 222: 16 bytes
    crypto_stream_test.go:276: offset 700: 6 bytes
=== RUN   TestInitialCryptoStreamClientRandomizedSizes/run_44
    crypto_stream_test.go:225: using a ClientHello without ECH, hostname: "t.rpysw.cbcqpbcq"
    crypto_stream_test.go:273: received 13 frames
    crypto_stream_test.go:276: offset 0: 4 bytes
    crypto_stream_test.go:276: offset 4: 64 bytes
    crypto_stream_test.go:276: offset 76: 25 bytes
    crypto_stream_test.go:276: offset 101: 24 bytes
    crypto_stream_test.go:276: offset 125: 46 bytes
    crypto_stream_test.go:276: offset 171: 10 bytes
    crypto_stream_test.go:276: offset 181: 16 bytes
    crypto_stream_test.go:276: offset 197: 3 bytes
    crypto_stream_test.go:276: offset 200: 10 bytes
    crypto_stream_test.go:276: offset 210: 27 bytes
    crypto_stream_test.go:276: offset 237: 190 bytes
    crypto_stream_test.go:276: offset 68: 8 bytes
    crypto_stream_test.go:276: offset 427: 6 bytes
=== RUN   TestInitialCryptoStreamClientRandomizedSizes/run_45
    crypto_stream_test.go:230: using a ClientHello with ECH, hostname: "wxmwoua.cstfjz"
    crypto_stream_test.go:273: received 27 frames
    crypto_stream_test.go:276: offset 0: 19 bytes
    crypto_stream_test.go:276: offset 19: 7 bytes
    crypto_stream_test.go:276: offset 26: 19 bytes
    crypto_stream_test.go:276: offset 45: 22 bytes
    crypto_stream_test.go:276: offset 74: 20 bytes
    crypto_stream_test.go:276: offset 94: 18 bytes
    crypto_stream_test.go:276: offset 112: 24 bytes
    crypto_stream_test.go:276: offset 136: 4 bytes
    crypto_stream_test.go:276: offset 140: 21 bytes
    crypto_stream_test.go:276: offset 161: 6 bytes
    crypto_stream_test.go:276: offset 167: 19 bytes
    crypto_stream_test.go:276: offset 186: 44 bytes
    crypto_stream_test.go:276: offset 246: 11 bytes
    crypto_stream_test.go:276: offset 257: 14 bytes
    crypto_stream_test.go:276: offset 271: 17 bytes
    crypto_stream_test.go:276: offset 288: 12 bytes
    crypto_stream_test.go:276: offset 300: 12 bytes
    crypto_stream_test.go:276: offset 312: 17 bytes
    crypto_stream_test.go:276: offset 329: 16 bytes
    crypto_stream_test.go:276: offset 345: 1 bytes
    crypto_stream_test.go:276: offset 346: 10 bytes
    crypto_stream_test.go:276: offset 356: 7 bytes
    crypto_stream_test.go:276: offset 363: 15 bytes
    crypto_stream_test.go:276: offset 378: 362 bytes
    crypto_stream_test.go:276: offset 67: 7 bytes
    crypto_stream_test.go:276: offset 230: 16 bytes
    crypto_stream_test.go:276: offset 740: 6 bytes
=== RUN   TestInitialCryptoStreamClientRandomizedSizes/run_46
    crypto_stream_test.go:225: using a ClientHello without ECH, hostname: ""
    crypto_stream_test.go:273: received 7 frames
    crypto_stream_test.go:276: offset 0: 259 bytes
    crypto_stream_test.go:276: offset 259: 3 bytes
    crypto_stream_test.go:276: offset 262: 18 bytes
    crypto_stream_test.go:276: offset 280: 13 bytes
    crypto_stream_test.go:276: offset 293: 7 bytes
    crypto_stream_test.go:276: offset 300: 27 bytes
    crypto_stream_test.go:276: offset 327: 66 bytes
=== RUN   TestInitialCryptoStreamClientRandomizedSizes/run_47
    crypto_stream_test.go:225: using a ClientHello without ECH, hostname: ""
    crypto_stream_test.go:273: received 10 frames
    crypto_stream_test.go:276: offset 0: 5 bytes
    crypto_stream_test.go:276: offset 5: 2 bytes
    crypto_stream_test.go:276: offset 7: 8 bytes
    crypto_stream_test.go:276: offset 15: 17 bytes
    crypto_stream_test.go:276: offset 32: 29 bytes
    crypto_stream_test.go:276: offset 61: 29 bytes
    crypto_stream_test.go:276: offset 90: 26 bytes
    crypto_stream_test.go:276: offset 116: 127 bytes
    crypto_stream_test.go:276: offset 243: 9 bytes
    crypto_stream_test.go:276: offset 252: 98 bytes
=== RUN   TestInitialCryptoStreamClientRandomizedSizes/run_48
    crypto_stream_test.go:225: using a ClientHello without ECH, hostname: ""
    crypto_stream_test.go:273: received 3 frames
    crypto_stream_test.go:276: offset 0: 17 bytes
    crypto_stream_test.go:276: offset 17: 25 bytes
    crypto_stream_test.go:276: offset 42: 306 bytes
=== RUN   TestInitialCryptoStreamClientRandomizedSizes/run_49
    crypto_stream_test.go:230: using a ClientHello with ECH, hostname: "cvzntyu.c.uu"
    crypto_stream_test.go:273: received 14 frames
    crypto_stream_test.go:276: offset 0: 22 bytes
    crypto_stream_test.go:276: offset 22: 29 bytes
    crypto_stream_test.go:276: offset 51: 15 bytes
    crypto_stream_test.go:276: offset 72: 9 bytes
    crypto_stream_test.go:276: offset 81: 24 bytes
    crypto_stream_test.go:276: offset 105: 5 bytes
    crypto_stream_test.go:276: offset 110: 138 bytes
    crypto_stream_test.go:276: offset 264: 16 bytes
    crypto_stream_test.go:276: offset 280: 477 bytes
    crypto_stream_test.go:276: offset 757: 1 bytes
    crypto_stream_test.go:276: offset 66: 6 bytes
    crypto_stream_test.go:276: offset 248: 7 bytes
    crypto_stream_test.go:276: offset 255: 9 bytes
    crypto_stream_test.go:276: offset 758: 6 bytes
=== RUN   TestInitialCryptoStreamClientRandomizedSizes/run_50
    crypto_stream_test.go:225: using a ClientHello without ECH, hostname: "l.xqyd.immu"
    crypto_stream_test.go:273: received 20 frames
    crypto_stream_test.go:276: offset 0: 65 bytes
    crypto_stream_test.go:276: offset 71: 18 bytes
    crypto_stream_test.go:276: offset 89: 12 bytes
    crypto_stream_test.go:276: offset 101: 6 bytes
    crypto_stream_test.go:276: offset 107: 16 bytes
    crypto_stream_test.go:276: offset 123: 19 bytes
    crypto_stream_test.go:276: offset 142: 2 bytes
    crypto_stream_test.go:276: offset 144: 10 bytes
    crypto_stream_test.go:276: offset 154: 12 bytes
    crypto_stream_test.go:276: offset 166: 22 bytes
    crypto_stream_test.go:276: offset 188: 28 bytes
    crypto_stream_test.go:276: offset 216: 11 bytes
    crypto_stream_test.go:276: offset 227: 13 bytes
    crypto_stream_test.go:276: offset 240: 7 bytes
    crypto_stream_test.go:276: offset 247: 18 bytes
    crypto_stream_test.go:276: offset 265: 1 bytes
    crypto_stream_test.go:276: offset 266: 22 bytes
    crypto_stream_test.go:276: offset 288: 143 bytes
    crypto_stream_test.go:276: offset 65: 6 bytes
    crypto_stream_test.go:276: offset 431: 6 bytes
=== RUN   TestInitialCryptoStreamClientRandomizedSizes/run_51
    crypto_stream_test.go:230: using a ClientHello with ECH, hostname: "te.ogaoyt.ebygnn"
    crypto_stream_test.go:273: received 27 frames
    crypto_stream_test.go:276: offset 0: 25 bytes
    crypto_stream_test.go:276: offset 25: 22 bytes
    crypto_stream_test.go:276: offset 47: 14 bytes
    crypto_stream_test.go:276: offset 61: 7 bytes
    crypto_stream_test.go:276: offset 76: 20 bytes
    crypto_stream_test.go:276: offset 96: 16 bytes
    crypto_stream_test.go:276: offset 112: 23 bytes
    crypto_stream_test.go:276: offset 135: 24 bytes
    crypto_stream_test.go:276: offset 159: 15 bytes
    crypto_stream_test.go:276: offset 174: 25 bytes
    crypto_stream_test.go:276: offset 199: 3 bytes
    crypto_stream_test.go:276: offset 202: 7 bytes
    crypto_stream_test.go:276: offset 209: 18 bytes
    crypto_stream_test.go:276: offset 227: 25 bytes
    crypto_stream_test.go:276: offset 252: 17 bytes
    crypto_stream_test.go:276: offset 269: 7 bytes
    crypto_stream_test.go:276: offset 292: 1 bytes
    crypto_stream_test.go:276: offset 293: 140 bytes
    crypto_stream_test.go:276: offset 433: 8 bytes
    crypto_stream_test.go:276: offset 441: 14 bytes
    crypto_stream_test.go:276: offset 455: 20 bytes
    crypto_stream_test.go:276: offset 475: 10 bytes
    crypto_stream_test.go:276: offset 485: 333 bytes
    crypto_stream_test.go:276: offset 68: 8 bytes
    crypto_stream_test.go:276: offset 276: 15 bytes
    crypto_stream_test.go:276: offset 291: 1 bytes
    crypto_stream_test.go:276: offset 818: 6 bytes
=== RUN   TestInitialCryptoStreamClientRandomizedSizes/run_52
    crypto_stream_test.go:225: using a ClientHello without ECH, hostname: ""
    crypto_stream_test.go:273: received 4 frames
    crypto_stream_test.go:276: offset 0: 4 bytes
    crypto_stream_test.go:276: offset 4: 4 bytes
    crypto_stream_test.go:276: offset 8: 24 bytes
    crypto_stream_test.go:276: offset 32: 364 bytes
=== RUN   TestInitialCryptoStreamClientRandomizedSizes/run_53
    crypto_stream_test.go:225: using a ClientHello without ECH, hostname: "j.okow.oqkn.ow"
    crypto_stream_test.go:273: received 7 frames
    crypto_stream_test.go:276: offset 0: 67 bytes
    crypto_stream_test.go:276: offset 74: 19 bytes
    crypto_stream_test.go:276: offset 93: 153 bytes
    crypto_stream_test.go:276: offset 246: 25 bytes
    crypto_stream_test.go:276: offset 271: 8 bytes
    crypto_stream_test.go:276: offset 67: 7 bytes
    crypto_stream_test.go:276: offset 279: 6 bytes
=== RUN   TestInitialCryptoStreamClientRandomizedSizes/run_54
    crypto_stream_test.go:225: using a ClientHello without ECH, hostname: "vhjxegbzc.mzwzcitmzz.uywg"
    crypto_stream_test.go:273: received 11 frames
    crypto_stream_test.go:276: offset 0: 11 bytes
    crypto_stream_test.go:276: offset 11: 17 bytes
    crypto_stream_test.go:276: offset 28: 9 bytes
    crypto_stream_test.go:276: offset 37: 9 bytes
    crypto_stream_test.go:276: offset 46: 24 bytes
    crypto_stream_test.go:276: offset 70: 2 bytes
    crypto_stream_test.go:276: offset 85: 317 bytes
    crypto_stream_test.go:276: offset 402: 22 bytes
    crypto_stream_test.go:276: offset 72: 13 bytes
    crypto_stream_test.go:276: offset 424: 3 bytes
    crypto_stream_test.go:276: offset 427: 3 bytes
=== RUN   TestInitialCryptoStreamClientRandomizedSizes/run_55
    crypto_stream_test.go:225: using a ClientHello without ECH, hostname: "mbxyyfub.j.f.eoaqbsaqm"
    crypto_stream_test.go:273: received 14 frames
    crypto_stream_test.go:276: offset 0: 29 bytes
    crypto_stream_test.go:276: offset 29: 42 bytes
    crypto_stream_test.go:276: offset 82: 27 bytes
    crypto_stream_test.go:276: offset 109: 7 bytes
    crypto_stream_test.go:276: offset 116: 26 bytes
    crypto_stream_test.go:276: offset 142: 21 bytes
    crypto_stream_test.go:276: offset 163: 19 bytes
    crypto_stream_test.go:276: offset 182: 23 bytes
    crypto_stream_test.go:276: offset 205: 1 bytes
    crypto_stream_test.go:276: offset 206: 21 bytes
    crypto_stream_test.go:276: offset 227: 176 bytes
    crypto_stream_test.go:276: offset 71: 11 bytes
    crypto_stream_test.go:276: offset 403: 5 bytes
    crypto_stream_test.go:276: offset 408: 1 bytes
=== RUN   TestInitialCryptoStreamClientRandomizedSizes/run_56
    crypto_stream_test.go:225: using a ClientHello without ECH, hostname: "s.ar.nueymdvw.o.dusvm"
    crypto_stream_test.go:273: received 9 frames
    crypto_stream_test.go:276: offset 0: 17 bytes
    crypto_stream_test.go:276: offset 17: 11 bytes
    crypto_stream_test.go:276: offset 28: 16 bytes
    crypto_stream_test.go:276: offset 44: 2 bytes
    crypto_stream_test.go:276: offset 46: 12 bytes
    crypto_stream_test.go:276: offset 58: 12 bytes
    crypto_stream_test.go:276: offset 81: 240 bytes
    crypto_stream_test.go:276: offset 70: 11 bytes
    crypto_stream_test.go:276: offset 321: 6 bytes
=== RUN   TestInitialCryptoStreamClientRandomizedSizes/run_57
    crypto_stream_test.go:230: using a ClientHello with ECH, hostname: "e.uq.d"
    crypto_stream_test.go:273: received 22 frames
    crypto_stream_test.go:276: offset 0: 7 bytes
    crypto_stream_test.go:276: offset 7: 15 bytes
    crypto_stream_test.go:276: offset 22: 16 bytes
    crypto_stream_test.go:276: offset 38: 18 bytes
    crypto_stream_test.go:276: offset 56: 7 bytes
    crypto_stream_test.go:276: offset 66: 17 bytes
    crypto_stream_test.go:276: offset 83: 17 bytes
    crypto_stream_test.go:276: offset 100: 24 bytes
    crypto_stream_test.go:276: offset 124: 132 bytes
    crypto_stream_test.go:276: offset 272: 101 bytes
    crypto_stream_test.go:276: offset 373: 28 bytes
    crypto_stream_test.go:276: offset 401: 10 bytes
    crypto_stream_test.go:276: offset 411: 19 bytes
    crypto_stream_test.go:276: offset 430: 10 bytes
    crypto_stream_test.go:276: offset 440: 23 bytes
    crypto_stream_test.go:276: offset 463: 11 bytes
    crypto_stream_test.go:276: offset 474: 324 bytes
    crypto_stream_test.go:276: offset 63: 3 bytes
    crypto_stream_test.go:276: offset 256: 4 bytes
    crypto_stream_test.go:276: offset 260: 9 bytes
    crypto_stream_test.go:276: offset 269: 3 bytes
    crypto_stream_test.go:276: offset 798: 6 bytes
=== RUN   TestInitialCryptoStreamClientRandomizedSizes/run_58
    crypto_stream_test.go:225: using a ClientHello without ECH, hostname: "rfvkkxh"
    crypto_stream_test.go:273: received 7 frames
    crypto_stream_test.go:276: offset 0: 63 bytes
    crypto_stream_test.go:276: offset 67: 20 bytes
    crypto_stream_test.go:276: offset 87: 13 bytes
    crypto_stream_test.go:276: offset 100: 23 bytes
    crypto_stream_test.go:276: offset 123: 202 bytes
    crypto_stream_test.go:276: offset 63: 4 bytes
    crypto_stream_test.go:276: offset 325: 6 bytes
=== RUN   TestInitialCryptoStreamClientRandomizedSizes/run_59
    crypto_stream_test.go:225: using a ClientHello without ECH, hostname: ""
    crypto_stream_test.go:273: received 19 frames
    crypto_stream_test.go:276: offset 0: 18 bytes
    crypto_stream_test.go:276: offset 18: 7 bytes
    crypto_stream_test.go:276: offset 25: 6 bytes
    crypto_stream_test.go:276: offset 31: 19 bytes
    crypto_stream_test.go:276: offset 50: 24 bytes
    crypto_stream_test.go:276: offset 74: 15 bytes
    crypto_stream_test.go:276: offset 89: 7 bytes
    crypto_stream_test.go:276: offset 96: 10 bytes
    crypto_stream_test.go:276: offset 106: 13 bytes
    crypto_stream_test.go:276: offset 119: 1 bytes
    crypto_stream_test.go:276: offset 120: 19 bytes
    crypto_stream_test.go:276: offset 139: 10 bytes
    crypto_stream_test.go:276: offset 149: 8 bytes
    crypto_stream_test.go:276: offset 157: 1 bytes
    crypto_stream_test.go:276: offset 158: 180 bytes
    crypto_stream_test.go:276: offset 338: 20 bytes
    crypto_stream_test.go:276: offset 358: 17 bytes
    crypto_stream_test.go:276: offset 375: 14 bytes
    crypto_stream_test.go:276: offset 389: 35 bytes
=== RUN   TestInitialCryptoStreamClientRandomizedSizes/run_60
    crypto_stream_test.go:225: using a ClientHello without ECH, hostname: ""
    crypto_stream_test.go:273: received 2 frames
    crypto_stream_test.go:276: offset 0: 322 bytes
    crypto_stream_test.go:276: offset 322: 16 bytes
=== RUN   TestInitialCryptoStreamClientRandomizedSizes/run_61
    crypto_stream_test.go:225: using a ClientHello without ECH, hostname: ""
    crypto_stream_test.go:273: received 3 frames
    crypto_stream_test.go:276: offset 0: 284 bytes
    crypto_stream_test.go:276: offset 284: 11 bytes
    crypto_stream_test.go:276: offset 295: 18 bytes
=== RUN   TestInitialCryptoStreamClientRandomizedSizes/run_62
    crypto_stream_test.go:230: using a ClientHello with ECH, hostname: "ybr.mpcw.kfj.dorrqhde"
    crypto_stream_test.go:273: received 20 frames
    crypto_stream_test.go:276: offset 0: 5 bytes
    crypto_stream_test.go:276: offset 5: 65 bytes
    crypto_stream_test.go:276: offset 81: 63 bytes
    crypto_stream_test.go:276: offset 160: 7 bytes
    crypto_stream_test.go:276: offset 167: 2 bytes
    crypto_stream_test.go:276: offset 169: 12 bytes
    crypto_stream_test.go:276: offset 181: 26 bytes
    crypto_stream_test.go:276: offset 207: 14 bytes
    crypto_stream_test.go:276: offset 221: 17 bytes
    crypto_stream_test.go:276: offset 238: 21 bytes
    crypto_stream_test.go:276: offset 259: 22 bytes
    crypto_stream_test.go:276: offset 281: 17 bytes
    crypto_stream_test.go:276: offset 298: 13 bytes
    crypto_stream_test.go:276: offset 311: 25 bytes
    crypto_stream_test.go:276: offset 336: 21 bytes
    crypto_stream_test.go:276: offset 357: 24 bytes
    crypto_stream_test.go:276: offset 381: 177 bytes
    crypto_stream_test.go:276: offset 70: 11 bytes
    crypto_stream_test.go:276: offset 144: 16 bytes
    crypto_stream_test.go:276: offset 558: 6 bytes
=== RUN   TestInitialCryptoStreamClientRandomizedSizes/run_63
    crypto_stream_test.go:225: using a ClientHello without ECH, hostname: ""
    crypto_stream_test.go:273: received 2 frames
    crypto_stream_test.go:276: offset 0: 9 bytes
    crypto_stream_test.go:276: offset 9: 274 bytes
=== RUN   TestInitialCryptoStreamClientRandomizedSizes/run_64
    crypto_stream_test.go:225: using a ClientHello without ECH, hostname: ""
    crypto_stream_test.go:273: received 3 frames
    crypto_stream_test.go:276: offset 0: 7 bytes
    crypto_stream_test.go:276: offset 7: 28 bytes
    crypto_stream_test.go:276: offset 35: 264 bytes
=== RUN   TestInitialCryptoStreamClientRandomizedSizes/run_65
    crypto_stream_test.go:230: using a ClientHello with ECH, hostname: "nt.id.rf.s.v.z.p.sk.p"
    crypto_stream_test.go:273: received 11 frames
    crypto_stream_test.go:276: offset 0: 9 bytes
    crypto_stream_test.go:276: offset 9: 3 bytes
    crypto_stream_test.go:276: offset 12: 58 bytes
    crypto_stream_test.go:276: offset 81: 124 bytes
    crypto_stream_test.go:276: offset 221: 84 bytes
    crypto_stream_test.go:276: offset 305: 9 bytes
    crypto_stream_test.go:276: offset 314: 369 bytes
    crypto_stream_test.go:276: offset 70: 3 bytes
    crypto_stream_test.go:276: offset 73: 8 bytes
    crypto_stream_test.go:276: offset 205: 16 bytes
    crypto_stream_test.go:276: offset 683: 6 bytes
=== RUN   TestInitialCryptoStreamClientRandomizedSizes/run_66
    crypto_stream_test.go:230: using a ClientHello with ECH, hostname: "rd.vokdwhgnmyg.kp"
    crypto_stream_test.go:273: received 11 frames
    crypto_stream_test.go:276: offset 0: 68 bytes
    crypto_stream_test.go:276: offset 77: 6 bytes
    crypto_stream_test.go:276: offset 83: 11 bytes
    crypto_stream_test.go:276: offset 110: 5 bytes
    crypto_stream_test.go:276: offset 115: 14 bytes
    crypto_stream_test.go:276: offset 129: 27 bytes
    crypto_stream_test.go:276: offset 156: 18 bytes
    crypto_stream_test.go:276: offset 174: 270 bytes
    crypto_stream_test.go:276: offset 68: 9 bytes
    crypto_stream_test.go:276: offset 94: 16 bytes
    crypto_stream_test.go:276: offset 444: 6 bytes
=== RUN   TestInitialCryptoStreamClientRandomizedSizes/run_67
    crypto_stream_test.go:225: using a ClientHello without ECH, hostname: "hxogs.wjj.tacrgttnj"
    crypto_stream_test.go:273: received 16 frames
    crypto_stream_test.go:276: offset 0: 26 bytes
    crypto_stream_test.go:276: offset 26: 8 bytes
    crypto_stream_test.go:276: offset 34: 35 bytes
    crypto_stream_test.go:276: offset 79: 21 bytes
    crypto_stream_test.go:276: offset 100: 97 bytes
    crypto_stream_test.go:276: offset 197: 2 bytes
    crypto_stream_test.go:276: offset 199: 27 bytes
    crypto_stream_test.go:276: offset 226: 16 bytes
    crypto_stream_test.go:276: offset 242: 24 bytes
    crypto_stream_test.go:276: offset 266: 124 bytes
    crypto_stream_test.go:276: offset 390: 12 bytes
    crypto_stream_test.go:276: offset 402: 18 bytes
    crypto_stream_test.go:276: offset 420: 14 bytes
    crypto_stream_test.go:276: offset 69: 6 bytes
    crypto_stream_test.go:276: offset 75: 4 bytes
    crypto_stream_test.go:276: offset 434: 6 bytes
=== RUN   TestInitialCryptoStreamClientRandomizedSizes/run_68
    crypto_stream_test.go:230: using a ClientHello with ECH, hostname: "b.wh.fjaqnti.aqoa"
    crypto_stream_test.go:273: received 14 frames
    crypto_stream_test.go:276: offset 0: 26 bytes
    crypto_stream_test.go:276: offset 26: 9 bytes
    crypto_stream_test.go:276: offset 35: 11 bytes
    crypto_stream_test.go:276: offset 46: 22 bytes
    crypto_stream_test.go:276: offset 77: 134 bytes
    crypto_stream_test.go:276: offset 227: 13 bytes
    crypto_stream_test.go:276: offset 240: 423 bytes
    crypto_stream_test.go:276: offset 663: 21 bytes
    crypto_stream_test.go:276: offset 684: 5 bytes
    crypto_stream_test.go:276: offset 68: 7 bytes
    crypto_stream_test.go:276: offset 75: 2 bytes
    crypto_stream_test.go:276: offset 211: 8 bytes
    crypto_stream_test.go:276: offset 219: 8 bytes
    crypto_stream_test.go:276: offset 689: 6 bytes
=== RUN   TestInitialCryptoStreamClientRandomizedSizes/run_69
    crypto_stream_test.go:225: using a ClientHello without ECH, hostname: "wvzfudddxntoxmv"
    crypto_stream_test.go:273: received 10 frames
    crypto_stream_test.go:276: offset 0: 23 bytes
    crypto_stream_test.go:276: offset 23: 20 bytes
    crypto_stream_test.go:276: offset 43: 20 bytes
    crypto_stream_test.go:276: offset 63: 4 bytes
    crypto_stream_test.go:276: offset 75: 11 bytes
    crypto_stream_test.go:276: offset 86: 6 bytes
    crypto_stream_test.go:276: offset 92: 13 bytes
    crypto_stream_test.go:276: offset 105: 333 bytes
    crypto_stream_test.go:276: offset 67: 8 bytes
    crypto_stream_test.go:276: offset 438: 6 bytes
=== RUN   TestInitialCryptoStreamClientRandomizedSizes/run_70
    crypto_stream_test.go:230: using a ClientHello with ECH, hostname: "nr.c.zreavr"
    crypto_stream_test.go:273: received 11 frames
    crypto_stream_test.go:276: offset 0: 26 bytes
    crypto_stream_test.go:276: offset 26: 39 bytes
    crypto_stream_test.go:276: offset 71: 89 bytes
    crypto_stream_test.go:276: offset 176: 15 bytes
    crypto_stream_test.go:276: offset 191: 3 bytes
    crypto_stream_test.go:276: offset 194: 18 bytes
    crypto_stream_test.go:276: offset 212: 392 bytes
    crypto_stream_test.go:276: offset 604: 2 bytes
    crypto_stream_test.go:276: offset 65: 6 bytes
    crypto_stream_test.go:276: offset 160: 16 bytes
    crypto_stream_test.go:276: offset 606: 6 bytes
=== RUN   TestInitialCryptoStreamClientRandomizedSizes/run_71
    crypto_stream_test.go:230: using a ClientHello with ECH, hostname: "dpa.sw.oahikeohm"
    crypto_stream_test.go:273: received 9 frames
    crypto_stream_test.go:276: offset 0: 68 bytes
    crypto_stream_test.go:276: offset 76: 11 bytes
    crypto_stream_test.go:276: offset 87: 47 bytes
    crypto_stream_test.go:276: offset 150: 398 bytes
    crypto_stream_test.go:276: offset 68: 8 bytes
    crypto_stream_test.go:276: offset 134: 3 bytes
    crypto_stream_test.go:276: offset 137: 13 bytes
    crypto_stream_test.go:276: offset 548: 1 bytes
    crypto_stream_test.go:276: offset 549: 5 bytes
=== RUN   TestInitialCryptoStreamClientRandomizedSizes/run_72
    crypto_stream_test.go:225: using a ClientHello without ECH, hostname: "vwbkwo.lyirnjffu.l"
    crypto_stream_test.go:273: received 8 frames
    crypto_stream_test.go:276: offset 0: 2 bytes
    crypto_stream_test.go:276: offset 2: 10 bytes
    crypto_stream_test.go:276: offset 12: 21 bytes
    crypto_stream_test.go:276: offset 33: 22 bytes
    crypto_stream_test.go:276: offset 55: 14 bytes
    crypto_stream_test.go:276: offset 78: 218 bytes
    crypto_stream_test.go:276: offset 69: 9 bytes
    crypto_stream_test.go:276: offset 296: 6 bytes
=== RUN   TestInitialCryptoStreamClientRandomizedSizes/run_73
    crypto_stream_test.go:225: using a ClientHello without ECH, hostname: ""
    crypto_stream_test.go:273: received 3 frames
    crypto_stream_test.go:276: offset 0: 24 bytes
    crypto_stream_test.go:276: offset 24: 29 bytes
    crypto_stream_test.go:276: offset 53: 262 bytes
=== RUN   TestInitialCryptoStreamClientRandomizedSizes/run_74
    crypto_stream_test.go:230: using a ClientHello with ECH, hostname: "dlqzlmucvnvqb.r.x.gl.es"
    crypto_stream_test.go:273: received 14 frames
    crypto_stream_test.go:276: offset 0: 27 bytes
    crypto_stream_test.go:276: offset 27: 44 bytes
    crypto_stream_test.go:276: offset 83: 10 bytes
    crypto_stream_test.go:276: offset 93: 4 bytes
    crypto_stream_test.go:276: offset 97: 4 bytes
    crypto_stream_test.go:276: offset 101: 25 bytes
    crypto_stream_test.go:276: offset 126: 15 bytes
    crypto_stream_test.go:276: offset 141: 6 bytes
    crypto_stream_test.go:276: offset 163: 6 bytes
    crypto_stream_test.go:276: offset 169: 345 bytes
    crypto_stream_test.go:276: offset 514: 47 bytes
    crypto_stream_test.go:276: offset 71: 12 bytes
    crypto_stream_test.go:276: offset 147: 16 bytes
    crypto_stream_test.go:276: offset 561: 6 bytes
=== RUN   TestInitialCryptoStreamClientRandomizedSizes/run_75
    crypto_stream_test.go:225: using a ClientHello without ECH, hostname: "gr.tmfabxo.qqlexhv"
    crypto_stream_test.go:273: received 6 frames
    crypto_stream_test.go:276: offset 0: 12 bytes
    crypto_stream_test.go:276: offset 12: 28 bytes
    crypto_stream_test.go:276: offset 40: 29 bytes
    crypto_stream_test.go:276: offset 78: 255 bytes
    crypto_stream_test.go:276: offset 69: 9 bytes
    crypto_stream_test.go:276: offset 333: 6 bytes
=== RUN   TestInitialCryptoStreamClientRandomizedSizes/run_76
    crypto_stream_test.go:225: using a ClientHello without ECH, hostname: "wglptbpjq.mr.k"
    crypto_stream_test.go:273: received 6 frames
    crypto_stream_test.go:276: offset 0: 27 bytes
    crypto_stream_test.go:276: offset 27: 40 bytes
    crypto_stream_test.go:276: offset 74: 138 bytes
    crypto_stream_test.go:276: offset 212: 59 bytes
    crypto_stream_test.go:276: offset 67: 7 bytes
    crypto_stream_test.go:276: offset 271: 6 bytes
=== RUN   TestInitialCryptoStreamClientRandomizedSizes/run_77
    crypto_stream_test.go:230: using a ClientHello with ECH, hostname: "uofrpzxud.q.w.zz.t"
    crypto_stream_test.go:273: received 14 frames
    crypto_stream_test.go:276: offset 0: 9 bytes
    crypto_stream_test.go:276: offset 9: 9 bytes
    crypto_stream_test.go:276: offset 18: 51 bytes
    crypto_stream_test.go:276: offset 78: 1 bytes
    crypto_stream_test.go:276: offset 79: 49 bytes
    crypto_stream_test.go:276: offset 144: 3 bytes
    crypto_stream_test.go:276: offset 147: 307 bytes
    crypto_stream_test.go:276: offset 454: 14 bytes
    crypto_stream_test.go:276: offset 468: 42 bytes
    crypto_stream_test.go:276: offset 69: 9 bytes
    crypto_stream_test.go:276: offset 128: 13 bytes
    crypto_stream_test.go:276: offset 141: 3 bytes
    crypto_stream_test.go:276: offset 510: 5 bytes
    crypto_stream_test.go:276: offset 515: 1 bytes
=== RUN   TestInitialCryptoStreamClientRandomizedSizes/run_78
    crypto_stream_test.go:225: using a ClientHello without ECH, hostname: "y.tymihrg.m"
    crypto_stream_test.go:273: received 10 frames
    crypto_stream_test.go:276: offset 0: 65 bytes
    crypto_stream_test.go:276: offset 71: 9 bytes
    crypto_stream_test.go:276: offset 80: 28 bytes
    crypto_stream_test.go:276: offset 108: 17 bytes
    crypto_stream_test.go:276: offset 125: 6 bytes
    crypto_stream_test.go:276: offset 131: 82 bytes
    crypto_stream_test.go:276: offset 213: 16 bytes
    crypto_stream_test.go:276: offset 229: 115 bytes
    crypto_stream_test.go:276: offset 65: 6 bytes
    crypto_stream_test.go:276: offset 344: 6 bytes
=== RUN   TestInitialCryptoStreamClientRandomizedSizes/run_79
    crypto_stream_test.go:225: using a ClientHello without ECH, hostname: "tiaxwwq.civ.u.g.cjulre"
    crypto_stream_test.go:273: received 6 frames
    crypto_stream_test.go:276: offset 0: 6 bytes
    crypto_stream_test.go:276: offset 6: 65 bytes
    crypto_stream_test.go:276: offset 82: 353 bytes
    crypto_stream_test.go:276: offset 71: 1 bytes
    crypto_stream_test.go:276: offset 72: 10 bytes
    crypto_stream_test.go:276: offset 435: 6 bytes
=== RUN   TestInitialCryptoStreamClientRandomizedSizes/run_80
    crypto_stream_test.go:230: using a ClientHello with ECH, hostname: "pyefr.f"
    crypto_stream_test.go:273: received 11 frames
    crypto_stream_test.go:276: offset 0: 20 bytes
    crypto_stream_test.go:276: offset 20: 43 bytes
    crypto_stream_test.go:276: offset 67: 5 bytes
    crypto_stream_test.go:276: offset 72: 116 bytes
    crypto_stream_test.go:276: offset 204: 17 bytes
    crypto_stream_test.go:276: offset 221: 444 bytes
    crypto_stream_test.go:276: offset 665: 1 bytes
    crypto_stream_test.go:276: offset 63: 4 bytes
    crypto_stream_test.go:276: offset 188: 10 bytes
    crypto_stream_test.go:276: offset 198: 6 bytes
    crypto_stream_test.go:276: offset 666: 6 bytes
=== RUN   TestInitialCryptoStreamClientRandomizedSizes/run_81
    crypto_stream_test.go:225: using a ClientHello without ECH, hostname: ""
    crypto_stream_test.go:273: received 16 frames
    crypto_stream_test.go:276: offset 0: 24 bytes
    crypto_stream_test.go:276: offset 24: 12 bytes
    crypto_stream_test.go:276: offset 36: 14 bytes
    crypto_stream_test.go:276: offset 50: 5 bytes
    crypto_stream_test.go:276: offset 55: 19 bytes
    crypto_stream_test.go:276: offset 74: 20 bytes
    crypto_stream_test.go:276: offset 94: 22 bytes
    crypto_stream_test.go:276: offset 116: 18 bytes
    crypto_stream_test.go:276: offset 134: 218 bytes
    crypto_stream_test.go:276: offset 352: 4 bytes
    crypto_stream_test.go:276: offset 356: 14 bytes
    crypto_stream_test.go:276: offset 370: 22 bytes
    crypto_stream_test.go:276: offset 392: 15 bytes
    crypto_stream_test.go:276: offset 407: 1 bytes
    crypto_stream_test.go:276: offset 408: 2 bytes
    crypto_stream_test.go:276: offset 410: 22 bytes
=== RUN   TestInitialCryptoStreamClientRandomizedSizes/run_82
    crypto_stream_test.go:230: using a ClientHello with ECH, hostname: "tbqyu.z"
    crypto_stream_test.go:273: received 17 frames
    crypto_stream_test.go:276: offset 0: 23 bytes
    crypto_stream_test.go:276: offset 23: 14 bytes
    crypto_stream_test.go:276: offset 37: 5 bytes
    crypto_stream_test.go:276: offset 42: 21 bytes
    crypto_stream_test.go:276: offset 67: 3 bytes
    crypto_stream_test.go:276: offset 70: 14 bytes
    crypto_stream_test.go:276: offset 84: 20 bytes
    crypto_stream_test.go:276: offset 104: 11 bytes
    crypto_stream_test.go:276: offset 115: 4 bytes
    crypto_stream_test.go:276: offset 119: 49 bytes
    crypto_stream_test.go:276: offset 184: 28 bytes
    crypto_stream_test.go:276: offset 212: 19 bytes
    crypto_stream_test.go:276: offset 231: 383 bytes
    crypto_stream_test.go:276: offset 63: 4 bytes
    crypto_stream_test.go:276: offset 168: 1 bytes
    crypto_stream_test.go:276: offset 169: 15 bytes
    crypto_stream_test.go:276: offset 614: 6 bytes
=== RUN   TestInitialCryptoStreamClientRandomizedSizes/run_83
    crypto_stream_test.go:230: using a ClientHello with ECH, hostname: "pndlb.edo"
    crypto_stream_test.go:273: received 24 frames
    crypto_stream_test.go:276: offset 0: 64 bytes
    crypto_stream_test.go:276: offset 69: 4 bytes
    crypto_stream_test.go:276: offset 73: 2 bytes
    crypto_stream_test.go:276: offset 75: 26 bytes
    crypto_stream_test.go:276: offset 101: 152 bytes
    crypto_stream_test.go:276: offset 269: 16 bytes
    crypto_stream_test.go:276: offset 285: 213 bytes
    crypto_stream_test.go:276: offset 498: 27 bytes
    crypto_stream_test.go:276: offset 525: 16 bytes
    crypto_stream_test.go:276: offset 541: 24 bytes
    crypto_stream_test.go:276: offset 565: 14 bytes
    crypto_stream_test.go:276: offset 579: 17 bytes
    crypto_stream_test.go:276: offset 596: 20 bytes
    crypto_stream_test.go:276: offset 616: 5 bytes
    crypto_stream_test.go:276: offset 621: 26 bytes
    crypto_stream_test.go:276: offset 647: 5 bytes
    crypto_stream_test.go:276: offset 652: 8 bytes
    crypto_stream_test.go:276: offset 660: 135 bytes
    crypto_stream_test.go:276: offset 64: 5 bytes
    crypto_stream_test.go:276: offset 253: 9 bytes
    crypto_stream_test.go:276: offset 262: 2 bytes
    crypto_stream_test.go:276: offset 264: 4 bytes
    crypto_stream_test.go:276: offset 268: 1 bytes
    crypto_stream_test.go:276: offset 795: 6 bytes
=== RUN   TestInitialCryptoStreamClientRandomizedSizes/run_84
    crypto_stream_test.go:230: using a ClientHello with ECH, hostname: "l.rhwfcm.xw.vm.q.azgn.iz"
    crypto_stream_test.go:273: received 11 frames
    crypto_stream_test.go:276: offset 0: 25 bytes
    crypto_stream_test.go:276: offset 25: 20 bytes
    crypto_stream_test.go:276: offset 45: 27 bytes
    crypto_stream_test.go:276: offset 84: 20 bytes
    crypto_stream_test.go:276: offset 104: 74 bytes
    crypto_stream_test.go:276: offset 194: 28 bytes
    crypto_stream_test.go:276: offset 222: 2 bytes
    crypto_stream_test.go:276: offset 224: 400 bytes
    crypto_stream_test.go:276: offset 72: 12 bytes
    crypto_stream_test.go:276: offset 178: 16 bytes
    crypto_stream_test.go:276: offset 624: 6 bytes
=== RUN   TestInitialCryptoStreamClientRandomizedSizes/run_85
    crypto_stream_test.go:225: using a ClientHello without ECH, hostname: "dmjiwtxg.h.hckqits"
    crypto_stream_test.go:273: received 8 frames
    crypto_stream_test.go:276: offset 0: 29 bytes
    crypto_stream_test.go:276: offset 29: 23 bytes
    crypto_stream_test.go:276: offset 52: 7 bytes
    crypto_stream_test.go:276: offset 59: 10 bytes
    crypto_stream_test.go:276: offset 78: 2 bytes
    crypto_stream_test.go:276: offset 80: 220 bytes
    crypto_stream_test.go:276: offset 69: 9 bytes
    crypto_stream_test.go:276: offset 300: 6 bytes
=== RUN   TestInitialCryptoStreamClientRandomizedSizes/run_86
    crypto_stream_test.go:230: using a ClientHello with ECH, hostname: "ndcn.qk"
    crypto_stream_test.go:273: received 22 frames
    crypto_stream_test.go:276: offset 0: 11 bytes
    crypto_stream_test.go:276: offset 11: 29 bytes
    crypto_stream_test.go:276: offset 40: 23 bytes
    crypto_stream_test.go:276: offset 67: 27 bytes
    crypto_stream_test.go:276: offset 94: 17 bytes
    crypto_stream_test.go:276: offset 111: 162 bytes
    crypto_stream_test.go:276: offset 289: 10 bytes
    crypto_stream_test.go:276: offset 299: 12 bytes
    crypto_stream_test.go:276: offset 311: 23 bytes
    crypto_stream_test.go:276: offset 334: 12 bytes
    crypto_stream_test.go:276: offset 346: 23 bytes
    crypto_stream_test.go:276: offset 369: 28 bytes
    crypto_stream_test.go:276: offset 397: 19 bytes
    crypto_stream_test.go:276: offset 416: 7 bytes
    crypto_stream_test.go:276: offset 423: 24 bytes
    crypto_stream_test.go:276: offset 447: 5 bytes
    crypto_stream_test.go:276: offset 452: 123 bytes
    crypto_stream_test.go:276: offset 575: 240 bytes
    crypto_stream_test.go:276: offset 63: 1 bytes
    crypto_stream_test.go:276: offset 64: 3 bytes
    crypto_stream_test.go:276: offset 273: 16 bytes
    crypto_stream_test.go:276: offset 815: 6 bytes
=== RUN   TestInitialCryptoStreamClientRandomizedSizes/run_87
    crypto_stream_test.go:225: using a ClientHello without ECH, hostname: ""
    crypto_stream_test.go:273: received 7 frames
    crypto_stream_test.go:276: offset 0: 15 bytes
    crypto_stream_test.go:276: offset 15: 26 bytes
    crypto_stream_test.go:276: offset 41: 8 bytes
    crypto_stream_test.go:276: offset 49: 6 bytes
    crypto_stream_test.go:276: offset 55: 22 bytes
    crypto_stream_test.go:276: offset 77: 17 bytes
    crypto_stream_test.go:276: offset 94: 148 bytes
=== RUN   TestInitialCryptoStreamClientRandomizedSizes/run_88
    crypto_stream_test.go:225: using a ClientHello without ECH, hostname: ""
    crypto_stream_test.go:273: received 7 frames
    crypto_stream_test.go:276: offset 0: 9 bytes
    crypto_stream_test.go:276: offset 9: 7 bytes
    crypto_stream_test.go:276: offset 16: 1 bytes
    crypto_stream_test.go:276: offset 17: 4 bytes
    crypto_stream_test.go:276: offset 21: 211 bytes
    crypto_stream_test.go:276: offset 232: 11 bytes
    crypto_stream_test.go:276: offset 243: 26 bytes
=== RUN   TestInitialCryptoStreamClientRandomizedSizes/run_89
    crypto_stream_test.go:225: using a ClientHello without ECH, hostname: ""
    crypto_stream_test.go:273: received 9 frames
    crypto_stream_test.go:276: offset 0: 4 bytes
    crypto_stream_test.go:276: offset 4: 17 bytes
    crypto_stream_test.go:276: offset 21: 13 bytes
    crypto_stream_test.go:276: offset 34: 24 bytes
    crypto_stream_test.go:276: offset 58: 10 bytes
    crypto_stream_test.go:276: offset 68: 74 bytes
    crypto_stream_test.go:276: offset 142: 13 bytes
    crypto_stream_test.go:276: offset 155: 90 bytes
    crypto_stream_test.go:276: offset 245: 167 bytes
=== RUN   TestInitialCryptoStreamClientRandomizedSizes/run_90
    crypto_stream_test.go:230: using a ClientHello with ECH, hostname: "ys.qxhv"
    crypto_stream_test.go:273: received 12 frames
    crypto_stream_test.go:276: offset 0: 63 bytes
    crypto_stream_test.go:276: offset 67: 18 bytes
    crypto_stream_test.go:276: offset 85: 23 bytes
    crypto_stream_test.go:276: offset 108: 20 bytes
    crypto_stream_test.go:276: offset 128: 24 bytes
    crypto_stream_test.go:276: offset 152: 112 bytes
    crypto_stream_test.go:276: offset 280: 22 bytes
    crypto_stream_test.go:276: offset 302: 248 bytes
    crypto_stream_test.go:276: offset 550: 256 bytes
    crypto_stream_test.go:276: offset 63: 4 bytes
    crypto_stream_test.go:276: offset 264: 16 bytes
    crypto_stream_test.go:276: offset 806: 6 bytes
=== RUN   TestInitialCryptoStreamClientRandomizedSizes/run_91
    crypto_stream_test.go:230: using a ClientHello with ECH, hostname: "zrpd.nfi.nbixvle.eqyo"
    crypto_stream_test.go:273: received 23 frames
    crypto_stream_test.go:276: offset 0: 24 bytes
    crypto_stream_test.go:276: offset 24: 46 bytes
    crypto_stream_test.go:276: offset 81: 3 bytes
    crypto_stream_test.go:276: offset 84: 31 bytes
    crypto_stream_test.go:276: offset 115: 8 bytes
    crypto_stream_test.go:276: offset 123: 25 bytes
    crypto_stream_test.go:276: offset 164: 2 bytes
    crypto_stream_test.go:276: offset 166: 20 bytes
    crypto_stream_test.go:276: offset 186: 2 bytes
    crypto_stream_test.go:276: offset 188: 1 bytes
    crypto_stream_test.go:276: offset 189: 20 bytes
    crypto_stream_test.go:276: offset 209: 3 bytes
    crypto_stream_test.go:276: offset 212: 1 bytes
    crypto_stream_test.go:276: offset 213: 16 bytes
    crypto_stream_test.go:276: offset 229: 14 bytes
    crypto_stream_test.go:276: offset 243: 25 bytes
    crypto_stream_test.go:276: offset 268: 260 bytes
    crypto_stream_test.go:276: offset 528: 6 bytes
    crypto_stream_test.go:276: offset 534: 23 bytes
    crypto_stream_test.go:276: offset 557: 5 bytes
    crypto_stream_test.go:276: offset 70: 11 bytes
    crypto_stream_test.go:276: offset 148: 16 bytes
    crypto_stream_test.go:276: offset 562: 6 bytes
=== RUN   TestInitialCryptoStreamClientRandomizedSizes/run_92
    crypto_stream_test.go:230: using a ClientHello with ECH, hostname: "wp.uope.s.naiequduns"
    crypto_stream_test.go:273: received 20 frames
    crypto_stream_test.go:276: offset 0: 16 bytes
    crypto_stream_test.go:276: offset 16: 1 bytes
    crypto_stream_test.go:276: offset 17: 21 bytes
    crypto_stream_test.go:276: offset 38: 3 bytes
    crypto_stream_test.go:276: offset 41: 10 bytes
    crypto_stream_test.go:276: offset 51: 12 bytes
    crypto_stream_test.go:276: offset 63: 7 bytes
    crypto_stream_test.go:276: offset 80: 147 bytes
    crypto_stream_test.go:276: offset 227: 9 bytes
    crypto_stream_test.go:276: offset 236: 1 bytes
    crypto_stream_test.go:276: offset 253: 22 bytes
    crypto_stream_test.go:276: offset 275: 382 bytes
    crypto_stream_test.go:276: offset 657: 6 bytes
    crypto_stream_test.go:276: offset 663: 14 bytes
    crypto_stream_test.go:276: offset 677: 12 bytes
    crypto_stream_test.go:276: offset 689: 10 bytes
    crypto_stream_test.go:276: offset 699: 48 bytes
    crypto_stream_test.go:276: offset 70: 10 bytes
    crypto_stream_test.go:276: offset 237: 16 bytes
    crypto_stream_test.go:276: offset 747: 6 bytes
=== RUN   TestInitialCryptoStreamClientRandomizedSizes/run_93
    crypto_stream_test.go:225: using a ClientHello without ECH, hostname: "nhkacuxk"
    crypto_stream_test.go:273: received 10 frames
    crypto_stream_test.go:276: offset 0: 64 bytes
    crypto_stream_test.go:276: offset 68: 14 bytes
    crypto_stream_test.go:276: offset 82: 72 bytes
    crypto_stream_test.go:276: offset 154: 12 bytes
    crypto_stream_test.go:276: offset 166: 8 bytes
    crypto_stream_test.go:276: offset 174: 18 bytes
    crypto_stream_test.go:276: offset 192: 1 bytes
    crypto_stream_test.go:276: offset 193: 76 bytes
    crypto_stream_test.go:276: offset 64: 4 bytes
    crypto_stream_test.go:276: offset 269: 6 bytes
=== RUN   TestInitialCryptoStreamClientRandomizedSizes/run_94
    crypto_stream_test.go:230: using a ClientHello with ECH, hostname: "zcm.ckevjwtgbls.tktvs"
    crypto_stream_test.go:273: received 10 frames
    crypto_stream_test.go:276: offset 0: 70 bytes
    crypto_stream_test.go:276: offset 81: 19 bytes
    crypto_stream_test.go:276: offset 100: 18 bytes
    crypto_stream_test.go:276: offset 118: 59 bytes
    crypto_stream_test.go:276: offset 193: 23 bytes
    crypto_stream_test.go:276: offset 216: 241 bytes
    crypto_stream_test.go:276: offset 457: 166 bytes
    crypto_stream_test.go:276: offset 70: 11 bytes
    crypto_stream_test.go:276: offset 177: 16 bytes
    crypto_stream_test.go:276: offset 623: 6 bytes
=== RUN   TestInitialCryptoStreamClientRandomizedSizes/run_95
    crypto_stream_test.go:225: using a ClientHello without ECH, hostname: ""
    crypto_stream_test.go:273: received 1 frames
    crypto_stream_test.go:276: offset 0: 257 bytes
=== RUN   TestInitialCryptoStreamClientRandomizedSizes/run_96
    crypto_stream_test.go:225: using a ClientHello without ECH, hostname: "de.xb.m.s.gb.fn"
    crypto_stream_test.go:273: received 19 frames
    crypto_stream_test.go:276: offset 0: 10 bytes
    crypto_stream_test.go:276: offset 10: 4 bytes
    crypto_stream_test.go:276: offset 14: 53 bytes
    crypto_stream_test.go:276: offset 75: 1 bytes
    crypto_stream_test.go:276: offset 76: 9 bytes
    crypto_stream_test.go:276: offset 85: 9 bytes
    crypto_stream_test.go:276: offset 94: 13 bytes
    crypto_stream_test.go:276: offset 107: 7 bytes
    crypto_stream_test.go:276: offset 114: 22 bytes
    crypto_stream_test.go:276: offset 136: 28 bytes
    crypto_stream_test.go:276: offset 164: 107 bytes
    crypto_stream_test.go:276: offset 271: 27 bytes
    crypto_stream_test.go:276: offset 298: 6 bytes
    crypto_stream_test.go:276: offset 304: 17 bytes
    crypto_stream_test.go:276: offset 321: 29 bytes
    crypto_stream_test.go:276: offset 350: 94 bytes
    crypto_stream_test.go:276: offset 67: 3 bytes
    crypto_stream_test.go:276: offset 70: 5 bytes
    crypto_stream_test.go:276: offset 444: 6 bytes
=== RUN   TestInitialCryptoStreamClientRandomizedSizes/run_97
    crypto_stream_test.go:230: using a ClientHello with ECH, hostname: "mciefa.jvqdhhhddxh"
    crypto_stream_test.go:273: received 17 frames
    crypto_stream_test.go:276: offset 0: 19 bytes
    crypto_stream_test.go:276: offset 19: 16 bytes
    crypto_stream_test.go:276: offset 35: 7 bytes
    crypto_stream_test.go:276: offset 42: 27 bytes
    crypto_stream_test.go:276: offset 78: 28 bytes
    crypto_stream_test.go:276: offset 106: 24 bytes
    crypto_stream_test.go:276: offset 130: 101 bytes
    crypto_stream_test.go:276: offset 247: 120 bytes
    crypto_stream_test.go:276: offset 367: 199 bytes
    crypto_stream_test.go:276: offset 566: 20 bytes
    crypto_stream_test.go:276: offset 586: 26 bytes
    crypto_stream_test.go:276: offset 612: 129 bytes
    crypto_stream_test.go:276: offset 69: 9 bytes
    crypto_stream_test.go:276: offset 231: 4 bytes
    crypto_stream_test.go:276: offset 235: 11 bytes
    crypto_stream_test.go:276: offset 246: 1 bytes
    crypto_stream_test.go:276: offset 741: 6 bytes
=== RUN   TestInitialCryptoStreamClientRandomizedSizes/run_98
    crypto_stream_test.go:230: using a ClientHello with ECH, hostname: "apydxrpyw.zwq"
    crypto_stream_test.go:273: received 13 frames
    crypto_stream_test.go:276: offset 0: 26 bytes
    crypto_stream_test.go:276: offset 26: 40 bytes
    crypto_stream_test.go:276: offset 73: 9 bytes
    crypto_stream_test.go:276: offset 82: 15 bytes
    crypto_stream_test.go:276: offset 97: 14 bytes
    crypto_stream_test.go:276: offset 111: 24 bytes
    crypto_stream_test.go:276: offset 151: 6 bytes
    crypto_stream_test.go:276: offset 157: 215 bytes
    crypto_stream_test.go:276: offset 372: 13 bytes
    crypto_stream_test.go:276: offset 385: 164 bytes
    crypto_stream_test.go:276: offset 66: 7 bytes
    crypto_stream_test.go:276: offset 135: 16 bytes
    crypto_stream_test.go:276: offset 549: 6 bytes
=== RUN   TestInitialCryptoStreamClientRandomizedSizes/run_99
    crypto_stream_test.go:230: using a ClientHello with ECH, hostname: "q.qg.hdnzswyn"
    crypto_stream_test.go:273: received 13 frames
    crypto_stream_test.go:276: offset 0: 21 bytes
    crypto_stream_test.go:276: offset 21: 27 bytes
    crypto_stream_test.go:276: offset 48: 3 bytes
    crypto_stream_test.go:276: offset 51: 15 bytes
    crypto_stream_test.go:276: offset 73: 62 bytes
    crypto_stream_test.go:276: offset 151: 45 bytes
    crypto_stream_test.go:276: offset 196: 8 bytes
    crypto_stream_test.go:276: offset 204: 10 bytes
    crypto_stream_test.go:276: offset 214: 7 bytes
    crypto_stream_test.go:276: offset 221: 328 bytes
    crypto_stream_test.go:276: offset 66: 7 bytes
    crypto_stream_test.go:276: offset 135: 16 bytes
    crypto_stream_test.go:276: offset 549: 6 bytes
--- PASS: TestInitialCryptoStreamClientRandomizedSizes (0.03s)
    --- PASS: TestInitialCryptoStreamClientRandomizedSizes/run_0 (0.00s)
    --- PASS: TestInitialCryptoStreamClientRandomizedSizes/run_1 (0.00s)
    --- PASS: TestInitialCryptoStreamClientRandomizedSizes/run_2 (0.00s)
    --- PASS: TestInitialCryptoStreamClientRandomizedSizes/run_3 (0.00s)
    --- PASS: TestInitialCryptoStreamClientRandomizedSizes/run_4 (0.00s)
    --- PASS: TestInitialCryptoStreamClientRandomizedSizes/run_5 (0.00s)
    --- PASS: TestInitialCryptoStreamClientRandomizedSizes/run_6 (0.00s)
    --- PASS: TestInitialCryptoStreamClientRandomizedSizes/run_7 (0.00s)
    --- PASS: TestInitialCryptoStreamClientRandomizedSizes/run_8 (0.00s)
    --- PASS: TestInitialCryptoStreamClientRandomizedSizes/run_9 (0.00s)
    --- PASS: TestInitialCryptoStreamClientRandomizedSizes/run_10 (0.00s)
    --- PASS: TestInitialCryptoStreamClientRandomizedSizes/run_11 (0.00s)
    --- PASS: TestInitialCryptoStreamClientRandomizedSizes/run_12 (0.00s)
    --- PASS: TestInitialCryptoStreamClientRandomizedSizes/run_13 (0.00s)
    --- PASS: TestInitialCryptoStreamClientRandomizedSizes/run_14 (0.00s)
    --- PASS: TestInitialCryptoStreamClientRandomizedSizes/run_15 (0.00s)
    --- PASS: TestInitialCryptoStreamClientRandomizedSizes/run_16 (0.00s)
    --- PASS: TestInitialCryptoStreamClientRandomizedSizes/run_17 (0.00s)
    --- PASS: TestInitialCryptoStreamClientRandomizedSizes/run_18 (0.00s)
    --- PASS: TestInitialCryptoStreamClientRandomizedSizes/run_19 (0.00s)
    --- PASS: TestInitialCryptoStreamClientRandomizedSizes/run_20 (0.00s)
    --- PASS: TestInitialCryptoStreamClientRandomizedSizes/run_21 (0.00s)
    --- PASS: TestInitialCryptoStreamClientRandomizedSizes/run_22 (0.00s)
    --- PASS: TestInitialCryptoStreamClientRandomizedSizes/run_23 (0.00s)
    --- PASS: TestInitialCryptoStreamClientRandomizedSizes/run_24 (0.00s)
    --- PASS: TestInitialCryptoStreamClientRandomizedSizes/run_25 (0.00s)
    --- PASS: TestInitialCryptoStreamClientRandomizedSizes/run_26 (0.00s)
    --- PASS: TestInitialCryptoStreamClientRandomizedSizes/run_27 (0.00s)
    --- PASS: TestInitialCryptoStreamClientRandomizedSizes/run_28 (0.00s)
    --- PASS: TestInitialCryptoStreamClientRandomizedSizes/run_29 (0.00s)
    --- PASS: TestInitialCryptoStreamClientRandomizedSizes/run_30 (0.00s)
    --- PASS: TestInitialCryptoStreamClientRandomizedSizes/run_31 (0.00s)
    --- PASS: TestInitialCryptoStreamClientRandomizedSizes/run_32 (0.00s)
    --- PASS: TestInitialCryptoStreamClientRandomizedSizes/run_33 (0.00s)
    --- PASS: TestInitialCryptoStreamClientRandomizedSizes/run_34 (0.00s)
    --- PASS: TestInitialCryptoStreamClientRandomizedSizes/run_35 (0.00s)
    --- PASS: TestInitialCryptoStreamClientRandomizedSizes/run_36 (0.00s)
    --- PASS: TestInitialCryptoStreamClientRandomizedSizes/run_37 (0.00s)
    --- PASS: TestInitialCryptoStreamClientRandomizedSizes/run_38 (0.00s)
    --- PASS: TestInitialCryptoStreamClientRandomizedSizes/run_39 (0.00s)
    --- PASS: TestInitialCryptoStreamClientRandomizedSizes/run_40 (0.00s)
    --- PASS: TestInitialCryptoStreamClientRandomizedSizes/run_41 (0.00s)
    --- PASS: TestInitialCryptoStreamClientRandomizedSizes/run_42 (0.00s)
    --- PASS: TestInitialCryptoStreamClientRandomizedSizes/run_43 (0.00s)
    --- PASS: TestInitialCryptoStreamClientRandomizedSizes/run_44 (0.00s)
    --- PASS: TestInitialCryptoStreamClientRandomizedSizes/run_45 (0.00s)
    --- PASS: TestInitialCryptoStreamClientRandomizedSizes/run_46 (0.00s)
    --- PASS: TestInitialCryptoStreamClientRandomizedSizes/run_47 (0.00s)
    --- PASS: TestInitialCryptoStreamClientRandomizedSizes/run_48 (0.00s)
    --- PASS: TestInitialCryptoStreamClientRandomizedSizes/run_49 (0.00s)
    --- PASS: TestInitialCryptoStreamClientRandomizedSizes/run_50 (0.00s)
    --- PASS: TestInitialCryptoStreamClientRandomizedSizes/run_51 (0.00s)
    --- PASS: TestInitialCryptoStreamClientRandomizedSizes/run_52 (0.00s)
    --- PASS: TestInitialCryptoStreamClientRandomizedSizes/run_53 (0.00s)
    --- PASS: TestInitialCryptoStreamClientRandomizedSizes/run_54 (0.00s)
    --- PASS: TestInitialCryptoStreamClientRandomizedSizes/run_55 (0.00s)
    --- PASS: TestInitialCryptoStreamClientRandomizedSizes/run_56 (0.00s)
    --- PASS: TestInitialCryptoStreamClientRandomizedSizes/run_57 (0.00s)
    --- PASS: TestInitialCryptoStreamClientRandomizedSizes/run_58 (0.00s)
    --- PASS: TestInitialCryptoStreamClientRandomizedSizes/run_59 (0.00s)
    --- PASS: TestInitialCryptoStreamClientRandomizedSizes/run_60 (0.00s)
    --- PASS: TestInitialCryptoStreamClientRandomizedSizes/run_61 (0.00s)
    --- PASS: TestInitialCryptoStreamClientRandomizedSizes/run_62 (0.00s)
    --- PASS: TestInitialCryptoStreamClientRandomizedSizes/run_63 (0.00s)
    --- PASS: TestInitialCryptoStreamClientRandomizedSizes/run_64 (0.00s)
    --- PASS: TestInitialCryptoStreamClientRandomizedSizes/run_65 (0.00s)
    --- PASS: TestInitialCryptoStreamClientRandomizedSizes/run_66 (0.00s)
    --- PASS: TestInitialCryptoStreamClientRandomizedSizes/run_67 (0.00s)
    --- PASS: TestInitialCryptoStreamClientRandomizedSizes/run_68 (0.00s)
    --- PASS: TestInitialCryptoStreamClientRandomizedSizes/run_69 (0.00s)
    --- PASS: TestInitialCryptoStreamClientRandomizedSizes/run_70 (0.00s)
    --- PASS: TestInitialCryptoStreamClientRandomizedSizes/run_71 (0.00s)
    --- PASS: TestInitialCryptoStreamClientRandomizedSizes/run_72 (0.00s)
    --- PASS: TestInitialCryptoStreamClientRandomizedSizes/run_73 (0.00s)
    --- PASS: TestInitialCryptoStreamClientRandomizedSizes/run_74 (0.00s)
    --- PASS: TestInitialCryptoStreamClientRandomizedSizes/run_75 (0.00s)
    --- PASS: TestInitialCryptoStreamClientRandomizedSizes/run_76 (0.00s)
    --- PASS: TestInitialCryptoStreamClientRandomizedSizes/run_77 (0.00s)
    --- PASS: TestInitialCryptoStreamClientRandomizedSizes/run_78 (0.00s)
    --- PASS: TestInitialCryptoStreamClientRandomizedSizes/run_79 (0.00s)
    --- PASS: TestInitialCryptoStreamClientRandomizedSizes/run_80 (0.00s)
    --- PASS: TestInitialCryptoStreamClientRandomizedSizes/run_81 (0.00s)
    --- PASS: TestInitialCryptoStreamClientRandomizedSizes/run_82 (0.00s)
    --- PASS: TestInitialCryptoStreamClientRandomizedSizes/run_83 (0.00s)
    --- PASS: TestInitialCryptoStreamClientRandomizedSizes/run_84 (0.00s)
    --- PASS: TestInitialCryptoStreamClientRandomizedSizes/run_85 (0.00s)
    --- PASS: TestInitialCryptoStreamClientRandomizedSizes/run_86 (0.00s)
    --- PASS: TestInitialCryptoStreamClientRandomizedSizes/run_87 (0.00s)
    --- PASS: TestInitialCryptoStreamClientRandomizedSizes/run_88 (0.00s)
    --- PASS: TestInitialCryptoStreamClientRandomizedSizes/run_89 (0.00s)
    --- PASS: TestInitialCryptoStreamClientRandomizedSizes/run_90 (0.00s)
    --- PASS: TestInitialCryptoStreamClientRandomizedSizes/run_91 (0.00s)
    --- PASS: TestInitialCryptoStreamClientRandomizedSizes/run_92 (0.00s)
    --- PASS: TestInitialCryptoStreamClientRandomizedSizes/run_93 (0.00s)
    --- PASS: TestInitialCryptoStreamClientRandomizedSizes/run_94 (0.00s)
    --- PASS: TestInitialCryptoStreamClientRandomizedSizes/run_95 (0.00s)
    --- PASS: TestInitialCryptoStreamClientRandomizedSizes/run_96 (0.00s)
    --- PASS: TestInitialCryptoStreamClientRandomizedSizes/run_97 (0.00s)
    --- PASS: TestInitialCryptoStreamClientRandomizedSizes/run_98 (0.00s)
    --- PASS: TestInitialCryptoStreamClientRandomizedSizes/run_99 (0.00s)
=== RUN   TestSendStreamDeadlineRemoval
--- PASS: TestSendStreamDeadlineRemoval (0.00s)
=== RUN   TestServerAdmissionLifetime
=== RUN   TestServerAdmissionLifetime/accepted_and_full
=== RUN   TestServerAdmissionLifetime/closed
--- PASS: TestServerAdmissionLifetime (0.00s)
    --- PASS: TestServerAdmissionLifetime/accepted_and_full (0.00s)
    --- PASS: TestServerAdmissionLifetime/closed (0.00s)
=== RUN   TestListenAddrSetupFailureClosesSocket
=== RUN   TestListenAddrSetupFailureClosesSocket/ListenAddr
=== RUN   TestListenAddrSetupFailureClosesSocket/ListenAddr/TLS_configuration
=== RUN   TestListenAddrSetupFailureClosesSocket/ListenAddr/QUIC_configuration
=== RUN   TestListenAddrSetupFailureClosesSocket/ListenAddrEarly
=== RUN   TestListenAddrSetupFailureClosesSocket/ListenAddrEarly/TLS_configuration
=== RUN   TestListenAddrSetupFailureClosesSocket/ListenAddrEarly/QUIC_configuration
--- PASS: TestListenAddrSetupFailureClosesSocket (0.00s)
    --- PASS: TestListenAddrSetupFailureClosesSocket/ListenAddr (0.00s)
        --- PASS: TestListenAddrSetupFailureClosesSocket/ListenAddr/TLS_configuration (0.00s)
        --- PASS: TestListenAddrSetupFailureClosesSocket/ListenAddr/QUIC_configuration (0.00s)
    --- PASS: TestListenAddrSetupFailureClosesSocket/ListenAddrEarly (0.00s)
        --- PASS: TestListenAddrSetupFailureClosesSocket/ListenAddrEarly/TLS_configuration (0.00s)
        --- PASS: TestListenAddrSetupFailureClosesSocket/ListenAddrEarly/QUIC_configuration (0.00s)
=== RUN   TestSendQueueEnqueueAtWorkerExit
=== RUN   TestSendQueueEnqueueAtWorkerExit/before
=== RUN   TestSendQueueEnqueueAtWorkerExit/concurrent
=== RUN   TestSendQueueEnqueueAtWorkerExit/after
--- PASS: TestSendQueueEnqueueAtWorkerExit (0.00s)
    --- PASS: TestSendQueueEnqueueAtWorkerExit/before (0.00s)
    --- PASS: TestSendQueueEnqueueAtWorkerExit/concurrent (0.00s)
    --- PASS: TestSendQueueEnqueueAtWorkerExit/after (0.00s)
=== RUN   TestUnpackLongHeaderPacket
=== RUN   TestUnpackLongHeaderPacket/Initial
=== RUN   TestUnpackLongHeaderPacket/Handshake
=== RUN   TestUnpackLongHeaderPacket/0-RTT
--- PASS: TestUnpackLongHeaderPacket (0.00s)
    --- PASS: TestUnpackLongHeaderPacket/Initial (0.00s)
    --- PASS: TestUnpackLongHeaderPacket/Handshake (0.00s)
    --- PASS: TestUnpackLongHeaderPacket/0-RTT (0.00s)
=== RUN   TestConnIDManagerRetiringConnectionIDs
--- PASS: TestConnIDManagerRetiringConnectionIDs (0.00s)
=== RUN   TestStreamsMapHandleSendStreamFrames
=== RUN   TestStreamsMapHandleSendStreamFrames/client
=== RUN   TestStreamsMapHandleSendStreamFrames/client/STOP_SENDING_frame
=== RUN   TestStreamsMapHandleSendStreamFrames/client/MAX_STREAM_DATA_frame
=== RUN   TestStreamsMapHandleSendStreamFrames/server
=== RUN   TestStreamsMapHandleSendStreamFrames/server/STOP_SENDING_frame
=== RUN   TestStreamsMapHandleSendStreamFrames/server/MAX_STREAM_DATA_frame
--- PASS: TestStreamsMapHandleSendStreamFrames (0.00s)
    --- PASS: TestStreamsMapHandleSendStreamFrames/client (0.00s)
        --- PASS: TestStreamsMapHandleSendStreamFrames/client/STOP_SENDING_frame (0.00s)
        --- PASS: TestStreamsMapHandleSendStreamFrames/client/MAX_STREAM_DATA_frame (0.00s)
    --- PASS: TestStreamsMapHandleSendStreamFrames/server (0.00s)
        --- PASS: TestStreamsMapHandleSendStreamFrames/server/STOP_SENDING_frame (0.00s)
        --- PASS: TestStreamsMapHandleSendStreamFrames/server/MAX_STREAM_DATA_frame (0.00s)
=== RUN   TestConnectionTransportParameterValidationFailureClient
=== RUN   TestConnectionTransportParameterValidationFailureClient/initial_source_connection_id
=== RUN   TestConnectionTransportParameterValidationFailureClient/original_destination_connection_id
=== RUN   TestConnectionTransportParameterValidationFailureClient/retry_source_connection_id_if_no_retry
=== RUN   TestConnectionTransportParameterValidationFailureClient/retry_source_connection_id_missing
=== RUN   TestConnectionTransportParameterValidationFailureClient/retry_source_connection_id_incorrect
--- PASS: TestConnectionTransportParameterValidationFailureClient (0.00s)
    --- PASS: TestConnectionTransportParameterValidationFailureClient/initial_source_connection_id (0.00s)
    --- PASS: TestConnectionTransportParameterValidationFailureClient/original_destination_connection_id (0.00s)
    --- PASS: TestConnectionTransportParameterValidationFailureClient/retry_source_connection_id_if_no_retry (0.00s)
    --- PASS: TestConnectionTransportParameterValidationFailureClient/retry_source_connection_id_missing (0.00s)
    --- PASS: TestConnectionTransportParameterValidationFailureClient/retry_source_connection_id_incorrect (0.00s)
=== RUN   TestFramerRemoveActiveStream
=== RUN   TestFramerRemoveActiveStream/incremental
=== RUN   TestFramerRemoveActiveStream/non-incremental
--- PASS: TestFramerRemoveActiveStream (0.00s)
    --- PASS: TestFramerRemoveActiveStream/incremental (0.00s)
    --- PASS: TestFramerRemoveActiveStream/non-incremental (0.00s)
=== RUN   TestServerFixtureStopsTransport
=== RUN   TestServerFixtureStopsTransport/fixture
--- PASS: TestServerFixtureStopsTransport (0.00s)
    --- PASS: TestServerFixtureStopsTransport/fixture (0.00s)
=== RUN   TestCoalescedSlabConcurrentRelease
--- PASS: TestCoalescedSlabConcurrentRelease (0.00s)
=== RUN   TestBufferPoolSplitting
--- PASS: TestBufferPoolSplitting (0.00s)
=== RUN   TestSendStreamRetransmitDataUntilAcknowledged
--- PASS: TestSendStreamRetransmitDataUntilAcknowledged (0.03s)
=== RUN   TestTransportTerminalLifetimeNonQUIC
=== RUN   TestTransportTerminalLifetimeNonQUIC/disabled
=== RUN   TestTransportTerminalLifetimeNonQUIC/full_queue
--- PASS: TestTransportTerminalLifetimeNonQUIC (0.00s)
    --- PASS: TestTransportTerminalLifetimeNonQUIC/disabled (0.00s)
    --- PASS: TestTransportTerminalLifetimeNonQUIC/full_queue (0.00s)
=== RUN   TestStreamsMapOutgoingOpenAndDelete
=== RUN   TestStreamsMapOutgoingOpenAndDelete/client
=== RUN   TestStreamsMapOutgoingOpenAndDelete/server
--- PASS: TestStreamsMapOutgoingOpenAndDelete (0.00s)
    --- PASS: TestStreamsMapOutgoingOpenAndDelete/client (0.00s)
    --- PASS: TestStreamsMapOutgoingOpenAndDelete/server (0.00s)
=== RUN   TestEmissionFatalCallerBuffer
=== RUN   TestEmissionFatalCallerBuffer/gso=false/append=1
=== RUN   TestEmissionFatalCallerBuffer/gso=false/append=2
=== RUN   TestEmissionFatalCallerBuffer/gso=true/append=1
=== RUN   TestEmissionFatalCallerBuffer/gso=true/append=2
--- PASS: TestEmissionFatalCallerBuffer (0.00s)
    --- PASS: TestEmissionFatalCallerBuffer/gso=false/append=1 (0.00s)
    --- PASS: TestEmissionFatalCallerBuffer/gso=false/append=2 (0.00s)
    --- PASS: TestEmissionFatalCallerBuffer/gso=true/append=1 (0.00s)
    --- PASS: TestEmissionFatalCallerBuffer/gso=true/append=2 (0.00s)
=== RUN   TestEmissionMTUProbeFullQueue
--- PASS: TestEmissionMTUProbeFullQueue (0.00s)
=== RUN   TestNewConnWithoutNetConn
--- PASS: TestNewConnWithoutNetConn (0.00s)
=== RUN   TestStreamWindowAutoTuning
--- PASS: TestStreamWindowAutoTuning (0.00s)
=== RUN   TestPackConnectionCloseCoalesced
=== RUN   TestPackConnectionCloseCoalesced/client
=== RUN   TestPackConnectionCloseCoalesced/server
--- PASS: TestPackConnectionCloseCoalesced (0.00s)
    --- PASS: TestPackConnectionCloseCoalesced/client (0.00s)
    --- PASS: TestPackConnectionCloseCoalesced/server (0.00s)
=== RUN   TestConnectionHandshakeServer
--- PASS: TestConnectionHandshakeServer (0.00s)
=== RUN   TestConnectionLoggingOtherFrames
--- PASS: TestConnectionLoggingOtherFrames (0.00s)
=== RUN   TestRetransmissionQueueDropEncLevel
=== RUN   TestRetransmissionQueueDropEncLevel/Initial
=== RUN   TestRetransmissionQueueDropEncLevel/Handshake
--- PASS: TestRetransmissionQueueDropEncLevel (0.00s)
    --- PASS: TestRetransmissionQueueDropEncLevel/Initial (0.00s)
    --- PASS: TestRetransmissionQueueDropEncLevel/Handshake (0.00s)
=== RUN   TestStreamsMapClosing
--- PASS: TestStreamsMapClosing (0.00s)
=== RUN   TestOOBReaderBatchErrorRetry
--- PASS: TestOOBReaderBatchErrorRetry (0.00s)
=== RUN   TestMTUDiscovererAckAndLoss
--- PASS: TestMTUDiscovererAckAndLoss (0.00s)
=== RUN   TestDatagramQueuePeekAndPop
--- PASS: TestDatagramQueuePeekAndPop (0.00s)
=== RUN   TestUnpackHeaderSampleLongHeader
=== RUN   TestUnpackHeaderSampleLongHeader/too_short
=== RUN   TestUnpackHeaderSampleLongHeader/minimal_size
--- PASS: TestUnpackHeaderSampleLongHeader (0.00s)
    --- PASS: TestUnpackHeaderSampleLongHeader/too_short (0.00s)
    --- PASS: TestUnpackHeaderSampleLongHeader/minimal_size (0.00s)
=== RUN   TestConnIDManagerZeroLengthConnectionID
--- PASS: TestConnIDManagerZeroLengthConnectionID (0.02s)
=== RUN   TestSendStreamRetransmissionFraming
--- PASS: TestSendStreamRetransmissionFraming (0.00s)
=== RUN   TestCoalescedRoutingInitialAndShortHeaderSiblings
--- PASS: TestCoalescedRoutingInitialAndShortHeaderSiblings (0.00s)
=== RUN   TestSendStreamCloseForShutdown
--- PASS: TestSendStreamCloseForShutdown (0.00s)
=== RUN   TestTimeoutWriterReleasesBuffer
--- PASS: TestTimeoutWriterReleasesBuffer (0.00s)
=== RUN   TestCoalescedSlabViewDoubleRelease
--- PASS: TestCoalescedSlabViewDoubleRelease (0.00s)
=== RUN   TestEmissionResultConnection
=== RUN   TestEmissionResultConnection/gso=false
=== RUN   TestEmissionResultConnection/gso=true
--- PASS: TestEmissionResultConnection (0.00s)
    --- PASS: TestEmissionResultConnection/gso=false (0.00s)
    --- PASS: TestEmissionResultConnection/gso=true (0.00s)
=== RUN   TestServerZeroRTTLifetimeRetry
--- PASS: TestServerZeroRTTLifetimeRetry (0.00s)
=== RUN   TestTransportListening
--- PASS: TestTransportListening (0.00s)
=== RUN   TestEmissionDatagramOutput
=== RUN   TestEmissionDatagramOutput/ordinary
=== RUN   TestEmissionDatagramOutput/GSO
--- PASS: TestEmissionDatagramOutput (0.00s)
    --- PASS: TestEmissionDatagramOutput/ordinary (0.00s)
    --- PASS: TestEmissionDatagramOutput/GSO (0.00s)
=== RUN   TestConnectionMigrationServer
--- PASS: TestConnectionMigrationServer (0.00s)
=== RUN   TestConnectionRetainedLifetimeHandshakeDiscard
--- PASS: TestConnectionRetainedLifetimeHandshakeDiscard (0.00s)
=== RUN   TestConnectionKeepAlive
=== RUN   TestConnectionKeepAlive/enabled
=== RUN   TestConnectionKeepAlive/disabled
--- PASS: TestConnectionKeepAlive (0.00s)
    --- PASS: TestConnectionKeepAlive/enabled (0.00s)
    --- PASS: TestConnectionKeepAlive/disabled (0.00s)
=== RUN   TestReceiveStreamCancellation
--- PASS: TestReceiveStreamCancellation (0.00s)
=== RUN   TestEmissionPTOOutput
=== RUN   TestEmissionPTOOutput/Initial/empty
=== RUN   TestEmissionPTOOutput/Initial/retransmit
=== RUN   TestEmissionPTOOutput/Handshake/empty
=== RUN   TestEmissionPTOOutput/Handshake/retransmit
=== RUN   TestEmissionPTOOutput/1-RTT/empty
=== RUN   TestEmissionPTOOutput/1-RTT/retransmit
--- PASS: TestEmissionPTOOutput (0.00s)
    --- PASS: TestEmissionPTOOutput/Initial/empty (0.00s)
    --- PASS: TestEmissionPTOOutput/Initial/retransmit (0.00s)
    --- PASS: TestEmissionPTOOutput/Handshake/empty (0.00s)
    --- PASS: TestEmissionPTOOutput/Handshake/retransmit (0.00s)
    --- PASS: TestEmissionPTOOutput/1-RTT/empty (0.00s)
    --- PASS: TestEmissionPTOOutput/1-RTT/retransmit (0.00s)
=== RUN   TestConnIDManagerConnIDRotation
--- PASS: TestConnIDManagerConnIDRotation (0.00s)
=== RUN   TestCoalescedRoutingQueueOverflowWithSiblingInFlight
--- PASS: TestCoalescedRoutingQueueOverflowWithSiblingInFlight (0.00s)
=== RUN   TestPack1RTTAckOnlyPacket
--- PASS: TestPack1RTTAckOnlyPacket (0.00s)
=== RUN   TestDatagramReceiveRefillDrain
--- PASS: TestDatagramReceiveRefillDrain (0.00s)
=== RUN   TestSendStreamFlowControlBlocked
--- PASS: TestSendStreamFlowControlBlocked (0.00s)
=== RUN   TestRetransmissionQueueFrames
=== RUN   TestRetransmissionQueueFrames/Initial
=== RUN   TestRetransmissionQueueFrames/Handshake
=== RUN   TestRetransmissionQueueFrames/1-RTT
--- PASS: TestRetransmissionQueueFrames (0.00s)
    --- PASS: TestRetransmissionQueueFrames/Initial (0.00s)
    --- PASS: TestRetransmissionQueueFrames/Handshake (0.00s)
    --- PASS: TestRetransmissionQueueFrames/1-RTT (0.00s)
=== RUN   TestTransportTerminalLifetimeForward
--- PASS: TestTransportTerminalLifetimeForward (0.00s)
=== RUN   TestPathManagerOutgoingReprobeDiscardsOldRetransmissions
=== RUN   TestPathManagerOutgoingReprobeDiscardsOldRetransmissions/queued
=== RUN   TestPathManagerOutgoingReprobeDiscardsOldRetransmissions/sent
--- PASS: TestPathManagerOutgoingReprobeDiscardsOldRetransmissions (0.00s)
    --- PASS: TestPathManagerOutgoingReprobeDiscardsOldRetransmissions/queued (0.00s)
    --- PASS: TestPathManagerOutgoingReprobeDiscardsOldRetransmissions/sent (0.00s)
=== RUN   TestSendStreamCancellationStreamRetransmission
=== RUN   TestSendStreamCancellationStreamRetransmission/local
=== RUN   TestSendStreamCancellationStreamRetransmission/remote
--- PASS: TestSendStreamCancellationStreamRetransmission (0.00s)
    --- PASS: TestSendStreamCancellationStreamRetransmission/local (0.00s)
    --- PASS: TestSendStreamCancellationStreamRetransmission/remote (0.00s)
=== RUN   TestCoalescedRetentionNonSlabPassthrough
--- PASS: TestCoalescedRetentionNonSlabPassthrough (0.00s)
=== RUN   TestSendStreamTryWriteAll
--- PASS: TestSendStreamTryWriteAll (0.00s)
=== RUN   TestStreamFlowControllerTryAddBytesSent
--- PASS: TestStreamFlowControllerTryAddBytesSent (0.00s)
=== RUN   TestSendStreamLargeTryWriteAllRetransmissionLifetime
--- PASS: TestSendStreamLargeTryWriteAllRetransmissionLifetime (0.00s)
=== RUN   TestStreamsMapIncomingClosing
--- PASS: TestStreamsMapIncomingClosing (0.00s)
=== RUN   TestSendStreamResetStreamAtCancelBeforeSend
--- PASS: TestSendStreamResetStreamAtCancelBeforeSend (0.00s)
=== RUN   TestUnpackLongHeaderEmptyPayload
=== RUN   TestUnpackLongHeaderEmptyPayload/Initial
=== RUN   TestUnpackLongHeaderEmptyPayload/Handshake
=== RUN   TestUnpackLongHeaderEmptyPayload/0-RTT
--- PASS: TestUnpackLongHeaderEmptyPayload (0.00s)
    --- PASS: TestUnpackLongHeaderEmptyPayload/Initial (0.00s)
    --- PASS: TestUnpackLongHeaderEmptyPayload/Handshake (0.00s)
    --- PASS: TestUnpackLongHeaderEmptyPayload/0-RTT (0.00s)
=== RUN   TestConnectionMaxUnprocessedPackets
--- PASS: TestConnectionMaxUnprocessedPackets (0.00s)
=== RUN   TestStreamFlowControlReceiving
--- PASS: TestStreamFlowControlReceiving (0.00s)
=== RUN   TestStreamsMapOutgoingClosing
--- PASS: TestStreamsMapOutgoingClosing (0.00s)
=== RUN   TestEmissionEmptyCallerBuffer
=== RUN   TestEmissionEmptyCallerBuffer/gso=false
=== RUN   TestEmissionEmptyCallerBuffer/gso=true
--- PASS: TestEmissionEmptyCallerBuffer (0.00s)
    --- PASS: TestEmissionEmptyCallerBuffer/gso=false (0.00s)
    --- PASS: TestEmissionEmptyCallerBuffer/gso=true (0.00s)
=== RUN   TestServerZeroRTTLifetimeExpiry
--- PASS: TestServerZeroRTTLifetimeExpiry (0.00s)
=== RUN   TestConnectionRetainedLifetimeTermination
=== RUN   TestConnectionRetainedLifetimeTermination/start_handshake
=== RUN   TestConnectionRetainedLifetimeTermination/handshake_event
=== RUN   TestConnectionRetainedLifetimeTermination/normal_close
--- PASS: TestConnectionRetainedLifetimeTermination (0.00s)
    --- PASS: TestConnectionRetainedLifetimeTermination/start_handshake (0.00s)
    --- PASS: TestConnectionRetainedLifetimeTermination/handshake_event (0.00s)
    --- PASS: TestConnectionRetainedLifetimeTermination/normal_close (0.00s)
=== RUN   TestPack1RTTPacketWithData
--- PASS: TestPack1RTTPacketWithData (0.00s)
=== RUN   TestServer0RTTReordering
--- PASS: TestServer0RTTReordering (0.00s)
=== RUN   TestAddrsEqual
=== RUN   TestAddrsEqual/nil_addresses
=== RUN   TestAddrsEqual/one_nil_address
=== RUN   TestAddrsEqual/same_IPv4_addresses
=== RUN   TestAddrsEqual/different_IPv4_addresses
=== RUN   TestAddrsEqual/different_ports
=== RUN   TestAddrsEqual/same_IPv6_addresses
=== RUN   TestAddrsEqual/different_IPv6_addresses
=== RUN   TestAddrsEqual/non-UDP_addresses_with_same_string_representation
=== RUN   TestAddrsEqual/non-UDP_addresses_with_different_string_representation
--- PASS: TestAddrsEqual (0.00s)
    --- PASS: TestAddrsEqual/nil_addresses (0.00s)
    --- PASS: TestAddrsEqual/one_nil_address (0.00s)
    --- PASS: TestAddrsEqual/same_IPv4_addresses (0.00s)
    --- PASS: TestAddrsEqual/different_IPv4_addresses (0.00s)
    --- PASS: TestAddrsEqual/different_ports (0.00s)
    --- PASS: TestAddrsEqual/same_IPv6_addresses (0.00s)
    --- PASS: TestAddrsEqual/different_IPv6_addresses (0.00s)
    --- PASS: TestAddrsEqual/non-UDP_addresses_with_same_string_representation (0.00s)
    --- PASS: TestAddrsEqual/non-UDP_addresses_with_different_string_representation (0.00s)
=== RUN   TestConnectionClose
=== RUN   TestConnectionClose/transport_error
=== RUN   TestConnectionClose/application_error
--- PASS: TestConnectionClose (0.00s)
    --- PASS: TestConnectionClose/transport_error (0.00s)
    --- PASS: TestConnectionClose/application_error (0.00s)
=== RUN   TestConnIDManagerInitialConnID
--- PASS: TestConnIDManagerInitialConnID (0.00s)
=== RUN   TestBasicConn
2026/09/11 17:21:30 connection doesn't allow setting of receive buffer size. Not a *net.UDPConn?. See https://github.com/quic-go/quic-go/wiki/UDP-Buffer-Sizes for details.
--- PASS: TestBasicConn (0.00s)
=== RUN   TestHandshakeMTUFallbackSendClassification
=== RUN   TestHandshakeMTUFallbackSendClassification/Initial
=== RUN   TestHandshakeMTUFallbackSendClassification/Handshake
=== RUN   TestHandshakeMTUFallbackSendClassification/Initial_and_0-RTT
=== RUN   TestHandshakeMTUFallbackSendClassification/0-RTT_only
=== RUN   TestHandshakeMTUFallbackSendClassification/1-RTT_only
--- PASS: TestHandshakeMTUFallbackSendClassification (0.00s)
    --- PASS: TestHandshakeMTUFallbackSendClassification/Initial (0.00s)
    --- PASS: TestHandshakeMTUFallbackSendClassification/Handshake (0.00s)
    --- PASS: TestHandshakeMTUFallbackSendClassification/Initial_and_0-RTT (0.00s)
    --- PASS: TestHandshakeMTUFallbackSendClassification/0-RTT_only (0.00s)
    --- PASS: TestHandshakeMTUFallbackSendClassification/1-RTT_only (0.00s)
=== RUN   TestClosedLocalConnection
--- PASS: TestClosedLocalConnection (0.00s)
=== RUN   TestPathManagerNATRebinding
--- PASS: TestPathManagerNATRebinding (0.00s)
=== RUN   TestStreamDeadlines
--- PASS: TestStreamDeadlines (0.00s)
=== RUN   TestConnIDManagerLimit
--- PASS: TestConnIDManagerLimit (0.00s)
=== RUN   TestReceiveStreamReadData
--- PASS: TestReceiveStreamReadData (0.00s)
=== RUN   TestPackPathChallengeAndPathResponse
--- PASS: TestPackPathChallengeAndPathResponse (0.00s)
=== RUN   TestSysConnSendGSO
    sys_conn_oob_test.go:324: GSO not supported on this platform
--- SKIP: TestSysConnSendGSO (0.00s)
=== RUN   TestConnectionRetainedLifetimeReplay
=== RUN   TestConnectionRetainedLifetimeReplay/success
=== RUN   TestConnectionRetainedLifetimeReplay/early_error
--- PASS: TestConnectionRetainedLifetimeReplay (0.00s)
    --- PASS: TestConnectionRetainedLifetimeReplay/success (0.00s)
    --- PASS: TestConnectionRetainedLifetimeReplay/early_error (0.00s)
=== RUN   TestConnectionLoggingCryptoFrame
--- PASS: TestConnectionLoggingCryptoFrame (0.00s)
=== RUN   TestStreamsMapConcurrent
=== RUN   TestStreamsMapConcurrent/iteration_1
=== RUN   TestStreamsMapConcurrent/iteration_2
=== RUN   TestStreamsMapConcurrent/iteration_3
=== RUN   TestStreamsMapConcurrent/iteration_4
=== RUN   TestStreamsMapConcurrent/iteration_5
--- PASS: TestStreamsMapConcurrent (0.00s)
    --- PASS: TestStreamsMapConcurrent/iteration_1 (0.00s)
    --- PASS: TestStreamsMapConcurrent/iteration_2 (0.00s)
    --- PASS: TestStreamsMapConcurrent/iteration_3 (0.00s)
    --- PASS: TestStreamsMapConcurrent/iteration_4 (0.00s)
    --- PASS: TestStreamsMapConcurrent/iteration_5 (0.00s)
=== RUN   TestConnectionHandleMaxStreamsFrame
--- PASS: TestConnectionHandleMaxStreamsFrame (0.00s)
=== RUN   TestStreamsMapIncomingRandomized
--- PASS: TestStreamsMapIncomingRandomized (0.00s)
=== RUN   TestServerAccept
=== RUN   TestServerAccept/without_accept_early
=== RUN   TestServerAccept/with_accept_early
--- PASS: TestServerAccept (0.10s)
    --- PASS: TestServerAccept/without_accept_early (0.05s)
    --- PASS: TestServerAccept/with_accept_early (0.05s)
=== RUN   TestFrameSorterSimpleCases
--- PASS: TestFrameSorterSimpleCases (0.00s)
=== RUN   TestServerTokenValidation
=== RUN   TestServerTokenValidation/retry_token_with_invalid_address
=== RUN   TestServerTokenValidation/expired_retry_token
=== RUN   TestServerTokenValidation/corrupted_packet
=== RUN   TestServerTokenValidation/invalid_non-retry_token
=== RUN   TestServerTokenValidation/expired_non-retry_token
--- PASS: TestServerTokenValidation (0.02s)
    --- PASS: TestServerTokenValidation/retry_token_with_invalid_address (0.00s)
    --- PASS: TestServerTokenValidation/expired_retry_token (0.00s)
    --- PASS: TestServerTokenValidation/corrupted_packet (0.01s)
    --- PASS: TestServerTokenValidation/invalid_non-retry_token (0.00s)
    --- PASS: TestServerTokenValidation/expired_non-retry_token (0.00s)
=== RUN   TestConnectionServerInvalidPackets
=== RUN   TestConnectionServerInvalidPackets/Retry
=== RUN   TestConnectionServerInvalidPackets/version_negotiation
=== RUN   TestConnectionServerInvalidPackets/unsupported_version
=== RUN   TestConnectionServerInvalidPackets/invalid_header
--- PASS: TestConnectionServerInvalidPackets (0.00s)
    --- PASS: TestConnectionServerInvalidPackets/Retry (0.00s)
    --- PASS: TestConnectionServerInvalidPackets/version_negotiation (0.00s)
    --- PASS: TestConnectionServerInvalidPackets/unsupported_version (0.00s)
    --- PASS: TestConnectionServerInvalidPackets/invalid_header (0.00s)
=== RUN   TestConnectionMigration
=== RUN   TestConnectionMigration/disabled
=== RUN   TestConnectionMigration/enabled
--- PASS: TestConnectionMigration (0.00s)
    --- PASS: TestConnectionMigration/disabled (0.00s)
    --- PASS: TestConnectionMigration/enabled (0.00s)
=== RUN   TestSendStreamCancellationResetStreamRetransmission
--- PASS: TestSendStreamCancellationResetStreamRetransmission (0.00s)
=== RUN   TestPackDatagramFrames
--- PASS: TestPackDatagramFrames (0.00s)
=== RUN   TestCoalescedRoutingMixedConnectionIDs
--- PASS: TestCoalescedRoutingMixedConnectionIDs (0.00s)
=== RUN   TestSendQueueBlocking
--- PASS: TestSendQueueBlocking (0.00s)
=== RUN   TestStreamFlowControllerFinalOffset
=== RUN   TestStreamFlowControllerFinalOffset/duplicate_final_offset
=== RUN   TestStreamFlowControllerFinalOffset/inconsistent_final_offset
=== RUN   TestStreamFlowControllerFinalOffset/non-final_offset_past_final_offset
=== RUN   TestStreamFlowControllerFinalOffset/final_offset_smaller_than_previous_offset
--- PASS: TestStreamFlowControllerFinalOffset (0.00s)
    --- PASS: TestStreamFlowControllerFinalOffset/duplicate_final_offset (0.00s)
    --- PASS: TestStreamFlowControllerFinalOffset/inconsistent_final_offset (0.00s)
    --- PASS: TestStreamFlowControllerFinalOffset/non-final_offset_past_final_offset (0.00s)
    --- PASS: TestStreamFlowControllerFinalOffset/final_offset_smaller_than_previous_offset (0.00s)
=== RUN   TestServerAdmissionLifetimeReceiveExit
--- PASS: TestServerAdmissionLifetimeReceiveExit (0.00s)
=== RUN   TestConnection0RTTTransportParameters
--- PASS: TestConnection0RTTTransportParameters (0.00s)
=== RUN   TestDatagramQueueReceiveBlocking
--- PASS: TestDatagramQueueReceiveBlocking (0.00s)
=== RUN   TestEmissionConstructionInitial
=== RUN   TestEmissionConstructionInitial/server
=== RUN   TestEmissionConstructionInitial/client_without_token
=== RUN   TestEmissionConstructionInitial/client_with_token
--- PASS: TestEmissionConstructionInitial (0.00s)
    --- PASS: TestEmissionConstructionInitial/server (0.00s)
    --- PASS: TestEmissionConstructionInitial/client_without_token (0.00s)
    --- PASS: TestEmissionConstructionInitial/client_with_token (0.00s)
=== RUN   TestStreamsMapIncomingGettingStreams
=== RUN   TestStreamsMapIncomingGettingStreams/client
=== RUN   TestStreamsMapIncomingGettingStreams/server
--- PASS: TestStreamsMapIncomingGettingStreams (0.00s)
    --- PASS: TestStreamsMapIncomingGettingStreams/client (0.00s)
    --- PASS: TestStreamsMapIncomingGettingStreams/server (0.00s)
=== RUN   TestCloseConstructorFailureLifetime
=== RUN   TestCloseConstructorFailureLifetime/short
=== RUN   TestCloseConstructorFailureLifetime/long
--- PASS: TestCloseConstructorFailureLifetime (0.00s)
    --- PASS: TestCloseConstructorFailureLifetime/short (0.00s)
    --- PASS: TestCloseConstructorFailureLifetime/long (0.00s)
=== RUN   TestConnectionGSOBatchECN
--- PASS: TestConnectionGSOBatchECN (0.00s)
=== RUN   TestStreamsMapStreamLimits
=== RUN   TestStreamsMapStreamLimits/client
=== RUN   TestStreamsMapStreamLimits/server
--- PASS: TestStreamsMapStreamLimits (0.00s)
    --- PASS: TestStreamsMapStreamLimits/client (0.00s)
    --- PASS: TestStreamsMapStreamLimits/server (0.00s)
=== RUN   TestReceiveStreamEOFWithData
--- PASS: TestReceiveStreamEOFWithData (0.00s)
=== RUN   TestConnIDGeneratorRemoveAll
=== RUN   TestConnIDGeneratorRemoveAll/with_initial_client_destination_connection_ID
=== RUN   TestConnIDGeneratorRemoveAll/without_initial_client_destination_connection_ID
--- PASS: TestConnIDGeneratorRemoveAll (0.00s)
    --- PASS: TestConnIDGeneratorRemoveAll/with_initial_client_destination_connection_ID (0.00s)
    --- PASS: TestConnIDGeneratorRemoveAll/without_initial_client_destination_connection_ID (0.00s)
=== RUN   TestConnectionFlowControllerReset
--- PASS: TestConnectionFlowControllerReset (0.00s)
=== RUN   TestClosedRemoteConnection
--- PASS: TestClosedRemoteConnection (0.00s)
=== RUN   TestStreamsMapIncomingAcceptingStreams
--- PASS: TestStreamsMapIncomingAcceptingStreams (0.00s)
=== RUN   TestServerAdmissionLifetimeRetryResponse
--- PASS: TestServerAdmissionLifetimeRetryResponse (0.00s)
=== RUN   TestTransportStatelessResetReceiving
--- PASS: TestTransportStatelessResetReceiving (0.00s)
=== RUN   TestReceiveStreamDeadlineExtension
=== RUN   TestReceiveStreamDeadlineExtension/read
=== RUN   TestReceiveStreamDeadlineExtension/peek
--- PASS: TestReceiveStreamDeadlineExtension (0.00s)
    --- PASS: TestReceiveStreamDeadlineExtension/read (0.00s)
    --- PASS: TestReceiveStreamDeadlineExtension/peek (0.00s)
=== RUN   TestSendQueueSendProbe
--- PASS: TestSendQueueSendProbe (0.00s)
=== RUN   TestEmissionReceiveFairness
=== RUN   TestEmissionReceiveFairness/ordinary
=== RUN   TestEmissionReceiveFairness/GSO
--- PASS: TestEmissionReceiveFairness (0.00s)
    --- PASS: TestEmissionReceiveFairness/ordinary (0.00s)
    --- PASS: TestEmissionReceiveFairness/GSO (0.00s)
=== RUN   TestTimeoutReadersReleaseBuffer
=== RUN   TestTimeoutReadersReleaseBuffer/Read
=== RUN   TestTimeoutReadersReleaseBuffer/Peek
--- PASS: TestTimeoutReadersReleaseBuffer (0.00s)
    --- PASS: TestTimeoutReadersReleaseBuffer/Read (0.00s)
    --- PASS: TestTimeoutReadersReleaseBuffer/Peek (0.00s)
=== RUN   TestConnIDManagerClose
--- PASS: TestConnIDManagerClose (0.00s)
=== RUN   TestInitialCryptoStreamServer
--- PASS: TestInitialCryptoStreamServer (0.00s)
=== RUN   TestConnIDGeneratorIssueAndRetire
=== RUN   TestConnIDGeneratorIssueAndRetire/with_initial_client_destination_connection_ID
=== RUN   TestConnIDGeneratorIssueAndRetire/without_initial_client_destination_connection_ID
--- PASS: TestConnIDGeneratorIssueAndRetire (0.00s)
    --- PASS: TestConnIDGeneratorIssueAndRetire/with_initial_client_destination_connection_ID (0.00s)
    --- PASS: TestConnIDGeneratorIssueAndRetire/without_initial_client_destination_connection_ID (0.00s)
=== RUN   TestServerAdmissionLifetimeResponseExit
--- PASS: TestServerAdmissionLifetimeResponseExit (0.00s)
=== RUN   TestCryptoStreamManager
=== RUN   TestCryptoStreamManager/Initial
=== RUN   TestCryptoStreamManager/Handshake
=== RUN   TestCryptoStreamManager/1-RTT
--- PASS: TestCryptoStreamManager (0.00s)
    --- PASS: TestCryptoStreamManager/Initial (0.00s)
    --- PASS: TestCryptoStreamManager/Handshake (0.00s)
    --- PASS: TestCryptoStreamManager/1-RTT (0.00s)
=== RUN   TestStreamsMapOutgoingRandomizedWithCancellation
    streams_map_outgoing_test.go:531: setting stream limit to 68
    streams_map_outgoing_test.go:531: setting stream limit to 80
    streams_map_outgoing_test.go:531: setting stream limit to 148
    streams_map_outgoing_test.go:531: setting stream limit to 156
    streams_map_outgoing_test.go:531: setting stream limit to 216
    streams_map_outgoing_test.go:531: setting stream limit to 224
    streams_map_outgoing_test.go:531: setting stream limit to 280
    streams_map_outgoing_test.go:531: setting stream limit to 296
    streams_map_outgoing_test.go:531: setting stream limit to 336
    streams_map_outgoing_test.go:531: setting stream limit to 404
    streams_map_outgoing_test.go:561: saw 100 streams, 30 cancelled
--- PASS: TestStreamsMapOutgoingRandomizedWithCancellation (0.00s)
=== RUN   TestConnectionFlowControlViolation
--- PASS: TestConnectionFlowControlViolation (0.00s)
=== RUN   TestVersionNegotiationQueueDoesNotPinCoalescedSlab
--- PASS: TestVersionNegotiationQueueDoesNotPinCoalescedSlab (0.00s)
=== RUN   TestFrameSorterTooManyGaps
--- PASS: TestFrameSorterTooManyGaps (0.00s)
=== RUN   TestServerZeroRTTLifetimeCollision
=== RUN   TestServerZeroRTTLifetimeCollision/construction_cause
=== RUN   TestServerZeroRTTLifetimeCollision/preserve_cause
--- PASS: TestServerZeroRTTLifetimeCollision (0.00s)
    --- PASS: TestServerZeroRTTLifetimeCollision/construction_cause (0.00s)
    --- PASS: TestServerZeroRTTLifetimeCollision/preserve_cause (0.00s)
=== RUN   TestSendStreamRetransmissions
--- PASS: TestSendStreamRetransmissions (0.00s)
=== RUN   TestConnectionRetryDrops
--- PASS: TestConnectionRetryDrops (0.00s)
=== RUN   TestOOBReaderListenerCleanup
--- PASS: TestOOBReaderListenerCleanup (0.00s)
=== RUN   TestDatagramReceiveOverflowNoAllocation
--- PASS: TestDatagramReceiveOverflowNoAllocation (0.00s)
=== RUN   TestCryptoStreamManagerInvalidEncryptionLevel
--- PASS: TestCryptoStreamManagerInvalidEncryptionLevel (0.00s)
=== RUN   TestUnpackShortHeaderIncorrectReservedBits
=== RUN   TestUnpackShortHeaderIncorrectReservedBits/decryption_fails
=== RUN   TestUnpackShortHeaderIncorrectReservedBits/decryption_succeeds
--- PASS: TestUnpackShortHeaderIncorrectReservedBits (0.00s)
    --- PASS: TestUnpackShortHeaderIncorrectReservedBits/decryption_fails (0.00s)
    --- PASS: TestUnpackShortHeaderIncorrectReservedBits/decryption_succeeds (0.00s)
=== RUN   TestIPFragmentation
=== RUN   TestIPFragmentation/udp4
=== RUN   TestIPFragmentation/udp6
=== RUN   TestIPFragmentation/udp,_dual-stack
=== RUN   TestIPFragmentation/udp,_listening_on_IPv4
=== RUN   TestIPFragmentation/udp,_listening_on_IPv6
--- PASS: TestIPFragmentation (0.00s)
    --- PASS: TestIPFragmentation/udp4 (0.00s)
    --- PASS: TestIPFragmentation/udp6 (0.00s)
    --- PASS: TestIPFragmentation/udp,_dual-stack (0.00s)
    --- PASS: TestIPFragmentation/udp,_listening_on_IPv4 (0.00s)
    --- PASS: TestIPFragmentation/udp,_listening_on_IPv6 (0.00s)
=== RUN   TestFrameSorterGapHandling
=== RUN   TestFrameSorterGapHandling/case_1
=== RUN   TestFrameSorterGapHandling/case_2
=== RUN   TestFrameSorterGapHandling/case_3
=== RUN   TestFrameSorterGapHandling/case_4
=== RUN   TestFrameSorterGapHandling/case_4,_for_long_frames
=== RUN   TestFrameSorterGapHandling/case_5
=== RUN   TestFrameSorterGapHandling/case_5,_for_long_frames
=== RUN   TestFrameSorterGapHandling/case_6
=== RUN   TestFrameSorterGapHandling/case_6,_for_long_frames
=== RUN   TestFrameSorterGapHandling/case_7
=== RUN   TestFrameSorterGapHandling/case_8
=== RUN   TestFrameSorterGapHandling/case_9
=== RUN   TestFrameSorterGapHandling/case_10
=== RUN   TestFrameSorterGapHandling/case_10,_for_long_frames
=== RUN   TestFrameSorterGapHandling/case_11
=== RUN   TestFrameSorterGapHandling/case_11,_for_long_frames
=== RUN   TestFrameSorterGapHandling/case_12
=== RUN   TestFrameSorterGapHandling/case_13
=== RUN   TestFrameSorterGapHandling/case_14
=== RUN   TestFrameSorterGapHandling/case_14,_for_long_frames
=== RUN   TestFrameSorterGapHandling/case_15
=== RUN   TestFrameSorterGapHandling/case_16
=== RUN   TestFrameSorterGapHandling/case_17
=== RUN   TestFrameSorterGapHandling/case_18
=== RUN   TestFrameSorterGapHandling/case_19
=== RUN   TestFrameSorterGapHandling/case_20
=== RUN   TestFrameSorterGapHandling/case_21
=== RUN   TestFrameSorterGapHandling/case_22
=== RUN   TestFrameSorterGapHandling/case_23
=== RUN   TestFrameSorterGapHandling/case_24
=== RUN   TestFrameSorterGapHandling/case_25
=== RUN   TestFrameSorterGapHandling/case_26
=== RUN   TestFrameSorterGapHandling/case_27
=== RUN   TestFrameSorterGapHandling/case_27,_for_long_frames
=== RUN   TestFrameSorterGapHandling/case_28
=== RUN   TestFrameSorterGapHandling/case_28,_for_long_frames
=== RUN   TestFrameSorterGapHandling/case_29
=== RUN   TestFrameSorterGapHandling/case_30
=== RUN   TestFrameSorterGapHandling/case_30,_for_long_frames
=== RUN   TestFrameSorterGapHandling/case_31
=== RUN   TestFrameSorterGapHandling/case_31,_for_long_frames
=== RUN   TestFrameSorterGapHandling/case_32
=== RUN   TestFrameSorterGapHandling/case_33
=== RUN   TestFrameSorterGapHandling/case_33,_for_long_frames
=== RUN   TestFrameSorterGapHandling/case_34
=== RUN   TestFrameSorterGapHandling/case_35
=== RUN   TestFrameSorterGapHandling/case_35,_for_long_frames
--- PASS: TestFrameSorterGapHandling (0.00s)
    --- PASS: TestFrameSorterGapHandling/case_1 (0.00s)
    --- PASS: TestFrameSorterGapHandling/case_2 (0.00s)
    --- PASS: TestFrameSorterGapHandling/case_3 (0.00s)
    --- PASS: TestFrameSorterGapHandling/case_4 (0.00s)
    --- PASS: TestFrameSorterGapHandling/case_4,_for_long_frames (0.00s)
    --- PASS: TestFrameSorterGapHandling/case_5 (0.00s)
    --- PASS: TestFrameSorterGapHandling/case_5,_for_long_frames (0.00s)
    --- PASS: TestFrameSorterGapHandling/case_6 (0.00s)
    --- PASS: TestFrameSorterGapHandling/case_6,_for_long_frames (0.00s)
    --- PASS: TestFrameSorterGapHandling/case_7 (0.00s)
    --- PASS: TestFrameSorterGapHandling/case_8 (0.00s)
    --- PASS: TestFrameSorterGapHandling/case_9 (0.00s)
    --- PASS: TestFrameSorterGapHandling/case_10 (0.00s)
    --- PASS: TestFrameSorterGapHandling/case_10,_for_long_frames (0.00s)
    --- PASS: TestFrameSorterGapHandling/case_11 (0.00s)
    --- PASS: TestFrameSorterGapHandling/case_11,_for_long_frames (0.00s)
    --- PASS: TestFrameSorterGapHandling/case_12 (0.00s)
    --- PASS: TestFrameSorterGapHandling/case_13 (0.00s)
    --- PASS: TestFrameSorterGapHandling/case_14 (0.00s)
    --- PASS: TestFrameSorterGapHandling/case_14,_for_long_frames (0.00s)
    --- PASS: TestFrameSorterGapHandling/case_15 (0.00s)
    --- PASS: TestFrameSorterGapHandling/case_16 (0.00s)
    --- PASS: TestFrameSorterGapHandling/case_17 (0.00s)
    --- PASS: TestFrameSorterGapHandling/case_18 (0.00s)
    --- PASS: TestFrameSorterGapHandling/case_19 (0.00s)
    --- PASS: TestFrameSorterGapHandling/case_20 (0.00s)
    --- PASS: TestFrameSorterGapHandling/case_21 (0.00s)
    --- PASS: TestFrameSorterGapHandling/case_22 (0.00s)
    --- PASS: TestFrameSorterGapHandling/case_23 (0.00s)
    --- PASS: TestFrameSorterGapHandling/case_24 (0.00s)
    --- PASS: TestFrameSorterGapHandling/case_25 (0.00s)
    --- PASS: TestFrameSorterGapHandling/case_26 (0.00s)
    --- PASS: TestFrameSorterGapHandling/case_27 (0.00s)
    --- PASS: TestFrameSorterGapHandling/case_27,_for_long_frames (0.00s)
    --- PASS: TestFrameSorterGapHandling/case_28 (0.00s)
    --- PASS: TestFrameSorterGapHandling/case_28,_for_long_frames (0.00s)
    --- PASS: TestFrameSorterGapHandling/case_29 (0.00s)
    --- PASS: TestFrameSorterGapHandling/case_30 (0.00s)
    --- PASS: TestFrameSorterGapHandling/case_30,_for_long_frames (0.00s)
    --- PASS: TestFrameSorterGapHandling/case_31 (0.00s)
    --- PASS: TestFrameSorterGapHandling/case_31,_for_long_frames (0.00s)
    --- PASS: TestFrameSorterGapHandling/case_32 (0.00s)
    --- PASS: TestFrameSorterGapHandling/case_33 (0.00s)
    --- PASS: TestFrameSorterGapHandling/case_33,_for_long_frames (0.00s)
    --- PASS: TestFrameSorterGapHandling/case_34 (0.00s)
    --- PASS: TestFrameSorterGapHandling/case_35 (0.00s)
    --- PASS: TestFrameSorterGapHandling/case_35,_for_long_frames (0.00s)
=== RUN   TestCoalescedSlabSequentialRelease
--- PASS: TestCoalescedSlabSequentialRelease (0.00s)
=== RUN   TestConnectionRetainedLifetimeAdmissionRace
--- PASS: TestConnectionRetainedLifetimeAdmissionRace (0.00s)
=== RUN   TestZeroRTTQueueDoesNotPinCoalescedSlab
--- PASS: TestZeroRTTQueueDoesNotPinCoalescedSlab (0.00s)
=== RUN   TestConnectionGSOBatchPacketSize
--- PASS: TestConnectionGSOBatchPacketSize (0.00s)
=== RUN   TestPackRetransmissions
--- PASS: TestPackRetransmissions (0.00s)
=== RUN   TestReceiveStreamMultipleResetStreamAt
--- PASS: TestReceiveStreamMultipleResetStreamAt (0.00s)
=== RUN   TestNonQUICQueueChargesOversizedView
--- PASS: TestNonQUICQueueChargesOversizedView (0.00s)
=== RUN   TestConnectionPathValidation
=== RUN   TestConnectionPathValidation/NAT_rebinding
=== RUN   TestConnectionPathValidation/intentional_migration
--- PASS: TestConnectionPathValidation (0.00s)
    --- PASS: TestConnectionPathValidation/NAT_rebinding (0.00s)
    --- PASS: TestConnectionPathValidation/intentional_migration (0.00s)
=== RUN   TestFramerAlternatesIncrementalAndNonIncrementalStreams
--- PASS: TestFramerAlternatesIncrementalAndNonIncrementalStreams (0.00s)
=== RUN   TestFramerDataBlocked
=== RUN   TestFramerDataBlocked/small_STREAM_frame
=== RUN   TestFramerDataBlocked/large_STREAM_frame
--- PASS: TestFramerDataBlocked (0.00s)
    --- PASS: TestFramerDataBlocked/small_STREAM_frame (0.00s)
    --- PASS: TestFramerDataBlocked/large_STREAM_frame (0.00s)
=== RUN   TestEmissionAckAllowance
=== RUN   TestEmissionAckAllowance/ack/handshake
=== RUN   TestEmissionAckAllowance/pacing_limited/handshake
=== RUN   TestEmissionAckAllowance/ack/confirmed
=== RUN   TestEmissionAckAllowance/pacing_limited/confirmed
--- PASS: TestEmissionAckAllowance (0.00s)
    --- PASS: TestEmissionAckAllowance/ack/handshake (0.00s)
    --- PASS: TestEmissionAckAllowance/pacing_limited/handshake (0.00s)
    --- PASS: TestEmissionAckAllowance/ack/confirmed (0.00s)
    --- PASS: TestEmissionAckAllowance/pacing_limited/confirmed (0.00s)
=== RUN   TestConfigZeroLimits
--- PASS: TestConfigZeroLimits (0.00s)
=== RUN   TestCryptoStreamFinishWithQueuedData
=== RUN   TestCryptoStreamFinishWithQueuedData/with_data_at_current_offset
=== RUN   TestCryptoStreamFinishWithQueuedData/with_data_at_a_higher_offset
--- PASS: TestCryptoStreamFinishWithQueuedData (0.00s)
    --- PASS: TestCryptoStreamFinishWithQueuedData/with_data_at_current_offset (0.00s)
    --- PASS: TestCryptoStreamFinishWithQueuedData/with_data_at_a_higher_offset (0.00s)
=== RUN   TestTransportAndListenerConcurrentClose
--- PASS: TestTransportAndListenerConcurrentClose (0.00s)
=== RUN   TestStreamsMapDeletingStreams
=== RUN   TestStreamsMapDeletingStreams/client
=== RUN   TestStreamsMapDeletingStreams/server
--- PASS: TestStreamsMapDeletingStreams (0.00s)
    --- PASS: TestStreamsMapDeletingStreams/client (0.00s)
    --- PASS: TestStreamsMapDeletingStreams/server (0.00s)
=== RUN   TestSysConnPacketInfoIPv4
--- PASS: TestSysConnPacketInfoIPv4 (0.00s)
=== RUN   TestPackInitialAckOnlyPacket
=== RUN   TestPackInitialAckOnlyPacket/client
=== RUN   TestPackInitialAckOnlyPacket/server
--- PASS: TestPackInitialAckOnlyPacket (0.00s)
    --- PASS: TestPackInitialAckOnlyPacket/client (0.00s)
    --- PASS: TestPackInitialAckOnlyPacket/server (0.00s)
=== RUN   TestHandshakeMTUFallbackCongestionGrowth
--- PASS: TestHandshakeMTUFallbackCongestionGrowth (0.00s)
=== RUN   TestStatelessResetter
=== RUN   TestStatelessResetter/no_key
=== RUN   TestStatelessResetter/with_key
--- PASS: TestStatelessResetter (0.00s)
    --- PASS: TestStatelessResetter/no_key (0.00s)
    --- PASS: TestStatelessResetter/with_key (0.00s)
=== RUN   TestServerAcceptQueue
--- PASS: TestServerAcceptQueue (0.10s)
=== RUN   TestEmissionResultQueueWakeup
=== RUN   TestEmissionResultQueueWakeup/gso=false/occupied=7
=== RUN   TestEmissionResultQueueWakeup/gso=false/occupied=8
=== RUN   TestEmissionResultQueueWakeup/gso=true/occupied=7
=== RUN   TestEmissionResultQueueWakeup/gso=true/occupied=8
--- PASS: TestEmissionResultQueueWakeup (0.00s)
    --- PASS: TestEmissionResultQueueWakeup/gso=false/occupied=7 (0.00s)
    --- PASS: TestEmissionResultQueueWakeup/gso=false/occupied=8 (0.00s)
    --- PASS: TestEmissionResultQueueWakeup/gso=true/occupied=7 (0.00s)
    --- PASS: TestEmissionResultQueueWakeup/gso=true/occupied=8 (0.00s)
=== RUN   TestHandshakeMTUFallbackInitialization
=== RUN   TestHandshakeMTUFallbackInitialization/healthy
=== RUN   TestHandshakeMTUFallbackInitialization/fallback
--- PASS: TestHandshakeMTUFallbackInitialization (0.00s)
    --- PASS: TestHandshakeMTUFallbackInitialization/healthy (0.00s)
    --- PASS: TestHandshakeMTUFallbackInitialization/fallback (0.00s)
=== RUN   TestReceiveStreamFinalSizeCallbackRemoved
--- PASS: TestReceiveStreamFinalSizeCallbackRemoved (0.00s)
=== RUN   TestServerAcceptHandshakeFailure
--- PASS: TestServerAcceptHandshakeFailure (0.05s)
=== RUN   TestPathManagerOutgoingAbandonPath
--- PASS: TestPathManagerOutgoingAbandonPath (0.00s)
=== RUN   TestSendConnSendmsgFailures
    send_conn_test.go:121: only Linux exhibits this bug, we don't need to work around it on other platforms
--- SKIP: TestSendConnSendmsgFailures (0.00s)
=== RUN   TestServerAdmissionLifetimeEnqueueClose
--- PASS: TestServerAdmissionLifetimeEnqueueClose (0.00s)
=== RUN   TestCoalescedRoutingRejectedSiblingKeepsSlabForQueuedView
--- PASS: TestCoalescedRoutingRejectedSiblingKeepsSlabForQueuedView (0.00s)
=== RUN   TestConnectionDatagrams
=== RUN   TestConnectionDatagrams/disabled
=== RUN   TestConnectionDatagrams/enabled
--- PASS: TestConnectionDatagrams (0.00s)
    --- PASS: TestConnectionDatagrams/disabled (0.00s)
    --- PASS: TestConnectionDatagrams/enabled (0.00s)
=== RUN   TestConnectionVersionNegotiationInvalidPackets
--- PASS: TestConnectionVersionNegotiationInvalidPackets (0.00s)
=== RUN   TestSendStreamStopSendingDuringWrite
--- PASS: TestSendStreamStopSendingDuringWrite (0.00s)
=== RUN   TestSendStreamResetFinalSizeIncludesReservedData
=== RUN   TestSendStreamResetFinalSizeIncludesReservedData/CancelWrite
=== RUN   TestSendStreamResetFinalSizeIncludesReservedData/STOP_SENDING
--- PASS: TestSendStreamResetFinalSizeIncludesReservedData (0.00s)
    --- PASS: TestSendStreamResetFinalSizeIncludesReservedData/CancelWrite (0.00s)
    --- PASS: TestSendStreamResetFinalSizeIncludesReservedData/STOP_SENDING (0.00s)
=== RUN   TestDatagramReceivePartialRefillFIFO
--- PASS: TestDatagramReceivePartialRefillFIFO (0.00s)
=== RUN   TestFramerAppendStreamFrames
--- PASS: TestFramerAppendStreamFrames (0.00s)
=== RUN   TestEmissionPathRebinding
--- PASS: TestEmissionPathRebinding (0.00s)
=== RUN   TestStreamsMap0RTTRejection
--- PASS: TestStreamsMap0RTTRejection (0.00s)
=== RUN   TestConnectionRemoteClose
--- PASS: TestConnectionRemoteClose (0.00s)
=== RUN   TestStreamsMap0RTTRejectionResetStreamAt
=== RUN   TestStreamsMap0RTTRejectionResetStreamAt/enabled:_false
=== RUN   TestStreamsMap0RTTRejectionResetStreamAt/enabled:_true
--- PASS: TestStreamsMap0RTTRejectionResetStreamAt (0.00s)
    --- PASS: TestStreamsMap0RTTRejectionResetStreamAt/enabled:_false (0.00s)
    --- PASS: TestStreamsMap0RTTRejectionResetStreamAt/enabled:_true (0.00s)
=== RUN   TestStreamsMapOutgoingBlockedFrames
--- PASS: TestStreamsMapOutgoingBlockedFrames (0.00s)
=== RUN   TestSendPacketsWithECNOnIPv4
--- PASS: TestSendPacketsWithECNOnIPv4 (0.00s)
=== RUN   TestDatagramQueueSendQueueLength
--- PASS: TestDatagramQueueSendQueueLength (0.00s)
=== RUN   TestPTOConstructorFailureLifetime
=== RUN   TestPTOConstructorFailureLifetime/Initial
=== RUN   TestPTOConstructorFailureLifetime/Handshake
=== RUN   TestPTOConstructorFailureLifetime/1-RTT
--- PASS: TestPTOConstructorFailureLifetime (0.00s)
    --- PASS: TestPTOConstructorFailureLifetime/Initial (0.00s)
    --- PASS: TestPTOConstructorFailureLifetime/Handshake (0.00s)
    --- PASS: TestPTOConstructorFailureLifetime/1-RTT (0.00s)
=== RUN   TestFramerSchedulesIncrementalStreams
--- PASS: TestFramerSchedulesIncrementalStreams (0.00s)
=== RUN   TestSendStreamTryWriteAllLinearStorage
=== RUN   TestSendStreamTryWriteAllLinearStorage/bytes=32768/chunk=32768
    send_stream_large_write_test.go:76: accepted 32768 bytes: admission 34984 B, segmentation 8032 B
=== RUN   TestSendStreamTryWriteAllLinearStorage/bytes=32768/chunk=2048
    send_stream_large_write_test.go:76: accepted 32768 bytes: admission 97368 B, segmentation 6320 B
=== RUN   TestSendStreamTryWriteAllLinearStorage/bytes=131072/chunk=131072
    send_stream_large_write_test.go:76: accepted 131072 bytes: admission 131704 B, segmentation 21864 B
=== RUN   TestSendStreamTryWriteAllLinearStorage/bytes=131072/chunk=2048
    send_stream_large_write_test.go:76: accepted 131072 bytes: admission 388408 B, segmentation 21768 B
=== RUN   TestSendStreamTryWriteAllLinearStorage/bytes=524288/chunk=524288
    send_stream_large_write_test.go:76: accepted 524288 bytes: admission 527232 B, segmentation 87640 B
=== RUN   TestSendStreamTryWriteAllLinearStorage/bytes=524288/chunk=2048
    send_stream_large_write_test.go:76: accepted 524288 bytes: admission 1527832 B, segmentation 89952 B
--- PASS: TestSendStreamTryWriteAllLinearStorage (0.01s)
    --- PASS: TestSendStreamTryWriteAllLinearStorage/bytes=32768/chunk=32768 (0.00s)
    --- PASS: TestSendStreamTryWriteAllLinearStorage/bytes=32768/chunk=2048 (0.00s)
    --- PASS: TestSendStreamTryWriteAllLinearStorage/bytes=131072/chunk=131072 (0.00s)
    --- PASS: TestSendStreamTryWriteAllLinearStorage/bytes=131072/chunk=2048 (0.00s)
    --- PASS: TestSendStreamTryWriteAllLinearStorage/bytes=524288/chunk=524288 (0.00s)
    --- PASS: TestSendStreamTryWriteAllLinearStorage/bytes=524288/chunk=2048 (0.00s)
=== RUN   TestPackConnectionCloseCryptoError
--- PASS: TestPackConnectionCloseCryptoError (0.00s)
=== RUN   TestConfigValidation
=== RUN   TestConfigValidation/nil_config
=== RUN   TestConfigValidation/config_with_a_few_values_set
=== RUN   TestConfigValidation/stream_limits
=== RUN   TestConfigValidation/flow_control_windows
=== RUN   TestConfigValidation/initial_packet_size
--- PASS: TestConfigValidation (0.00s)
    --- PASS: TestConfigValidation/nil_config (0.00s)
    --- PASS: TestConfigValidation/config_with_a_few_values_set (0.00s)
    --- PASS: TestConfigValidation/stream_limits (0.00s)
    --- PASS: TestConfigValidation/flow_control_windows (0.00s)
    --- PASS: TestConfigValidation/initial_packet_size (0.00s)
=== RUN   TestMTUDiscovererTiming
--- PASS: TestMTUDiscovererTiming (0.00s)
=== RUN   TestPackPTOProbePacketNothingToPack
=== RUN   TestPackPTOProbePacketNothingToPack/Initial
=== RUN   TestPackPTOProbePacketNothingToPack/Handshake
=== RUN   TestPackPTOProbePacketNothingToPack/1-RTT
--- PASS: TestPackPTOProbePacketNothingToPack (0.00s)
    --- PASS: TestPackPTOProbePacketNothingToPack/Initial (0.00s)
    --- PASS: TestPackPTOProbePacketNothingToPack/Handshake (0.00s)
    --- PASS: TestPackPTOProbePacketNothingToPack/1-RTT (0.00s)
=== RUN   TestPackShortHeaderPadToAtLeast4Bytes
--- PASS: TestPackShortHeaderPadToAtLeast4Bytes (0.00s)
=== RUN   TestConnectionHandleConnectionFlowControlFrames
--- PASS: TestConnectionHandleConnectionFlowControlFrames (0.00s)
=== RUN   TestConnectionHandshakeIdleTimeout
--- PASS: TestConnectionHandshakeIdleTimeout (0.00s)
=== RUN   TestTransportNonQUICPackets
--- PASS: TestTransportNonQUICPackets (0.00s)
=== RUN   TestCoalescedSlabRetentionCopy
--- PASS: TestCoalescedSlabRetentionCopy (0.00s)
=== RUN   TestServerVersionNegotiation
=== RUN   TestServerVersionNegotiation/enabled
=== RUN   TestServerVersionNegotiation/disabled
--- PASS: TestServerVersionNegotiation (0.10s)
    --- PASS: TestServerVersionNegotiation/enabled (0.00s)
    --- PASS: TestServerVersionNegotiation/disabled (0.10s)
=== RUN   TestConnectionReceiveLifetimeMalformedFirstHeader
--- PASS: TestConnectionReceiveLifetimeMalformedFirstHeader (0.00s)
=== RUN   TestFramerMinStreamFrameSizeMultipleStreamFrames
--- PASS: TestFramerMinStreamFrameSizeMultipleStreamFrames (0.00s)
=== RUN   TestSendStreamTryWriteAllAfterBufferedWrite
=== RUN   TestSendStreamTryWriteAllAfterBufferedWrite/enough_credit
=== RUN   TestSendStreamTryWriteAllAfterBufferedWrite/not_enough_credit
--- PASS: TestSendStreamTryWriteAllAfterBufferedWrite (0.00s)
    --- PASS: TestSendStreamTryWriteAllAfterBufferedWrite/enough_credit (0.00s)
    --- PASS: TestSendStreamTryWriteAllAfterBufferedWrite/not_enough_credit (0.00s)
=== RUN   TestFramerSchedulesReprioritizedStream
--- PASS: TestFramerSchedulesReprioritizedStream (0.00s)
=== RUN   TestFramerRequeuesRetransmissionAfterPriorityChange
--- PASS: TestFramerRequeuesRetransmissionAfterPriorityChange (0.00s)
=== RUN   TestReceiveStreamPeekEOF
=== RUN   TestReceiveStreamPeekEOF/long_peek
=== RUN   TestReceiveStreamPeekEOF/exact_peek
--- PASS: TestReceiveStreamPeekEOF (0.00s)
    --- PASS: TestReceiveStreamPeekEOF/long_peek (0.00s)
    --- PASS: TestReceiveStreamPeekEOF/exact_peek (0.00s)
=== RUN   TestSendConnGSOFallbackConcurrentCapabilities
    send_conn_test.go:95: GSO is not supported on this platform
--- SKIP: TestSendConnGSOFallbackConcurrentCapabilities (0.00s)
=== RUN   TestUnpackHeaderSampleShortHeader
=== RUN   TestUnpackHeaderSampleShortHeader/too_short
=== RUN   TestUnpackHeaderSampleShortHeader/minimal_size
--- PASS: TestUnpackHeaderSampleShortHeader (0.00s)
    --- PASS: TestUnpackHeaderSampleShortHeader/too_short (0.00s)
    --- PASS: TestUnpackHeaderSampleShortHeader/minimal_size (0.00s)
=== RUN   TestOOBReaderZeroProgress
--- PASS: TestOOBReaderZeroProgress (0.00s)
=== RUN   TestSendStreamDeadlineInThePast
--- PASS: TestSendStreamDeadlineInThePast (0.00s)
=== RUN   TestConnectionReceiveLifetimeViews
=== RUN   TestConnectionReceiveLifetimeViews/short_success
=== RUN   TestConnectionReceiveLifetimeViews/long_long
=== RUN   TestConnectionReceiveLifetimeViews/long_short
=== RUN   TestConnectionReceiveLifetimeViews/malformed_suffix
=== RUN   TestConnectionReceiveLifetimeViews/mismatched_suffix
=== RUN   TestConnectionReceiveLifetimeViews/fatal_handler
=== RUN   TestConnectionReceiveLifetimeViews/retained_replay
=== RUN   TestConnectionReceiveLifetimeViews/mixed_retained_processed
--- PASS: TestConnectionReceiveLifetimeViews (0.01s)
    --- PASS: TestConnectionReceiveLifetimeViews/short_success (0.00s)
    --- PASS: TestConnectionReceiveLifetimeViews/long_long (0.00s)
    --- PASS: TestConnectionReceiveLifetimeViews/long_short (0.00s)
    --- PASS: TestConnectionReceiveLifetimeViews/malformed_suffix (0.00s)
    --- PASS: TestConnectionReceiveLifetimeViews/mismatched_suffix (0.00s)
    --- PASS: TestConnectionReceiveLifetimeViews/fatal_handler (0.00s)
    --- PASS: TestConnectionReceiveLifetimeViews/retained_replay (0.00s)
    --- PASS: TestConnectionReceiveLifetimeViews/mixed_retained_processed (0.00s)
=== RUN   TestReceiveStreamResetStreamAtBeforeReadOffset
--- PASS: TestReceiveStreamResetStreamAtBeforeReadOffset (0.00s)
=== RUN   TestCoalescedSlabRetentionBudgetExhausted
--- PASS: TestCoalescedSlabRetentionBudgetExhausted (0.00s)
=== RUN   TestSendQueueStoppedSubmission
--- PASS: TestSendQueueStoppedSubmission (0.00s)
=== RUN   TestDialAddrSetupFailureClosesSocket
=== RUN   TestDialAddrSetupFailureClosesSocket/DialAddr
=== RUN   TestDialAddrSetupFailureClosesSocket/DialAddr/resolution
=== RUN   TestDialAddrSetupFailureClosesSocket/DialAddr/TLS_configuration
=== RUN   TestDialAddrSetupFailureClosesSocket/DialAddr/QUIC_configuration
=== RUN   TestDialAddrSetupFailureClosesSocket/DialAddrEarly
=== RUN   TestDialAddrSetupFailureClosesSocket/DialAddrEarly/resolution
=== RUN   TestDialAddrSetupFailureClosesSocket/DialAddrEarly/TLS_configuration
=== RUN   TestDialAddrSetupFailureClosesSocket/DialAddrEarly/QUIC_configuration
--- PASS: TestDialAddrSetupFailureClosesSocket (0.00s)
    --- PASS: TestDialAddrSetupFailureClosesSocket/DialAddr (0.00s)
        --- PASS: TestDialAddrSetupFailureClosesSocket/DialAddr/resolution (0.00s)
        --- PASS: TestDialAddrSetupFailureClosesSocket/DialAddr/TLS_configuration (0.00s)
        --- PASS: TestDialAddrSetupFailureClosesSocket/DialAddr/QUIC_configuration (0.00s)
    --- PASS: TestDialAddrSetupFailureClosesSocket/DialAddrEarly (0.00s)
        --- PASS: TestDialAddrSetupFailureClosesSocket/DialAddrEarly/resolution (0.00s)
        --- PASS: TestDialAddrSetupFailureClosesSocket/DialAddrEarly/TLS_configuration (0.00s)
        --- PASS: TestDialAddrSetupFailureClosesSocket/DialAddrEarly/QUIC_configuration (0.00s)
=== RUN   TestSendStreamDeadlineExtension
--- PASS: TestSendStreamDeadlineExtension (0.00s)
=== RUN   TestDatagramReceivePayloadOwnership
--- PASS: TestDatagramReceivePayloadOwnership (0.00s)
=== RUN   TestSendStreamResetStreamAtRetransmissions
--- PASS: TestSendStreamResetStreamAtRetransmissions (0.00s)
=== RUN   TestReceiveStreamReset
--- PASS: TestReceiveStreamReset (0.00s)
=== RUN   TestPackCoalescedAppData
=== RUN   TestPackCoalescedAppData/with_large_ACK
=== RUN   TestPackCoalescedAppData/without_ACK
--- PASS: TestPackCoalescedAppData (0.00s)
    --- PASS: TestPackCoalescedAppData/with_large_ACK (0.00s)
    --- PASS: TestPackCoalescedAppData/without_ACK (0.00s)
=== RUN   TestSendStreamCancellationAfterClose
--- PASS: TestSendStreamCancellationAfterClose (0.00s)
=== RUN   TestOversizedViewChargeTransferRefusedWhenDestinationExhausted
--- PASS: TestOversizedViewChargeTransferRefusedWhenDestinationExhausted (0.00s)
=== RUN   TestDatagramQueueReceive
--- PASS: TestDatagramQueueReceive (0.00s)
=== RUN   TestMTUDiscovererMTUDiscovery
=== RUN   TestMTUDiscovererMTUDiscovery/test_0
    mtu_discoverer_test.go:106: MTU: 1208, max: 1315
    mtu_discoverer_test.go:132: MTU discovered: 1208 (diff: 0)
    mtu_discoverer_test.go:133: probes sent (10): [1157 1236 1196 1255 1216 1206 1230 1211 1208 1219]
=== RUN   TestMTUDiscovererMTUDiscovery/test_1
    mtu_discoverer_test.go:106: MTU: 1034, max: 1095
    mtu_discoverer_test.go:132: MTU discovered: 1029 (diff: 5)
    mtu_discoverer_test.go:133: probes sent (6): [1047 1023 1059 1035 1029 1044]
=== RUN   TestMTUDiscovererMTUDiscovery/test_2
    mtu_discoverer_test.go:106: MTU: 2304, max: 2668
    mtu_discoverer_test.go:132: MTU discovered: 2303 (diff: 1)
    mtu_discoverer_test.go:133: probes sent (10): [1834 2251 2459 2355 2303 2485 2329 2316 2309 2306]
=== RUN   TestMTUDiscovererMTUDiscovery/test_3
    mtu_discoverer_test.go:106: MTU: 1852, max: 2138
    mtu_discoverer_test.go:132: MTU discovered: 1848 (diff: 4)
    mtu_discoverer_test.go:133: probes sent (14): [1569 1853 1711 1924 1782 1960 1817 1888 1835 1879 1844 1866 1848 1863]
=== RUN   TestMTUDiscovererMTUDiscovery/test_4
    mtu_discoverer_test.go:106: MTU: 2404, max: 2637
    mtu_discoverer_test.go:132: MTU discovered: 2402 (diff: 2)
    mtu_discoverer_test.go:133: probes sent (14): [1818 2227 2432 2329 2483 2380 2508 2406 2393 2438 2399 2418 2402 2417]
--- PASS: TestMTUDiscovererMTUDiscovery (0.00s)
    --- PASS: TestMTUDiscovererMTUDiscovery/test_0 (0.00s)
    --- PASS: TestMTUDiscovererMTUDiscovery/test_1 (0.00s)
    --- PASS: TestMTUDiscovererMTUDiscovery/test_2 (0.00s)
    --- PASS: TestMTUDiscovererMTUDiscovery/test_3 (0.00s)
    --- PASS: TestMTUDiscovererMTUDiscovery/test_4 (0.00s)
=== RUN   TestFramerStreamControlFramesSizing
--- PASS: TestFramerStreamControlFramesSizing (0.00s)
=== RUN   TestBasicConnReadFailure
--- PASS: TestBasicConnReadFailure (0.00s)
=== RUN   TestConnectionFlowControlWindowUpdate
--- PASS: TestConnectionFlowControlWindowUpdate (0.00s)
=== RUN   TestEmissionPathReplacement
--- PASS: TestEmissionPathReplacement (0.00s)
=== RUN   TestStreamsMapOutgoingLimits
=== RUN   TestStreamsMapOutgoingLimits/client
=== RUN   TestStreamsMapOutgoingLimits/server
--- PASS: TestStreamsMapOutgoingLimits (0.00s)
    --- PASS: TestStreamsMapOutgoingLimits/client (0.00s)
    --- PASS: TestStreamsMapOutgoingLimits/server (0.00s)
=== RUN   TestReadsMultipleMessagesInOneBatch
--- PASS: TestReadsMultipleMessagesInOneBatch (0.00s)
=== RUN   TestBufferPoolRelease
--- PASS: TestBufferPoolRelease (0.00s)
=== RUN   TestStreamsMapIncomingDeletingStreamsWithHighLimits
=== RUN   TestStreamsMapIncomingDeletingStreamsWithHighLimits/client
=== RUN   TestStreamsMapIncomingDeletingStreamsWithHighLimits/server
--- PASS: TestStreamsMapIncomingDeletingStreamsWithHighLimits (0.00s)
    --- PASS: TestStreamsMapIncomingDeletingStreamsWithHighLimits/client (0.00s)
    --- PASS: TestStreamsMapIncomingDeletingStreamsWithHighLimits/server (0.00s)
=== RUN   TestFrameSorterRandomized
=== RUN   TestFrameSorterRandomized/short
=== RUN   TestFrameSorterRandomized/long
=== RUN   TestFrameSorterRandomized/short,_with_duplicates
=== RUN   TestFrameSorterRandomized/long,_with_duplicates
=== RUN   TestFrameSorterRandomized/short,_with_overlaps
=== RUN   TestFrameSorterRandomized/long,_with_overlaps
--- PASS: TestFrameSorterRandomized (0.01s)
    --- PASS: TestFrameSorterRandomized/short (0.00s)
    --- PASS: TestFrameSorterRandomized/long (0.00s)
    --- PASS: TestFrameSorterRandomized/short,_with_duplicates (0.00s)
    --- PASS: TestFrameSorterRandomized/long,_with_duplicates (0.00s)
    --- PASS: TestFrameSorterRandomized/short,_with_overlaps (0.00s)
    --- PASS: TestFrameSorterRandomized/long,_with_overlaps (0.00s)
=== RUN   TestPackCoalescedAckOnlyPacketNothingToSend
--- PASS: TestPackCoalescedAckOnlyPacketNothingToSend (0.00s)
=== RUN   TestHandshakeMTUFallbackDiscovery
=== RUN   TestHandshakeMTUFallbackDiscovery/enabled
=== RUN   TestHandshakeMTUFallbackDiscovery/disabled
--- PASS: TestHandshakeMTUFallbackDiscovery (0.00s)
    --- PASS: TestHandshakeMTUFallbackDiscovery/enabled (0.00s)
    --- PASS: TestHandshakeMTUFallbackDiscovery/disabled (0.00s)
=== RUN   TestMTUDiscovererReset
=== RUN   TestMTUDiscovererReset/probe_on_old_path_acknowledged
=== RUN   TestMTUDiscovererReset/probe_on_old_path_lost
--- PASS: TestMTUDiscovererReset (0.00s)
    --- PASS: TestMTUDiscovererReset/probe_on_old_path_acknowledged (0.00s)
    --- PASS: TestMTUDiscovererReset/probe_on_old_path_lost (0.00s)
=== RUN   TestHandshakeMTUFallbackPhaseAndPath
--- PASS: TestHandshakeMTUFallbackPhaseAndPath (0.00s)
=== RUN   TestEmissionResultRecoveryOutcome
=== RUN   TestEmissionResultRecoveryOutcome/gso=false/congestion
=== RUN   TestEmissionResultRecoveryOutcome/gso=false/hard_blocked
=== RUN   TestEmissionResultRecoveryOutcome/gso=false/pacing
=== RUN   TestEmissionResultRecoveryOutcome/gso=false/probe_pending
=== RUN   TestEmissionResultRecoveryOutcome/gso=true/congestion
=== RUN   TestEmissionResultRecoveryOutcome/gso=true/hard_blocked
=== RUN   TestEmissionResultRecoveryOutcome/gso=true/pacing
=== RUN   TestEmissionResultRecoveryOutcome/gso=true/probe_pending
--- PASS: TestEmissionResultRecoveryOutcome (0.00s)
    --- PASS: TestEmissionResultRecoveryOutcome/gso=false/congestion (0.00s)
    --- PASS: TestEmissionResultRecoveryOutcome/gso=false/hard_blocked (0.00s)
    --- PASS: TestEmissionResultRecoveryOutcome/gso=false/pacing (0.00s)
    --- PASS: TestEmissionResultRecoveryOutcome/gso=false/probe_pending (0.00s)
    --- PASS: TestEmissionResultRecoveryOutcome/gso=true/congestion (0.00s)
    --- PASS: TestEmissionResultRecoveryOutcome/gso=true/hard_blocked (0.00s)
    --- PASS: TestEmissionResultRecoveryOutcome/gso=true/pacing (0.00s)
    --- PASS: TestEmissionResultRecoveryOutcome/gso=true/probe_pending (0.00s)
=== RUN   TestDial
=== RUN   TestDial/Dial
=== RUN   TestDial/DialEarly
=== RUN   TestDial/DialAddr
=== RUN   TestDial/DialAddrEarly
--- PASS: TestDial (0.00s)
    --- PASS: TestDial/Dial (0.00s)
    --- PASS: TestDial/DialEarly (0.00s)
    --- PASS: TestDial/DialAddr (0.00s)
    --- PASS: TestDial/DialAddrEarly (0.00s)
=== RUN   TestStreamError
--- PASS: TestStreamError (0.00s)
=== RUN   TestDatagramReceiveConcurrentProducerDrainer
--- PASS: TestDatagramReceiveConcurrentProducerDrainer (0.00s)
=== RUN   TestOOBReaderAncillaryFailure
=== RUN   TestOOBReaderAncillaryFailure/malformed
=== RUN   TestOOBReaderAncillaryFailure/invalid_ipv4_tos
=== RUN   TestOOBReaderAncillaryFailure/invalid_ipv6_tclass
--- PASS: TestOOBReaderAncillaryFailure (0.00s)
    --- PASS: TestOOBReaderAncillaryFailure/malformed (0.00s)
    --- PASS: TestOOBReaderAncillaryFailure/invalid_ipv4_tos (0.00s)
    --- PASS: TestOOBReaderAncillaryFailure/invalid_ipv6_tclass (0.00s)
=== RUN   TestConnectionConnectionIDChanges
=== RUN   TestConnectionConnectionIDChanges/with_retry
=== RUN   TestConnectionConnectionIDChanges/without_retry
--- PASS: TestConnectionConnectionIDChanges (0.00s)
    --- PASS: TestConnectionConnectionIDChanges/with_retry (0.00s)
    --- PASS: TestConnectionConnectionIDChanges/without_retry (0.00s)
=== RUN   TestBufferPoolSizes
--- PASS: TestBufferPoolSizes (0.00s)
=== RUN   TestSendConnOOB
--- PASS: TestSendConnOOB (0.00s)
=== RUN   TestReceiveStreamBlockRead
--- PASS: TestReceiveStreamBlockRead (0.00s)
=== RUN   TestCoalescedRetentionUndecryptableQueueWiring
--- PASS: TestCoalescedRetentionUndecryptableQueueWiring (0.00s)
=== RUN   TestPathManagerLimits
--- PASS: TestPathManagerLimits (0.00s)
=== RUN   TestServerCreateConnection
=== RUN   TestServerCreateConnection/without_retry
=== RUN   TestServerCreateConnection/with_retry
--- PASS: TestServerCreateConnection (0.00s)
    --- PASS: TestServerCreateConnection/without_retry (0.00s)
    --- PASS: TestServerCreateConnection/with_retry (0.00s)
=== RUN   TestTransportFaultySyscallConn
--- PASS: TestTransportFaultySyscallConn (0.00s)
=== RUN   TestPathManagerOutgoingAbandonValidatedPath
--- PASS: TestPathManagerOutgoingAbandonValidatedPath (0.00s)
=== RUN   TestStreamsMapIncomingDeletingStreams
=== RUN   TestStreamsMapIncomingDeletingStreams/client
=== RUN   TestStreamsMapIncomingDeletingStreams/server
--- PASS: TestStreamsMapIncomingDeletingStreams (0.00s)
    --- PASS: TestStreamsMapIncomingDeletingStreams/client (0.00s)
    --- PASS: TestStreamsMapIncomingDeletingStreams/server (0.00s)
=== RUN   TestTransportQueueLifetimeConcurrentReaders
--- PASS: TestTransportQueueLifetimeConcurrentReaders (0.00s)
=== RUN   TestServerBudgetDropIsNotReportedAsQueueFull
--- PASS: TestServerBudgetDropIsNotReportedAsQueueFull (0.00s)
=== RUN   TestServerRetry
--- PASS: TestServerRetry (0.00s)
=== RUN   TestSendStreamResetStreamAtRandomized
    send_stream_test.go:1813: reliable offset: 2709
    send_stream_test.go:1922: highest received offset: 7979
--- PASS: TestSendStreamResetStreamAtRandomized (0.00s)
=== RUN   TestReceiveStreamFinalSizeCallbackAfterCancelRead
--- PASS: TestReceiveStreamFinalSizeCallbackAfterCancelRead (0.00s)
=== RUN   TestDatagramReceiveOverflowFIFO
--- PASS: TestDatagramReceiveOverflowFIFO (0.00s)
=== RUN   TestAckConstructorEmptyLifetime
--- PASS: TestAckConstructorEmptyLifetime (0.00s)
=== RUN   TestTokenStoreEviction
--- PASS: TestTokenStoreEviction (0.00s)
=== RUN   TestConnectionDatagramOverflowPacketReuse
--- PASS: TestConnectionDatagramOverflowPacketReuse (0.00s)
=== RUN   TestStreamWindowUpdate
--- PASS: TestStreamWindowUpdate (0.00s)
=== RUN   TestFramer0RTTRejection
--- PASS: TestFramer0RTTRejection (0.00s)
=== RUN   TestInitialCryptoStreamClientStatic
--- PASS: TestInitialCryptoStreamClientStatic (0.00s)
=== RUN   TestConnectionHandleStreamRelatedFrames
=== RUN   TestConnectionHandleStreamRelatedFrames/RESET_STREAM
=== RUN   TestConnectionHandleStreamRelatedFrames/STOP_SENDING
=== RUN   TestConnectionHandleStreamRelatedFrames/MAX_STREAM_DATA
=== RUN   TestConnectionHandleStreamRelatedFrames/STREAM_DATA_BLOCKED
=== RUN   TestConnectionHandleStreamRelatedFrames/STREAM_FRAME
--- PASS: TestConnectionHandleStreamRelatedFrames (0.00s)
    --- PASS: TestConnectionHandleStreamRelatedFrames/RESET_STREAM (0.00s)
    --- PASS: TestConnectionHandleStreamRelatedFrames/STOP_SENDING (0.00s)
    --- PASS: TestConnectionHandleStreamRelatedFrames/MAX_STREAM_DATA (0.00s)
    --- PASS: TestConnectionHandleStreamRelatedFrames/STREAM_DATA_BLOCKED (0.00s)
    --- PASS: TestConnectionHandleStreamRelatedFrames/STREAM_FRAME (0.00s)
=== RUN   TestDatagramTooLargeError
--- PASS: TestDatagramTooLargeError (0.00s)
=== RUN   TestTransportErrFromConn
--- PASS: TestTransportErrFromConn (0.00s)
=== RUN   TestEmissionDirectProbe
=== RUN   TestEmissionDirectProbe/server/success
=== RUN   TestEmissionDirectProbe/server/write-error
=== RUN   TestEmissionDirectProbe/client/success
=== RUN   TestEmissionDirectProbe/client/write-error
--- PASS: TestEmissionDirectProbe (0.00s)
    --- PASS: TestEmissionDirectProbe/server/success (0.00s)
    --- PASS: TestEmissionDirectProbe/server/write-error (0.00s)
    --- PASS: TestEmissionDirectProbe/client/success (0.00s)
    --- PASS: TestEmissionDirectProbe/client/write-error (0.00s)
=== RUN   TestConnIDGeneratorRetiring
--- PASS: TestConnIDGeneratorRetiring (0.00s)
=== RUN   TestConnIDManagerAddConnIDs
--- PASS: TestConnIDManagerAddConnIDs (0.00s)
=== RUN   TestTransportQueueLifetimeNonQUICPending
--- PASS: TestTransportQueueLifetimeNonQUICPending (0.00s)
=== RUN   TestStreamSendWindow
--- PASS: TestStreamSendWindow (0.00s)
=== RUN   TestFramerDetectsFramePathResponseDoS
--- PASS: TestFramerDetectsFramePathResponseDoS (0.00s)
=== RUN   TestServerQueueDropsOversizedViewWhenBudgetExhausted
--- PASS: TestServerQueueDropsOversizedViewWhenBudgetExhausted (0.00s)
=== RUN   TestSendStreamLargeTryWriteAll
--- PASS: TestSendStreamLargeTryWriteAll (0.00s)
=== RUN   TestSendStreamResetStreamAtStopSendingAfterCancelation
=== RUN   TestSendStreamResetStreamAtStopSendingAfterCancelation/RESET_STREAM_AT_lost
=== RUN   TestSendStreamResetStreamAtStopSendingAfterCancelation/RESET_STREAM_AT_acknowledged
--- PASS: TestSendStreamResetStreamAtStopSendingAfterCancelation (0.00s)
    --- PASS: TestSendStreamResetStreamAtStopSendingAfterCancelation/RESET_STREAM_AT_lost (0.00s)
    --- PASS: TestSendStreamResetStreamAtStopSendingAfterCancelation/RESET_STREAM_AT_acknowledged (0.00s)
=== RUN   TestOOBReaderBatchProgressionAndCleanup
    sys_conn_oob_lifetime_test.go:72: short/full batches require the Linux batched adapter
--- SKIP: TestOOBReaderBatchProgressionAndCleanup (0.00s)
=== RUN   TestFramerMinStreamFrameSize
--- PASS: TestFramerMinStreamFrameSize (0.00s)
=== RUN   TestConnectionWindowAutoTuningNotAllowed
--- PASS: TestConnectionWindowAutoTuningNotAllowed (0.00s)
=== RUN   TestServerGetConfigForClientAccept
--- PASS: TestServerGetConfigForClientAccept (0.00s)
=== RUN   TestPathManagerOutgoingRetransmissions
    path_manager_outgoing_test.go:287: took 5ms
    path_manager_outgoing_test.go:287: took 10ms
    path_manager_outgoing_test.go:287: took 20ms
--- PASS: TestPathManagerOutgoingRetransmissions (0.00s)
=== RUN   TestPackPathProbePacket
--- PASS: TestPackPathProbePacket (0.00s)
=== RUN   TestReceiveStreamCancelReadAbandonsUnreadData
--- PASS: TestReceiveStreamCancelReadAbandonsUnreadData (0.00s)
=== RUN   TestSendStreamPriorityGeneration
--- PASS: TestSendStreamPriorityGeneration (0.00s)
=== RUN   TestServerZeroRTTLifetimeTransfer
--- PASS: TestServerZeroRTTLifetimeTransfer (0.00s)
=== RUN   TestConnectionStatePathCapabilities
    connection_probe_emission_test.go:214: GSO is not supported on this platform
--- SKIP: TestConnectionStatePathCapabilities (0.00s)
=== RUN   TestFindSNIWithECH
--- PASS: TestFindSNIWithECH (0.00s)
=== RUN   TestStreamsMapHandleReceiveStreamFrames
=== RUN   TestStreamsMapHandleReceiveStreamFrames/client
=== RUN   TestStreamsMapHandleReceiveStreamFrames/client/STREAM_frame
=== RUN   TestStreamsMapHandleReceiveStreamFrames/client/STREAM_DATA_BLOCKED_frame
=== RUN   TestStreamsMapHandleReceiveStreamFrames/client/RESET_STREAM_frame
=== RUN   TestStreamsMapHandleReceiveStreamFrames/server
=== RUN   TestStreamsMapHandleReceiveStreamFrames/server/STREAM_frame
=== RUN   TestStreamsMapHandleReceiveStreamFrames/server/STREAM_DATA_BLOCKED_frame
=== RUN   TestStreamsMapHandleReceiveStreamFrames/server/RESET_STREAM_frame
--- PASS: TestStreamsMapHandleReceiveStreamFrames (0.00s)
    --- PASS: TestStreamsMapHandleReceiveStreamFrames/client (0.00s)
        --- PASS: TestStreamsMapHandleReceiveStreamFrames/client/STREAM_frame (0.00s)
        --- PASS: TestStreamsMapHandleReceiveStreamFrames/client/STREAM_DATA_BLOCKED_frame (0.00s)
        --- PASS: TestStreamsMapHandleReceiveStreamFrames/client/RESET_STREAM_frame (0.00s)
    --- PASS: TestStreamsMapHandleReceiveStreamFrames/server (0.00s)
        --- PASS: TestStreamsMapHandleReceiveStreamFrames/server/STREAM_frame (0.00s)
        --- PASS: TestStreamsMapHandleReceiveStreamFrames/server/STREAM_DATA_BLOCKED_frame (0.00s)
        --- PASS: TestStreamsMapHandleReceiveStreamFrames/server/RESET_STREAM_frame (0.00s)
=== RUN   TestListen
--- PASS: TestListen (0.00s)
=== RUN   TestEmissionCoalescedHandshake
=== RUN   TestEmissionCoalescedHandshake/server
=== RUN   TestEmissionCoalescedHandshake/client
--- PASS: TestEmissionCoalescedHandshake (0.00s)
    --- PASS: TestEmissionCoalescedHandshake/server (0.00s)
    --- PASS: TestEmissionCoalescedHandshake/client (0.00s)
=== RUN   TestConnectionTransportParameters
--- PASS: TestConnectionTransportParameters (0.00s)
=== RUN   TestUnpackHeaderDecryption
--- PASS: TestUnpackHeaderDecryption (0.00s)
=== RUN   TestServerReceiveQueue
--- PASS: TestServerReceiveQueue (0.00s)
=== RUN   TestNonQUICQueueDoesNotPinCoalescedSlab
--- PASS: TestNonQUICQueueDoesNotPinCoalescedSlab (0.00s)
=== RUN   TestTransportAndDialConcurrentClose
--- PASS: TestTransportAndDialConcurrentClose (0.00s)
=== RUN   TestFramerFillPacketOneStream
--- PASS: TestFramerFillPacketOneStream (0.01s)
=== RUN   TestPackConnectionClose1RTT
--- PASS: TestPackConnectionClose1RTT (0.00s)
=== RUN   TestFramerUpdatesStreamRetransmissionPriority
--- PASS: TestFramerUpdatesStreamRetransmissionPriority (0.00s)
=== RUN   TestTransportQueueLifetimeReset
--- PASS: TestTransportQueueLifetimeReset (0.00s)
=== RUN   TestReceiveStreamFinalSizeCallbackAfterFIN
--- PASS: TestReceiveStreamFinalSizeCallbackAfterFIN (0.00s)
=== RUN   TestEmissionConstructionStartHandshakeError
--- PASS: TestEmissionConstructionStartHandshakeError (0.00s)
=== RUN   TestReceiveStreamResetAfterFINRead
--- PASS: TestReceiveStreamResetAfterFINRead (0.00s)
=== RUN   TestConnectionLoggingAckFrame
--- PASS: TestConnectionLoggingAckFrame (0.00s)
=== RUN   TestSendStreamWriteData
--- PASS: TestSendStreamWriteData (0.00s)
=== RUN   TestReceiveStreamCloseForShutdown
--- PASS: TestReceiveStreamCloseForShutdown (0.00s)
=== RUN   TestSendStreamCancellation
--- PASS: TestSendStreamCancellation (0.00s)
=== RUN   TestReceiveStreamResetAbandonsUnreadData
--- PASS: TestReceiveStreamResetAbandonsUnreadData (0.00s)
=== RUN   TestPackLongHeaderPadToAtLeast4Bytes
--- PASS: TestPackLongHeaderPadToAtLeast4Bytes (0.00s)
=== RUN   TestReadECNFlagsIPv4
--- PASS: TestReadECNFlagsIPv4 (0.00s)
=== RUN   TestEmissionECNBatchBoundary
--- PASS: TestEmissionECNBatchBoundary (0.00s)
=== RUN   TestTransportReplaceWithClosed
=== RUN   TestTransportReplaceWithClosed/local
    transport_test.go:737: sent 221 packets, received 8 CONNECTION_CLOSE copies
=== RUN   TestTransportReplaceWithClosed/remote
    transport_test.go:734: sent 221 packets
--- PASS: TestTransportReplaceWithClosed (0.00s)
    --- PASS: TestTransportReplaceWithClosed/local (0.00s)
    --- PASS: TestTransportReplaceWithClosed/remote (0.00s)
=== RUN   TestConnectionUnpackFailureDropped
=== RUN   TestConnectionUnpackFailureDropped/keys_dropped
=== RUN   TestConnectionUnpackFailureDropped/decryption_failed
=== RUN   TestConnectionUnpackFailureDropped/header_parse_error
--- PASS: TestConnectionUnpackFailureDropped (0.00s)
    --- PASS: TestConnectionUnpackFailureDropped/keys_dropped (0.00s)
    --- PASS: TestConnectionUnpackFailureDropped/decryption_failed (0.00s)
    --- PASS: TestConnectionUnpackFailureDropped/header_parse_error (0.00s)
=== RUN   TestSendStreamUpdateSendWindow
--- PASS: TestSendStreamUpdateSendWindow (0.00s)
=== RUN   TestPack1RTTPacketNothingToSend
--- PASS: TestPack1RTTPacketNothingToSend (0.00s)
=== RUN   TestMTUDiscovererCompletion
=== RUN   TestMTUDiscovererCompletion/after_0_losses
=== RUN   TestMTUDiscovererCompletion/after_2_losses
--- PASS: TestMTUDiscovererCompletion (0.00s)
    --- PASS: TestMTUDiscovererCompletion/after_0_losses (0.00s)
    --- PASS: TestMTUDiscovererCompletion/after_2_losses (0.00s)
=== RUN   TestServerZeroRTTLifetimeAdmission
=== RUN   TestServerZeroRTTLifetimeAdmission/datagrams
=== RUN   TestServerZeroRTTLifetimeAdmission/groups
--- PASS: TestServerZeroRTTLifetimeAdmission (0.00s)
    --- PASS: TestServerZeroRTTLifetimeAdmission/datagrams (0.00s)
    --- PASS: TestServerZeroRTTLifetimeAdmission/groups (0.00s)
=== RUN   TestSendPacketsWithECNOnIPv6
--- PASS: TestSendPacketsWithECNOnIPv6 (0.00s)
=== RUN   TestFramerDetectsFrameDoS
--- PASS: TestFramerDetectsFrameDoS (0.01s)
=== RUN   TestConnectionPacketBuffering
--- PASS: TestConnectionPacketBuffering (0.00s)
=== RUN   TestReceiveStreamDeadlineInThePast
=== RUN   TestReceiveStreamDeadlineInThePast/read
=== RUN   TestReceiveStreamDeadlineInThePast/peek
--- PASS: TestReceiveStreamDeadlineInThePast (0.00s)
    --- PASS: TestReceiveStreamDeadlineInThePast/read (0.00s)
    --- PASS: TestReceiveStreamDeadlineInThePast/peek (0.00s)
=== RUN   TestConnectionIdleTimeout
--- PASS: TestConnectionIdleTimeout (0.00s)
=== RUN   TestTokenStoreSingleOrigin
--- PASS: TestTokenStoreSingleOrigin (0.00s)
=== RUN   TestSendStreamStopSendingAfterWrite
=== RUN   TestSendStreamStopSendingAfterWrite/complete_by_Write
=== RUN   TestSendStreamStopSendingAfterWrite/complete_by_Close
=== RUN   TestSendStreamStopSendingAfterWrite/complete_by_CancelWrite
--- PASS: TestSendStreamStopSendingAfterWrite (0.00s)
    --- PASS: TestSendStreamStopSendingAfterWrite/complete_by_Write (0.00s)
    --- PASS: TestSendStreamStopSendingAfterWrite/complete_by_Close (0.00s)
    --- PASS: TestSendStreamStopSendingAfterWrite/complete_by_CancelWrite (0.00s)
=== RUN   TestUnpackErrors
--- PASS: TestUnpackErrors (0.00s)
=== RUN   TestServer0RTTQueueing
--- PASS: TestServer0RTTQueueing (0.03s)
=== RUN   TestPathManagerIntentionalMigration
--- PASS: TestPathManagerIntentionalMigration (0.00s)
=== RUN   TestSendQueueSendOnePacket
--- PASS: TestSendQueueSendOnePacket (0.00s)
=== RUN   TestReceiveStreamBlockPeek
=== RUN   TestReceiveStreamBlockPeek/single_STREAM_frame
=== RUN   TestReceiveStreamBlockPeek/multiple_STREAM_frames
--- PASS: TestReceiveStreamBlockPeek (0.00s)
    --- PASS: TestReceiveStreamBlockPeek/single_STREAM_frame (0.00s)
    --- PASS: TestReceiveStreamBlockPeek/multiple_STREAM_frames (0.00s)
=== RUN   TestEmissionMTUProbe
=== RUN   TestEmissionMTUProbe/success
=== RUN   TestEmissionMTUProbe/write-error
--- PASS: TestEmissionMTUProbe (0.00s)
    --- PASS: TestEmissionMTUProbe/success (0.00s)
    --- PASS: TestEmissionMTUProbe/write-error (0.00s)
=== RUN   TestSendStreamImmediateClose
--- PASS: TestSendStreamImmediateClose (0.00s)
=== RUN   TestStreamsMapOutgoingConcurrentOpenStreamSync
--- PASS: TestStreamsMapOutgoingConcurrentOpenStreamSync (0.00s)
=== RUN   TestSendConnDetectGSOFailure
    send_conn_test.go:57: GSO is not supported on this platform
--- SKIP: TestSendConnDetectGSOFailure (0.00s)
=== RUN   TestServerQueueDoesNotPinCoalescedSlab
--- PASS: TestServerQueueDoesNotPinCoalescedSlab (0.00s)
=== RUN   TestCryptoStreamDataAssembly
--- PASS: TestCryptoStreamDataAssembly (0.00s)
=== RUN   TestPackMTUProbePacket
--- PASS: TestPackMTUProbePacket (0.00s)
=== RUN   TestPathManagerMultipleProbes
--- PASS: TestPathManagerMultipleProbes (0.00s)
=== RUN   TestPackLargeDatagramFrame
--- PASS: TestPackLargeDatagramFrame (0.00s)
=== RUN   TestStreamConnectionWindowUpdate
--- PASS: TestStreamConnectionWindowUpdate (0.00s)
=== RUN   TestSendStreamLargeWriteBlocking
--- PASS: TestSendStreamLargeWriteBlocking (0.00s)
=== RUN   TestConnectionEarlyClose
--- PASS: TestConnectionEarlyClose (0.00s)
=== RUN   TestFramerPacksSinglePathResponsePerPacket
--- PASS: TestFramerPacksSinglePathResponsePerPacket (0.00s)
=== RUN   TestSendQueueHandshakeMTUEligibility
=== RUN   TestSendQueueHandshakeMTUEligibility/handshake
=== RUN   TestSendQueueHandshakeMTUEligibility/success
=== RUN   TestSendQueueHandshakeMTUEligibility/other_error
=== RUN   TestSendQueueHandshakeMTUEligibility/unmarked_or_PMTU_probe
=== RUN   TestSendQueueHandshakeMTUEligibility/GSO
=== RUN   TestSendQueueHandshakeMTUEligibility/minimum
=== RUN   TestSendQueueHandshakeMTUEligibility/subminimum
--- PASS: TestSendQueueHandshakeMTUEligibility (0.00s)
    --- PASS: TestSendQueueHandshakeMTUEligibility/handshake (0.00s)
    --- PASS: TestSendQueueHandshakeMTUEligibility/success (0.00s)
    --- PASS: TestSendQueueHandshakeMTUEligibility/other_error (0.00s)
    --- PASS: TestSendQueueHandshakeMTUEligibility/unmarked_or_PMTU_probe (0.00s)
    --- PASS: TestSendQueueHandshakeMTUEligibility/GSO (0.00s)
    --- PASS: TestSendQueueHandshakeMTUEligibility/minimum (0.00s)
    --- PASS: TestSendQueueHandshakeMTUEligibility/subminimum (0.00s)
=== RUN   TestPack0RTTPacketNoACK
--- PASS: TestPack0RTTPacketNoACK (0.00s)
=== RUN   TestSendStreamWriteWithLimit
--- PASS: TestSendStreamWriteWithLimit (0.00s)
=== RUN   TestConnectionPacketPacing
=== RUN   TestConnectionPacketPacing/concurrent_wakeup
=== RUN   TestConnectionPacketPacing/wakeup_while_paced
=== RUN   TestConnectionPacketPacing/early_exit_while_paced
--- PASS: TestConnectionPacketPacing (0.00s)
    --- PASS: TestConnectionPacketPacing/concurrent_wakeup (0.00s)
    --- PASS: TestConnectionPacketPacing/wakeup_while_paced (0.00s)
    --- PASS: TestConnectionPacketPacing/early_exit_while_paced (0.00s)
=== RUN   TestCryptoStreamMaxOffset
--- PASS: TestCryptoStreamMaxOffset (0.00s)
=== RUN   TestRetransmissionQueueCryptoFrames
=== RUN   TestRetransmissionQueueCryptoFrames/Initial
=== RUN   TestRetransmissionQueueCryptoFrames/Handshake
=== RUN   TestRetransmissionQueueCryptoFrames/1-RTT
--- PASS: TestRetransmissionQueueCryptoFrames (0.00s)
    --- PASS: TestRetransmissionQueueCryptoFrames/Initial (0.00s)
    --- PASS: TestRetransmissionQueueCryptoFrames/Handshake (0.00s)
    --- PASS: TestRetransmissionQueueCryptoFrames/1-RTT (0.00s)
=== RUN   TestConnectionSendQueue
=== RUN   TestConnectionSendQueue/with_GSO
=== RUN   TestConnectionSendQueue/without_GSO
--- PASS: TestConnectionSendQueue (0.00s)
    --- PASS: TestConnectionSendQueue/with_GSO (0.00s)
    --- PASS: TestConnectionSendQueue/without_GSO (0.00s)
=== RUN   TestReceiveStreamFlowControlUpdates
=== RUN   TestReceiveStreamFlowControlUpdates/stream
=== RUN   TestReceiveStreamFlowControlUpdates/connection
--- PASS: TestReceiveStreamFlowControlUpdates (0.00s)
    --- PASS: TestReceiveStreamFlowControlUpdates/stream (0.00s)
    --- PASS: TestReceiveStreamFlowControlUpdates/connection (0.00s)
=== RUN   TestCoalescedRoutingUnknownCIDStatelessReset
=== RUN   TestCoalescedRoutingUnknownCIDStatelessReset/reset_queued
=== RUN   TestCoalescedRoutingUnknownCIDStatelessReset/dropped_without_reset_key
--- PASS: TestCoalescedRoutingUnknownCIDStatelessReset (0.00s)
    --- PASS: TestCoalescedRoutingUnknownCIDStatelessReset/reset_queued (0.00s)
    --- PASS: TestCoalescedRoutingUnknownCIDStatelessReset/dropped_without_reset_key (0.00s)
=== RUN   TestStreamsMapOutgoingRandomizedOpenStreamSync
    streams_map_outgoing_test.go:420: setting stream limit to 31
    streams_map_outgoing_test.go:420: setting stream limit to 51
    streams_map_outgoing_test.go:420: setting stream limit to 115
    streams_map_outgoing_test.go:420: setting stream limit to 175
    streams_map_outgoing_test.go:420: setting stream limit to 219
    streams_map_outgoing_test.go:420: setting stream limit to 279
    streams_map_outgoing_test.go:420: setting stream limit to 327
    streams_map_outgoing_test.go:420: setting stream limit to 383
    streams_map_outgoing_test.go:420: setting stream limit to 427
--- PASS: TestStreamsMapOutgoingRandomizedOpenStreamSync (0.00s)
=== RUN   TestConnectionServerInvalidFrames
=== RUN   TestConnectionServerInvalidFrames/NEW_TOKEN
=== RUN   TestConnectionServerInvalidFrames/HANDSHAKE_DONE
=== RUN   TestConnectionServerInvalidFrames/PATH_RESPONSE
--- PASS: TestConnectionServerInvalidFrames (0.00s)
    --- PASS: TestConnectionServerInvalidFrames/NEW_TOKEN (0.00s)
    --- PASS: TestConnectionServerInvalidFrames/HANDSHAKE_DONE (0.00s)
    --- PASS: TestConnectionServerInvalidFrames/PATH_RESPONSE (0.00s)
=== RUN   TestCoalescedRoutingShortTailSegment
--- PASS: TestCoalescedRoutingShortTailSegment (0.00s)
=== RUN   TestStreamsMapOutgoingOpenStreamSyncCancel
--- PASS: TestStreamsMapOutgoingOpenStreamSyncCancel (0.00s)
=== RUN   TestReceiveStreamResetStreamAtAfterReadOffset
--- PASS: TestReceiveStreamResetStreamAtAfterReadOffset (0.00s)
=== RUN   TestSendStreamLargeTryWriteAllCancellationLifetime
=== RUN   TestSendStreamLargeTryWriteAllCancellationLifetime/reliable=0
=== RUN   TestSendStreamLargeTryWriteAllCancellationLifetime/reliable=40
=== RUN   TestSendStreamLargeTryWriteAllCancellationLifetime/reliable=32768
--- PASS: TestSendStreamLargeTryWriteAllCancellationLifetime (0.00s)
    --- PASS: TestSendStreamLargeTryWriteAllCancellationLifetime/reliable=0 (0.00s)
    --- PASS: TestSendStreamLargeTryWriteAllCancellationLifetime/reliable=40 (0.00s)
    --- PASS: TestSendStreamLargeTryWriteAllCancellationLifetime/reliable=32768 (0.00s)
=== RUN   TestSendStreamSetup
--- PASS: TestSendStreamSetup (0.00s)
=== RUN   TestPackLongHeaders
=== RUN   TestPackLongHeaders/with_Handshake_ACK
=== RUN   TestPackLongHeaders/without_Handshake_ACK
--- PASS: TestPackLongHeaders (0.00s)
    --- PASS: TestPackLongHeaders/with_Handshake_ACK (0.00s)
    --- PASS: TestPackLongHeaders/without_Handshake_ACK (0.00s)
=== RUN   TestSetupFailurePreservesCallerSocket
=== RUN   TestSetupFailurePreservesCallerSocket/Dial
=== RUN   TestSetupFailurePreservesCallerSocket/Dial/TLS_configuration
=== RUN   TestSetupFailurePreservesCallerSocket/Dial/QUIC_configuration
=== RUN   TestSetupFailurePreservesCallerSocket/DialEarly
=== RUN   TestSetupFailurePreservesCallerSocket/DialEarly/TLS_configuration
=== RUN   TestSetupFailurePreservesCallerSocket/DialEarly/QUIC_configuration
=== RUN   TestSetupFailurePreservesCallerSocket/Listen
=== RUN   TestSetupFailurePreservesCallerSocket/Listen/TLS_configuration
=== RUN   TestSetupFailurePreservesCallerSocket/Listen/QUIC_configuration
=== RUN   TestSetupFailurePreservesCallerSocket/ListenEarly
=== RUN   TestSetupFailurePreservesCallerSocket/ListenEarly/TLS_configuration
=== RUN   TestSetupFailurePreservesCallerSocket/ListenEarly/QUIC_configuration
--- PASS: TestSetupFailurePreservesCallerSocket (0.00s)
    --- PASS: TestSetupFailurePreservesCallerSocket/Dial (0.00s)
        --- PASS: TestSetupFailurePreservesCallerSocket/Dial/TLS_configuration (0.00s)
        --- PASS: TestSetupFailurePreservesCallerSocket/Dial/QUIC_configuration (0.00s)
    --- PASS: TestSetupFailurePreservesCallerSocket/DialEarly (0.00s)
        --- PASS: TestSetupFailurePreservesCallerSocket/DialEarly/TLS_configuration (0.00s)
        --- PASS: TestSetupFailurePreservesCallerSocket/DialEarly/QUIC_configuration (0.00s)
    --- PASS: TestSetupFailurePreservesCallerSocket/Listen (0.00s)
        --- PASS: TestSetupFailurePreservesCallerSocket/Listen/TLS_configuration (0.00s)
        --- PASS: TestSetupFailurePreservesCallerSocket/Listen/QUIC_configuration (0.00s)
    --- PASS: TestSetupFailurePreservesCallerSocket/ListenEarly (0.00s)
        --- PASS: TestSetupFailurePreservesCallerSocket/ListenEarly/TLS_configuration (0.00s)
        --- PASS: TestSetupFailurePreservesCallerSocket/ListenEarly/QUIC_configuration (0.00s)
=== RUN   TestConnIDGeneratorReplaceWithClosed
=== RUN   TestConnIDGeneratorReplaceWithClosed/with_initial_client_destination_connection_ID
=== RUN   TestConnIDGeneratorReplaceWithClosed/without_initial_client_destination_connection_ID
--- PASS: TestConnIDGeneratorReplaceWithClosed (0.00s)
    --- PASS: TestConnIDGeneratorReplaceWithClosed/with_initial_client_destination_connection_ID (0.00s)
    --- PASS: TestConnIDGeneratorReplaceWithClosed/without_initial_client_destination_connection_ID (0.00s)
=== RUN   TestPathManagerOutgoingPathProbing
--- PASS: TestPathManagerOutgoingPathProbing (0.00s)
=== RUN   TestReceiveStreamResetStreamAtAfterResetStream
--- PASS: TestReceiveStreamResetStreamAtAfterResetStream (0.00s)
=== RUN   TestSendStreamResetStreamAtStopSendingBeforeCancelation
--- PASS: TestSendStreamResetStreamAtStopSendingBeforeCancelation (0.00s)
=== RUN   TestConnectionDatagramPacketReuse
=== RUN   TestConnectionDatagramPacketReuse/qlog=false
=== RUN   TestConnectionDatagramPacketReuse/qlog=true
--- PASS: TestConnectionDatagramPacketReuse (0.00s)
    --- PASS: TestConnectionDatagramPacketReuse/qlog=false (0.00s)
    --- PASS: TestConnectionDatagramPacketReuse/qlog=true (0.00s)
=== RUN   TestSendQueueWriteError
--- PASS: TestSendQueueWriteError (0.00s)
=== RUN   TestEmissionAckFullQueuePacing
--- PASS: TestEmissionAckFullQueuePacing (0.00s)
=== RUN   TestStatelessResetQueueDoesNotPinCoalescedSlab
--- PASS: TestStatelessResetQueueDoesNotPinCoalescedSlab (0.00s)
=== RUN   TestConnectionUnpackFailuresFatal
=== RUN   TestConnectionUnpackFailuresFatal/other_errors
=== RUN   TestConnectionUnpackFailuresFatal/invalid_reserved_bits
--- PASS: TestConnectionUnpackFailuresFatal (0.00s)
    --- PASS: TestConnectionUnpackFailuresFatal/other_errors (0.00s)
    --- PASS: TestConnectionUnpackFailuresFatal/invalid_reserved_bits (0.00s)
=== RUN   TestConnectionRetryAfterReceivedPacket
--- PASS: TestConnectionRetryAfterReceivedPacket (0.00s)
=== RUN   TestEmissionFullQueueResume
=== RUN   TestEmissionFullQueueResume/ordinary
=== RUN   TestEmissionFullQueueResume/GSO
--- PASS: TestEmissionFullQueueResume (0.00s)
    --- PASS: TestEmissionFullQueueResume/ordinary (0.00s)
    --- PASS: TestEmissionFullQueueResume/GSO (0.00s)
=== RUN   FuzzFrameSorter
=== RUN   FuzzFrameSorter/seed#0
=== RUN   FuzzFrameSorter/seed#1
=== RUN   FuzzFrameSorter/seed#2
=== RUN   FuzzFrameSorter/seed#3
=== RUN   FuzzFrameSorter/seed#4
=== RUN   FuzzFrameSorter/seed#5
--- PASS: FuzzFrameSorter (0.00s)
    --- PASS: FuzzFrameSorter/seed#0 (0.00s)
    --- PASS: FuzzFrameSorter/seed#1 (0.00s)
    --- PASS: FuzzFrameSorter/seed#2 (0.00s)
    --- PASS: FuzzFrameSorter/seed#3 (0.00s)
    --- PASS: FuzzFrameSorter/seed#4 (0.00s)
    --- PASS: FuzzFrameSorter/seed#5 (0.00s)
=== RUN   FuzzFindSNI
=== RUN   FuzzFindSNI/seed#0
=== RUN   FuzzFindSNI/seed#1
=== RUN   FuzzFindSNI/seed#2
=== RUN   FuzzFindSNI/seed#3
--- PASS: FuzzFindSNI (0.00s)
    --- PASS: FuzzFindSNI/seed#0 (0.00s)
    --- PASS: FuzzFindSNI/seed#1 (0.00s)
    --- PASS: FuzzFindSNI/seed#2 (0.00s)
    --- PASS: FuzzFindSNI/seed#3 (0.00s)
PASS
coverage: 91.4% of statements
ok  	github.com/quic-go/quic-go	1.207s	coverage: 91.4% of statements
