Unit tests (macos, Go 1.27.x)	Set up job	﻿2026-09-11T21:04:19.1751530Z Current runner version: '2.337.0'
Unit tests (macos, Go 1.27.x)	Set up job	2026-09-11T21:04:19.1787340Z ##[group]Runner Image Provisioner
Unit tests (macos, Go 1.27.x)	Set up job	2026-09-11T21:04:19.1788180Z Hosted Compute Agent
Unit tests (macos, Go 1.27.x)	Set up job	2026-09-11T21:04:19.1788620Z Version: 20260828.587
Unit tests (macos, Go 1.27.x)	Set up job	2026-09-11T21:04:19.1789080Z Commit: abac92662cab4cc7352de4f9f9d2e2419aad9c29
Unit tests (macos, Go 1.27.x)	Set up job	2026-09-11T21:04:19.1789550Z Build Date: 2026-08-28T16:44:25Z
Unit tests (macos, Go 1.27.x)	Set up job	2026-09-11T21:04:19.1790020Z Worker ID: {7a6e86b8-8b3c-4346-885c-6082c8366915}
Unit tests (macos, Go 1.27.x)	Set up job	2026-09-11T21:04:19.1790520Z Azure Region: westus
Unit tests (macos, Go 1.27.x)	Set up job	2026-09-11T21:04:19.1790880Z ##[endgroup]
Unit tests (macos, Go 1.27.x)	Set up job	2026-09-11T21:04:19.1792330Z ##[group]Operating System
Unit tests (macos, Go 1.27.x)	Set up job	2026-09-11T21:04:19.1793800Z macOS
Unit tests (macos, Go 1.27.x)	Set up job	2026-09-11T21:04:19.1794690Z 26.6.2
Unit tests (macos, Go 1.27.x)	Set up job	2026-09-11T21:04:19.1795560Z 25G83
Unit tests (macos, Go 1.27.x)	Set up job	2026-09-11T21:04:19.1795960Z ##[endgroup]
Unit tests (macos, Go 1.27.x)	Set up job	2026-09-11T21:04:19.1796330Z ##[group]Runner Image
Unit tests (macos, Go 1.27.x)	Set up job	2026-09-11T21:04:19.1796710Z Image: macos-26-arm64
Unit tests (macos, Go 1.27.x)	Set up job	2026-09-11T21:04:19.1797720Z Version: 20260907.0351.1
Unit tests (macos, Go 1.27.x)	Set up job	2026-09-11T21:04:19.1799780Z Included Software: https://github.com/actions/runner-images/blob/macos-26-arm64/20260907.0351/images/macos/macos-26-arm64-Readme.md
Unit tests (macos, Go 1.27.x)	Set up job	2026-09-11T21:04:19.1802490Z Image Release: https://github.com/actions/runner-images/releases/tag/macos-26-arm64%2F20260907.0351
Unit tests (macos, Go 1.27.x)	Set up job	2026-09-11T21:04:19.1803230Z ##[endgroup]
Unit tests (macos, Go 1.27.x)	Set up job	2026-09-11T21:04:19.1809160Z ##[group]GITHUB_TOKEN Permissions
Unit tests (macos, Go 1.27.x)	Set up job	2026-09-11T21:04:19.1814060Z Actions: read
Unit tests (macos, Go 1.27.x)	Set up job	2026-09-11T21:04:19.1815100Z ArtifactMetadata: read
Unit tests (macos, Go 1.27.x)	Set up job	2026-09-11T21:04:19.1816100Z Attestations: read
Unit tests (macos, Go 1.27.x)	Set up job	2026-09-11T21:04:19.1817070Z Checks: read
Unit tests (macos, Go 1.27.x)	Set up job	2026-09-11T21:04:19.1818020Z CodeQuality: read
Unit tests (macos, Go 1.27.x)	Set up job	2026-09-11T21:04:19.1818970Z Contents: read
Unit tests (macos, Go 1.27.x)	Set up job	2026-09-11T21:04:19.1819930Z Deployments: read
Unit tests (macos, Go 1.27.x)	Set up job	2026-09-11T21:04:19.1820870Z Discussions: read
Unit tests (macos, Go 1.27.x)	Set up job	2026-09-11T21:04:19.1821800Z Drives: read
Unit tests (macos, Go 1.27.x)	Set up job	2026-09-11T21:04:19.1822700Z Issues: read
Unit tests (macos, Go 1.27.x)	Set up job	2026-09-11T21:04:19.1823630Z Metadata: read
Unit tests (macos, Go 1.27.x)	Set up job	2026-09-11T21:04:19.1824600Z Models: read
Unit tests (macos, Go 1.27.x)	Set up job	2026-09-11T21:04:19.1825740Z Packages: read
Unit tests (macos, Go 1.27.x)	Set up job	2026-09-11T21:04:19.1827020Z Pages: read
Unit tests (macos, Go 1.27.x)	Set up job	2026-09-11T21:04:19.1827980Z PullRequests: read
Unit tests (macos, Go 1.27.x)	Set up job	2026-09-11T21:04:19.1829070Z RepositoryProjects: read
Unit tests (macos, Go 1.27.x)	Set up job	2026-09-11T21:04:19.1830150Z SecurityEvents: read
Unit tests (macos, Go 1.27.x)	Set up job	2026-09-11T21:04:19.1831230Z Statuses: read
Unit tests (macos, Go 1.27.x)	Set up job	2026-09-11T21:04:19.1832180Z VulnerabilityAlerts: read
Unit tests (macos, Go 1.27.x)	Set up job	2026-09-11T21:04:19.1833470Z ##[endgroup]
Unit tests (macos, Go 1.27.x)	Set up job	2026-09-11T21:04:19.1838020Z Secret source: Actions
Unit tests (macos, Go 1.27.x)	Set up job	2026-09-11T21:04:19.1839680Z Cache mode: write
Unit tests (macos, Go 1.27.x)	Set up job	2026-09-11T21:04:19.1841150Z Prepare workflow directory
Unit tests (macos, Go 1.27.x)	Set up job	2026-09-11T21:04:19.2193860Z Prepare all required actions
Unit tests (macos, Go 1.27.x)	Set up job	2026-09-11T21:04:19.2244250Z Getting action download info
Unit tests (macos, Go 1.27.x)	Set up job	2026-09-11T21:04:19.7143170Z Download action repository 'actions/checkout@v7' (SHA:3d3c42e5aac5ba805825da76410c181273ba90b1)
Unit tests (macos, Go 1.27.x)	Set up job	2026-09-11T21:04:20.1020480Z Download action repository 'actions/setup-go@v7' (SHA:b7ad1dad31e06c5925ef5d2fc7ad053ef454303e)
Unit tests (macos, Go 1.27.x)	Set up job	2026-09-11T21:04:20.6369120Z Download action repository 'codecov/codecov-action@fb8b3582c8e4def4969c97caa2f19720cb33a72f' (SHA:fb8b3582c8e4def4969c97caa2f19720cb33a72f)
Unit tests (macos, Go 1.27.x)	Set up job	2026-09-11T21:04:21.0650690Z Getting action download info
Unit tests (macos, Go 1.27.x)	Set up job	2026-09-11T21:04:21.2013050Z Download action repository 'actions/github-script@ed597411d8f924073f98dfc5c65a23a2325f34cd' (SHA:ed597411d8f924073f98dfc5c65a23a2325f34cd)
Unit tests (macos, Go 1.27.x)	Set up job	2026-09-11T21:04:21.8018280Z Getting action download info
Unit tests (macos, Go 1.27.x)	Set up job	2026-09-11T21:04:22.0961790Z Complete job name: Unit tests (macos, Go 1.27.x)
Unit tests (macos, Go 1.27.x)	Run actions/checkout@v7	﻿2026-09-11T21:04:22.1737140Z ##[group]Run actions/checkout@v7
Unit tests (macos, Go 1.27.x)	Run actions/checkout@v7	2026-09-11T21:04:22.1738170Z with:
Unit tests (macos, Go 1.27.x)	Run actions/checkout@v7	2026-09-11T21:04:22.1738680Z   repository: the-sarge/quic-go-fast
Unit tests (macos, Go 1.27.x)	Run actions/checkout@v7	2026-09-11T21:04:22.1744790Z   token: ***
Unit tests (macos, Go 1.27.x)	Run actions/checkout@v7	2026-09-11T21:04:22.1745420Z   ssh-strict: true
Unit tests (macos, Go 1.27.x)	Run actions/checkout@v7	2026-09-11T21:04:22.1746030Z   ssh-user: git
Unit tests (macos, Go 1.27.x)	Run actions/checkout@v7	2026-09-11T21:04:22.1746540Z   persist-credentials: true
Unit tests (macos, Go 1.27.x)	Run actions/checkout@v7	2026-09-11T21:04:22.1747130Z   clean: true
Unit tests (macos, Go 1.27.x)	Run actions/checkout@v7	2026-09-11T21:04:22.1747700Z   sparse-checkout-cone-mode: true
Unit tests (macos, Go 1.27.x)	Run actions/checkout@v7	2026-09-11T21:04:22.1748710Z   fetch-depth: 1
Unit tests (macos, Go 1.27.x)	Run actions/checkout@v7	2026-09-11T21:04:22.1749300Z   fetch-tags: false
Unit tests (macos, Go 1.27.x)	Run actions/checkout@v7	2026-09-11T21:04:22.1749860Z   show-progress: true
Unit tests (macos, Go 1.27.x)	Run actions/checkout@v7	2026-09-11T21:04:22.1750430Z   lfs: false
Unit tests (macos, Go 1.27.x)	Run actions/checkout@v7	2026-09-11T21:04:22.1750930Z   submodules: false
Unit tests (macos, Go 1.27.x)	Run actions/checkout@v7	2026-09-11T21:04:22.1751450Z   set-safe-directory: true
Unit tests (macos, Go 1.27.x)	Run actions/checkout@v7	2026-09-11T21:04:22.1752020Z   allow-unsafe-pr-checkout: false
Unit tests (macos, Go 1.27.x)	Run actions/checkout@v7	2026-09-11T21:04:22.1753890Z ##[endgroup]
Unit tests (macos, Go 1.27.x)	Run actions/checkout@v7	2026-09-11T21:04:22.6826620Z Syncing repository: the-sarge/quic-go-fast
Unit tests (macos, Go 1.27.x)	Run actions/checkout@v7	2026-09-11T21:04:22.6829450Z ##[group]Getting Git version info
Unit tests (macos, Go 1.27.x)	Run actions/checkout@v7	2026-09-11T21:04:22.6832200Z Working directory is '/Users/runner/work/quic-go-fast/quic-go-fast'
Unit tests (macos, Go 1.27.x)	Run actions/checkout@v7	2026-09-11T21:04:22.6833890Z [command]/opt/homebrew/bin/git version
Unit tests (macos, Go 1.27.x)	Run actions/checkout@v7	2026-09-11T21:04:22.7357990Z git version 2.55.0
Unit tests (macos, Go 1.27.x)	Run actions/checkout@v7	2026-09-11T21:04:22.7375490Z ##[endgroup]
Unit tests (macos, Go 1.27.x)	Run actions/checkout@v7	2026-09-11T21:04:22.7385150Z Copying '/Users/runner/.gitconfig' to '/Users/runner/work/_temp/a07c87f1-dcae-490a-80b0-c1586c9b80a3/.gitconfig'
Unit tests (macos, Go 1.27.x)	Run actions/checkout@v7	2026-09-11T21:04:22.7395620Z Temporarily overriding HOME='/Users/runner/work/_temp/a07c87f1-dcae-490a-80b0-c1586c9b80a3' before making global git config changes
Unit tests (macos, Go 1.27.x)	Run actions/checkout@v7	2026-09-11T21:04:22.7397640Z Adding repository directory to the temporary git global config as a safe directory
Unit tests (macos, Go 1.27.x)	Run actions/checkout@v7	2026-09-11T21:04:22.7401090Z [command]/opt/homebrew/bin/git config --global --add safe.directory /Users/runner/work/quic-go-fast/quic-go-fast
Unit tests (macos, Go 1.27.x)	Run actions/checkout@v7	2026-09-11T21:04:22.7541860Z Deleting the contents of '/Users/runner/work/quic-go-fast/quic-go-fast'
Unit tests (macos, Go 1.27.x)	Run actions/checkout@v7	2026-09-11T21:04:22.7544720Z ##[group]Determining repository object format
Unit tests (macos, Go 1.27.x)	Run actions/checkout@v7	2026-09-11T21:04:22.7546150Z ##[endgroup]
Unit tests (macos, Go 1.27.x)	Run actions/checkout@v7	2026-09-11T21:04:22.7547040Z ##[group]Initializing the repository
Unit tests (macos, Go 1.27.x)	Run actions/checkout@v7	2026-09-11T21:04:22.7552350Z [command]/opt/homebrew/bin/git init /Users/runner/work/quic-go-fast/quic-go-fast
Unit tests (macos, Go 1.27.x)	Run actions/checkout@v7	2026-09-11T21:04:22.7825620Z hint: Using 'master' as the name for the initial branch. This default branch name
Unit tests (macos, Go 1.27.x)	Run actions/checkout@v7	2026-09-11T21:04:22.7831870Z hint: will change to "main" in Git 3.0. To configure the initial branch name
Unit tests (macos, Go 1.27.x)	Run actions/checkout@v7	2026-09-11T21:04:22.7834390Z hint: to use in all of your new repositories, which will suppress this warning,
Unit tests (macos, Go 1.27.x)	Run actions/checkout@v7	2026-09-11T21:04:22.7835600Z hint: call:
Unit tests (macos, Go 1.27.x)	Run actions/checkout@v7	2026-09-11T21:04:22.7836380Z hint:
Unit tests (macos, Go 1.27.x)	Run actions/checkout@v7	2026-09-11T21:04:22.7838270Z hint: 	git config --global init.defaultBranch <name>
Unit tests (macos, Go 1.27.x)	Run actions/checkout@v7	2026-09-11T21:04:22.7839280Z hint:
Unit tests (macos, Go 1.27.x)	Run actions/checkout@v7	2026-09-11T21:04:22.7848150Z hint: Names commonly chosen instead of 'master' are 'main', 'trunk' and
Unit tests (macos, Go 1.27.x)	Run actions/checkout@v7	2026-09-11T21:04:22.7849530Z hint: 'development'. The just-created branch can be renamed via this command:
Unit tests (macos, Go 1.27.x)	Run actions/checkout@v7	2026-09-11T21:04:22.7851320Z hint:
Unit tests (macos, Go 1.27.x)	Run actions/checkout@v7	2026-09-11T21:04:22.7852040Z hint: 	git branch -m <name>
Unit tests (macos, Go 1.27.x)	Run actions/checkout@v7	2026-09-11T21:04:22.7852940Z hint:
Unit tests (macos, Go 1.27.x)	Run actions/checkout@v7	2026-09-11T21:04:22.7853850Z hint: Disable this message with "git config set advice.defaultBranchName false"
Unit tests (macos, Go 1.27.x)	Run actions/checkout@v7	2026-09-11T21:04:22.7856100Z Initialized empty Git repository in /Users/runner/work/quic-go-fast/quic-go-fast/.git/
Unit tests (macos, Go 1.27.x)	Run actions/checkout@v7	2026-09-11T21:04:22.7867460Z [command]/opt/homebrew/bin/git remote add origin https://github.com/the-sarge/quic-go-fast
Unit tests (macos, Go 1.27.x)	Run actions/checkout@v7	2026-09-11T21:04:22.7927440Z ##[endgroup]
Unit tests (macos, Go 1.27.x)	Run actions/checkout@v7	2026-09-11T21:04:22.7928790Z ##[group]Disabling automatic garbage collection
Unit tests (macos, Go 1.27.x)	Run actions/checkout@v7	2026-09-11T21:04:22.7930170Z [command]/opt/homebrew/bin/git config --local gc.auto 0
Unit tests (macos, Go 1.27.x)	Run actions/checkout@v7	2026-09-11T21:04:22.8000820Z ##[endgroup]
Unit tests (macos, Go 1.27.x)	Run actions/checkout@v7	2026-09-11T21:04:22.8001870Z ##[group]Setting up auth
Unit tests (macos, Go 1.27.x)	Run actions/checkout@v7	2026-09-11T21:04:22.8002480Z Removing SSH command configuration
Unit tests (macos, Go 1.27.x)	Run actions/checkout@v7	2026-09-11T21:04:22.8005060Z [command]/opt/homebrew/bin/git config --local --name-only --get-regexp core\.sshCommand
Unit tests (macos, Go 1.27.x)	Run actions/checkout@v7	2026-09-11T21:04:22.8075420Z [command]/opt/homebrew/bin/git submodule foreach --recursive sh -c "git config --local --name-only --get-regexp 'core\.sshCommand' && git config --local --unset-all 'core.sshCommand' || :"
Unit tests (macos, Go 1.27.x)	Run actions/checkout@v7	2026-09-11T21:04:22.9366880Z Removing HTTP extra header
Unit tests (macos, Go 1.27.x)	Run actions/checkout@v7	2026-09-11T21:04:22.9370240Z [command]/opt/homebrew/bin/git config --local --name-only --get-regexp http\.https\:\/\/github\.com\/\.extraheader
Unit tests (macos, Go 1.27.x)	Run actions/checkout@v7	2026-09-11T21:04:22.9457790Z [command]/opt/homebrew/bin/git submodule foreach --recursive sh -c "git config --local --name-only --get-regexp 'http\.https\:\/\/github\.com\/\.extraheader' && git config --local --unset-all 'http.https://github.com/.extraheader' || :"
Unit tests (macos, Go 1.27.x)	Run actions/checkout@v7	2026-09-11T21:04:23.1183640Z Removing includeIf entries pointing to credentials config files
Unit tests (macos, Go 1.27.x)	Run actions/checkout@v7	2026-09-11T21:04:23.1287260Z [command]/opt/homebrew/bin/git config --local --name-only --get-regexp ^includeIf\.gitdir:
Unit tests (macos, Go 1.27.x)	Run actions/checkout@v7	2026-09-11T21:04:23.1537030Z [command]/opt/homebrew/bin/git submodule foreach --recursive git config --local --show-origin --name-only --get-regexp remote.origin.url
Unit tests (macos, Go 1.27.x)	Run actions/checkout@v7	2026-09-11T21:04:23.3618400Z [command]/opt/homebrew/bin/git config --file /Users/runner/work/_temp/git-credentials-b4580a22-db54-4a5a-908c-7e192ebf8487.config http.https://github.com/.extraheader AUTHORIZATION: basic ***
Unit tests (macos, Go 1.27.x)	Run actions/checkout@v7	2026-09-11T21:04:23.3762330Z [command]/opt/homebrew/bin/git config --local includeIf.gitdir:/Users/runner/work/quic-go-fast/quic-go-fast/.git.path /Users/runner/work/_temp/git-credentials-b4580a22-db54-4a5a-908c-7e192ebf8487.config
Unit tests (macos, Go 1.27.x)	Run actions/checkout@v7	2026-09-11T21:04:23.3856900Z [command]/opt/homebrew/bin/git config --local includeIf.gitdir:/Users/runner/work/quic-go-fast/quic-go-fast/.git/worktrees/*.path /Users/runner/work/_temp/git-credentials-b4580a22-db54-4a5a-908c-7e192ebf8487.config
Unit tests (macos, Go 1.27.x)	Run actions/checkout@v7	2026-09-11T21:04:23.3940980Z [command]/opt/homebrew/bin/git config --local includeIf.gitdir:/github/workspace/.git.path /github/runner_temp/git-credentials-b4580a22-db54-4a5a-908c-7e192ebf8487.config
Unit tests (macos, Go 1.27.x)	Run actions/checkout@v7	2026-09-11T21:04:23.4052360Z [command]/opt/homebrew/bin/git config --local includeIf.gitdir:/github/workspace/.git/worktrees/*.path /github/runner_temp/git-credentials-b4580a22-db54-4a5a-908c-7e192ebf8487.config
Unit tests (macos, Go 1.27.x)	Run actions/checkout@v7	2026-09-11T21:04:23.4147720Z ##[endgroup]
Unit tests (macos, Go 1.27.x)	Run actions/checkout@v7	2026-09-11T21:04:23.4148310Z ##[group]Fetching the repository
Unit tests (macos, Go 1.27.x)	Run actions/checkout@v7	2026-09-11T21:04:23.4176760Z [command]/opt/homebrew/bin/git -c protocol.version=2 fetch --no-tags --prune --no-recurse-submodules --depth=1 origin +b0e09fedae109486550e541ad3ea3cb462864680:refs/remotes/origin/codex/g2-journal
Unit tests (macos, Go 1.27.x)	Run actions/checkout@v7	2026-09-11T21:04:25.1777780Z From https://github.com/the-sarge/quic-go-fast
Unit tests (macos, Go 1.27.x)	Run actions/checkout@v7	2026-09-11T21:04:25.1779180Z  * [new ref]         b0e09fedae109486550e541ad3ea3cb462864680 -> origin/codex/g2-journal
Unit tests (macos, Go 1.27.x)	Run actions/checkout@v7	2026-09-11T21:04:25.1789750Z [command]/opt/homebrew/bin/git branch --list --remote origin/codex/g2-journal
Unit tests (macos, Go 1.27.x)	Run actions/checkout@v7	2026-09-11T21:04:25.1886480Z   origin/codex/g2-journal
Unit tests (macos, Go 1.27.x)	Run actions/checkout@v7	2026-09-11T21:04:25.1896210Z [command]/opt/homebrew/bin/git rev-parse refs/remotes/origin/codex/g2-journal
Unit tests (macos, Go 1.27.x)	Run actions/checkout@v7	2026-09-11T21:04:25.1972220Z b0e09fedae109486550e541ad3ea3cb462864680
Unit tests (macos, Go 1.27.x)	Run actions/checkout@v7	2026-09-11T21:04:25.1975150Z ##[endgroup]
Unit tests (macos, Go 1.27.x)	Run actions/checkout@v7	2026-09-11T21:04:25.1975640Z ##[group]Determining the checkout info
Unit tests (macos, Go 1.27.x)	Run actions/checkout@v7	2026-09-11T21:04:25.1976710Z ##[endgroup]
Unit tests (macos, Go 1.27.x)	Run actions/checkout@v7	2026-09-11T21:04:25.1982560Z [command]/opt/homebrew/bin/git sparse-checkout disable
Unit tests (macos, Go 1.27.x)	Run actions/checkout@v7	2026-09-11T21:04:25.2078320Z [command]/opt/homebrew/bin/git config --local --unset-all extensions.worktreeConfig
Unit tests (macos, Go 1.27.x)	Run actions/checkout@v7	2026-09-11T21:04:25.2147420Z ##[group]Checking out the ref
Unit tests (macos, Go 1.27.x)	Run actions/checkout@v7	2026-09-11T21:04:25.2150530Z [command]/opt/homebrew/bin/git checkout --progress --force -B codex/g2-journal refs/remotes/origin/codex/g2-journal
Unit tests (macos, Go 1.27.x)	Run actions/checkout@v7	2026-09-11T21:04:25.4264660Z Switched to a new branch 'codex/g2-journal'
Unit tests (macos, Go 1.27.x)	Run actions/checkout@v7	2026-09-11T21:04:25.4271410Z branch 'codex/g2-journal' set up to track 'origin/codex/g2-journal'.
Unit tests (macos, Go 1.27.x)	Run actions/checkout@v7	2026-09-11T21:04:25.4279230Z ##[endgroup]
Unit tests (macos, Go 1.27.x)	Run actions/checkout@v7	2026-09-11T21:04:25.4388950Z [command]/opt/homebrew/bin/git log -1 --format=%H
Unit tests (macos, Go 1.27.x)	Run actions/checkout@v7	2026-09-11T21:04:25.4475660Z b0e09fedae109486550e541ad3ea3cb462864680
Unit tests (macos, Go 1.27.x)	Run actions/setup-go@v7	﻿2026-09-11T21:04:25.4777050Z ##[group]Run actions/setup-go@v7
Unit tests (macos, Go 1.27.x)	Run actions/setup-go@v7	2026-09-11T21:04:25.4777470Z with:
Unit tests (macos, Go 1.27.x)	Run actions/setup-go@v7	2026-09-11T21:04:25.4777720Z   go-version: 1.27.x
Unit tests (macos, Go 1.27.x)	Run actions/setup-go@v7	2026-09-11T21:04:25.4778010Z   check-latest: true
Unit tests (macos, Go 1.27.x)	Run actions/setup-go@v7	2026-09-11T21:04:25.4780660Z   token: ***
Unit tests (macos, Go 1.27.x)	Run actions/setup-go@v7	2026-09-11T21:04:25.4780890Z   cache: true
Unit tests (macos, Go 1.27.x)	Run actions/setup-go@v7	2026-09-11T21:04:25.4781160Z ##[endgroup]
Unit tests (macos, Go 1.27.x)	Run actions/setup-go@v7	2026-09-11T21:04:25.6282960Z Setup go version spec 1.27.x
Unit tests (macos, Go 1.27.x)	Run actions/setup-go@v7	2026-09-11T21:04:25.6284710Z Attempting to resolve the latest version from the manifest...
Unit tests (macos, Go 1.27.x)	Run actions/setup-go@v7	2026-09-11T21:04:26.4853030Z matching 1.27.x...
Unit tests (macos, Go 1.27.x)	Run actions/setup-go@v7	2026-09-11T21:04:26.5019780Z Resolved as '1.27.1'
Unit tests (macos, Go 1.27.x)	Run actions/setup-go@v7	2026-09-11T21:04:26.5026560Z Attempting to download 1.27.1...
Unit tests (macos, Go 1.27.x)	Run actions/setup-go@v7	2026-09-11T21:04:27.1989320Z matching 1.27.1...
Unit tests (macos, Go 1.27.x)	Run actions/setup-go@v7	2026-09-11T21:04:27.2127530Z Acquiring 1.27.1 from https://github.com/actions/go-versions/releases/download/1.27.1-33583469715/go-1.27.1-darwin-arm64.tar.gz
Unit tests (macos, Go 1.27.x)	Run actions/setup-go@v7	2026-09-11T21:04:27.7661180Z Extracting Go...
Unit tests (macos, Go 1.27.x)	Run actions/setup-go@v7	2026-09-11T21:04:27.7822910Z [command]/usr/bin/tar xz -C /Users/runner/work/_temp/bf0ba330-f372-4a24-8a47-9278a35e33a0 -f /Users/runner/work/_temp/81f04f1a-2594-4c22-b2d5-7166e5fc0cd3
Unit tests (macos, Go 1.27.x)	Run actions/setup-go@v7	2026-09-11T21:04:30.4620290Z Successfully extracted go to /Users/runner/work/_temp/bf0ba330-f372-4a24-8a47-9278a35e33a0
Unit tests (macos, Go 1.27.x)	Run actions/setup-go@v7	2026-09-11T21:04:30.4640350Z Adding to the cache ...
Unit tests (macos, Go 1.27.x)	Run actions/setup-go@v7	2026-09-11T21:04:42.1944870Z Successfully cached go to /Users/runner/hostedtoolcache/go/1.27.1/arm64
Unit tests (macos, Go 1.27.x)	Run actions/setup-go@v7	2026-09-11T21:04:42.1946530Z Added go to the path
Unit tests (macos, Go 1.27.x)	Run actions/setup-go@v7	2026-09-11T21:04:42.1946980Z Successfully set up Go version 1.27.x
Unit tests (macos, Go 1.27.x)	Run actions/setup-go@v7	2026-09-11T21:04:42.3374010Z [command]/Users/runner/hostedtoolcache/go/1.27.1/arm64/bin/go env GOCACHE
Unit tests (macos, Go 1.27.x)	Run actions/setup-go@v7	2026-09-11T21:04:42.3411060Z [command]/Users/runner/hostedtoolcache/go/1.27.1/arm64/bin/go env GOMODCACHE
Unit tests (macos, Go 1.27.x)	Run actions/setup-go@v7	2026-09-11T21:04:42.3498450Z /Users/runner/Library/Caches/go-build
Unit tests (macos, Go 1.27.x)	Run actions/setup-go@v7	2026-09-11T21:04:42.3514850Z /Users/runner/go/pkg/mod
Unit tests (macos, Go 1.27.x)	Run actions/setup-go@v7	2026-09-11T21:04:42.6285910Z Cache hit for: setup-go-macOS-arm64-go-1.27.1-b96dac367d6271f25415279ed6e179852a0bc8856950be110ce4e7930edba58e
Unit tests (macos, Go 1.27.x)	Run actions/setup-go@v7	2026-09-11T21:04:43.9293240Z Received 0 of 61977133 (0.0%), 0.0 MBs/sec
Unit tests (macos, Go 1.27.x)	Run actions/setup-go@v7	2026-09-11T21:04:44.9327730Z Received 57782829 of 61977133 (93.2%), 27.5 MBs/sec
Unit tests (macos, Go 1.27.x)	Run actions/setup-go@v7	2026-09-11T21:04:45.2476320Z Received 61977133 of 61977133 (100.0%), 25.5 MBs/sec
Unit tests (macos, Go 1.27.x)	Run actions/setup-go@v7	2026-09-11T21:04:45.2483900Z Cache Size: ~59 MB (61977133 B)
Unit tests (macos, Go 1.27.x)	Run actions/setup-go@v7	2026-09-11T21:04:45.2540640Z [command]/opt/homebrew/bin/gtar -xf /Users/runner/work/_temp/85301f9c-9427-446e-b605-bda868168b20/cache.tzst -P -C /Users/runner/work/quic-go-fast/quic-go-fast --delay-directory-restore --use-compress-program unzstd
Unit tests (macos, Go 1.27.x)	Run actions/setup-go@v7	2026-09-11T21:04:46.7632950Z Cache restored successfully
Unit tests (macos, Go 1.27.x)	Run actions/setup-go@v7	2026-09-11T21:04:46.7705140Z Cache restored from key: setup-go-macOS-arm64-go-1.27.1-b96dac367d6271f25415279ed6e179852a0bc8856950be110ce4e7930edba58e
Unit tests (macos, Go 1.27.x)	Run actions/setup-go@v7	2026-09-11T21:04:46.7822360Z go version go1.27.1 darwin/arm64
Unit tests (macos, Go 1.27.x)	Run actions/setup-go@v7	2026-09-11T21:04:46.7823050Z 
Unit tests (macos, Go 1.27.x)	Run actions/setup-go@v7	2026-09-11T21:04:46.7824220Z ##[group]go env
Unit tests (macos, Go 1.27.x)	Run actions/setup-go@v7	2026-09-11T21:04:48.2261050Z AR='ar'
Unit tests (macos, Go 1.27.x)	Run actions/setup-go@v7	2026-09-11T21:04:48.2261460Z CC='clang'
Unit tests (macos, Go 1.27.x)	Run actions/setup-go@v7	2026-09-11T21:04:48.2261960Z CGO_CFLAGS='-O2 -g'
Unit tests (macos, Go 1.27.x)	Run actions/setup-go@v7	2026-09-11T21:04:48.2263080Z CGO_CPPFLAGS=''
Unit tests (macos, Go 1.27.x)	Run actions/setup-go@v7	2026-09-11T21:04:48.2263690Z CGO_CXXFLAGS='-O2 -g'
Unit tests (macos, Go 1.27.x)	Run actions/setup-go@v7	2026-09-11T21:04:48.2263990Z CGO_ENABLED='1'
Unit tests (macos, Go 1.27.x)	Run actions/setup-go@v7	2026-09-11T21:04:48.2264290Z CGO_FFLAGS='-O2 -g'
Unit tests (macos, Go 1.27.x)	Run actions/setup-go@v7	2026-09-11T21:04:48.2292190Z CGO_LDFLAGS='-O2 -g'
Unit tests (macos, Go 1.27.x)	Run actions/setup-go@v7	2026-09-11T21:04:48.2292660Z CXX='clang++'
Unit tests (macos, Go 1.27.x)	Run actions/setup-go@v7	2026-09-11T21:04:48.2293000Z GCCGO='gccgo'
Unit tests (macos, Go 1.27.x)	Run actions/setup-go@v7	2026-09-11T21:04:48.2293250Z GO111MODULE=''
Unit tests (macos, Go 1.27.x)	Run actions/setup-go@v7	2026-09-11T21:04:48.2293560Z GOARCH='arm64'
Unit tests (macos, Go 1.27.x)	Run actions/setup-go@v7	2026-09-11T21:04:48.2293790Z GOARM64='v8.0'
Unit tests (macos, Go 1.27.x)	Run actions/setup-go@v7	2026-09-11T21:04:48.2294120Z GOAUTH='netrc'
Unit tests (macos, Go 1.27.x)	Run actions/setup-go@v7	2026-09-11T21:04:48.2294400Z GOBIN='/Users/runner/go/bin'
Unit tests (macos, Go 1.27.x)	Run actions/setup-go@v7	2026-09-11T21:04:48.2294750Z GOCACHE='/Users/runner/Library/Caches/go-build'
Unit tests (macos, Go 1.27.x)	Run actions/setup-go@v7	2026-09-11T21:04:48.2295180Z GOCACHEPROG=''
Unit tests (macos, Go 1.27.x)	Run actions/setup-go@v7	2026-09-11T21:04:48.2295470Z GODEBUG=''
Unit tests (macos, Go 1.27.x)	Run actions/setup-go@v7	2026-09-11T21:04:48.2295720Z GOENV='/Users/runner/Library/Application Support/go/env'
Unit tests (macos, Go 1.27.x)	Run actions/setup-go@v7	2026-09-11T21:04:48.2296510Z GOEXE=''
Unit tests (macos, Go 1.27.x)	Run actions/setup-go@v7	2026-09-11T21:04:48.2296800Z GOEXPERIMENT=''
Unit tests (macos, Go 1.27.x)	Run actions/setup-go@v7	2026-09-11T21:04:48.2297190Z GOFIPS140='off'
Unit tests (macos, Go 1.27.x)	Run actions/setup-go@v7	2026-09-11T21:04:48.2297470Z GOFLAGS=''
Unit tests (macos, Go 1.27.x)	Run actions/setup-go@v7	2026-09-11T21:04:48.2298680Z GOGCCFLAGS='-fPIC -arch arm64 -pthread -fno-caret-diagnostics -Qunused-arguments -fmessage-length=0 -ffile-prefix-map=/var/folders/36/tjdph2t965j8snz9_vkdnw0r0000gn/T/go-build2017195112=/tmp/go-build -gno-record-gcc-switches -fno-common'
Unit tests (macos, Go 1.27.x)	Run actions/setup-go@v7	2026-09-11T21:04:48.2300690Z GOHOSTARCH='arm64'
Unit tests (macos, Go 1.27.x)	Run actions/setup-go@v7	2026-09-11T21:04:48.2301050Z GOHOSTOS='darwin'
Unit tests (macos, Go 1.27.x)	Run actions/setup-go@v7	2026-09-11T21:04:48.2301370Z GOINSECURE=''
Unit tests (macos, Go 1.27.x)	Run actions/setup-go@v7	2026-09-11T21:04:48.2301750Z GOMOD='/Users/runner/work/quic-go-fast/quic-go-fast/go.mod'
Unit tests (macos, Go 1.27.x)	Run actions/setup-go@v7	2026-09-11T21:04:48.2302170Z GOMODCACHE='/Users/runner/go/pkg/mod'
Unit tests (macos, Go 1.27.x)	Run actions/setup-go@v7	2026-09-11T21:04:48.2302500Z GONOPROXY=''
Unit tests (macos, Go 1.27.x)	Run actions/setup-go@v7	2026-09-11T21:04:48.2302740Z GONOSUMDB=''
Unit tests (macos, Go 1.27.x)	Run actions/setup-go@v7	2026-09-11T21:04:48.2302920Z GOOS='darwin'
Unit tests (macos, Go 1.27.x)	Run actions/setup-go@v7	2026-09-11T21:04:48.2303160Z GOPACKAGESDRIVER=''
Unit tests (macos, Go 1.27.x)	Run actions/setup-go@v7	2026-09-11T21:04:48.2303340Z GOPATH='/Users/runner/go'
Unit tests (macos, Go 1.27.x)	Run actions/setup-go@v7	2026-09-11T21:04:48.2303520Z GOPRIVATE=''
Unit tests (macos, Go 1.27.x)	Run actions/setup-go@v7	2026-09-11T21:04:48.2303730Z GOPROXY='https://proxy.golang.org,direct'
Unit tests (macos, Go 1.27.x)	Run actions/setup-go@v7	2026-09-11T21:04:48.2304060Z GOROOT='/Users/runner/hostedtoolcache/go/1.27.1/arm64'
Unit tests (macos, Go 1.27.x)	Run actions/setup-go@v7	2026-09-11T21:04:48.2304520Z GOSUMDB='sum.golang.org'
Unit tests (macos, Go 1.27.x)	Run actions/setup-go@v7	2026-09-11T21:04:48.2304740Z GOTELEMETRY='local'
Unit tests (macos, Go 1.27.x)	Run actions/setup-go@v7	2026-09-11T21:04:48.2305020Z GOTELEMETRYDIR='/Users/runner/Library/Application Support/go/telemetry'
Unit tests (macos, Go 1.27.x)	Run actions/setup-go@v7	2026-09-11T21:04:48.2305530Z GOTMPDIR=''
Unit tests (macos, Go 1.27.x)	Run actions/setup-go@v7	2026-09-11T21:04:48.2305800Z GOTOOLCHAIN='local'
Unit tests (macos, Go 1.27.x)	Run actions/setup-go@v7	2026-09-11T21:04:48.2306180Z GOTOOLDIR='/Users/runner/hostedtoolcache/go/1.27.1/arm64/pkg/tool/darwin_arm64'
Unit tests (macos, Go 1.27.x)	Run actions/setup-go@v7	2026-09-11T21:04:48.2315360Z GOVCS=''
Unit tests (macos, Go 1.27.x)	Run actions/setup-go@v7	2026-09-11T21:04:48.2315730Z GOVERSION='go1.27.1'
Unit tests (macos, Go 1.27.x)	Run actions/setup-go@v7	2026-09-11T21:04:48.2316110Z GOWORK=''
Unit tests (macos, Go 1.27.x)	Run actions/setup-go@v7	2026-09-11T21:04:48.2316460Z PKG_CONFIG='pkg-config'
Unit tests (macos, Go 1.27.x)	Run actions/setup-go@v7	2026-09-11T21:04:48.2316620Z 
Unit tests (macos, Go 1.27.x)	Run actions/setup-go@v7	2026-09-11T21:04:48.2317190Z ##[endgroup]
Unit tests (macos, Go 1.27.x)	Run go version	﻿2026-09-11T21:04:48.2467480Z ##[group]Run go version
Unit tests (macos, Go 1.27.x)	Run go version	2026-09-11T21:04:48.2467880Z ^[[36;1mgo version^[[0m
Unit tests (macos, Go 1.27.x)	Run go version	2026-09-11T21:04:48.2648550Z shell: /bin/bash -e {0}
Unit tests (macos, Go 1.27.x)	Run go version	2026-09-11T21:04:48.2648890Z env:
Unit tests (macos, Go 1.27.x)	Run go version	2026-09-11T21:04:48.2649050Z   GOTOOLCHAIN: local
Unit tests (macos, Go 1.27.x)	Run go version	2026-09-11T21:04:48.2649380Z ##[endgroup]
Unit tests (macos, Go 1.27.x)	Run go version	2026-09-11T21:04:48.3193550Z go version go1.27.1 darwin/arm64
Unit tests (macos, Go 1.27.x)	Install go-junit-report	﻿2026-09-11T21:04:48.3233960Z ##[group]Run go install github.com/jstemmer/go-junit-report/v2@v2.1.0
Unit tests (macos, Go 1.27.x)	Install go-junit-report	2026-09-11T21:04:48.3234660Z ^[[36;1mgo install github.com/jstemmer/go-junit-report/v2@v2.1.0^[[0m
Unit tests (macos, Go 1.27.x)	Install go-junit-report	2026-09-11T21:04:48.3268200Z shell: /bin/bash -e {0}
Unit tests (macos, Go 1.27.x)	Install go-junit-report	2026-09-11T21:04:48.3268550Z env:
Unit tests (macos, Go 1.27.x)	Install go-junit-report	2026-09-11T21:04:48.3268770Z   GOTOOLCHAIN: local
Unit tests (macos, Go 1.27.x)	Install go-junit-report	2026-09-11T21:04:48.3269030Z ##[endgroup]
Unit tests (macos, Go 1.27.x)	Remove integrationtests	﻿2026-09-11T21:04:49.2914880Z ##[group]Run git rm -r --cached integrationtests && rm -rf integrationtests
Unit tests (macos, Go 1.27.x)	Remove integrationtests	2026-09-11T21:04:49.2915520Z ^[[36;1mgit rm -r --cached integrationtests && rm -rf integrationtests^[[0m
Unit tests (macos, Go 1.27.x)	Remove integrationtests	2026-09-11T21:04:49.2955090Z shell: /bin/bash --noprofile --norc -e -o pipefail {0}
Unit tests (macos, Go 1.27.x)	Remove integrationtests	2026-09-11T21:04:49.2955780Z env:
Unit tests (macos, Go 1.27.x)	Remove integrationtests	2026-09-11T21:04:49.2956110Z   GOTOOLCHAIN: local
Unit tests (macos, Go 1.27.x)	Remove integrationtests	2026-09-11T21:04:49.2956310Z ##[endgroup]
Unit tests (macos, Go 1.27.x)	Remove integrationtests	2026-09-11T21:04:49.7101570Z rm 'integrationtests/fips/fips_test.go'
Unit tests (macos, Go 1.27.x)	Remove integrationtests	2026-09-11T21:04:49.7102270Z rm 'integrationtests/fips/go.mod'
Unit tests (macos, Go 1.27.x)	Remove integrationtests	2026-09-11T21:04:49.7102580Z rm 'integrationtests/fips/go.sum'
Unit tests (macos, Go 1.27.x)	Remove integrationtests	2026-09-11T21:04:49.7104420Z rm 'integrationtests/gomodvendor/.gitignore'
Unit tests (macos, Go 1.27.x)	Remove integrationtests	2026-09-11T21:04:49.7105000Z rm 'integrationtests/gomodvendor/go.mod'
Unit tests (macos, Go 1.27.x)	Remove integrationtests	2026-09-11T21:04:49.7105300Z rm 'integrationtests/gomodvendor/go.sum'
Unit tests (macos, Go 1.27.x)	Remove integrationtests	2026-09-11T21:04:49.7105580Z rm 'integrationtests/gomodvendor/main.go'
Unit tests (macos, Go 1.27.x)	Remove integrationtests	2026-09-11T21:04:49.7105870Z rm 'integrationtests/self/benchmark_test.go'
Unit tests (macos, Go 1.27.x)	Remove integrationtests	2026-09-11T21:04:49.7106200Z rm 'integrationtests/self/cancelation_test.go'
Unit tests (macos, Go 1.27.x)	Remove integrationtests	2026-09-11T21:04:49.7106620Z rm 'integrationtests/self/close_test.go'
Unit tests (macos, Go 1.27.x)	Remove integrationtests	2026-09-11T21:04:49.7106940Z rm 'integrationtests/self/conn_id_test.go'
Unit tests (macos, Go 1.27.x)	Remove integrationtests	2026-09-11T21:04:49.7107240Z rm 'integrationtests/self/connection_migration_test.go'
Unit tests (macos, Go 1.27.x)	Remove integrationtests	2026-09-11T21:04:49.7107670Z rm 'integrationtests/self/corruption_capture_helper_test.go'
Unit tests (macos, Go 1.27.x)	Remove integrationtests	2026-09-11T21:04:49.7108110Z rm 'integrationtests/self/corruption_capture_linux_test.go'
Unit tests (macos, Go 1.27.x)	Remove integrationtests	2026-09-11T21:04:49.7108450Z rm 'integrationtests/self/corruption_capture_test.go'
Unit tests (macos, Go 1.27.x)	Remove integrationtests	2026-09-11T21:04:49.7108930Z rm 'integrationtests/self/corruption_diagnostics_helper_test.go'
Unit tests (macos, Go 1.27.x)	Remove integrationtests	2026-09-11T21:04:49.7109380Z rm 'integrationtests/self/corruption_diagnostics_test.go'
Unit tests (macos, Go 1.27.x)	Remove integrationtests	2026-09-11T21:04:49.7109730Z rm 'integrationtests/self/corruption_policy_test.go'
Unit tests (macos, Go 1.27.x)	Remove integrationtests	2026-09-11T21:04:49.7110180Z rm 'integrationtests/self/corruption_socket_helper_test.go'
Unit tests (macos, Go 1.27.x)	Remove integrationtests	2026-09-11T21:04:49.7110500Z rm 'integrationtests/self/datagram_test.go'
Unit tests (macos, Go 1.27.x)	Remove integrationtests	2026-09-11T21:04:49.7110830Z rm 'integrationtests/self/deadline_test.go'
Unit tests (macos, Go 1.27.x)	Remove integrationtests	2026-09-11T21:04:49.7111150Z rm 'integrationtests/self/drop_test.go'
Unit tests (macos, Go 1.27.x)	Remove integrationtests	2026-09-11T21:04:49.7111760Z rm 'integrationtests/self/early_data_test.go'
Unit tests (macos, Go 1.27.x)	Remove integrationtests	2026-09-11T21:04:49.7112130Z rm 'integrationtests/self/handshake_context_test.go'
Unit tests (macos, Go 1.27.x)	Remove integrationtests	2026-09-11T21:04:49.7112540Z rm 'integrationtests/self/handshake_corruption_capture_test.go'
Unit tests (macos, Go 1.27.x)	Remove integrationtests	2026-09-11T21:04:49.7113000Z rm 'integrationtests/self/handshake_corruption_test.go'
Unit tests (macos, Go 1.27.x)	Remove integrationtests	2026-09-11T21:04:49.7113400Z rm 'integrationtests/self/handshake_diagnostics_helper_test.go'
Unit tests (macos, Go 1.27.x)	Remove integrationtests	2026-09-11T21:04:49.7113810Z rm 'integrationtests/self/handshake_diagnostics_test.go'
Unit tests (macos, Go 1.27.x)	Remove integrationtests	2026-09-11T21:04:49.7114210Z rm 'integrationtests/self/handshake_drop_test.go'
Unit tests (macos, Go 1.27.x)	Remove integrationtests	2026-09-11T21:04:49.7114990Z rm 'integrationtests/self/handshake_loss_capture_test.go'
Unit tests (macos, Go 1.27.x)	Remove integrationtests	2026-09-11T21:04:49.7115580Z rm 'integrationtests/self/handshake_loss_policy_test.go'
Unit tests (macos, Go 1.27.x)	Remove integrationtests	2026-09-11T21:04:49.7116010Z rm 'integrationtests/self/handshake_mtu_test.go'
Unit tests (macos, Go 1.27.x)	Remove integrationtests	2026-09-11T21:04:49.7116350Z rm 'integrationtests/self/handshake_rtt_test.go'
Unit tests (macos, Go 1.27.x)	Remove integrationtests	2026-09-11T21:04:49.7116640Z rm 'integrationtests/self/handshake_test.go'
Unit tests (macos, Go 1.27.x)	Remove integrationtests	2026-09-11T21:04:49.7116990Z rm 'integrationtests/self/http3_stream_priority_test.go'
Unit tests (macos, Go 1.27.x)	Remove integrationtests	2026-09-11T21:04:49.7117720Z rm 'integrationtests/self/http_0rtt_test.go'
Unit tests (macos, Go 1.27.x)	Remove integrationtests	2026-09-11T21:04:49.7118010Z rm 'integrationtests/self/http_datagram_test.go'
Unit tests (macos, Go 1.27.x)	Remove integrationtests	2026-09-11T21:04:49.7118340Z rm 'integrationtests/self/http_hotswap_test.go'
Unit tests (macos, Go 1.27.x)	Remove integrationtests	2026-09-11T21:04:49.7118630Z rm 'integrationtests/self/http_qlog_test.go'
Unit tests (macos, Go 1.27.x)	Remove integrationtests	2026-09-11T21:04:49.7118930Z rm 'integrationtests/self/http_raw_conn_test.go'
Unit tests (macos, Go 1.27.x)	Remove integrationtests	2026-09-11T21:04:49.7119280Z rm 'integrationtests/self/http_shutdown_test.go'
Unit tests (macos, Go 1.27.x)	Remove integrationtests	2026-09-11T21:04:49.7119610Z rm 'integrationtests/self/http_test.go'
Unit tests (macos, Go 1.27.x)	Remove integrationtests	2026-09-11T21:04:49.7119900Z rm 'integrationtests/self/http_trace_test.go'
Unit tests (macos, Go 1.27.x)	Remove integrationtests	2026-09-11T21:04:49.7120200Z rm 'integrationtests/self/key_update_test.go'
Unit tests (macos, Go 1.27.x)	Remove integrationtests	2026-09-11T21:04:49.7120490Z rm 'integrationtests/self/mitm_test.go'
Unit tests (macos, Go 1.27.x)	Remove integrationtests	2026-09-11T21:04:49.7121320Z rm 'integrationtests/self/mtu_snapshot_test.go'
Unit tests (macos, Go 1.27.x)	Remove integrationtests	2026-09-11T21:04:49.7121620Z rm 'integrationtests/self/mtu_test.go'
Unit tests (macos, Go 1.27.x)	Remove integrationtests	2026-09-11T21:04:49.7121920Z rm 'integrationtests/self/multiplex_test.go'
Unit tests (macos, Go 1.27.x)	Remove integrationtests	2026-09-11T21:04:49.7122730Z rm 'integrationtests/self/nat_rebinding_test.go'
Unit tests (macos, Go 1.27.x)	Remove integrationtests	2026-09-11T21:04:49.7123090Z rm 'integrationtests/self/packetization_test.go'
Unit tests (macos, Go 1.27.x)	Remove integrationtests	2026-09-11T21:04:49.7123470Z rm 'integrationtests/self/qlog_dir_test.go'
Unit tests (macos, Go 1.27.x)	Remove integrationtests	2026-09-11T21:04:49.7123780Z rm 'integrationtests/self/qlog_test.go'
Unit tests (macos, Go 1.27.x)	Remove integrationtests	2026-09-11T21:04:49.7124560Z rm 'integrationtests/self/resumption_test.go'
Unit tests (macos, Go 1.27.x)	Remove integrationtests	2026-09-11T21:04:49.7124900Z rm 'integrationtests/self/rtt_test.go'
Unit tests (macos, Go 1.27.x)	Remove integrationtests	2026-09-11T21:04:49.7125240Z rm 'integrationtests/self/self_go124_test.go'
Unit tests (macos, Go 1.27.x)	Remove integrationtests	2026-09-11T21:04:49.7125560Z rm 'integrationtests/self/self_go125_test.go'
Unit tests (macos, Go 1.27.x)	Remove integrationtests	2026-09-11T21:04:49.7125910Z rm 'integrationtests/self/self_suite_linux_test.go'
Unit tests (macos, Go 1.27.x)	Remove integrationtests	2026-09-11T21:04:49.7126550Z rm 'integrationtests/self/self_suite_others_test.go'
Unit tests (macos, Go 1.27.x)	Remove integrationtests	2026-09-11T21:04:49.7126900Z rm 'integrationtests/self/self_test.go'
Unit tests (macos, Go 1.27.x)	Remove integrationtests	2026-09-11T21:04:49.7127230Z rm 'integrationtests/self/simnet_helper_test.go'
Unit tests (macos, Go 1.27.x)	Remove integrationtests	2026-09-11T21:04:49.7127630Z rm 'integrationtests/self/stateless_reset_test.go'
Unit tests (macos, Go 1.27.x)	Remove integrationtests	2026-09-11T21:04:49.7128000Z rm 'integrationtests/self/stream_priority_test.go'
Unit tests (macos, Go 1.27.x)	Remove integrationtests	2026-09-11T21:04:49.7128350Z rm 'integrationtests/self/stream_test.go'
Unit tests (macos, Go 1.27.x)	Remove integrationtests	2026-09-11T21:04:49.7128710Z rm 'integrationtests/self/timeout_helpers_test.go'
Unit tests (macos, Go 1.27.x)	Remove integrationtests	2026-09-11T21:04:49.7129020Z rm 'integrationtests/self/timeout_test.go'
Unit tests (macos, Go 1.27.x)	Remove integrationtests	2026-09-11T21:04:49.7129370Z rm 'integrationtests/self/zero_rtt_test.go'
Unit tests (macos, Go 1.27.x)	Remove integrationtests	2026-09-11T21:04:49.7129670Z rm 'integrationtests/tools/crypto.go'
Unit tests (macos, Go 1.27.x)	Remove integrationtests	2026-09-11T21:04:49.7129940Z rm 'integrationtests/tools/crypto_test.go'
Unit tests (macos, Go 1.27.x)	Remove integrationtests	2026-09-11T21:04:49.7130210Z rm 'integrationtests/tools/israce/norace.go'
Unit tests (macos, Go 1.27.x)	Remove integrationtests	2026-09-11T21:04:49.7130490Z rm 'integrationtests/tools/israce/race.go'
Unit tests (macos, Go 1.27.x)	Remove integrationtests	2026-09-11T21:04:49.7130750Z rm 'integrationtests/tools/proxy/proxy.go'
Unit tests (macos, Go 1.27.x)	Remove integrationtests	2026-09-11T21:04:49.7131040Z rm 'integrationtests/tools/proxy/proxy_test.go'
Unit tests (macos, Go 1.27.x)	Remove integrationtests	2026-09-11T21:04:49.7131370Z rm 'integrationtests/tools/proxy/socket_observer_test.go'
Unit tests (macos, Go 1.27.x)	Remove integrationtests	2026-09-11T21:04:49.7131940Z rm 'integrationtests/tools/qlog.go'
Unit tests (macos, Go 1.27.x)	Remove integrationtests	2026-09-11T21:04:49.7132370Z rm 'integrationtests/versionnegotiation/handshake_test.go'
Unit tests (macos, Go 1.27.x)	Remove integrationtests	2026-09-11T21:04:49.7132850Z rm 'integrationtests/versionnegotiation/rtt_test.go'
Unit tests (macos, Go 1.27.x)	Remove integrationtests	2026-09-11T21:04:49.7133270Z rm 'integrationtests/versionnegotiation/test_helper_test.go'
Unit tests (macos, Go 1.27.x)	Run tests	﻿2026-09-11T21:04:49.7215950Z ##[group]Run go test -v -shuffle on -cover -coverprofile coverage.txt ./... 2>&1 | go-junit-report -set-exit-code -iocopy -out report.xml
Unit tests (macos, Go 1.27.x)	Run tests	2026-09-11T21:04:49.7216840Z ^[[36;1mgo test -v -shuffle on -cover -coverprofile coverage.txt ./... 2>&1 | go-junit-report -set-exit-code -iocopy -out report.xml^[[0m
Unit tests (macos, Go 1.27.x)	Run tests	2026-09-11T21:04:49.7249390Z shell: /bin/bash -e {0}
Unit tests (macos, Go 1.27.x)	Run tests	2026-09-11T21:04:49.7249610Z env:
Unit tests (macos, Go 1.27.x)	Run tests	2026-09-11T21:04:49.7249800Z   GOTOOLCHAIN: local
Unit tests (macos, Go 1.27.x)	Run tests	2026-09-11T21:04:49.7250020Z   TIMESCALE_FACTOR: 10
Unit tests (macos, Go 1.27.x)	Run tests	2026-09-11T21:04:49.7250220Z ##[endgroup]
Unit tests (macos, Go 1.27.x)	Run tests	2026-09-11T21:04:49.8438970Z go: downloading github.com/quic-go/go-ossfuzz-seeds v0.1.0
Unit tests (macos, Go 1.27.x)	Run tests	2026-09-11T21:04:49.8449270Z go: downloading go.uber.org/mock v0.5.2
Unit tests (macos, Go 1.27.x)	Run tests	2026-09-11T21:05:06.0154310Z -test.shuffle 1789160702392383000
Unit tests (macos, Go 1.27.x)	Run tests	2026-09-11T21:05:06.0156630Z === RUN   TestUnpackShortHeaderEmptyPayload
Unit tests (macos, Go 1.27.x)	Run tests	2026-09-11T21:05:06.0170920Z --- PASS: TestUnpackShortHeaderEmptyPayload (0.00s)
Unit tests (macos, Go 1.27.x)	Run tests	2026-09-11T21:05:06.0171420Z === RUN   TestSendConnRemoteAddrChange
Unit tests (macos, Go 1.27.x)	Run tests	2026-09-11T21:05:06.0171810Z --- PASS: TestSendConnRemoteAddrChange (0.00s)
Unit tests (macos, Go 1.27.x)	Run tests	2026-09-11T21:05:06.0175120Z === RUN   TestConnIDManagerHandshakeCompletion
Unit tests (macos, Go 1.27.x)	Run tests	2026-09-11T21:05:06.0175540Z --- PASS: TestConnIDManagerHandshakeCompletion (0.00s)
Unit tests (macos, Go 1.27.x)	Run tests	2026-09-11T21:05:06.0176020Z === RUN   TestSendStreamClose
Unit tests (macos, Go 1.27.x)	Run tests	2026-09-11T21:05:06.0176320Z --- PASS: TestSendStreamClose (0.00s)
Unit tests (macos, Go 1.27.x)	Run tests	2026-09-11T21:05:06.0207930Z === RUN   TestPackInitialProbePacket
Unit tests (macos, Go 1.27.x)	Run tests	2026-09-11T21:05:06.0208950Z === RUN   TestPackInitialProbePacket/client
Unit tests (macos, Go 1.27.x)	Run tests	2026-09-11T21:05:06.0209700Z === RUN   TestPackInitialProbePacket/server
Unit tests (macos, Go 1.27.x)	Run tests	2026-09-11T21:05:06.0210430Z --- PASS: TestPackInitialProbePacket (0.01s)
Unit tests (macos, Go 1.27.x)	Run tests	2026-09-11T21:05:06.0211480Z     --- PASS: TestPackInitialProbePacket/client (0.00s)
Unit tests (macos, Go 1.27.x)	Run tests	2026-09-11T21:05:06.0212600Z     --- PASS: TestPackInitialProbePacket/server (0.00s)
Unit tests (macos, Go 1.27.x)	Run tests	2026-09-11T21:05:06.0213560Z === RUN   TestPack0RTTPacket
Unit tests (macos, Go 1.27.x)	Run tests	2026-09-11T21:05:06.0214340Z --- PASS: TestPack0RTTPacket (0.00s)
Unit tests (macos, Go 1.27.x)	Run tests	2026-09-11T21:05:06.0216290Z === RUN   TestConnectionIdleTimeoutDuringHandshake
Unit tests (macos, Go 1.27.x)	Run tests	2026-09-11T21:05:06.0217210Z --- PASS: TestConnectionIdleTimeoutDuringHandshake (0.00s)
Unit tests (macos, Go 1.27.x)	Run tests	2026-09-11T21:05:06.0218100Z === RUN   TestTransportStatelessResetSending
Unit tests (macos, Go 1.27.x)	Run tests	2026-09-11T21:05:06.0218990Z --- PASS: TestTransportStatelessResetSending (0.00s)
Unit tests (macos, Go 1.27.x)	Run tests	2026-09-11T21:05:06.0219780Z === RUN   TestAreConnsRunning
Unit tests (macos, Go 1.27.x)	Run tests	2026-09-11T21:05:06.0221720Z 2026/09/11 21:05:02 failed to sufficiently increase receive buffer size (was: 768 kiB, wanted: 7168 kiB, got: 6144 kiB). See https://github.com/quic-go/quic-go/wiki/UDP-Buffer-Sizes for details.
Unit tests (macos, Go 1.27.x)	Run tests	2026-09-11T21:05:06.0223390Z --- PASS: TestAreConnsRunning (0.03s)
Unit tests (macos, Go 1.27.x)	Run tests	2026-09-11T21:05:06.0224240Z === RUN   TestCryptoStreamReceiveDataAfterFinish
Unit tests (macos, Go 1.27.x)	Run tests	2026-09-11T21:05:06.0225100Z --- PASS: TestCryptoStreamReceiveDataAfterFinish (0.00s)
Unit tests (macos, Go 1.27.x)	Run tests	2026-09-11T21:05:06.0226390Z === RUN   TestConnectionLoggingStreamFrame
Unit tests (macos, Go 1.27.x)	Run tests	2026-09-11T21:05:06.0226890Z --- PASS: TestConnectionLoggingStreamFrame (0.00s)
Unit tests (macos, Go 1.27.x)	Run tests	2026-09-11T21:05:06.0227270Z === RUN   TestConnectionVersionNegotiationNoMatch
Unit tests (macos, Go 1.27.x)	Run tests	2026-09-11T21:05:06.0227600Z --- PASS: TestConnectionVersionNegotiationNoMatch (0.00s)
Unit tests (macos, Go 1.27.x)	Run tests	2026-09-11T21:05:06.0228490Z === RUN   TestListenAddr
Unit tests (macos, Go 1.27.x)	Run tests	2026-09-11T21:05:06.0228700Z --- PASS: TestListenAddr (0.00s)
Unit tests (macos, Go 1.27.x)	Run tests	2026-09-11T21:05:06.0228970Z === RUN   TestConnectionLoggingDatagramFrame
Unit tests (macos, Go 1.27.x)	Run tests	2026-09-11T21:05:06.0229610Z --- PASS: TestConnectionLoggingDatagramFrame (0.00s)
Unit tests (macos, Go 1.27.x)	Run tests	2026-09-11T21:05:06.0230010Z === RUN   TestReadECNFlagsDualStack
Unit tests (macos, Go 1.27.x)	Run tests	2026-09-11T21:05:06.0230320Z --- PASS: TestReadECNFlagsDualStack (0.00s)
Unit tests (macos, Go 1.27.x)	Run tests	2026-09-11T21:05:06.0231170Z === RUN   TestFramerStreamDataBlocked
Unit tests (macos, Go 1.27.x)	Run tests	2026-09-11T21:05:06.0231480Z === RUN   TestFramerStreamDataBlocked/small_STREAM_frame
Unit tests (macos, Go 1.27.x)	Run tests	2026-09-11T21:05:06.0232050Z === RUN   TestFramerStreamDataBlocked/large_STREAM_frame
Unit tests (macos, Go 1.27.x)	Run tests	2026-09-11T21:05:06.0232470Z --- PASS: TestFramerStreamDataBlocked (0.00s)
Unit tests (macos, Go 1.27.x)	Run tests	2026-09-11T21:05:06.0233200Z     --- PASS: TestFramerStreamDataBlocked/small_STREAM_frame (0.00s)
Unit tests (macos, Go 1.27.x)	Run tests	2026-09-11T21:05:06.0233750Z     --- PASS: TestFramerStreamDataBlocked/large_STREAM_frame (0.00s)
Unit tests (macos, Go 1.27.x)	Run tests	2026-09-11T21:05:06.0234380Z === RUN   TestFramerSplitsStreamRetransmissions
Unit tests (macos, Go 1.27.x)	Run tests	2026-09-11T21:05:06.0236690Z --- PASS: TestFramerSplitsStreamRetransmissions (0.00s)
Unit tests (macos, Go 1.27.x)	Run tests	2026-09-11T21:05:06.0237180Z === RUN   TestProbeConstructorFailureLifetime
Unit tests (macos, Go 1.27.x)	Run tests	2026-09-11T21:05:06.0237570Z === RUN   TestProbeConstructorFailureLifetime/path/append
Unit tests (macos, Go 1.27.x)	Run tests	2026-09-11T21:05:06.0237930Z === RUN   TestProbeConstructorFailureLifetime/path/keys
Unit tests (macos, Go 1.27.x)	Run tests	2026-09-11T21:05:06.0238290Z === RUN   TestProbeConstructorFailureLifetime/MTU/append
Unit tests (macos, Go 1.27.x)	Run tests	2026-09-11T21:05:06.0238810Z === RUN   TestProbeConstructorFailureLifetime/MTU/keys
Unit tests (macos, Go 1.27.x)	Run tests	2026-09-11T21:05:06.0239190Z --- PASS: TestProbeConstructorFailureLifetime (0.00s)
Unit tests (macos, Go 1.27.x)	Run tests	2026-09-11T21:05:06.0239740Z     --- PASS: TestProbeConstructorFailureLifetime/path/append (0.00s)
Unit tests (macos, Go 1.27.x)	Run tests	2026-09-11T21:05:06.0240340Z     --- PASS: TestProbeConstructorFailureLifetime/path/keys (0.00s)
Unit tests (macos, Go 1.27.x)	Run tests	2026-09-11T21:05:06.0240860Z     --- PASS: TestProbeConstructorFailureLifetime/MTU/append (0.00s)
Unit tests (macos, Go 1.27.x)	Run tests	2026-09-11T21:05:06.0241710Z     --- PASS: TestProbeConstructorFailureLifetime/MTU/keys (0.00s)
Unit tests (macos, Go 1.27.x)	Run tests	2026-09-11T21:05:06.0242040Z === RUN   TestCryptoStreamWrite
Unit tests (macos, Go 1.27.x)	Run tests	2026-09-11T21:05:06.0242290Z --- PASS: TestCryptoStreamWrite (0.00s)
Unit tests (macos, Go 1.27.x)	Run tests	2026-09-11T21:05:06.0242620Z === RUN   TestTokenStoreUpdates
Unit tests (macos, Go 1.27.x)	Run tests	2026-09-11T21:05:06.0242890Z --- PASS: TestTokenStoreUpdates (0.00s)
Unit tests (macos, Go 1.27.x)	Run tests	2026-09-11T21:05:06.0243320Z === RUN   TestFramerFillPacketMultipleStreams
Unit tests (macos, Go 1.27.x)	Run tests	2026-09-11T21:05:06.0243760Z --- PASS: TestFramerFillPacketMultipleStreams (0.27s)
Unit tests (macos, Go 1.27.x)	Run tests	2026-09-11T21:05:06.0244260Z === RUN   TestConnectionVersionNegotiation
Unit tests (macos, Go 1.27.x)	Run tests	2026-09-11T21:05:06.0244690Z === RUN   TestConnectionVersionNegotiation/before_Initial
Unit tests (macos, Go 1.27.x)	Run tests	2026-09-11T21:05:06.0245050Z === RUN   TestConnectionVersionNegotiation/after_Initial
Unit tests (macos, Go 1.27.x)	Run tests	2026-09-11T21:05:06.0245410Z --- PASS: TestConnectionVersionNegotiation (0.00s)
Unit tests (macos, Go 1.27.x)	Run tests	2026-09-11T21:05:06.0247170Z     --- PASS: TestConnectionVersionNegotiation/before_Initial (0.00s)
Unit tests (macos, Go 1.27.x)	Run tests	2026-09-11T21:05:06.0247750Z     --- PASS: TestConnectionVersionNegotiation/after_Initial (0.00s)
Unit tests (macos, Go 1.27.x)	Run tests	2026-09-11T21:05:06.0248110Z === RUN   TestSendStreamLargeWrites
Unit tests (macos, Go 1.27.x)	Run tests	2026-09-11T21:05:06.0248390Z --- PASS: TestSendStreamLargeWrites (0.00s)
Unit tests (macos, Go 1.27.x)	Run tests	2026-09-11T21:05:06.0248750Z === RUN   TestUnpackLongHeaderIncorrectReservedBits
Unit tests (macos, Go 1.27.x)	Run tests	2026-09-11T21:05:06.0249140Z === RUN   TestUnpackLongHeaderIncorrectReservedBits/decryption_fails
Unit tests (macos, Go 1.27.x)	Run tests	2026-09-11T21:05:06.0249670Z === RUN   TestUnpackLongHeaderIncorrectReservedBits/decryption_fails/Initial
Unit tests (macos, Go 1.27.x)	Run tests	2026-09-11T21:05:06.0250190Z === RUN   TestUnpackLongHeaderIncorrectReservedBits/decryption_fails/Handshake
Unit tests (macos, Go 1.27.x)	Run tests	2026-09-11T21:05:06.0250710Z === RUN   TestUnpackLongHeaderIncorrectReservedBits/decryption_fails/0-RTT
Unit tests (macos, Go 1.27.x)	Run tests	2026-09-11T21:05:06.0251200Z === RUN   TestUnpackLongHeaderIncorrectReservedBits/decryption_succeeds
Unit tests (macos, Go 1.27.x)	Run tests	2026-09-11T21:05:06.0251700Z === RUN   TestUnpackLongHeaderIncorrectReservedBits/decryption_succeeds/Initial
Unit tests (macos, Go 1.27.x)	Run tests	2026-09-11T21:05:06.0252250Z === RUN   TestUnpackLongHeaderIncorrectReservedBits/decryption_succeeds/Handshake
Unit tests (macos, Go 1.27.x)	Run tests	2026-09-11T21:05:06.0252830Z === RUN   TestUnpackLongHeaderIncorrectReservedBits/decryption_succeeds/0-RTT
Unit tests (macos, Go 1.27.x)	Run tests	2026-09-11T21:05:06.0253290Z --- PASS: TestUnpackLongHeaderIncorrectReservedBits (0.00s)
Unit tests (macos, Go 1.27.x)	Run tests	2026-09-11T21:05:06.0253860Z     --- PASS: TestUnpackLongHeaderIncorrectReservedBits/decryption_fails (0.00s)
Unit tests (macos, Go 1.27.x)	Run tests	2026-09-11T21:05:06.0254820Z         --- PASS: TestUnpackLongHeaderIncorrectReservedBits/decryption_fails/Initial (0.00s)
Unit tests (macos, Go 1.27.x)	Run tests	2026-09-11T21:05:06.0255870Z         --- PASS: TestUnpackLongHeaderIncorrectReservedBits/decryption_fails/Handshake (0.00s)
Unit tests (macos, Go 1.27.x)	Run tests	2026-09-11T21:05:06.0257960Z         --- PASS: TestUnpackLongHeaderIncorrectReservedBits/decryption_fails/0-RTT (0.00s)
Unit tests (macos, Go 1.27.x)	Run tests	2026-09-11T21:05:06.0258840Z     --- PASS: TestUnpackLongHeaderIncorrectReservedBits/decryption_succeeds (0.00s)
Unit tests (macos, Go 1.27.x)	Run tests	2026-09-11T21:05:06.0260110Z         --- PASS: TestUnpackLongHeaderIncorrectReservedBits/decryption_succeeds/Initial (0.00s)
Unit tests (macos, Go 1.27.x)	Run tests	2026-09-11T21:05:06.0261160Z         --- PASS: TestUnpackLongHeaderIncorrectReservedBits/decryption_succeeds/Handshake (0.00s)
Unit tests (macos, Go 1.27.x)	Run tests	2026-09-11T21:05:06.0262070Z         --- PASS: TestUnpackLongHeaderIncorrectReservedBits/decryption_succeeds/0-RTT (0.00s)
Unit tests (macos, Go 1.27.x)	Run tests	2026-09-11T21:05:06.0262610Z === RUN   TestConnIDManagerPathMigration
Unit tests (macos, Go 1.27.x)	Run tests	2026-09-11T21:05:06.0264990Z --- PASS: TestConnIDManagerPathMigration (0.00s)
Unit tests (macos, Go 1.27.x)	Run tests	2026-09-11T21:05:06.0265370Z === RUN   TestServerPacketDropping
Unit tests (macos, Go 1.27.x)	Run tests	2026-09-11T21:05:06.0265740Z === RUN   TestServerPacketDropping/destination_connection_ID_too_short
Unit tests (macos, Go 1.27.x)	Run tests	2026-09-11T21:05:06.0266240Z === RUN   TestServerPacketDropping/Initial_packet_too_small
Unit tests (macos, Go 1.27.x)	Run tests	2026-09-11T21:05:06.0266710Z === RUN   TestServerPacketDropping/packet_of_unknown_version,_too_small
Unit tests (macos, Go 1.27.x)	Run tests	2026-09-11T21:05:06.0267140Z === RUN   TestServerPacketDropping/not_an_Initial_packet
Unit tests (macos, Go 1.27.x)	Run tests	2026-09-11T21:05:06.0267580Z === RUN   TestServerPacketDropping/Version_Negotiation_packet
Unit tests (macos, Go 1.27.x)	Run tests	2026-09-11T21:05:06.0268130Z --- PASS: TestServerPacketDropping (0.27s)
Unit tests (macos, Go 1.27.x)	Run tests	2026-09-11T21:05:06.0268930Z     --- PASS: TestServerPacketDropping/destination_connection_ID_too_short (0.05s)
Unit tests (macos, Go 1.27.x)	Run tests	2026-09-11T21:05:06.0269800Z     --- PASS: TestServerPacketDropping/Initial_packet_too_small (0.05s)
Unit tests (macos, Go 1.27.x)	Run tests	2026-09-11T21:05:06.0271080Z     --- PASS: TestServerPacketDropping/packet_of_unknown_version,_too_small (0.05s)
Unit tests (macos, Go 1.27.x)	Run tests	2026-09-11T21:05:06.0271750Z     --- PASS: TestServerPacketDropping/not_an_Initial_packet (0.05s)
Unit tests (macos, Go 1.27.x)	Run tests	2026-09-11T21:05:06.0272500Z     --- PASS: TestServerPacketDropping/Version_Negotiation_packet (0.06s)
Unit tests (macos, Go 1.27.x)	Run tests	2026-09-11T21:05:06.0273030Z === RUN   TestFrameSorterPeek
Unit tests (macos, Go 1.27.x)	Run tests	2026-09-11T21:05:06.0273550Z --- PASS: TestFrameSorterPeek (0.00s)
Unit tests (macos, Go 1.27.x)	Run tests	2026-09-11T21:05:06.0274000Z === RUN   TestSendStreamWriteAfterTryWriteAll
Unit tests (macos, Go 1.27.x)	Run tests	2026-09-11T21:05:06.0274490Z --- PASS: TestSendStreamWriteAfterTryWriteAll (0.00s)
Unit tests (macos, Go 1.27.x)	Run tests	2026-09-11T21:05:06.0274870Z === RUN   TestReadECNFlagsIPv6
Unit tests (macos, Go 1.27.x)	Run tests	2026-09-11T21:05:06.0275160Z --- PASS: TestReadECNFlagsIPv6 (0.01s)
Unit tests (macos, Go 1.27.x)	Run tests	2026-09-11T21:05:06.0275550Z === RUN   TestSendStreamResetStreamAtCancelAfterSend
Unit tests (macos, Go 1.27.x)	Run tests	2026-09-11T21:05:06.0288060Z --- PASS: TestSendStreamResetStreamAtCancelAfterSend (0.00s)
Unit tests (macos, Go 1.27.x)	Run tests	2026-09-11T21:05:06.0288640Z === RUN   TestTransportUnparseableQUICPackets
Unit tests (macos, Go 1.27.x)	Run tests	2026-09-11T21:05:06.0289210Z --- PASS: TestTransportUnparseableQUICPackets (0.00s)
Unit tests (macos, Go 1.27.x)	Run tests	2026-09-11T21:05:06.0289580Z === RUN   TestTransportDialingVersionNegotiation
Unit tests (macos, Go 1.27.x)	Run tests	2026-09-11T21:05:06.0289950Z --- PASS: TestTransportDialingVersionNegotiation (0.00s)
Unit tests (macos, Go 1.27.x)	Run tests	2026-09-11T21:05:06.0290410Z === RUN   TestCoalescedRetentionUnprocessedQueueWiring
Unit tests (macos, Go 1.27.x)	Run tests	2026-09-11T21:05:06.0290810Z --- PASS: TestCoalescedRetentionUnprocessedQueueWiring (0.00s)
Unit tests (macos, Go 1.27.x)	Run tests	2026-09-11T21:05:06.0291240Z === RUN   TestListenerReleasesReadBuffers
Unit tests (macos, Go 1.27.x)	Run tests	2026-09-11T21:05:06.0291600Z --- PASS: TestListenerReleasesReadBuffers (0.00s)
Unit tests (macos, Go 1.27.x)	Run tests	2026-09-11T21:05:06.0292010Z === RUN   TestPathManagerOutgoingRepeatedSuccessfulProbes
Unit tests (macos, Go 1.27.x)	Run tests	2026-09-11T21:05:06.0292580Z --- PASS: TestPathManagerOutgoingRepeatedSuccessfulProbes (0.00s)
Unit tests (macos, Go 1.27.x)	Run tests	2026-09-11T21:05:06.0293340Z === RUN   TestTokenStoreMultipleOrigins
Unit tests (macos, Go 1.27.x)	Run tests	2026-09-11T21:05:06.0293710Z --- PASS: TestTokenStoreMultipleOrigins (0.00s)
Unit tests (macos, Go 1.27.x)	Run tests	2026-09-11T21:05:06.0294160Z === RUN   TestConnectionReceiveLifetimeRejectedRetention
Unit tests (macos, Go 1.27.x)	Run tests	2026-09-11T21:05:06.0294590Z --- PASS: TestConnectionReceiveLifetimeRejectedRetention (0.00s)
Unit tests (macos, Go 1.27.x)	Run tests	2026-09-11T21:05:06.0294970Z === RUN   TestTransportDial
Unit tests (macos, Go 1.27.x)	Run tests	2026-09-11T21:05:06.0295310Z === RUN   TestTransportDial/regular
Unit tests (macos, Go 1.27.x)	Run tests	2026-09-11T21:05:06.0295630Z === RUN   TestTransportDial/early
Unit tests (macos, Go 1.27.x)	Run tests	2026-09-11T21:05:06.0295880Z --- PASS: TestTransportDial (0.00s)
Unit tests (macos, Go 1.27.x)	Run tests	2026-09-11T21:05:06.0296330Z     --- PASS: TestTransportDial/regular (0.00s)
Unit tests (macos, Go 1.27.x)	Run tests	2026-09-11T21:05:06.0298190Z     --- PASS: TestTransportDial/early (0.00s)
Unit tests (macos, Go 1.27.x)	Run tests	2026-09-11T21:05:06.0299880Z === RUN   TestConnectionReceiveLifetimeVersionNegotiation
Unit tests (macos, Go 1.27.x)	Run tests	2026-09-11T21:05:06.0300610Z --- PASS: TestConnectionReceiveLifetimeVersionNegotiation (0.00s)
Unit tests (macos, Go 1.27.x)	Run tests	2026-09-11T21:05:06.0301130Z === RUN   TestStreamReceiveFinalSizeCallback
Unit tests (macos, Go 1.27.x)	Run tests	2026-09-11T21:05:06.0301480Z --- PASS: TestStreamReceiveFinalSizeCallback (0.00s)
Unit tests (macos, Go 1.27.x)	Run tests	2026-09-11T21:05:06.0301800Z === RUN   TestStreamAbandoning
Unit tests (macos, Go 1.27.x)	Run tests	2026-09-11T21:05:06.0302190Z --- PASS: TestStreamAbandoning (0.00s)
Unit tests (macos, Go 1.27.x)	Run tests	2026-09-11T21:05:06.0302620Z === RUN   TestCryptoStreamManagerFinishEncryptionLevel
Unit tests (macos, Go 1.27.x)	Run tests	2026-09-11T21:05:06.0303130Z === RUN   TestCryptoStreamManagerFinishEncryptionLevel/Initial
Unit tests (macos, Go 1.27.x)	Run tests	2026-09-11T21:05:06.0305850Z === RUN   TestCryptoStreamManagerFinishEncryptionLevel/Handshake
Unit tests (macos, Go 1.27.x)	Run tests	2026-09-11T21:05:06.0309440Z --- PASS: TestCryptoStreamManagerFinishEncryptionLevel (0.00s)
Unit tests (macos, Go 1.27.x)	Run tests	2026-09-11T21:05:06.0312690Z     --- PASS: TestCryptoStreamManagerFinishEncryptionLevel/Initial (0.00s)
Unit tests (macos, Go 1.27.x)	Run tests	2026-09-11T21:05:06.0313980Z     --- PASS: TestCryptoStreamManagerFinishEncryptionLevel/Handshake (0.00s)
Unit tests (macos, Go 1.27.x)	Run tests	2026-09-11T21:05:06.0314610Z === RUN   TestEmissionCloseRetainedLifetime
Unit tests (macos, Go 1.27.x)	Run tests	2026-09-11T21:05:06.0315020Z === RUN   TestEmissionCloseRetainedLifetime/success
Unit tests (macos, Go 1.27.x)	Run tests	2026-09-11T21:05:06.0315490Z === RUN   TestEmissionCloseRetainedLifetime/write-error
Unit tests (macos, Go 1.27.x)	Run tests	2026-09-11T21:05:06.0315930Z --- PASS: TestEmissionCloseRetainedLifetime (0.00s)
Unit tests (macos, Go 1.27.x)	Run tests	2026-09-11T21:05:06.0316500Z     --- PASS: TestEmissionCloseRetainedLifetime/success (0.00s)
Unit tests (macos, Go 1.27.x)	Run tests	2026-09-11T21:05:06.0317900Z     --- PASS: TestEmissionCloseRetainedLifetime/write-error (0.00s)
Unit tests (macos, Go 1.27.x)	Run tests	2026-09-11T21:05:06.0318270Z === RUN   TestReceiveStreamPeekData
Unit tests (macos, Go 1.27.x)	Run tests	2026-09-11T21:05:06.0318930Z --- PASS: TestReceiveStreamPeekData (0.00s)
Unit tests (macos, Go 1.27.x)	Run tests	2026-09-11T21:05:06.0319370Z === RUN   TestConnectionFinishesCryptoStreamWhenReadKeysBecomeAvailable
Unit tests (macos, Go 1.27.x)	Run tests	2026-09-11T21:05:06.0320040Z === RUN   TestConnectionFinishesCryptoStreamWhenReadKeysBecomeAvailable/EventReceivedHandshakeReadKeys
Unit tests (macos, Go 1.27.x)	Run tests	2026-09-11T21:05:06.0320810Z === RUN   TestConnectionFinishesCryptoStreamWhenReadKeysBecomeAvailable/EventReceived1RTTReadKeys
Unit tests (macos, Go 1.27.x)	Run tests	2026-09-11T21:05:06.0322660Z --- PASS: TestConnectionFinishesCryptoStreamWhenReadKeysBecomeAvailable (0.00s)
Unit tests (macos, Go 1.27.x)	Run tests	2026-09-11T21:05:06.0323780Z     --- PASS: TestConnectionFinishesCryptoStreamWhenReadKeysBecomeAvailable/EventReceivedHandshakeReadKeys (0.00s)
Unit tests (macos, Go 1.27.x)	Run tests	2026-09-11T21:05:06.0324900Z     --- PASS: TestConnectionFinishesCryptoStreamWhenReadKeysBecomeAvailable/EventReceived1RTTReadKeys (0.00s)
Unit tests (macos, Go 1.27.x)	Run tests	2026-09-11T21:05:06.0325550Z === RUN   TestConnectionUnpackCoalescedPacket
Unit tests (macos, Go 1.27.x)	Run tests	2026-09-11T21:05:06.0325990Z --- PASS: TestConnectionUnpackCoalescedPacket (0.00s)
Unit tests (macos, Go 1.27.x)	Run tests	2026-09-11T21:05:06.0327120Z === RUN   TestClientHelloFixtureCleanup
Unit tests (macos, Go 1.27.x)	Run tests	2026-09-11T21:05:06.0330840Z === RUN   TestClientHelloFixtureCleanup/plain
Unit tests (macos, Go 1.27.x)	Run tests	2026-09-11T21:05:06.0331310Z === RUN   TestClientHelloFixtureCleanup/ECH
Unit tests (macos, Go 1.27.x)	Run tests	2026-09-11T21:05:06.0331690Z --- PASS: TestClientHelloFixtureCleanup (0.03s)
Unit tests (macos, Go 1.27.x)	Run tests	2026-09-11T21:05:06.0332240Z     --- PASS: TestClientHelloFixtureCleanup/plain (0.01s)
Unit tests (macos, Go 1.27.x)	Run tests	2026-09-11T21:05:06.0332770Z     --- PASS: TestClientHelloFixtureCleanup/ECH (0.01s)
Unit tests (macos, Go 1.27.x)	Run tests	2026-09-11T21:05:06.0333110Z === RUN   TestPackHandshakeProbePacket
Unit tests (macos, Go 1.27.x)	Run tests	2026-09-11T21:05:06.0333410Z === RUN   TestPackHandshakeProbePacket/client
Unit tests (macos, Go 1.27.x)	Run tests	2026-09-11T21:05:06.0333790Z === RUN   TestPackHandshakeProbePacket/server
Unit tests (macos, Go 1.27.x)	Run tests	2026-09-11T21:05:06.0334190Z --- PASS: TestPackHandshakeProbePacket (0.00s)
Unit tests (macos, Go 1.27.x)	Run tests	2026-09-11T21:05:06.0334830Z     --- PASS: TestPackHandshakeProbePacket/client (0.00s)
Unit tests (macos, Go 1.27.x)	Run tests	2026-09-11T21:05:06.0335470Z     --- PASS: TestPackHandshakeProbePacket/server (0.00s)
Unit tests (macos, Go 1.27.x)	Run tests	2026-09-11T21:05:06.0335900Z === RUN   TestCoalescedSlabOversizedRetention
Unit tests (macos, Go 1.27.x)	Run tests	2026-09-11T21:05:06.0336310Z --- PASS: TestCoalescedSlabOversizedRetention (0.00s)
Unit tests (macos, Go 1.27.x)	Run tests	2026-09-11T21:05:06.0336770Z === RUN   TestFramerStreamControlFrames
Unit tests (macos, Go 1.27.x)	Run tests	2026-09-11T21:05:06.0340090Z --- PASS: TestFramerStreamControlFrames (0.00s)
Unit tests (macos, Go 1.27.x)	Run tests	2026-09-11T21:05:06.0347350Z === RUN   TestSysConnPacketInfoDualStack
Unit tests (macos, Go 1.27.x)	Run tests	2026-09-11T21:05:06.0347780Z --- PASS: TestSysConnPacketInfoDualStack (0.00s)
Unit tests (macos, Go 1.27.x)	Run tests	2026-09-11T21:05:06.0348230Z === RUN   TestFramerControlFrameSizing
Unit tests (macos, Go 1.27.x)	Run tests	2026-09-11T21:05:06.0348580Z --- PASS: TestFramerControlFrameSizing (0.00s)
Unit tests (macos, Go 1.27.x)	Run tests	2026-09-11T21:05:06.0348940Z === RUN   TestStreamsMap0RTT
Unit tests (macos, Go 1.27.x)	Run tests	2026-09-11T21:05:06.0349180Z --- PASS: TestStreamsMap0RTT (0.00s)
Unit tests (macos, Go 1.27.x)	Run tests	2026-09-11T21:05:06.0349460Z === RUN   TestConnectionACKTimer
Unit tests (macos, Go 1.27.x)	Run tests	2026-09-11T21:05:06.0349780Z --- PASS: TestConnectionACKTimer (0.00s)
Unit tests (macos, Go 1.27.x)	Run tests	2026-09-11T21:05:06.0350180Z === RUN   TestFindSNI
Unit tests (macos, Go 1.27.x)	Run tests	2026-09-11T21:05:06.0350500Z === RUN   TestFindSNI/without_SNI
Unit tests (macos, Go 1.27.x)	Run tests	2026-09-11T21:05:06.0350830Z === RUN   TestFindSNI/without_subdomain
Unit tests (macos, Go 1.27.x)	Run tests	2026-09-11T21:05:06.0351200Z === RUN   TestFindSNI/with_subdomain
Unit tests (macos, Go 1.27.x)	Run tests	2026-09-11T21:05:06.0351560Z --- PASS: TestFindSNI (0.00s)
Unit tests (macos, Go 1.27.x)	Run tests	2026-09-11T21:05:06.0352050Z     --- PASS: TestFindSNI/without_SNI (0.00s)
Unit tests (macos, Go 1.27.x)	Run tests	2026-09-11T21:05:06.0352550Z     --- PASS: TestFindSNI/without_subdomain (0.00s)
Unit tests (macos, Go 1.27.x)	Run tests	2026-09-11T21:05:06.0353520Z     --- PASS: TestFindSNI/with_subdomain (0.00s)
Unit tests (macos, Go 1.27.x)	Run tests	2026-09-11T21:05:06.0353910Z === RUN   TestUnpackShortHeaderPacket
Unit tests (macos, Go 1.27.x)	Run tests	2026-09-11T21:05:06.0354190Z --- PASS: TestUnpackShortHeaderPacket (0.00s)
Unit tests (macos, Go 1.27.x)	Run tests	2026-09-11T21:05:06.0354520Z === RUN   TestConnectionRetainedLifetimeOverflow
Unit tests (macos, Go 1.27.x)	Run tests	2026-09-11T21:05:06.0355040Z --- PASS: TestConnectionRetainedLifetimeOverflow (0.00s)
Unit tests (macos, Go 1.27.x)	Run tests	2026-09-11T21:05:06.0355610Z === RUN   TestSendStreamCopyData
Unit tests (macos, Go 1.27.x)	Run tests	2026-09-11T21:05:06.0356020Z --- PASS: TestSendStreamCopyData (0.00s)
Unit tests (macos, Go 1.27.x)	Run tests	2026-09-11T21:05:06.0356340Z === RUN   TestStreamCompletion
Unit tests (macos, Go 1.27.x)	Run tests	2026-09-11T21:05:06.0356640Z === RUN   TestStreamCompletion/first_read,_then_write
Unit tests (macos, Go 1.27.x)	Run tests	2026-09-11T21:05:06.0357020Z === RUN   TestStreamCompletion/first_write,_then_read
Unit tests (macos, Go 1.27.x)	Run tests	2026-09-11T21:05:06.0357330Z --- PASS: TestStreamCompletion (0.00s)
Unit tests (macos, Go 1.27.x)	Run tests	2026-09-11T21:05:06.0357790Z     --- PASS: TestStreamCompletion/first_read,_then_write (0.00s)
Unit tests (macos, Go 1.27.x)	Run tests	2026-09-11T21:05:06.0358600Z     --- PASS: TestStreamCompletion/first_write,_then_read (0.00s)
Unit tests (macos, Go 1.27.x)	Run tests	2026-09-11T21:05:06.0358900Z === RUN   TestConnectionHandshakeClient
Unit tests (macos, Go 1.27.x)	Run tests	2026-09-11T21:05:06.0359270Z === RUN   TestConnectionHandshakeClient/without_preferred_address
Unit tests (macos, Go 1.27.x)	Run tests	2026-09-11T21:05:06.0359660Z === RUN   TestConnectionHandshakeClient/with_preferred_address
Unit tests (macos, Go 1.27.x)	Run tests	2026-09-11T21:05:06.0359990Z --- PASS: TestConnectionHandshakeClient (0.00s)
Unit tests (macos, Go 1.27.x)	Run tests	2026-09-11T21:05:06.0360480Z     --- PASS: TestConnectionHandshakeClient/without_preferred_address (0.00s)
Unit tests (macos, Go 1.27.x)	Run tests	2026-09-11T21:05:06.0361140Z     --- PASS: TestConnectionHandshakeClient/with_preferred_address (0.00s)
Unit tests (macos, Go 1.27.x)	Run tests	2026-09-11T21:05:06.0361550Z === RUN   TestConnectionClientDrop0RTT
Unit tests (macos, Go 1.27.x)	Run tests	2026-09-11T21:05:06.0361870Z --- PASS: TestConnectionClientDrop0RTT (0.00s)
Unit tests (macos, Go 1.27.x)	Run tests	2026-09-11T21:05:06.0362150Z === RUN   TestReceiveStreamDeadlineRemoval
Unit tests (macos, Go 1.27.x)	Run tests	2026-09-11T21:05:06.0362430Z === RUN   TestReceiveStreamDeadlineRemoval/read
Unit tests (macos, Go 1.27.x)	Run tests	2026-09-11T21:05:06.0362770Z === RUN   TestReceiveStreamDeadlineRemoval/peek
Unit tests (macos, Go 1.27.x)	Run tests	2026-09-11T21:05:06.0363190Z --- PASS: TestReceiveStreamDeadlineRemoval (0.00s)
Unit tests (macos, Go 1.27.x)	Run tests	2026-09-11T21:05:06.0363610Z     --- PASS: TestReceiveStreamDeadlineRemoval/read (0.00s)
Unit tests (macos, Go 1.27.x)	Run tests	2026-09-11T21:05:06.0364290Z     --- PASS: TestReceiveStreamDeadlineRemoval/peek (0.00s)
Unit tests (macos, Go 1.27.x)	Run tests	2026-09-11T21:05:06.0364890Z === RUN   TestConnectionReceivePrioritization
Unit tests (macos, Go 1.27.x)	Run tests	2026-09-11T21:05:06.0365550Z === RUN   TestConnectionReceivePrioritization/handshake_complete:_true
Unit tests (macos, Go 1.27.x)	Run tests	2026-09-11T21:05:06.0366080Z === RUN   TestConnectionReceivePrioritization/handshake_complete:_false
Unit tests (macos, Go 1.27.x)	Run tests	2026-09-11T21:05:06.0366590Z --- PASS: TestConnectionReceivePrioritization (0.00s)
Unit tests (macos, Go 1.27.x)	Run tests	2026-09-11T21:05:06.0367250Z     --- PASS: TestConnectionReceivePrioritization/handshake_complete:_true (0.00s)
Unit tests (macos, Go 1.27.x)	Run tests	2026-09-11T21:05:06.0367980Z     --- PASS: TestConnectionReceivePrioritization/handshake_complete:_false (0.00s)
Unit tests (macos, Go 1.27.x)	Run tests	2026-09-11T21:05:06.0368450Z === RUN   TestConnectionGSOBatch
Unit tests (macos, Go 1.27.x)	Run tests	2026-09-11T21:05:06.0368800Z --- PASS: TestConnectionGSOBatch (0.00s)
Unit tests (macos, Go 1.27.x)	Run tests	2026-09-11T21:05:06.0377710Z === RUN   TestStreamsMapCreatingStreams
Unit tests (macos, Go 1.27.x)	Run tests	2026-09-11T21:05:06.0378040Z === RUN   TestStreamsMapCreatingStreams/client
Unit tests (macos, Go 1.27.x)	Run tests	2026-09-11T21:05:06.0378330Z === RUN   TestStreamsMapCreatingStreams/server
Unit tests (macos, Go 1.27.x)	Run tests	2026-09-11T21:05:06.0378640Z --- PASS: TestStreamsMapCreatingStreams (0.00s)
Unit tests (macos, Go 1.27.x)	Run tests	2026-09-11T21:05:06.0379020Z     --- PASS: TestStreamsMapCreatingStreams/client (0.00s)
Unit tests (macos, Go 1.27.x)	Run tests	2026-09-11T21:05:06.0379420Z     --- PASS: TestStreamsMapCreatingStreams/server (0.00s)
Unit tests (macos, Go 1.27.x)	Run tests	2026-09-11T21:05:06.0379750Z === RUN   TestConfigHandshakeIdleTimeout
Unit tests (macos, Go 1.27.x)	Run tests	2026-09-11T21:05:06.0380020Z --- PASS: TestConfigHandshakeIdleTimeout (0.00s)
Unit tests (macos, Go 1.27.x)	Run tests	2026-09-11T21:05:06.0380280Z === RUN   TestPack1RTTProbePacket
Unit tests (macos, Go 1.27.x)	Run tests	2026-09-11T21:05:06.0380510Z --- PASS: TestPack1RTTProbePacket (0.00s)
Unit tests (macos, Go 1.27.x)	Run tests	2026-09-11T21:05:06.0380790Z === RUN   TestCryptoStreamManagerPostHandshake
Unit tests (macos, Go 1.27.x)	Run tests	2026-09-11T21:05:06.0381100Z --- PASS: TestCryptoStreamManagerPostHandshake (0.00s)
Unit tests (macos, Go 1.27.x)	Run tests	2026-09-11T21:05:06.0381440Z === RUN   TestSendStreamSetReliableBoundaryAfterTryWriteAll
Unit tests (macos, Go 1.27.x)	Run tests	2026-09-11T21:05:06.0381860Z --- PASS: TestSendStreamSetReliableBoundaryAfterTryWriteAll (0.00s)
Unit tests (macos, Go 1.27.x)	Run tests	2026-09-11T21:05:06.0382200Z === RUN   TestFramerControlFrames
Unit tests (macos, Go 1.27.x)	Run tests	2026-09-11T21:05:06.0382440Z --- PASS: TestFramerControlFrames (0.00s)
Unit tests (macos, Go 1.27.x)	Run tests	2026-09-11T21:05:06.0383260Z === RUN   TestPackEvery20thPacketAckEliciting
Unit tests (macos, Go 1.27.x)	Run tests	2026-09-11T21:05:06.0383650Z --- PASS: TestPackEvery20thPacketAckEliciting (0.00s)
Unit tests (macos, Go 1.27.x)	Run tests	2026-09-11T21:05:06.0383970Z === RUN   TestPack1RTTPacketWithACK
Unit tests (macos, Go 1.27.x)	Run tests	2026-09-11T21:05:06.0384340Z --- PASS: TestPack1RTTPacketWithACK (0.00s)
Unit tests (macos, Go 1.27.x)	Run tests	2026-09-11T21:05:06.0384660Z === RUN   TestReceiveStreamImmediateFINs
Unit tests (macos, Go 1.27.x)	Run tests	2026-09-11T21:05:06.0384980Z --- PASS: TestReceiveStreamImmediateFINs (0.00s)
Unit tests (macos, Go 1.27.x)	Run tests	2026-09-11T21:05:06.0385460Z === RUN   TestOversizedViewChargeTransfersAcrossOwners
Unit tests (macos, Go 1.27.x)	Run tests	2026-09-11T21:05:06.0385860Z --- PASS: TestOversizedViewChargeTransfersAcrossOwners (0.00s)
Unit tests (macos, Go 1.27.x)	Run tests	2026-09-11T21:05:06.0386230Z === RUN   TestSendStreamTryWriteAllFlowControlBlocked
Unit tests (macos, Go 1.27.x)	Run tests	2026-09-11T21:05:06.0387930Z --- PASS: TestSendStreamTryWriteAllFlowControlBlocked (0.00s)
Unit tests (macos, Go 1.27.x)	Run tests	2026-09-11T21:05:06.0388390Z === RUN   TestServerGetConfigForClientReject
Unit tests (macos, Go 1.27.x)	Run tests	2026-09-11T21:05:06.0389680Z --- PASS: TestServerGetConfigForClientReject (0.00s)
Unit tests (macos, Go 1.27.x)	Run tests	2026-09-11T21:05:06.0390170Z === RUN   TestReceiveStreamCancelReadAfterFIN
Unit tests (macos, Go 1.27.x)	Run tests	2026-09-11T21:05:06.0390550Z === RUN   TestReceiveStreamCancelReadAfterFIN/FIN_not_read
Unit tests (macos, Go 1.27.x)	Run tests	2026-09-11T21:05:06.0390890Z === RUN   TestReceiveStreamCancelReadAfterFIN/FIN_read
Unit tests (macos, Go 1.27.x)	Run tests	2026-09-11T21:05:06.0391420Z --- PASS: TestReceiveStreamCancelReadAfterFIN (0.00s)
Unit tests (macos, Go 1.27.x)	Run tests	2026-09-11T21:05:06.0391890Z     --- PASS: TestReceiveStreamCancelReadAfterFIN/FIN_not_read (0.00s)
Unit tests (macos, Go 1.27.x)	Run tests	2026-09-11T21:05:06.0392570Z     --- PASS: TestReceiveStreamCancelReadAfterFIN/FIN_read (0.00s)
Unit tests (macos, Go 1.27.x)	Run tests	2026-09-11T21:05:06.0392960Z === RUN   TestConnectionLoggingStartedConnectionEvent
Unit tests (macos, Go 1.27.x)	Run tests	2026-09-11T21:05:06.0393640Z === RUN   TestConnectionLoggingStartedConnectionEvent/unspecified_local,_remote_IPv4_->_0.0.0.0
Unit tests (macos, Go 1.27.x)	Run tests	2026-09-11T21:05:06.0394530Z === RUN   TestConnectionLoggingStartedConnectionEvent/unspecified_local,_remote_IPv6_->_::
Unit tests (macos, Go 1.27.x)	Run tests	2026-09-11T21:05:06.0395230Z === RUN   TestConnectionLoggingStartedConnectionEvent/specified_local_IPv4
Unit tests (macos, Go 1.27.x)	Run tests	2026-09-11T21:05:06.0395850Z === RUN   TestConnectionLoggingStartedConnectionEvent/specified_local_IPv6
Unit tests (macos, Go 1.27.x)	Run tests	2026-09-11T21:05:06.0396280Z --- PASS: TestConnectionLoggingStartedConnectionEvent (0.00s)
Unit tests (macos, Go 1.27.x)	Run tests	2026-09-11T21:05:06.0397160Z     --- PASS: TestConnectionLoggingStartedConnectionEvent/unspecified_local,_remote_IPv4_->_0.0.0.0 (0.00s)
Unit tests (macos, Go 1.27.x)	Run tests	2026-09-11T21:05:06.0398180Z     --- PASS: TestConnectionLoggingStartedConnectionEvent/unspecified_local,_remote_IPv6_->_:: (0.00s)
Unit tests (macos, Go 1.27.x)	Run tests	2026-09-11T21:05:06.0399140Z     --- PASS: TestConnectionLoggingStartedConnectionEvent/specified_local_IPv4 (0.00s)
Unit tests (macos, Go 1.27.x)	Run tests	2026-09-11T21:05:06.0399980Z     --- PASS: TestConnectionLoggingStartedConnectionEvent/specified_local_IPv6 (0.00s)
Unit tests (macos, Go 1.27.x)	Run tests	2026-09-11T21:05:06.0401010Z === RUN   TestConnectionStatelessReset
Unit tests (macos, Go 1.27.x)	Run tests	2026-09-11T21:05:06.0401310Z --- PASS: TestConnectionStatelessReset (0.00s)
Unit tests (macos, Go 1.27.x)	Run tests	2026-09-11T21:05:06.0401590Z === RUN   TestConnectionUnpacking
Unit tests (macos, Go 1.27.x)	Run tests	2026-09-11T21:05:06.0401830Z --- PASS: TestConnectionUnpacking (0.00s)
Unit tests (macos, Go 1.27.x)	Run tests	2026-09-11T21:05:06.0402290Z === RUN   TestStreamsMap0RTTResetStreamAt
Unit tests (macos, Go 1.27.x)	Run tests	2026-09-11T21:05:06.0402610Z === RUN   TestStreamsMap0RTTResetStreamAt/enabled:_false
Unit tests (macos, Go 1.27.x)	Run tests	2026-09-11T21:05:06.0402990Z === RUN   TestStreamsMap0RTTResetStreamAt/enabled:_true
Unit tests (macos, Go 1.27.x)	Run tests	2026-09-11T21:05:06.0403670Z --- PASS: TestStreamsMap0RTTResetStreamAt (0.00s)
Unit tests (macos, Go 1.27.x)	Run tests	2026-09-11T21:05:06.0404130Z     --- PASS: TestStreamsMap0RTTResetStreamAt/enabled:_false (0.00s)
Unit tests (macos, Go 1.27.x)	Run tests	2026-09-11T21:05:06.0404890Z     --- PASS: TestStreamsMap0RTTResetStreamAt/enabled:_true (0.00s)
Unit tests (macos, Go 1.27.x)	Run tests	2026-09-11T21:05:06.0405410Z === RUN   TestTransportTerminalLifetimeNonQUICRead
Unit tests (macos, Go 1.27.x)	Run tests	2026-09-11T21:05:06.0405800Z === RUN   TestTransportTerminalLifetimeNonQUICRead/8
Unit tests (macos, Go 1.27.x)	Run tests	2026-09-11T21:05:06.0406140Z === RUN   TestTransportTerminalLifetimeNonQUICRead/2
Unit tests (macos, Go 1.27.x)	Run tests	2026-09-11T21:05:06.0406660Z --- PASS: TestTransportTerminalLifetimeNonQUICRead (0.00s)
Unit tests (macos, Go 1.27.x)	Run tests	2026-09-11T21:05:06.0407730Z     --- PASS: TestTransportTerminalLifetimeNonQUICRead/8 (0.00s)
Unit tests (macos, Go 1.27.x)	Run tests	2026-09-11T21:05:06.0408210Z     --- PASS: TestTransportTerminalLifetimeNonQUICRead/2 (0.00s)
Unit tests (macos, Go 1.27.x)	Run tests	2026-09-11T21:05:06.0408790Z === RUN   TestSendStreamConcurrentWriteAndCancel
Unit tests (macos, Go 1.27.x)	Run tests	2026-09-11T21:05:06.0409220Z --- PASS: TestSendStreamConcurrentWriteAndCancel (0.00s)
Unit tests (macos, Go 1.27.x)	Run tests	2026-09-11T21:05:06.0410190Z === RUN   TestServerClose
Unit tests (macos, Go 1.27.x)	Run tests	2026-09-11T21:05:06.0410390Z --- PASS: TestServerClose (0.00s)
Unit tests (macos, Go 1.27.x)	Run tests	2026-09-11T21:05:06.0410610Z === RUN   TestConfigDefaultValues
Unit tests (macos, Go 1.27.x)	Run tests	2026-09-11T21:05:06.0411020Z --- PASS: TestConfigDefaultValues (0.00s)
Unit tests (macos, Go 1.27.x)	Run tests	2026-09-11T21:05:06.0411320Z === RUN   TestSysConnPacketInfoIPv6
Unit tests (macos, Go 1.27.x)	Run tests	2026-09-11T21:05:06.0411570Z --- PASS: TestSysConnPacketInfoIPv6 (0.00s)
Unit tests (macos, Go 1.27.x)	Run tests	2026-09-11T21:05:06.0411850Z === RUN   TestSendConnLocalAndRemoteAddress
Unit tests (macos, Go 1.27.x)	Run tests	2026-09-11T21:05:06.0412420Z --- PASS: TestSendConnLocalAndRemoteAddress (0.00s)
Unit tests (macos, Go 1.27.x)	Run tests	2026-09-11T21:05:06.0412710Z === RUN   TestSendQueueHandshakeMTUDrain
Unit tests (macos, Go 1.27.x)	Run tests	2026-09-11T21:05:06.0412990Z --- PASS: TestSendQueueHandshakeMTUDrain (0.00s)
Unit tests (macos, Go 1.27.x)	Run tests	2026-09-11T21:05:06.0413510Z === RUN   TestTransportPacketHandling
Unit tests (macos, Go 1.27.x)	Run tests	2026-09-11T21:05:06.0413780Z --- PASS: TestTransportPacketHandling (0.00s)
Unit tests (macos, Go 1.27.x)	Run tests	2026-09-11T21:05:06.0418500Z === RUN   TestDatagramQueueClose
Unit tests (macos, Go 1.27.x)	Run tests	2026-09-11T21:05:06.0423120Z --- PASS: TestDatagramQueueClose (0.00s)
Unit tests (macos, Go 1.27.x)	Run tests	2026-09-11T21:05:06.0426200Z === RUN   TestConnIDGeneratorAddConnRunner
Unit tests (macos, Go 1.27.x)	Run tests	2026-09-11T21:05:06.0428410Z --- PASS: TestConnIDGeneratorAddConnRunner (0.00s)
Unit tests (macos, Go 1.27.x)	Run tests	2026-09-11T21:05:06.0428830Z === RUN   TestTransportTerminalLifetimeReset
Unit tests (macos, Go 1.27.x)	Run tests	2026-09-11T21:05:06.0429170Z --- PASS: TestTransportTerminalLifetimeReset (0.00s)
Unit tests (macos, Go 1.27.x)	Run tests	2026-09-11T21:05:06.0429840Z === RUN   TestFramerSchedulesNonIncrementalStreams
Unit tests (macos, Go 1.27.x)	Run tests	2026-09-11T21:05:06.0430180Z --- PASS: TestFramerSchedulesNonIncrementalStreams (0.00s)
Unit tests (macos, Go 1.27.x)	Run tests	2026-09-11T21:05:06.0430700Z === RUN   TestConfigClone
Unit tests (macos, Go 1.27.x)	Run tests	2026-09-11T21:05:06.0431770Z === RUN   TestConfigClone/function_fields
Unit tests (macos, Go 1.27.x)	Run tests	2026-09-11T21:05:06.0432070Z === RUN   TestConfigClone/non-function_fields
Unit tests (macos, Go 1.27.x)	Run tests	2026-09-11T21:05:06.0432320Z === RUN   TestConfigClone/returns_a_copy
Unit tests (macos, Go 1.27.x)	Run tests	2026-09-11T21:05:06.0432570Z --- PASS: TestConfigClone (0.00s)
Unit tests (macos, Go 1.27.x)	Run tests	2026-09-11T21:05:06.0433360Z     --- PASS: TestConfigClone/function_fields (0.00s)
Unit tests (macos, Go 1.27.x)	Run tests	2026-09-11T21:05:06.0434590Z     --- PASS: TestConfigClone/non-function_fields (0.00s)
Unit tests (macos, Go 1.27.x)	Run tests	2026-09-11T21:05:06.0434990Z     --- PASS: TestConfigClone/returns_a_copy (0.00s)
Unit tests (macos, Go 1.27.x)	Run tests	2026-09-11T21:05:06.0435310Z === RUN   TestReceiveStreamReadOverlappingData
Unit tests (macos, Go 1.27.x)	Run tests	2026-09-11T21:05:06.0435860Z --- PASS: TestReceiveStreamReadOverlappingData (0.00s)
Unit tests (macos, Go 1.27.x)	Run tests	2026-09-11T21:05:06.0436200Z === RUN   TestHandshakeMTUFallbackBeforePacking
Unit tests (macos, Go 1.27.x)	Run tests	2026-09-11T21:05:06.0436820Z --- PASS: TestHandshakeMTUFallbackBeforePacking (0.00s)
Unit tests (macos, Go 1.27.x)	Run tests	2026-09-11T21:05:06.0438800Z === RUN   TestTransportTerminalLifetime
Unit tests (macos, Go 1.27.x)	Run tests	2026-09-11T21:05:06.0439110Z === RUN   TestTransportTerminalLifetime/empty_without_buffer
Unit tests (macos, Go 1.27.x)	Run tests	2026-09-11T21:05:06.0439900Z === RUN   TestTransportTerminalLifetime/empty
Unit tests (macos, Go 1.27.x)	Run tests	2026-09-11T21:05:06.0440240Z === RUN   TestTransportTerminalLifetime/connection_id_rejection
Unit tests (macos, Go 1.27.x)	Run tests	2026-09-11T21:05:06.0442690Z === RUN   TestTransportTerminalLifetime/no_server
Unit tests (macos, Go 1.27.x)	Run tests	2026-09-11T21:05:06.0444300Z --- PASS: TestTransportTerminalLifetime (0.00s)
Unit tests (macos, Go 1.27.x)	Run tests	2026-09-11T21:05:06.0446770Z     --- PASS: TestTransportTerminalLifetime/empty_without_buffer (0.00s)
Unit tests (macos, Go 1.27.x)	Run tests	2026-09-11T21:05:06.0448600Z     --- PASS: TestTransportTerminalLifetime/empty (0.00s)
Unit tests (macos, Go 1.27.x)	Run tests	2026-09-11T21:05:06.0450980Z     --- PASS: TestTransportTerminalLifetime/connection_id_rejection (0.00s)
Unit tests (macos, Go 1.27.x)	Run tests	2026-09-11T21:05:06.0453100Z     --- PASS: TestTransportTerminalLifetime/no_server (0.00s)
Unit tests (macos, Go 1.27.x)	Run tests	2026-09-11T21:05:06.0454640Z === RUN   TestTransportSetTLSConfigServerName
Unit tests (macos, Go 1.27.x)	Run tests	2026-09-11T21:05:06.0457250Z === RUN   TestTransportSetTLSConfigServerName/uses_the_value_from_the_config
Unit tests (macos, Go 1.27.x)	Run tests	2026-09-11T21:05:06.0464190Z === RUN   TestTransportSetTLSConfigServerName/uses_the_hostname
Unit tests (macos, Go 1.27.x)	Run tests	2026-09-11T21:05:06.0484520Z === RUN   TestTransportSetTLSConfigServerName/removes_the_port_from_the_hostname
Unit tests (macos, Go 1.27.x)	Run tests	2026-09-11T21:05:06.0486920Z === RUN   TestTransportSetTLSConfigServerName/uses_the_IP
Unit tests (macos, Go 1.27.x)	Run tests	2026-09-11T21:05:06.0488230Z --- PASS: TestTransportSetTLSConfigServerName (0.00s)
Unit tests (macos, Go 1.27.x)	Run tests	2026-09-11T21:05:06.0489860Z     --- PASS: TestTransportSetTLSConfigServerName/uses_the_value_from_the_config (0.00s)
Unit tests (macos, Go 1.27.x)	Run tests	2026-09-11T21:05:06.0491340Z     --- PASS: TestTransportSetTLSConfigServerName/uses_the_hostname (0.00s)
Unit tests (macos, Go 1.27.x)	Run tests	2026-09-11T21:05:06.0493390Z     --- PASS: TestTransportSetTLSConfigServerName/removes_the_port_from_the_hostname (0.00s)
Unit tests (macos, Go 1.27.x)	Run tests	2026-09-11T21:05:06.0501110Z     --- PASS: TestTransportSetTLSConfigServerName/uses_the_IP (0.00s)
Unit tests (macos, Go 1.27.x)	Run tests	2026-09-11T21:05:06.0501610Z === RUN   TestConnectionTransportParameterValidationFailureServer
Unit tests (macos, Go 1.27.x)	Run tests	2026-09-11T21:05:06.0502100Z --- PASS: TestConnectionTransportParameterValidationFailureServer (0.00s)
Unit tests (macos, Go 1.27.x)	Run tests	2026-09-11T21:05:06.0502520Z === RUN   TestReceiveStreamConcurrentReads
Unit tests (macos, Go 1.27.x)	Run tests	2026-09-11T21:05:06.0502820Z --- PASS: TestReceiveStreamConcurrentReads (0.00s)
Unit tests (macos, Go 1.27.x)	Run tests	2026-09-11T21:05:06.0503130Z === RUN   TestMTUDiscovererWithRandomLoss
Unit tests (macos, Go 1.27.x)	Run tests	2026-09-11T21:05:06.0503450Z === RUN   TestMTUDiscovererWithRandomLoss/test_0
Unit tests (macos, Go 1.27.x)	Run tests	2026-09-11T21:05:06.0504210Z     mtu_discoverer_test.go:160: MTU: 1944, max: 2477
Unit tests (macos, Go 1.27.x)	Run tests	2026-09-11T21:05:06.0504750Z     mtu_discoverer_test.go:197: MTU discovered with random losses [1922 1916]: 1943 (diff: 1)
Unit tests (macos, Go 1.27.x)	Run tests	2026-09-11T21:05:06.0506000Z     mtu_discoverer_test.go:198: probes sent (16): [1738 2107 1922 1830 2153 1876 2014 1899 2003 1910 1962 1916 1913 1937 1949 1943]
Unit tests (macos, Go 1.27.x)	Run tests	2026-09-11T21:05:06.0506500Z === RUN   TestMTUDiscovererWithRandomLoss/test_1
Unit tests (macos, Go 1.27.x)	Run tests	2026-09-11T21:05:06.0506970Z     mtu_discoverer_test.go:160: MTU: 2799, max: 2990
Unit tests (macos, Go 1.27.x)	Run tests	2026-09-11T21:05:06.0507980Z     mtu_discoverer_test.go:197: MTU discovered with random losses [2772 2756]: 2789 (diff: 10)
Unit tests (macos, Go 1.27.x)	Run tests	2026-09-11T21:05:06.0508770Z     mtu_discoverer_test.go:198: probes sent (10): [1995 2492 2741 2865 2803 2772 2756 2748 2775 2789]
Unit tests (macos, Go 1.27.x)	Run tests	2026-09-11T21:05:06.0509250Z === RUN   TestMTUDiscovererWithRandomLoss/test_2
Unit tests (macos, Go 1.27.x)	Run tests	2026-09-11T21:05:06.0509690Z     mtu_discoverer_test.go:160: MTU: 1357, max: 1646
Unit tests (macos, Go 1.27.x)	Run tests	2026-09-11T21:05:06.0510290Z     mtu_discoverer_test.go:197: MTU discovered with random losses [1323 1242]: 1355 (diff: 2)
Unit tests (macos, Go 1.27.x)	Run tests	2026-09-11T21:05:06.0513130Z     mtu_discoverer_test.go:198: probes sent (12): [1323 1161 1403 1242 1201 1302 1352 1377 1364 1358 1355 1366]
Unit tests (macos, Go 1.27.x)	Run tests	2026-09-11T21:05:06.0513840Z === RUN   TestMTUDiscovererWithRandomLoss/test_3
Unit tests (macos, Go 1.27.x)	Run tests	2026-09-11T21:05:06.0514260Z     mtu_discoverer_test.go:160: MTU: 1271, max: 1362
Unit tests (macos, Go 1.27.x)	Run tests	2026-09-11T21:05:06.0524170Z     mtu_discoverer_test.go:197: MTU discovered with random losses []: 1271 (diff: 0)
Unit tests (macos, Go 1.27.x)	Run tests	2026-09-11T21:05:06.0525730Z     mtu_discoverer_test.go:198: probes sent (7): [1181 1271 1316 1293 1282 1276 1273]
Unit tests (macos, Go 1.27.x)	Run tests	2026-09-11T21:05:06.0527570Z === RUN   TestMTUDiscovererWithRandomLoss/test_4
Unit tests (macos, Go 1.27.x)	Run tests	2026-09-11T21:05:06.0527980Z     mtu_discoverer_test.go:160: MTU: 1203, max: 2637
Unit tests (macos, Go 1.27.x)	Run tests	2026-09-11T21:05:06.0528590Z     mtu_discoverer_test.go:197: MTU discovered with random losses [1102 1051]: 1192 (diff: 11)
Unit tests (macos, Go 1.27.x)	Run tests	2026-09-11T21:05:06.0529270Z     mtu_discoverer_test.go:198: probes sent (10): [1818 1409 1204 1102 1051 1025 1114 1159 1181 1192]
Unit tests (macos, Go 1.27.x)	Run tests	2026-09-11T21:05:06.0529790Z --- PASS: TestMTUDiscovererWithRandomLoss (0.00s)
Unit tests (macos, Go 1.27.x)	Run tests	2026-09-11T21:05:06.0531620Z     --- PASS: TestMTUDiscovererWithRandomLoss/test_0 (0.00s)
Unit tests (macos, Go 1.27.x)	Run tests	2026-09-11T21:05:06.0532110Z     --- PASS: TestMTUDiscovererWithRandomLoss/test_1 (0.00s)
Unit tests (macos, Go 1.27.x)	Run tests	2026-09-11T21:05:06.0532830Z     --- PASS: TestMTUDiscovererWithRandomLoss/test_2 (0.00s)
Unit tests (macos, Go 1.27.x)	Run tests	2026-09-11T21:05:06.0533260Z     --- PASS: TestMTUDiscovererWithRandomLoss/test_3 (0.00s)
Unit tests (macos, Go 1.27.x)	Run tests	2026-09-11T21:05:06.0533910Z     --- PASS: TestMTUDiscovererWithRandomLoss/test_4 (0.00s)
Unit tests (macos, Go 1.27.x)	Run tests	2026-09-11T21:05:06.0534260Z === RUN   TestFramerPrioritizesStreamRetransmissions
Unit tests (macos, Go 1.27.x)	Run tests	2026-09-11T21:05:06.0534820Z --- PASS: TestFramerPrioritizesStreamRetransmissions (0.00s)
Unit tests (macos, Go 1.27.x)	Run tests	2026-09-11T21:05:06.0535190Z === RUN   TestCoalescedConstructorFailureLifetime
Unit tests (macos, Go 1.27.x)	Run tests	2026-09-11T21:05:06.0535530Z --- PASS: TestCoalescedConstructorFailureLifetime (0.00s)
Unit tests (macos, Go 1.27.x)	Run tests	2026-09-11T21:05:06.0535850Z === RUN   TestServerZeroRTTLifetimeRefusal
Unit tests (macos, Go 1.27.x)	Run tests	2026-09-11T21:05:06.0536150Z === RUN   TestServerZeroRTTLifetimeRefusal/config
Unit tests (macos, Go 1.27.x)	Run tests	2026-09-11T21:05:06.0536450Z === RUN   TestServerZeroRTTLifetimeRefusal/context
Unit tests (macos, Go 1.27.x)	Run tests	2026-09-11T21:05:06.0538560Z --- PASS: TestServerZeroRTTLifetimeRefusal (0.00s)
Unit tests (macos, Go 1.27.x)	Run tests	2026-09-11T21:05:06.0539030Z     --- PASS: TestServerZeroRTTLifetimeRefusal/config (0.00s)
Unit tests (macos, Go 1.27.x)	Run tests	2026-09-11T21:05:06.0539520Z     --- PASS: TestServerZeroRTTLifetimeRefusal/context (0.00s)
Unit tests (macos, Go 1.27.x)	Run tests	2026-09-11T21:05:06.0539870Z === RUN   TestServerInitialLifetimeGenerationError
Unit tests (macos, Go 1.27.x)	Run tests	2026-09-11T21:05:06.0540270Z === RUN   TestServerInitialLifetimeGenerationError/construction_cause
Unit tests (macos, Go 1.27.x)	Run tests	2026-09-11T21:05:06.0541040Z === RUN   TestServerInitialLifetimeGenerationError/preserve_cause
Unit tests (macos, Go 1.27.x)	Run tests	2026-09-11T21:05:06.0541430Z --- PASS: TestServerInitialLifetimeGenerationError (0.00s)
Unit tests (macos, Go 1.27.x)	Run tests	2026-09-11T21:05:06.0541960Z     --- PASS: TestServerInitialLifetimeGenerationError/construction_cause (0.00s)
Unit tests (macos, Go 1.27.x)	Run tests	2026-09-11T21:05:06.0542550Z     --- PASS: TestServerInitialLifetimeGenerationError/preserve_cause (0.00s)
Unit tests (macos, Go 1.27.x)	Run tests	2026-09-11T21:05:06.0542960Z === RUN   TestInitialCryptoStreamClientRandomizedSizes
Unit tests (macos, Go 1.27.x)	Run tests	2026-09-11T21:05:06.0543360Z === RUN   TestInitialCryptoStreamClientRandomizedSizes/run_0
Unit tests (macos, Go 1.27.x)	Run tests	2026-09-11T21:05:06.0544170Z     crypto_stream_test.go:225: using a ClientHello without ECH, hostname: "jfovbipdsh.ftrd"
Unit tests (macos, Go 1.27.x)	Run tests	2026-09-11T21:05:06.0544660Z     crypto_stream_test.go:273: received 12 frames
Unit tests (macos, Go 1.27.x)	Run tests	2026-09-11T21:05:06.0546250Z     crypto_stream_test.go:276: offset 0: 12 bytes
Unit tests (macos, Go 1.27.x)	Run tests	2026-09-11T21:05:06.0546680Z     crypto_stream_test.go:276: offset 12: 10 bytes
Unit tests (macos, Go 1.27.x)	Run tests	2026-09-11T21:05:06.0547050Z     crypto_stream_test.go:276: offset 22: 12 bytes
Unit tests (macos, Go 1.27.x)	Run tests	2026-09-11T21:05:06.0547430Z     crypto_stream_test.go:276: offset 34: 33 bytes
Unit tests (macos, Go 1.27.x)	Run tests	2026-09-11T21:05:06.0547780Z     crypto_stream_test.go:276: offset 75: 24 bytes
Unit tests (macos, Go 1.27.x)	Run tests	2026-09-11T21:05:06.0548130Z     crypto_stream_test.go:276: offset 99: 197 bytes
Unit tests (macos, Go 1.27.x)	Run tests	2026-09-11T21:05:06.0548480Z     crypto_stream_test.go:276: offset 296: 11 bytes
Unit tests (macos, Go 1.27.x)	Run tests	2026-09-11T21:05:06.0548840Z     crypto_stream_test.go:276: offset 307: 23 bytes
Unit tests (macos, Go 1.27.x)	Run tests	2026-09-11T21:05:06.0549190Z     crypto_stream_test.go:276: offset 330: 19 bytes
Unit tests (macos, Go 1.27.x)	Run tests	2026-09-11T21:05:06.0549540Z     crypto_stream_test.go:276: offset 349: 5 bytes
Unit tests (macos, Go 1.27.x)	Run tests	2026-09-11T21:05:06.0549880Z     crypto_stream_test.go:276: offset 67: 8 bytes
Unit tests (macos, Go 1.27.x)	Run tests	2026-09-11T21:05:06.0550230Z     crypto_stream_test.go:276: offset 354: 6 bytes
Unit tests (macos, Go 1.27.x)	Run tests	2026-09-11T21:05:06.0550920Z === RUN   TestInitialCryptoStreamClientRandomizedSizes/run_1
Unit tests (macos, Go 1.27.x)	Run tests	2026-09-11T21:05:06.0551840Z     crypto_stream_test.go:225: using a ClientHello without ECH, hostname: "ngaq.y.hni"
Unit tests (macos, Go 1.27.x)	Run tests	2026-09-11T21:05:06.0552320Z     crypto_stream_test.go:273: received 10 frames
Unit tests (macos, Go 1.27.x)	Run tests	2026-09-11T21:05:06.0552750Z     crypto_stream_test.go:276: offset 0: 4 bytes
Unit tests (macos, Go 1.27.x)	Run tests	2026-09-11T21:05:06.0553270Z     crypto_stream_test.go:276: offset 4: 6 bytes
Unit tests (macos, Go 1.27.x)	Run tests	2026-09-11T21:05:06.0553760Z     crypto_stream_test.go:276: offset 10: 55 bytes
Unit tests (macos, Go 1.27.x)	Run tests	2026-09-11T21:05:06.0554180Z     crypto_stream_test.go:276: offset 70: 9 bytes
Unit tests (macos, Go 1.27.x)	Run tests	2026-09-11T21:05:06.0554680Z     crypto_stream_test.go:276: offset 79: 9 bytes
Unit tests (macos, Go 1.27.x)	Run tests	2026-09-11T21:05:06.0555170Z     crypto_stream_test.go:276: offset 88: 51 bytes
Unit tests (macos, Go 1.27.x)	Run tests	2026-09-11T21:05:06.0555700Z     crypto_stream_test.go:276: offset 139: 5 bytes
Unit tests (macos, Go 1.27.x)	Run tests	2026-09-11T21:05:06.0556190Z     crypto_stream_test.go:276: offset 144: 174 bytes
Unit tests (macos, Go 1.27.x)	Run tests	2026-09-11T21:05:06.0556650Z     crypto_stream_test.go:276: offset 65: 5 bytes
Unit tests (macos, Go 1.27.x)	Run tests	2026-09-11T21:05:06.0557110Z     crypto_stream_test.go:276: offset 318: 6 bytes
Unit tests (macos, Go 1.27.x)	Run tests	2026-09-11T21:05:06.0557530Z === RUN   TestInitialCryptoStreamClientRandomizedSizes/run_2
Unit tests (macos, Go 1.27.x)	Run tests	2026-09-11T21:05:06.0558220Z     crypto_stream_test.go:225: using a ClientHello without ECH, hostname: "sr.pkf.dd.mkslj"
Unit tests (macos, Go 1.27.x)	Run tests	2026-09-11T21:05:06.0558820Z     crypto_stream_test.go:273: received 12 frames
Unit tests (macos, Go 1.27.x)	Run tests	2026-09-11T21:05:06.0559250Z     crypto_stream_test.go:276: offset 0: 25 bytes
Unit tests (macos, Go 1.27.x)	Run tests	2026-09-11T21:05:06.0559640Z     crypto_stream_test.go:276: offset 25: 12 bytes
Unit tests (macos, Go 1.27.x)	Run tests	2026-09-11T21:05:06.0560060Z     crypto_stream_test.go:276: offset 37: 30 bytes
Unit tests (macos, Go 1.27.x)	Run tests	2026-09-11T21:05:06.0560580Z     crypto_stream_test.go:276: offset 75: 23 bytes
Unit tests (macos, Go 1.27.x)	Run tests	2026-09-11T21:05:06.0561030Z     crypto_stream_test.go:276: offset 98: 12 bytes
Unit tests (macos, Go 1.27.x)	Run tests	2026-09-11T21:05:06.0561490Z     crypto_stream_test.go:276: offset 110: 15 bytes
Unit tests (macos, Go 1.27.x)	Run tests	2026-09-11T21:05:06.0561880Z     crypto_stream_test.go:276: offset 125: 24 bytes
Unit tests (macos, Go 1.27.x)	Run tests	2026-09-11T21:05:06.0562260Z     crypto_stream_test.go:276: offset 149: 8 bytes
Unit tests (macos, Go 1.27.x)	Run tests	2026-09-11T21:05:06.0574190Z     crypto_stream_test.go:276: offset 157: 116 bytes
Unit tests (macos, Go 1.27.x)	Run tests	2026-09-11T21:05:06.0574770Z     crypto_stream_test.go:276: offset 67: 8 bytes
Unit tests (macos, Go 1.27.x)	Run tests	2026-09-11T21:05:06.0575150Z     crypto_stream_test.go:276: offset 273: 2 bytes
Unit tests (macos, Go 1.27.x)	Run tests	2026-09-11T21:05:06.0575520Z     crypto_stream_test.go:276: offset 275: 4 bytes
Unit tests (macos, Go 1.27.x)	Run tests	2026-09-11T21:05:06.0576460Z === RUN   TestInitialCryptoStreamClientRandomizedSizes/run_3
Unit tests (macos, Go 1.27.x)	Run tests	2026-09-11T21:05:06.0577080Z     crypto_stream_test.go:225: using a ClientHello without ECH, hostname: ""
Unit tests (macos, Go 1.27.x)	Run tests	2026-09-11T21:05:06.0577540Z     crypto_stream_test.go:273: received 2 frames
Unit tests (macos, Go 1.27.x)	Run tests	2026-09-11T21:05:06.0577900Z     crypto_stream_test.go:276: offset 0: 168 bytes
Unit tests (macos, Go 1.27.x)	Run tests	2026-09-11T21:05:06.0578270Z     crypto_stream_test.go:276: offset 168: 127 bytes
Unit tests (macos, Go 1.27.x)	Run tests	2026-09-11T21:05:06.0578600Z === RUN   TestInitialCryptoStreamClientRandomizedSizes/run_4
Unit tests (macos, Go 1.27.x)	Run tests	2026-09-11T21:05:06.0579210Z     crypto_stream_test.go:230: using a ClientHello with ECH, hostname: "tv.cecn.oxfkhc"
Unit tests (macos, Go 1.27.x)	Run tests	2026-09-11T21:05:06.0579710Z     crypto_stream_test.go:273: received 12 frames
Unit tests (macos, Go 1.27.x)	Run tests	2026-09-11T21:05:06.0580070Z     crypto_stream_test.go:276: offset 0: 67 bytes
Unit tests (macos, Go 1.27.x)	Run tests	2026-09-11T21:05:06.0580640Z     crypto_stream_test.go:276: offset 74: 3 bytes
Unit tests (macos, Go 1.27.x)	Run tests	2026-09-11T21:05:06.0580990Z     crypto_stream_test.go:276: offset 77: 10 bytes
Unit tests (macos, Go 1.27.x)	Run tests	2026-09-11T21:05:06.0581350Z     crypto_stream_test.go:276: offset 87: 48 bytes
Unit tests (macos, Go 1.27.x)	Run tests	2026-09-11T21:05:06.0581700Z     crypto_stream_test.go:276: offset 151: 9 bytes
Unit tests (macos, Go 1.27.x)	Run tests	2026-09-11T21:05:06.0582150Z     crypto_stream_test.go:276: offset 160: 193 bytes
Unit tests (macos, Go 1.27.x)	Run tests	2026-09-11T21:05:06.0582530Z     crypto_stream_test.go:276: offset 353: 22 bytes
Unit tests (macos, Go 1.27.x)	Run tests	2026-09-11T21:05:06.0582890Z     crypto_stream_test.go:276: offset 375: 27 bytes
Unit tests (macos, Go 1.27.x)	Run tests	2026-09-11T21:05:06.0583280Z     crypto_stream_test.go:276: offset 402: 147 bytes
Unit tests (macos, Go 1.27.x)	Run tests	2026-09-11T21:05:06.0583620Z     crypto_stream_test.go:276: offset 67: 7 bytes
Unit tests (macos, Go 1.27.x)	Run tests	2026-09-11T21:05:06.0583970Z     crypto_stream_test.go:276: offset 135: 16 bytes
Unit tests (macos, Go 1.27.x)	Run tests	2026-09-11T21:05:06.0584320Z     crypto_stream_test.go:276: offset 549: 6 bytes
Unit tests (macos, Go 1.27.x)	Run tests	2026-09-11T21:05:06.0584650Z === RUN   TestInitialCryptoStreamClientRandomizedSizes/run_5
Unit tests (macos, Go 1.27.x)	Run tests	2026-09-11T21:05:06.0585210Z     crypto_stream_test.go:225: using a ClientHello without ECH, hostname: "ajwtnxl.aehw"
Unit tests (macos, Go 1.27.x)	Run tests	2026-09-11T21:05:06.0585670Z     crypto_stream_test.go:273: received 7 frames
Unit tests (macos, Go 1.27.x)	Run tests	2026-09-11T21:05:06.0586010Z     crypto_stream_test.go:276: offset 0: 66 bytes
Unit tests (macos, Go 1.27.x)	Run tests	2026-09-11T21:05:06.0586360Z     crypto_stream_test.go:276: offset 72: 12 bytes
Unit tests (macos, Go 1.27.x)	Run tests	2026-09-11T21:05:06.0586730Z     crypto_stream_test.go:276: offset 84: 12 bytes
Unit tests (macos, Go 1.27.x)	Run tests	2026-09-11T21:05:06.0587180Z     crypto_stream_test.go:276: offset 96: 10 bytes
Unit tests (macos, Go 1.27.x)	Run tests	2026-09-11T21:05:06.0588070Z     crypto_stream_test.go:276: offset 106: 348 bytes
Unit tests (macos, Go 1.27.x)	Run tests	2026-09-11T21:05:06.0588470Z     crypto_stream_test.go:276: offset 66: 6 bytes
Unit tests (macos, Go 1.27.x)	Run tests	2026-09-11T21:05:06.0588820Z     crypto_stream_test.go:276: offset 454: 6 bytes
Unit tests (macos, Go 1.27.x)	Run tests	2026-09-11T21:05:06.0589160Z === RUN   TestInitialCryptoStreamClientRandomizedSizes/run_6
Unit tests (macos, Go 1.27.x)	Run tests	2026-09-11T21:05:06.0589730Z     crypto_stream_test.go:230: using a ClientHello with ECH, hostname: "syak.vc.h.txza.wtlye"
Unit tests (macos, Go 1.27.x)	Run tests	2026-09-11T21:05:06.0590200Z     crypto_stream_test.go:273: received 28 frames
Unit tests (macos, Go 1.27.x)	Run tests	2026-09-11T21:05:06.0590550Z     crypto_stream_test.go:276: offset 0: 8 bytes
Unit tests (macos, Go 1.27.x)	Run tests	2026-09-11T21:05:06.0590910Z     crypto_stream_test.go:276: offset 8: 20 bytes
Unit tests (macos, Go 1.27.x)	Run tests	2026-09-11T21:05:06.0591260Z     crypto_stream_test.go:276: offset 28: 11 bytes
Unit tests (macos, Go 1.27.x)	Run tests	2026-09-11T21:05:06.0591630Z     crypto_stream_test.go:276: offset 39: 19 bytes
Unit tests (macos, Go 1.27.x)	Run tests	2026-09-11T21:05:06.0592010Z     crypto_stream_test.go:276: offset 58: 12 bytes
Unit tests (macos, Go 1.27.x)	Run tests	2026-09-11T21:05:06.0592390Z     crypto_stream_test.go:276: offset 80: 23 bytes
Unit tests (macos, Go 1.27.x)	Run tests	2026-09-11T21:05:06.0592770Z     crypto_stream_test.go:276: offset 103: 22 bytes
Unit tests (macos, Go 1.27.x)	Run tests	2026-09-11T21:05:06.0593130Z     crypto_stream_test.go:276: offset 125: 11 bytes
Unit tests (macos, Go 1.27.x)	Run tests	2026-09-11T21:05:06.0593520Z     crypto_stream_test.go:276: offset 136: 121 bytes
Unit tests (macos, Go 1.27.x)	Run tests	2026-09-11T21:05:06.0593950Z     crypto_stream_test.go:276: offset 273: 2 bytes
Unit tests (macos, Go 1.27.x)	Run tests	2026-09-11T21:05:06.0594370Z     crypto_stream_test.go:276: offset 275: 24 bytes
Unit tests (macos, Go 1.27.x)	Run tests	2026-09-11T21:05:06.0594730Z     crypto_stream_test.go:276: offset 299: 27 bytes
Unit tests (macos, Go 1.27.x)	Run tests	2026-09-11T21:05:06.0595080Z     crypto_stream_test.go:276: offset 326: 14 bytes
Unit tests (macos, Go 1.27.x)	Run tests	2026-09-11T21:05:06.0595490Z     crypto_stream_test.go:276: offset 340: 5 bytes
Unit tests (macos, Go 1.27.x)	Run tests	2026-09-11T21:05:06.0595860Z     crypto_stream_test.go:276: offset 345: 15 bytes
Unit tests (macos, Go 1.27.x)	Run tests	2026-09-11T21:05:06.0596730Z     crypto_stream_test.go:276: offset 360: 312 bytes
Unit tests (macos, Go 1.27.x)	Run tests	2026-09-11T21:05:06.0600130Z     crypto_stream_test.go:276: offset 672: 7 bytes
Unit tests (macos, Go 1.27.x)	Run tests	2026-09-11T21:05:06.0601110Z     crypto_stream_test.go:276: offset 679: 1 bytes
Unit tests (macos, Go 1.27.x)	Run tests	2026-09-11T21:05:06.0601600Z     crypto_stream_test.go:276: offset 680: 9 bytes
Unit tests (macos, Go 1.27.x)	Run tests	2026-09-11T21:05:06.0602380Z     crypto_stream_test.go:276: offset 689: 10 bytes
Unit tests (macos, Go 1.27.x)	Run tests	2026-09-11T21:05:06.0602790Z     crypto_stream_test.go:276: offset 699: 24 bytes
Unit tests (macos, Go 1.27.x)	Run tests	2026-09-11T21:05:06.0603330Z     crypto_stream_test.go:276: offset 723: 18 bytes
Unit tests (macos, Go 1.27.x)	Run tests	2026-09-11T21:05:06.0603730Z     crypto_stream_test.go:276: offset 741: 11 bytes
Unit tests (macos, Go 1.27.x)	Run tests	2026-09-11T21:05:06.0604100Z     crypto_stream_test.go:276: offset 752: 14 bytes
Unit tests (macos, Go 1.27.x)	Run tests	2026-09-11T21:05:06.0604450Z     crypto_stream_test.go:276: offset 766: 1 bytes
Unit tests (macos, Go 1.27.x)	Run tests	2026-09-11T21:05:06.0604880Z     crypto_stream_test.go:276: offset 70: 10 bytes
Unit tests (macos, Go 1.27.x)	Run tests	2026-09-11T21:05:06.0605590Z     crypto_stream_test.go:276: offset 257: 16 bytes
Unit tests (macos, Go 1.27.x)	Run tests	2026-09-11T21:05:06.0605960Z     crypto_stream_test.go:276: offset 767: 6 bytes
Unit tests (macos, Go 1.27.x)	Run tests	2026-09-11T21:05:06.0606310Z === RUN   TestInitialCryptoStreamClientRandomizedSizes/run_7
Unit tests (macos, Go 1.27.x)	Run tests	2026-09-11T21:05:06.0606970Z     crypto_stream_test.go:230: using a ClientHello with ECH, hostname: "j.mfr.dk.gfgwpgqz.wwrqw"
Unit tests (macos, Go 1.27.x)	Run tests	2026-09-11T21:05:06.0607560Z     crypto_stream_test.go:273: received 18 frames
Unit tests (macos, Go 1.27.x)	Run tests	2026-09-11T21:05:06.0608460Z     crypto_stream_test.go:276: offset 0: 22 bytes
Unit tests (macos, Go 1.27.x)	Run tests	2026-09-11T21:05:06.0609520Z     crypto_stream_test.go:276: offset 22: 20 bytes
Unit tests (macos, Go 1.27.x)	Run tests	2026-09-11T21:05:06.0609930Z     crypto_stream_test.go:276: offset 42: 5 bytes
Unit tests (macos, Go 1.27.x)	Run tests	2026-09-11T21:05:06.0610280Z     crypto_stream_test.go:276: offset 47: 13 bytes
Unit tests (macos, Go 1.27.x)	Run tests	2026-09-11T21:05:06.0610620Z     crypto_stream_test.go:276: offset 60: 11 bytes
Unit tests (macos, Go 1.27.x)	Run tests	2026-09-11T21:05:06.0610970Z     crypto_stream_test.go:276: offset 83: 11 bytes
Unit tests (macos, Go 1.27.x)	Run tests	2026-09-11T21:05:06.0611300Z     crypto_stream_test.go:276: offset 94: 11 bytes
Unit tests (macos, Go 1.27.x)	Run tests	2026-09-11T21:05:06.0611660Z     crypto_stream_test.go:276: offset 121: 27 bytes
Unit tests (macos, Go 1.27.x)	Run tests	2026-09-11T21:05:06.0612040Z     crypto_stream_test.go:276: offset 148: 157 bytes
Unit tests (macos, Go 1.27.x)	Run tests	2026-09-11T21:05:06.0612440Z     crypto_stream_test.go:276: offset 305: 111 bytes
Unit tests (macos, Go 1.27.x)	Run tests	2026-09-11T21:05:06.0612780Z     crypto_stream_test.go:276: offset 416: 5 bytes
Unit tests (macos, Go 1.27.x)	Run tests	2026-09-11T21:05:06.0613120Z     crypto_stream_test.go:276: offset 421: 9 bytes
Unit tests (macos, Go 1.27.x)	Run tests	2026-09-11T21:05:06.0613530Z     crypto_stream_test.go:276: offset 430: 57 bytes
Unit tests (macos, Go 1.27.x)	Run tests	2026-09-11T21:05:06.0613890Z     crypto_stream_test.go:276: offset 71: 8 bytes
Unit tests (macos, Go 1.27.x)	Run tests	2026-09-11T21:05:06.0614260Z     crypto_stream_test.go:276: offset 79: 4 bytes
Unit tests (macos, Go 1.27.x)	Run tests	2026-09-11T21:05:06.0614620Z     crypto_stream_test.go:276: offset 105: 16 bytes
Unit tests (macos, Go 1.27.x)	Run tests	2026-09-11T21:05:06.0615000Z     crypto_stream_test.go:276: offset 487: 5 bytes
Unit tests (macos, Go 1.27.x)	Run tests	2026-09-11T21:05:06.0615360Z     crypto_stream_test.go:276: offset 492: 1 bytes
Unit tests (macos, Go 1.27.x)	Run tests	2026-09-11T21:05:06.0615710Z === RUN   TestInitialCryptoStreamClientRandomizedSizes/run_8
Unit tests (macos, Go 1.27.x)	Run tests	2026-09-11T21:05:06.0616250Z     crypto_stream_test.go:225: using a ClientHello without ECH, hostname: ""
Unit tests (macos, Go 1.27.x)	Run tests	2026-09-11T21:05:06.0617550Z     crypto_stream_test.go:273: received 4 frames
Unit tests (macos, Go 1.27.x)	Run tests	2026-09-11T21:05:06.0619340Z     crypto_stream_test.go:276: offset 0: 14 bytes
Unit tests (macos, Go 1.27.x)	Run tests	2026-09-11T21:05:06.0619720Z     crypto_stream_test.go:276: offset 14: 339 bytes
Unit tests (macos, Go 1.27.x)	Run tests	2026-09-11T21:05:06.0620070Z     crypto_stream_test.go:276: offset 353: 16 bytes
Unit tests (macos, Go 1.27.x)	Run tests	2026-09-11T21:05:06.0620710Z     crypto_stream_test.go:276: offset 369: 3 bytes
Unit tests (macos, Go 1.27.x)	Run tests	2026-09-11T21:05:06.0621030Z === RUN   TestInitialCryptoStreamClientRandomizedSizes/run_9
Unit tests (macos, Go 1.27.x)	Run tests	2026-09-11T21:05:06.0622920Z     crypto_stream_test.go:225: using a ClientHello without ECH, hostname: "tpmuiyck.v.kc.xjepn"
Unit tests (macos, Go 1.27.x)	Run tests	2026-09-11T21:05:06.0623490Z     crypto_stream_test.go:273: received 7 frames
Unit tests (macos, Go 1.27.x)	Run tests	2026-09-11T21:05:06.0624080Z     crypto_stream_test.go:276: offset 0: 69 bytes
Unit tests (macos, Go 1.27.x)	Run tests	2026-09-11T21:05:06.0624460Z     crypto_stream_test.go:276: offset 79: 25 bytes
Unit tests (macos, Go 1.27.x)	Run tests	2026-09-11T21:05:06.0624950Z     crypto_stream_test.go:276: offset 104: 1 bytes
Unit tests (macos, Go 1.27.x)	Run tests	2026-09-11T21:05:06.0625380Z     crypto_stream_test.go:276: offset 105: 16 bytes
Unit tests (macos, Go 1.27.x)	Run tests	2026-09-11T21:05:06.0625770Z     crypto_stream_test.go:276: offset 121: 272 bytes
Unit tests (macos, Go 1.27.x)	Run tests	2026-09-11T21:05:06.0626420Z     crypto_stream_test.go:276: offset 69: 10 bytes
Unit tests (macos, Go 1.27.x)	Run tests	2026-09-11T21:05:06.0627770Z     crypto_stream_test.go:276: offset 393: 6 bytes
Unit tests (macos, Go 1.27.x)	Run tests	2026-09-11T21:05:06.0628440Z === RUN   TestInitialCryptoStreamClientRandomizedSizes/run_10
Unit tests (macos, Go 1.27.x)	Run tests	2026-09-11T21:05:06.0629150Z     crypto_stream_test.go:230: using a ClientHello with ECH, hostname: "qtylwvx.oi.xwkjsm.hm"
Unit tests (macos, Go 1.27.x)	Run tests	2026-09-11T21:05:06.0629900Z     crypto_stream_test.go:273: received 17 frames
Unit tests (macos, Go 1.27.x)	Run tests	2026-09-11T21:05:06.0630280Z     crypto_stream_test.go:276: offset 0: 6 bytes
Unit tests (macos, Go 1.27.x)	Run tests	2026-09-11T21:05:06.0630980Z     crypto_stream_test.go:276: offset 6: 8 bytes
Unit tests (macos, Go 1.27.x)	Run tests	2026-09-11T21:05:06.0631400Z     crypto_stream_test.go:276: offset 14: 1 bytes
Unit tests (macos, Go 1.27.x)	Run tests	2026-09-11T21:05:06.0631980Z     crypto_stream_test.go:276: offset 15: 27 bytes
Unit tests (macos, Go 1.27.x)	Run tests	2026-09-11T21:05:06.0632400Z     crypto_stream_test.go:276: offset 42: 27 bytes
Unit tests (macos, Go 1.27.x)	Run tests	2026-09-11T21:05:06.0632970Z     crypto_stream_test.go:276: offset 69: 1 bytes
Unit tests (macos, Go 1.27.x)	Run tests	2026-09-11T21:05:06.0634300Z     crypto_stream_test.go:276: offset 80: 9 bytes
Unit tests (macos, Go 1.27.x)	Run tests	2026-09-11T21:05:06.0634950Z     crypto_stream_test.go:276: offset 89: 17 bytes
Unit tests (macos, Go 1.27.x)	Run tests	2026-09-11T21:05:06.0635590Z     crypto_stream_test.go:276: offset 122: 12 bytes
Unit tests (macos, Go 1.27.x)	Run tests	2026-09-11T21:05:06.0636330Z     crypto_stream_test.go:276: offset 134: 4 bytes
Unit tests (macos, Go 1.27.x)	Run tests	2026-09-11T21:05:06.0636960Z     crypto_stream_test.go:276: offset 138: 24 bytes
Unit tests (macos, Go 1.27.x)	Run tests	2026-09-11T21:05:06.0652980Z     crypto_stream_test.go:276: offset 162: 20 bytes
Unit tests (macos, Go 1.27.x)	Run tests	2026-09-11T21:05:06.0654310Z     crypto_stream_test.go:276: offset 182: 1 bytes
Unit tests (macos, Go 1.27.x)	Run tests	2026-09-11T21:05:06.0654690Z     crypto_stream_test.go:276: offset 183: 305 bytes
Unit tests (macos, Go 1.27.x)	Run tests	2026-09-11T21:05:06.0711370Z     crypto_stream_test.go:276: offset 70: 10 bytes
Unit tests (macos, Go 1.27.x)	Run tests	2026-09-11T21:05:06.0711820Z     crypto_stream_test.go:276: offset 106: 16 bytes
Unit tests (macos, Go 1.27.x)	Run tests	2026-09-11T21:05:06.0713590Z     crypto_stream_test.go:276: offset 488: 6 bytes
Unit tests (macos, Go 1.27.x)	Run tests	2026-09-11T21:05:06.0714060Z === RUN   TestInitialCryptoStreamClientRandomizedSizes/run_11
Unit tests (macos, Go 1.27.x)	Run tests	2026-09-11T21:05:06.0810270Z     crypto_stream_test.go:225: using a ClientHello without ECH, hostname: "bgc.sjp.m.boacwh"
Unit tests (macos, Go 1.27.x)	Run tests	2026-09-11T21:05:06.0836700Z     crypto_stream_test.go:273: received 17 frames
Unit tests (macos, Go 1.27.x)	Run tests	2026-09-11T21:05:06.0837940Z     crypto_stream_test.go:276: offset 0: 4 bytes
Unit tests (macos, Go 1.27.x)	Run tests	2026-09-11T21:05:06.0838390Z     crypto_stream_test.go:276: offset 4: 10 bytes
Unit tests (macos, Go 1.27.x)	Run tests	2026-09-11T21:05:06.0838850Z     crypto_stream_test.go:276: offset 14: 9 bytes
Unit tests (macos, Go 1.27.x)	Run tests	2026-09-11T21:05:06.0839270Z     crypto_stream_test.go:276: offset 23: 25 bytes
Unit tests (macos, Go 1.27.x)	Run tests	2026-09-11T21:05:06.0841160Z     crypto_stream_test.go:276: offset 48: 2 bytes
Unit tests (macos, Go 1.27.x)	Run tests	2026-09-11T21:05:06.0843170Z     crypto_stream_test.go:276: offset 50: 18 bytes
Unit tests (macos, Go 1.27.x)	Run tests	2026-09-11T21:05:06.0843780Z     crypto_stream_test.go:276: offset 76: 15 bytes
Unit tests (macos, Go 1.27.x)	Run tests	2026-09-11T21:05:06.0844190Z     crypto_stream_test.go:276: offset 91: 19 bytes
Unit tests (macos, Go 1.27.x)	Run tests	2026-09-11T21:05:06.0844610Z     crypto_stream_test.go:276: offset 110: 11 bytes
Unit tests (macos, Go 1.27.x)	Run tests	2026-09-11T21:05:06.0844970Z     crypto_stream_test.go:276: offset 121: 3 bytes
Unit tests (macos, Go 1.27.x)	Run tests	2026-09-11T21:05:06.0845420Z     crypto_stream_test.go:276: offset 124: 57 bytes
Unit tests (macos, Go 1.27.x)	Run tests	2026-09-11T21:05:06.0845830Z     crypto_stream_test.go:276: offset 181: 24 bytes
Unit tests (macos, Go 1.27.x)	Run tests	2026-09-11T21:05:06.0846240Z     crypto_stream_test.go:276: offset 205: 8 bytes
Unit tests (macos, Go 1.27.x)	Run tests	2026-09-11T21:05:06.0846780Z     crypto_stream_test.go:276: offset 213: 25 bytes
Unit tests (macos, Go 1.27.x)	Run tests	2026-09-11T21:05:06.0847180Z     crypto_stream_test.go:276: offset 238: 53 bytes
Unit tests (macos, Go 1.27.x)	Run tests	2026-09-11T21:05:06.0847590Z     crypto_stream_test.go:276: offset 68: 8 bytes
Unit tests (macos, Go 1.27.x)	Run tests	2026-09-11T21:05:06.0848020Z     crypto_stream_test.go:276: offset 291: 6 bytes
Unit tests (macos, Go 1.27.x)	Run tests	2026-09-11T21:05:06.0848450Z === RUN   TestInitialCryptoStreamClientRandomizedSizes/run_12
Unit tests (macos, Go 1.27.x)	Run tests	2026-09-11T21:05:06.0857480Z     crypto_stream_test.go:230: using a ClientHello with ECH, hostname: "uog.fev.ce"
Unit tests (macos, Go 1.27.x)	Run tests	2026-09-11T21:05:06.0871660Z     crypto_stream_test.go:273: received 10 frames
Unit tests (macos, Go 1.27.x)	Run tests	2026-09-11T21:05:06.0879670Z     crypto_stream_test.go:276: offset 0: 65 bytes
Unit tests (macos, Go 1.27.x)	Run tests	2026-09-11T21:05:06.0880300Z     crypto_stream_test.go:276: offset 70: 3 bytes
Unit tests (macos, Go 1.27.x)	Run tests	2026-09-11T21:05:06.0881060Z     crypto_stream_test.go:276: offset 73: 34 bytes
Unit tests (macos, Go 1.27.x)	Run tests	2026-09-11T21:05:06.0881560Z     crypto_stream_test.go:276: offset 123: 4 bytes
Unit tests (macos, Go 1.27.x)	Run tests	2026-09-11T21:05:06.0882100Z     crypto_stream_test.go:276: offset 127: 184 bytes
Unit tests (macos, Go 1.27.x)	Run tests	2026-09-11T21:05:06.0883090Z     crypto_stream_test.go:276: offset 311: 173 bytes
Unit tests (macos, Go 1.27.x)	Run tests	2026-09-11T21:05:06.0883470Z     crypto_stream_test.go:276: offset 484: 5 bytes
Unit tests (macos, Go 1.27.x)	Run tests	2026-09-11T21:05:06.0883900Z     crypto_stream_test.go:276: offset 65: 5 bytes
Unit tests (macos, Go 1.27.x)	Run tests	2026-09-11T21:05:06.0884340Z     crypto_stream_test.go:276: offset 107: 16 bytes
Unit tests (macos, Go 1.27.x)	Run tests	2026-09-11T21:05:06.0884780Z     crypto_stream_test.go:276: offset 489: 6 bytes
Unit tests (macos, Go 1.27.x)	Run tests	2026-09-11T21:05:06.0888800Z === RUN   TestInitialCryptoStreamClientRandomizedSizes/run_13
Unit tests (macos, Go 1.27.x)	Run tests	2026-09-11T21:05:06.0891750Z     crypto_stream_test.go:225: using a ClientHello without ECH, hostname: ""
Unit tests (macos, Go 1.27.x)	Run tests	2026-09-11T21:05:06.0896650Z     crypto_stream_test.go:273: received 4 frames
Unit tests (macos, Go 1.27.x)	Run tests	2026-09-11T21:05:06.0897230Z     crypto_stream_test.go:276: offset 0: 367 bytes
Unit tests (macos, Go 1.27.x)	Run tests	2026-09-11T21:05:06.0897700Z     crypto_stream_test.go:276: offset 367: 17 bytes
Unit tests (macos, Go 1.27.x)	Run tests	2026-09-11T21:05:06.0898680Z     crypto_stream_test.go:276: offset 384: 2 bytes
Unit tests (macos, Go 1.27.x)	Run tests	2026-09-11T21:05:06.0899180Z     crypto_stream_test.go:276: offset 386: 17 bytes
Unit tests (macos, Go 1.27.x)	Run tests	2026-09-11T21:05:06.0899700Z === RUN   TestInitialCryptoStreamClientRandomizedSizes/run_14
Unit tests (macos, Go 1.27.x)	Run tests	2026-09-11T21:05:06.0902650Z     crypto_stream_test.go:225: using a ClientHello without ECH, hostname: "bf.fp.i"
Unit tests (macos, Go 1.27.x)	Run tests	2026-09-11T21:05:06.0904340Z     crypto_stream_test.go:273: received 8 frames
Unit tests (macos, Go 1.27.x)	Run tests	2026-09-11T21:05:06.0930290Z     crypto_stream_test.go:276: offset 0: 14 bytes
Unit tests (macos, Go 1.27.x)	Run tests	2026-09-11T21:05:06.0931000Z     crypto_stream_test.go:276: offset 14: 4 bytes
Unit tests (macos, Go 1.27.x)	Run tests	2026-09-11T21:05:06.0931440Z     crypto_stream_test.go:276: offset 18: 11 bytes
Unit tests (macos, Go 1.27.x)	Run tests	2026-09-11T21:05:06.0933080Z     crypto_stream_test.go:276: offset 29: 23 bytes
Unit tests (macos, Go 1.27.x)	Run tests	2026-09-11T21:05:06.0933630Z     crypto_stream_test.go:276: offset 52: 11 bytes
Unit tests (macos, Go 1.27.x)	Run tests	2026-09-11T21:05:06.0934110Z     crypto_stream_test.go:276: offset 67: 301 bytes
Unit tests (macos, Go 1.27.x)	Run tests	2026-09-11T21:05:06.0934470Z     crypto_stream_test.go:276: offset 63: 4 bytes
Unit tests (macos, Go 1.27.x)	Run tests	2026-09-11T21:05:06.0934830Z     crypto_stream_test.go:276: offset 368: 6 bytes
Unit tests (macos, Go 1.27.x)	Run tests	2026-09-11T21:05:06.0935200Z === RUN   TestInitialCryptoStreamClientRandomizedSizes/run_15
Unit tests (macos, Go 1.27.x)	Run tests	2026-09-11T21:05:06.0938730Z     crypto_stream_test.go:230: using a ClientHello with ECH, hostname: "lyg.dagah.xox"
Unit tests (macos, Go 1.27.x)	Run tests	2026-09-11T21:05:06.0939390Z     crypto_stream_test.go:273: received 19 frames
Unit tests (macos, Go 1.27.x)	Run tests	2026-09-11T21:05:06.0939830Z     crypto_stream_test.go:276: offset 0: 16 bytes
Unit tests (macos, Go 1.27.x)	Run tests	2026-09-11T21:05:06.0940220Z     crypto_stream_test.go:276: offset 16: 23 bytes
Unit tests (macos, Go 1.27.x)	Run tests	2026-09-11T21:05:06.0942590Z     crypto_stream_test.go:276: offset 39: 9 bytes
Unit tests (macos, Go 1.27.x)	Run tests	2026-09-11T21:05:06.0943640Z     crypto_stream_test.go:276: offset 48: 18 bytes
Unit tests (macos, Go 1.27.x)	Run tests	2026-09-11T21:05:06.0944900Z     crypto_stream_test.go:276: offset 73: 22 bytes
Unit tests (macos, Go 1.27.x)	Run tests	2026-09-11T21:05:06.0946570Z     crypto_stream_test.go:276: offset 95: 176 bytes
Unit tests (macos, Go 1.27.x)	Run tests	2026-09-11T21:05:06.0947730Z     crypto_stream_test.go:276: offset 287: 21 bytes
Unit tests (macos, Go 1.27.x)	Run tests	2026-09-11T21:05:06.0948650Z     crypto_stream_test.go:276: offset 308: 367 bytes
Unit tests (macos, Go 1.27.x)	Run tests	2026-09-11T21:05:06.0949230Z     crypto_stream_test.go:276: offset 675: 19 bytes
Unit tests (macos, Go 1.27.x)	Run tests	2026-09-11T21:05:06.0949670Z     crypto_stream_test.go:276: offset 694: 14 bytes
Unit tests (macos, Go 1.27.x)	Run tests	2026-09-11T21:05:06.0950090Z     crypto_stream_test.go:276: offset 708: 6 bytes
Unit tests (macos, Go 1.27.x)	Run tests	2026-09-11T21:05:06.0954070Z     crypto_stream_test.go:276: offset 714: 6 bytes
Unit tests (macos, Go 1.27.x)	Run tests	2026-09-11T21:05:06.0955630Z     crypto_stream_test.go:276: offset 720: 6 bytes
Unit tests (macos, Go 1.27.x)	Run tests	2026-09-11T21:05:06.0956310Z     crypto_stream_test.go:276: offset 726: 19 bytes
Unit tests (macos, Go 1.27.x)	Run tests	2026-09-11T21:05:06.0956700Z     crypto_stream_test.go:276: offset 745: 15 bytes
Unit tests (macos, Go 1.27.x)	Run tests	2026-09-11T21:05:06.0957390Z     crypto_stream_test.go:276: offset 760: 53 bytes
Unit tests (macos, Go 1.27.x)	Run tests	2026-09-11T21:05:06.0957770Z     crypto_stream_test.go:276: offset 66: 7 bytes
Unit tests (macos, Go 1.27.x)	Run tests	2026-09-11T21:05:06.0958380Z     crypto_stream_test.go:276: offset 271: 16 bytes
Unit tests (macos, Go 1.27.x)	Run tests	2026-09-11T21:05:06.0959100Z     crypto_stream_test.go:276: offset 813: 6 bytes
Unit tests (macos, Go 1.27.x)	Run tests	2026-09-11T21:05:06.0959580Z === RUN   TestInitialCryptoStreamClientRandomizedSizes/run_16
Unit tests (macos, Go 1.27.x)	Run tests	2026-09-11T21:05:06.0960380Z     crypto_stream_test.go:230: using a ClientHello with ECH, hostname: "xvdirc.g.dn.wtw"
Unit tests (macos, Go 1.27.x)	Run tests	2026-09-11T21:05:06.0960880Z     crypto_stream_test.go:273: received 21 frames
Unit tests (macos, Go 1.27.x)	Run tests	2026-09-11T21:05:06.0961820Z     crypto_stream_test.go:276: offset 0: 67 bytes
Unit tests (macos, Go 1.27.x)	Run tests	2026-09-11T21:05:06.0963030Z     crypto_stream_test.go:276: offset 75: 153 bytes
Unit tests (macos, Go 1.27.x)	Run tests	2026-09-11T21:05:06.0965790Z     crypto_stream_test.go:276: offset 244: 28 bytes
Unit tests (macos, Go 1.27.x)	Run tests	2026-09-11T21:05:06.0967400Z     crypto_stream_test.go:276: offset 272: 22 bytes
Unit tests (macos, Go 1.27.x)	Run tests	2026-09-11T21:05:06.0969150Z     crypto_stream_test.go:276: offset 294: 20 bytes
Unit tests (macos, Go 1.27.x)	Run tests	2026-09-11T21:05:06.0978200Z     crypto_stream_test.go:276: offset 314: 3 bytes
Unit tests (macos, Go 1.27.x)	Run tests	2026-09-11T21:05:06.0978650Z     crypto_stream_test.go:276: offset 317: 11 bytes
Unit tests (macos, Go 1.27.x)	Run tests	2026-09-11T21:05:06.0983270Z     crypto_stream_test.go:276: offset 328: 22 bytes
Unit tests (macos, Go 1.27.x)	Run tests	2026-09-11T21:05:06.0984070Z     crypto_stream_test.go:276: offset 350: 25 bytes
Unit tests (macos, Go 1.27.x)	Run tests	2026-09-11T21:05:06.0986000Z     crypto_stream_test.go:276: offset 375: 10 bytes
Unit tests (macos, Go 1.27.x)	Run tests	2026-09-11T21:05:06.0987050Z     crypto_stream_test.go:276: offset 385: 2 bytes
Unit tests (macos, Go 1.27.x)	Run tests	2026-09-11T21:05:06.0988870Z     crypto_stream_test.go:276: offset 387: 5 bytes
Unit tests (macos, Go 1.27.x)	Run tests	2026-09-11T21:05:06.0990690Z     crypto_stream_test.go:276: offset 392: 20 bytes
Unit tests (macos, Go 1.27.x)	Run tests	2026-09-11T21:05:06.0991350Z     crypto_stream_test.go:276: offset 412: 8 bytes
Unit tests (macos, Go 1.27.x)	Run tests	2026-09-11T21:05:06.0991910Z     crypto_stream_test.go:276: offset 420: 21 bytes
Unit tests (macos, Go 1.27.x)	Run tests	2026-09-11T21:05:06.0992280Z     crypto_stream_test.go:276: offset 441: 18 bytes
Unit tests (macos, Go 1.27.x)	Run tests	2026-09-11T21:05:06.0993490Z     crypto_stream_test.go:276: offset 459: 2 bytes
Unit tests (macos, Go 1.27.x)	Run tests	2026-09-11T21:05:06.0994010Z     crypto_stream_test.go:276: offset 461: 277 bytes
Unit tests (macos, Go 1.27.x)	Run tests	2026-09-11T21:05:06.0994600Z     crypto_stream_test.go:276: offset 67: 8 bytes
Unit tests (macos, Go 1.27.x)	Run tests	2026-09-11T21:05:06.0995070Z     crypto_stream_test.go:276: offset 228: 16 bytes
Unit tests (macos, Go 1.27.x)	Run tests	2026-09-11T21:05:06.0995490Z     crypto_stream_test.go:276: offset 738: 6 bytes
Unit tests (macos, Go 1.27.x)	Run tests	2026-09-11T21:05:06.0995920Z === RUN   TestInitialCryptoStreamClientRandomizedSizes/run_17
Unit tests (macos, Go 1.27.x)	Run tests	2026-09-11T21:05:06.0996570Z     crypto_stream_test.go:225: using a ClientHello without ECH, hostname: ""
Unit tests (macos, Go 1.27.x)	Run tests	2026-09-11T21:05:06.0997110Z     crypto_stream_test.go:273: received 10 frames
Unit tests (macos, Go 1.27.x)	Run tests	2026-09-11T21:05:06.0997550Z     crypto_stream_test.go:276: offset 0: 17 bytes
Unit tests (macos, Go 1.27.x)	Run tests	2026-09-11T21:05:06.0997930Z     crypto_stream_test.go:276: offset 17: 9 bytes
Unit tests (macos, Go 1.27.x)	Run tests	2026-09-11T21:05:06.0998320Z     crypto_stream_test.go:276: offset 26: 9 bytes
Unit tests (macos, Go 1.27.x)	Run tests	2026-09-11T21:05:06.0998730Z     crypto_stream_test.go:276: offset 35: 87 bytes
Unit tests (macos, Go 1.27.x)	Run tests	2026-09-11T21:05:06.0999170Z     crypto_stream_test.go:276: offset 122: 27 bytes
Unit tests (macos, Go 1.27.x)	Run tests	2026-09-11T21:05:06.0999610Z     crypto_stream_test.go:276: offset 149: 162 bytes
Unit tests (macos, Go 1.27.x)	Run tests	2026-09-11T21:05:06.1000140Z     crypto_stream_test.go:276: offset 311: 12 bytes
Unit tests (macos, Go 1.27.x)	Run tests	2026-09-11T21:05:06.1000800Z     crypto_stream_test.go:276: offset 323: 15 bytes
Unit tests (macos, Go 1.27.x)	Run tests	2026-09-11T21:05:06.1001180Z     crypto_stream_test.go:276: offset 338: 41 bytes
Unit tests (macos, Go 1.27.x)	Run tests	2026-09-11T21:05:06.1001830Z     crypto_stream_test.go:276: offset 379: 17 bytes
Unit tests (macos, Go 1.27.x)	Run tests	2026-09-11T21:05:06.1002300Z === RUN   TestInitialCryptoStreamClientRandomizedSizes/run_18
Unit tests (macos, Go 1.27.x)	Run tests	2026-09-11T21:05:06.1003200Z     crypto_stream_test.go:225: using a ClientHello without ECH, hostname: "xgxvsl"
Unit tests (macos, Go 1.27.x)	Run tests	2026-09-11T21:05:06.1019310Z     crypto_stream_test.go:273: received 14 frames
Unit tests (macos, Go 1.27.x)	Run tests	2026-09-11T21:05:06.1021060Z     crypto_stream_test.go:276: offset 0: 13 bytes
Unit tests (macos, Go 1.27.x)	Run tests	2026-09-11T21:05:06.1022090Z     crypto_stream_test.go:276: offset 13: 20 bytes
Unit tests (macos, Go 1.27.x)	Run tests	2026-09-11T21:05:06.1023120Z     crypto_stream_test.go:276: offset 33: 30 bytes
Unit tests (macos, Go 1.27.x)	Run tests	2026-09-11T21:05:06.1028880Z     crypto_stream_test.go:276: offset 66: 10 bytes
Unit tests (macos, Go 1.27.x)	Run tests	2026-09-11T21:05:06.1030230Z     crypto_stream_test.go:276: offset 76: 15 bytes
Unit tests (macos, Go 1.27.x)	Run tests	2026-09-11T21:05:06.1034850Z     crypto_stream_test.go:276: offset 91: 27 bytes
Unit tests (macos, Go 1.27.x)	Run tests	2026-09-11T21:05:06.1036260Z     crypto_stream_test.go:276: offset 118: 74 bytes
Unit tests (macos, Go 1.27.x)	Run tests	2026-09-11T21:05:06.1037430Z     crypto_stream_test.go:276: offset 192: 28 bytes
Unit tests (macos, Go 1.27.x)	Run tests	2026-09-11T21:05:06.1038750Z     crypto_stream_test.go:276: offset 220: 3 bytes
Unit tests (macos, Go 1.27.x)	Run tests	2026-09-11T21:05:06.1039910Z     crypto_stream_test.go:276: offset 223: 5 bytes
Unit tests (macos, Go 1.27.x)	Run tests	2026-09-11T21:05:06.1041210Z     crypto_stream_test.go:276: offset 228: 2 bytes
Unit tests (macos, Go 1.27.x)	Run tests	2026-09-11T21:05:06.1042520Z     crypto_stream_test.go:276: offset 230: 104 bytes
Unit tests (macos, Go 1.27.x)	Run tests	2026-09-11T21:05:06.1043760Z     crypto_stream_test.go:276: offset 63: 3 bytes
Unit tests (macos, Go 1.27.x)	Run tests	2026-09-11T21:05:06.1045270Z     crypto_stream_test.go:276: offset 334: 6 bytes
Unit tests (macos, Go 1.27.x)	Run tests	2026-09-11T21:05:06.1054090Z === RUN   TestInitialCryptoStreamClientRandomizedSizes/run_19
Unit tests (macos, Go 1.27.x)	Run tests	2026-09-11T21:05:06.1055600Z     crypto_stream_test.go:225: using a ClientHello without ECH, hostname: "dmg.hdssq"
Unit tests (macos, Go 1.27.x)	Run tests	2026-09-11T21:05:06.1056430Z     crypto_stream_test.go:273: received 19 frames
Unit tests (macos, Go 1.27.x)	Run tests	2026-09-11T21:05:06.1056850Z     crypto_stream_test.go:276: offset 0: 19 bytes
Unit tests (macos, Go 1.27.x)	Run tests	2026-09-11T21:05:06.1057210Z     crypto_stream_test.go:276: offset 19: 45 bytes
Unit tests (macos, Go 1.27.x)	Run tests	2026-09-11T21:05:06.1057900Z     crypto_stream_test.go:276: offset 69: 26 bytes
Unit tests (macos, Go 1.27.x)	Run tests	2026-09-11T21:05:06.1058290Z     crypto_stream_test.go:276: offset 95: 8 bytes
Unit tests (macos, Go 1.27.x)	Run tests	2026-09-11T21:05:06.1058980Z     crypto_stream_test.go:276: offset 103: 17 bytes
Unit tests (macos, Go 1.27.x)	Run tests	2026-09-11T21:05:06.1059400Z     crypto_stream_test.go:276: offset 120: 22 bytes
Unit tests (macos, Go 1.27.x)	Run tests	2026-09-11T21:05:06.1060020Z     crypto_stream_test.go:276: offset 142: 11 bytes
Unit tests (macos, Go 1.27.x)	Run tests	2026-09-11T21:05:06.1060960Z     crypto_stream_test.go:276: offset 153: 15 bytes
Unit tests (macos, Go 1.27.x)	Run tests	2026-09-11T21:05:06.1061390Z     crypto_stream_test.go:276: offset 168: 24 bytes
Unit tests (macos, Go 1.27.x)	Run tests	2026-09-11T21:05:06.1061760Z     crypto_stream_test.go:276: offset 192: 4 bytes
Unit tests (macos, Go 1.27.x)	Run tests	2026-09-11T21:05:06.1062330Z     crypto_stream_test.go:276: offset 196: 8 bytes
Unit tests (macos, Go 1.27.x)	Run tests	2026-09-11T21:05:06.1062680Z     crypto_stream_test.go:276: offset 204: 15 bytes
Unit tests (macos, Go 1.27.x)	Run tests	2026-09-11T21:05:06.1063320Z     crypto_stream_test.go:276: offset 219: 23 bytes
Unit tests (macos, Go 1.27.x)	Run tests	2026-09-11T21:05:06.1063730Z     crypto_stream_test.go:276: offset 242: 12 bytes
Unit tests (macos, Go 1.27.x)	Run tests	2026-09-11T21:05:06.1064250Z     crypto_stream_test.go:276: offset 254: 13 bytes
Unit tests (macos, Go 1.27.x)	Run tests	2026-09-11T21:05:06.1064720Z     crypto_stream_test.go:276: offset 267: 17 bytes
Unit tests (macos, Go 1.27.x)	Run tests	2026-09-11T21:05:06.1065120Z     crypto_stream_test.go:276: offset 284: 126 bytes
Unit tests (macos, Go 1.27.x)	Run tests	2026-09-11T21:05:06.1065720Z     crypto_stream_test.go:276: offset 64: 5 bytes
Unit tests (macos, Go 1.27.x)	Run tests	2026-09-11T21:05:06.1066110Z     crypto_stream_test.go:276: offset 410: 6 bytes
Unit tests (macos, Go 1.27.x)	Run tests	2026-09-11T21:05:06.1066740Z === RUN   TestInitialCryptoStreamClientRandomizedSizes/run_20
Unit tests (macos, Go 1.27.x)	Run tests	2026-09-11T21:05:06.1067260Z     crypto_stream_test.go:225: using a ClientHello without ECH, hostname: ""
Unit tests (macos, Go 1.27.x)	Run tests	2026-09-11T21:05:06.1067940Z     crypto_stream_test.go:273: received 6 frames
Unit tests (macos, Go 1.27.x)	Run tests	2026-09-11T21:05:06.1068320Z     crypto_stream_test.go:276: offset 0: 22 bytes
Unit tests (macos, Go 1.27.x)	Run tests	2026-09-11T21:05:06.1068890Z     crypto_stream_test.go:276: offset 22: 32 bytes
Unit tests (macos, Go 1.27.x)	Run tests	2026-09-11T21:05:06.1069310Z     crypto_stream_test.go:276: offset 54: 25 bytes
Unit tests (macos, Go 1.27.x)	Run tests	2026-09-11T21:05:06.1069830Z     crypto_stream_test.go:276: offset 79: 4 bytes
Unit tests (macos, Go 1.27.x)	Run tests	2026-09-11T21:05:06.1070230Z     crypto_stream_test.go:276: offset 83: 4 bytes
Unit tests (macos, Go 1.27.x)	Run tests	2026-09-11T21:05:06.1070630Z     crypto_stream_test.go:276: offset 87: 298 bytes
Unit tests (macos, Go 1.27.x)	Run tests	2026-09-11T21:05:06.1071180Z === RUN   TestInitialCryptoStreamClientRandomizedSizes/run_21
Unit tests (macos, Go 1.27.x)	Run tests	2026-09-11T21:05:06.1072650Z     crypto_stream_test.go:230: using a ClientHello with ECH, hostname: "yd.tn.lagqmee"
Unit tests (macos, Go 1.27.x)	Run tests	2026-09-11T21:05:06.1073170Z     crypto_stream_test.go:273: received 16 frames
Unit tests (macos, Go 1.27.x)	Run tests	2026-09-11T21:05:06.1073520Z     crypto_stream_test.go:276: offset 0: 13 bytes
Unit tests (macos, Go 1.27.x)	Run tests	2026-09-11T21:05:06.1075340Z     crypto_stream_test.go:276: offset 13: 18 bytes
Unit tests (macos, Go 1.27.x)	Run tests	2026-09-11T21:05:06.1075860Z     crypto_stream_test.go:276: offset 31: 14 bytes
Unit tests (macos, Go 1.27.x)	Run tests	2026-09-11T21:05:06.1076360Z     crypto_stream_test.go:276: offset 45: 11 bytes
Unit tests (macos, Go 1.27.x)	Run tests	2026-09-11T21:05:06.1077070Z     crypto_stream_test.go:276: offset 56: 10 bytes
Unit tests (macos, Go 1.27.x)	Run tests	2026-09-11T21:05:06.1077550Z     crypto_stream_test.go:276: offset 73: 82 bytes
Unit tests (macos, Go 1.27.x)	Run tests	2026-09-11T21:05:06.1077910Z     crypto_stream_test.go:276: offset 171: 24 bytes
Unit tests (macos, Go 1.27.x)	Run tests	2026-09-11T21:05:06.1078340Z     crypto_stream_test.go:276: offset 195: 15 bytes
Unit tests (macos, Go 1.27.x)	Run tests	2026-09-11T21:05:06.1078690Z     crypto_stream_test.go:276: offset 210: 10 bytes
Unit tests (macos, Go 1.27.x)	Run tests	2026-09-11T21:05:06.1079110Z     crypto_stream_test.go:276: offset 220: 8 bytes
Unit tests (macos, Go 1.27.x)	Run tests	2026-09-11T21:05:06.1079460Z     crypto_stream_test.go:276: offset 228: 22 bytes
Unit tests (macos, Go 1.27.x)	Run tests	2026-09-11T21:05:06.1083150Z     crypto_stream_test.go:276: offset 250: 20 bytes
Unit tests (macos, Go 1.27.x)	Run tests	2026-09-11T21:05:06.1084690Z     crypto_stream_test.go:276: offset 270: 299 bytes
Unit tests (macos, Go 1.27.x)	Run tests	2026-09-11T21:05:06.1085920Z     crypto_stream_test.go:276: offset 66: 7 bytes
Unit tests (macos, Go 1.27.x)	Run tests	2026-09-11T21:05:06.1087180Z     crypto_stream_test.go:276: offset 155: 16 bytes
Unit tests (macos, Go 1.27.x)	Run tests	2026-09-11T21:05:06.1089960Z     crypto_stream_test.go:276: offset 569: 6 bytes
Unit tests (macos, Go 1.27.x)	Run tests	2026-09-11T21:05:06.1095150Z === RUN   TestInitialCryptoStreamClientRandomizedSizes/run_22
Unit tests (macos, Go 1.27.x)	Run tests	2026-09-11T21:05:06.1095890Z     crypto_stream_test.go:225: using a ClientHello without ECH, hostname: "xil.su.vxjpocp.mbqfd"
Unit tests (macos, Go 1.27.x)	Run tests	2026-09-11T21:05:06.1096650Z     crypto_stream_test.go:273: received 10 frames
Unit tests (macos, Go 1.27.x)	Run tests	2026-09-11T21:05:06.1097010Z     crypto_stream_test.go:276: offset 0: 3 bytes
Unit tests (macos, Go 1.27.x)	Run tests	2026-09-11T21:05:06.1097570Z     crypto_stream_test.go:276: offset 3: 19 bytes
Unit tests (macos, Go 1.27.x)	Run tests	2026-09-11T21:05:06.1097950Z     crypto_stream_test.go:276: offset 22: 12 bytes
Unit tests (macos, Go 1.27.x)	Run tests	2026-09-11T21:05:06.1098310Z     crypto_stream_test.go:276: offset 34: 36 bytes
Unit tests (macos, Go 1.27.x)	Run tests	2026-09-11T21:05:06.1098930Z     crypto_stream_test.go:276: offset 80: 15 bytes
Unit tests (macos, Go 1.27.x)	Run tests	2026-09-11T21:05:06.1099280Z     crypto_stream_test.go:276: offset 95: 20 bytes
Unit tests (macos, Go 1.27.x)	Run tests	2026-09-11T21:05:06.1100720Z     crypto_stream_test.go:276: offset 115: 7 bytes
Unit tests (macos, Go 1.27.x)	Run tests	2026-09-11T21:05:06.1101270Z     crypto_stream_test.go:276: offset 122: 220 bytes
Unit tests (macos, Go 1.27.x)	Run tests	2026-09-11T21:05:06.1101680Z     crypto_stream_test.go:276: offset 70: 10 bytes
Unit tests (macos, Go 1.27.x)	Run tests	2026-09-11T21:05:06.1102090Z     crypto_stream_test.go:276: offset 342: 6 bytes
Unit tests (macos, Go 1.27.x)	Run tests	2026-09-11T21:05:06.1102450Z === RUN   TestInitialCryptoStreamClientRandomizedSizes/run_23
Unit tests (macos, Go 1.27.x)	Run tests	2026-09-11T21:05:06.1103070Z     crypto_stream_test.go:230: using a ClientHello with ECH, hostname: "lgen.cghzmcwmtyxm"
Unit tests (macos, Go 1.27.x)	Run tests	2026-09-11T21:05:06.1103540Z     crypto_stream_test.go:273: received 26 frames
Unit tests (macos, Go 1.27.x)	Run tests	2026-09-11T21:05:06.1103900Z     crypto_stream_test.go:276: offset 0: 8 bytes
Unit tests (macos, Go 1.27.x)	Run tests	2026-09-11T21:05:06.1104270Z     crypto_stream_test.go:276: offset 8: 5 bytes
Unit tests (macos, Go 1.27.x)	Run tests	2026-09-11T21:05:06.1104640Z     crypto_stream_test.go:276: offset 13: 24 bytes
Unit tests (macos, Go 1.27.x)	Run tests	2026-09-11T21:05:06.1104990Z     crypto_stream_test.go:276: offset 37: 9 bytes
Unit tests (macos, Go 1.27.x)	Run tests	2026-09-11T21:05:06.1105390Z     crypto_stream_test.go:276: offset 46: 22 bytes
Unit tests (macos, Go 1.27.x)	Run tests	2026-09-11T21:05:06.1105740Z     crypto_stream_test.go:276: offset 77: 8 bytes
Unit tests (macos, Go 1.27.x)	Run tests	2026-09-11T21:05:06.1106090Z     crypto_stream_test.go:276: offset 85: 86 bytes
Unit tests (macos, Go 1.27.x)	Run tests	2026-09-11T21:05:06.1106460Z     crypto_stream_test.go:276: offset 171: 12 bytes
Unit tests (macos, Go 1.27.x)	Run tests	2026-09-11T21:05:06.1106830Z     crypto_stream_test.go:276: offset 183: 14 bytes
Unit tests (macos, Go 1.27.x)	Run tests	2026-09-11T21:05:06.1107180Z     crypto_stream_test.go:276: offset 197: 17 bytes
Unit tests (macos, Go 1.27.x)	Run tests	2026-09-11T21:05:06.1107530Z     crypto_stream_test.go:276: offset 214: 17 bytes
Unit tests (macos, Go 1.27.x)	Run tests	2026-09-11T21:05:06.1107880Z     crypto_stream_test.go:276: offset 231: 10 bytes
Unit tests (macos, Go 1.27.x)	Run tests	2026-09-11T21:05:06.1108250Z     crypto_stream_test.go:276: offset 241: 5 bytes
Unit tests (macos, Go 1.27.x)	Run tests	2026-09-11T21:05:06.1108660Z     crypto_stream_test.go:276: offset 262: 261 bytes
Unit tests (macos, Go 1.27.x)	Run tests	2026-09-11T21:05:06.1109020Z     crypto_stream_test.go:276: offset 523: 151 bytes
Unit tests (macos, Go 1.27.x)	Run tests	2026-09-11T21:05:06.1109520Z     crypto_stream_test.go:276: offset 674: 24 bytes
Unit tests (macos, Go 1.27.x)	Run tests	2026-09-11T21:05:06.1109990Z     crypto_stream_test.go:276: offset 698: 4 bytes
Unit tests (macos, Go 1.27.x)	Run tests	2026-09-11T21:05:06.1110530Z     crypto_stream_test.go:276: offset 702: 22 bytes
Unit tests (macos, Go 1.27.x)	Run tests	2026-09-11T21:05:06.1110930Z     crypto_stream_test.go:276: offset 724: 20 bytes
Unit tests (macos, Go 1.27.x)	Run tests	2026-09-11T21:05:06.1111330Z     crypto_stream_test.go:276: offset 744: 3 bytes
Unit tests (macos, Go 1.27.x)	Run tests	2026-09-11T21:05:06.1111770Z     crypto_stream_test.go:276: offset 747: 9 bytes
Unit tests (macos, Go 1.27.x)	Run tests	2026-09-11T21:05:06.1112180Z     crypto_stream_test.go:276: offset 68: 2 bytes
Unit tests (macos, Go 1.27.x)	Run tests	2026-09-11T21:05:06.1112560Z     crypto_stream_test.go:276: offset 70: 7 bytes
Unit tests (macos, Go 1.27.x)	Run tests	2026-09-11T21:05:06.1112950Z     crypto_stream_test.go:276: offset 246: 7 bytes
Unit tests (macos, Go 1.27.x)	Run tests	2026-09-11T21:05:06.1113330Z     crypto_stream_test.go:276: offset 253: 9 bytes
Unit tests (macos, Go 1.27.x)	Run tests	2026-09-11T21:05:06.1113680Z     crypto_stream_test.go:276: offset 756: 6 bytes
Unit tests (macos, Go 1.27.x)	Run tests	2026-09-11T21:05:06.1114030Z === RUN   TestInitialCryptoStreamClientRandomizedSizes/run_24
Unit tests (macos, Go 1.27.x)	Run tests	2026-09-11T21:05:06.1114590Z     crypto_stream_test.go:225: using a ClientHello without ECH, hostname: ""
Unit tests (macos, Go 1.27.x)	Run tests	2026-09-11T21:05:06.1115080Z     crypto_stream_test.go:273: received 2 frames
Unit tests (macos, Go 1.27.x)	Run tests	2026-09-11T21:05:06.1115460Z     crypto_stream_test.go:276: offset 0: 15 bytes
Unit tests (macos, Go 1.27.x)	Run tests	2026-09-11T21:05:06.1115840Z     crypto_stream_test.go:276: offset 15: 228 bytes
Unit tests (macos, Go 1.27.x)	Run tests	2026-09-11T21:05:06.1116190Z === RUN   TestInitialCryptoStreamClientRandomizedSizes/run_25
Unit tests (macos, Go 1.27.x)	Run tests	2026-09-11T21:05:06.1116840Z     crypto_stream_test.go:230: using a ClientHello with ECH, hostname: "dzlp.jusu.iqycerkf.bh"
Unit tests (macos, Go 1.27.x)	Run tests	2026-09-11T21:05:06.1117920Z     crypto_stream_test.go:273: received 11 frames
Unit tests (macos, Go 1.27.x)	Run tests	2026-09-11T21:05:06.1118270Z     crypto_stream_test.go:276: offset 0: 17 bytes
Unit tests (macos, Go 1.27.x)	Run tests	2026-09-11T21:05:06.1118660Z     crypto_stream_test.go:276: offset 17: 6 bytes
Unit tests (macos, Go 1.27.x)	Run tests	2026-09-11T21:05:06.1119000Z     crypto_stream_test.go:276: offset 23: 20 bytes
Unit tests (macos, Go 1.27.x)	Run tests	2026-09-11T21:05:06.1119340Z     crypto_stream_test.go:276: offset 43: 27 bytes
Unit tests (macos, Go 1.27.x)	Run tests	2026-09-11T21:05:06.1119730Z     crypto_stream_test.go:276: offset 81: 8 bytes
Unit tests (macos, Go 1.27.x)	Run tests	2026-09-11T21:05:06.1120170Z     crypto_stream_test.go:276: offset 89: 49 bytes
Unit tests (macos, Go 1.27.x)	Run tests	2026-09-11T21:05:06.1120540Z     crypto_stream_test.go:276: offset 154: 398 bytes
Unit tests (macos, Go 1.27.x)	Run tests	2026-09-11T21:05:06.1120900Z     crypto_stream_test.go:276: offset 70: 11 bytes
Unit tests (macos, Go 1.27.x)	Run tests	2026-09-11T21:05:06.1121260Z     crypto_stream_test.go:276: offset 138: 10 bytes
Unit tests (macos, Go 1.27.x)	Run tests	2026-09-11T21:05:06.1121820Z     crypto_stream_test.go:276: offset 148: 6 bytes
Unit tests (macos, Go 1.27.x)	Run tests	2026-09-11T21:05:06.1122170Z     crypto_stream_test.go:276: offset 552: 6 bytes
Unit tests (macos, Go 1.27.x)	Run tests	2026-09-11T21:05:06.1122520Z === RUN   TestInitialCryptoStreamClientRandomizedSizes/run_26
Unit tests (macos, Go 1.27.x)	Run tests	2026-09-11T21:05:06.1123180Z     crypto_stream_test.go:230: using a ClientHello with ECH, hostname: "pwqvs.olbuq.vzg"
Unit tests (macos, Go 1.27.x)	Run tests	2026-09-11T21:05:06.1123690Z     crypto_stream_test.go:273: received 19 frames
Unit tests (macos, Go 1.27.x)	Run tests	2026-09-11T21:05:06.1124040Z     crypto_stream_test.go:276: offset 0: 67 bytes
Unit tests (macos, Go 1.27.x)	Run tests	2026-09-11T21:05:06.1124410Z     crypto_stream_test.go:276: offset 75: 7 bytes
Unit tests (macos, Go 1.27.x)	Run tests	2026-09-11T21:05:06.1124820Z     crypto_stream_test.go:276: offset 82: 7 bytes
Unit tests (macos, Go 1.27.x)	Run tests	2026-09-11T21:05:06.1125160Z     crypto_stream_test.go:276: offset 89: 17 bytes
Unit tests (macos, Go 1.27.x)	Run tests	2026-09-11T21:05:06.1125510Z     crypto_stream_test.go:276: offset 106: 31 bytes
Unit tests (macos, Go 1.27.x)	Run tests	2026-09-11T21:05:06.1125860Z     crypto_stream_test.go:276: offset 153: 3 bytes
Unit tests (macos, Go 1.27.x)	Run tests	2026-09-11T21:05:06.1126760Z     crypto_stream_test.go:276: offset 156: 21 bytes
Unit tests (macos, Go 1.27.x)	Run tests	2026-09-11T21:05:06.1128000Z     crypto_stream_test.go:276: offset 177: 264 bytes
Unit tests (macos, Go 1.27.x)	Run tests	2026-09-11T21:05:06.1128410Z     crypto_stream_test.go:276: offset 441: 5 bytes
Unit tests (macos, Go 1.27.x)	Run tests	2026-09-11T21:05:06.1128810Z     crypto_stream_test.go:276: offset 446: 16 bytes
Unit tests (macos, Go 1.27.x)	Run tests	2026-09-11T21:05:06.1129180Z     crypto_stream_test.go:276: offset 462: 5 bytes
Unit tests (macos, Go 1.27.x)	Run tests	2026-09-11T21:05:06.1129540Z     crypto_stream_test.go:276: offset 467: 11 bytes
Unit tests (macos, Go 1.27.x)	Run tests	2026-09-11T21:05:06.1129910Z     crypto_stream_test.go:276: offset 478: 20 bytes
Unit tests (macos, Go 1.27.x)	Run tests	2026-09-11T21:05:06.1130270Z     crypto_stream_test.go:276: offset 498: 11 bytes
Unit tests (macos, Go 1.27.x)	Run tests	2026-09-11T21:05:06.1130710Z     crypto_stream_test.go:276: offset 509: 28 bytes
Unit tests (macos, Go 1.27.x)	Run tests	2026-09-11T21:05:06.1131060Z     crypto_stream_test.go:276: offset 537: 14 bytes
Unit tests (macos, Go 1.27.x)	Run tests	2026-09-11T21:05:06.1131420Z     crypto_stream_test.go:276: offset 67: 8 bytes
Unit tests (macos, Go 1.27.x)	Run tests	2026-09-11T21:05:06.1131760Z     crypto_stream_test.go:276: offset 137: 16 bytes
Unit tests (macos, Go 1.27.x)	Run tests	2026-09-11T21:05:06.1132120Z     crypto_stream_test.go:276: offset 551: 6 bytes
Unit tests (macos, Go 1.27.x)	Run tests	2026-09-11T21:05:06.1132480Z === RUN   TestInitialCryptoStreamClientRandomizedSizes/run_27
Unit tests (macos, Go 1.27.x)	Run tests	2026-09-11T21:05:06.1133100Z     crypto_stream_test.go:225: using a ClientHello without ECH, hostname: "lm.r.iohl.kbnflvbfwziygaj"
Unit tests (macos, Go 1.27.x)	Run tests	2026-09-11T21:05:06.1133610Z     crypto_stream_test.go:273: received 13 frames
Unit tests (macos, Go 1.27.x)	Run tests	2026-09-11T21:05:06.1133960Z     crypto_stream_test.go:276: offset 0: 16 bytes
Unit tests (macos, Go 1.27.x)	Run tests	2026-09-11T21:05:06.1134300Z     crypto_stream_test.go:276: offset 16: 6 bytes
Unit tests (macos, Go 1.27.x)	Run tests	2026-09-11T21:05:06.1134640Z     crypto_stream_test.go:276: offset 22: 18 bytes
Unit tests (macos, Go 1.27.x)	Run tests	2026-09-11T21:05:06.1135000Z     crypto_stream_test.go:276: offset 40: 19 bytes
Unit tests (macos, Go 1.27.x)	Run tests	2026-09-11T21:05:06.1135350Z     crypto_stream_test.go:276: offset 59: 13 bytes
Unit tests (macos, Go 1.27.x)	Run tests	2026-09-11T21:05:06.1135700Z     crypto_stream_test.go:276: offset 85: 25 bytes
Unit tests (macos, Go 1.27.x)	Run tests	2026-09-11T21:05:06.1136070Z     crypto_stream_test.go:276: offset 110: 18 bytes
Unit tests (macos, Go 1.27.x)	Run tests	2026-09-11T21:05:06.1136420Z     crypto_stream_test.go:276: offset 128: 9 bytes
Unit tests (macos, Go 1.27.x)	Run tests	2026-09-11T21:05:06.1136780Z     crypto_stream_test.go:276: offset 137: 14 bytes
Unit tests (macos, Go 1.27.x)	Run tests	2026-09-11T21:05:06.1137140Z     crypto_stream_test.go:276: offset 151: 28 bytes
Unit tests (macos, Go 1.27.x)	Run tests	2026-09-11T21:05:06.1137490Z     crypto_stream_test.go:276: offset 179: 110 bytes
Unit tests (macos, Go 1.27.x)	Run tests	2026-09-11T21:05:06.1138130Z     crypto_stream_test.go:276: offset 72: 13 bytes
Unit tests (macos, Go 1.27.x)	Run tests	2026-09-11T21:05:06.1139340Z     crypto_stream_test.go:276: offset 289: 6 bytes
Unit tests (macos, Go 1.27.x)	Run tests	2026-09-11T21:05:06.1139830Z === RUN   TestInitialCryptoStreamClientRandomizedSizes/run_28
Unit tests (macos, Go 1.27.x)	Run tests	2026-09-11T21:05:06.1140800Z     crypto_stream_test.go:225: using a ClientHello without ECH, hostname: "f.dtr.kd.vlj.buyvdd"
Unit tests (macos, Go 1.27.x)	Run tests	2026-09-11T21:05:06.1142480Z     crypto_stream_test.go:273: received 14 frames
Unit tests (macos, Go 1.27.x)	Run tests	2026-09-11T21:05:06.1142940Z     crypto_stream_test.go:276: offset 0: 9 bytes
Unit tests (macos, Go 1.27.x)	Run tests	2026-09-11T21:05:06.1143300Z     crypto_stream_test.go:276: offset 9: 7 bytes
Unit tests (macos, Go 1.27.x)	Run tests	2026-09-11T21:05:06.1143740Z     crypto_stream_test.go:276: offset 16: 18 bytes
Unit tests (macos, Go 1.27.x)	Run tests	2026-09-11T21:05:06.1144100Z     crypto_stream_test.go:276: offset 34: 35 bytes
Unit tests (macos, Go 1.27.x)	Run tests	2026-09-11T21:05:06.1144450Z     crypto_stream_test.go:276: offset 79: 25 bytes
Unit tests (macos, Go 1.27.x)	Run tests	2026-09-11T21:05:06.1144820Z     crypto_stream_test.go:276: offset 104: 15 bytes
Unit tests (macos, Go 1.27.x)	Run tests	2026-09-11T21:05:06.1145520Z     crypto_stream_test.go:276: offset 119: 6 bytes
Unit tests (macos, Go 1.27.x)	Run tests	2026-09-11T21:05:06.1145880Z     crypto_stream_test.go:276: offset 125: 135 bytes
Unit tests (macos, Go 1.27.x)	Run tests	2026-09-11T21:05:06.1146250Z     crypto_stream_test.go:276: offset 260: 19 bytes
Unit tests (macos, Go 1.27.x)	Run tests	2026-09-11T21:05:06.1146590Z     crypto_stream_test.go:276: offset 279: 8 bytes
Unit tests (macos, Go 1.27.x)	Run tests	2026-09-11T21:05:06.1147010Z     crypto_stream_test.go:276: offset 287: 24 bytes
Unit tests (macos, Go 1.27.x)	Run tests	2026-09-11T21:05:06.1147410Z     crypto_stream_test.go:276: offset 311: 119 bytes
Unit tests (macos, Go 1.27.x)	Run tests	2026-09-11T21:05:06.1147850Z     crypto_stream_test.go:276: offset 69: 10 bytes
Unit tests (macos, Go 1.27.x)	Run tests	2026-09-11T21:05:06.1148800Z     crypto_stream_test.go:276: offset 430: 6 bytes
Unit tests (macos, Go 1.27.x)	Run tests	2026-09-11T21:05:06.1150120Z === RUN   TestInitialCryptoStreamClientRandomizedSizes/run_29
Unit tests (macos, Go 1.27.x)	Run tests	2026-09-11T21:05:06.1150770Z     crypto_stream_test.go:225: using a ClientHello without ECH, hostname: "nk.ni.s"
Unit tests (macos, Go 1.27.x)	Run tests	2026-09-11T21:05:06.1151250Z     crypto_stream_test.go:273: received 10 frames
Unit tests (macos, Go 1.27.x)	Run tests	2026-09-11T21:05:06.1151660Z     crypto_stream_test.go:276: offset 0: 20 bytes
Unit tests (macos, Go 1.27.x)	Run tests	2026-09-11T21:05:06.1152070Z     crypto_stream_test.go:276: offset 20: 2 bytes
Unit tests (macos, Go 1.27.x)	Run tests	2026-09-11T21:05:06.1152450Z     crypto_stream_test.go:276: offset 22: 29 bytes
Unit tests (macos, Go 1.27.x)	Run tests	2026-09-11T21:05:06.1152840Z     crypto_stream_test.go:276: offset 51: 12 bytes
Unit tests (macos, Go 1.27.x)	Run tests	2026-09-11T21:05:06.1153220Z     crypto_stream_test.go:276: offset 67: 28 bytes
Unit tests (macos, Go 1.27.x)	Run tests	2026-09-11T21:05:06.1153590Z     crypto_stream_test.go:276: offset 95: 4 bytes
Unit tests (macos, Go 1.27.x)	Run tests	2026-09-11T21:05:06.1153960Z     crypto_stream_test.go:276: offset 99: 24 bytes
Unit tests (macos, Go 1.27.x)	Run tests	2026-09-11T21:05:06.1154320Z     crypto_stream_test.go:276: offset 123: 142 bytes
Unit tests (macos, Go 1.27.x)	Run tests	2026-09-11T21:05:06.1154670Z     crypto_stream_test.go:276: offset 63: 4 bytes
Unit tests (macos, Go 1.27.x)	Run tests	2026-09-11T21:05:06.1155010Z     crypto_stream_test.go:276: offset 265: 6 bytes
Unit tests (macos, Go 1.27.x)	Run tests	2026-09-11T21:05:06.1155360Z === RUN   TestInitialCryptoStreamClientRandomizedSizes/run_30
Unit tests (macos, Go 1.27.x)	Run tests	2026-09-11T21:05:06.1155980Z     crypto_stream_test.go:225: using a ClientHello without ECH, hostname: "p.di.lfv.hcnibzv"
Unit tests (macos, Go 1.27.x)	Run tests	2026-09-11T21:05:06.1156490Z     crypto_stream_test.go:273: received 8 frames
Unit tests (macos, Go 1.27.x)	Run tests	2026-09-11T21:05:06.1156860Z     crypto_stream_test.go:276: offset 0: 68 bytes
Unit tests (macos, Go 1.27.x)	Run tests	2026-09-11T21:05:06.1157210Z     crypto_stream_test.go:276: offset 76: 1 bytes
Unit tests (macos, Go 1.27.x)	Run tests	2026-09-11T21:05:06.1157590Z     crypto_stream_test.go:276: offset 77: 27 bytes
Unit tests (macos, Go 1.27.x)	Run tests	2026-09-11T21:05:06.1158000Z     crypto_stream_test.go:276: offset 104: 23 bytes
Unit tests (macos, Go 1.27.x)	Run tests	2026-09-11T21:05:06.1158380Z     crypto_stream_test.go:276: offset 127: 17 bytes
Unit tests (macos, Go 1.27.x)	Run tests	2026-09-11T21:05:06.1158770Z     crypto_stream_test.go:276: offset 144: 221 bytes
Unit tests (macos, Go 1.27.x)	Run tests	2026-09-11T21:05:06.1159220Z     crypto_stream_test.go:276: offset 68: 8 bytes
Unit tests (macos, Go 1.27.x)	Run tests	2026-09-11T21:05:06.1159640Z     crypto_stream_test.go:276: offset 365: 6 bytes
Unit tests (macos, Go 1.27.x)	Run tests	2026-09-11T21:05:06.1160000Z === RUN   TestInitialCryptoStreamClientRandomizedSizes/run_31
Unit tests (macos, Go 1.27.x)	Run tests	2026-09-11T21:05:06.1160790Z     crypto_stream_test.go:230: using a ClientHello with ECH, hostname: "d.ix.jixev.i.bdggavmwa"
Unit tests (macos, Go 1.27.x)	Run tests	2026-09-11T21:05:06.1161400Z     crypto_stream_test.go:273: received 35 frames
Unit tests (macos, Go 1.27.x)	Run tests	2026-09-11T21:05:06.1161820Z     crypto_stream_test.go:276: offset 0: 1 bytes
Unit tests (macos, Go 1.27.x)	Run tests	2026-09-11T21:05:06.1162180Z     crypto_stream_test.go:276: offset 1: 20 bytes
Unit tests (macos, Go 1.27.x)	Run tests	2026-09-11T21:05:06.1162570Z     crypto_stream_test.go:276: offset 21: 12 bytes
Unit tests (macos, Go 1.27.x)	Run tests	2026-09-11T21:05:06.1162970Z     crypto_stream_test.go:276: offset 33: 9 bytes
Unit tests (macos, Go 1.27.x)	Run tests	2026-09-11T21:05:06.1163670Z     crypto_stream_test.go:276: offset 42: 2 bytes
Unit tests (macos, Go 1.27.x)	Run tests	2026-09-11T21:05:06.1164040Z     crypto_stream_test.go:276: offset 44: 22 bytes
Unit tests (macos, Go 1.27.x)	Run tests	2026-09-11T21:05:06.1164430Z     crypto_stream_test.go:276: offset 66: 5 bytes
Unit tests (macos, Go 1.27.x)	Run tests	2026-09-11T21:05:06.1164790Z     crypto_stream_test.go:276: offset 82: 7 bytes
Unit tests (macos, Go 1.27.x)	Run tests	2026-09-11T21:05:06.1165150Z     crypto_stream_test.go:276: offset 89: 16 bytes
Unit tests (macos, Go 1.27.x)	Run tests	2026-09-11T21:05:06.1165530Z     crypto_stream_test.go:276: offset 105: 22 bytes
Unit tests (macos, Go 1.27.x)	Run tests	2026-09-11T21:05:06.1165930Z     crypto_stream_test.go:276: offset 127: 25 bytes
Unit tests (macos, Go 1.27.x)	Run tests	2026-09-11T21:05:06.1166350Z     crypto_stream_test.go:276: offset 152: 3 bytes
Unit tests (macos, Go 1.27.x)	Run tests	2026-09-11T21:05:06.1166760Z     crypto_stream_test.go:276: offset 155: 21 bytes
Unit tests (macos, Go 1.27.x)	Run tests	2026-09-11T21:05:06.1167130Z     crypto_stream_test.go:276: offset 176: 10 bytes
Unit tests (macos, Go 1.27.x)	Run tests	2026-09-11T21:05:06.1167720Z     crypto_stream_test.go:276: offset 186: 8 bytes
Unit tests (macos, Go 1.27.x)	Run tests	2026-09-11T21:05:06.1168100Z     crypto_stream_test.go:276: offset 194: 7 bytes
Unit tests (macos, Go 1.27.x)	Run tests	2026-09-11T21:05:06.1168490Z     crypto_stream_test.go:276: offset 201: 11 bytes
Unit tests (macos, Go 1.27.x)	Run tests	2026-09-11T21:05:06.1168870Z     crypto_stream_test.go:276: offset 212: 5 bytes
Unit tests (macos, Go 1.27.x)	Run tests	2026-09-11T21:05:06.1169290Z     crypto_stream_test.go:276: offset 217: 11 bytes
Unit tests (macos, Go 1.27.x)	Run tests	2026-09-11T21:05:06.1169710Z     crypto_stream_test.go:276: offset 228: 6 bytes
Unit tests (macos, Go 1.27.x)	Run tests	2026-09-11T21:05:06.1170100Z     crypto_stream_test.go:276: offset 234: 13 bytes
Unit tests (macos, Go 1.27.x)	Run tests	2026-09-11T21:05:06.1170530Z     crypto_stream_test.go:276: offset 247: 15 bytes
Unit tests (macos, Go 1.27.x)	Run tests	2026-09-11T21:05:06.1170970Z     crypto_stream_test.go:276: offset 278: 27 bytes
Unit tests (macos, Go 1.27.x)	Run tests	2026-09-11T21:05:06.1171370Z     crypto_stream_test.go:276: offset 305: 14 bytes
Unit tests (macos, Go 1.27.x)	Run tests	2026-09-11T21:05:06.1171750Z     crypto_stream_test.go:276: offset 319: 289 bytes
Unit tests (macos, Go 1.27.x)	Run tests	2026-09-11T21:05:06.1172140Z     crypto_stream_test.go:276: offset 608: 16 bytes
Unit tests (macos, Go 1.27.x)	Run tests	2026-09-11T21:05:06.1172540Z     crypto_stream_test.go:276: offset 624: 1 bytes
Unit tests (macos, Go 1.27.x)	Run tests	2026-09-11T21:05:06.1179110Z     crypto_stream_test.go:276: offset 625: 3 bytes
Unit tests (macos, Go 1.27.x)	Run tests	2026-09-11T21:05:06.1179600Z     crypto_stream_test.go:276: offset 628: 23 bytes
Unit tests (macos, Go 1.27.x)	Run tests	2026-09-11T21:05:06.1180000Z     crypto_stream_test.go:276: offset 651: 153 bytes
Unit tests (macos, Go 1.27.x)	Run tests	2026-09-11T21:05:06.1180380Z     crypto_stream_test.go:276: offset 71: 6 bytes
Unit tests (macos, Go 1.27.x)	Run tests	2026-09-11T21:05:06.1180950Z     crypto_stream_test.go:276: offset 77: 5 bytes
Unit tests (macos, Go 1.27.x)	Run tests	2026-09-11T21:05:06.1181310Z     crypto_stream_test.go:276: offset 262: 10 bytes
Unit tests (macos, Go 1.27.x)	Run tests	2026-09-11T21:05:06.1181660Z     crypto_stream_test.go:276: offset 272: 6 bytes
Unit tests (macos, Go 1.27.x)	Run tests	2026-09-11T21:05:06.1183360Z     crypto_stream_test.go:276: offset 804: 6 bytes
Unit tests (macos, Go 1.27.x)	Run tests	2026-09-11T21:05:06.1184440Z === RUN   TestInitialCryptoStreamClientRandomizedSizes/run_32
Unit tests (macos, Go 1.27.x)	Run tests	2026-09-11T21:05:06.1185850Z     crypto_stream_test.go:230: using a ClientHello with ECH, hostname: "bia.tmudmbwg.dvi"
Unit tests (macos, Go 1.27.x)	Run tests	2026-09-11T21:05:06.1187670Z     crypto_stream_test.go:273: received 21 frames
Unit tests (macos, Go 1.27.x)	Run tests	2026-09-11T21:05:06.1188080Z     crypto_stream_test.go:276: offset 0: 18 bytes
Unit tests (macos, Go 1.27.x)	Run tests	2026-09-11T21:05:06.1188460Z     crypto_stream_test.go:276: offset 18: 50 bytes
Unit tests (macos, Go 1.27.x)	Run tests	2026-09-11T21:05:06.1189240Z     crypto_stream_test.go:276: offset 76: 79 bytes
Unit tests (macos, Go 1.27.x)	Run tests	2026-09-11T21:05:06.1197260Z     crypto_stream_test.go:276: offset 155: 25 bytes
Unit tests (macos, Go 1.27.x)	Run tests	2026-09-11T21:05:06.1197650Z     crypto_stream_test.go:276: offset 180: 95 bytes
Unit tests (macos, Go 1.27.x)	Run tests	2026-09-11T21:05:06.1198030Z     crypto_stream_test.go:276: offset 291: 8 bytes
Unit tests (macos, Go 1.27.x)	Run tests	2026-09-11T21:05:06.1198390Z     crypto_stream_test.go:276: offset 299: 15 bytes
Unit tests (macos, Go 1.27.x)	Run tests	2026-09-11T21:05:06.1199810Z     crypto_stream_test.go:276: offset 314: 243 bytes
Unit tests (macos, Go 1.27.x)	Run tests	2026-09-11T21:05:06.1200210Z     crypto_stream_test.go:276: offset 557: 6 bytes
Unit tests (macos, Go 1.27.x)	Run tests	2026-09-11T21:05:06.1200660Z     crypto_stream_test.go:276: offset 563: 24 bytes
Unit tests (macos, Go 1.27.x)	Run tests	2026-09-11T21:05:06.1201060Z     crypto_stream_test.go:276: offset 587: 31 bytes
Unit tests (macos, Go 1.27.x)	Run tests	2026-09-11T21:05:06.1201470Z     crypto_stream_test.go:276: offset 618: 4 bytes
Unit tests (macos, Go 1.27.x)	Run tests	2026-09-11T21:05:06.1201970Z     crypto_stream_test.go:276: offset 622: 148 bytes
Unit tests (macos, Go 1.27.x)	Run tests	2026-09-11T21:05:06.1203970Z     crypto_stream_test.go:276: offset 770: 2 bytes
Unit tests (macos, Go 1.27.x)	Run tests	2026-09-11T21:05:06.1206380Z     crypto_stream_test.go:276: offset 772: 6 bytes
Unit tests (macos, Go 1.27.x)	Run tests	2026-09-11T21:05:06.1207650Z     crypto_stream_test.go:276: offset 778: 16 bytes
Unit tests (macos, Go 1.27.x)	Run tests	2026-09-11T21:05:06.1209300Z     crypto_stream_test.go:276: offset 794: 23 bytes
Unit tests (macos, Go 1.27.x)	Run tests	2026-09-11T21:05:06.1210200Z     crypto_stream_test.go:276: offset 68: 8 bytes
Unit tests (macos, Go 1.27.x)	Run tests	2026-09-11T21:05:06.1211090Z     crypto_stream_test.go:276: offset 275: 12 bytes
Unit tests (macos, Go 1.27.x)	Run tests	2026-09-11T21:05:06.1213680Z     crypto_stream_test.go:276: offset 287: 4 bytes
Unit tests (macos, Go 1.27.x)	Run tests	2026-09-11T21:05:06.1214150Z     crypto_stream_test.go:276: offset 817: 6 bytes
Unit tests (macos, Go 1.27.x)	Run tests	2026-09-11T21:05:06.1214500Z === RUN   TestInitialCryptoStreamClientRandomizedSizes/run_33
Unit tests (macos, Go 1.27.x)	Run tests	2026-09-11T21:05:06.1215060Z     crypto_stream_test.go:225: using a ClientHello without ECH, hostname: "oic.r.jd"
Unit tests (macos, Go 1.27.x)	Run tests	2026-09-11T21:05:06.1215530Z     crypto_stream_test.go:273: received 14 frames
Unit tests (macos, Go 1.27.x)	Run tests	2026-09-11T21:05:06.1215970Z     crypto_stream_test.go:276: offset 0: 32 bytes
Unit tests (macos, Go 1.27.x)	Run tests	2026-09-11T21:05:06.1216310Z     crypto_stream_test.go:276: offset 32: 6 bytes
Unit tests (macos, Go 1.27.x)	Run tests	2026-09-11T21:05:06.1217000Z     crypto_stream_test.go:276: offset 38: 6 bytes
Unit tests (macos, Go 1.27.x)	Run tests	2026-09-11T21:05:06.1217360Z     crypto_stream_test.go:276: offset 44: 20 bytes
Unit tests (macos, Go 1.27.x)	Run tests	2026-09-11T21:05:06.1217750Z     crypto_stream_test.go:276: offset 68: 279 bytes
Unit tests (macos, Go 1.27.x)	Run tests	2026-09-11T21:05:06.1247360Z     crypto_stream_test.go:276: offset 347: 10 bytes
Unit tests (macos, Go 1.27.x)	Run tests	2026-09-11T21:05:06.1247860Z     crypto_stream_test.go:276: offset 357: 11 bytes
Unit tests (macos, Go 1.27.x)	Run tests	2026-09-11T21:05:06.1248250Z     crypto_stream_test.go:276: offset 368: 8 bytes
Unit tests (macos, Go 1.27.x)	Run tests	2026-09-11T21:05:06.1254190Z     crypto_stream_test.go:276: offset 376: 21 bytes
Unit tests (macos, Go 1.27.x)	Run tests	2026-09-11T21:05:06.1255670Z     crypto_stream_test.go:276: offset 397: 25 bytes
Unit tests (macos, Go 1.27.x)	Run tests	2026-09-11T21:05:06.1256610Z     crypto_stream_test.go:276: offset 422: 3 bytes
Unit tests (macos, Go 1.27.x)	Run tests	2026-09-11T21:05:06.1257650Z     crypto_stream_test.go:276: offset 425: 5 bytes
Unit tests (macos, Go 1.27.x)	Run tests	2026-09-11T21:05:06.1260040Z     crypto_stream_test.go:276: offset 64: 4 bytes
Unit tests (macos, Go 1.27.x)	Run tests	2026-09-11T21:05:06.1261270Z     crypto_stream_test.go:276: offset 430: 6 bytes
Unit tests (macos, Go 1.27.x)	Run tests	2026-09-11T21:05:06.1261840Z === RUN   TestInitialCryptoStreamClientRandomizedSizes/run_34
Unit tests (macos, Go 1.27.x)	Run tests	2026-09-11T21:05:06.1262740Z     crypto_stream_test.go:230: using a ClientHello with ECH, hostname: "dem.mny.g.dr.rxibeh"
Unit tests (macos, Go 1.27.x)	Run tests	2026-09-11T21:05:06.1263520Z     crypto_stream_test.go:273: received 23 frames
Unit tests (macos, Go 1.27.x)	Run tests	2026-09-11T21:05:06.1263880Z     crypto_stream_test.go:276: offset 0: 17 bytes
Unit tests (macos, Go 1.27.x)	Run tests	2026-09-11T21:05:06.1264470Z     crypto_stream_test.go:276: offset 17: 24 bytes
Unit tests (macos, Go 1.27.x)	Run tests	2026-09-11T21:05:06.1264910Z     crypto_stream_test.go:276: offset 41: 26 bytes
Unit tests (macos, Go 1.27.x)	Run tests	2026-09-11T21:05:06.1265260Z     crypto_stream_test.go:276: offset 67: 2 bytes
Unit tests (macos, Go 1.27.x)	Run tests	2026-09-11T21:05:06.1265860Z     crypto_stream_test.go:276: offset 79: 53 bytes
Unit tests (macos, Go 1.27.x)	Run tests	2026-09-11T21:05:06.1266390Z     crypto_stream_test.go:276: offset 132: 26 bytes
Unit tests (macos, Go 1.27.x)	Run tests	2026-09-11T21:05:06.1267060Z     crypto_stream_test.go:276: offset 158: 26 bytes
Unit tests (macos, Go 1.27.x)	Run tests	2026-09-11T21:05:06.1267460Z     crypto_stream_test.go:276: offset 184: 7 bytes
Unit tests (macos, Go 1.27.x)	Run tests	2026-09-11T21:05:06.1268050Z     crypto_stream_test.go:276: offset 191: 13 bytes
Unit tests (macos, Go 1.27.x)	Run tests	2026-09-11T21:05:06.1268490Z     crypto_stream_test.go:276: offset 204: 47 bytes
Unit tests (macos, Go 1.27.x)	Run tests	2026-09-11T21:05:06.1269110Z     crypto_stream_test.go:276: offset 267: 12 bytes
Unit tests (macos, Go 1.27.x)	Run tests	2026-09-11T21:05:06.1269520Z     crypto_stream_test.go:276: offset 279: 16 bytes
Unit tests (macos, Go 1.27.x)	Run tests	2026-09-11T21:05:06.1269900Z     crypto_stream_test.go:276: offset 295: 4 bytes
Unit tests (macos, Go 1.27.x)	Run tests	2026-09-11T21:05:06.1270570Z     crypto_stream_test.go:276: offset 299: 5 bytes
Unit tests (macos, Go 1.27.x)	Run tests	2026-09-11T21:05:06.1271000Z     crypto_stream_test.go:276: offset 304: 3 bytes
Unit tests (macos, Go 1.27.x)	Run tests	2026-09-11T21:05:06.1271700Z     crypto_stream_test.go:276: offset 307: 14 bytes
Unit tests (macos, Go 1.27.x)	Run tests	2026-09-11T21:05:06.1272140Z     crypto_stream_test.go:276: offset 321: 379 bytes
Unit tests (macos, Go 1.27.x)	Run tests	2026-09-11T21:05:06.1275400Z     crypto_stream_test.go:276: offset 700: 10 bytes
Unit tests (macos, Go 1.27.x)	Run tests	2026-09-11T21:05:06.1275860Z     crypto_stream_test.go:276: offset 710: 51 bytes
Unit tests (macos, Go 1.27.x)	Run tests	2026-09-11T21:05:06.1278780Z     crypto_stream_test.go:276: offset 69: 10 bytes
Unit tests (macos, Go 1.27.x)	Run tests	2026-09-11T21:05:06.1281110Z     crypto_stream_test.go:276: offset 251: 10 bytes
Unit tests (macos, Go 1.27.x)	Run tests	2026-09-11T21:05:06.1301720Z     crypto_stream_test.go:276: offset 261: 6 bytes
Unit tests (macos, Go 1.27.x)	Run tests	2026-09-11T21:05:06.1360710Z     crypto_stream_test.go:276: offset 761: 6 bytes
Unit tests (macos, Go 1.27.x)	Run tests	2026-09-11T21:05:06.1361230Z === RUN   TestInitialCryptoStreamClientRandomizedSizes/run_35
Unit tests (macos, Go 1.27.x)	Run tests	2026-09-11T21:05:06.1377710Z     crypto_stream_test.go:230: using a ClientHello with ECH, hostname: "gzs.ell.q.jt.ejwnnut.zkp"
Unit tests (macos, Go 1.27.x)	Run tests	2026-09-11T21:05:06.1382470Z     crypto_stream_test.go:273: received 24 frames
Unit tests (macos, Go 1.27.x)	Run tests	2026-09-11T21:05:06.1383380Z     crypto_stream_test.go:276: offset 0: 14 bytes
Unit tests (macos, Go 1.27.x)	Run tests	2026-09-11T21:05:06.1383760Z     crypto_stream_test.go:276: offset 14: 23 bytes
Unit tests (macos, Go 1.27.x)	Run tests	2026-09-11T21:05:06.1384150Z     crypto_stream_test.go:276: offset 37: 12 bytes
Unit tests (macos, Go 1.27.x)	Run tests	2026-09-11T21:05:06.1384510Z     crypto_stream_test.go:276: offset 49: 8 bytes
Unit tests (macos, Go 1.27.x)	Run tests	2026-09-11T21:05:06.1385000Z     crypto_stream_test.go:276: offset 57: 5 bytes
Unit tests (macos, Go 1.27.x)	Run tests	2026-09-11T21:05:06.1385370Z     crypto_stream_test.go:276: offset 62: 10 bytes
Unit tests (macos, Go 1.27.x)	Run tests	2026-09-11T21:05:06.1385720Z     crypto_stream_test.go:276: offset 84: 26 bytes
Unit tests (macos, Go 1.27.x)	Run tests	2026-09-11T21:05:06.1386100Z     crypto_stream_test.go:276: offset 110: 22 bytes
Unit tests (macos, Go 1.27.x)	Run tests	2026-09-11T21:05:06.1386590Z     crypto_stream_test.go:276: offset 132: 135 bytes
Unit tests (macos, Go 1.27.x)	Run tests	2026-09-11T21:05:06.1387230Z     crypto_stream_test.go:276: offset 283: 22 bytes
Unit tests (macos, Go 1.27.x)	Run tests	2026-09-11T21:05:06.1387600Z     crypto_stream_test.go:276: offset 305: 15 bytes
Unit tests (macos, Go 1.27.x)	Run tests	2026-09-11T21:05:06.1387960Z     crypto_stream_test.go:276: offset 320: 15 bytes
Unit tests (macos, Go 1.27.x)	Run tests	2026-09-11T21:05:06.1388320Z     crypto_stream_test.go:276: offset 335: 13 bytes
Unit tests (macos, Go 1.27.x)	Run tests	2026-09-11T21:05:06.1388670Z     crypto_stream_test.go:276: offset 348: 27 bytes
Unit tests (macos, Go 1.27.x)	Run tests	2026-09-11T21:05:06.1389050Z     crypto_stream_test.go:276: offset 375: 3 bytes
Unit tests (macos, Go 1.27.x)	Run tests	2026-09-11T21:05:06.1389440Z     crypto_stream_test.go:276: offset 378: 24 bytes
Unit tests (macos, Go 1.27.x)	Run tests	2026-09-11T21:05:06.1389850Z     crypto_stream_test.go:276: offset 402: 8 bytes
Unit tests (macos, Go 1.27.x)	Run tests	2026-09-11T21:05:06.1390190Z     crypto_stream_test.go:276: offset 410: 4 bytes
Unit tests (macos, Go 1.27.x)	Run tests	2026-09-11T21:05:06.1390560Z     crypto_stream_test.go:276: offset 414: 17 bytes
Unit tests (macos, Go 1.27.x)	Run tests	2026-09-11T21:05:06.1390920Z     crypto_stream_test.go:276: offset 431: 16 bytes
Unit tests (macos, Go 1.27.x)	Run tests	2026-09-11T21:05:06.1391280Z     crypto_stream_test.go:276: offset 447: 362 bytes
Unit tests (macos, Go 1.27.x)	Run tests	2026-09-11T21:05:06.1391640Z     crypto_stream_test.go:276: offset 72: 12 bytes
Unit tests (macos, Go 1.27.x)	Run tests	2026-09-11T21:05:06.1392100Z     crypto_stream_test.go:276: offset 267: 16 bytes
Unit tests (macos, Go 1.27.x)	Run tests	2026-09-11T21:05:06.1392480Z     crypto_stream_test.go:276: offset 809: 6 bytes
Unit tests (macos, Go 1.27.x)	Run tests	2026-09-11T21:05:06.1392830Z === RUN   TestInitialCryptoStreamClientRandomizedSizes/run_36
Unit tests (macos, Go 1.27.x)	Run tests	2026-09-11T21:05:06.1393440Z     crypto_stream_test.go:225: using a ClientHello without ECH, hostname: "yitsvzjra.czqw"
Unit tests (macos, Go 1.27.x)	Run tests	2026-09-11T21:05:06.1393930Z     crypto_stream_test.go:273: received 8 frames
Unit tests (macos, Go 1.27.x)	Run tests	2026-09-11T21:05:06.1394280Z     crypto_stream_test.go:276: offset 0: 4 bytes
Unit tests (macos, Go 1.27.x)	Run tests	2026-09-11T21:05:06.1394650Z     crypto_stream_test.go:276: offset 4: 63 bytes
Unit tests (macos, Go 1.27.x)	Run tests	2026-09-11T21:05:06.1395040Z     crypto_stream_test.go:276: offset 74: 12 bytes
Unit tests (macos, Go 1.27.x)	Run tests	2026-09-11T21:05:06.1395390Z     crypto_stream_test.go:276: offset 86: 12 bytes
Unit tests (macos, Go 1.27.x)	Run tests	2026-09-11T21:05:06.1395750Z     crypto_stream_test.go:276: offset 98: 28 bytes
Unit tests (macos, Go 1.27.x)	Run tests	2026-09-11T21:05:06.1396110Z     crypto_stream_test.go:276: offset 126: 163 bytes
Unit tests (macos, Go 1.27.x)	Run tests	2026-09-11T21:05:06.1396460Z     crypto_stream_test.go:276: offset 67: 7 bytes
Unit tests (macos, Go 1.27.x)	Run tests	2026-09-11T21:05:06.1396810Z     crypto_stream_test.go:276: offset 289: 6 bytes
Unit tests (macos, Go 1.27.x)	Run tests	2026-09-11T21:05:06.1397140Z === RUN   TestInitialCryptoStreamClientRandomizedSizes/run_37
Unit tests (macos, Go 1.27.x)	Run tests	2026-09-11T21:05:06.1397680Z     crypto_stream_test.go:225: using a ClientHello without ECH, hostname: "sbvxhuo"
Unit tests (macos, Go 1.27.x)	Run tests	2026-09-11T21:05:06.1398120Z     crypto_stream_test.go:273: received 12 frames
Unit tests (macos, Go 1.27.x)	Run tests	2026-09-11T21:05:06.1398470Z     crypto_stream_test.go:276: offset 0: 23 bytes
Unit tests (macos, Go 1.27.x)	Run tests	2026-09-11T21:05:06.1398840Z     crypto_stream_test.go:276: offset 23: 40 bytes
Unit tests (macos, Go 1.27.x)	Run tests	2026-09-11T21:05:06.1399190Z     crypto_stream_test.go:276: offset 67: 20 bytes
Unit tests (macos, Go 1.27.x)	Run tests	2026-09-11T21:05:06.1399560Z     crypto_stream_test.go:276: offset 87: 2 bytes
Unit tests (macos, Go 1.27.x)	Run tests	2026-09-11T21:05:06.1399940Z     crypto_stream_test.go:276: offset 89: 10 bytes
Unit tests (macos, Go 1.27.x)	Run tests	2026-09-11T21:05:06.1400310Z     crypto_stream_test.go:276: offset 99: 1 bytes
Unit tests (macos, Go 1.27.x)	Run tests	2026-09-11T21:05:06.1400680Z     crypto_stream_test.go:276: offset 100: 78 bytes
Unit tests (macos, Go 1.27.x)	Run tests	2026-09-11T21:05:06.1401060Z     crypto_stream_test.go:276: offset 178: 27 bytes
Unit tests (macos, Go 1.27.x)	Run tests	2026-09-11T21:05:06.1401420Z     crypto_stream_test.go:276: offset 205: 4 bytes
Unit tests (macos, Go 1.27.x)	Run tests	2026-09-11T21:05:06.1401770Z     crypto_stream_test.go:276: offset 209: 126 bytes
Unit tests (macos, Go 1.27.x)	Run tests	2026-09-11T21:05:06.1402750Z     crypto_stream_test.go:276: offset 63: 4 bytes
Unit tests (macos, Go 1.27.x)	Run tests	2026-09-11T21:05:06.1403120Z     crypto_stream_test.go:276: offset 335: 6 bytes
Unit tests (macos, Go 1.27.x)	Run tests	2026-09-11T21:05:06.1403470Z === RUN   TestInitialCryptoStreamClientRandomizedSizes/run_38
Unit tests (macos, Go 1.27.x)	Run tests	2026-09-11T21:05:06.1404030Z     crypto_stream_test.go:225: using a ClientHello without ECH, hostname: "vwwzrn.qwsotb"
Unit tests (macos, Go 1.27.x)	Run tests	2026-09-11T21:05:06.1404490Z     crypto_stream_test.go:273: received 15 frames
Unit tests (macos, Go 1.27.x)	Run tests	2026-09-11T21:05:06.1404870Z     crypto_stream_test.go:276: offset 0: 20 bytes
Unit tests (macos, Go 1.27.x)	Run tests	2026-09-11T21:05:06.1405070Z     crypto_stream_test.go:276: offset 20: 6 bytes
Unit tests (macos, Go 1.27.x)	Run tests	2026-09-11T21:05:06.1405250Z     crypto_stream_test.go:276: offset 26: 40 bytes
Unit tests (macos, Go 1.27.x)	Run tests	2026-09-11T21:05:06.1405440Z     crypto_stream_test.go:276: offset 73: 8 bytes
Unit tests (macos, Go 1.27.x)	Run tests	2026-09-11T21:05:06.1405620Z     crypto_stream_test.go:276: offset 81: 2 bytes
Unit tests (macos, Go 1.27.x)	Run tests	2026-09-11T21:05:06.1405980Z     crypto_stream_test.go:276: offset 83: 30 bytes
Unit tests (macos, Go 1.27.x)	Run tests	2026-09-11T21:05:06.1406170Z     crypto_stream_test.go:276: offset 113: 194 bytes
Unit tests (macos, Go 1.27.x)	Run tests	2026-09-11T21:05:06.1406360Z     crypto_stream_test.go:276: offset 307: 16 bytes
Unit tests (macos, Go 1.27.x)	Run tests	2026-09-11T21:05:06.1406540Z     crypto_stream_test.go:276: offset 323: 26 bytes
Unit tests (macos, Go 1.27.x)	Run tests	2026-09-11T21:05:06.1406750Z     crypto_stream_test.go:276: offset 349: 6 bytes
Unit tests (macos, Go 1.27.x)	Run tests	2026-09-11T21:05:06.1406980Z     crypto_stream_test.go:276: offset 355: 12 bytes
Unit tests (macos, Go 1.27.x)	Run tests	2026-09-11T21:05:06.1407170Z     crypto_stream_test.go:276: offset 367: 5 bytes
Unit tests (macos, Go 1.27.x)	Run tests	2026-09-11T21:05:06.1407340Z     crypto_stream_test.go:276: offset 66: 7 bytes
Unit tests (macos, Go 1.27.x)	Run tests	2026-09-11T21:05:06.1407520Z     crypto_stream_test.go:276: offset 372: 4 bytes
Unit tests (macos, Go 1.27.x)	Run tests	2026-09-11T21:05:06.1407710Z     crypto_stream_test.go:276: offset 376: 2 bytes
Unit tests (macos, Go 1.27.x)	Run tests	2026-09-11T21:05:06.1407870Z === RUN   TestInitialCryptoStreamClientRandomizedSizes/run_39
Unit tests (macos, Go 1.27.x)	Run tests	2026-09-11T21:05:06.1408280Z     crypto_stream_test.go:225: using a ClientHello without ECH, hostname: "slt.tkshqoz.ajasl.optq"
Unit tests (macos, Go 1.27.x)	Run tests	2026-09-11T21:05:06.1408490Z     crypto_stream_test.go:273: received 10 frames
Unit tests (macos, Go 1.27.x)	Run tests	2026-09-11T21:05:06.1408710Z     crypto_stream_test.go:276: offset 0: 9 bytes
Unit tests (macos, Go 1.27.x)	Run tests	2026-09-11T21:05:06.1408890Z     crypto_stream_test.go:276: offset 9: 3 bytes
Unit tests (macos, Go 1.27.x)	Run tests	2026-09-11T21:05:06.1409070Z     crypto_stream_test.go:276: offset 12: 20 bytes
Unit tests (macos, Go 1.27.x)	Run tests	2026-09-11T21:05:06.1409270Z     crypto_stream_test.go:276: offset 32: 26 bytes
Unit tests (macos, Go 1.27.x)	Run tests	2026-09-11T21:05:06.1409450Z     crypto_stream_test.go:276: offset 58: 13 bytes
Unit tests (macos, Go 1.27.x)	Run tests	2026-09-11T21:05:06.1409630Z     crypto_stream_test.go:276: offset 82: 263 bytes
Unit tests (macos, Go 1.27.x)	Run tests	2026-09-11T21:05:06.1409810Z     crypto_stream_test.go:276: offset 71: 9 bytes
Unit tests (macos, Go 1.27.x)	Run tests	2026-09-11T21:05:06.1409990Z     crypto_stream_test.go:276: offset 80: 2 bytes
Unit tests (macos, Go 1.27.x)	Run tests	2026-09-11T21:05:06.1410180Z     crypto_stream_test.go:276: offset 345: 4 bytes
Unit tests (macos, Go 1.27.x)	Run tests	2026-09-11T21:05:06.1410370Z     crypto_stream_test.go:276: offset 349: 2 bytes
Unit tests (macos, Go 1.27.x)	Run tests	2026-09-11T21:05:06.1410530Z === RUN   TestInitialCryptoStreamClientRandomizedSizes/run_40
Unit tests (macos, Go 1.27.x)	Run tests	2026-09-11T21:05:06.1410830Z     crypto_stream_test.go:225: using a ClientHello without ECH, hostname: ""
Unit tests (macos, Go 1.27.x)	Run tests	2026-09-11T21:05:06.1411030Z     crypto_stream_test.go:273: received 3 frames
Unit tests (macos, Go 1.27.x)	Run tests	2026-09-11T21:05:06.1411200Z     crypto_stream_test.go:276: offset 0: 5 bytes
Unit tests (macos, Go 1.27.x)	Run tests	2026-09-11T21:05:06.1411380Z     crypto_stream_test.go:276: offset 5: 309 bytes
Unit tests (macos, Go 1.27.x)	Run tests	2026-09-11T21:05:06.1411570Z     crypto_stream_test.go:276: offset 314: 13 bytes
Unit tests (macos, Go 1.27.x)	Run tests	2026-09-11T21:05:06.1411730Z === RUN   TestInitialCryptoStreamClientRandomizedSizes/run_41
Unit tests (macos, Go 1.27.x)	Run tests	2026-09-11T21:05:06.1412150Z     crypto_stream_test.go:225: using a ClientHello without ECH, hostname: "cnjselif"
Unit tests (macos, Go 1.27.x)	Run tests	2026-09-11T21:05:06.1412360Z     crypto_stream_test.go:273: received 7 frames
Unit tests (macos, Go 1.27.x)	Run tests	2026-09-11T21:05:06.1412530Z     crypto_stream_test.go:276: offset 0: 8 bytes
Unit tests (macos, Go 1.27.x)	Run tests	2026-09-11T21:05:06.1412710Z     crypto_stream_test.go:276: offset 8: 24 bytes
Unit tests (macos, Go 1.27.x)	Run tests	2026-09-11T21:05:06.1412890Z     crypto_stream_test.go:276: offset 32: 32 bytes
Unit tests (macos, Go 1.27.x)	Run tests	2026-09-11T21:05:06.1413110Z     crypto_stream_test.go:276: offset 68: 1 bytes
Unit tests (macos, Go 1.27.x)	Run tests	2026-09-11T21:05:06.1413340Z     crypto_stream_test.go:276: offset 69: 304 bytes
Unit tests (macos, Go 1.27.x)	Run tests	2026-09-11T21:05:06.1413560Z     crypto_stream_test.go:276: offset 64: 4 bytes
Unit tests (macos, Go 1.27.x)	Run tests	2026-09-11T21:05:06.1413820Z     crypto_stream_test.go:276: offset 373: 6 bytes
Unit tests (macos, Go 1.27.x)	Run tests	2026-09-11T21:05:06.1414190Z === RUN   TestInitialCryptoStreamClientRandomizedSizes/run_42
Unit tests (macos, Go 1.27.x)	Run tests	2026-09-11T21:05:06.1414670Z     crypto_stream_test.go:230: using a ClientHello with ECH, hostname: "dlbir.xguardtxc.q.gx"
Unit tests (macos, Go 1.27.x)	Run tests	2026-09-11T21:05:06.1414940Z     crypto_stream_test.go:273: received 9 frames
Unit tests (macos, Go 1.27.x)	Run tests	2026-09-11T21:05:06.1415130Z     crypto_stream_test.go:276: offset 0: 14 bytes
Unit tests (macos, Go 1.27.x)	Run tests	2026-09-11T21:05:06.1415310Z     crypto_stream_test.go:276: offset 14: 56 bytes
Unit tests (macos, Go 1.27.x)	Run tests	2026-09-11T21:05:06.1415480Z     crypto_stream_test.go:276: offset 80: 18 bytes
Unit tests (macos, Go 1.27.x)	Run tests	2026-09-11T21:05:06.1415680Z     crypto_stream_test.go:276: offset 98: 6 bytes
Unit tests (macos, Go 1.27.x)	Run tests	2026-09-11T21:05:06.1415940Z     crypto_stream_test.go:276: offset 104: 70 bytes
Unit tests (macos, Go 1.27.x)	Run tests	2026-09-11T21:05:06.1416140Z     crypto_stream_test.go:276: offset 190: 430 bytes
Unit tests (macos, Go 1.27.x)	Run tests	2026-09-11T21:05:06.1416320Z     crypto_stream_test.go:276: offset 70: 10 bytes
Unit tests (macos, Go 1.27.x)	Run tests	2026-09-11T21:05:06.1416650Z     crypto_stream_test.go:276: offset 174: 16 bytes
Unit tests (macos, Go 1.27.x)	Run tests	2026-09-11T21:05:06.1416840Z     crypto_stream_test.go:276: offset 620: 6 bytes
Unit tests (macos, Go 1.27.x)	Run tests	2026-09-11T21:05:06.1417040Z === RUN   TestInitialCryptoStreamClientRandomizedSizes/run_43
Unit tests (macos, Go 1.27.x)	Run tests	2026-09-11T21:05:06.1417450Z     crypto_stream_test.go:225: using a ClientHello without ECH, hostname: "sb.nomwm.kswev"
Unit tests (macos, Go 1.27.x)	Run tests	2026-09-11T21:05:06.1417730Z     crypto_stream_test.go:273: received 7 frames
Unit tests (macos, Go 1.27.x)	Run tests	2026-09-11T21:05:06.1418020Z     crypto_stream_test.go:276: offset 0: 7 bytes
Unit tests (macos, Go 1.27.x)	Run tests	2026-09-11T21:05:06.1418280Z     crypto_stream_test.go:276: offset 7: 5 bytes
Unit tests (macos, Go 1.27.x)	Run tests	2026-09-11T21:05:06.1418530Z     crypto_stream_test.go:276: offset 12: 55 bytes
Unit tests (macos, Go 1.27.x)	Run tests	2026-09-11T21:05:06.1418720Z     crypto_stream_test.go:276: offset 74: 2 bytes
Unit tests (macos, Go 1.27.x)	Run tests	2026-09-11T21:05:06.1418970Z     crypto_stream_test.go:276: offset 76: 372 bytes
Unit tests (macos, Go 1.27.x)	Run tests	2026-09-11T21:05:06.1419250Z     crypto_stream_test.go:276: offset 67: 7 bytes
Unit tests (macos, Go 1.27.x)	Run tests	2026-09-11T21:05:06.1419500Z     crypto_stream_test.go:276: offset 448: 6 bytes
Unit tests (macos, Go 1.27.x)	Run tests	2026-09-11T21:05:06.1419710Z === RUN   TestInitialCryptoStreamClientRandomizedSizes/run_44
Unit tests (macos, Go 1.27.x)	Run tests	2026-09-11T21:05:06.1421080Z     crypto_stream_test.go:230: using a ClientHello with ECH, hostname: "a.p.rafgakxhjhv.uew.od"
Unit tests (macos, Go 1.27.x)	Run tests	2026-09-11T21:05:06.1422160Z     crypto_stream_test.go:273: received 16 frames
Unit tests (macos, Go 1.27.x)	Run tests	2026-09-11T21:05:06.1422810Z     crypto_stream_test.go:276: offset 0: 71 bytes
Unit tests (macos, Go 1.27.x)	Run tests	2026-09-11T21:05:06.1423600Z     crypto_stream_test.go:276: offset 82: 5 bytes
Unit tests (macos, Go 1.27.x)	Run tests	2026-09-11T21:05:06.1424150Z     crypto_stream_test.go:276: offset 87: 23 bytes
Unit tests (macos, Go 1.27.x)	Run tests	2026-09-11T21:05:06.1424760Z     crypto_stream_test.go:276: offset 110: 25 bytes
Unit tests (macos, Go 1.27.x)	Run tests	2026-09-11T21:05:06.1425370Z     crypto_stream_test.go:276: offset 135: 15 bytes
Unit tests (macos, Go 1.27.x)	Run tests	2026-09-11T21:05:06.1426020Z     crypto_stream_test.go:276: offset 150: 4 bytes
Unit tests (macos, Go 1.27.x)	Run tests	2026-09-11T21:05:06.1426670Z     crypto_stream_test.go:276: offset 170: 28 bytes
Unit tests (macos, Go 1.27.x)	Run tests	2026-09-11T21:05:06.1427820Z     crypto_stream_test.go:276: offset 198: 15 bytes
Unit tests (macos, Go 1.27.x)	Run tests	2026-09-11T21:05:06.1429240Z     crypto_stream_test.go:276: offset 213: 25 bytes
Unit tests (macos, Go 1.27.x)	Run tests	2026-09-11T21:05:06.1429650Z     crypto_stream_test.go:276: offset 238: 3 bytes
Unit tests (macos, Go 1.27.x)	Run tests	2026-09-11T21:05:06.1429970Z     crypto_stream_test.go:276: offset 241: 5 bytes
Unit tests (macos, Go 1.27.x)	Run tests	2026-09-11T21:05:06.1430260Z     crypto_stream_test.go:276: offset 246: 322 bytes
Unit tests (macos, Go 1.27.x)	Run tests	2026-09-11T21:05:06.1430450Z     crypto_stream_test.go:276: offset 71: 4 bytes
Unit tests (macos, Go 1.27.x)	Run tests	2026-09-11T21:05:06.1430720Z     crypto_stream_test.go:276: offset 75: 7 bytes
Unit tests (macos, Go 1.27.x)	Run tests	2026-09-11T21:05:06.1430930Z     crypto_stream_test.go:276: offset 154: 16 bytes
Unit tests (macos, Go 1.27.x)	Run tests	2026-09-11T21:05:06.1431220Z     crypto_stream_test.go:276: offset 568: 6 bytes
Unit tests (macos, Go 1.27.x)	Run tests	2026-09-11T21:05:06.1431460Z === RUN   TestInitialCryptoStreamClientRandomizedSizes/run_45
Unit tests (macos, Go 1.27.x)	Run tests	2026-09-11T21:05:06.1431940Z     crypto_stream_test.go:230: using a ClientHello with ECH, hostname: "bgvkv.rm.ra.ue"
Unit tests (macos, Go 1.27.x)	Run tests	2026-09-11T21:05:06.1432190Z     crypto_stream_test.go:273: received 19 frames
Unit tests (macos, Go 1.27.x)	Run tests	2026-09-11T21:05:06.1432380Z     crypto_stream_test.go:276: offset 0: 19 bytes
Unit tests (macos, Go 1.27.x)	Run tests	2026-09-11T21:05:06.1432560Z     crypto_stream_test.go:276: offset 19: 6 bytes
Unit tests (macos, Go 1.27.x)	Run tests	2026-09-11T21:05:06.1432760Z     crypto_stream_test.go:276: offset 25: 5 bytes
Unit tests (macos, Go 1.27.x)	Run tests	2026-09-11T21:05:06.1432960Z     crypto_stream_test.go:276: offset 30: 37 bytes
Unit tests (macos, Go 1.27.x)	Run tests	2026-09-11T21:05:06.1433160Z     crypto_stream_test.go:276: offset 74: 19 bytes
Unit tests (macos, Go 1.27.x)	Run tests	2026-09-11T21:05:06.1438600Z     crypto_stream_test.go:276: offset 93: 21 bytes
Unit tests (macos, Go 1.27.x)	Run tests	2026-09-11T21:05:06.1438860Z     crypto_stream_test.go:276: offset 114: 28 bytes
Unit tests (macos, Go 1.27.x)	Run tests	2026-09-11T21:05:06.1439080Z     crypto_stream_test.go:276: offset 142: 12 bytes
Unit tests (macos, Go 1.27.x)	Run tests	2026-09-11T21:05:06.1439320Z     crypto_stream_test.go:276: offset 154: 23 bytes
Unit tests (macos, Go 1.27.x)	Run tests	2026-09-11T21:05:06.1444590Z     crypto_stream_test.go:276: offset 177: 11 bytes
Unit tests (macos, Go 1.27.x)	Run tests	2026-09-11T21:05:06.1444930Z     crypto_stream_test.go:276: offset 204: 24 bytes
Unit tests (macos, Go 1.27.x)	Run tests	2026-09-11T21:05:06.1445130Z     crypto_stream_test.go:276: offset 228: 28 bytes
Unit tests (macos, Go 1.27.x)	Run tests	2026-09-11T21:05:06.1445340Z     crypto_stream_test.go:276: offset 256: 87 bytes
Unit tests (macos, Go 1.27.x)	Run tests	2026-09-11T21:05:06.1445570Z     crypto_stream_test.go:276: offset 343: 6 bytes
Unit tests (macos, Go 1.27.x)	Run tests	2026-09-11T21:05:06.1445820Z     crypto_stream_test.go:276: offset 349: 285 bytes
Unit tests (macos, Go 1.27.x)	Run tests	2026-09-11T21:05:06.1447410Z     crypto_stream_test.go:276: offset 67: 5 bytes
Unit tests (macos, Go 1.27.x)	Run tests	2026-09-11T21:05:06.1447640Z     crypto_stream_test.go:276: offset 72: 2 bytes
Unit tests (macos, Go 1.27.x)	Run tests	2026-09-11T21:05:06.1447930Z     crypto_stream_test.go:276: offset 188: 16 bytes
Unit tests (macos, Go 1.27.x)	Run tests	2026-09-11T21:05:06.1448190Z     crypto_stream_test.go:276: offset 634: 6 bytes
Unit tests (macos, Go 1.27.x)	Run tests	2026-09-11T21:05:06.1448370Z === RUN   TestInitialCryptoStreamClientRandomizedSizes/run_46
Unit tests (macos, Go 1.27.x)	Run tests	2026-09-11T21:05:06.1448680Z     crypto_stream_test.go:225: using a ClientHello without ECH, hostname: ""
Unit tests (macos, Go 1.27.x)	Run tests	2026-09-11T21:05:06.1448890Z     crypto_stream_test.go:273: received 7 frames
Unit tests (macos, Go 1.27.x)	Run tests	2026-09-11T21:05:06.1449080Z     crypto_stream_test.go:276: offset 0: 14 bytes
Unit tests (macos, Go 1.27.x)	Run tests	2026-09-11T21:05:06.1449260Z     crypto_stream_test.go:276: offset 14: 16 bytes
Unit tests (macos, Go 1.27.x)	Run tests	2026-09-11T21:05:06.1449460Z     crypto_stream_test.go:276: offset 30: 175 bytes
Unit tests (macos, Go 1.27.x)	Run tests	2026-09-11T21:05:06.1449660Z     crypto_stream_test.go:276: offset 205: 5 bytes
Unit tests (macos, Go 1.27.x)	Run tests	2026-09-11T21:05:06.1449860Z     crypto_stream_test.go:276: offset 210: 10 bytes
Unit tests (macos, Go 1.27.x)	Run tests	2026-09-11T21:05:06.1450070Z     crypto_stream_test.go:276: offset 220: 8 bytes
Unit tests (macos, Go 1.27.x)	Run tests	2026-09-11T21:05:06.1450260Z     crypto_stream_test.go:276: offset 228: 38 bytes
Unit tests (macos, Go 1.27.x)	Run tests	2026-09-11T21:05:06.1450440Z === RUN   TestInitialCryptoStreamClientRandomizedSizes/run_47
Unit tests (macos, Go 1.27.x)	Run tests	2026-09-11T21:05:06.1450840Z     crypto_stream_test.go:230: using a ClientHello with ECH, hostname: "en.xrt.qin.m.l.nhkr"
Unit tests (macos, Go 1.27.x)	Run tests	2026-09-11T21:05:06.1451040Z     crypto_stream_test.go:273: received 18 frames
Unit tests (macos, Go 1.27.x)	Run tests	2026-09-11T21:05:06.1451220Z     crypto_stream_test.go:276: offset 0: 18 bytes
Unit tests (macos, Go 1.27.x)	Run tests	2026-09-11T21:05:06.1451410Z     crypto_stream_test.go:276: offset 18: 2 bytes
Unit tests (macos, Go 1.27.x)	Run tests	2026-09-11T21:05:06.1451590Z     crypto_stream_test.go:276: offset 20: 49 bytes
Unit tests (macos, Go 1.27.x)	Run tests	2026-09-11T21:05:06.1451780Z     crypto_stream_test.go:276: offset 79: 18 bytes
Unit tests (macos, Go 1.27.x)	Run tests	2026-09-11T21:05:06.1451970Z     crypto_stream_test.go:276: offset 97: 19 bytes
Unit tests (macos, Go 1.27.x)	Run tests	2026-09-11T21:05:06.1452160Z     crypto_stream_test.go:276: offset 116: 28 bytes
Unit tests (macos, Go 1.27.x)	Run tests	2026-09-11T21:05:06.1452370Z     crypto_stream_test.go:276: offset 160: 9 bytes
Unit tests (macos, Go 1.27.x)	Run tests	2026-09-11T21:05:06.1452600Z     crypto_stream_test.go:276: offset 169: 7 bytes
Unit tests (macos, Go 1.27.x)	Run tests	2026-09-11T21:05:06.1452820Z     crypto_stream_test.go:276: offset 176: 28 bytes
Unit tests (macos, Go 1.27.x)	Run tests	2026-09-11T21:05:06.1453010Z     crypto_stream_test.go:276: offset 204: 9 bytes
Unit tests (macos, Go 1.27.x)	Run tests	2026-09-11T21:05:06.1453200Z     crypto_stream_test.go:276: offset 213: 25 bytes
Unit tests (macos, Go 1.27.x)	Run tests	2026-09-11T21:05:06.1453390Z     crypto_stream_test.go:276: offset 238: 1 bytes
Unit tests (macos, Go 1.27.x)	Run tests	2026-09-11T21:05:06.1453590Z     crypto_stream_test.go:276: offset 239: 18 bytes
Unit tests (macos, Go 1.27.x)	Run tests	2026-09-11T21:05:06.1453790Z     crypto_stream_test.go:276: offset 257: 301 bytes
Unit tests (macos, Go 1.27.x)	Run tests	2026-09-11T21:05:06.1453980Z     crypto_stream_test.go:276: offset 69: 10 bytes
Unit tests (macos, Go 1.27.x)	Run tests	2026-09-11T21:05:06.1454180Z     crypto_stream_test.go:276: offset 144: 16 bytes
Unit tests (macos, Go 1.27.x)	Run tests	2026-09-11T21:05:06.1454370Z     crypto_stream_test.go:276: offset 558: 2 bytes
Unit tests (macos, Go 1.27.x)	Run tests	2026-09-11T21:05:06.1454550Z     crypto_stream_test.go:276: offset 560: 4 bytes
Unit tests (macos, Go 1.27.x)	Run tests	2026-09-11T21:05:06.1454720Z === RUN   TestInitialCryptoStreamClientRandomizedSizes/run_48
Unit tests (macos, Go 1.27.x)	Run tests	2026-09-11T21:05:06.1455070Z     crypto_stream_test.go:230: using a ClientHello with ECH, hostname: "ydaspgk.p.tegp"
Unit tests (macos, Go 1.27.x)	Run tests	2026-09-11T21:05:06.1455270Z     crypto_stream_test.go:273: received 13 frames
Unit tests (macos, Go 1.27.x)	Run tests	2026-09-11T21:05:06.1455450Z     crypto_stream_test.go:276: offset 0: 11 bytes
Unit tests (macos, Go 1.27.x)	Run tests	2026-09-11T21:05:06.1455860Z     crypto_stream_test.go:276: offset 11: 23 bytes
Unit tests (macos, Go 1.27.x)	Run tests	2026-09-11T21:05:06.1456120Z     crypto_stream_test.go:276: offset 34: 33 bytes
Unit tests (macos, Go 1.27.x)	Run tests	2026-09-11T21:05:06.1456300Z     crypto_stream_test.go:276: offset 74: 25 bytes
Unit tests (macos, Go 1.27.x)	Run tests	2026-09-11T21:05:06.1456490Z     crypto_stream_test.go:276: offset 99: 136 bytes
Unit tests (macos, Go 1.27.x)	Run tests	2026-09-11T21:05:06.1456690Z     crypto_stream_test.go:276: offset 235: 2 bytes
Unit tests (macos, Go 1.27.x)	Run tests	2026-09-11T21:05:06.1456890Z     crypto_stream_test.go:276: offset 253: 16 bytes
Unit tests (macos, Go 1.27.x)	Run tests	2026-09-11T21:05:06.1457080Z     crypto_stream_test.go:276: offset 269: 404 bytes
Unit tests (macos, Go 1.27.x)	Run tests	2026-09-11T21:05:06.1457280Z     crypto_stream_test.go:276: offset 673: 74 bytes
Unit tests (macos, Go 1.27.x)	Run tests	2026-09-11T21:05:06.1457470Z     crypto_stream_test.go:276: offset 67: 1 bytes
Unit tests (macos, Go 1.27.x)	Run tests	2026-09-11T21:05:06.1457660Z     crypto_stream_test.go:276: offset 68: 6 bytes
Unit tests (macos, Go 1.27.x)	Run tests	2026-09-11T21:05:06.1457850Z     crypto_stream_test.go:276: offset 237: 16 bytes
Unit tests (macos, Go 1.27.x)	Run tests	2026-09-11T21:05:06.1458160Z     crypto_stream_test.go:276: offset 747: 6 bytes
Unit tests (macos, Go 1.27.x)	Run tests	2026-09-11T21:05:06.1458320Z === RUN   TestInitialCryptoStreamClientRandomizedSizes/run_49
Unit tests (macos, Go 1.27.x)	Run tests	2026-09-11T21:05:06.1458730Z     crypto_stream_test.go:230: using a ClientHello with ECH, hostname: "rzgojnu.kwmvz.bhbzwswp"
Unit tests (macos, Go 1.27.x)	Run tests	2026-09-11T21:05:06.1458930Z     crypto_stream_test.go:273: received 22 frames
Unit tests (macos, Go 1.27.x)	Run tests	2026-09-11T21:05:06.1459110Z     crypto_stream_test.go:276: offset 0: 11 bytes
Unit tests (macos, Go 1.27.x)	Run tests	2026-09-11T21:05:06.1459300Z     crypto_stream_test.go:276: offset 11: 9 bytes
Unit tests (macos, Go 1.27.x)	Run tests	2026-09-11T21:05:06.1459480Z     crypto_stream_test.go:276: offset 20: 1 bytes
Unit tests (macos, Go 1.27.x)	Run tests	2026-09-11T21:05:06.1459670Z     crypto_stream_test.go:276: offset 21: 26 bytes
Unit tests (macos, Go 1.27.x)	Run tests	2026-09-11T21:05:06.1459860Z     crypto_stream_test.go:276: offset 47: 24 bytes
Unit tests (macos, Go 1.27.x)	Run tests	2026-09-11T21:05:06.1460060Z     crypto_stream_test.go:276: offset 82: 25 bytes
Unit tests (macos, Go 1.27.x)	Run tests	2026-09-11T21:05:06.1460250Z     crypto_stream_test.go:276: offset 107: 26 bytes
Unit tests (macos, Go 1.27.x)	Run tests	2026-09-11T21:05:06.1460440Z     crypto_stream_test.go:276: offset 133: 18 bytes
Unit tests (macos, Go 1.27.x)	Run tests	2026-09-11T21:05:06.1460640Z     crypto_stream_test.go:276: offset 151: 21 bytes
Unit tests (macos, Go 1.27.x)	Run tests	2026-09-11T21:05:06.1460830Z     crypto_stream_test.go:276: offset 172: 77 bytes
Unit tests (macos, Go 1.27.x)	Run tests	2026-09-11T21:05:06.1461050Z     crypto_stream_test.go:276: offset 265: 13 bytes
Unit tests (macos, Go 1.27.x)	Run tests	2026-09-11T21:05:06.1461260Z     crypto_stream_test.go:276: offset 278: 20 bytes
Unit tests (macos, Go 1.27.x)	Run tests	2026-09-11T21:05:06.1461460Z     crypto_stream_test.go:276: offset 298: 2 bytes
Unit tests (macos, Go 1.27.x)	Run tests	2026-09-11T21:05:06.1461650Z     crypto_stream_test.go:276: offset 300: 12 bytes
Unit tests (macos, Go 1.27.x)	Run tests	2026-09-11T21:05:06.1461850Z     crypto_stream_test.go:276: offset 312: 9 bytes
Unit tests (macos, Go 1.27.x)	Run tests	2026-09-11T21:05:06.1462040Z     crypto_stream_test.go:276: offset 321: 8 bytes
Unit tests (macos, Go 1.27.x)	Run tests	2026-09-11T21:05:06.1462210Z     crypto_stream_test.go:276: offset 329: 6 bytes
Unit tests (macos, Go 1.27.x)	Run tests	2026-09-11T21:05:06.1462400Z     crypto_stream_test.go:276: offset 335: 23 bytes
Unit tests (macos, Go 1.27.x)	Run tests	2026-09-11T21:05:06.1462600Z     crypto_stream_test.go:276: offset 358: 401 bytes
Unit tests (macos, Go 1.27.x)	Run tests	2026-09-11T21:05:06.1462780Z     crypto_stream_test.go:276: offset 71: 11 bytes
Unit tests (macos, Go 1.27.x)	Run tests	2026-09-11T21:05:06.1462970Z     crypto_stream_test.go:276: offset 249: 16 bytes
Unit tests (macos, Go 1.27.x)	Run tests	2026-09-11T21:05:06.1463160Z     crypto_stream_test.go:276: offset 759: 6 bytes
Unit tests (macos, Go 1.27.x)	Run tests	2026-09-11T21:05:06.1463330Z === RUN   TestInitialCryptoStreamClientRandomizedSizes/run_50
Unit tests (macos, Go 1.27.x)	Run tests	2026-09-11T21:05:06.1463740Z     crypto_stream_test.go:225: using a ClientHello without ECH, hostname: "stoe.av.mqni.l.tyevekc"
Unit tests (macos, Go 1.27.x)	Run tests	2026-09-11T21:05:06.1463940Z     crypto_stream_test.go:273: received 16 frames
Unit tests (macos, Go 1.27.x)	Run tests	2026-09-11T21:05:06.1464130Z     crypto_stream_test.go:276: offset 0: 71 bytes
Unit tests (macos, Go 1.27.x)	Run tests	2026-09-11T21:05:06.1464340Z     crypto_stream_test.go:276: offset 82: 19 bytes
Unit tests (macos, Go 1.27.x)	Run tests	2026-09-11T21:05:06.1464530Z     crypto_stream_test.go:276: offset 101: 3 bytes
Unit tests (macos, Go 1.27.x)	Run tests	2026-09-11T21:05:06.1464740Z     crypto_stream_test.go:276: offset 104: 17 bytes
Unit tests (macos, Go 1.27.x)	Run tests	2026-09-11T21:05:06.1464930Z     crypto_stream_test.go:276: offset 121: 224 bytes
Unit tests (macos, Go 1.27.x)	Run tests	2026-09-11T21:05:06.1465110Z     crypto_stream_test.go:276: offset 345: 5 bytes
Unit tests (macos, Go 1.27.x)	Run tests	2026-09-11T21:05:06.1465300Z     crypto_stream_test.go:276: offset 350: 26 bytes
Unit tests (macos, Go 1.27.x)	Run tests	2026-09-11T21:05:06.1465500Z     crypto_stream_test.go:276: offset 376: 4 bytes
Unit tests (macos, Go 1.27.x)	Run tests	2026-09-11T21:05:06.1465700Z     crypto_stream_test.go:276: offset 380: 15 bytes
Unit tests (macos, Go 1.27.x)	Run tests	2026-09-11T21:05:06.1465900Z     crypto_stream_test.go:276: offset 395: 24 bytes
Unit tests (macos, Go 1.27.x)	Run tests	2026-09-11T21:05:06.1466250Z     crypto_stream_test.go:276: offset 419: 8 bytes
Unit tests (macos, Go 1.27.x)	Run tests	2026-09-11T21:05:06.1466450Z     crypto_stream_test.go:276: offset 427: 6 bytes
Unit tests (macos, Go 1.27.x)	Run tests	2026-09-11T21:05:06.1466660Z     crypto_stream_test.go:276: offset 433: 6 bytes
Unit tests (macos, Go 1.27.x)	Run tests	2026-09-11T21:05:06.1466890Z     crypto_stream_test.go:276: offset 439: 13 bytes
Unit tests (macos, Go 1.27.x)	Run tests	2026-09-11T21:05:06.1467170Z     crypto_stream_test.go:276: offset 71: 11 bytes
Unit tests (macos, Go 1.27.x)	Run tests	2026-09-11T21:05:06.1467430Z     crypto_stream_test.go:276: offset 452: 6 bytes
Unit tests (macos, Go 1.27.x)	Run tests	2026-09-11T21:05:06.1467650Z === RUN   TestInitialCryptoStreamClientRandomizedSizes/run_51
Unit tests (macos, Go 1.27.x)	Run tests	2026-09-11T21:05:06.1468150Z     crypto_stream_test.go:225: using a ClientHello without ECH, hostname: "oag.ns.lnhpeqckpy.c"
Unit tests (macos, Go 1.27.x)	Run tests	2026-09-11T21:05:06.1468400Z     crypto_stream_test.go:273: received 9 frames
Unit tests (macos, Go 1.27.x)	Run tests	2026-09-11T21:05:06.1468640Z     crypto_stream_test.go:276: offset 0: 25 bytes
Unit tests (macos, Go 1.27.x)	Run tests	2026-09-11T21:05:06.1469030Z     crypto_stream_test.go:276: offset 25: 20 bytes
Unit tests (macos, Go 1.27.x)	Run tests	2026-09-11T21:05:06.1469260Z     crypto_stream_test.go:276: offset 45: 5 bytes
Unit tests (macos, Go 1.27.x)	Run tests	2026-09-11T21:05:06.1469520Z     crypto_stream_test.go:276: offset 50: 19 bytes
Unit tests (macos, Go 1.27.x)	Run tests	2026-09-11T21:05:06.1477830Z     crypto_stream_test.go:276: offset 79: 24 bytes
Unit tests (macos, Go 1.27.x)	Run tests	2026-09-11T21:05:06.1478600Z     crypto_stream_test.go:276: offset 103: 162 bytes
Unit tests (macos, Go 1.27.x)	Run tests	2026-09-11T21:05:06.1478820Z     crypto_stream_test.go:276: offset 69: 5 bytes
Unit tests (macos, Go 1.27.x)	Run tests	2026-09-11T21:05:06.1479060Z     crypto_stream_test.go:276: offset 74: 5 bytes
Unit tests (macos, Go 1.27.x)	Run tests	2026-09-11T21:05:06.1479300Z     crypto_stream_test.go:276: offset 265: 6 bytes
Unit tests (macos, Go 1.27.x)	Run tests	2026-09-11T21:05:06.1479510Z === RUN   TestInitialCryptoStreamClientRandomizedSizes/run_52
Unit tests (macos, Go 1.27.x)	Run tests	2026-09-11T21:05:06.1479940Z     crypto_stream_test.go:225: using a ClientHello without ECH, hostname: "kf.xyie.ac.vqdyf.ah"
Unit tests (macos, Go 1.27.x)	Run tests	2026-09-11T21:05:06.1480180Z     crypto_stream_test.go:273: received 5 frames
Unit tests (macos, Go 1.27.x)	Run tests	2026-09-11T21:05:06.1480420Z     crypto_stream_test.go:276: offset 0: 69 bytes
Unit tests (macos, Go 1.27.x)	Run tests	2026-09-11T21:05:06.1480680Z     crypto_stream_test.go:276: offset 79: 5 bytes
Unit tests (macos, Go 1.27.x)	Run tests	2026-09-11T21:05:06.1480930Z     crypto_stream_test.go:276: offset 84: 377 bytes
Unit tests (macos, Go 1.27.x)	Run tests	2026-09-11T21:05:06.1481120Z     crypto_stream_test.go:276: offset 69: 10 bytes
Unit tests (macos, Go 1.27.x)	Run tests	2026-09-11T21:05:06.1481320Z     crypto_stream_test.go:276: offset 461: 6 bytes
Unit tests (macos, Go 1.27.x)	Run tests	2026-09-11T21:05:06.1481510Z === RUN   TestInitialCryptoStreamClientRandomizedSizes/run_53
Unit tests (macos, Go 1.27.x)	Run tests	2026-09-11T21:05:06.1481980Z     crypto_stream_test.go:225: using a ClientHello without ECH, hostname: ""
Unit tests (macos, Go 1.27.x)	Run tests	2026-09-11T21:05:06.1482270Z     crypto_stream_test.go:273: received 9 frames
Unit tests (macos, Go 1.27.x)	Run tests	2026-09-11T21:05:06.1482450Z     crypto_stream_test.go:276: offset 0: 18 bytes
Unit tests (macos, Go 1.27.x)	Run tests	2026-09-11T21:05:06.1482680Z     crypto_stream_test.go:276: offset 18: 23 bytes
Unit tests (macos, Go 1.27.x)	Run tests	2026-09-11T21:05:06.1482910Z     crypto_stream_test.go:276: offset 41: 19 bytes
Unit tests (macos, Go 1.27.x)	Run tests	2026-09-11T21:05:06.1483090Z     crypto_stream_test.go:276: offset 60: 2 bytes
Unit tests (macos, Go 1.27.x)	Run tests	2026-09-11T21:05:06.1483270Z     crypto_stream_test.go:276: offset 62: 3 bytes
Unit tests (macos, Go 1.27.x)	Run tests	2026-09-11T21:05:06.1483470Z     crypto_stream_test.go:276: offset 65: 25 bytes
Unit tests (macos, Go 1.27.x)	Run tests	2026-09-11T21:05:06.1483730Z     crypto_stream_test.go:276: offset 90: 17 bytes
Unit tests (macos, Go 1.27.x)	Run tests	2026-09-11T21:05:06.1484020Z     crypto_stream_test.go:276: offset 107: 254 bytes
Unit tests (macos, Go 1.27.x)	Run tests	2026-09-11T21:05:06.1484260Z     crypto_stream_test.go:276: offset 361: 34 bytes
Unit tests (macos, Go 1.27.x)	Run tests	2026-09-11T21:05:06.1484450Z === RUN   TestInitialCryptoStreamClientRandomizedSizes/run_54
Unit tests (macos, Go 1.27.x)	Run tests	2026-09-11T21:05:06.1484870Z     crypto_stream_test.go:225: using a ClientHello without ECH, hostname: "wibcm.xpkzhmxqs.ytg"
Unit tests (macos, Go 1.27.x)	Run tests	2026-09-11T21:05:06.1485050Z     crypto_stream_test.go:273: received 13 frames
Unit tests (macos, Go 1.27.x)	Run tests	2026-09-11T21:05:06.1485280Z     crypto_stream_test.go:276: offset 0: 26 bytes
Unit tests (macos, Go 1.27.x)	Run tests	2026-09-11T21:05:06.1485490Z     crypto_stream_test.go:276: offset 26: 9 bytes
Unit tests (macos, Go 1.27.x)	Run tests	2026-09-11T21:05:06.1485690Z     crypto_stream_test.go:276: offset 35: 34 bytes
Unit tests (macos, Go 1.27.x)	Run tests	2026-09-11T21:05:06.1485900Z     crypto_stream_test.go:276: offset 79: 3 bytes
Unit tests (macos, Go 1.27.x)	Run tests	2026-09-11T21:05:06.1486100Z     crypto_stream_test.go:276: offset 82: 32 bytes
Unit tests (macos, Go 1.27.x)	Run tests	2026-09-11T21:05:06.1486340Z     crypto_stream_test.go:276: offset 114: 11 bytes
Unit tests (macos, Go 1.27.x)	Run tests	2026-09-11T21:05:06.1486540Z     crypto_stream_test.go:276: offset 125: 26 bytes
Unit tests (macos, Go 1.27.x)	Run tests	2026-09-11T21:05:06.1487330Z     crypto_stream_test.go:276: offset 151: 26 bytes
Unit tests (macos, Go 1.27.x)	Run tests	2026-09-11T21:05:06.1487620Z     crypto_stream_test.go:276: offset 177: 111 bytes
Unit tests (macos, Go 1.27.x)	Run tests	2026-09-11T21:05:06.1487880Z     crypto_stream_test.go:276: offset 288: 6 bytes
Unit tests (macos, Go 1.27.x)	Run tests	2026-09-11T21:05:06.1488100Z     crypto_stream_test.go:276: offset 69: 7 bytes
Unit tests (macos, Go 1.27.x)	Run tests	2026-09-11T21:05:06.1488330Z     crypto_stream_test.go:276: offset 76: 3 bytes
Unit tests (macos, Go 1.27.x)	Run tests	2026-09-11T21:05:06.1488590Z     crypto_stream_test.go:276: offset 294: 6 bytes
Unit tests (macos, Go 1.27.x)	Run tests	2026-09-11T21:05:06.1488800Z === RUN   TestInitialCryptoStreamClientRandomizedSizes/run_55
Unit tests (macos, Go 1.27.x)	Run tests	2026-09-11T21:05:06.1489270Z     crypto_stream_test.go:225: using a ClientHello without ECH, hostname: "xvseve"
Unit tests (macos, Go 1.27.x)	Run tests	2026-09-11T21:05:06.1489520Z     crypto_stream_test.go:273: received 10 frames
Unit tests (macos, Go 1.27.x)	Run tests	2026-09-11T21:05:06.1489740Z     crypto_stream_test.go:276: offset 0: 27 bytes
Unit tests (macos, Go 1.27.x)	Run tests	2026-09-11T21:05:06.1490210Z     crypto_stream_test.go:276: offset 27: 24 bytes
Unit tests (macos, Go 1.27.x)	Run tests	2026-09-11T21:05:06.1490470Z     crypto_stream_test.go:276: offset 51: 12 bytes
Unit tests (macos, Go 1.27.x)	Run tests	2026-09-11T21:05:06.1490710Z     crypto_stream_test.go:276: offset 66: 13 bytes
Unit tests (macos, Go 1.27.x)	Run tests	2026-09-11T21:05:06.1490930Z     crypto_stream_test.go:276: offset 79: 296 bytes
Unit tests (macos, Go 1.27.x)	Run tests	2026-09-11T21:05:06.1491170Z     crypto_stream_test.go:276: offset 375: 5 bytes
Unit tests (macos, Go 1.27.x)	Run tests	2026-09-11T21:05:06.1491410Z     crypto_stream_test.go:276: offset 380: 24 bytes
Unit tests (macos, Go 1.27.x)	Run tests	2026-09-11T21:05:06.1491630Z     crypto_stream_test.go:276: offset 404: 3 bytes
Unit tests (macos, Go 1.27.x)	Run tests	2026-09-11T21:05:06.1491870Z     crypto_stream_test.go:276: offset 63: 3 bytes
Unit tests (macos, Go 1.27.x)	Run tests	2026-09-11T21:05:06.1492100Z     crypto_stream_test.go:276: offset 407: 6 bytes
Unit tests (macos, Go 1.27.x)	Run tests	2026-09-11T21:05:06.1492290Z === RUN   TestInitialCryptoStreamClientRandomizedSizes/run_56
Unit tests (macos, Go 1.27.x)	Run tests	2026-09-11T21:05:06.1492760Z     crypto_stream_test.go:225: using a ClientHello without ECH, hostname: "en.x.nhppuxaxh.uwtsia.a"
Unit tests (macos, Go 1.27.x)	Run tests	2026-09-11T21:05:06.1492970Z     crypto_stream_test.go:273: received 12 frames
Unit tests (macos, Go 1.27.x)	Run tests	2026-09-11T21:05:06.1493190Z     crypto_stream_test.go:276: offset 0: 5 bytes
Unit tests (macos, Go 1.27.x)	Run tests	2026-09-11T21:05:06.1493410Z     crypto_stream_test.go:276: offset 5: 29 bytes
Unit tests (macos, Go 1.27.x)	Run tests	2026-09-11T21:05:06.1493630Z     crypto_stream_test.go:276: offset 34: 22 bytes
Unit tests (macos, Go 1.27.x)	Run tests	2026-09-11T21:05:06.1493930Z     crypto_stream_test.go:276: offset 56: 12 bytes
Unit tests (macos, Go 1.27.x)	Run tests	2026-09-11T21:05:06.1494110Z     crypto_stream_test.go:276: offset 68: 2 bytes
Unit tests (macos, Go 1.27.x)	Run tests	2026-09-11T21:05:06.1494350Z     crypto_stream_test.go:276: offset 70: 1 bytes
Unit tests (macos, Go 1.27.x)	Run tests	2026-09-11T21:05:06.1494570Z     crypto_stream_test.go:276: offset 83: 191 bytes
Unit tests (macos, Go 1.27.x)	Run tests	2026-09-11T21:05:06.1494790Z     crypto_stream_test.go:276: offset 274: 18 bytes
Unit tests (macos, Go 1.27.x)	Run tests	2026-09-11T21:05:06.1495020Z     crypto_stream_test.go:276: offset 71: 1 bytes
Unit tests (macos, Go 1.27.x)	Run tests	2026-09-11T21:05:06.1495240Z     crypto_stream_test.go:276: offset 72: 5 bytes
Unit tests (macos, Go 1.27.x)	Run tests	2026-09-11T21:05:06.1495450Z     crypto_stream_test.go:276: offset 77: 6 bytes
Unit tests (macos, Go 1.27.x)	Run tests	2026-09-11T21:05:06.1495700Z     crypto_stream_test.go:276: offset 292: 6 bytes
Unit tests (macos, Go 1.27.x)	Run tests	2026-09-11T21:05:06.1495880Z === RUN   TestInitialCryptoStreamClientRandomizedSizes/run_57
Unit tests (macos, Go 1.27.x)	Run tests	2026-09-11T21:05:06.1496210Z     crypto_stream_test.go:225: using a ClientHello without ECH, hostname: ""
Unit tests (macos, Go 1.27.x)	Run tests	2026-09-11T21:05:06.1496440Z     crypto_stream_test.go:273: received 8 frames
Unit tests (macos, Go 1.27.x)	Run tests	2026-09-11T21:05:06.1496620Z     crypto_stream_test.go:276: offset 0: 7 bytes
Unit tests (macos, Go 1.27.x)	Run tests	2026-09-11T21:05:06.1496790Z     crypto_stream_test.go:276: offset 7: 15 bytes
Unit tests (macos, Go 1.27.x)	Run tests	2026-09-11T21:05:06.1496970Z     crypto_stream_test.go:276: offset 22: 11 bytes
Unit tests (macos, Go 1.27.x)	Run tests	2026-09-11T21:05:06.1497140Z     crypto_stream_test.go:276: offset 33: 25 bytes
Unit tests (macos, Go 1.27.x)	Run tests	2026-09-11T21:05:06.1497320Z     crypto_stream_test.go:276: offset 58: 11 bytes
Unit tests (macos, Go 1.27.x)	Run tests	2026-09-11T21:05:06.1497510Z     crypto_stream_test.go:276: offset 69: 5 bytes
Unit tests (macos, Go 1.27.x)	Run tests	2026-09-11T21:05:06.1497690Z     crypto_stream_test.go:276: offset 74: 18 bytes
Unit tests (macos, Go 1.27.x)	Run tests	2026-09-11T21:05:06.1497870Z     crypto_stream_test.go:276: offset 92: 217 bytes
Unit tests (macos, Go 1.27.x)	Run tests	2026-09-11T21:05:06.1498030Z === RUN   TestInitialCryptoStreamClientRandomizedSizes/run_58
Unit tests (macos, Go 1.27.x)	Run tests	2026-09-11T21:05:06.1498390Z     crypto_stream_test.go:230: using a ClientHello with ECH, hostname: "iunxdf.webxd.va.dhqatu"
Unit tests (macos, Go 1.27.x)	Run tests	2026-09-11T21:05:06.1498580Z     crypto_stream_test.go:273: received 23 frames
Unit tests (macos, Go 1.27.x)	Run tests	2026-09-11T21:05:06.1498750Z     crypto_stream_test.go:276: offset 0: 71 bytes
Unit tests (macos, Go 1.27.x)	Run tests	2026-09-11T21:05:06.1499060Z     crypto_stream_test.go:276: offset 82: 3 bytes
Unit tests (macos, Go 1.27.x)	Run tests	2026-09-11T21:05:06.1499240Z     crypto_stream_test.go:276: offset 85: 4 bytes
Unit tests (macos, Go 1.27.x)	Run tests	2026-09-11T21:05:06.1499410Z     crypto_stream_test.go:276: offset 89: 8 bytes
Unit tests (macos, Go 1.27.x)	Run tests	2026-09-11T21:05:06.1499580Z     crypto_stream_test.go:276: offset 97: 4 bytes
Unit tests (macos, Go 1.27.x)	Run tests	2026-09-11T21:05:06.1499770Z     crypto_stream_test.go:276: offset 101: 19 bytes
Unit tests (macos, Go 1.27.x)	Run tests	2026-09-11T21:05:06.1499950Z     crypto_stream_test.go:276: offset 120: 13 bytes
Unit tests (macos, Go 1.27.x)	Run tests	2026-09-11T21:05:06.1500120Z     crypto_stream_test.go:276: offset 149: 9 bytes
Unit tests (macos, Go 1.27.x)	Run tests	2026-09-11T21:05:06.1500320Z     crypto_stream_test.go:276: offset 158: 21 bytes
Unit tests (macos, Go 1.27.x)	Run tests	2026-09-11T21:05:06.1500510Z     crypto_stream_test.go:276: offset 179: 10 bytes
Unit tests (macos, Go 1.27.x)	Run tests	2026-09-11T21:05:06.1500700Z     crypto_stream_test.go:276: offset 189: 4 bytes
Unit tests (macos, Go 1.27.x)	Run tests	2026-09-11T21:05:06.1500880Z     crypto_stream_test.go:276: offset 193: 9 bytes
Unit tests (macos, Go 1.27.x)	Run tests	2026-09-11T21:05:06.1501450Z     crypto_stream_test.go:276: offset 202: 12 bytes
Unit tests (macos, Go 1.27.x)	Run tests	2026-09-11T21:05:06.1501640Z     crypto_stream_test.go:276: offset 214: 23 bytes
Unit tests (macos, Go 1.27.x)	Run tests	2026-09-11T21:05:06.1501830Z     crypto_stream_test.go:276: offset 237: 210 bytes
Unit tests (macos, Go 1.27.x)	Run tests	2026-09-11T21:05:06.1502090Z     crypto_stream_test.go:276: offset 447: 21 bytes
Unit tests (macos, Go 1.27.x)	Run tests	2026-09-11T21:05:06.1502310Z     crypto_stream_test.go:276: offset 468: 27 bytes
Unit tests (macos, Go 1.27.x)	Run tests	2026-09-11T21:05:06.1502500Z     crypto_stream_test.go:276: offset 495: 11 bytes
Unit tests (macos, Go 1.27.x)	Run tests	2026-09-11T21:05:06.1502670Z     crypto_stream_test.go:276: offset 506: 9 bytes
Unit tests (macos, Go 1.27.x)	Run tests	2026-09-11T21:05:06.1502850Z     crypto_stream_test.go:276: offset 71: 11 bytes
Unit tests (macos, Go 1.27.x)	Run tests	2026-09-11T21:05:06.1503050Z     crypto_stream_test.go:276: offset 133: 15 bytes
Unit tests (macos, Go 1.27.x)	Run tests	2026-09-11T21:05:06.1503230Z     crypto_stream_test.go:276: offset 148: 1 bytes
Unit tests (macos, Go 1.27.x)	Run tests	2026-09-11T21:05:06.1503410Z     crypto_stream_test.go:276: offset 515: 6 bytes
Unit tests (macos, Go 1.27.x)	Run tests	2026-09-11T21:05:06.1503590Z === RUN   TestInitialCryptoStreamClientRandomizedSizes/run_59
Unit tests (macos, Go 1.27.x)	Run tests	2026-09-11T21:05:06.1503940Z     crypto_stream_test.go:230: using a ClientHello with ECH, hostname: "dnyjtxq.vgtsj.ffu"
Unit tests (macos, Go 1.27.x)	Run tests	2026-09-11T21:05:06.1504120Z     crypto_stream_test.go:273: received 18 frames
Unit tests (macos, Go 1.27.x)	Run tests	2026-09-11T21:05:06.1504310Z     crypto_stream_test.go:276: offset 0: 18 bytes
Unit tests (macos, Go 1.27.x)	Run tests	2026-09-11T21:05:06.1504500Z     crypto_stream_test.go:276: offset 18: 24 bytes
Unit tests (macos, Go 1.27.x)	Run tests	2026-09-11T21:05:06.1504690Z     crypto_stream_test.go:276: offset 42: 10 bytes
Unit tests (macos, Go 1.27.x)	Run tests	2026-09-11T21:05:06.1504860Z     crypto_stream_test.go:276: offset 52: 16 bytes
Unit tests (macos, Go 1.27.x)	Run tests	2026-09-11T21:05:06.1505030Z     crypto_stream_test.go:276: offset 77: 10 bytes
Unit tests (macos, Go 1.27.x)	Run tests	2026-09-11T21:05:06.1505220Z     crypto_stream_test.go:276: offset 87: 11 bytes
Unit tests (macos, Go 1.27.x)	Run tests	2026-09-11T21:05:06.1505390Z     crypto_stream_test.go:276: offset 98: 11 bytes
Unit tests (macos, Go 1.27.x)	Run tests	2026-09-11T21:05:06.1505570Z     crypto_stream_test.go:276: offset 109: 42 bytes
Unit tests (macos, Go 1.27.x)	Run tests	2026-09-11T21:05:06.1505770Z     crypto_stream_test.go:276: offset 167: 9 bytes
Unit tests (macos, Go 1.27.x)	Run tests	2026-09-11T21:05:06.1505950Z     crypto_stream_test.go:276: offset 176: 17 bytes
Unit tests (macos, Go 1.27.x)	Run tests	2026-09-11T21:05:06.1506140Z     crypto_stream_test.go:276: offset 193: 313 bytes
Unit tests (macos, Go 1.27.x)	Run tests	2026-09-11T21:05:06.1506320Z     crypto_stream_test.go:276: offset 506: 13 bytes
Unit tests (macos, Go 1.27.x)	Run tests	2026-09-11T21:05:06.1506500Z     crypto_stream_test.go:276: offset 519: 16 bytes
Unit tests (macos, Go 1.27.x)	Run tests	2026-09-11T21:05:06.1506690Z     crypto_stream_test.go:276: offset 535: 30 bytes
Unit tests (macos, Go 1.27.x)	Run tests	2026-09-11T21:05:06.1506860Z     crypto_stream_test.go:276: offset 68: 4 bytes
Unit tests (macos, Go 1.27.x)	Run tests	2026-09-11T21:05:06.1507030Z     crypto_stream_test.go:276: offset 72: 5 bytes
Unit tests (macos, Go 1.27.x)	Run tests	2026-09-11T21:05:06.1508600Z     crypto_stream_test.go:276: offset 151: 16 bytes
Unit tests (macos, Go 1.27.x)	Run tests	2026-09-11T21:05:06.1509180Z     crypto_stream_test.go:276: offset 565: 6 bytes
Unit tests (macos, Go 1.27.x)	Run tests	2026-09-11T21:05:06.1509760Z === RUN   TestInitialCryptoStreamClientRandomizedSizes/run_60
Unit tests (macos, Go 1.27.x)	Run tests	2026-09-11T21:05:06.1510240Z     crypto_stream_test.go:230: using a ClientHello with ECH, hostname: "sl.jiridbvpcsntro.su"
Unit tests (macos, Go 1.27.x)	Run tests	2026-09-11T21:05:06.1510440Z     crypto_stream_test.go:273: received 18 frames
Unit tests (macos, Go 1.27.x)	Run tests	2026-09-11T21:05:06.1510680Z     crypto_stream_test.go:276: offset 0: 70 bytes
Unit tests (macos, Go 1.27.x)	Run tests	2026-09-11T21:05:06.1510920Z     crypto_stream_test.go:276: offset 80: 25 bytes
Unit tests (macos, Go 1.27.x)	Run tests	2026-09-11T21:05:06.1511130Z     crypto_stream_test.go:276: offset 105: 19 bytes
Unit tests (macos, Go 1.27.x)	Run tests	2026-09-11T21:05:06.1511330Z     crypto_stream_test.go:276: offset 124: 119 bytes
Unit tests (macos, Go 1.27.x)	Run tests	2026-09-11T21:05:06.1511750Z     crypto_stream_test.go:276: offset 259: 12 bytes
Unit tests (macos, Go 1.27.x)	Run tests	2026-09-11T21:05:06.1511940Z     crypto_stream_test.go:276: offset 271: 2 bytes
Unit tests (macos, Go 1.27.x)	Run tests	2026-09-11T21:05:06.1512120Z     crypto_stream_test.go:276: offset 273: 14 bytes
Unit tests (macos, Go 1.27.x)	Run tests	2026-09-11T21:05:06.1512330Z     crypto_stream_test.go:276: offset 287: 22 bytes
Unit tests (macos, Go 1.27.x)	Run tests	2026-09-11T21:05:06.1512550Z     crypto_stream_test.go:276: offset 309: 18 bytes
Unit tests (macos, Go 1.27.x)	Run tests	2026-09-11T21:05:06.1512780Z     crypto_stream_test.go:276: offset 327: 247 bytes
Unit tests (macos, Go 1.27.x)	Run tests	2026-09-11T21:05:06.1513000Z     crypto_stream_test.go:276: offset 574: 15 bytes
Unit tests (macos, Go 1.27.x)	Run tests	2026-09-11T21:05:06.1532220Z     crypto_stream_test.go:276: offset 589: 13 bytes
Unit tests (macos, Go 1.27.x)	Run tests	2026-09-11T21:05:06.1532660Z     crypto_stream_test.go:276: offset 602: 16 bytes
Unit tests (macos, Go 1.27.x)	Run tests	2026-09-11T21:05:06.1532900Z     crypto_stream_test.go:276: offset 618: 135 bytes
Unit tests (macos, Go 1.27.x)	Run tests	2026-09-11T21:05:06.1533120Z     crypto_stream_test.go:276: offset 70: 10 bytes
Unit tests (macos, Go 1.27.x)	Run tests	2026-09-11T21:05:06.1533740Z     crypto_stream_test.go:276: offset 243: 4 bytes
Unit tests (macos, Go 1.27.x)	Run tests	2026-09-11T21:05:06.1533930Z     crypto_stream_test.go:276: offset 247: 12 bytes
Unit tests (macos, Go 1.27.x)	Run tests	2026-09-11T21:05:06.1534120Z     crypto_stream_test.go:276: offset 753: 6 bytes
Unit tests (macos, Go 1.27.x)	Run tests	2026-09-11T21:05:06.1534280Z === RUN   TestInitialCryptoStreamClientRandomizedSizes/run_61
Unit tests (macos, Go 1.27.x)	Run tests	2026-09-11T21:05:06.1534630Z     crypto_stream_test.go:225: using a ClientHello without ECH, hostname: "o.xkq.uy"
Unit tests (macos, Go 1.27.x)	Run tests	2026-09-11T21:05:06.1534940Z     crypto_stream_test.go:273: received 16 frames
Unit tests (macos, Go 1.27.x)	Run tests	2026-09-11T21:05:06.1535170Z     crypto_stream_test.go:276: offset 0: 14 bytes
Unit tests (macos, Go 1.27.x)	Run tests	2026-09-11T21:05:06.1535340Z     crypto_stream_test.go:276: offset 14: 4 bytes
Unit tests (macos, Go 1.27.x)	Run tests	2026-09-11T21:05:06.1535540Z     crypto_stream_test.go:276: offset 18: 46 bytes
Unit tests (macos, Go 1.27.x)	Run tests	2026-09-11T21:05:06.1535730Z     crypto_stream_test.go:276: offset 68: 19 bytes
Unit tests (macos, Go 1.27.x)	Run tests	2026-09-11T21:05:06.1535920Z     crypto_stream_test.go:276: offset 87: 165 bytes
Unit tests (macos, Go 1.27.x)	Run tests	2026-09-11T21:05:06.1536110Z     crypto_stream_test.go:276: offset 252: 8 bytes
Unit tests (macos, Go 1.27.x)	Run tests	2026-09-11T21:05:06.1554670Z     crypto_stream_test.go:276: offset 260: 4 bytes
Unit tests (macos, Go 1.27.x)	Run tests	2026-09-11T21:05:06.1554890Z     crypto_stream_test.go:276: offset 264: 22 bytes
Unit tests (macos, Go 1.27.x)	Run tests	2026-09-11T21:05:06.1555110Z     crypto_stream_test.go:276: offset 286: 19 bytes
Unit tests (macos, Go 1.27.x)	Run tests	2026-09-11T21:05:06.1555300Z     crypto_stream_test.go:276: offset 305: 2 bytes
Unit tests (macos, Go 1.27.x)	Run tests	2026-09-11T21:05:06.1555480Z     crypto_stream_test.go:276: offset 307: 7 bytes
Unit tests (macos, Go 1.27.x)	Run tests	2026-09-11T21:05:06.1555690Z     crypto_stream_test.go:276: offset 314: 90 bytes
Unit tests (macos, Go 1.27.x)	Run tests	2026-09-11T21:05:06.1555890Z     crypto_stream_test.go:276: offset 404: 7 bytes
Unit tests (macos, Go 1.27.x)	Run tests	2026-09-11T21:05:06.1556080Z     crypto_stream_test.go:276: offset 411: 9 bytes
Unit tests (macos, Go 1.27.x)	Run tests	2026-09-11T21:05:06.1556270Z     crypto_stream_test.go:276: offset 64: 4 bytes
Unit tests (macos, Go 1.27.x)	Run tests	2026-09-11T21:05:06.1556460Z     crypto_stream_test.go:276: offset 420: 6 bytes
Unit tests (macos, Go 1.27.x)	Run tests	2026-09-11T21:05:06.1556640Z === RUN   TestInitialCryptoStreamClientRandomizedSizes/run_62
Unit tests (macos, Go 1.27.x)	Run tests	2026-09-11T21:05:06.1557330Z     crypto_stream_test.go:230: using a ClientHello with ECH, hostname: "wfxbugex.peuq.e.hbvf.m.bt"
Unit tests (macos, Go 1.27.x)	Run tests	2026-09-11T21:05:06.1557580Z     crypto_stream_test.go:273: received 22 frames
Unit tests (macos, Go 1.27.x)	Run tests	2026-09-11T21:05:06.1557770Z     crypto_stream_test.go:276: offset 0: 26 bytes
Unit tests (macos, Go 1.27.x)	Run tests	2026-09-11T21:05:06.1557970Z     crypto_stream_test.go:276: offset 26: 12 bytes
Unit tests (macos, Go 1.27.x)	Run tests	2026-09-11T21:05:06.1558190Z     crypto_stream_test.go:276: offset 38: 29 bytes
Unit tests (macos, Go 1.27.x)	Run tests	2026-09-11T21:05:06.1558420Z     crypto_stream_test.go:276: offset 67: 5 bytes
Unit tests (macos, Go 1.27.x)	Run tests	2026-09-11T21:05:06.1558630Z     crypto_stream_test.go:276: offset 85: 23 bytes
Unit tests (macos, Go 1.27.x)	Run tests	2026-09-11T21:05:06.1558810Z     crypto_stream_test.go:276: offset 108: 24 bytes
Unit tests (macos, Go 1.27.x)	Run tests	2026-09-11T21:05:06.1558990Z     crypto_stream_test.go:276: offset 148: 15 bytes
Unit tests (macos, Go 1.27.x)	Run tests	2026-09-11T21:05:06.1559180Z     crypto_stream_test.go:276: offset 163: 2 bytes
Unit tests (macos, Go 1.27.x)	Run tests	2026-09-11T21:05:06.1559410Z     crypto_stream_test.go:276: offset 165: 5 bytes
Unit tests (macos, Go 1.27.x)	Run tests	2026-09-11T21:05:06.1559590Z     crypto_stream_test.go:276: offset 170: 1 bytes
Unit tests (macos, Go 1.27.x)	Run tests	2026-09-11T21:05:06.1559770Z     crypto_stream_test.go:276: offset 171: 28 bytes
Unit tests (macos, Go 1.27.x)	Run tests	2026-09-11T21:05:06.1559960Z     crypto_stream_test.go:276: offset 199: 131 bytes
Unit tests (macos, Go 1.27.x)	Run tests	2026-09-11T21:05:06.1560150Z     crypto_stream_test.go:276: offset 330: 27 bytes
Unit tests (macos, Go 1.27.x)	Run tests	2026-09-11T21:05:06.1560330Z     crypto_stream_test.go:276: offset 357: 20 bytes
Unit tests (macos, Go 1.27.x)	Run tests	2026-09-11T21:05:06.1560870Z     crypto_stream_test.go:276: offset 377: 6 bytes
Unit tests (macos, Go 1.27.x)	Run tests	2026-09-11T21:05:06.1561060Z     crypto_stream_test.go:276: offset 383: 131 bytes
Unit tests (macos, Go 1.27.x)	Run tests	2026-09-11T21:05:06.1561230Z     crypto_stream_test.go:276: offset 72: 7 bytes
Unit tests (macos, Go 1.27.x)	Run tests	2026-09-11T21:05:06.1561400Z     crypto_stream_test.go:276: offset 79: 5 bytes
Unit tests (macos, Go 1.27.x)	Run tests	2026-09-11T21:05:06.1561580Z     crypto_stream_test.go:276: offset 84: 1 bytes
Unit tests (macos, Go 1.27.x)	Run tests	2026-09-11T21:05:06.1561750Z     crypto_stream_test.go:276: offset 132: 3 bytes
Unit tests (macos, Go 1.27.x)	Run tests	2026-09-11T21:05:06.1561930Z     crypto_stream_test.go:276: offset 135: 13 bytes
Unit tests (macos, Go 1.27.x)	Run tests	2026-09-11T21:05:06.1562110Z     crypto_stream_test.go:276: offset 514: 6 bytes
Unit tests (macos, Go 1.27.x)	Run tests	2026-09-11T21:05:06.1562270Z === RUN   TestInitialCryptoStreamClientRandomizedSizes/run_63
Unit tests (macos, Go 1.27.x)	Run tests	2026-09-11T21:05:06.1562580Z     crypto_stream_test.go:225: using a ClientHello without ECH, hostname: ""
Unit tests (macos, Go 1.27.x)	Run tests	2026-09-11T21:05:06.1562910Z     crypto_stream_test.go:273: received 2 frames
Unit tests (macos, Go 1.27.x)	Run tests	2026-09-11T21:05:06.1563080Z     crypto_stream_test.go:276: offset 0: 7 bytes
Unit tests (macos, Go 1.27.x)	Run tests	2026-09-11T21:05:06.1563270Z     crypto_stream_test.go:276: offset 7: 414 bytes
Unit tests (macos, Go 1.27.x)	Run tests	2026-09-11T21:05:06.1563430Z === RUN   TestInitialCryptoStreamClientRandomizedSizes/run_64
Unit tests (macos, Go 1.27.x)	Run tests	2026-09-11T21:05:06.1563710Z     crypto_stream_test.go:225: using a ClientHello without ECH, hostname: ""
Unit tests (macos, Go 1.27.x)	Run tests	2026-09-11T21:05:06.1563910Z     crypto_stream_test.go:273: received 5 frames
Unit tests (macos, Go 1.27.x)	Run tests	2026-09-11T21:05:06.1564080Z     crypto_stream_test.go:276: offset 0: 1 bytes
Unit tests (macos, Go 1.27.x)	Run tests	2026-09-11T21:05:06.1564250Z     crypto_stream_test.go:276: offset 1: 1 bytes
Unit tests (macos, Go 1.27.x)	Run tests	2026-09-11T21:05:06.1564430Z     crypto_stream_test.go:276: offset 2: 28 bytes
Unit tests (macos, Go 1.27.x)	Run tests	2026-09-11T21:05:06.1564600Z     crypto_stream_test.go:276: offset 30: 13 bytes
Unit tests (macos, Go 1.27.x)	Run tests	2026-09-11T21:05:06.1564800Z     crypto_stream_test.go:276: offset 43: 324 bytes
Unit tests (macos, Go 1.27.x)	Run tests	2026-09-11T21:05:06.1564990Z === RUN   TestInitialCryptoStreamClientRandomizedSizes/run_65
Unit tests (macos, Go 1.27.x)	Run tests	2026-09-11T21:05:06.1565350Z     crypto_stream_test.go:225: using a ClientHello without ECH, hostname: "cgsdb.j.u.s.lsl"
Unit tests (macos, Go 1.27.x)	Run tests	2026-09-11T21:05:06.1565540Z     crypto_stream_test.go:273: received 8 frames
Unit tests (macos, Go 1.27.x)	Run tests	2026-09-11T21:05:06.1565740Z     crypto_stream_test.go:276: offset 0: 28 bytes
Unit tests (macos, Go 1.27.x)	Run tests	2026-09-11T21:05:06.1565910Z     crypto_stream_test.go:276: offset 28: 1 bytes
Unit tests (macos, Go 1.27.x)	Run tests	2026-09-11T21:05:06.1566090Z     crypto_stream_test.go:276: offset 29: 38 bytes
Unit tests (macos, Go 1.27.x)	Run tests	2026-09-11T21:05:06.1566270Z     crypto_stream_test.go:276: offset 75: 8 bytes
Unit tests (macos, Go 1.27.x)	Run tests	2026-09-11T21:05:06.1566440Z     crypto_stream_test.go:276: offset 83: 28 bytes
Unit tests (macos, Go 1.27.x)	Run tests	2026-09-11T21:05:06.1566660Z     crypto_stream_test.go:276: offset 111: 234 bytes
Unit tests (macos, Go 1.27.x)	Run tests	2026-09-11T21:05:06.1566830Z     crypto_stream_test.go:276: offset 67: 8 bytes
Unit tests (macos, Go 1.27.x)	Run tests	2026-09-11T21:05:06.1567010Z     crypto_stream_test.go:276: offset 345: 6 bytes
Unit tests (macos, Go 1.27.x)	Run tests	2026-09-11T21:05:06.1567170Z === RUN   TestInitialCryptoStreamClientRandomizedSizes/run_66
Unit tests (macos, Go 1.27.x)	Run tests	2026-09-11T21:05:06.1567540Z     crypto_stream_test.go:225: using a ClientHello without ECH, hostname: "ohsggecjeiiwqjmxa"
Unit tests (macos, Go 1.27.x)	Run tests	2026-09-11T21:05:06.1567730Z     crypto_stream_test.go:273: received 7 frames
Unit tests (macos, Go 1.27.x)	Run tests	2026-09-11T21:05:06.1567920Z     crypto_stream_test.go:276: offset 0: 11 bytes
Unit tests (macos, Go 1.27.x)	Run tests	2026-09-11T21:05:06.1568120Z     crypto_stream_test.go:276: offset 11: 9 bytes
Unit tests (macos, Go 1.27.x)	Run tests	2026-09-11T21:05:06.1568960Z     crypto_stream_test.go:276: offset 20: 48 bytes
Unit tests (macos, Go 1.27.x)	Run tests	2026-09-11T21:05:06.1569680Z     crypto_stream_test.go:276: offset 77: 28 bytes
Unit tests (macos, Go 1.27.x)	Run tests	2026-09-11T21:05:06.1570130Z     crypto_stream_test.go:276: offset 105: 184 bytes
Unit tests (macos, Go 1.27.x)	Run tests	2026-09-11T21:05:06.1570610Z     crypto_stream_test.go:276: offset 68: 9 bytes
Unit tests (macos, Go 1.27.x)	Run tests	2026-09-11T21:05:06.1571050Z     crypto_stream_test.go:276: offset 289: 6 bytes
Unit tests (macos, Go 1.27.x)	Run tests	2026-09-11T21:05:06.1571450Z === RUN   TestInitialCryptoStreamClientRandomizedSizes/run_67
Unit tests (macos, Go 1.27.x)	Run tests	2026-09-11T21:05:06.1572290Z     crypto_stream_test.go:225: using a ClientHello without ECH, hostname: "yr.tiwqmomj"
Unit tests (macos, Go 1.27.x)	Run tests	2026-09-11T21:05:06.1572750Z     crypto_stream_test.go:273: received 5 frames
Unit tests (macos, Go 1.27.x)	Run tests	2026-09-11T21:05:06.1573180Z     crypto_stream_test.go:276: offset 0: 65 bytes
Unit tests (macos, Go 1.27.x)	Run tests	2026-09-11T21:05:06.1573650Z     crypto_stream_test.go:276: offset 71: 63 bytes
Unit tests (macos, Go 1.27.x)	Run tests	2026-09-11T21:05:06.1574130Z     crypto_stream_test.go:276: offset 134: 152 bytes
Unit tests (macos, Go 1.27.x)	Run tests	2026-09-11T21:05:06.1575310Z     crypto_stream_test.go:276: offset 65: 6 bytes
Unit tests (macos, Go 1.27.x)	Run tests	2026-09-11T21:05:06.1575740Z     crypto_stream_test.go:276: offset 286: 6 bytes
Unit tests (macos, Go 1.27.x)	Run tests	2026-09-11T21:05:06.1576140Z === RUN   TestInitialCryptoStreamClientRandomizedSizes/run_68
Unit tests (macos, Go 1.27.x)	Run tests	2026-09-11T21:05:06.1576840Z     crypto_stream_test.go:225: using a ClientHello without ECH, hostname: ""
Unit tests (macos, Go 1.27.x)	Run tests	2026-09-11T21:05:06.1577290Z     crypto_stream_test.go:273: received 1 frames
Unit tests (macos, Go 1.27.x)	Run tests	2026-09-11T21:05:06.1577740Z     crypto_stream_test.go:276: offset 0: 395 bytes
Unit tests (macos, Go 1.27.x)	Run tests	2026-09-11T21:05:06.1578340Z === RUN   TestInitialCryptoStreamClientRandomizedSizes/run_69
Unit tests (macos, Go 1.27.x)	Run tests	2026-09-11T21:05:06.1579210Z     crypto_stream_test.go:225: using a ClientHello without ECH, hostname: ""
Unit tests (macos, Go 1.27.x)	Run tests	2026-09-11T21:05:06.1580330Z     crypto_stream_test.go:273: received 4 frames
Unit tests (macos, Go 1.27.x)	Run tests	2026-09-11T21:05:06.1580560Z     crypto_stream_test.go:276: offset 0: 8 bytes
Unit tests (macos, Go 1.27.x)	Run tests	2026-09-11T21:05:06.1580940Z     crypto_stream_test.go:276: offset 8: 203 bytes
Unit tests (macos, Go 1.27.x)	Run tests	2026-09-11T21:05:06.1581120Z     crypto_stream_test.go:276: offset 211: 5 bytes
Unit tests (macos, Go 1.27.x)	Run tests	2026-09-11T21:05:06.1581320Z     crypto_stream_test.go:276: offset 216: 115 bytes
Unit tests (macos, Go 1.27.x)	Run tests	2026-09-11T21:05:06.1581480Z === RUN   TestInitialCryptoStreamClientRandomizedSizes/run_70
Unit tests (macos, Go 1.27.x)	Run tests	2026-09-11T21:05:06.1581880Z     crypto_stream_test.go:225: using a ClientHello without ECH, hostname: "y.k.unullylsyjtjxk"
Unit tests (macos, Go 1.27.x)	Run tests	2026-09-11T21:05:06.1582060Z     crypto_stream_test.go:273: received 7 frames
Unit tests (macos, Go 1.27.x)	Run tests	2026-09-11T21:05:06.1582240Z     crypto_stream_test.go:276: offset 0: 69 bytes
Unit tests (macos, Go 1.27.x)	Run tests	2026-09-11T21:05:06.1582440Z     crypto_stream_test.go:276: offset 78: 18 bytes
Unit tests (macos, Go 1.27.x)	Run tests	2026-09-11T21:05:06.1582620Z     crypto_stream_test.go:276: offset 96: 24 bytes
Unit tests (macos, Go 1.27.x)	Run tests	2026-09-11T21:05:06.1582820Z     crypto_stream_test.go:276: offset 120: 15 bytes
Unit tests (macos, Go 1.27.x)	Run tests	2026-09-11T21:05:06.1583010Z     crypto_stream_test.go:276: offset 135: 131 bytes
Unit tests (macos, Go 1.27.x)	Run tests	2026-09-11T21:05:06.1583200Z     crypto_stream_test.go:276: offset 69: 9 bytes
Unit tests (macos, Go 1.27.x)	Run tests	2026-09-11T21:05:06.1583380Z     crypto_stream_test.go:276: offset 266: 6 bytes
Unit tests (macos, Go 1.27.x)	Run tests	2026-09-11T21:05:06.1583540Z === RUN   TestInitialCryptoStreamClientRandomizedSizes/run_71
Unit tests (macos, Go 1.27.x)	Run tests	2026-09-11T21:05:06.1583910Z     crypto_stream_test.go:230: using a ClientHello with ECH, hostname: "srk.rod.n.mohacyors"
Unit tests (macos, Go 1.27.x)	Run tests	2026-09-11T21:05:06.1584090Z     crypto_stream_test.go:273: received 15 frames
Unit tests (macos, Go 1.27.x)	Run tests	2026-09-11T21:05:06.1584280Z     crypto_stream_test.go:276: offset 0: 27 bytes
Unit tests (macos, Go 1.27.x)	Run tests	2026-09-11T21:05:06.1584470Z     crypto_stream_test.go:276: offset 27: 3 bytes
Unit tests (macos, Go 1.27.x)	Run tests	2026-09-11T21:05:06.1584640Z     crypto_stream_test.go:276: offset 30: 7 bytes
Unit tests (macos, Go 1.27.x)	Run tests	2026-09-11T21:05:06.1584820Z     crypto_stream_test.go:276: offset 37: 24 bytes
Unit tests (macos, Go 1.27.x)	Run tests	2026-09-11T21:05:06.1584990Z     crypto_stream_test.go:276: offset 61: 8 bytes
Unit tests (macos, Go 1.27.x)	Run tests	2026-09-11T21:05:06.1585170Z     crypto_stream_test.go:276: offset 79: 10 bytes
Unit tests (macos, Go 1.27.x)	Run tests	2026-09-11T21:05:06.1585340Z     crypto_stream_test.go:276: offset 89: 4 bytes
Unit tests (macos, Go 1.27.x)	Run tests	2026-09-11T21:05:06.1585520Z     crypto_stream_test.go:276: offset 93: 5 bytes
Unit tests (macos, Go 1.27.x)	Run tests	2026-09-11T21:05:06.1585710Z     crypto_stream_test.go:276: offset 98: 146 bytes
Unit tests (macos, Go 1.27.x)	Run tests	2026-09-11T21:05:06.1585890Z     crypto_stream_test.go:276: offset 260: 20 bytes
Unit tests (macos, Go 1.27.x)	Run tests	2026-09-11T21:05:06.1586070Z     crypto_stream_test.go:276: offset 280: 7 bytes
Unit tests (macos, Go 1.27.x)	Run tests	2026-09-11T21:05:06.1586260Z     crypto_stream_test.go:276: offset 287: 467 bytes
Unit tests (macos, Go 1.27.x)	Run tests	2026-09-11T21:05:06.1586440Z     crypto_stream_test.go:276: offset 69: 10 bytes
Unit tests (macos, Go 1.27.x)	Run tests	2026-09-11T21:05:06.1586620Z     crypto_stream_test.go:276: offset 244: 16 bytes
Unit tests (macos, Go 1.27.x)	Run tests	2026-09-11T21:05:06.1586800Z     crypto_stream_test.go:276: offset 754: 6 bytes
Unit tests (macos, Go 1.27.x)	Run tests	2026-09-11T21:05:06.1586980Z === RUN   TestInitialCryptoStreamClientRandomizedSizes/run_72
Unit tests (macos, Go 1.27.x)	Run tests	2026-09-11T21:05:06.1587280Z     crypto_stream_test.go:225: using a ClientHello without ECH, hostname: ""
Unit tests (macos, Go 1.27.x)	Run tests	2026-09-11T21:05:06.1587470Z     crypto_stream_test.go:273: received 10 frames
Unit tests (macos, Go 1.27.x)	Run tests	2026-09-11T21:05:06.1587650Z     crypto_stream_test.go:276: offset 0: 8 bytes
Unit tests (macos, Go 1.27.x)	Run tests	2026-09-11T21:05:06.1587830Z     crypto_stream_test.go:276: offset 8: 29 bytes
Unit tests (macos, Go 1.27.x)	Run tests	2026-09-11T21:05:06.1588000Z     crypto_stream_test.go:276: offset 37: 4 bytes
Unit tests (macos, Go 1.27.x)	Run tests	2026-09-11T21:05:06.1588190Z     crypto_stream_test.go:276: offset 41: 14 bytes
Unit tests (macos, Go 1.27.x)	Run tests	2026-09-11T21:05:06.1588360Z     crypto_stream_test.go:276: offset 55: 11 bytes
Unit tests (macos, Go 1.27.x)	Run tests	2026-09-11T21:05:06.1588720Z     crypto_stream_test.go:276: offset 66: 14 bytes
Unit tests (macos, Go 1.27.x)	Run tests	2026-09-11T21:05:06.1588890Z     crypto_stream_test.go:276: offset 80: 21 bytes
Unit tests (macos, Go 1.27.x)	Run tests	2026-09-11T21:05:06.1589100Z     crypto_stream_test.go:276: offset 101: 66 bytes
Unit tests (macos, Go 1.27.x)	Run tests	2026-09-11T21:05:06.1589280Z     crypto_stream_test.go:276: offset 167: 7 bytes
Unit tests (macos, Go 1.27.x)	Run tests	2026-09-11T21:05:06.1589470Z     crypto_stream_test.go:276: offset 174: 108 bytes
Unit tests (macos, Go 1.27.x)	Run tests	2026-09-11T21:05:06.1589620Z === RUN   TestInitialCryptoStreamClientRandomizedSizes/run_73
Unit tests (macos, Go 1.27.x)	Run tests	2026-09-11T21:05:06.1589940Z     crypto_stream_test.go:230: using a ClientHello with ECH, hostname: "fz.rd.yrgjuk"
Unit tests (macos, Go 1.27.x)	Run tests	2026-09-11T21:05:06.1590120Z     crypto_stream_test.go:273: received 13 frames
Unit tests (macos, Go 1.27.x)	Run tests	2026-09-11T21:05:06.1590290Z     crypto_stream_test.go:276: offset 0: 26 bytes
Unit tests (macos, Go 1.27.x)	Run tests	2026-09-11T21:05:06.1590470Z     crypto_stream_test.go:276: offset 26: 13 bytes
Unit tests (macos, Go 1.27.x)	Run tests	2026-09-11T21:05:06.1590970Z     crypto_stream_test.go:276: offset 39: 2 bytes
Unit tests (macos, Go 1.27.x)	Run tests	2026-09-11T21:05:06.1591150Z     crypto_stream_test.go:276: offset 41: 20 bytes
Unit tests (macos, Go 1.27.x)	Run tests	2026-09-11T21:05:06.1591330Z     crypto_stream_test.go:276: offset 61: 5 bytes
Unit tests (macos, Go 1.27.x)	Run tests	2026-09-11T21:05:06.1591510Z     crypto_stream_test.go:276: offset 72: 25 bytes
Unit tests (macos, Go 1.27.x)	Run tests	2026-09-11T21:05:06.1591680Z     crypto_stream_test.go:276: offset 97: 2 bytes
Unit tests (macos, Go 1.27.x)	Run tests	2026-09-11T21:05:06.1591870Z     crypto_stream_test.go:276: offset 99: 147 bytes
Unit tests (macos, Go 1.27.x)	Run tests	2026-09-11T21:05:06.1592060Z     crypto_stream_test.go:276: offset 262: 482 bytes
Unit tests (macos, Go 1.27.x)	Run tests	2026-09-11T21:05:06.1592240Z     crypto_stream_test.go:276: offset 744: 12 bytes
Unit tests (macos, Go 1.27.x)	Run tests	2026-09-11T21:05:06.1592420Z     crypto_stream_test.go:276: offset 66: 6 bytes
Unit tests (macos, Go 1.27.x)	Run tests	2026-09-11T21:05:06.1592600Z     crypto_stream_test.go:276: offset 246: 16 bytes
Unit tests (macos, Go 1.27.x)	Run tests	2026-09-11T21:05:06.1592790Z     crypto_stream_test.go:276: offset 756: 6 bytes
Unit tests (macos, Go 1.27.x)	Run tests	2026-09-11T21:05:06.1592980Z === RUN   TestInitialCryptoStreamClientRandomizedSizes/run_74
Unit tests (macos, Go 1.27.x)	Run tests	2026-09-11T21:05:06.1593390Z     crypto_stream_test.go:225: using a ClientHello without ECH, hostname: "ckzzlfkn.kjdsjs"
Unit tests (macos, Go 1.27.x)	Run tests	2026-09-11T21:05:06.1593580Z     crypto_stream_test.go:273: received 10 frames
Unit tests (macos, Go 1.27.x)	Run tests	2026-09-11T21:05:06.1593760Z     crypto_stream_test.go:276: offset 0: 4 bytes
Unit tests (macos, Go 1.27.x)	Run tests	2026-09-11T21:05:06.1593930Z     crypto_stream_test.go:276: offset 4: 2 bytes
Unit tests (macos, Go 1.27.x)	Run tests	2026-09-11T21:05:06.1594110Z     crypto_stream_test.go:276: offset 6: 61 bytes
Unit tests (macos, Go 1.27.x)	Run tests	2026-09-11T21:05:06.1594280Z     crypto_stream_test.go:276: offset 75: 17 bytes
Unit tests (macos, Go 1.27.x)	Run tests	2026-09-11T21:05:06.1594460Z     crypto_stream_test.go:276: offset 92: 2 bytes
Unit tests (macos, Go 1.27.x)	Run tests	2026-09-11T21:05:06.1607500Z     crypto_stream_test.go:276: offset 94: 155 bytes
Unit tests (macos, Go 1.27.x)	Run tests	2026-09-11T21:05:06.1607840Z     crypto_stream_test.go:276: offset 249: 18 bytes
Unit tests (macos, Go 1.27.x)	Run tests	2026-09-11T21:05:06.1608070Z     crypto_stream_test.go:276: offset 267: 45 bytes
Unit tests (macos, Go 1.27.x)	Run tests	2026-09-11T21:05:06.1608250Z     crypto_stream_test.go:276: offset 67: 8 bytes
Unit tests (macos, Go 1.27.x)	Run tests	2026-09-11T21:05:06.1608430Z     crypto_stream_test.go:276: offset 312: 6 bytes
Unit tests (macos, Go 1.27.x)	Run tests	2026-09-11T21:05:06.1608610Z === RUN   TestInitialCryptoStreamClientRandomizedSizes/run_75
Unit tests (macos, Go 1.27.x)	Run tests	2026-09-11T21:05:06.1608940Z     crypto_stream_test.go:225: using a ClientHello without ECH, hostname: ""
Unit tests (macos, Go 1.27.x)	Run tests	2026-09-11T21:05:06.1609140Z     crypto_stream_test.go:273: received 2 frames
Unit tests (macos, Go 1.27.x)	Run tests	2026-09-11T21:05:06.1609380Z     crypto_stream_test.go:276: offset 0: 7 bytes
Unit tests (macos, Go 1.27.x)	Run tests	2026-09-11T21:05:06.1609630Z     crypto_stream_test.go:276: offset 7: 287 bytes
Unit tests (macos, Go 1.27.x)	Run tests	2026-09-11T21:05:06.1609790Z === RUN   TestInitialCryptoStreamClientRandomizedSizes/run_76
Unit tests (macos, Go 1.27.x)	Run tests	2026-09-11T21:05:06.1610140Z     crypto_stream_test.go:225: using a ClientHello without ECH, hostname: "zruzehagp.i"
Unit tests (macos, Go 1.27.x)	Run tests	2026-09-11T21:05:06.1610340Z     crypto_stream_test.go:273: received 10 frames
Unit tests (macos, Go 1.27.x)	Run tests	2026-09-11T21:05:06.1610510Z     crypto_stream_test.go:276: offset 0: 27 bytes
Unit tests (macos, Go 1.27.x)	Run tests	2026-09-11T21:05:06.1610690Z     crypto_stream_test.go:276: offset 27: 23 bytes
Unit tests (macos, Go 1.27.x)	Run tests	2026-09-11T21:05:06.1610870Z     crypto_stream_test.go:276: offset 50: 11 bytes
Unit tests (macos, Go 1.27.x)	Run tests	2026-09-11T21:05:06.1611040Z     crypto_stream_test.go:276: offset 61: 4 bytes
Unit tests (macos, Go 1.27.x)	Run tests	2026-09-11T21:05:06.1611220Z     crypto_stream_test.go:276: offset 71: 6 bytes
Unit tests (macos, Go 1.27.x)	Run tests	2026-09-11T21:05:06.1611430Z     crypto_stream_test.go:276: offset 77: 314 bytes
Unit tests (macos, Go 1.27.x)	Run tests	2026-09-11T21:05:06.1611640Z     crypto_stream_test.go:276: offset 391: 28 bytes
Unit tests (macos, Go 1.27.x)	Run tests	2026-09-11T21:05:06.1612120Z     crypto_stream_test.go:276: offset 419: 18 bytes
Unit tests (macos, Go 1.27.x)	Run tests	2026-09-11T21:05:06.1612290Z     crypto_stream_test.go:276: offset 65: 6 bytes
Unit tests (macos, Go 1.27.x)	Run tests	2026-09-11T21:05:06.1612470Z     crypto_stream_test.go:276: offset 437: 6 bytes
Unit tests (macos, Go 1.27.x)	Run tests	2026-09-11T21:05:06.1612630Z === RUN   TestInitialCryptoStreamClientRandomizedSizes/run_77
Unit tests (macos, Go 1.27.x)	Run tests	2026-09-11T21:05:06.1613680Z     crypto_stream_test.go:225: using a ClientHello without ECH, hostname: ""
Unit tests (macos, Go 1.27.x)	Run tests	2026-09-11T21:05:06.1625520Z     crypto_stream_test.go:273: received 4 frames
Unit tests (macos, Go 1.27.x)	Run tests	2026-09-11T21:05:06.1625780Z     crypto_stream_test.go:276: offset 0: 25 bytes
Unit tests (macos, Go 1.27.x)	Run tests	2026-09-11T21:05:06.1625970Z     crypto_stream_test.go:276: offset 25: 263 bytes
Unit tests (macos, Go 1.27.x)	Run tests	2026-09-11T21:05:06.1626150Z     crypto_stream_test.go:276: offset 288: 3 bytes
Unit tests (macos, Go 1.27.x)	Run tests	2026-09-11T21:05:06.1626340Z     crypto_stream_test.go:276: offset 291: 109 bytes
Unit tests (macos, Go 1.27.x)	Run tests	2026-09-11T21:05:06.1626840Z === RUN   TestInitialCryptoStreamClientRandomizedSizes/run_78
Unit tests (macos, Go 1.27.x)	Run tests	2026-09-11T21:05:06.1627190Z     crypto_stream_test.go:230: using a ClientHello with ECH, hostname: "sklr.ocars"
Unit tests (macos, Go 1.27.x)	Run tests	2026-09-11T21:05:06.1627400Z     crypto_stream_test.go:273: received 30 frames
Unit tests (macos, Go 1.27.x)	Run tests	2026-09-11T21:05:06.1627580Z     crypto_stream_test.go:276: offset 0: 65 bytes
Unit tests (macos, Go 1.27.x)	Run tests	2026-09-11T21:05:06.1627760Z     crypto_stream_test.go:276: offset 70: 10 bytes
Unit tests (macos, Go 1.27.x)	Run tests	2026-09-11T21:05:06.1627940Z     crypto_stream_test.go:276: offset 80: 12 bytes
Unit tests (macos, Go 1.27.x)	Run tests	2026-09-11T21:05:06.1628120Z     crypto_stream_test.go:276: offset 92: 6 bytes
Unit tests (macos, Go 1.27.x)	Run tests	2026-09-11T21:05:06.1628310Z     crypto_stream_test.go:276: offset 98: 16 bytes
Unit tests (macos, Go 1.27.x)	Run tests	2026-09-11T21:05:06.1628490Z     crypto_stream_test.go:276: offset 114: 1 bytes
Unit tests (macos, Go 1.27.x)	Run tests	2026-09-11T21:05:06.1628730Z     crypto_stream_test.go:276: offset 115: 11 bytes
Unit tests (macos, Go 1.27.x)	Run tests	2026-09-11T21:05:06.1631590Z     crypto_stream_test.go:276: offset 126: 16 bytes
Unit tests (macos, Go 1.27.x)	Run tests	2026-09-11T21:05:06.1632280Z     crypto_stream_test.go:276: offset 142: 44 bytes
Unit tests (macos, Go 1.27.x)	Run tests	2026-09-11T21:05:06.1632790Z     crypto_stream_test.go:276: offset 202: 3 bytes
Unit tests (macos, Go 1.27.x)	Run tests	2026-09-11T21:05:06.1633280Z     crypto_stream_test.go:276: offset 205: 10 bytes
Unit tests (macos, Go 1.27.x)	Run tests	2026-09-11T21:05:06.1633730Z     crypto_stream_test.go:276: offset 215: 4 bytes
Unit tests (macos, Go 1.27.x)	Run tests	2026-09-11T21:05:06.1634180Z     crypto_stream_test.go:276: offset 219: 3 bytes
Unit tests (macos, Go 1.27.x)	Run tests	2026-09-11T21:05:06.1634620Z     crypto_stream_test.go:276: offset 222: 25 bytes
Unit tests (macos, Go 1.27.x)	Run tests	2026-09-11T21:05:06.1635810Z     crypto_stream_test.go:276: offset 247: 14 bytes
Unit tests (macos, Go 1.27.x)	Run tests	2026-09-11T21:05:06.1636250Z     crypto_stream_test.go:276: offset 261: 7 bytes
Unit tests (macos, Go 1.27.x)	Run tests	2026-09-11T21:05:06.1636700Z     crypto_stream_test.go:276: offset 268: 179 bytes
Unit tests (macos, Go 1.27.x)	Run tests	2026-09-11T21:05:06.1637150Z     crypto_stream_test.go:276: offset 447: 8 bytes
Unit tests (macos, Go 1.27.x)	Run tests	2026-09-11T21:05:06.1637660Z     crypto_stream_test.go:276: offset 455: 12 bytes
Unit tests (macos, Go 1.27.x)	Run tests	2026-09-11T21:05:06.1638100Z     crypto_stream_test.go:276: offset 467: 7 bytes
Unit tests (macos, Go 1.27.x)	Run tests	2026-09-11T21:05:06.1638530Z     crypto_stream_test.go:276: offset 474: 1 bytes
Unit tests (macos, Go 1.27.x)	Run tests	2026-09-11T21:05:06.1638990Z     crypto_stream_test.go:276: offset 475: 14 bytes
Unit tests (macos, Go 1.27.x)	Run tests	2026-09-11T21:05:06.1639450Z     crypto_stream_test.go:276: offset 489: 27 bytes
Unit tests (macos, Go 1.27.x)	Run tests	2026-09-11T21:05:06.1639910Z     crypto_stream_test.go:276: offset 516: 21 bytes
Unit tests (macos, Go 1.27.x)	Run tests	2026-09-11T21:05:06.1640370Z     crypto_stream_test.go:276: offset 537: 25 bytes
Unit tests (macos, Go 1.27.x)	Run tests	2026-09-11T21:05:06.1640830Z     crypto_stream_test.go:276: offset 562: 16 bytes
Unit tests (macos, Go 1.27.x)	Run tests	2026-09-11T21:05:06.1641300Z     crypto_stream_test.go:276: offset 578: 86 bytes
Unit tests (macos, Go 1.27.x)	Run tests	2026-09-11T21:05:06.1641770Z     crypto_stream_test.go:276: offset 65: 5 bytes
Unit tests (macos, Go 1.27.x)	Run tests	2026-09-11T21:05:06.1642230Z     crypto_stream_test.go:276: offset 186: 16 bytes
Unit tests (macos, Go 1.27.x)	Run tests	2026-09-11T21:05:06.1642690Z     crypto_stream_test.go:276: offset 664: 6 bytes
Unit tests (macos, Go 1.27.x)	Run tests	2026-09-11T21:05:06.1643110Z === RUN   TestInitialCryptoStreamClientRandomizedSizes/run_79
Unit tests (macos, Go 1.27.x)	Run tests	2026-09-11T21:05:06.1643850Z     crypto_stream_test.go:225: using a ClientHello without ECH, hostname: ""
Unit tests (macos, Go 1.27.x)	Run tests	2026-09-11T21:05:06.1644320Z     crypto_stream_test.go:273: received 8 frames
Unit tests (macos, Go 1.27.x)	Run tests	2026-09-11T21:05:06.1644760Z     crypto_stream_test.go:276: offset 0: 197 bytes
Unit tests (macos, Go 1.27.x)	Run tests	2026-09-11T21:05:06.1645240Z     crypto_stream_test.go:276: offset 197: 13 bytes
Unit tests (macos, Go 1.27.x)	Run tests	2026-09-11T21:05:06.1645710Z     crypto_stream_test.go:276: offset 210: 19 bytes
Unit tests (macos, Go 1.27.x)	Run tests	2026-09-11T21:05:06.1646160Z     crypto_stream_test.go:276: offset 229: 110 bytes
Unit tests (macos, Go 1.27.x)	Run tests	2026-09-11T21:05:06.1647870Z     crypto_stream_test.go:276: offset 339: 22 bytes
Unit tests (macos, Go 1.27.x)	Run tests	2026-09-11T21:05:06.1655880Z     crypto_stream_test.go:276: offset 361: 8 bytes
Unit tests (macos, Go 1.27.x)	Run tests	2026-09-11T21:05:06.1656520Z     crypto_stream_test.go:276: offset 369: 17 bytes
Unit tests (macos, Go 1.27.x)	Run tests	2026-09-11T21:05:06.1656990Z     crypto_stream_test.go:276: offset 386: 54 bytes
Unit tests (macos, Go 1.27.x)	Run tests	2026-09-11T21:05:06.1657410Z === RUN   TestInitialCryptoStreamClientRandomizedSizes/run_80
Unit tests (macos, Go 1.27.x)	Run tests	2026-09-11T21:05:06.1658350Z     crypto_stream_test.go:230: using a ClientHello with ECH, hostname: "bwh.ntpe.uigxgncudpmv.cf"
Unit tests (macos, Go 1.27.x)	Run tests	2026-09-11T21:05:06.1658830Z     crypto_stream_test.go:273: received 14 frames
Unit tests (macos, Go 1.27.x)	Run tests	2026-09-11T21:05:06.1659280Z     crypto_stream_test.go:276: offset 0: 72 bytes
Unit tests (macos, Go 1.27.x)	Run tests	2026-09-11T21:05:06.1659710Z     crypto_stream_test.go:276: offset 84: 3 bytes
Unit tests (macos, Go 1.27.x)	Run tests	2026-09-11T21:05:06.1660830Z     crypto_stream_test.go:276: offset 87: 26 bytes
Unit tests (macos, Go 1.27.x)	Run tests	2026-09-11T21:05:06.1661280Z     crypto_stream_test.go:276: offset 113: 12 bytes
Unit tests (macos, Go 1.27.x)	Run tests	2026-09-11T21:05:06.1661720Z     crypto_stream_test.go:276: offset 125: 155 bytes
Unit tests (macos, Go 1.27.x)	Run tests	2026-09-11T21:05:06.1662220Z     crypto_stream_test.go:276: offset 296: 403 bytes
Unit tests (macos, Go 1.27.x)	Run tests	2026-09-11T21:05:06.1662690Z     crypto_stream_test.go:276: offset 699: 8 bytes
Unit tests (macos, Go 1.27.x)	Run tests	2026-09-11T21:05:06.1663190Z     crypto_stream_test.go:276: offset 707: 18 bytes
Unit tests (macos, Go 1.27.x)	Run tests	2026-09-11T21:05:06.1663660Z     crypto_stream_test.go:276: offset 725: 28 bytes
Unit tests (macos, Go 1.27.x)	Run tests	2026-09-11T21:05:06.1664090Z     crypto_stream_test.go:276: offset 753: 69 bytes
Unit tests (macos, Go 1.27.x)	Run tests	2026-09-11T21:05:06.1664560Z     crypto_stream_test.go:276: offset 72: 12 bytes
Unit tests (macos, Go 1.27.x)	Run tests	2026-09-11T21:05:06.1665050Z     crypto_stream_test.go:276: offset 280: 7 bytes
Unit tests (macos, Go 1.27.x)	Run tests	2026-09-11T21:05:06.1665480Z     crypto_stream_test.go:276: offset 287: 9 bytes
Unit tests (macos, Go 1.27.x)	Run tests	2026-09-11T21:05:06.1665940Z     crypto_stream_test.go:276: offset 822: 6 bytes
Unit tests (macos, Go 1.27.x)	Run tests	2026-09-11T21:05:06.1666360Z === RUN   TestInitialCryptoStreamClientRandomizedSizes/run_81
Unit tests (macos, Go 1.27.x)	Run tests	2026-09-11T21:05:06.1667040Z     crypto_stream_test.go:225: using a ClientHello without ECH, hostname: ""
Unit tests (macos, Go 1.27.x)	Run tests	2026-09-11T21:05:06.1676890Z     crypto_stream_test.go:273: received 4 frames
Unit tests (macos, Go 1.27.x)	Run tests	2026-09-11T21:05:06.1677390Z     crypto_stream_test.go:276: offset 0: 3 bytes
Unit tests (macos, Go 1.27.x)	Run tests	2026-09-11T21:05:06.1677570Z     crypto_stream_test.go:276: offset 3: 198 bytes
Unit tests (macos, Go 1.27.x)	Run tests	2026-09-11T21:05:06.1677770Z     crypto_stream_test.go:276: offset 201: 18 bytes
Unit tests (macos, Go 1.27.x)	Run tests	2026-09-11T21:05:06.1677990Z     crypto_stream_test.go:276: offset 219: 24 bytes
Unit tests (macos, Go 1.27.x)	Run tests	2026-09-11T21:05:06.1678160Z === RUN   TestInitialCryptoStreamClientRandomizedSizes/run_82
Unit tests (macos, Go 1.27.x)	Run tests	2026-09-11T21:05:06.1678540Z     crypto_stream_test.go:225: using a ClientHello without ECH, hostname: "k.ptezw.becaw"
Unit tests (macos, Go 1.27.x)	Run tests	2026-09-11T21:05:06.1678720Z     crypto_stream_test.go:273: received 11 frames
Unit tests (macos, Go 1.27.x)	Run tests	2026-09-11T21:05:06.1678910Z     crypto_stream_test.go:276: offset 0: 28 bytes
Unit tests (macos, Go 1.27.x)	Run tests	2026-09-11T21:05:06.1679120Z     crypto_stream_test.go:276: offset 28: 12 bytes
Unit tests (macos, Go 1.27.x)	Run tests	2026-09-11T21:05:06.1679290Z     crypto_stream_test.go:276: offset 40: 26 bytes
Unit tests (macos, Go 1.27.x)	Run tests	2026-09-11T21:05:06.1679510Z     crypto_stream_test.go:276: offset 73: 9 bytes
Unit tests (macos, Go 1.27.x)	Run tests	2026-09-11T21:05:06.1679760Z     crypto_stream_test.go:276: offset 82: 11 bytes
Unit tests (macos, Go 1.27.x)	Run tests	2026-09-11T21:05:06.1679960Z     crypto_stream_test.go:276: offset 93: 7 bytes
Unit tests (macos, Go 1.27.x)	Run tests	2026-09-11T21:05:06.1680180Z     crypto_stream_test.go:276: offset 100: 19 bytes
Unit tests (macos, Go 1.27.x)	Run tests	2026-09-11T21:05:06.1680420Z     crypto_stream_test.go:276: offset 119: 24 bytes
Unit tests (macos, Go 1.27.x)	Run tests	2026-09-11T21:05:06.1680620Z     crypto_stream_test.go:276: offset 143: 244 bytes
Unit tests (macos, Go 1.27.x)	Run tests	2026-09-11T21:05:06.1680850Z     crypto_stream_test.go:276: offset 66: 7 bytes
Unit tests (macos, Go 1.27.x)	Run tests	2026-09-11T21:05:06.1681110Z     crypto_stream_test.go:276: offset 387: 6 bytes
Unit tests (macos, Go 1.27.x)	Run tests	2026-09-11T21:05:06.1681270Z === RUN   TestInitialCryptoStreamClientRandomizedSizes/run_83
Unit tests (macos, Go 1.27.x)	Run tests	2026-09-11T21:05:06.1681640Z     crypto_stream_test.go:230: using a ClientHello with ECH, hostname: "oe.dnhyz"
Unit tests (macos, Go 1.27.x)	Run tests	2026-09-11T21:05:06.1681840Z     crypto_stream_test.go:273: received 22 frames
Unit tests (macos, Go 1.27.x)	Run tests	2026-09-11T21:05:06.1682090Z     crypto_stream_test.go:276: offset 0: 2 bytes
Unit tests (macos, Go 1.27.x)	Run tests	2026-09-11T21:05:06.1682310Z     crypto_stream_test.go:276: offset 2: 13 bytes
Unit tests (macos, Go 1.27.x)	Run tests	2026-09-11T21:05:06.1682530Z     crypto_stream_test.go:276: offset 15: 9 bytes
Unit tests (macos, Go 1.27.x)	Run tests	2026-09-11T21:05:06.1683250Z     crypto_stream_test.go:276: offset 24: 26 bytes
Unit tests (macos, Go 1.27.x)	Run tests	2026-09-11T21:05:06.1684320Z     crypto_stream_test.go:276: offset 50: 14 bytes
Unit tests (macos, Go 1.27.x)	Run tests	2026-09-11T21:05:06.1684500Z     crypto_stream_test.go:276: offset 68: 5 bytes
Unit tests (macos, Go 1.27.x)	Run tests	2026-09-11T21:05:06.1684790Z     crypto_stream_test.go:276: offset 73: 18 bytes
Unit tests (macos, Go 1.27.x)	Run tests	2026-09-11T21:05:06.1685010Z     crypto_stream_test.go:276: offset 91: 25 bytes
Unit tests (macos, Go 1.27.x)	Run tests	2026-09-11T21:05:06.1685240Z     crypto_stream_test.go:276: offset 116: 14 bytes
Unit tests (macos, Go 1.27.x)	Run tests	2026-09-11T21:05:06.1686820Z     crypto_stream_test.go:276: offset 130: 44 bytes
Unit tests (macos, Go 1.27.x)	Run tests	2026-09-11T21:05:06.1687090Z     crypto_stream_test.go:276: offset 190: 165 bytes
Unit tests (macos, Go 1.27.x)	Run tests	2026-09-11T21:05:06.1687300Z     crypto_stream_test.go:276: offset 355: 25 bytes
Unit tests (macos, Go 1.27.x)	Run tests	2026-09-11T21:05:06.1688030Z     crypto_stream_test.go:276: offset 380: 18 bytes
Unit tests (macos, Go 1.27.x)	Run tests	2026-09-11T21:05:06.1688390Z     crypto_stream_test.go:276: offset 398: 23 bytes
Unit tests (macos, Go 1.27.x)	Run tests	2026-09-11T21:05:06.1689080Z     crypto_stream_test.go:276: offset 421: 164 bytes
Unit tests (macos, Go 1.27.x)	Run tests	2026-09-11T21:05:06.1689430Z     crypto_stream_test.go:276: offset 585: 7 bytes
Unit tests (macos, Go 1.27.x)	Run tests	2026-09-11T21:05:06.1689830Z     crypto_stream_test.go:276: offset 592: 24 bytes
Unit tests (macos, Go 1.27.x)	Run tests	2026-09-11T21:05:06.1690100Z     crypto_stream_test.go:276: offset 616: 4 bytes
Unit tests (macos, Go 1.27.x)	Run tests	2026-09-11T21:05:06.1690660Z     crypto_stream_test.go:276: offset 64: 4 bytes
Unit tests (macos, Go 1.27.x)	Run tests	2026-09-11T21:05:06.1691520Z     crypto_stream_test.go:276: offset 174: 16 bytes
Unit tests (macos, Go 1.27.x)	Run tests	2026-09-11T21:05:06.1693590Z     crypto_stream_test.go:276: offset 620: 2 bytes
Unit tests (macos, Go 1.27.x)	Run tests	2026-09-11T21:05:06.1694450Z     crypto_stream_test.go:276: offset 622: 4 bytes
Unit tests (macos, Go 1.27.x)	Run tests	2026-09-11T21:05:06.1695230Z === RUN   TestInitialCryptoStreamClientRandomizedSizes/run_84
Unit tests (macos, Go 1.27.x)	Run tests	2026-09-11T21:05:06.1696270Z     crypto_stream_test.go:225: using a ClientHello without ECH, hostname: "aet.c.uuoyrcp"
Unit tests (macos, Go 1.27.x)	Run tests	2026-09-11T21:05:06.1696660Z     crypto_stream_test.go:273: received 8 frames
Unit tests (macos, Go 1.27.x)	Run tests	2026-09-11T21:05:06.1696950Z     crypto_stream_test.go:276: offset 0: 66 bytes
Unit tests (macos, Go 1.27.x)	Run tests	2026-09-11T21:05:06.1697400Z     crypto_stream_test.go:276: offset 73: 4 bytes
Unit tests (macos, Go 1.27.x)	Run tests	2026-09-11T21:05:06.1697740Z     crypto_stream_test.go:276: offset 77: 73 bytes
Unit tests (macos, Go 1.27.x)	Run tests	2026-09-11T21:05:06.1698050Z     crypto_stream_test.go:276: offset 150: 230 bytes
Unit tests (macos, Go 1.27.x)	Run tests	2026-09-11T21:05:06.1698360Z     crypto_stream_test.go:276: offset 380: 12 bytes
Unit tests (macos, Go 1.27.x)	Run tests	2026-09-11T21:05:06.1698650Z     crypto_stream_test.go:276: offset 66: 7 bytes
Unit tests (macos, Go 1.27.x)	Run tests	2026-09-11T21:05:06.1698970Z     crypto_stream_test.go:276: offset 392: 5 bytes
Unit tests (macos, Go 1.27.x)	Run tests	2026-09-11T21:05:06.1699290Z     crypto_stream_test.go:276: offset 397: 1 bytes
Unit tests (macos, Go 1.27.x)	Run tests	2026-09-11T21:05:06.1699550Z === RUN   TestInitialCryptoStreamClientRandomizedSizes/run_85
Unit tests (macos, Go 1.27.x)	Run tests	2026-09-11T21:05:06.1700130Z     crypto_stream_test.go:225: using a ClientHello without ECH, hostname: "tkq.jy.qcbg.l.qgstmn"
Unit tests (macos, Go 1.27.x)	Run tests	2026-09-11T21:05:06.1700470Z     crypto_stream_test.go:273: received 11 frames
Unit tests (macos, Go 1.27.x)	Run tests	2026-09-11T21:05:06.1700710Z     crypto_stream_test.go:276: offset 0: 29 bytes
Unit tests (macos, Go 1.27.x)	Run tests	2026-09-11T21:05:06.1700960Z     crypto_stream_test.go:276: offset 29: 10 bytes
Unit tests (macos, Go 1.27.x)	Run tests	2026-09-11T21:05:06.1701490Z     crypto_stream_test.go:276: offset 39: 22 bytes
Unit tests (macos, Go 1.27.x)	Run tests	2026-09-11T21:05:06.1702240Z     crypto_stream_test.go:276: offset 61: 9 bytes
Unit tests (macos, Go 1.27.x)	Run tests	2026-09-11T21:05:06.1736500Z     crypto_stream_test.go:276: offset 80: 20 bytes
Unit tests (macos, Go 1.27.x)	Run tests	2026-09-11T21:05:06.1737390Z     crypto_stream_test.go:276: offset 100: 24 bytes
Unit tests (macos, Go 1.27.x)	Run tests	2026-09-11T21:05:06.1737610Z     crypto_stream_test.go:276: offset 124: 323 bytes
Unit tests (macos, Go 1.27.x)	Run tests	2026-09-11T21:05:06.1737790Z     crypto_stream_test.go:276: offset 70: 4 bytes
Unit tests (macos, Go 1.27.x)	Run tests	2026-09-11T21:05:06.1737970Z     crypto_stream_test.go:276: offset 74: 2 bytes
Unit tests (macos, Go 1.27.x)	Run tests	2026-09-11T21:05:06.1738150Z     crypto_stream_test.go:276: offset 76: 4 bytes
Unit tests (macos, Go 1.27.x)	Run tests	2026-09-11T21:05:06.1738330Z     crypto_stream_test.go:276: offset 447: 6 bytes
Unit tests (macos, Go 1.27.x)	Run tests	2026-09-11T21:05:06.1738510Z === RUN   TestInitialCryptoStreamClientRandomizedSizes/run_86
Unit tests (macos, Go 1.27.x)	Run tests	2026-09-11T21:05:06.1738860Z     crypto_stream_test.go:230: using a ClientHello with ECH, hostname: "zu.xpnptb.wjb"
Unit tests (macos, Go 1.27.x)	Run tests	2026-09-11T21:05:06.1739040Z     crypto_stream_test.go:273: received 13 frames
Unit tests (macos, Go 1.27.x)	Run tests	2026-09-11T21:05:06.1739260Z     crypto_stream_test.go:276: offset 0: 66 bytes
Unit tests (macos, Go 1.27.x)	Run tests	2026-09-11T21:05:06.1739440Z     crypto_stream_test.go:276: offset 73: 4 bytes
Unit tests (macos, Go 1.27.x)	Run tests	2026-09-11T21:05:06.1739610Z     crypto_stream_test.go:276: offset 77: 13 bytes
Unit tests (macos, Go 1.27.x)	Run tests	2026-09-11T21:05:06.1740240Z     crypto_stream_test.go:276: offset 90: 18 bytes
Unit tests (macos, Go 1.27.x)	Run tests	2026-09-11T21:05:06.1740420Z     crypto_stream_test.go:276: offset 124: 11 bytes
Unit tests (macos, Go 1.27.x)	Run tests	2026-09-11T21:05:06.1740600Z     crypto_stream_test.go:276: offset 135: 17 bytes
Unit tests (macos, Go 1.27.x)	Run tests	2026-09-11T21:05:06.1740800Z     crypto_stream_test.go:276: offset 152: 26 bytes
Unit tests (macos, Go 1.27.x)	Run tests	2026-09-11T21:05:06.1740990Z     crypto_stream_test.go:276: offset 178: 5 bytes
Unit tests (macos, Go 1.27.x)	Run tests	2026-09-11T21:05:06.1741180Z     crypto_stream_test.go:276: offset 183: 307 bytes
Unit tests (macos, Go 1.27.x)	Run tests	2026-09-11T21:05:06.1741360Z     crypto_stream_test.go:276: offset 66: 7 bytes
Unit tests (macos, Go 1.27.x)	Run tests	2026-09-11T21:05:06.1741540Z     crypto_stream_test.go:276: offset 108: 3 bytes
Unit tests (macos, Go 1.27.x)	Run tests	2026-09-11T21:05:06.1741720Z     crypto_stream_test.go:276: offset 111: 13 bytes
Unit tests (macos, Go 1.27.x)	Run tests	2026-09-11T21:05:06.1741890Z     crypto_stream_test.go:276: offset 490: 6 bytes
Unit tests (macos, Go 1.27.x)	Run tests	2026-09-11T21:05:06.1743720Z === RUN   TestInitialCryptoStreamClientRandomizedSizes/run_87
Unit tests (macos, Go 1.27.x)	Run tests	2026-09-11T21:05:06.1744590Z     crypto_stream_test.go:230: using a ClientHello with ECH, hostname: "m.pfdzfqduwahd"
Unit tests (macos, Go 1.27.x)	Run tests	2026-09-11T21:05:06.1745040Z     crypto_stream_test.go:273: received 19 frames
Unit tests (macos, Go 1.27.x)	Run tests	2026-09-11T21:05:06.1745470Z     crypto_stream_test.go:276: offset 0: 1 bytes
Unit tests (macos, Go 1.27.x)	Run tests	2026-09-11T21:05:06.1745900Z     crypto_stream_test.go:276: offset 1: 22 bytes
Unit tests (macos, Go 1.27.x)	Run tests	2026-09-11T21:05:06.1746420Z     crypto_stream_test.go:276: offset 23: 28 bytes
Unit tests (macos, Go 1.27.x)	Run tests	2026-09-11T21:05:06.1746870Z     crypto_stream_test.go:276: offset 51: 16 bytes
Unit tests (macos, Go 1.27.x)	Run tests	2026-09-11T21:05:06.1747310Z     crypto_stream_test.go:276: offset 74: 7 bytes
Unit tests (macos, Go 1.27.x)	Run tests	2026-09-11T21:05:06.1747730Z     crypto_stream_test.go:276: offset 81: 1 bytes
Unit tests (macos, Go 1.27.x)	Run tests	2026-09-11T21:05:06.1748300Z     crypto_stream_test.go:276: offset 82: 19 bytes
Unit tests (macos, Go 1.27.x)	Run tests	2026-09-11T21:05:06.1748790Z     crypto_stream_test.go:276: offset 101: 28 bytes
Unit tests (macos, Go 1.27.x)	Run tests	2026-09-11T21:05:06.1749260Z     crypto_stream_test.go:276: offset 129: 23 bytes
Unit tests (macos, Go 1.27.x)	Run tests	2026-09-11T21:05:06.1749890Z     crypto_stream_test.go:276: offset 168: 23 bytes
Unit tests (macos, Go 1.27.x)	Run tests	2026-09-11T21:05:06.1750550Z     crypto_stream_test.go:276: offset 191: 11 bytes
Unit tests (macos, Go 1.27.x)	Run tests	2026-09-11T21:05:06.1750800Z     crypto_stream_test.go:276: offset 202: 20 bytes
Unit tests (macos, Go 1.27.x)	Run tests	2026-09-11T21:05:06.1751030Z     crypto_stream_test.go:276: offset 222: 11 bytes
Unit tests (macos, Go 1.27.x)	Run tests	2026-09-11T21:05:06.1751220Z     crypto_stream_test.go:276: offset 233: 5 bytes
Unit tests (macos, Go 1.27.x)	Run tests	2026-09-11T21:05:06.1751430Z     crypto_stream_test.go:276: offset 238: 3 bytes
Unit tests (macos, Go 1.27.x)	Run tests	2026-09-11T21:05:06.1751680Z     crypto_stream_test.go:276: offset 241: 325 bytes
Unit tests (macos, Go 1.27.x)	Run tests	2026-09-11T21:05:06.1751880Z     crypto_stream_test.go:276: offset 67: 7 bytes
Unit tests (macos, Go 1.27.x)	Run tests	2026-09-11T21:05:06.1752080Z     crypto_stream_test.go:276: offset 152: 16 bytes
Unit tests (macos, Go 1.27.x)	Run tests	2026-09-11T21:05:06.1752260Z     crypto_stream_test.go:276: offset 566: 6 bytes
Unit tests (macos, Go 1.27.x)	Run tests	2026-09-11T21:05:06.1752420Z === RUN   TestInitialCryptoStreamClientRandomizedSizes/run_88
Unit tests (macos, Go 1.27.x)	Run tests	2026-09-11T21:05:06.1752740Z     crypto_stream_test.go:225: using a ClientHello without ECH, hostname: ""
Unit tests (macos, Go 1.27.x)	Run tests	2026-09-11T21:05:06.1761220Z     crypto_stream_test.go:273: received 11 frames
Unit tests (macos, Go 1.27.x)	Run tests	2026-09-11T21:05:06.1762070Z     crypto_stream_test.go:276: offset 0: 7 bytes
Unit tests (macos, Go 1.27.x)	Run tests	2026-09-11T21:05:06.1762540Z     crypto_stream_test.go:276: offset 7: 180 bytes
Unit tests (macos, Go 1.27.x)	Run tests	2026-09-11T21:05:06.1763000Z     crypto_stream_test.go:276: offset 187: 7 bytes
Unit tests (macos, Go 1.27.x)	Run tests	2026-09-11T21:05:06.1763460Z     crypto_stream_test.go:276: offset 194: 97 bytes
Unit tests (macos, Go 1.27.x)	Run tests	2026-09-11T21:05:06.1763950Z     crypto_stream_test.go:276: offset 291: 13 bytes
Unit tests (macos, Go 1.27.x)	Run tests	2026-09-11T21:05:06.1764410Z     crypto_stream_test.go:276: offset 304: 25 bytes
Unit tests (macos, Go 1.27.x)	Run tests	2026-09-11T21:05:06.1765210Z     crypto_stream_test.go:276: offset 329: 10 bytes
Unit tests (macos, Go 1.27.x)	Run tests	2026-09-11T21:05:06.1765760Z     crypto_stream_test.go:276: offset 339: 11 bytes
Unit tests (macos, Go 1.27.x)	Run tests	2026-09-11T21:05:06.1766200Z     crypto_stream_test.go:276: offset 350: 8 bytes
Unit tests (macos, Go 1.27.x)	Run tests	2026-09-11T21:05:06.1766690Z     crypto_stream_test.go:276: offset 358: 1 bytes
Unit tests (macos, Go 1.27.x)	Run tests	2026-09-11T21:05:06.1767200Z     crypto_stream_test.go:276: offset 359: 35 bytes
Unit tests (macos, Go 1.27.x)	Run tests	2026-09-11T21:05:06.1767630Z === RUN   TestInitialCryptoStreamClientRandomizedSizes/run_89
Unit tests (macos, Go 1.27.x)	Run tests	2026-09-11T21:05:06.1768400Z     crypto_stream_test.go:225: using a ClientHello without ECH, hostname: ""
Unit tests (macos, Go 1.27.x)	Run tests	2026-09-11T21:05:06.1768870Z     crypto_stream_test.go:273: received 2 frames
Unit tests (macos, Go 1.27.x)	Run tests	2026-09-11T21:05:06.1770070Z     crypto_stream_test.go:276: offset 0: 27 bytes
Unit tests (macos, Go 1.27.x)	Run tests	2026-09-11T21:05:06.1770570Z     crypto_stream_test.go:276: offset 27: 247 bytes
Unit tests (macos, Go 1.27.x)	Run tests	2026-09-11T21:05:06.1771020Z === RUN   TestInitialCryptoStreamClientRandomizedSizes/run_90
Unit tests (macos, Go 1.27.x)	Run tests	2026-09-11T21:05:06.1776400Z     crypto_stream_test.go:230: using a ClientHello with ECH, hostname: "jfsao.mk"
Unit tests (macos, Go 1.27.x)	Run tests	2026-09-11T21:05:06.1777350Z     crypto_stream_test.go:273: received 13 frames
Unit tests (macos, Go 1.27.x)	Run tests	2026-09-11T21:05:06.1777890Z     crypto_stream_test.go:276: offset 0: 64 bytes
Unit tests (macos, Go 1.27.x)	Run tests	2026-09-11T21:05:06.1778340Z     crypto_stream_test.go:276: offset 68: 18 bytes
Unit tests (macos, Go 1.27.x)	Run tests	2026-09-11T21:05:06.1778830Z     crypto_stream_test.go:276: offset 86: 4 bytes
Unit tests (macos, Go 1.27.x)	Run tests	2026-09-11T21:05:06.1779340Z     crypto_stream_test.go:276: offset 90: 22 bytes
Unit tests (macos, Go 1.27.x)	Run tests	2026-09-11T21:05:06.1779860Z     crypto_stream_test.go:276: offset 112: 17 bytes
Unit tests (macos, Go 1.27.x)	Run tests	2026-09-11T21:05:06.1781040Z     crypto_stream_test.go:276: offset 145: 10 bytes
Unit tests (macos, Go 1.27.x)	Run tests	2026-09-11T21:05:06.1781530Z     crypto_stream_test.go:276: offset 155: 23 bytes
Unit tests (macos, Go 1.27.x)	Run tests	2026-09-11T21:05:06.1789340Z     crypto_stream_test.go:276: offset 178: 27 bytes
Unit tests (macos, Go 1.27.x)	Run tests	2026-09-11T21:05:06.1789570Z     crypto_stream_test.go:276: offset 205: 7 bytes
Unit tests (macos, Go 1.27.x)	Run tests	2026-09-11T21:05:06.1795950Z     crypto_stream_test.go:276: offset 212: 331 bytes
Unit tests (macos, Go 1.27.x)	Run tests	2026-09-11T21:05:06.1806800Z     crypto_stream_test.go:276: offset 64: 4 bytes
Unit tests (macos, Go 1.27.x)	Run tests	2026-09-11T21:05:06.1807370Z     crypto_stream_test.go:276: offset 129: 16 bytes
Unit tests (macos, Go 1.27.x)	Run tests	2026-09-11T21:05:06.1807810Z     crypto_stream_test.go:276: offset 543: 6 bytes
Unit tests (macos, Go 1.27.x)	Run tests	2026-09-11T21:05:06.1808230Z === RUN   TestInitialCryptoStreamClientRandomizedSizes/run_91
Unit tests (macos, Go 1.27.x)	Run tests	2026-09-11T21:05:06.1808990Z     crypto_stream_test.go:225: using a ClientHello without ECH, hostname: ""
Unit tests (macos, Go 1.27.x)	Run tests	2026-09-11T21:05:06.1809460Z     crypto_stream_test.go:273: received 1 frames
Unit tests (macos, Go 1.27.x)	Run tests	2026-09-11T21:05:06.1809930Z     crypto_stream_test.go:276: offset 0: 330 bytes
Unit tests (macos, Go 1.27.x)	Run tests	2026-09-11T21:05:06.1810380Z === RUN   TestInitialCryptoStreamClientRandomizedSizes/run_92
Unit tests (macos, Go 1.27.x)	Run tests	2026-09-11T21:05:06.1811190Z     crypto_stream_test.go:225: using a ClientHello without ECH, hostname: ""
Unit tests (macos, Go 1.27.x)	Run tests	2026-09-11T21:05:06.1811710Z     crypto_stream_test.go:273: received 1 frames
Unit tests (macos, Go 1.27.x)	Run tests	2026-09-11T21:05:06.1812190Z     crypto_stream_test.go:276: offset 0: 268 bytes
Unit tests (macos, Go 1.27.x)	Run tests	2026-09-11T21:05:06.1812690Z === RUN   TestInitialCryptoStreamClientRandomizedSizes/run_93
Unit tests (macos, Go 1.27.x)	Run tests	2026-09-11T21:05:06.1813550Z     crypto_stream_test.go:225: using a ClientHello without ECH, hostname: "jsxffthz"
Unit tests (macos, Go 1.27.x)	Run tests	2026-09-11T21:05:06.1814040Z     crypto_stream_test.go:273: received 10 frames
Unit tests (macos, Go 1.27.x)	Run tests	2026-09-11T21:05:06.1814550Z     crypto_stream_test.go:276: offset 0: 11 bytes
Unit tests (macos, Go 1.27.x)	Run tests	2026-09-11T21:05:06.1815020Z     crypto_stream_test.go:276: offset 11: 22 bytes
Unit tests (macos, Go 1.27.x)	Run tests	2026-09-11T21:05:06.1815490Z     crypto_stream_test.go:276: offset 33: 31 bytes
Unit tests (macos, Go 1.27.x)	Run tests	2026-09-11T21:05:06.1815930Z     crypto_stream_test.go:276: offset 68: 3 bytes
Unit tests (macos, Go 1.27.x)	Run tests	2026-09-11T21:05:06.2109070Z     crypto_stream_test.go:276: offset 71: 7 bytes
Unit tests (macos, Go 1.27.x)	Run tests	2026-09-11T21:05:06.2109830Z     crypto_stream_test.go:276: offset 78: 10 bytes
Unit tests (macos, Go 1.27.x)	Run tests	2026-09-11T21:05:06.2110320Z     crypto_stream_test.go:276: offset 88: 22 bytes
Unit tests (macos, Go 1.27.x)	Run tests	2026-09-11T21:05:06.2112270Z     crypto_stream_test.go:276: offset 110: 155 bytes
Unit tests (macos, Go 1.27.x)	Run tests	2026-09-11T21:05:06.2112610Z     crypto_stream_test.go:276: offset 64: 4 bytes
Unit tests (macos, Go 1.27.x)	Run tests	2026-09-11T21:05:06.2112860Z     crypto_stream_test.go:276: offset 265: 6 bytes
Unit tests (macos, Go 1.27.x)	Run tests	2026-09-11T21:05:06.2113060Z === RUN   TestInitialCryptoStreamClientRandomizedSizes/run_94
Unit tests (macos, Go 1.27.x)	Run tests	2026-09-11T21:05:06.2113420Z     crypto_stream_test.go:230: using a ClientHello with ECH, hostname: "f.pllwx.dbvjn"
Unit tests (macos, Go 1.27.x)	Run tests	2026-09-11T21:05:06.2113620Z     crypto_stream_test.go:273: received 14 frames
Unit tests (macos, Go 1.27.x)	Run tests	2026-09-11T21:05:06.2113810Z     crypto_stream_test.go:276: offset 0: 7 bytes
Unit tests (macos, Go 1.27.x)	Run tests	2026-09-11T21:05:06.2114020Z     crypto_stream_test.go:276: offset 7: 17 bytes
Unit tests (macos, Go 1.27.x)	Run tests	2026-09-11T21:05:06.2114220Z     crypto_stream_test.go:276: offset 24: 1 bytes
Unit tests (macos, Go 1.27.x)	Run tests	2026-09-11T21:05:06.2114410Z     crypto_stream_test.go:276: offset 25: 41 bytes
Unit tests (macos, Go 1.27.x)	Run tests	2026-09-11T21:05:06.2114620Z     crypto_stream_test.go:276: offset 73: 184 bytes
Unit tests (macos, Go 1.27.x)	Run tests	2026-09-11T21:05:06.2114820Z     crypto_stream_test.go:276: offset 273: 11 bytes
Unit tests (macos, Go 1.27.x)	Run tests	2026-09-11T21:05:06.2115060Z     crypto_stream_test.go:276: offset 284: 454 bytes
Unit tests (macos, Go 1.27.x)	Run tests	2026-09-11T21:05:06.2115780Z     crypto_stream_test.go:276: offset 738: 1 bytes
Unit tests (macos, Go 1.27.x)	Run tests	2026-09-11T21:05:06.2116010Z     crypto_stream_test.go:276: offset 739: 7 bytes
Unit tests (macos, Go 1.27.x)	Run tests	2026-09-11T21:05:06.2116210Z     crypto_stream_test.go:276: offset 746: 9 bytes
Unit tests (macos, Go 1.27.x)	Run tests	2026-09-11T21:05:06.2116860Z     crypto_stream_test.go:276: offset 755: 44 bytes
Unit tests (macos, Go 1.27.x)	Run tests	2026-09-11T21:05:06.2117090Z     crypto_stream_test.go:276: offset 66: 7 bytes
Unit tests (macos, Go 1.27.x)	Run tests	2026-09-11T21:05:06.2117280Z     crypto_stream_test.go:276: offset 257: 16 bytes
Unit tests (macos, Go 1.27.x)	Run tests	2026-09-11T21:05:06.2117460Z     crypto_stream_test.go:276: offset 799: 6 bytes
Unit tests (macos, Go 1.27.x)	Run tests	2026-09-11T21:05:06.2117640Z === RUN   TestInitialCryptoStreamClientRandomizedSizes/run_95
Unit tests (macos, Go 1.27.x)	Run tests	2026-09-11T21:05:06.2118180Z     crypto_stream_test.go:230: using a ClientHello with ECH, hostname: "ne.g.k.e.ezvsmtdyd.z.u"
Unit tests (macos, Go 1.27.x)	Run tests	2026-09-11T21:05:06.2118440Z     crypto_stream_test.go:273: received 19 frames
Unit tests (macos, Go 1.27.x)	Run tests	2026-09-11T21:05:06.2118920Z     crypto_stream_test.go:276: offset 0: 22 bytes
Unit tests (macos, Go 1.27.x)	Run tests	2026-09-11T21:05:06.2119110Z     crypto_stream_test.go:276: offset 22: 18 bytes
Unit tests (macos, Go 1.27.x)	Run tests	2026-09-11T21:05:06.2119310Z     crypto_stream_test.go:276: offset 40: 11 bytes
Unit tests (macos, Go 1.27.x)	Run tests	2026-09-11T21:05:06.2119490Z     crypto_stream_test.go:276: offset 51: 12 bytes
Unit tests (macos, Go 1.27.x)	Run tests	2026-09-11T21:05:06.2119690Z     crypto_stream_test.go:276: offset 63: 8 bytes
Unit tests (macos, Go 1.27.x)	Run tests	2026-09-11T21:05:06.2119910Z     crypto_stream_test.go:276: offset 82: 111 bytes
Unit tests (macos, Go 1.27.x)	Run tests	2026-09-11T21:05:06.2120920Z     crypto_stream_test.go:276: offset 209: 227 bytes
Unit tests (macos, Go 1.27.x)	Run tests	2026-09-11T21:05:06.2121550Z     crypto_stream_test.go:276: offset 436: 95 bytes
Unit tests (macos, Go 1.27.x)	Run tests	2026-09-11T21:05:06.2122090Z     crypto_stream_test.go:276: offset 531: 22 bytes
Unit tests (macos, Go 1.27.x)	Run tests	2026-09-11T21:05:06.2122560Z     crypto_stream_test.go:276: offset 553: 9 bytes
Unit tests (macos, Go 1.27.x)	Run tests	2026-09-11T21:05:06.2123090Z     crypto_stream_test.go:276: offset 562: 19 bytes
Unit tests (macos, Go 1.27.x)	Run tests	2026-09-11T21:05:06.2123640Z     crypto_stream_test.go:276: offset 581: 14 bytes
Unit tests (macos, Go 1.27.x)	Run tests	2026-09-11T21:05:06.2124170Z     crypto_stream_test.go:276: offset 595: 3 bytes
Unit tests (macos, Go 1.27.x)	Run tests	2026-09-11T21:05:06.2124810Z     crypto_stream_test.go:276: offset 598: 5 bytes
Unit tests (macos, Go 1.27.x)	Run tests	2026-09-11T21:05:06.2125380Z     crypto_stream_test.go:276: offset 603: 22 bytes
Unit tests (macos, Go 1.27.x)	Run tests	2026-09-11T21:05:06.2125890Z     crypto_stream_test.go:276: offset 625: 14 bytes
Unit tests (macos, Go 1.27.x)	Run tests	2026-09-11T21:05:06.2126400Z     crypto_stream_test.go:276: offset 71: 11 bytes
Unit tests (macos, Go 1.27.x)	Run tests	2026-09-11T21:05:06.2126880Z     crypto_stream_test.go:276: offset 193: 16 bytes
Unit tests (macos, Go 1.27.x)	Run tests	2026-09-11T21:05:06.2127500Z     crypto_stream_test.go:276: offset 639: 6 bytes
Unit tests (macos, Go 1.27.x)	Run tests	2026-09-11T21:05:06.2127940Z === RUN   TestInitialCryptoStreamClientRandomizedSizes/run_96
Unit tests (macos, Go 1.27.x)	Run tests	2026-09-11T21:05:06.2128690Z     crypto_stream_test.go:225: using a ClientHello without ECH, hostname: ""
Unit tests (macos, Go 1.27.x)	Run tests	2026-09-11T21:05:06.2129130Z     crypto_stream_test.go:273: received 1 frames
Unit tests (macos, Go 1.27.x)	Run tests	2026-09-11T21:05:06.2130850Z     crypto_stream_test.go:276: offset 0: 368 bytes
Unit tests (macos, Go 1.27.x)	Run tests	2026-09-11T21:05:06.2131390Z === RUN   TestInitialCryptoStreamClientRandomizedSizes/run_97
Unit tests (macos, Go 1.27.x)	Run tests	2026-09-11T21:05:06.2132240Z     crypto_stream_test.go:225: using a ClientHello without ECH, hostname: "strw.wlk"
Unit tests (macos, Go 1.27.x)	Run tests	2026-09-11T21:05:06.2132790Z     crypto_stream_test.go:273: received 5 frames
Unit tests (macos, Go 1.27.x)	Run tests	2026-09-11T21:05:06.2136940Z     crypto_stream_test.go:276: offset 0: 64 bytes
Unit tests (macos, Go 1.27.x)	Run tests	2026-09-11T21:05:06.2137290Z     crypto_stream_test.go:276: offset 68: 359 bytes
Unit tests (macos, Go 1.27.x)	Run tests	2026-09-11T21:05:06.2137530Z     crypto_stream_test.go:276: offset 64: 3 bytes
Unit tests (macos, Go 1.27.x)	Run tests	2026-09-11T21:05:06.2137750Z     crypto_stream_test.go:276: offset 67: 1 bytes
Unit tests (macos, Go 1.27.x)	Run tests	2026-09-11T21:05:06.2141060Z     crypto_stream_test.go:276: offset 427: 6 bytes
Unit tests (macos, Go 1.27.x)	Run tests	2026-09-11T21:05:06.2141700Z === RUN   TestInitialCryptoStreamClientRandomizedSizes/run_98
Unit tests (macos, Go 1.27.x)	Run tests	2026-09-11T21:05:06.2142600Z     crypto_stream_test.go:230: using a ClientHello with ECH, hostname: "ixcnodsqo.mnf"
Unit tests (macos, Go 1.27.x)	Run tests	2026-09-11T21:05:06.2143070Z     crypto_stream_test.go:273: received 21 frames
Unit tests (macos, Go 1.27.x)	Run tests	2026-09-11T21:05:06.2143500Z     crypto_stream_test.go:276: offset 0: 14 bytes
Unit tests (macos, Go 1.27.x)	Run tests	2026-09-11T21:05:06.2143930Z     crypto_stream_test.go:276: offset 14: 13 bytes
Unit tests (macos, Go 1.27.x)	Run tests	2026-09-11T21:05:06.2145470Z     crypto_stream_test.go:276: offset 27: 21 bytes
Unit tests (macos, Go 1.27.x)	Run tests	2026-09-11T21:05:06.2145880Z     crypto_stream_test.go:276: offset 48: 18 bytes
Unit tests (macos, Go 1.27.x)	Run tests	2026-09-11T21:05:06.2146080Z     crypto_stream_test.go:276: offset 73: 70 bytes
Unit tests (macos, Go 1.27.x)	Run tests	2026-09-11T21:05:06.2146570Z     crypto_stream_test.go:276: offset 159: 3 bytes
Unit tests (macos, Go 1.27.x)	Run tests	2026-09-11T21:05:06.2146760Z     crypto_stream_test.go:276: offset 162: 4 bytes
Unit tests (macos, Go 1.27.x)	Run tests	2026-09-11T21:05:06.2146940Z     crypto_stream_test.go:276: offset 166: 2 bytes
Unit tests (macos, Go 1.27.x)	Run tests	2026-09-11T21:05:06.2147200Z     crypto_stream_test.go:276: offset 168: 14 bytes
Unit tests (macos, Go 1.27.x)	Run tests	2026-09-11T21:05:06.2147390Z     crypto_stream_test.go:276: offset 182: 25 bytes
Unit tests (macos, Go 1.27.x)	Run tests	2026-09-11T21:05:06.2147590Z     crypto_stream_test.go:276: offset 207: 28 bytes
Unit tests (macos, Go 1.27.x)	Run tests	2026-09-11T21:05:06.2147800Z     crypto_stream_test.go:276: offset 235: 5 bytes
Unit tests (macos, Go 1.27.x)	Run tests	2026-09-11T21:05:06.2148000Z     crypto_stream_test.go:276: offset 240: 25 bytes
Unit tests (macos, Go 1.27.x)	Run tests	2026-09-11T21:05:06.2148180Z     crypto_stream_test.go:276: offset 265: 25 bytes
Unit tests (macos, Go 1.27.x)	Run tests	2026-09-11T21:05:06.2148400Z     crypto_stream_test.go:276: offset 290: 21 bytes
Unit tests (macos, Go 1.27.x)	Run tests	2026-09-11T21:05:06.2148730Z     crypto_stream_test.go:276: offset 311: 12 bytes
Unit tests (macos, Go 1.27.x)	Run tests	2026-09-11T21:05:06.2148930Z     crypto_stream_test.go:276: offset 323: 234 bytes
Unit tests (macos, Go 1.27.x)	Run tests	2026-09-11T21:05:06.2149150Z     crypto_stream_test.go:276: offset 66: 4 bytes
Unit tests (macos, Go 1.27.x)	Run tests	2026-09-11T21:05:06.2149340Z     crypto_stream_test.go:276: offset 70: 3 bytes
Unit tests (macos, Go 1.27.x)	Run tests	2026-09-11T21:05:06.2149570Z     crypto_stream_test.go:276: offset 143: 16 bytes
Unit tests (macos, Go 1.27.x)	Run tests	2026-09-11T21:05:06.2149790Z     crypto_stream_test.go:276: offset 557: 6 bytes
Unit tests (macos, Go 1.27.x)	Run tests	2026-09-11T21:05:06.2150010Z === RUN   TestInitialCryptoStreamClientRandomizedSizes/run_99
Unit tests (macos, Go 1.27.x)	Run tests	2026-09-11T21:05:06.2150370Z     crypto_stream_test.go:225: using a ClientHello without ECH, hostname: ""
Unit tests (macos, Go 1.27.x)	Run tests	2026-09-11T21:05:06.2150560Z     crypto_stream_test.go:273: received 3 frames
Unit tests (macos, Go 1.27.x)	Run tests	2026-09-11T21:05:06.2150780Z     crypto_stream_test.go:276: offset 0: 2 bytes
Unit tests (macos, Go 1.27.x)	Run tests	2026-09-11T21:05:06.2151000Z     crypto_stream_test.go:276: offset 2: 180 bytes
Unit tests (macos, Go 1.27.x)	Run tests	2026-09-11T21:05:06.2151200Z     crypto_stream_test.go:276: offset 182: 128 bytes
Unit tests (macos, Go 1.27.x)	Run tests	2026-09-11T21:05:06.2151380Z --- PASS: TestInitialCryptoStreamClientRandomizedSizes (0.12s)
Unit tests (macos, Go 1.27.x)	Run tests	2026-09-11T21:05:06.2151690Z     --- PASS: TestInitialCryptoStreamClientRandomizedSizes/run_0 (0.00s)
Unit tests (macos, Go 1.27.x)	Run tests	2026-09-11T21:05:06.2151970Z     --- PASS: TestInitialCryptoStreamClientRandomizedSizes/run_1 (0.00s)
Unit tests (macos, Go 1.27.x)	Run tests	2026-09-11T21:05:06.2152240Z     --- PASS: TestInitialCryptoStreamClientRandomizedSizes/run_2 (0.00s)
Unit tests (macos, Go 1.27.x)	Run tests	2026-09-11T21:05:06.2152500Z     --- PASS: TestInitialCryptoStreamClientRandomizedSizes/run_3 (0.00s)
Unit tests (macos, Go 1.27.x)	Run tests	2026-09-11T21:05:06.2152770Z     --- PASS: TestInitialCryptoStreamClientRandomizedSizes/run_4 (0.00s)
Unit tests (macos, Go 1.27.x)	Run tests	2026-09-11T21:05:06.2153090Z     --- PASS: TestInitialCryptoStreamClientRandomizedSizes/run_5 (0.00s)
Unit tests (macos, Go 1.27.x)	Run tests	2026-09-11T21:05:06.2153380Z     --- PASS: TestInitialCryptoStreamClientRandomizedSizes/run_6 (0.00s)
Unit tests (macos, Go 1.27.x)	Run tests	2026-09-11T21:05:06.2153710Z     --- PASS: TestInitialCryptoStreamClientRandomizedSizes/run_7 (0.00s)
Unit tests (macos, Go 1.27.x)	Run tests	2026-09-11T21:05:06.2154340Z     --- PASS: TestInitialCryptoStreamClientRandomizedSizes/run_8 (0.00s)
Unit tests (macos, Go 1.27.x)	Run tests	2026-09-11T21:05:06.2154660Z     --- PASS: TestInitialCryptoStreamClientRandomizedSizes/run_9 (0.00s)
Unit tests (macos, Go 1.27.x)	Run tests	2026-09-11T21:05:06.2154950Z     --- PASS: TestInitialCryptoStreamClientRandomizedSizes/run_10 (0.00s)
Unit tests (macos, Go 1.27.x)	Run tests	2026-09-11T21:05:06.2155520Z     --- PASS: TestInitialCryptoStreamClientRandomizedSizes/run_11 (0.00s)
Unit tests (macos, Go 1.27.x)	Run tests	2026-09-11T21:05:06.2155810Z     --- PASS: TestInitialCryptoStreamClientRandomizedSizes/run_12 (0.00s)
Unit tests (macos, Go 1.27.x)	Run tests	2026-09-11T21:05:06.2156080Z     --- PASS: TestInitialCryptoStreamClientRandomizedSizes/run_13 (0.00s)
Unit tests (macos, Go 1.27.x)	Run tests	2026-09-11T21:05:06.2156390Z     --- PASS: TestInitialCryptoStreamClientRandomizedSizes/run_14 (0.00s)
Unit tests (macos, Go 1.27.x)	Run tests	2026-09-11T21:05:06.2156700Z     --- PASS: TestInitialCryptoStreamClientRandomizedSizes/run_15 (0.00s)
Unit tests (macos, Go 1.27.x)	Run tests	2026-09-11T21:05:06.2156980Z     --- PASS: TestInitialCryptoStreamClientRandomizedSizes/run_16 (0.00s)
Unit tests (macos, Go 1.27.x)	Run tests	2026-09-11T21:05:06.2157310Z     --- PASS: TestInitialCryptoStreamClientRandomizedSizes/run_17 (0.00s)
Unit tests (macos, Go 1.27.x)	Run tests	2026-09-11T21:05:06.2157600Z     --- PASS: TestInitialCryptoStreamClientRandomizedSizes/run_18 (0.00s)
Unit tests (macos, Go 1.27.x)	Run tests	2026-09-11T21:05:06.2157920Z     --- PASS: TestInitialCryptoStreamClientRandomizedSizes/run_19 (0.00s)
Unit tests (macos, Go 1.27.x)	Run tests	2026-09-11T21:05:06.2158230Z     --- PASS: TestInitialCryptoStreamClientRandomizedSizes/run_20 (0.00s)
Unit tests (macos, Go 1.27.x)	Run tests	2026-09-11T21:05:06.2158810Z     --- PASS: TestInitialCryptoStreamClientRandomizedSizes/run_21 (0.00s)
Unit tests (macos, Go 1.27.x)	Run tests	2026-09-11T21:05:06.2159540Z     --- PASS: TestInitialCryptoStreamClientRandomizedSizes/run_22 (0.00s)
Unit tests (macos, Go 1.27.x)	Run tests	2026-09-11T21:05:06.2160240Z     --- PASS: TestInitialCryptoStreamClientRandomizedSizes/run_23 (0.00s)
Unit tests (macos, Go 1.27.x)	Run tests	2026-09-11T21:05:06.2160560Z     --- PASS: TestInitialCryptoStreamClientRandomizedSizes/run_24 (0.00s)
Unit tests (macos, Go 1.27.x)	Run tests	2026-09-11T21:05:06.2160900Z     --- PASS: TestInitialCryptoStreamClientRandomizedSizes/run_25 (0.00s)
Unit tests (macos, Go 1.27.x)	Run tests	2026-09-11T21:05:06.2161230Z     --- PASS: TestInitialCryptoStreamClientRandomizedSizes/run_26 (0.00s)
Unit tests (macos, Go 1.27.x)	Run tests	2026-09-11T21:05:06.2161550Z     --- PASS: TestInitialCryptoStreamClientRandomizedSizes/run_27 (0.00s)
Unit tests (macos, Go 1.27.x)	Run tests	2026-09-11T21:05:06.2161890Z     --- PASS: TestInitialCryptoStreamClientRandomizedSizes/run_28 (0.00s)
Unit tests (macos, Go 1.27.x)	Run tests	2026-09-11T21:05:06.2162280Z     --- PASS: TestInitialCryptoStreamClientRandomizedSizes/run_29 (0.00s)
Unit tests (macos, Go 1.27.x)	Run tests	2026-09-11T21:05:06.2162880Z     --- PASS: TestInitialCryptoStreamClientRandomizedSizes/run_30 (0.00s)
Unit tests (macos, Go 1.27.x)	Run tests	2026-09-11T21:05:06.2163190Z     --- PASS: TestInitialCryptoStreamClientRandomizedSizes/run_31 (0.00s)
Unit tests (macos, Go 1.27.x)	Run tests	2026-09-11T21:05:06.2163520Z     --- PASS: TestInitialCryptoStreamClientRandomizedSizes/run_32 (0.00s)
Unit tests (macos, Go 1.27.x)	Run tests	2026-09-11T21:05:06.2163850Z     --- PASS: TestInitialCryptoStreamClientRandomizedSizes/run_33 (0.00s)
Unit tests (macos, Go 1.27.x)	Run tests	2026-09-11T21:05:06.2164190Z     --- PASS: TestInitialCryptoStreamClientRandomizedSizes/run_34 (0.00s)
Unit tests (macos, Go 1.27.x)	Run tests	2026-09-11T21:05:06.2164880Z     --- PASS: TestInitialCryptoStreamClientRandomizedSizes/run_35 (0.00s)
Unit tests (macos, Go 1.27.x)	Run tests	2026-09-11T21:05:06.2165250Z     --- PASS: TestInitialCryptoStreamClientRandomizedSizes/run_36 (0.00s)
Unit tests (macos, Go 1.27.x)	Run tests	2026-09-11T21:05:06.2165600Z     --- PASS: TestInitialCryptoStreamClientRandomizedSizes/run_37 (0.00s)
Unit tests (macos, Go 1.27.x)	Run tests	2026-09-11T21:05:06.2165960Z     --- PASS: TestInitialCryptoStreamClientRandomizedSizes/run_38 (0.00s)
Unit tests (macos, Go 1.27.x)	Run tests	2026-09-11T21:05:06.2166470Z     --- PASS: TestInitialCryptoStreamClientRandomizedSizes/run_39 (0.00s)
Unit tests (macos, Go 1.27.x)	Run tests	2026-09-11T21:05:06.2166760Z     --- PASS: TestInitialCryptoStreamClientRandomizedSizes/run_40 (0.00s)
Unit tests (macos, Go 1.27.x)	Run tests	2026-09-11T21:05:06.2167130Z     --- PASS: TestInitialCryptoStreamClientRandomizedSizes/run_41 (0.00s)
Unit tests (macos, Go 1.27.x)	Run tests	2026-09-11T21:05:06.2167500Z     --- PASS: TestInitialCryptoStreamClientRandomizedSizes/run_42 (0.00s)
Unit tests (macos, Go 1.27.x)	Run tests	2026-09-11T21:05:06.2167880Z     --- PASS: TestInitialCryptoStreamClientRandomizedSizes/run_43 (0.00s)
Unit tests (macos, Go 1.27.x)	Run tests	2026-09-11T21:05:06.2168260Z     --- PASS: TestInitialCryptoStreamClientRandomizedSizes/run_44 (0.00s)
Unit tests (macos, Go 1.27.x)	Run tests	2026-09-11T21:05:06.2168640Z     --- PASS: TestInitialCryptoStreamClientRandomizedSizes/run_45 (0.00s)
Unit tests (macos, Go 1.27.x)	Run tests	2026-09-11T21:05:06.2169010Z     --- PASS: TestInitialCryptoStreamClientRandomizedSizes/run_46 (0.00s)
Unit tests (macos, Go 1.27.x)	Run tests	2026-09-11T21:05:06.2169330Z     --- PASS: TestInitialCryptoStreamClientRandomizedSizes/run_47 (0.00s)
Unit tests (macos, Go 1.27.x)	Run tests	2026-09-11T21:05:06.2169670Z     --- PASS: TestInitialCryptoStreamClientRandomizedSizes/run_48 (0.00s)
Unit tests (macos, Go 1.27.x)	Run tests	2026-09-11T21:05:06.2170020Z     --- PASS: TestInitialCryptoStreamClientRandomizedSizes/run_49 (0.00s)
Unit tests (macos, Go 1.27.x)	Run tests	2026-09-11T21:05:06.2170350Z     --- PASS: TestInitialCryptoStreamClientRandomizedSizes/run_50 (0.00s)
Unit tests (macos, Go 1.27.x)	Run tests	2026-09-11T21:05:06.2170670Z     --- PASS: TestInitialCryptoStreamClientRandomizedSizes/run_51 (0.00s)
Unit tests (macos, Go 1.27.x)	Run tests	2026-09-11T21:05:06.2171000Z     --- PASS: TestInitialCryptoStreamClientRandomizedSizes/run_52 (0.00s)
Unit tests (macos, Go 1.27.x)	Run tests	2026-09-11T21:05:06.2171360Z     --- PASS: TestInitialCryptoStreamClientRandomizedSizes/run_53 (0.00s)
Unit tests (macos, Go 1.27.x)	Run tests	2026-09-11T21:05:06.2171660Z     --- PASS: TestInitialCryptoStreamClientRandomizedSizes/run_54 (0.00s)
Unit tests (macos, Go 1.27.x)	Run tests	2026-09-11T21:05:06.2171990Z     --- PASS: TestInitialCryptoStreamClientRandomizedSizes/run_55 (0.00s)
Unit tests (macos, Go 1.27.x)	Run tests	2026-09-11T21:05:06.2172310Z     --- PASS: TestInitialCryptoStreamClientRandomizedSizes/run_56 (0.00s)
Unit tests (macos, Go 1.27.x)	Run tests	2026-09-11T21:05:06.2172650Z     --- PASS: TestInitialCryptoStreamClientRandomizedSizes/run_57 (0.00s)
Unit tests (macos, Go 1.27.x)	Run tests	2026-09-11T21:05:06.2172970Z     --- PASS: TestInitialCryptoStreamClientRandomizedSizes/run_58 (0.00s)
Unit tests (macos, Go 1.27.x)	Run tests	2026-09-11T21:05:06.2173280Z     --- PASS: TestInitialCryptoStreamClientRandomizedSizes/run_59 (0.00s)
Unit tests (macos, Go 1.27.x)	Run tests	2026-09-11T21:05:06.2173640Z     --- PASS: TestInitialCryptoStreamClientRandomizedSizes/run_60 (0.00s)
Unit tests (macos, Go 1.27.x)	Run tests	2026-09-11T21:05:06.2174200Z     --- PASS: TestInitialCryptoStreamClientRandomizedSizes/run_61 (0.00s)
Unit tests (macos, Go 1.27.x)	Run tests	2026-09-11T21:05:06.2174530Z     --- PASS: TestInitialCryptoStreamClientRandomizedSizes/run_62 (0.00s)
Unit tests (macos, Go 1.27.x)	Run tests	2026-09-11T21:05:06.2174860Z     --- PASS: TestInitialCryptoStreamClientRandomizedSizes/run_63 (0.00s)
Unit tests (macos, Go 1.27.x)	Run tests	2026-09-11T21:05:06.2175250Z     --- PASS: TestInitialCryptoStreamClientRandomizedSizes/run_64 (0.00s)
Unit tests (macos, Go 1.27.x)	Run tests	2026-09-11T21:05:06.2175560Z     --- PASS: TestInitialCryptoStreamClientRandomizedSizes/run_65 (0.00s)
Unit tests (macos, Go 1.27.x)	Run tests	2026-09-11T21:05:06.2175830Z     --- PASS: TestInitialCryptoStreamClientRandomizedSizes/run_66 (0.00s)
Unit tests (macos, Go 1.27.x)	Run tests	2026-09-11T21:05:06.2176100Z     --- PASS: TestInitialCryptoStreamClientRandomizedSizes/run_67 (0.00s)
Unit tests (macos, Go 1.27.x)	Run tests	2026-09-11T21:05:06.2176370Z     --- PASS: TestInitialCryptoStreamClientRandomizedSizes/run_68 (0.00s)
Unit tests (macos, Go 1.27.x)	Run tests	2026-09-11T21:05:06.2176860Z     --- PASS: TestInitialCryptoStreamClientRandomizedSizes/run_69 (0.00s)
Unit tests (macos, Go 1.27.x)	Run tests	2026-09-11T21:05:06.2177150Z     --- PASS: TestInitialCryptoStreamClientRandomizedSizes/run_70 (0.00s)
Unit tests (macos, Go 1.27.x)	Run tests	2026-09-11T21:05:06.2177440Z     --- PASS: TestInitialCryptoStreamClientRandomizedSizes/run_71 (0.00s)
Unit tests (macos, Go 1.27.x)	Run tests	2026-09-11T21:05:06.2177730Z     --- PASS: TestInitialCryptoStreamClientRandomizedSizes/run_72 (0.00s)
Unit tests (macos, Go 1.27.x)	Run tests	2026-09-11T21:05:06.2178030Z     --- PASS: TestInitialCryptoStreamClientRandomizedSizes/run_73 (0.00s)
Unit tests (macos, Go 1.27.x)	Run tests	2026-09-11T21:05:06.2178400Z     --- PASS: TestInitialCryptoStreamClientRandomizedSizes/run_74 (0.00s)
Unit tests (macos, Go 1.27.x)	Run tests	2026-09-11T21:05:06.2178670Z     --- PASS: TestInitialCryptoStreamClientRandomizedSizes/run_75 (0.00s)
Unit tests (macos, Go 1.27.x)	Run tests	2026-09-11T21:05:06.2178940Z     --- PASS: TestInitialCryptoStreamClientRandomizedSizes/run_76 (0.00s)
Unit tests (macos, Go 1.27.x)	Run tests	2026-09-11T21:05:06.2179210Z     --- PASS: TestInitialCryptoStreamClientRandomizedSizes/run_77 (0.00s)
Unit tests (macos, Go 1.27.x)	Run tests	2026-09-11T21:05:06.2179480Z     --- PASS: TestInitialCryptoStreamClientRandomizedSizes/run_78 (0.00s)
Unit tests (macos, Go 1.27.x)	Run tests	2026-09-11T21:05:06.2179750Z     --- PASS: TestInitialCryptoStreamClientRandomizedSizes/run_79 (0.00s)
Unit tests (macos, Go 1.27.x)	Run tests	2026-09-11T21:05:06.2180030Z     --- PASS: TestInitialCryptoStreamClientRandomizedSizes/run_80 (0.01s)
Unit tests (macos, Go 1.27.x)	Run tests	2026-09-11T21:05:06.2180320Z     --- PASS: TestInitialCryptoStreamClientRandomizedSizes/run_81 (0.00s)
Unit tests (macos, Go 1.27.x)	Run tests	2026-09-11T21:05:06.2180600Z     --- PASS: TestInitialCryptoStreamClientRandomizedSizes/run_82 (0.00s)
Unit tests (macos, Go 1.27.x)	Run tests	2026-09-11T21:05:06.2180870Z     --- PASS: TestInitialCryptoStreamClientRandomizedSizes/run_83 (0.00s)
Unit tests (macos, Go 1.27.x)	Run tests	2026-09-11T21:05:06.2181140Z     --- PASS: TestInitialCryptoStreamClientRandomizedSizes/run_84 (0.00s)
Unit tests (macos, Go 1.27.x)	Run tests	2026-09-11T21:05:06.2181470Z     --- PASS: TestInitialCryptoStreamClientRandomizedSizes/run_85 (0.00s)
Unit tests (macos, Go 1.27.x)	Run tests	2026-09-11T21:05:06.2181770Z     --- PASS: TestInitialCryptoStreamClientRandomizedSizes/run_86 (0.00s)
Unit tests (macos, Go 1.27.x)	Run tests	2026-09-11T21:05:06.2182040Z     --- PASS: TestInitialCryptoStreamClientRandomizedSizes/run_87 (0.00s)
Unit tests (macos, Go 1.27.x)	Run tests	2026-09-11T21:05:06.2182310Z     --- PASS: TestInitialCryptoStreamClientRandomizedSizes/run_88 (0.00s)
Unit tests (macos, Go 1.27.x)	Run tests	2026-09-11T21:05:06.2182580Z     --- PASS: TestInitialCryptoStreamClientRandomizedSizes/run_89 (0.00s)
Unit tests (macos, Go 1.27.x)	Run tests	2026-09-11T21:05:06.2182850Z     --- PASS: TestInitialCryptoStreamClientRandomizedSizes/run_90 (0.00s)
Unit tests (macos, Go 1.27.x)	Run tests	2026-09-11T21:05:06.2183130Z     --- PASS: TestInitialCryptoStreamClientRandomizedSizes/run_91 (0.00s)
Unit tests (macos, Go 1.27.x)	Run tests	2026-09-11T21:05:06.2183400Z     --- PASS: TestInitialCryptoStreamClientRandomizedSizes/run_92 (0.00s)
Unit tests (macos, Go 1.27.x)	Run tests	2026-09-11T21:05:06.2183660Z     --- PASS: TestInitialCryptoStreamClientRandomizedSizes/run_93 (0.00s)
Unit tests (macos, Go 1.27.x)	Run tests	2026-09-11T21:05:06.2183960Z     --- PASS: TestInitialCryptoStreamClientRandomizedSizes/run_94 (0.00s)
Unit tests (macos, Go 1.27.x)	Run tests	2026-09-11T21:05:06.2184320Z     --- PASS: TestInitialCryptoStreamClientRandomizedSizes/run_95 (0.00s)
Unit tests (macos, Go 1.27.x)	Run tests	2026-09-11T21:05:06.2185270Z     --- PASS: TestInitialCryptoStreamClientRandomizedSizes/run_96 (0.00s)
Unit tests (macos, Go 1.27.x)	Run tests	2026-09-11T21:05:06.2186580Z     --- PASS: TestInitialCryptoStreamClientRandomizedSizes/run_97 (0.00s)
Unit tests (macos, Go 1.27.x)	Run tests	2026-09-11T21:05:06.2186920Z     --- PASS: TestInitialCryptoStreamClientRandomizedSizes/run_98 (0.00s)
Unit tests (macos, Go 1.27.x)	Run tests	2026-09-11T21:05:06.2187230Z     --- PASS: TestInitialCryptoStreamClientRandomizedSizes/run_99 (0.00s)
Unit tests (macos, Go 1.27.x)	Run tests	2026-09-11T21:05:06.2187340Z === RUN   TestSendStreamDeadlineRemoval
Unit tests (macos, Go 1.27.x)	Run tests	2026-09-11T21:05:06.2187740Z --- PASS: TestSendStreamDeadlineRemoval (0.00s)
Unit tests (macos, Go 1.27.x)	Run tests	2026-09-11T21:05:06.2187860Z === RUN   TestServerAdmissionLifetime
Unit tests (macos, Go 1.27.x)	Run tests	2026-09-11T21:05:06.2188010Z === RUN   TestServerAdmissionLifetime/accepted_and_full
Unit tests (macos, Go 1.27.x)	Run tests	2026-09-11T21:05:06.2188120Z === RUN   TestServerAdmissionLifetime/closed
Unit tests (macos, Go 1.27.x)	Run tests	2026-09-11T21:05:06.2188230Z --- PASS: TestServerAdmissionLifetime (0.00s)
Unit tests (macos, Go 1.27.x)	Run tests	2026-09-11T21:05:06.2188480Z     --- PASS: TestServerAdmissionLifetime/accepted_and_full (0.00s)
Unit tests (macos, Go 1.27.x)	Run tests	2026-09-11T21:05:06.2188690Z     --- PASS: TestServerAdmissionLifetime/closed (0.00s)
Unit tests (macos, Go 1.27.x)	Run tests	2026-09-11T21:05:06.2188810Z === RUN   TestListenAddrSetupFailureClosesSocket
Unit tests (macos, Go 1.27.x)	Run tests	2026-09-11T21:05:06.2188950Z === RUN   TestListenAddrSetupFailureClosesSocket/ListenAddr
Unit tests (macos, Go 1.27.x)	Run tests	2026-09-11T21:05:06.2189170Z === RUN   TestListenAddrSetupFailureClosesSocket/ListenAddr/TLS_configuration
Unit tests (macos, Go 1.27.x)	Run tests	2026-09-11T21:05:06.2189500Z === RUN   TestListenAddrSetupFailureClosesSocket/ListenAddr/QUIC_configuration
Unit tests (macos, Go 1.27.x)	Run tests	2026-09-11T21:05:06.2189680Z === RUN   TestListenAddrSetupFailureClosesSocket/ListenAddrEarly
Unit tests (macos, Go 1.27.x)	Run tests	2026-09-11T21:05:06.2189910Z === RUN   TestListenAddrSetupFailureClosesSocket/ListenAddrEarly/TLS_configuration
Unit tests (macos, Go 1.27.x)	Run tests	2026-09-11T21:05:06.2190140Z === RUN   TestListenAddrSetupFailureClosesSocket/ListenAddrEarly/QUIC_configuration
Unit tests (macos, Go 1.27.x)	Run tests	2026-09-11T21:05:06.2190300Z --- PASS: TestListenAddrSetupFailureClosesSocket (0.00s)
Unit tests (macos, Go 1.27.x)	Run tests	2026-09-11T21:05:06.2190580Z     --- PASS: TestListenAddrSetupFailureClosesSocket/ListenAddr (0.00s)
Unit tests (macos, Go 1.27.x)	Run tests	2026-09-11T21:05:06.2191080Z         --- PASS: TestListenAddrSetupFailureClosesSocket/ListenAddr/TLS_configuration (0.00s)
Unit tests (macos, Go 1.27.x)	Run tests	2026-09-11T21:05:06.2191580Z         --- PASS: TestListenAddrSetupFailureClosesSocket/ListenAddr/QUIC_configuration (0.00s)
Unit tests (macos, Go 1.27.x)	Run tests	2026-09-11T21:05:06.2191880Z     --- PASS: TestListenAddrSetupFailureClosesSocket/ListenAddrEarly (0.00s)
Unit tests (macos, Go 1.27.x)	Run tests	2026-09-11T21:05:06.2192400Z         --- PASS: TestListenAddrSetupFailureClosesSocket/ListenAddrEarly/TLS_configuration (0.00s)
Unit tests (macos, Go 1.27.x)	Run tests	2026-09-11T21:05:06.2192940Z         --- PASS: TestListenAddrSetupFailureClosesSocket/ListenAddrEarly/QUIC_configuration (0.00s)
Unit tests (macos, Go 1.27.x)	Run tests	2026-09-11T21:05:06.2193070Z === RUN   TestSendQueueEnqueueAtWorkerExit
Unit tests (macos, Go 1.27.x)	Run tests	2026-09-11T21:05:06.2193220Z === RUN   TestSendQueueEnqueueAtWorkerExit/before
Unit tests (macos, Go 1.27.x)	Run tests	2026-09-11T21:05:06.2193370Z === RUN   TestSendQueueEnqueueAtWorkerExit/concurrent
Unit tests (macos, Go 1.27.x)	Run tests	2026-09-11T21:05:06.2193520Z === RUN   TestSendQueueEnqueueAtWorkerExit/after
Unit tests (macos, Go 1.27.x)	Run tests	2026-09-11T21:05:06.2193650Z --- PASS: TestSendQueueEnqueueAtWorkerExit (0.00s)
Unit tests (macos, Go 1.27.x)	Run tests	2026-09-11T21:05:06.2193890Z     --- PASS: TestSendQueueEnqueueAtWorkerExit/before (0.00s)
Unit tests (macos, Go 1.27.x)	Run tests	2026-09-11T21:05:06.2194140Z     --- PASS: TestSendQueueEnqueueAtWorkerExit/concurrent (0.00s)
Unit tests (macos, Go 1.27.x)	Run tests	2026-09-11T21:05:06.2194350Z     --- PASS: TestSendQueueEnqueueAtWorkerExit/after (0.00s)
Unit tests (macos, Go 1.27.x)	Run tests	2026-09-11T21:05:06.2194500Z === RUN   TestUnpackLongHeaderPacket
Unit tests (macos, Go 1.27.x)	Run tests	2026-09-11T21:05:06.2194610Z === RUN   TestUnpackLongHeaderPacket/Initial
Unit tests (macos, Go 1.27.x)	Run tests	2026-09-11T21:05:06.2194710Z === RUN   TestUnpackLongHeaderPacket/Handshake
Unit tests (macos, Go 1.27.x)	Run tests	2026-09-11T21:05:06.2194820Z === RUN   TestUnpackLongHeaderPacket/0-RTT
Unit tests (macos, Go 1.27.x)	Run tests	2026-09-11T21:05:06.2194930Z --- PASS: TestUnpackLongHeaderPacket (0.00s)
Unit tests (macos, Go 1.27.x)	Run tests	2026-09-11T21:05:06.2195150Z     --- PASS: TestUnpackLongHeaderPacket/Initial (0.00s)
Unit tests (macos, Go 1.27.x)	Run tests	2026-09-11T21:05:06.2195360Z     --- PASS: TestUnpackLongHeaderPacket/Handshake (0.00s)
Unit tests (macos, Go 1.27.x)	Run tests	2026-09-11T21:05:06.2195570Z     --- PASS: TestUnpackLongHeaderPacket/0-RTT (0.00s)
Unit tests (macos, Go 1.27.x)	Run tests	2026-09-11T21:05:06.2195690Z === RUN   TestConnIDManagerRetiringConnectionIDs
Unit tests (macos, Go 1.27.x)	Run tests	2026-09-11T21:05:06.2195890Z --- PASS: TestConnIDManagerRetiringConnectionIDs (0.00s)
Unit tests (macos, Go 1.27.x)	Run tests	2026-09-11T21:05:06.2196080Z === RUN   TestStreamsMapHandleSendStreamFrames
Unit tests (macos, Go 1.27.x)	Run tests	2026-09-11T21:05:06.2196230Z === RUN   TestStreamsMapHandleSendStreamFrames/client
Unit tests (macos, Go 1.27.x)	Run tests	2026-09-11T21:05:06.2196440Z === RUN   TestStreamsMapHandleSendStreamFrames/client/STOP_SENDING_frame
Unit tests (macos, Go 1.27.x)	Run tests	2026-09-11T21:05:06.2196690Z === RUN   TestStreamsMapHandleSendStreamFrames/client/MAX_STREAM_DATA_frame
Unit tests (macos, Go 1.27.x)	Run tests	2026-09-11T21:05:06.2196860Z === RUN   TestStreamsMapHandleSendStreamFrames/server
Unit tests (macos, Go 1.27.x)	Run tests	2026-09-11T21:05:06.2197060Z === RUN   TestStreamsMapHandleSendStreamFrames/server/STOP_SENDING_frame
Unit tests (macos, Go 1.27.x)	Run tests	2026-09-11T21:05:06.2197650Z === RUN   TestStreamsMapHandleSendStreamFrames/server/MAX_STREAM_DATA_frame
Unit tests (macos, Go 1.27.x)	Run tests	2026-09-11T21:05:06.2197970Z --- PASS: TestStreamsMapHandleSendStreamFrames (0.00s)
Unit tests (macos, Go 1.27.x)	Run tests	2026-09-11T21:05:06.2198220Z     --- PASS: TestStreamsMapHandleSendStreamFrames/client (0.00s)
Unit tests (macos, Go 1.27.x)	Run tests	2026-09-11T21:05:06.2199590Z         --- PASS: TestStreamsMapHandleSendStreamFrames/client/STOP_SENDING_frame (0.00s)
Unit tests (macos, Go 1.27.x)	Run tests	2026-09-11T21:05:06.2200840Z         --- PASS: TestStreamsMapHandleSendStreamFrames/client/MAX_STREAM_DATA_frame (0.00s)
Unit tests (macos, Go 1.27.x)	Run tests	2026-09-11T21:05:06.2201450Z     --- PASS: TestStreamsMapHandleSendStreamFrames/server (0.00s)
Unit tests (macos, Go 1.27.x)	Run tests	2026-09-11T21:05:06.2202450Z         --- PASS: TestStreamsMapHandleSendStreamFrames/server/STOP_SENDING_frame (0.00s)
Unit tests (macos, Go 1.27.x)	Run tests	2026-09-11T21:05:06.2203810Z         --- PASS: TestStreamsMapHandleSendStreamFrames/server/MAX_STREAM_DATA_frame (0.00s)
Unit tests (macos, Go 1.27.x)	Run tests	2026-09-11T21:05:06.2204380Z === RUN   TestConnectionTransportParameterValidationFailureClient
Unit tests (macos, Go 1.27.x)	Run tests	2026-09-11T21:05:06.2205650Z === RUN   TestConnectionTransportParameterValidationFailureClient/initial_source_connection_id
Unit tests (macos, Go 1.27.x)	Run tests	2026-09-11T21:05:06.2206460Z === RUN   TestConnectionTransportParameterValidationFailureClient/original_destination_connection_id
Unit tests (macos, Go 1.27.x)	Run tests	2026-09-11T21:05:06.2207300Z === RUN   TestConnectionTransportParameterValidationFailureClient/retry_source_connection_id_if_no_retry
Unit tests (macos, Go 1.27.x)	Run tests	2026-09-11T21:05:06.2208090Z === RUN   TestConnectionTransportParameterValidationFailureClient/retry_source_connection_id_missing
Unit tests (macos, Go 1.27.x)	Run tests	2026-09-11T21:05:06.2208880Z === RUN   TestConnectionTransportParameterValidationFailureClient/retry_source_connection_id_incorrect
Unit tests (macos, Go 1.27.x)	Run tests	2026-09-11T21:05:06.2209500Z --- PASS: TestConnectionTransportParameterValidationFailureClient (0.00s)
Unit tests (macos, Go 1.27.x)	Run tests	2026-09-11T21:05:06.2210630Z     --- PASS: TestConnectionTransportParameterValidationFailureClient/initial_source_connection_id (0.00s)
Unit tests (macos, Go 1.27.x)	Run tests	2026-09-11T21:05:06.2211810Z     --- PASS: TestConnectionTransportParameterValidationFailureClient/original_destination_connection_id (0.00s)
Unit tests (macos, Go 1.27.x)	Run tests	2026-09-11T21:05:06.2213040Z     --- PASS: TestConnectionTransportParameterValidationFailureClient/retry_source_connection_id_if_no_retry (0.00s)
Unit tests (macos, Go 1.27.x)	Run tests	2026-09-11T21:05:06.2219020Z     --- PASS: TestConnectionTransportParameterValidationFailureClient/retry_source_connection_id_missing (0.00s)
Unit tests (macos, Go 1.27.x)	Run tests	2026-09-11T21:05:06.2220380Z     --- PASS: TestConnectionTransportParameterValidationFailureClient/retry_source_connection_id_incorrect (0.00s)
Unit tests (macos, Go 1.27.x)	Run tests	2026-09-11T21:05:06.2220660Z === RUN   TestFramerRemoveActiveStream
Unit tests (macos, Go 1.27.x)	Run tests	2026-09-11T21:05:06.2220960Z === RUN   TestFramerRemoveActiveStream/incremental
Unit tests (macos, Go 1.27.x)	Run tests	2026-09-11T21:05:06.2221320Z === RUN   TestFramerRemoveActiveStream/non-incremental
Unit tests (macos, Go 1.27.x)	Run tests	2026-09-11T21:05:06.2221640Z --- PASS: TestFramerRemoveActiveStream (0.00s)
Unit tests (macos, Go 1.27.x)	Run tests	2026-09-11T21:05:06.2222180Z     --- PASS: TestFramerRemoveActiveStream/incremental (0.00s)
Unit tests (macos, Go 1.27.x)	Run tests	2026-09-11T21:05:06.2222800Z     --- PASS: TestFramerRemoveActiveStream/non-incremental (0.00s)
Unit tests (macos, Go 1.27.x)	Run tests	2026-09-11T21:05:06.2223110Z === RUN   TestServerFixtureStopsTransport
Unit tests (macos, Go 1.27.x)	Run tests	2026-09-11T21:05:06.2223410Z === RUN   TestServerFixtureStopsTransport/fixture
Unit tests (macos, Go 1.27.x)	Run tests	2026-09-11T21:05:06.2223750Z --- PASS: TestServerFixtureStopsTransport (0.00s)
Unit tests (macos, Go 1.27.x)	Run tests	2026-09-11T21:05:06.2224290Z     --- PASS: TestServerFixtureStopsTransport/fixture (0.00s)
Unit tests (macos, Go 1.27.x)	Run tests	2026-09-11T21:05:06.2224590Z === RUN   TestCoalescedSlabConcurrentRelease
Unit tests (macos, Go 1.27.x)	Run tests	2026-09-11T21:05:06.2224960Z --- PASS: TestCoalescedSlabConcurrentRelease (0.00s)
Unit tests (macos, Go 1.27.x)	Run tests	2026-09-11T21:05:06.2225500Z === RUN   TestBufferPoolSplitting
Unit tests (macos, Go 1.27.x)	Run tests	2026-09-11T21:05:06.2225750Z --- PASS: TestBufferPoolSplitting (0.00s)
Unit tests (macos, Go 1.27.x)	Run tests	2026-09-11T21:05:06.2225920Z === RUN   TestSendStreamRetransmitDataUntilAcknowledged
Unit tests (macos, Go 1.27.x)	Run tests	2026-09-11T21:05:06.2226110Z --- PASS: TestSendStreamRetransmitDataUntilAcknowledged (0.09s)
Unit tests (macos, Go 1.27.x)	Run tests	2026-09-11T21:05:06.2226240Z === RUN   TestTransportTerminalLifetimeNonQUIC
Unit tests (macos, Go 1.27.x)	Run tests	2026-09-11T21:05:06.2226390Z === RUN   TestTransportTerminalLifetimeNonQUIC/disabled
Unit tests (macos, Go 1.27.x)	Run tests	2026-09-11T21:05:06.2226540Z === RUN   TestTransportTerminalLifetimeNonQUIC/full_queue
Unit tests (macos, Go 1.27.x)	Run tests	2026-09-11T21:05:06.2226710Z --- PASS: TestTransportTerminalLifetimeNonQUIC (0.00s)
Unit tests (macos, Go 1.27.x)	Run tests	2026-09-11T21:05:06.2226990Z     --- PASS: TestTransportTerminalLifetimeNonQUIC/disabled (0.00s)
Unit tests (macos, Go 1.27.x)	Run tests	2026-09-11T21:05:06.2227600Z     --- PASS: TestTransportTerminalLifetimeNonQUIC/full_queue (0.00s)
Unit tests (macos, Go 1.27.x)	Run tests	2026-09-11T21:05:06.2227730Z === RUN   TestStreamsMapOutgoingOpenAndDelete
Unit tests (macos, Go 1.27.x)	Run tests	2026-09-11T21:05:06.2227920Z === RUN   TestStreamsMapOutgoingOpenAndDelete/client
Unit tests (macos, Go 1.27.x)	Run tests	2026-09-11T21:05:06.2228050Z === RUN   TestStreamsMapOutgoingOpenAndDelete/server
Unit tests (macos, Go 1.27.x)	Run tests	2026-09-11T21:05:06.2228190Z --- PASS: TestStreamsMapOutgoingOpenAndDelete (0.00s)
Unit tests (macos, Go 1.27.x)	Run tests	2026-09-11T21:05:06.2228450Z     --- PASS: TestStreamsMapOutgoingOpenAndDelete/client (0.00s)
Unit tests (macos, Go 1.27.x)	Run tests	2026-09-11T21:05:06.2228700Z     --- PASS: TestStreamsMapOutgoingOpenAndDelete/server (0.00s)
Unit tests (macos, Go 1.27.x)	Run tests	2026-09-11T21:05:06.2228810Z === RUN   TestEmissionFatalCallerBuffer
Unit tests (macos, Go 1.27.x)	Run tests	2026-09-11T21:05:06.2228970Z === RUN   TestEmissionFatalCallerBuffer/gso=false/append=1
Unit tests (macos, Go 1.27.x)	Run tests	2026-09-11T21:05:06.2229120Z === RUN   TestEmissionFatalCallerBuffer/gso=false/append=2
Unit tests (macos, Go 1.27.x)	Run tests	2026-09-11T21:05:06.2229690Z === RUN   TestEmissionFatalCallerBuffer/gso=true/append=1
Unit tests (macos, Go 1.27.x)	Run tests	2026-09-11T21:05:06.2229840Z === RUN   TestEmissionFatalCallerBuffer/gso=true/append=2
Unit tests (macos, Go 1.27.x)	Run tests	2026-09-11T21:05:06.2230100Z --- PASS: TestEmissionFatalCallerBuffer (0.00s)
Unit tests (macos, Go 1.27.x)	Run tests	2026-09-11T21:05:06.2230450Z     --- PASS: TestEmissionFatalCallerBuffer/gso=false/append=1 (0.00s)
Unit tests (macos, Go 1.27.x)	Run tests	2026-09-11T21:05:06.2230770Z     --- PASS: TestEmissionFatalCallerBuffer/gso=false/append=2 (0.00s)
Unit tests (macos, Go 1.27.x)	Run tests	2026-09-11T21:05:06.2231040Z     --- PASS: TestEmissionFatalCallerBuffer/gso=true/append=1 (0.00s)
Unit tests (macos, Go 1.27.x)	Run tests	2026-09-11T21:05:06.2231340Z     --- PASS: TestEmissionFatalCallerBuffer/gso=true/append=2 (0.00s)
Unit tests (macos, Go 1.27.x)	Run tests	2026-09-11T21:05:06.2231890Z === RUN   TestEmissionMTUProbeFullQueue
Unit tests (macos, Go 1.27.x)	Run tests	2026-09-11T21:05:06.2232030Z --- PASS: TestEmissionMTUProbeFullQueue (0.00s)
Unit tests (macos, Go 1.27.x)	Run tests	2026-09-11T21:05:06.2232130Z === RUN   TestNewConnWithoutNetConn
Unit tests (macos, Go 1.27.x)	Run tests	2026-09-11T21:05:06.2232240Z --- PASS: TestNewConnWithoutNetConn (0.00s)
Unit tests (macos, Go 1.27.x)	Run tests	2026-09-11T21:05:06.2232340Z === RUN   TestStreamWindowAutoTuning
Unit tests (macos, Go 1.27.x)	Run tests	2026-09-11T21:05:06.2232470Z --- PASS: TestStreamWindowAutoTuning (0.00s)
Unit tests (macos, Go 1.27.x)	Run tests	2026-09-11T21:05:06.2232600Z === RUN   TestPackConnectionCloseCoalesced
Unit tests (macos, Go 1.27.x)	Run tests	2026-09-11T21:05:06.2232740Z === RUN   TestPackConnectionCloseCoalesced/client
Unit tests (macos, Go 1.27.x)	Run tests	2026-09-11T21:05:06.2232870Z === RUN   TestPackConnectionCloseCoalesced/server
Unit tests (macos, Go 1.27.x)	Run tests	2026-09-11T21:05:06.2233000Z --- PASS: TestPackConnectionCloseCoalesced (0.01s)
Unit tests (macos, Go 1.27.x)	Run tests	2026-09-11T21:05:06.2233220Z     --- PASS: TestPackConnectionCloseCoalesced/client (0.00s)
Unit tests (macos, Go 1.27.x)	Run tests	2026-09-11T21:05:06.2233450Z     --- PASS: TestPackConnectionCloseCoalesced/server (0.00s)
Unit tests (macos, Go 1.27.x)	Run tests	2026-09-11T21:05:06.2233540Z === RUN   TestConnectionHandshakeServer
Unit tests (macos, Go 1.27.x)	Run tests	2026-09-11T21:05:06.2233660Z --- PASS: TestConnectionHandshakeServer (0.01s)
Unit tests (macos, Go 1.27.x)	Run tests	2026-09-11T21:05:06.2233780Z === RUN   TestConnectionLoggingOtherFrames
Unit tests (macos, Go 1.27.x)	Run tests	2026-09-11T21:05:06.2233910Z --- PASS: TestConnectionLoggingOtherFrames (0.00s)
Unit tests (macos, Go 1.27.x)	Run tests	2026-09-11T21:05:06.2234020Z === RUN   TestRetransmissionQueueDropEncLevel
Unit tests (macos, Go 1.27.x)	Run tests	2026-09-11T21:05:06.2234170Z === RUN   TestRetransmissionQueueDropEncLevel/Initial
Unit tests (macos, Go 1.27.x)	Run tests	2026-09-11T21:05:06.2234320Z === RUN   TestRetransmissionQueueDropEncLevel/Handshake
Unit tests (macos, Go 1.27.x)	Run tests	2026-09-11T21:05:06.2234450Z --- PASS: TestRetransmissionQueueDropEncLevel (0.00s)
Unit tests (macos, Go 1.27.x)	Run tests	2026-09-11T21:05:06.2234700Z     --- PASS: TestRetransmissionQueueDropEncLevel/Initial (0.00s)
Unit tests (macos, Go 1.27.x)	Run tests	2026-09-11T21:05:06.2234960Z     --- PASS: TestRetransmissionQueueDropEncLevel/Handshake (0.00s)
Unit tests (macos, Go 1.27.x)	Run tests	2026-09-11T21:05:06.2235040Z === RUN   TestStreamsMapClosing
Unit tests (macos, Go 1.27.x)	Run tests	2026-09-11T21:05:06.2235140Z --- PASS: TestStreamsMapClosing (0.00s)
Unit tests (macos, Go 1.27.x)	Run tests	2026-09-11T21:05:06.2235230Z === RUN   TestOOBReaderBatchErrorRetry
Unit tests (macos, Go 1.27.x)	Run tests	2026-09-11T21:05:06.2235340Z --- PASS: TestOOBReaderBatchErrorRetry (0.00s)
Unit tests (macos, Go 1.27.x)	Run tests	2026-09-11T21:05:06.2235450Z === RUN   TestMTUDiscovererAckAndLoss
Unit tests (macos, Go 1.27.x)	Run tests	2026-09-11T21:05:06.2235570Z --- PASS: TestMTUDiscovererAckAndLoss (0.00s)
Unit tests (macos, Go 1.27.x)	Run tests	2026-09-11T21:05:06.2235670Z === RUN   TestDatagramQueuePeekAndPop
Unit tests (macos, Go 1.27.x)	Run tests	2026-09-11T21:05:06.2235790Z --- PASS: TestDatagramQueuePeekAndPop (0.00s)
Unit tests (macos, Go 1.27.x)	Run tests	2026-09-11T21:05:06.2235890Z === RUN   TestUnpackHeaderSampleLongHeader
Unit tests (macos, Go 1.27.x)	Run tests	2026-09-11T21:05:06.2236030Z === RUN   TestUnpackHeaderSampleLongHeader/too_short
Unit tests (macos, Go 1.27.x)	Run tests	2026-09-11T21:05:06.2236190Z === RUN   TestUnpackHeaderSampleLongHeader/minimal_size
Unit tests (macos, Go 1.27.x)	Run tests	2026-09-11T21:05:06.2236320Z --- PASS: TestUnpackHeaderSampleLongHeader (0.00s)
Unit tests (macos, Go 1.27.x)	Run tests	2026-09-11T21:05:06.2236710Z     --- PASS: TestUnpackHeaderSampleLongHeader/too_short (0.00s)
Unit tests (macos, Go 1.27.x)	Run tests	2026-09-11T21:05:06.2236960Z     --- PASS: TestUnpackHeaderSampleLongHeader/minimal_size (0.00s)
Unit tests (macos, Go 1.27.x)	Run tests	2026-09-11T21:05:06.2237070Z === RUN   TestConnIDManagerZeroLengthConnectionID
Unit tests (macos, Go 1.27.x)	Run tests	2026-09-11T21:05:06.2237230Z --- PASS: TestConnIDManagerZeroLengthConnectionID (0.05s)
Unit tests (macos, Go 1.27.x)	Run tests	2026-09-11T21:05:06.2237340Z === RUN   TestSendStreamRetransmissionFraming
Unit tests (macos, Go 1.27.x)	Run tests	2026-09-11T21:05:06.2237470Z --- PASS: TestSendStreamRetransmissionFraming (0.00s)
Unit tests (macos, Go 1.27.x)	Run tests	2026-09-11T21:05:06.2237630Z === RUN   TestCoalescedRoutingInitialAndShortHeaderSiblings
Unit tests (macos, Go 1.27.x)	Run tests	2026-09-11T21:05:06.2237840Z --- PASS: TestCoalescedRoutingInitialAndShortHeaderSiblings (0.00s)
Unit tests (macos, Go 1.27.x)	Run tests	2026-09-11T21:05:06.2237940Z === RUN   TestSendStreamCloseForShutdown
Unit tests (macos, Go 1.27.x)	Run tests	2026-09-11T21:05:06.2238060Z --- PASS: TestSendStreamCloseForShutdown (0.00s)
Unit tests (macos, Go 1.27.x)	Run tests	2026-09-11T21:05:06.2238290Z === RUN   TestTimeoutWriterReleasesBuffer
Unit tests (macos, Go 1.27.x)	Run tests	2026-09-11T21:05:06.2238420Z --- PASS: TestTimeoutWriterReleasesBuffer (0.00s)
Unit tests (macos, Go 1.27.x)	Run tests	2026-09-11T21:05:06.2238570Z === RUN   TestCoalescedSlabViewDoubleRelease
Unit tests (macos, Go 1.27.x)	Run tests	2026-09-11T21:05:06.2238700Z --- PASS: TestCoalescedSlabViewDoubleRelease (0.00s)
Unit tests (macos, Go 1.27.x)	Run tests	2026-09-11T21:05:06.2238800Z === RUN   TestEmissionResultConnection
Unit tests (macos, Go 1.27.x)	Run tests	2026-09-11T21:05:06.2238920Z === RUN   TestEmissionResultConnection/gso=false
Unit tests (macos, Go 1.27.x)	Run tests	2026-09-11T21:05:06.2239030Z === RUN   TestEmissionResultConnection/gso=true
Unit tests (macos, Go 1.27.x)	Run tests	2026-09-11T21:05:06.2239140Z --- PASS: TestEmissionResultConnection (0.00s)
Unit tests (macos, Go 1.27.x)	Run tests	2026-09-11T21:05:06.2239390Z     --- PASS: TestEmissionResultConnection/gso=false (0.00s)
Unit tests (macos, Go 1.27.x)	Run tests	2026-09-11T21:05:06.2239610Z     --- PASS: TestEmissionResultConnection/gso=true (0.00s)
Unit tests (macos, Go 1.27.x)	Run tests	2026-09-11T21:05:06.2239770Z === RUN   TestServerZeroRTTLifetimeRetry
Unit tests (macos, Go 1.27.x)	Run tests	2026-09-11T21:05:06.2239890Z --- PASS: TestServerZeroRTTLifetimeRetry (0.00s)
Unit tests (macos, Go 1.27.x)	Run tests	2026-09-11T21:05:06.2239980Z === RUN   TestTransportListening
Unit tests (macos, Go 1.27.x)	Run tests	2026-09-11T21:05:06.2240090Z --- PASS: TestTransportListening (0.02s)
Unit tests (macos, Go 1.27.x)	Run tests	2026-09-11T21:05:06.2240180Z === RUN   TestEmissionDatagramOutput
Unit tests (macos, Go 1.27.x)	Run tests	2026-09-11T21:05:06.2240280Z === RUN   TestEmissionDatagramOutput/ordinary
Unit tests (macos, Go 1.27.x)	Run tests	2026-09-11T21:05:06.2240380Z === RUN   TestEmissionDatagramOutput/GSO
Unit tests (macos, Go 1.27.x)	Run tests	2026-09-11T21:05:06.2240480Z --- PASS: TestEmissionDatagramOutput (0.00s)
Unit tests (macos, Go 1.27.x)	Run tests	2026-09-11T21:05:06.2240690Z     --- PASS: TestEmissionDatagramOutput/ordinary (0.00s)
Unit tests (macos, Go 1.27.x)	Run tests	2026-09-11T21:05:06.2240870Z     --- PASS: TestEmissionDatagramOutput/GSO (0.00s)
Unit tests (macos, Go 1.27.x)	Run tests	2026-09-11T21:05:06.2240990Z === RUN   TestConnectionMigrationServer
Unit tests (macos, Go 1.27.x)	Run tests	2026-09-11T21:05:06.2241120Z --- PASS: TestConnectionMigrationServer (0.00s)
Unit tests (macos, Go 1.27.x)	Run tests	2026-09-11T21:05:06.2241260Z === RUN   TestConnectionRetainedLifetimeHandshakeDiscard
Unit tests (macos, Go 1.27.x)	Run tests	2026-09-11T21:05:06.2241440Z --- PASS: TestConnectionRetainedLifetimeHandshakeDiscard (0.00s)
Unit tests (macos, Go 1.27.x)	Run tests	2026-09-11T21:05:06.2241540Z === RUN   TestConnectionKeepAlive
Unit tests (macos, Go 1.27.x)	Run tests	2026-09-11T21:05:06.2241630Z === RUN   TestConnectionKeepAlive/enabled
Unit tests (macos, Go 1.27.x)	Run tests	2026-09-11T21:05:06.2241730Z === RUN   TestConnectionKeepAlive/disabled
Unit tests (macos, Go 1.27.x)	Run tests	2026-09-11T21:05:06.2241830Z --- PASS: TestConnectionKeepAlive (0.00s)
Unit tests (macos, Go 1.27.x)	Run tests	2026-09-11T21:05:06.2242010Z     --- PASS: TestConnectionKeepAlive/enabled (0.00s)
Unit tests (macos, Go 1.27.x)	Run tests	2026-09-11T21:05:06.2242220Z     --- PASS: TestConnectionKeepAlive/disabled (0.00s)
Unit tests (macos, Go 1.27.x)	Run tests	2026-09-11T21:05:06.2242320Z === RUN   TestReceiveStreamCancellation
Unit tests (macos, Go 1.27.x)	Run tests	2026-09-11T21:05:06.2242430Z --- PASS: TestReceiveStreamCancellation (0.00s)
Unit tests (macos, Go 1.27.x)	Run tests	2026-09-11T21:05:06.2242520Z === RUN   TestEmissionPTOOutput
Unit tests (macos, Go 1.27.x)	Run tests	2026-09-11T21:05:06.2252450Z === RUN   TestEmissionPTOOutput/Initial/empty
Unit tests (macos, Go 1.27.x)	Run tests	2026-09-11T21:05:06.2253330Z === RUN   TestEmissionPTOOutput/Initial/retransmit
Unit tests (macos, Go 1.27.x)	Run tests	2026-09-11T21:05:06.2256140Z === RUN   TestEmissionPTOOutput/Handshake/empty
Unit tests (macos, Go 1.27.x)	Run tests	2026-09-11T21:05:06.2257100Z === RUN   TestEmissionPTOOutput/Handshake/retransmit
Unit tests (macos, Go 1.27.x)	Run tests	2026-09-11T21:05:06.2257530Z === RUN   TestEmissionPTOOutput/1-RTT/empty
Unit tests (macos, Go 1.27.x)	Run tests	2026-09-11T21:05:06.2257850Z === RUN   TestEmissionPTOOutput/1-RTT/retransmit
Unit tests (macos, Go 1.27.x)	Run tests	2026-09-11T21:05:06.2258350Z --- PASS: TestEmissionPTOOutput (0.00s)
Unit tests (macos, Go 1.27.x)	Run tests	2026-09-11T21:05:06.2258950Z     --- PASS: TestEmissionPTOOutput/Initial/empty (0.00s)
Unit tests (macos, Go 1.27.x)	Run tests	2026-09-11T21:05:06.2259930Z     --- PASS: TestEmissionPTOOutput/Initial/retransmit (0.00s)
Unit tests (macos, Go 1.27.x)	Run tests	2026-09-11T21:05:06.2262010Z     --- PASS: TestEmissionPTOOutput/Handshake/empty (0.00s)
Unit tests (macos, Go 1.27.x)	Run tests	2026-09-11T21:05:06.2262260Z     --- PASS: TestEmissionPTOOutput/Handshake/retransmit (0.00s)
Unit tests (macos, Go 1.27.x)	Run tests	2026-09-11T21:05:06.2262470Z     --- PASS: TestEmissionPTOOutput/1-RTT/empty (0.00s)
Unit tests (macos, Go 1.27.x)	Run tests	2026-09-11T21:05:06.2263130Z     --- PASS: TestEmissionPTOOutput/1-RTT/retransmit (0.00s)
Unit tests (macos, Go 1.27.x)	Run tests	2026-09-11T21:05:06.2263250Z === RUN   TestConnIDManagerConnIDRotation
Unit tests (macos, Go 1.27.x)	Run tests	2026-09-11T21:05:06.2263390Z --- PASS: TestConnIDManagerConnIDRotation (0.02s)
Unit tests (macos, Go 1.27.x)	Run tests	2026-09-11T21:05:06.2263570Z === RUN   TestCoalescedRoutingQueueOverflowWithSiblingInFlight
Unit tests (macos, Go 1.27.x)	Run tests	2026-09-11T21:05:06.2263780Z --- PASS: TestCoalescedRoutingQueueOverflowWithSiblingInFlight (0.00s)
Unit tests (macos, Go 1.27.x)	Run tests	2026-09-11T21:05:06.2263890Z === RUN   TestPack1RTTAckOnlyPacket
Unit tests (macos, Go 1.27.x)	Run tests	2026-09-11T21:05:06.2263990Z --- PASS: TestPack1RTTAckOnlyPacket (0.00s)
Unit tests (macos, Go 1.27.x)	Run tests	2026-09-11T21:05:06.2264090Z === RUN   TestDatagramReceiveRefillDrain
Unit tests (macos, Go 1.27.x)	Run tests	2026-09-11T21:05:06.2264540Z --- PASS: TestDatagramReceiveRefillDrain (0.00s)
Unit tests (macos, Go 1.27.x)	Run tests	2026-09-11T21:05:06.2264650Z === RUN   TestSendStreamFlowControlBlocked
Unit tests (macos, Go 1.27.x)	Run tests	2026-09-11T21:05:06.2264790Z --- PASS: TestSendStreamFlowControlBlocked (0.00s)
Unit tests (macos, Go 1.27.x)	Run tests	2026-09-11T21:05:06.2264900Z === RUN   TestRetransmissionQueueFrames
Unit tests (macos, Go 1.27.x)	Run tests	2026-09-11T21:05:06.2265020Z === RUN   TestRetransmissionQueueFrames/Initial
Unit tests (macos, Go 1.27.x)	Run tests	2026-09-11T21:05:06.2265140Z === RUN   TestRetransmissionQueueFrames/Handshake
Unit tests (macos, Go 1.27.x)	Run tests	2026-09-11T21:05:06.2265250Z === RUN   TestRetransmissionQueueFrames/1-RTT
Unit tests (macos, Go 1.27.x)	Run tests	2026-09-11T21:05:06.2265380Z --- PASS: TestRetransmissionQueueFrames (0.00s)
Unit tests (macos, Go 1.27.x)	Run tests	2026-09-11T21:05:06.2265600Z     --- PASS: TestRetransmissionQueueFrames/Initial (0.00s)
Unit tests (macos, Go 1.27.x)	Run tests	2026-09-11T21:05:06.2265840Z     --- PASS: TestRetransmissionQueueFrames/Handshake (0.00s)
Unit tests (macos, Go 1.27.x)	Run tests	2026-09-11T21:05:06.2266740Z     --- PASS: TestRetransmissionQueueFrames/1-RTT (0.00s)
Unit tests (macos, Go 1.27.x)	Run tests	2026-09-11T21:05:06.2266890Z === RUN   TestTransportTerminalLifetimeForward
Unit tests (macos, Go 1.27.x)	Run tests	2026-09-11T21:05:06.2267040Z --- PASS: TestTransportTerminalLifetimeForward (0.00s)
Unit tests (macos, Go 1.27.x)	Run tests	2026-09-11T21:05:06.2267230Z === RUN   TestPathManagerOutgoingReprobeDiscardsOldRetransmissions
Unit tests (macos, Go 1.27.x)	Run tests	2026-09-11T21:05:06.2267460Z === RUN   TestPathManagerOutgoingReprobeDiscardsOldRetransmissions/queued
Unit tests (macos, Go 1.27.x)	Run tests	2026-09-11T21:05:06.2267700Z === RUN   TestPathManagerOutgoingReprobeDiscardsOldRetransmissions/sent
Unit tests (macos, Go 1.27.x)	Run tests	2026-09-11T21:05:06.2267940Z --- PASS: TestPathManagerOutgoingReprobeDiscardsOldRetransmissions (0.00s)
Unit tests (macos, Go 1.27.x)	Run tests	2026-09-11T21:05:06.2268300Z     --- PASS: TestPathManagerOutgoingReprobeDiscardsOldRetransmissions/queued (0.00s)
Unit tests (macos, Go 1.27.x)	Run tests	2026-09-11T21:05:06.2268640Z     --- PASS: TestPathManagerOutgoingReprobeDiscardsOldRetransmissions/sent (0.00s)
Unit tests (macos, Go 1.27.x)	Run tests	2026-09-11T21:05:06.2268790Z === RUN   TestSendStreamCancellationStreamRetransmission
Unit tests (macos, Go 1.27.x)	Run tests	2026-09-11T21:05:06.2268960Z === RUN   TestSendStreamCancellationStreamRetransmission/local
Unit tests (macos, Go 1.27.x)	Run tests	2026-09-11T21:05:06.2269140Z === RUN   TestSendStreamCancellationStreamRetransmission/remote
Unit tests (macos, Go 1.27.x)	Run tests	2026-09-11T21:05:06.2269310Z --- PASS: TestSendStreamCancellationStreamRetransmission (0.00s)
Unit tests (macos, Go 1.27.x)	Run tests	2026-09-11T21:05:06.2269600Z     --- PASS: TestSendStreamCancellationStreamRetransmission/local (0.00s)
Unit tests (macos, Go 1.27.x)	Run tests	2026-09-11T21:05:06.2269890Z     --- PASS: TestSendStreamCancellationStreamRetransmission/remote (0.00s)
Unit tests (macos, Go 1.27.x)	Run tests	2026-09-11T21:05:06.2270030Z === RUN   TestCoalescedRetentionNonSlabPassthrough
Unit tests (macos, Go 1.27.x)	Run tests	2026-09-11T21:05:06.2270180Z --- PASS: TestCoalescedRetentionNonSlabPassthrough (0.00s)
Unit tests (macos, Go 1.27.x)	Run tests	2026-09-11T21:05:06.2270270Z === RUN   TestSendStreamTryWriteAll
Unit tests (macos, Go 1.27.x)	Run tests	2026-09-11T21:05:06.2270380Z --- PASS: TestSendStreamTryWriteAll (0.00s)
Unit tests (macos, Go 1.27.x)	Run tests	2026-09-11T21:05:06.2270500Z === RUN   TestStreamFlowControllerTryAddBytesSent
Unit tests (macos, Go 1.27.x)	Run tests	2026-09-11T21:05:06.2270640Z --- PASS: TestStreamFlowControllerTryAddBytesSent (0.00s)
Unit tests (macos, Go 1.27.x)	Run tests	2026-09-11T21:05:06.2270840Z === RUN   TestSendStreamLargeTryWriteAllRetransmissionLifetime
Unit tests (macos, Go 1.27.x)	Run tests	2026-09-11T21:05:06.2271110Z --- PASS: TestSendStreamLargeTryWriteAllRetransmissionLifetime (0.00s)
Unit tests (macos, Go 1.27.x)	Run tests	2026-09-11T21:05:06.2271220Z === RUN   TestStreamsMapIncomingClosing
Unit tests (macos, Go 1.27.x)	Run tests	2026-09-11T21:05:06.2271340Z --- PASS: TestStreamsMapIncomingClosing (0.00s)
Unit tests (macos, Go 1.27.x)	Run tests	2026-09-11T21:05:06.2271490Z === RUN   TestSendStreamResetStreamAtCancelBeforeSend
Unit tests (macos, Go 1.27.x)	Run tests	2026-09-11T21:05:06.2271660Z --- PASS: TestSendStreamResetStreamAtCancelBeforeSend (0.00s)
Unit tests (macos, Go 1.27.x)	Run tests	2026-09-11T21:05:06.2272090Z === RUN   TestUnpackLongHeaderEmptyPayload
Unit tests (macos, Go 1.27.x)	Run tests	2026-09-11T21:05:06.2272220Z === RUN   TestUnpackLongHeaderEmptyPayload/Initial
Unit tests (macos, Go 1.27.x)	Run tests	2026-09-11T21:05:06.2272350Z === RUN   TestUnpackLongHeaderEmptyPayload/Handshake
Unit tests (macos, Go 1.27.x)	Run tests	2026-09-11T21:05:06.2272470Z === RUN   TestUnpackLongHeaderEmptyPayload/0-RTT
Unit tests (macos, Go 1.27.x)	Run tests	2026-09-11T21:05:06.2272590Z --- PASS: TestUnpackLongHeaderEmptyPayload (0.00s)
Unit tests (macos, Go 1.27.x)	Run tests	2026-09-11T21:05:06.2272850Z     --- PASS: TestUnpackLongHeaderEmptyPayload/Initial (0.00s)
Unit tests (macos, Go 1.27.x)	Run tests	2026-09-11T21:05:06.2273130Z     --- PASS: TestUnpackLongHeaderEmptyPayload/Handshake (0.00s)
Unit tests (macos, Go 1.27.x)	Run tests	2026-09-11T21:05:06.2273610Z     --- PASS: TestUnpackLongHeaderEmptyPayload/0-RTT (0.00s)
Unit tests (macos, Go 1.27.x)	Run tests	2026-09-11T21:05:06.2273770Z === RUN   TestConnectionMaxUnprocessedPackets
Unit tests (macos, Go 1.27.x)	Run tests	2026-09-11T21:05:06.2273940Z --- PASS: TestConnectionMaxUnprocessedPackets (0.00s)
Unit tests (macos, Go 1.27.x)	Run tests	2026-09-11T21:05:06.2274300Z === RUN   TestStreamFlowControlReceiving
Unit tests (macos, Go 1.27.x)	Run tests	2026-09-11T21:05:06.2274660Z --- PASS: TestStreamFlowControlReceiving (0.00s)
Unit tests (macos, Go 1.27.x)	Run tests	2026-09-11T21:05:06.2274760Z === RUN   TestStreamsMapOutgoingClosing
Unit tests (macos, Go 1.27.x)	Run tests	2026-09-11T21:05:06.2274910Z --- PASS: TestStreamsMapOutgoingClosing (0.00s)
Unit tests (macos, Go 1.27.x)	Run tests	2026-09-11T21:05:06.2275050Z === RUN   TestEmissionEmptyCallerBuffer
Unit tests (macos, Go 1.27.x)	Run tests	2026-09-11T21:05:06.2275220Z === RUN   TestEmissionEmptyCallerBuffer/gso=false
Unit tests (macos, Go 1.27.x)	Run tests	2026-09-11T21:05:06.2275330Z === RUN   TestEmissionEmptyCallerBuffer/gso=true
Unit tests (macos, Go 1.27.x)	Run tests	2026-09-11T21:05:06.2275640Z --- PASS: TestEmissionEmptyCallerBuffer (0.00s)
Unit tests (macos, Go 1.27.x)	Run tests	2026-09-11T21:05:06.2275930Z     --- PASS: TestEmissionEmptyCallerBuffer/gso=false (0.00s)
Unit tests (macos, Go 1.27.x)	Run tests	2026-09-11T21:05:06.2276200Z     --- PASS: TestEmissionEmptyCallerBuffer/gso=true (0.00s)
Unit tests (macos, Go 1.27.x)	Run tests	2026-09-11T21:05:06.2276330Z === RUN   TestServerZeroRTTLifetimeExpiry
Unit tests (macos, Go 1.27.x)	Run tests	2026-09-11T21:05:06.2276480Z --- PASS: TestServerZeroRTTLifetimeExpiry (0.00s)
Unit tests (macos, Go 1.27.x)	Run tests	2026-09-11T21:05:06.2276790Z === RUN   TestConnectionRetainedLifetimeTermination
Unit tests (macos, Go 1.27.x)	Run tests	2026-09-11T21:05:06.2277050Z === RUN   TestConnectionRetainedLifetimeTermination/start_handshake
Unit tests (macos, Go 1.27.x)	Run tests	2026-09-11T21:05:06.2277240Z === RUN   TestConnectionRetainedLifetimeTermination/handshake_event
Unit tests (macos, Go 1.27.x)	Run tests	2026-09-11T21:05:06.2277410Z === RUN   TestConnectionRetainedLifetimeTermination/normal_close
Unit tests (macos, Go 1.27.x)	Run tests	2026-09-11T21:05:06.2277570Z --- PASS: TestConnectionRetainedLifetimeTermination (0.00s)
Unit tests (macos, Go 1.27.x)	Run tests	2026-09-11T21:05:06.2277920Z     --- PASS: TestConnectionRetainedLifetimeTermination/start_handshake (0.00s)
Unit tests (macos, Go 1.27.x)	Run tests	2026-09-11T21:05:06.2278290Z     --- PASS: TestConnectionRetainedLifetimeTermination/handshake_event (0.00s)
Unit tests (macos, Go 1.27.x)	Run tests	2026-09-11T21:05:06.2278610Z     --- PASS: TestConnectionRetainedLifetimeTermination/normal_close (0.00s)
Unit tests (macos, Go 1.27.x)	Run tests	2026-09-11T21:05:06.2278710Z === RUN   TestPack1RTTPacketWithData
Unit tests (macos, Go 1.27.x)	Run tests	2026-09-11T21:05:06.2278820Z --- PASS: TestPack1RTTPacketWithData (0.00s)
Unit tests (macos, Go 1.27.x)	Run tests	2026-09-11T21:05:06.2278910Z === RUN   TestServer0RTTReordering
Unit tests (macos, Go 1.27.x)	Run tests	2026-09-11T21:05:06.2279010Z --- PASS: TestServer0RTTReordering (0.01s)
Unit tests (macos, Go 1.27.x)	Run tests	2026-09-11T21:05:06.2279080Z === RUN   TestAddrsEqual
Unit tests (macos, Go 1.27.x)	Run tests	2026-09-11T21:05:06.2279170Z === RUN   TestAddrsEqual/nil_addresses
Unit tests (macos, Go 1.27.x)	Run tests	2026-09-11T21:05:06.2279260Z === RUN   TestAddrsEqual/one_nil_address
Unit tests (macos, Go 1.27.x)	Run tests	2026-09-11T21:05:06.2279360Z === RUN   TestAddrsEqual/same_IPv4_addresses
Unit tests (macos, Go 1.27.x)	Run tests	2026-09-11T21:05:06.2279490Z === RUN   TestAddrsEqual/different_IPv4_addresses
Unit tests (macos, Go 1.27.x)	Run tests	2026-09-11T21:05:06.2279590Z === RUN   TestAddrsEqual/different_ports
Unit tests (macos, Go 1.27.x)	Run tests	2026-09-11T21:05:06.2279700Z === RUN   TestAddrsEqual/same_IPv6_addresses
Unit tests (macos, Go 1.27.x)	Run tests	2026-09-11T21:05:06.2279810Z === RUN   TestAddrsEqual/different_IPv6_addresses
Unit tests (macos, Go 1.27.x)	Run tests	2026-09-11T21:05:06.2280000Z === RUN   TestAddrsEqual/non-UDP_addresses_with_same_string_representation
Unit tests (macos, Go 1.27.x)	Run tests	2026-09-11T21:05:06.2280200Z === RUN   TestAddrsEqual/non-UDP_addresses_with_different_string_representation
Unit tests (macos, Go 1.27.x)	Run tests	2026-09-11T21:05:06.2280280Z --- PASS: TestAddrsEqual (0.00s)
Unit tests (macos, Go 1.27.x)	Run tests	2026-09-11T21:05:06.2280460Z     --- PASS: TestAddrsEqual/nil_addresses (0.00s)
Unit tests (macos, Go 1.27.x)	Run tests	2026-09-11T21:05:06.2280640Z     --- PASS: TestAddrsEqual/one_nil_address (0.00s)
Unit tests (macos, Go 1.27.x)	Run tests	2026-09-11T21:05:06.2280830Z     --- PASS: TestAddrsEqual/same_IPv4_addresses (0.00s)
Unit tests (macos, Go 1.27.x)	Run tests	2026-09-11T21:05:06.2281070Z     --- PASS: TestAddrsEqual/different_IPv4_addresses (0.00s)
Unit tests (macos, Go 1.27.x)	Run tests	2026-09-11T21:05:06.2281290Z     --- PASS: TestAddrsEqual/different_ports (0.00s)
Unit tests (macos, Go 1.27.x)	Run tests	2026-09-11T21:05:06.2281670Z     --- PASS: TestAddrsEqual/same_IPv6_addresses (0.00s)
Unit tests (macos, Go 1.27.x)	Run tests	2026-09-11T21:05:06.2281890Z     --- PASS: TestAddrsEqual/different_IPv6_addresses (0.00s)
Unit tests (macos, Go 1.27.x)	Run tests	2026-09-11T21:05:06.2282280Z     --- PASS: TestAddrsEqual/non-UDP_addresses_with_same_string_representation (0.00s)
Unit tests (macos, Go 1.27.x)	Run tests	2026-09-11T21:05:06.2282680Z     --- PASS: TestAddrsEqual/non-UDP_addresses_with_different_string_representation (0.00s)
Unit tests (macos, Go 1.27.x)	Run tests	2026-09-11T21:05:06.2282770Z === RUN   TestConnectionClose
Unit tests (macos, Go 1.27.x)	Run tests	2026-09-11T21:05:06.2282880Z === RUN   TestConnectionClose/transport_error
Unit tests (macos, Go 1.27.x)	Run tests	2026-09-11T21:05:06.2283000Z === RUN   TestConnectionClose/application_error
Unit tests (macos, Go 1.27.x)	Run tests	2026-09-11T21:05:06.2283090Z --- PASS: TestConnectionClose (0.00s)
Unit tests (macos, Go 1.27.x)	Run tests	2026-09-11T21:05:06.2283290Z     --- PASS: TestConnectionClose/transport_error (0.00s)
Unit tests (macos, Go 1.27.x)	Run tests	2026-09-11T21:05:06.2283530Z     --- PASS: TestConnectionClose/application_error (0.00s)
Unit tests (macos, Go 1.27.x)	Run tests	2026-09-11T21:05:06.2283910Z === RUN   TestConnIDManagerInitialConnID
Unit tests (macos, Go 1.27.x)	Run tests	2026-09-11T21:05:06.2284030Z --- PASS: TestConnIDManagerInitialConnID (0.00s)
Unit tests (macos, Go 1.27.x)	Run tests	2026-09-11T21:05:06.2284110Z === RUN   TestBasicConn
Unit tests (macos, Go 1.27.x)	Run tests	2026-09-11T21:05:06.2284190Z --- PASS: TestBasicConn (0.00s)
Unit tests (macos, Go 1.27.x)	Run tests	2026-09-11T21:05:06.2284360Z === RUN   TestHandshakeMTUFallbackSendClassification
Unit tests (macos, Go 1.27.x)	Run tests	2026-09-11T21:05:06.2284550Z === RUN   TestHandshakeMTUFallbackSendClassification/Initial
Unit tests (macos, Go 1.27.x)	Run tests	2026-09-11T21:05:06.2284730Z === RUN   TestHandshakeMTUFallbackSendClassification/Handshake
Unit tests (macos, Go 1.27.x)	Run tests	2026-09-11T21:05:06.2284930Z === RUN   TestHandshakeMTUFallbackSendClassification/Initial_and_0-RTT
Unit tests (macos, Go 1.27.x)	Run tests	2026-09-11T21:05:06.2285090Z === RUN   TestHandshakeMTUFallbackSendClassification/0-RTT_only
Unit tests (macos, Go 1.27.x)	Run tests	2026-09-11T21:05:06.2285240Z === RUN   TestHandshakeMTUFallbackSendClassification/1-RTT_only
Unit tests (macos, Go 1.27.x)	Run tests	2026-09-11T21:05:06.2285400Z --- PASS: TestHandshakeMTUFallbackSendClassification (0.00s)
Unit tests (macos, Go 1.27.x)	Run tests	2026-09-11T21:05:06.2285680Z     --- PASS: TestHandshakeMTUFallbackSendClassification/Initial (0.00s)
Unit tests (macos, Go 1.27.x)	Run tests	2026-09-11T21:05:06.2286570Z     --- PASS: TestHandshakeMTUFallbackSendClassification/Handshake (0.00s)
Unit tests (macos, Go 1.27.x)	Run tests	2026-09-11T21:05:06.2286960Z     --- PASS: TestHandshakeMTUFallbackSendClassification/Initial_and_0-RTT (0.00s)
Unit tests (macos, Go 1.27.x)	Run tests	2026-09-11T21:05:06.2287440Z     --- PASS: TestHandshakeMTUFallbackSendClassification/0-RTT_only (0.00s)
Unit tests (macos, Go 1.27.x)	Run tests	2026-09-11T21:05:06.2287730Z     --- PASS: TestHandshakeMTUFallbackSendClassification/1-RTT_only (0.00s)
Unit tests (macos, Go 1.27.x)	Run tests	2026-09-11T21:05:06.2287820Z === RUN   TestClosedLocalConnection
Unit tests (macos, Go 1.27.x)	Run tests	2026-09-11T21:05:06.2287920Z --- PASS: TestClosedLocalConnection (0.00s)
Unit tests (macos, Go 1.27.x)	Run tests	2026-09-11T21:05:06.2288010Z === RUN   TestPathManagerNATRebinding
Unit tests (macos, Go 1.27.x)	Run tests	2026-09-11T21:05:06.2288130Z --- PASS: TestPathManagerNATRebinding (0.00s)
Unit tests (macos, Go 1.27.x)	Run tests	2026-09-11T21:05:06.2288210Z === RUN   TestStreamDeadlines
Unit tests (macos, Go 1.27.x)	Run tests	2026-09-11T21:05:06.2288300Z --- PASS: TestStreamDeadlines (0.00s)
Unit tests (macos, Go 1.27.x)	Run tests	2026-09-11T21:05:06.2288390Z === RUN   TestConnIDManagerLimit
Unit tests (macos, Go 1.27.x)	Run tests	2026-09-11T21:05:06.2288480Z --- PASS: TestConnIDManagerLimit (0.00s)
Unit tests (macos, Go 1.27.x)	Run tests	2026-09-11T21:05:06.2288560Z === RUN   TestReceiveStreamReadData
Unit tests (macos, Go 1.27.x)	Run tests	2026-09-11T21:05:06.2288670Z --- PASS: TestReceiveStreamReadData (0.00s)
Unit tests (macos, Go 1.27.x)	Run tests	2026-09-11T21:05:06.2288790Z === RUN   TestPackPathChallengeAndPathResponse
Unit tests (macos, Go 1.27.x)	Run tests	2026-09-11T21:05:06.2288930Z --- PASS: TestPackPathChallengeAndPathResponse (0.00s)
Unit tests (macos, Go 1.27.x)	Run tests	2026-09-11T21:05:06.2289010Z === RUN   TestSysConnSendGSO
Unit tests (macos, Go 1.27.x)	Run tests	2026-09-11T21:05:06.2289300Z     sys_conn_oob_test.go:324: GSO not supported on this platform
Unit tests (macos, Go 1.27.x)	Run tests	2026-09-11T21:05:06.2289390Z --- SKIP: TestSysConnSendGSO (0.00s)
Unit tests (macos, Go 1.27.x)	Run tests	2026-09-11T21:05:06.2289510Z === RUN   TestConnectionRetainedLifetimeReplay
Unit tests (macos, Go 1.27.x)	Run tests	2026-09-11T21:05:06.2289670Z === RUN   TestConnectionRetainedLifetimeReplay/success
Unit tests (macos, Go 1.27.x)	Run tests	2026-09-11T21:05:06.2289850Z === RUN   TestConnectionRetainedLifetimeReplay/early_error
Unit tests (macos, Go 1.27.x)	Run tests	2026-09-11T21:05:06.2290000Z --- PASS: TestConnectionRetainedLifetimeReplay (0.00s)
Unit tests (macos, Go 1.27.x)	Run tests	2026-09-11T21:05:06.2290240Z     --- PASS: TestConnectionRetainedLifetimeReplay/success (0.00s)
Unit tests (macos, Go 1.27.x)	Run tests	2026-09-11T21:05:06.2290500Z     --- PASS: TestConnectionRetainedLifetimeReplay/early_error (0.00s)
Unit tests (macos, Go 1.27.x)	Run tests	2026-09-11T21:05:06.2290610Z === RUN   TestConnectionLoggingCryptoFrame
Unit tests (macos, Go 1.27.x)	Run tests	2026-09-11T21:05:06.2290730Z --- PASS: TestConnectionLoggingCryptoFrame (0.00s)
Unit tests (macos, Go 1.27.x)	Run tests	2026-09-11T21:05:06.2290820Z === RUN   TestStreamsMapConcurrent
Unit tests (macos, Go 1.27.x)	Run tests	2026-09-11T21:05:06.2291140Z === RUN   TestStreamsMapConcurrent/iteration_1
Unit tests (macos, Go 1.27.x)	Run tests	2026-09-11T21:05:06.2291280Z === RUN   TestStreamsMapConcurrent/iteration_2
Unit tests (macos, Go 1.27.x)	Run tests	2026-09-11T21:05:06.2291410Z === RUN   TestStreamsMapConcurrent/iteration_3
Unit tests (macos, Go 1.27.x)	Run tests	2026-09-11T21:05:06.2291540Z === RUN   TestStreamsMapConcurrent/iteration_4
Unit tests (macos, Go 1.27.x)	Run tests	2026-09-11T21:05:06.2291660Z === RUN   TestStreamsMapConcurrent/iteration_5
Unit tests (macos, Go 1.27.x)	Run tests	2026-09-11T21:05:06.2291760Z --- PASS: TestStreamsMapConcurrent (0.00s)
Unit tests (macos, Go 1.27.x)	Run tests	2026-09-11T21:05:06.2291980Z     --- PASS: TestStreamsMapConcurrent/iteration_1 (0.00s)
Unit tests (macos, Go 1.27.x)	Run tests	2026-09-11T21:05:06.2292180Z     --- PASS: TestStreamsMapConcurrent/iteration_2 (0.00s)
Unit tests (macos, Go 1.27.x)	Run tests	2026-09-11T21:05:06.2292440Z     --- PASS: TestStreamsMapConcurrent/iteration_3 (0.00s)
Unit tests (macos, Go 1.27.x)	Run tests	2026-09-11T21:05:06.2292640Z     --- PASS: TestStreamsMapConcurrent/iteration_4 (0.00s)
Unit tests (macos, Go 1.27.x)	Run tests	2026-09-11T21:05:06.2292840Z     --- PASS: TestStreamsMapConcurrent/iteration_5 (0.00s)
Unit tests (macos, Go 1.27.x)	Run tests	2026-09-11T21:05:06.2293060Z === RUN   TestConnectionHandleMaxStreamsFrame
Unit tests (macos, Go 1.27.x)	Run tests	2026-09-11T21:05:06.2293200Z --- PASS: TestConnectionHandleMaxStreamsFrame (0.00s)
Unit tests (macos, Go 1.27.x)	Run tests	2026-09-11T21:05:06.2293300Z === RUN   TestStreamsMapIncomingRandomized
Unit tests (macos, Go 1.27.x)	Run tests	2026-09-11T21:05:06.2293420Z --- PASS: TestStreamsMapIncomingRandomized (0.00s)
Unit tests (macos, Go 1.27.x)	Run tests	2026-09-11T21:05:06.2293500Z === RUN   TestServerAccept
Unit tests (macos, Go 1.27.x)	Run tests	2026-09-11T21:05:06.2293620Z === RUN   TestServerAccept/without_accept_early
Unit tests (macos, Go 1.27.x)	Run tests	2026-09-11T21:05:06.2293720Z === RUN   TestServerAccept/with_accept_early
Unit tests (macos, Go 1.27.x)	Run tests	2026-09-11T21:05:06.2293820Z --- PASS: TestServerAccept (0.11s)
Unit tests (macos, Go 1.27.x)	Run tests	2026-09-11T21:05:06.2294070Z     --- PASS: TestServerAccept/without_accept_early (0.05s)
Unit tests (macos, Go 1.27.x)	Run tests	2026-09-11T21:05:06.2294330Z     --- PASS: TestServerAccept/with_accept_early (0.06s)
Unit tests (macos, Go 1.27.x)	Run tests	2026-09-11T21:05:06.2294420Z === RUN   TestFrameSorterSimpleCases
Unit tests (macos, Go 1.27.x)	Run tests	2026-09-11T21:05:06.2294530Z --- PASS: TestFrameSorterSimpleCases (0.00s)
Unit tests (macos, Go 1.27.x)	Run tests	2026-09-11T21:05:06.2294620Z === RUN   TestServerTokenValidation
Unit tests (macos, Go 1.27.x)	Run tests	2026-09-11T21:05:06.2294790Z === RUN   TestServerTokenValidation/retry_token_with_invalid_address
Unit tests (macos, Go 1.27.x)	Run tests	2026-09-11T21:05:06.2294920Z === RUN   TestServerTokenValidation/expired_retry_token
Unit tests (macos, Go 1.27.x)	Run tests	2026-09-11T21:05:06.2295040Z === RUN   TestServerTokenValidation/corrupted_packet
Unit tests (macos, Go 1.27.x)	Run tests	2026-09-11T21:05:06.2295180Z === RUN   TestServerTokenValidation/invalid_non-retry_token
Unit tests (macos, Go 1.27.x)	Run tests	2026-09-11T21:05:06.2295320Z === RUN   TestServerTokenValidation/expired_non-retry_token
Unit tests (macos, Go 1.27.x)	Run tests	2026-09-11T21:05:06.2295420Z --- PASS: TestServerTokenValidation (0.02s)
Unit tests (macos, Go 1.27.x)	Run tests	2026-09-11T21:05:06.2295720Z     --- PASS: TestServerTokenValidation/retry_token_with_invalid_address (0.00s)
Unit tests (macos, Go 1.27.x)	Run tests	2026-09-11T21:05:06.2295960Z     --- PASS: TestServerTokenValidation/expired_retry_token (0.00s)
Unit tests (macos, Go 1.27.x)	Run tests	2026-09-11T21:05:06.2297140Z     --- PASS: TestServerTokenValidation/corrupted_packet (0.01s)
Unit tests (macos, Go 1.27.x)	Run tests	2026-09-11T21:05:06.2297520Z     --- PASS: TestServerTokenValidation/invalid_non-retry_token (0.00s)
Unit tests (macos, Go 1.27.x)	Run tests	2026-09-11T21:05:06.2297800Z     --- PASS: TestServerTokenValidation/expired_non-retry_token (0.00s)
Unit tests (macos, Go 1.27.x)	Run tests	2026-09-11T21:05:06.2297910Z === RUN   TestConnectionServerInvalidPackets
Unit tests (macos, Go 1.27.x)	Run tests	2026-09-11T21:05:06.2298040Z === RUN   TestConnectionServerInvalidPackets/Retry
Unit tests (macos, Go 1.27.x)	Run tests	2026-09-11T21:05:06.2298210Z === RUN   TestConnectionServerInvalidPackets/version_negotiation
Unit tests (macos, Go 1.27.x)	Run tests	2026-09-11T21:05:06.2298370Z === RUN   TestConnectionServerInvalidPackets/unsupported_version
Unit tests (macos, Go 1.27.x)	Run tests	2026-09-11T21:05:06.2298510Z === RUN   TestConnectionServerInvalidPackets/invalid_header
Unit tests (macos, Go 1.27.x)	Run tests	2026-09-11T21:05:06.2298640Z --- PASS: TestConnectionServerInvalidPackets (0.00s)
Unit tests (macos, Go 1.27.x)	Run tests	2026-09-11T21:05:06.2298870Z     --- PASS: TestConnectionServerInvalidPackets/Retry (0.00s)
Unit tests (macos, Go 1.27.x)	Run tests	2026-09-11T21:05:06.2299170Z     --- PASS: TestConnectionServerInvalidPackets/version_negotiation (0.00s)
Unit tests (macos, Go 1.27.x)	Run tests	2026-09-11T21:05:06.2299460Z     --- PASS: TestConnectionServerInvalidPackets/unsupported_version (0.00s)
Unit tests (macos, Go 1.27.x)	Run tests	2026-09-11T21:05:06.2299930Z     --- PASS: TestConnectionServerInvalidPackets/invalid_header (0.00s)
Unit tests (macos, Go 1.27.x)	Run tests	2026-09-11T21:05:06.2300120Z === RUN   TestConnectionMigration
Unit tests (macos, Go 1.27.x)	Run tests	2026-09-11T21:05:06.2300230Z === RUN   TestConnectionMigration/disabled
Unit tests (macos, Go 1.27.x)	Run tests	2026-09-11T21:05:06.2300330Z === RUN   TestConnectionMigration/enabled
Unit tests (macos, Go 1.27.x)	Run tests	2026-09-11T21:05:06.2300450Z --- PASS: TestConnectionMigration (0.00s)
Unit tests (macos, Go 1.27.x)	Run tests	2026-09-11T21:05:06.2300670Z     --- PASS: TestConnectionMigration/disabled (0.00s)
Unit tests (macos, Go 1.27.x)	Run tests	2026-09-11T21:05:06.2301270Z     --- PASS: TestConnectionMigration/enabled (0.00s)
Unit tests (macos, Go 1.27.x)	Run tests	2026-09-11T21:05:06.2301450Z === RUN   TestSendStreamCancellationResetStreamRetransmission
Unit tests (macos, Go 1.27.x)	Run tests	2026-09-11T21:05:06.2301650Z --- PASS: TestSendStreamCancellationResetStreamRetransmission (0.00s)
Unit tests (macos, Go 1.27.x)	Run tests	2026-09-11T21:05:06.2301740Z === RUN   TestPackDatagramFrames
Unit tests (macos, Go 1.27.x)	Run tests	2026-09-11T21:05:06.2301840Z --- PASS: TestPackDatagramFrames (0.00s)
Unit tests (macos, Go 1.27.x)	Run tests	2026-09-11T21:05:06.2301960Z === RUN   TestCoalescedRoutingMixedConnectionIDs
Unit tests (macos, Go 1.27.x)	Run tests	2026-09-11T21:05:06.2302110Z --- PASS: TestCoalescedRoutingMixedConnectionIDs (0.00s)
Unit tests (macos, Go 1.27.x)	Run tests	2026-09-11T21:05:06.2302190Z === RUN   TestSendQueueBlocking
Unit tests (macos, Go 1.27.x)	Run tests	2026-09-11T21:05:06.2302290Z --- PASS: TestSendQueueBlocking (0.00s)
Unit tests (macos, Go 1.27.x)	Run tests	2026-09-11T21:05:06.2302410Z === RUN   TestStreamFlowControllerFinalOffset
Unit tests (macos, Go 1.27.x)	Run tests	2026-09-11T21:05:06.2302600Z === RUN   TestStreamFlowControllerFinalOffset/duplicate_final_offset
Unit tests (macos, Go 1.27.x)	Run tests	2026-09-11T21:05:06.2302890Z === RUN   TestStreamFlowControllerFinalOffset/inconsistent_final_offset
Unit tests (macos, Go 1.27.x)	Run tests	2026-09-11T21:05:06.2303110Z === RUN   TestStreamFlowControllerFinalOffset/non-final_offset_past_final_offset
Unit tests (macos, Go 1.27.x)	Run tests	2026-09-11T21:05:06.2303340Z === RUN   TestStreamFlowControllerFinalOffset/final_offset_smaller_than_previous_offset
Unit tests (macos, Go 1.27.x)	Run tests	2026-09-11T21:05:06.2303480Z --- PASS: TestStreamFlowControllerFinalOffset (0.00s)
Unit tests (macos, Go 1.27.x)	Run tests	2026-09-11T21:05:06.2303790Z     --- PASS: TestStreamFlowControllerFinalOffset/duplicate_final_offset (0.00s)
Unit tests (macos, Go 1.27.x)	Run tests	2026-09-11T21:05:06.2304120Z     --- PASS: TestStreamFlowControllerFinalOffset/inconsistent_final_offset (0.00s)
Unit tests (macos, Go 1.27.x)	Run tests	2026-09-11T21:05:06.2304480Z     --- PASS: TestStreamFlowControllerFinalOffset/non-final_offset_past_final_offset (0.00s)
Unit tests (macos, Go 1.27.x)	Run tests	2026-09-11T21:05:06.2304870Z     --- PASS: TestStreamFlowControllerFinalOffset/final_offset_smaller_than_previous_offset (0.00s)
Unit tests (macos, Go 1.27.x)	Run tests	2026-09-11T21:05:06.2304990Z === RUN   TestServerAdmissionLifetimeReceiveExit
Unit tests (macos, Go 1.27.x)	Run tests	2026-09-11T21:05:06.2305140Z --- PASS: TestServerAdmissionLifetimeReceiveExit (0.00s)
Unit tests (macos, Go 1.27.x)	Run tests	2026-09-11T21:05:06.2305260Z === RUN   TestConnection0RTTTransportParameters
Unit tests (macos, Go 1.27.x)	Run tests	2026-09-11T21:05:06.2305400Z --- PASS: TestConnection0RTTTransportParameters (0.00s)
Unit tests (macos, Go 1.27.x)	Run tests	2026-09-11T21:05:06.2305500Z === RUN   TestDatagramQueueReceiveBlocking
Unit tests (macos, Go 1.27.x)	Run tests	2026-09-11T21:05:06.2305620Z --- PASS: TestDatagramQueueReceiveBlocking (0.00s)
Unit tests (macos, Go 1.27.x)	Run tests	2026-09-11T21:05:06.2305730Z === RUN   TestEmissionConstructionInitial
Unit tests (macos, Go 1.27.x)	Run tests	2026-09-11T21:05:06.2305840Z === RUN   TestEmissionConstructionInitial/server
Unit tests (macos, Go 1.27.x)	Run tests	2026-09-11T21:05:06.2305990Z === RUN   TestEmissionConstructionInitial/client_without_token
Unit tests (macos, Go 1.27.x)	Run tests	2026-09-11T21:05:06.2306400Z === RUN   TestEmissionConstructionInitial/client_with_token
Unit tests (macos, Go 1.27.x)	Run tests	2026-09-11T21:05:06.2306890Z --- PASS: TestEmissionConstructionInitial (0.00s)
Unit tests (macos, Go 1.27.x)	Run tests	2026-09-11T21:05:06.2307180Z     --- PASS: TestEmissionConstructionInitial/server (0.00s)
Unit tests (macos, Go 1.27.x)	Run tests	2026-09-11T21:05:06.2307470Z     --- PASS: TestEmissionConstructionInitial/client_without_token (0.00s)
Unit tests (macos, Go 1.27.x)	Run tests	2026-09-11T21:05:06.2307760Z     --- PASS: TestEmissionConstructionInitial/client_with_token (0.00s)
Unit tests (macos, Go 1.27.x)	Run tests	2026-09-11T21:05:06.2307870Z === RUN   TestStreamsMapIncomingGettingStreams
Unit tests (macos, Go 1.27.x)	Run tests	2026-09-11T21:05:06.2308020Z === RUN   TestStreamsMapIncomingGettingStreams/client
Unit tests (macos, Go 1.27.x)	Run tests	2026-09-11T21:05:06.2308180Z === RUN   TestStreamsMapIncomingGettingStreams/server
Unit tests (macos, Go 1.27.x)	Run tests	2026-09-11T21:05:06.2308340Z --- PASS: TestStreamsMapIncomingGettingStreams (0.00s)
Unit tests (macos, Go 1.27.x)	Run tests	2026-09-11T21:05:06.2308630Z     --- PASS: TestStreamsMapIncomingGettingStreams/client (0.00s)
Unit tests (macos, Go 1.27.x)	Run tests	2026-09-11T21:05:06.2308890Z     --- PASS: TestStreamsMapIncomingGettingStreams/server (0.00s)
Unit tests (macos, Go 1.27.x)	Run tests	2026-09-11T21:05:06.2309020Z === RUN   TestCloseConstructorFailureLifetime
Unit tests (macos, Go 1.27.x)	Run tests	2026-09-11T21:05:06.2309160Z === RUN   TestCloseConstructorFailureLifetime/short
Unit tests (macos, Go 1.27.x)	Run tests	2026-09-11T21:05:06.2309300Z === RUN   TestCloseConstructorFailureLifetime/long
Unit tests (macos, Go 1.27.x)	Run tests	2026-09-11T21:05:06.2309460Z --- PASS: TestCloseConstructorFailureLifetime (0.00s)
Unit tests (macos, Go 1.27.x)	Run tests	2026-09-11T21:05:06.2309720Z     --- PASS: TestCloseConstructorFailureLifetime/short (0.00s)
Unit tests (macos, Go 1.27.x)	Run tests	2026-09-11T21:05:06.2309970Z     --- PASS: TestCloseConstructorFailureLifetime/long (0.00s)
Unit tests (macos, Go 1.27.x)	Run tests	2026-09-11T21:05:06.2310070Z === RUN   TestConnectionGSOBatchECN
Unit tests (macos, Go 1.27.x)	Run tests	2026-09-11T21:05:06.2310170Z --- PASS: TestConnectionGSOBatchECN (0.00s)
Unit tests (macos, Go 1.27.x)	Run tests	2026-09-11T21:05:06.2310410Z === RUN   TestStreamsMapStreamLimits
Unit tests (macos, Go 1.27.x)	Run tests	2026-09-11T21:05:06.2310510Z === RUN   TestStreamsMapStreamLimits/client
Unit tests (macos, Go 1.27.x)	Run tests	2026-09-11T21:05:06.2310610Z === RUN   TestStreamsMapStreamLimits/server
Unit tests (macos, Go 1.27.x)	Run tests	2026-09-11T21:05:06.2310720Z --- PASS: TestStreamsMapStreamLimits (0.00s)
Unit tests (macos, Go 1.27.x)	Run tests	2026-09-11T21:05:06.2310910Z     --- PASS: TestStreamsMapStreamLimits/client (0.00s)
Unit tests (macos, Go 1.27.x)	Run tests	2026-09-11T21:05:06.2311110Z     --- PASS: TestStreamsMapStreamLimits/server (0.00s)
Unit tests (macos, Go 1.27.x)	Run tests	2026-09-11T21:05:06.2311200Z === RUN   TestReceiveStreamEOFWithData
Unit tests (macos, Go 1.27.x)	Run tests	2026-09-11T21:05:06.2311310Z --- PASS: TestReceiveStreamEOFWithData (0.00s)
Unit tests (macos, Go 1.27.x)	Run tests	2026-09-11T21:05:06.2311400Z === RUN   TestConnIDGeneratorRemoveAll
Unit tests (macos, Go 1.27.x)	Run tests	2026-09-11T21:05:06.2311620Z === RUN   TestConnIDGeneratorRemoveAll/with_initial_client_destination_connection_ID
Unit tests (macos, Go 1.27.x)	Run tests	2026-09-11T21:05:06.2311920Z === RUN   TestConnIDGeneratorRemoveAll/without_initial_client_destination_connection_ID
Unit tests (macos, Go 1.27.x)	Run tests	2026-09-11T21:05:06.2312040Z --- PASS: TestConnIDGeneratorRemoveAll (0.00s)
Unit tests (macos, Go 1.27.x)	Run tests	2026-09-11T21:05:06.2312420Z     --- PASS: TestConnIDGeneratorRemoveAll/with_initial_client_destination_connection_ID (0.00s)
Unit tests (macos, Go 1.27.x)	Run tests	2026-09-11T21:05:06.2312810Z     --- PASS: TestConnIDGeneratorRemoveAll/without_initial_client_destination_connection_ID (0.00s)
Unit tests (macos, Go 1.27.x)	Run tests	2026-09-11T21:05:06.2312920Z === RUN   TestConnectionFlowControllerReset
Unit tests (macos, Go 1.27.x)	Run tests	2026-09-11T21:05:06.2313040Z --- PASS: TestConnectionFlowControllerReset (0.00s)
Unit tests (macos, Go 1.27.x)	Run tests	2026-09-11T21:05:06.2313130Z === RUN   TestClosedRemoteConnection
Unit tests (macos, Go 1.27.x)	Run tests	2026-09-11T21:05:06.2313240Z --- PASS: TestClosedRemoteConnection (0.00s)
Unit tests (macos, Go 1.27.x)	Run tests	2026-09-11T21:05:06.2313350Z === RUN   TestStreamsMapIncomingAcceptingStreams
Unit tests (macos, Go 1.27.x)	Run tests	2026-09-11T21:05:06.2313510Z --- PASS: TestStreamsMapIncomingAcceptingStreams (0.00s)
Unit tests (macos, Go 1.27.x)	Run tests	2026-09-11T21:05:06.2313660Z === RUN   TestServerAdmissionLifetimeRetryResponse
Unit tests (macos, Go 1.27.x)	Run tests	2026-09-11T21:05:06.2313840Z --- PASS: TestServerAdmissionLifetimeRetryResponse (0.00s)
Unit tests (macos, Go 1.27.x)	Run tests	2026-09-11T21:05:06.2313970Z === RUN   TestTransportStatelessResetReceiving
Unit tests (macos, Go 1.27.x)	Run tests	2026-09-11T21:05:06.2314100Z --- PASS: TestTransportStatelessResetReceiving (0.00s)
Unit tests (macos, Go 1.27.x)	Run tests	2026-09-11T21:05:06.2314210Z === RUN   TestReceiveStreamDeadlineExtension
Unit tests (macos, Go 1.27.x)	Run tests	2026-09-11T21:05:06.2314330Z === RUN   TestReceiveStreamDeadlineExtension/read
Unit tests (macos, Go 1.27.x)	Run tests	2026-09-11T21:05:06.2314440Z === RUN   TestReceiveStreamDeadlineExtension/peek
Unit tests (macos, Go 1.27.x)	Run tests	2026-09-11T21:05:06.2314590Z --- PASS: TestReceiveStreamDeadlineExtension (0.00s)
Unit tests (macos, Go 1.27.x)	Run tests	2026-09-11T21:05:06.2314810Z     --- PASS: TestReceiveStreamDeadlineExtension/read (0.00s)
Unit tests (macos, Go 1.27.x)	Run tests	2026-09-11T21:05:06.2315030Z     --- PASS: TestReceiveStreamDeadlineExtension/peek (0.00s)
Unit tests (macos, Go 1.27.x)	Run tests	2026-09-11T21:05:06.2315120Z === RUN   TestSendQueueSendProbe
Unit tests (macos, Go 1.27.x)	Run tests	2026-09-11T21:05:06.2315220Z --- PASS: TestSendQueueSendProbe (0.00s)
Unit tests (macos, Go 1.27.x)	Run tests	2026-09-11T21:05:06.2315310Z === RUN   TestEmissionReceiveFairness
Unit tests (macos, Go 1.27.x)	Run tests	2026-09-11T21:05:06.2315670Z === RUN   TestEmissionReceiveFairness/ordinary
Unit tests (macos, Go 1.27.x)	Run tests	2026-09-11T21:05:06.2315800Z === RUN   TestEmissionReceiveFairness/GSO
Unit tests (macos, Go 1.27.x)	Run tests	2026-09-11T21:05:06.2315930Z --- PASS: TestEmissionReceiveFairness (0.00s)
Unit tests (macos, Go 1.27.x)	Run tests	2026-09-11T21:05:06.2316140Z     --- PASS: TestEmissionReceiveFairness/ordinary (0.00s)
Unit tests (macos, Go 1.27.x)	Run tests	2026-09-11T21:05:06.2316330Z     --- PASS: TestEmissionReceiveFairness/GSO (0.00s)
Unit tests (macos, Go 1.27.x)	Run tests	2026-09-11T21:05:06.2316430Z === RUN   TestTimeoutReadersReleaseBuffer
Unit tests (macos, Go 1.27.x)	Run tests	2026-09-11T21:05:06.2316540Z === RUN   TestTimeoutReadersReleaseBuffer/Read
Unit tests (macos, Go 1.27.x)	Run tests	2026-09-11T21:05:06.2316650Z === RUN   TestTimeoutReadersReleaseBuffer/Peek
Unit tests (macos, Go 1.27.x)	Run tests	2026-09-11T21:05:06.2316770Z --- PASS: TestTimeoutReadersReleaseBuffer (0.00s)
Unit tests (macos, Go 1.27.x)	Run tests	2026-09-11T21:05:06.2316970Z     --- PASS: TestTimeoutReadersReleaseBuffer/Read (0.00s)
Unit tests (macos, Go 1.27.x)	Run tests	2026-09-11T21:05:06.2317210Z     --- PASS: TestTimeoutReadersReleaseBuffer/Peek (0.00s)
Unit tests (macos, Go 1.27.x)	Run tests	2026-09-11T21:05:06.2317300Z === RUN   TestConnIDManagerClose
Unit tests (macos, Go 1.27.x)	Run tests	2026-09-11T21:05:06.2317400Z --- PASS: TestConnIDManagerClose (0.00s)
Unit tests (macos, Go 1.27.x)	Run tests	2026-09-11T21:05:06.2317490Z === RUN   TestInitialCryptoStreamServer
Unit tests (macos, Go 1.27.x)	Run tests	2026-09-11T21:05:06.2317600Z --- PASS: TestInitialCryptoStreamServer (0.00s)
Unit tests (macos, Go 1.27.x)	Run tests	2026-09-11T21:05:06.2317710Z === RUN   TestConnIDGeneratorIssueAndRetire
Unit tests (macos, Go 1.27.x)	Run tests	2026-09-11T21:05:06.2317950Z === RUN   TestConnIDGeneratorIssueAndRetire/with_initial_client_destination_connection_ID
Unit tests (macos, Go 1.27.x)	Run tests	2026-09-11T21:05:06.2318310Z === RUN   TestConnIDGeneratorIssueAndRetire/without_initial_client_destination_connection_ID
Unit tests (macos, Go 1.27.x)	Run tests	2026-09-11T21:05:06.2318450Z --- PASS: TestConnIDGeneratorIssueAndRetire (0.00s)
Unit tests (macos, Go 1.27.x)	Run tests	2026-09-11T21:05:06.2318870Z     --- PASS: TestConnIDGeneratorIssueAndRetire/with_initial_client_destination_connection_ID (0.00s)
Unit tests (macos, Go 1.27.x)	Run tests	2026-09-11T21:05:06.2319280Z     --- PASS: TestConnIDGeneratorIssueAndRetire/without_initial_client_destination_connection_ID (0.00s)
Unit tests (macos, Go 1.27.x)	Run tests	2026-09-11T21:05:06.2319420Z === RUN   TestServerAdmissionLifetimeResponseExit
Unit tests (macos, Go 1.27.x)	Run tests	2026-09-11T21:05:06.2319570Z --- PASS: TestServerAdmissionLifetimeResponseExit (0.00s)
Unit tests (macos, Go 1.27.x)	Run tests	2026-09-11T21:05:06.2319680Z === RUN   TestCryptoStreamManager
Unit tests (macos, Go 1.27.x)	Run tests	2026-09-11T21:05:06.2319780Z === RUN   TestCryptoStreamManager/Initial
Unit tests (macos, Go 1.27.x)	Run tests	2026-09-11T21:05:06.2319870Z === RUN   TestCryptoStreamManager/Handshake
Unit tests (macos, Go 1.27.x)	Run tests	2026-09-11T21:05:06.2320080Z === RUN   TestCryptoStreamManager/1-RTT
Unit tests (macos, Go 1.27.x)	Run tests	2026-09-11T21:05:06.2320180Z --- PASS: TestCryptoStreamManager (0.00s)
Unit tests (macos, Go 1.27.x)	Run tests	2026-09-11T21:05:06.2320370Z     --- PASS: TestCryptoStreamManager/Initial (0.00s)
Unit tests (macos, Go 1.27.x)	Run tests	2026-09-11T21:05:06.2320580Z     --- PASS: TestCryptoStreamManager/Handshake (0.00s)
Unit tests (macos, Go 1.27.x)	Run tests	2026-09-11T21:05:06.2320760Z     --- PASS: TestCryptoStreamManager/1-RTT (0.00s)
Unit tests (macos, Go 1.27.x)	Run tests	2026-09-11T21:05:06.2320960Z === RUN   TestStreamsMapOutgoingRandomizedWithCancellation
Unit tests (macos, Go 1.27.x)	Run tests	2026-09-11T21:05:06.2321250Z     streams_map_outgoing_test.go:531: setting stream limit to 36
Unit tests (macos, Go 1.27.x)	Run tests	2026-09-11T21:05:06.2321490Z     streams_map_outgoing_test.go:531: setting stream limit to 60
Unit tests (macos, Go 1.27.x)	Run tests	2026-09-11T21:05:06.2321730Z     streams_map_outgoing_test.go:531: setting stream limit to 100
Unit tests (macos, Go 1.27.x)	Run tests	2026-09-11T21:05:06.2321980Z     streams_map_outgoing_test.go:531: setting stream limit to 160
Unit tests (macos, Go 1.27.x)	Run tests	2026-09-11T21:05:06.2322220Z     streams_map_outgoing_test.go:531: setting stream limit to 204
Unit tests (macos, Go 1.27.x)	Run tests	2026-09-11T21:05:06.2322450Z     streams_map_outgoing_test.go:531: setting stream limit to 240
Unit tests (macos, Go 1.27.x)	Run tests	2026-09-11T21:05:06.2322690Z     streams_map_outgoing_test.go:531: setting stream limit to 316
Unit tests (macos, Go 1.27.x)	Run tests	2026-09-11T21:05:06.2322930Z     streams_map_outgoing_test.go:531: setting stream limit to 344
Unit tests (macos, Go 1.27.x)	Run tests	2026-09-11T21:05:06.2323170Z     streams_map_outgoing_test.go:531: setting stream limit to 380
Unit tests (macos, Go 1.27.x)	Run tests	2026-09-11T21:05:06.2323410Z     streams_map_outgoing_test.go:531: setting stream limit to 444
Unit tests (macos, Go 1.27.x)	Run tests	2026-09-11T21:05:06.2323650Z     streams_map_outgoing_test.go:561: saw 100 streams, 21 cancelled
Unit tests (macos, Go 1.27.x)	Run tests	2026-09-11T21:05:06.2323830Z --- PASS: TestStreamsMapOutgoingRandomizedWithCancellation (0.00s)
Unit tests (macos, Go 1.27.x)	Run tests	2026-09-11T21:05:06.2323940Z === RUN   TestConnectionFlowControlViolation
Unit tests (macos, Go 1.27.x)	Run tests	2026-09-11T21:05:06.2324070Z --- PASS: TestConnectionFlowControlViolation (0.00s)
Unit tests (macos, Go 1.27.x)	Run tests	2026-09-11T21:05:06.2324220Z === RUN   TestVersionNegotiationQueueDoesNotPinCoalescedSlab
Unit tests (macos, Go 1.27.x)	Run tests	2026-09-11T21:05:06.2324410Z --- PASS: TestVersionNegotiationQueueDoesNotPinCoalescedSlab (0.00s)
Unit tests (macos, Go 1.27.x)	Run tests	2026-09-11T21:05:06.2324500Z === RUN   TestFrameSorterTooManyGaps
Unit tests (macos, Go 1.27.x)	Run tests	2026-09-11T21:05:06.2324610Z --- PASS: TestFrameSorterTooManyGaps (0.00s)
Unit tests (macos, Go 1.27.x)	Run tests	2026-09-11T21:05:06.2324720Z === RUN   TestServerZeroRTTLifetimeCollision
Unit tests (macos, Go 1.27.x)	Run tests	2026-09-11T21:05:06.2324880Z === RUN   TestServerZeroRTTLifetimeCollision/construction_cause
Unit tests (macos, Go 1.27.x)	Run tests	2026-09-11T21:05:06.2325020Z === RUN   TestServerZeroRTTLifetimeCollision/preserve_cause
Unit tests (macos, Go 1.27.x)	Run tests	2026-09-11T21:05:06.2325140Z --- PASS: TestServerZeroRTTLifetimeCollision (0.00s)
Unit tests (macos, Go 1.27.x)	Run tests	2026-09-11T21:05:06.2325430Z     --- PASS: TestServerZeroRTTLifetimeCollision/construction_cause (0.00s)
Unit tests (macos, Go 1.27.x)	Run tests	2026-09-11T21:05:06.2325690Z     --- PASS: TestServerZeroRTTLifetimeCollision/preserve_cause (0.00s)
Unit tests (macos, Go 1.27.x)	Run tests	2026-09-11T21:05:06.2325790Z === RUN   TestSendStreamRetransmissions
Unit tests (macos, Go 1.27.x)	Run tests	2026-09-11T21:05:06.2325900Z --- PASS: TestSendStreamRetransmissions (0.00s)
Unit tests (macos, Go 1.27.x)	Run tests	2026-09-11T21:05:06.2326010Z === RUN   TestConnectionRetryDrops
Unit tests (macos, Go 1.27.x)	Run tests	2026-09-11T21:05:06.2326110Z --- PASS: TestConnectionRetryDrops (0.00s)
Unit tests (macos, Go 1.27.x)	Run tests	2026-09-11T21:05:06.2326200Z === RUN   TestOOBReaderListenerCleanup
Unit tests (macos, Go 1.27.x)	Run tests	2026-09-11T21:05:06.2326310Z --- PASS: TestOOBReaderListenerCleanup (0.00s)
Unit tests (macos, Go 1.27.x)	Run tests	2026-09-11T21:05:06.2326460Z === RUN   TestDatagramReceiveOverflowNoAllocation
Unit tests (macos, Go 1.27.x)	Run tests	2026-09-11T21:05:06.2326610Z --- PASS: TestDatagramReceiveOverflowNoAllocation (0.00s)
Unit tests (macos, Go 1.27.x)	Run tests	2026-09-11T21:05:06.2326830Z === RUN   TestCryptoStreamManagerInvalidEncryptionLevel
Unit tests (macos, Go 1.27.x)	Run tests	2026-09-11T21:05:06.2327000Z --- PASS: TestCryptoStreamManagerInvalidEncryptionLevel (0.00s)
Unit tests (macos, Go 1.27.x)	Run tests	2026-09-11T21:05:06.2327150Z === RUN   TestUnpackShortHeaderIncorrectReservedBits
Unit tests (macos, Go 1.27.x)	Run tests	2026-09-11T21:05:06.2327340Z === RUN   TestUnpackShortHeaderIncorrectReservedBits/decryption_fails
Unit tests (macos, Go 1.27.x)	Run tests	2026-09-11T21:05:06.2327540Z === RUN   TestUnpackShortHeaderIncorrectReservedBits/decryption_succeeds
Unit tests (macos, Go 1.27.x)	Run tests	2026-09-11T21:05:06.2327700Z --- PASS: TestUnpackShortHeaderIncorrectReservedBits (0.00s)
Unit tests (macos, Go 1.27.x)	Run tests	2026-09-11T21:05:06.2328010Z     --- PASS: TestUnpackShortHeaderIncorrectReservedBits/decryption_fails (0.00s)
Unit tests (macos, Go 1.27.x)	Run tests	2026-09-11T21:05:06.2328360Z     --- PASS: TestUnpackShortHeaderIncorrectReservedBits/decryption_succeeds (0.00s)
Unit tests (macos, Go 1.27.x)	Run tests	2026-09-11T21:05:06.2328450Z === RUN   TestIPFragmentation
Unit tests (macos, Go 1.27.x)	Run tests	2026-09-11T21:05:06.2328540Z === RUN   TestIPFragmentation/udp4
Unit tests (macos, Go 1.27.x)	Run tests	2026-09-11T21:05:06.2328720Z === RUN   TestIPFragmentation/udp6
Unit tests (macos, Go 1.27.x)	Run tests	2026-09-11T21:05:06.2328820Z === RUN   TestIPFragmentation/udp,_dual-stack
Unit tests (macos, Go 1.27.x)	Run tests	2026-09-11T21:05:06.2328950Z === RUN   TestIPFragmentation/udp,_listening_on_IPv4
Unit tests (macos, Go 1.27.x)	Run tests	2026-09-11T21:05:06.2329060Z === RUN   TestIPFragmentation/udp,_listening_on_IPv6
Unit tests (macos, Go 1.27.x)	Run tests	2026-09-11T21:05:06.2329150Z --- PASS: TestIPFragmentation (0.00s)
Unit tests (macos, Go 1.27.x)	Run tests	2026-09-11T21:05:06.2329320Z     --- PASS: TestIPFragmentation/udp4 (0.00s)
Unit tests (macos, Go 1.27.x)	Run tests	2026-09-11T21:05:06.2329470Z     --- PASS: TestIPFragmentation/udp6 (0.00s)
Unit tests (macos, Go 1.27.x)	Run tests	2026-09-11T21:05:06.2329670Z     --- PASS: TestIPFragmentation/udp,_dual-stack (0.00s)
Unit tests (macos, Go 1.27.x)	Run tests	2026-09-11T21:05:06.2329900Z     --- PASS: TestIPFragmentation/udp,_listening_on_IPv4 (0.00s)
Unit tests (macos, Go 1.27.x)	Run tests	2026-09-11T21:05:06.2330130Z     --- PASS: TestIPFragmentation/udp,_listening_on_IPv6 (0.00s)
Unit tests (macos, Go 1.27.x)	Run tests	2026-09-11T21:05:06.2330210Z === RUN   TestFrameSorterGapHandling
Unit tests (macos, Go 1.27.x)	Run tests	2026-09-11T21:05:06.2330310Z === RUN   TestFrameSorterGapHandling/case_1
Unit tests (macos, Go 1.27.x)	Run tests	2026-09-11T21:05:06.2330410Z === RUN   TestFrameSorterGapHandling/case_2
Unit tests (macos, Go 1.27.x)	Run tests	2026-09-11T21:05:06.2330520Z === RUN   TestFrameSorterGapHandling/case_3
Unit tests (macos, Go 1.27.x)	Run tests	2026-09-11T21:05:06.2330610Z === RUN   TestFrameSorterGapHandling/case_4
Unit tests (macos, Go 1.27.x)	Run tests	2026-09-11T21:05:06.2330760Z === RUN   TestFrameSorterGapHandling/case_4,_for_long_frames
Unit tests (macos, Go 1.27.x)	Run tests	2026-09-11T21:05:06.2330860Z === RUN   TestFrameSorterGapHandling/case_5
Unit tests (macos, Go 1.27.x)	Run tests	2026-09-11T21:05:06.2330990Z === RUN   TestFrameSorterGapHandling/case_5,_for_long_frames
Unit tests (macos, Go 1.27.x)	Run tests	2026-09-11T21:05:06.2331090Z === RUN   TestFrameSorterGapHandling/case_6
Unit tests (macos, Go 1.27.x)	Run tests	2026-09-11T21:05:06.2331230Z === RUN   TestFrameSorterGapHandling/case_6,_for_long_frames
Unit tests (macos, Go 1.27.x)	Run tests	2026-09-11T21:05:06.2331330Z === RUN   TestFrameSorterGapHandling/case_7
Unit tests (macos, Go 1.27.x)	Run tests	2026-09-11T21:05:06.2331430Z === RUN   TestFrameSorterGapHandling/case_8
Unit tests (macos, Go 1.27.x)	Run tests	2026-09-11T21:05:06.2331540Z === RUN   TestFrameSorterGapHandling/case_9
Unit tests (macos, Go 1.27.x)	Run tests	2026-09-11T21:05:06.2331670Z === RUN   TestFrameSorterGapHandling/case_10
Unit tests (macos, Go 1.27.x)	Run tests	2026-09-11T21:05:06.2331880Z === RUN   TestFrameSorterGapHandling/case_10,_for_long_frames
Unit tests (macos, Go 1.27.x)	Run tests	2026-09-11T21:05:06.2332020Z === RUN   TestFrameSorterGapHandling/case_11
Unit tests (macos, Go 1.27.x)	Run tests	2026-09-11T21:05:06.2332190Z === RUN   TestFrameSorterGapHandling/case_11,_for_long_frames
Unit tests (macos, Go 1.27.x)	Run tests	2026-09-11T21:05:06.2332350Z === RUN   TestFrameSorterGapHandling/case_12
Unit tests (macos, Go 1.27.x)	Run tests	2026-09-11T21:05:06.2332480Z === RUN   TestFrameSorterGapHandling/case_13
Unit tests (macos, Go 1.27.x)	Run tests	2026-09-11T21:05:06.2332570Z === RUN   TestFrameSorterGapHandling/case_14
Unit tests (macos, Go 1.27.x)	Run tests	2026-09-11T21:05:06.2332760Z === RUN   TestFrameSorterGapHandling/case_14,_for_long_frames
Unit tests (macos, Go 1.27.x)	Run tests	2026-09-11T21:05:06.2332870Z === RUN   TestFrameSorterGapHandling/case_15
Unit tests (macos, Go 1.27.x)	Run tests	2026-09-11T21:05:06.2332990Z === RUN   TestFrameSorterGapHandling/case_16
Unit tests (macos, Go 1.27.x)	Run tests	2026-09-11T21:05:06.2333120Z === RUN   TestFrameSorterGapHandling/case_17
Unit tests (macos, Go 1.27.x)	Run tests	2026-09-11T21:05:06.2333240Z === RUN   TestFrameSorterGapHandling/case_18
Unit tests (macos, Go 1.27.x)	Run tests	2026-09-11T21:05:06.2333400Z === RUN   TestFrameSorterGapHandling/case_19
Unit tests (macos, Go 1.27.x)	Run tests	2026-09-11T21:05:06.2333570Z === RUN   TestFrameSorterGapHandling/case_20
Unit tests (macos, Go 1.27.x)	Run tests	2026-09-11T21:05:06.2333720Z === RUN   TestFrameSorterGapHandling/case_21
Unit tests (macos, Go 1.27.x)	Run tests	2026-09-11T21:05:06.2333820Z === RUN   TestFrameSorterGapHandling/case_22
Unit tests (macos, Go 1.27.x)	Run tests	2026-09-11T21:05:06.2333960Z === RUN   TestFrameSorterGapHandling/case_23
Unit tests (macos, Go 1.27.x)	Run tests	2026-09-11T21:05:06.2334150Z === RUN   TestFrameSorterGapHandling/case_24
Unit tests (macos, Go 1.27.x)	Run tests	2026-09-11T21:05:06.2334340Z === RUN   TestFrameSorterGapHandling/case_25
Unit tests (macos, Go 1.27.x)	Run tests	2026-09-11T21:05:06.2334740Z === RUN   TestFrameSorterGapHandling/case_26
Unit tests (macos, Go 1.27.x)	Run tests	2026-09-11T21:05:06.2334860Z === RUN   TestFrameSorterGapHandling/case_27
Unit tests (macos, Go 1.27.x)	Run tests	2026-09-11T21:05:06.2335030Z === RUN   TestFrameSorterGapHandling/case_27,_for_long_frames
Unit tests (macos, Go 1.27.x)	Run tests	2026-09-11T21:05:06.2335160Z === RUN   TestFrameSorterGapHandling/case_28
Unit tests (macos, Go 1.27.x)	Run tests	2026-09-11T21:05:06.2335330Z === RUN   TestFrameSorterGapHandling/case_28,_for_long_frames
Unit tests (macos, Go 1.27.x)	Run tests	2026-09-11T21:05:06.2335470Z === RUN   TestFrameSorterGapHandling/case_29
Unit tests (macos, Go 1.27.x)	Run tests	2026-09-11T21:05:06.2335610Z === RUN   TestFrameSorterGapHandling/case_30
Unit tests (macos, Go 1.27.x)	Run tests	2026-09-11T21:05:06.2335780Z === RUN   TestFrameSorterGapHandling/case_30,_for_long_frames
Unit tests (macos, Go 1.27.x)	Run tests	2026-09-11T21:05:06.2335920Z === RUN   TestFrameSorterGapHandling/case_31
Unit tests (macos, Go 1.27.x)	Run tests	2026-09-11T21:05:06.2336110Z === RUN   TestFrameSorterGapHandling/case_31,_for_long_frames
Unit tests (macos, Go 1.27.x)	Run tests	2026-09-11T21:05:06.2336530Z === RUN   TestFrameSorterGapHandling/case_32
Unit tests (macos, Go 1.27.x)	Run tests	2026-09-11T21:05:06.2336670Z === RUN   TestFrameSorterGapHandling/case_33
Unit tests (macos, Go 1.27.x)	Run tests	2026-09-11T21:05:06.2336910Z === RUN   TestFrameSorterGapHandling/case_33,_for_long_frames
Unit tests (macos, Go 1.27.x)	Run tests	2026-09-11T21:05:06.2337080Z === RUN   TestFrameSorterGapHandling/case_34
Unit tests (macos, Go 1.27.x)	Run tests	2026-09-11T21:05:06.2337240Z === RUN   TestFrameSorterGapHandling/case_35
Unit tests (macos, Go 1.27.x)	Run tests	2026-09-11T21:05:06.2337420Z === RUN   TestFrameSorterGapHandling/case_35,_for_long_frames
Unit tests (macos, Go 1.27.x)	Run tests	2026-09-11T21:05:06.2337560Z --- PASS: TestFrameSorterGapHandling (0.00s)
Unit tests (macos, Go 1.27.x)	Run tests	2026-09-11T21:05:06.2337800Z     --- PASS: TestFrameSorterGapHandling/case_1 (0.00s)
Unit tests (macos, Go 1.27.x)	Run tests	2026-09-11T21:05:06.2338000Z     --- PASS: TestFrameSorterGapHandling/case_2 (0.00s)
Unit tests (macos, Go 1.27.x)	Run tests	2026-09-11T21:05:06.2338210Z     --- PASS: TestFrameSorterGapHandling/case_3 (0.00s)
Unit tests (macos, Go 1.27.x)	Run tests	2026-09-11T21:05:06.2338690Z     --- PASS: TestFrameSorterGapHandling/case_4 (0.00s)
Unit tests (macos, Go 1.27.x)	Run tests	2026-09-11T21:05:06.2339050Z     --- PASS: TestFrameSorterGapHandling/case_4,_for_long_frames (0.00s)
Unit tests (macos, Go 1.27.x)	Run tests	2026-09-11T21:05:06.2339290Z     --- PASS: TestFrameSorterGapHandling/case_5 (0.00s)
Unit tests (macos, Go 1.27.x)	Run tests	2026-09-11T21:05:06.2339640Z     --- PASS: TestFrameSorterGapHandling/case_5,_for_long_frames (0.00s)
Unit tests (macos, Go 1.27.x)	Run tests	2026-09-11T21:05:06.2339870Z     --- PASS: TestFrameSorterGapHandling/case_6 (0.00s)
Unit tests (macos, Go 1.27.x)	Run tests	2026-09-11T21:05:06.2340170Z     --- PASS: TestFrameSorterGapHandling/case_6,_for_long_frames (0.00s)
Unit tests (macos, Go 1.27.x)	Run tests	2026-09-11T21:05:06.2340420Z     --- PASS: TestFrameSorterGapHandling/case_7 (0.00s)
Unit tests (macos, Go 1.27.x)	Run tests	2026-09-11T21:05:06.2340630Z     --- PASS: TestFrameSorterGapHandling/case_8 (0.00s)
Unit tests (macos, Go 1.27.x)	Run tests	2026-09-11T21:05:06.2340880Z     --- PASS: TestFrameSorterGapHandling/case_9 (0.00s)
Unit tests (macos, Go 1.27.x)	Run tests	2026-09-11T21:05:06.2341130Z     --- PASS: TestFrameSorterGapHandling/case_10 (0.00s)
Unit tests (macos, Go 1.27.x)	Run tests	2026-09-11T21:05:06.2341460Z     --- PASS: TestFrameSorterGapHandling/case_10,_for_long_frames (0.00s)
Unit tests (macos, Go 1.27.x)	Run tests	2026-09-11T21:05:06.2341670Z     --- PASS: TestFrameSorterGapHandling/case_11 (0.00s)
Unit tests (macos, Go 1.27.x)	Run tests	2026-09-11T21:05:06.2341990Z     --- PASS: TestFrameSorterGapHandling/case_11,_for_long_frames (0.00s)
Unit tests (macos, Go 1.27.x)	Run tests	2026-09-11T21:05:06.2342210Z     --- PASS: TestFrameSorterGapHandling/case_12 (0.00s)
Unit tests (macos, Go 1.27.x)	Run tests	2026-09-11T21:05:06.2342470Z     --- PASS: TestFrameSorterGapHandling/case_13 (0.00s)
Unit tests (macos, Go 1.27.x)	Run tests	2026-09-11T21:05:06.2342670Z     --- PASS: TestFrameSorterGapHandling/case_14 (0.00s)
Unit tests (macos, Go 1.27.x)	Run tests	2026-09-11T21:05:06.2342960Z     --- PASS: TestFrameSorterGapHandling/case_14,_for_long_frames (0.00s)
Unit tests (macos, Go 1.27.x)	Run tests	2026-09-11T21:05:06.2343190Z     --- PASS: TestFrameSorterGapHandling/case_15 (0.00s)
Unit tests (macos, Go 1.27.x)	Run tests	2026-09-11T21:05:06.2343430Z     --- PASS: TestFrameSorterGapHandling/case_16 (0.00s)
Unit tests (macos, Go 1.27.x)	Run tests	2026-09-11T21:05:06.2343660Z     --- PASS: TestFrameSorterGapHandling/case_17 (0.00s)
Unit tests (macos, Go 1.27.x)	Run tests	2026-09-11T21:05:06.2343920Z     --- PASS: TestFrameSorterGapHandling/case_18 (0.00s)
Unit tests (macos, Go 1.27.x)	Run tests	2026-09-11T21:05:06.2344200Z     --- PASS: TestFrameSorterGapHandling/case_19 (0.00s)
Unit tests (macos, Go 1.27.x)	Run tests	2026-09-11T21:05:06.2344430Z     --- PASS: TestFrameSorterGapHandling/case_20 (0.00s)
Unit tests (macos, Go 1.27.x)	Run tests	2026-09-11T21:05:06.2344690Z     --- PASS: TestFrameSorterGapHandling/case_21 (0.00s)
Unit tests (macos, Go 1.27.x)	Run tests	2026-09-11T21:05:06.2344950Z     --- PASS: TestFrameSorterGapHandling/case_22 (0.00s)
Unit tests (macos, Go 1.27.x)	Run tests	2026-09-11T21:05:06.2345220Z     --- PASS: TestFrameSorterGapHandling/case_23 (0.00s)
Unit tests (macos, Go 1.27.x)	Run tests	2026-09-11T21:05:06.2345410Z     --- PASS: TestFrameSorterGapHandling/case_24 (0.00s)
Unit tests (macos, Go 1.27.x)	Run tests	2026-09-11T21:05:06.2345650Z     --- PASS: TestFrameSorterGapHandling/case_25 (0.00s)
Unit tests (macos, Go 1.27.x)	Run tests	2026-09-11T21:05:06.2346080Z     --- PASS: TestFrameSorterGapHandling/case_26 (0.00s)
Unit tests (macos, Go 1.27.x)	Run tests	2026-09-11T21:05:06.2346320Z     --- PASS: TestFrameSorterGapHandling/case_27 (0.00s)
Unit tests (macos, Go 1.27.x)	Run tests	2026-09-11T21:05:06.2346650Z     --- PASS: TestFrameSorterGapHandling/case_27,_for_long_frames (0.00s)
Unit tests (macos, Go 1.27.x)	Run tests	2026-09-11T21:05:06.2346910Z     --- PASS: TestFrameSorterGapHandling/case_28 (0.00s)
Unit tests (macos, Go 1.27.x)	Run tests	2026-09-11T21:05:06.2347240Z     --- PASS: TestFrameSorterGapHandling/case_28,_for_long_frames (0.00s)
Unit tests (macos, Go 1.27.x)	Run tests	2026-09-11T21:05:06.2347470Z     --- PASS: TestFrameSorterGapHandling/case_29 (0.00s)
Unit tests (macos, Go 1.27.x)	Run tests	2026-09-11T21:05:06.2347730Z     --- PASS: TestFrameSorterGapHandling/case_30 (0.00s)
Unit tests (macos, Go 1.27.x)	Run tests	2026-09-11T21:05:06.2348090Z     --- PASS: TestFrameSorterGapHandling/case_30,_for_long_frames (0.00s)
Unit tests (macos, Go 1.27.x)	Run tests	2026-09-11T21:05:06.2348350Z     --- PASS: TestFrameSorterGapHandling/case_31 (0.00s)
Unit tests (macos, Go 1.27.x)	Run tests	2026-09-11T21:05:06.2348860Z     --- PASS: TestFrameSorterGapHandling/case_31,_for_long_frames (0.00s)
Unit tests (macos, Go 1.27.x)	Run tests	2026-09-11T21:05:06.2349080Z     --- PASS: TestFrameSorterGapHandling/case_32 (0.00s)
Unit tests (macos, Go 1.27.x)	Run tests	2026-09-11T21:05:06.2349360Z     --- PASS: TestFrameSorterGapHandling/case_33 (0.00s)
Unit tests (macos, Go 1.27.x)	Run tests	2026-09-11T21:05:06.2349780Z     --- PASS: TestFrameSorterGapHandling/case_33,_for_long_frames (0.00s)
Unit tests (macos, Go 1.27.x)	Run tests	2026-09-11T21:05:06.2350090Z     --- PASS: TestFrameSorterGapHandling/case_34 (0.00s)
Unit tests (macos, Go 1.27.x)	Run tests	2026-09-11T21:05:06.2358930Z     --- PASS: TestFrameSorterGapHandling/case_35 (0.00s)
Unit tests (macos, Go 1.27.x)	Run tests	2026-09-11T21:05:06.2369080Z     --- PASS: TestFrameSorterGapHandling/case_35,_for_long_frames (0.00s)
Unit tests (macos, Go 1.27.x)	Run tests	2026-09-11T21:05:06.2369270Z === RUN   TestCoalescedSlabSequentialRelease
Unit tests (macos, Go 1.27.x)	Run tests	2026-09-11T21:05:06.2369490Z --- PASS: TestCoalescedSlabSequentialRelease (0.00s)
Unit tests (macos, Go 1.27.x)	Run tests	2026-09-11T21:05:06.2369680Z === RUN   TestConnectionRetainedLifetimeAdmissionRace
Unit tests (macos, Go 1.27.x)	Run tests	2026-09-11T21:05:06.2370510Z --- PASS: TestConnectionRetainedLifetimeAdmissionRace (0.00s)
Unit tests (macos, Go 1.27.x)	Run tests	2026-09-11T21:05:06.2371080Z === RUN   TestZeroRTTQueueDoesNotPinCoalescedSlab
Unit tests (macos, Go 1.27.x)	Run tests	2026-09-11T21:05:06.2371500Z --- PASS: TestZeroRTTQueueDoesNotPinCoalescedSlab (0.00s)
Unit tests (macos, Go 1.27.x)	Run tests	2026-09-11T21:05:06.2371850Z === RUN   TestConnectionGSOBatchPacketSize
Unit tests (macos, Go 1.27.x)	Run tests	2026-09-11T21:05:06.2378880Z --- PASS: TestConnectionGSOBatchPacketSize (0.00s)
Unit tests (macos, Go 1.27.x)	Run tests	2026-09-11T21:05:06.2379210Z === RUN   TestPackRetransmissions
Unit tests (macos, Go 1.27.x)	Run tests	2026-09-11T21:05:06.2379480Z --- PASS: TestPackRetransmissions (0.00s)
Unit tests (macos, Go 1.27.x)	Run tests	2026-09-11T21:05:06.2379800Z === RUN   TestReceiveStreamMultipleResetStreamAt
Unit tests (macos, Go 1.27.x)	Run tests	2026-09-11T21:05:06.2381130Z --- PASS: TestReceiveStreamMultipleResetStreamAt (0.00s)
Unit tests (macos, Go 1.27.x)	Run tests	2026-09-11T21:05:06.2381430Z === RUN   TestNonQUICQueueChargesOversizedView
Unit tests (macos, Go 1.27.x)	Run tests	2026-09-11T21:05:06.2381820Z --- PASS: TestNonQUICQueueChargesOversizedView (0.00s)
Unit tests (macos, Go 1.27.x)	Run tests	2026-09-11T21:05:06.2382080Z === RUN   TestConnectionPathValidation
Unit tests (macos, Go 1.27.x)	Run tests	2026-09-11T21:05:06.2382390Z === RUN   TestConnectionPathValidation/NAT_rebinding
Unit tests (macos, Go 1.27.x)	Run tests	2026-09-11T21:05:06.2382790Z === RUN   TestConnectionPathValidation/intentional_migration
Unit tests (macos, Go 1.27.x)	Run tests	2026-09-11T21:05:06.2383130Z --- PASS: TestConnectionPathValidation (0.00s)
Unit tests (macos, Go 1.27.x)	Run tests	2026-09-11T21:05:06.2383690Z     --- PASS: TestConnectionPathValidation/NAT_rebinding (0.00s)
Unit tests (macos, Go 1.27.x)	Run tests	2026-09-11T21:05:06.2384340Z     --- PASS: TestConnectionPathValidation/intentional_migration (0.00s)
Unit tests (macos, Go 1.27.x)	Run tests	2026-09-11T21:05:06.2384780Z === RUN   TestFramerAlternatesIncrementalAndNonIncrementalStreams
Unit tests (macos, Go 1.27.x)	Run tests	2026-09-11T21:05:06.2385310Z --- PASS: TestFramerAlternatesIncrementalAndNonIncrementalStreams (0.00s)
Unit tests (macos, Go 1.27.x)	Run tests	2026-09-11T21:05:06.2385540Z === RUN   TestFramerDataBlocked
Unit tests (macos, Go 1.27.x)	Run tests	2026-09-11T21:05:06.2385830Z === RUN   TestFramerDataBlocked/small_STREAM_frame
Unit tests (macos, Go 1.27.x)	Run tests	2026-09-11T21:05:06.2386130Z === RUN   TestFramerDataBlocked/large_STREAM_frame
Unit tests (macos, Go 1.27.x)	Run tests	2026-09-11T21:05:06.2386400Z --- PASS: TestFramerDataBlocked (0.00s)
Unit tests (macos, Go 1.27.x)	Run tests	2026-09-11T21:05:06.2387110Z     --- PASS: TestFramerDataBlocked/small_STREAM_frame (0.00s)
Unit tests (macos, Go 1.27.x)	Run tests	2026-09-11T21:05:06.2387640Z     --- PASS: TestFramerDataBlocked/large_STREAM_frame (0.00s)
Unit tests (macos, Go 1.27.x)	Run tests	2026-09-11T21:05:06.2387880Z === RUN   TestEmissionAckAllowance
Unit tests (macos, Go 1.27.x)	Run tests	2026-09-11T21:05:06.2388160Z === RUN   TestEmissionAckAllowance/ack/handshake
Unit tests (macos, Go 1.27.x)	Run tests	2026-09-11T21:05:06.2388530Z === RUN   TestEmissionAckAllowance/pacing_limited/handshake
Unit tests (macos, Go 1.27.x)	Run tests	2026-09-11T21:05:06.2388820Z === RUN   TestEmissionAckAllowance/ack/confirmed
Unit tests (macos, Go 1.27.x)	Run tests	2026-09-11T21:05:06.2390340Z === RUN   TestEmissionAckAllowance/pacing_limited/confirmed
Unit tests (macos, Go 1.27.x)	Run tests	2026-09-11T21:05:06.2390620Z --- PASS: TestEmissionAckAllowance (0.00s)
Unit tests (macos, Go 1.27.x)	Run tests	2026-09-11T21:05:06.2391150Z     --- PASS: TestEmissionAckAllowance/ack/handshake (0.00s)
Unit tests (macos, Go 1.27.x)	Run tests	2026-09-11T21:05:06.2391780Z     --- PASS: TestEmissionAckAllowance/pacing_limited/handshake (0.00s)
Unit tests (macos, Go 1.27.x)	Run tests	2026-09-11T21:05:06.2392280Z     --- PASS: TestEmissionAckAllowance/ack/confirmed (0.00s)
Unit tests (macos, Go 1.27.x)	Run tests	2026-09-11T21:05:06.2392890Z     --- PASS: TestEmissionAckAllowance/pacing_limited/confirmed (0.00s)
Unit tests (macos, Go 1.27.x)	Run tests	2026-09-11T21:05:06.2393110Z === RUN   TestConfigZeroLimits
Unit tests (macos, Go 1.27.x)	Run tests	2026-09-11T21:05:06.2393360Z --- PASS: TestConfigZeroLimits (0.00s)
Unit tests (macos, Go 1.27.x)	Run tests	2026-09-11T21:05:06.2393650Z === RUN   TestCryptoStreamFinishWithQueuedData
Unit tests (macos, Go 1.27.x)	Run tests	2026-09-11T21:05:06.2394220Z === RUN   TestCryptoStreamFinishWithQueuedData/with_data_at_current_offset
Unit tests (macos, Go 1.27.x)	Run tests	2026-09-11T21:05:06.2395320Z === RUN   TestCryptoStreamFinishWithQueuedData/with_data_at_a_higher_offset
Unit tests (macos, Go 1.27.x)	Run tests	2026-09-11T21:05:06.2395690Z --- PASS: TestCryptoStreamFinishWithQueuedData (0.00s)
Unit tests (macos, Go 1.27.x)	Run tests	2026-09-11T21:05:06.2396480Z     --- PASS: TestCryptoStreamFinishWithQueuedData/with_data_at_current_offset (0.00s)
Unit tests (macos, Go 1.27.x)	Run tests	2026-09-11T21:05:06.2397270Z     --- PASS: TestCryptoStreamFinishWithQueuedData/with_data_at_a_higher_offset (0.00s)
Unit tests (macos, Go 1.27.x)	Run tests	2026-09-11T21:05:06.2397580Z === RUN   TestTransportAndListenerConcurrentClose
Unit tests (macos, Go 1.27.x)	Run tests	2026-09-11T21:05:06.2398000Z --- PASS: TestTransportAndListenerConcurrentClose (0.00s)
Unit tests (macos, Go 1.27.x)	Run tests	2026-09-11T21:05:06.2398250Z === RUN   TestStreamsMapDeletingStreams
Unit tests (macos, Go 1.27.x)	Run tests	2026-09-11T21:05:06.2398550Z === RUN   TestStreamsMapDeletingStreams/client
Unit tests (macos, Go 1.27.x)	Run tests	2026-09-11T21:05:06.2398890Z === RUN   TestStreamsMapDeletingStreams/server
Unit tests (macos, Go 1.27.x)	Run tests	2026-09-11T21:05:06.2399210Z --- PASS: TestStreamsMapDeletingStreams (0.00s)
Unit tests (macos, Go 1.27.x)	Run tests	2026-09-11T21:05:06.2399740Z     --- PASS: TestStreamsMapDeletingStreams/client (0.00s)
Unit tests (macos, Go 1.27.x)	Run tests	2026-09-11T21:05:06.2400250Z     --- PASS: TestStreamsMapDeletingStreams/server (0.00s)
Unit tests (macos, Go 1.27.x)	Run tests	2026-09-11T21:05:06.2400490Z === RUN   TestSysConnPacketInfoIPv4
Unit tests (macos, Go 1.27.x)	Run tests	2026-09-11T21:05:06.2400760Z --- PASS: TestSysConnPacketInfoIPv4 (0.00s)
Unit tests (macos, Go 1.27.x)	Run tests	2026-09-11T21:05:06.2401020Z === RUN   TestPackInitialAckOnlyPacket
Unit tests (macos, Go 1.27.x)	Run tests	2026-09-11T21:05:06.2401300Z === RUN   TestPackInitialAckOnlyPacket/client
Unit tests (macos, Go 1.27.x)	Run tests	2026-09-11T21:05:06.2401600Z === RUN   TestPackInitialAckOnlyPacket/server
Unit tests (macos, Go 1.27.x)	Run tests	2026-09-11T21:05:06.2447740Z --- PASS: TestPackInitialAckOnlyPacket (0.00s)
Unit tests (macos, Go 1.27.x)	Run tests	2026-09-11T21:05:06.2448090Z     --- PASS: TestPackInitialAckOnlyPacket/client (0.00s)
Unit tests (macos, Go 1.27.x)	Run tests	2026-09-11T21:05:06.2448310Z     --- PASS: TestPackInitialAckOnlyPacket/server (0.00s)
Unit tests (macos, Go 1.27.x)	Run tests	2026-09-11T21:05:06.2448450Z === RUN   TestHandshakeMTUFallbackCongestionGrowth
Unit tests (macos, Go 1.27.x)	Run tests	2026-09-11T21:05:06.2448610Z --- PASS: TestHandshakeMTUFallbackCongestionGrowth (0.00s)
Unit tests (macos, Go 1.27.x)	Run tests	2026-09-11T21:05:06.2448710Z === RUN   TestStatelessResetter
Unit tests (macos, Go 1.27.x)	Run tests	2026-09-11T21:05:06.2448810Z === RUN   TestStatelessResetter/no_key
Unit tests (macos, Go 1.27.x)	Run tests	2026-09-11T21:05:06.2448900Z === RUN   TestStatelessResetter/with_key
Unit tests (macos, Go 1.27.x)	Run tests	2026-09-11T21:05:06.2449030Z --- PASS: TestStatelessResetter (0.00s)
Unit tests (macos, Go 1.27.x)	Run tests	2026-09-11T21:05:06.2449210Z     --- PASS: TestStatelessResetter/no_key (0.00s)
Unit tests (macos, Go 1.27.x)	Run tests	2026-09-11T21:05:06.2449400Z     --- PASS: TestStatelessResetter/with_key (0.00s)
Unit tests (macos, Go 1.27.x)	Run tests	2026-09-11T21:05:06.2449510Z === RUN   TestServerAcceptQueue
Unit tests (macos, Go 1.27.x)	Run tests	2026-09-11T21:05:06.2449620Z --- PASS: TestServerAcceptQueue (0.10s)
Unit tests (macos, Go 1.27.x)	Run tests	2026-09-11T21:05:06.2449740Z === RUN   TestEmissionResultQueueWakeup
Unit tests (macos, Go 1.27.x)	Run tests	2026-09-11T21:05:06.2449940Z === RUN   TestEmissionResultQueueWakeup/gso=false/occupied=7
Unit tests (macos, Go 1.27.x)	Run tests	2026-09-11T21:05:06.2450090Z === RUN   TestEmissionResultQueueWakeup/gso=false/occupied=8
Unit tests (macos, Go 1.27.x)	Run tests	2026-09-11T21:05:06.2450230Z === RUN   TestEmissionResultQueueWakeup/gso=true/occupied=7
Unit tests (macos, Go 1.27.x)	Run tests	2026-09-11T21:05:06.2450380Z === RUN   TestEmissionResultQueueWakeup/gso=true/occupied=8
Unit tests (macos, Go 1.27.x)	Run tests	2026-09-11T21:05:06.2450500Z --- PASS: TestEmissionResultQueueWakeup (0.00s)
Unit tests (macos, Go 1.27.x)	Run tests	2026-09-11T21:05:06.2450770Z     --- PASS: TestEmissionResultQueueWakeup/gso=false/occupied=7 (0.00s)
Unit tests (macos, Go 1.27.x)	Run tests	2026-09-11T21:05:06.2451030Z     --- PASS: TestEmissionResultQueueWakeup/gso=false/occupied=8 (0.00s)
Unit tests (macos, Go 1.27.x)	Run tests	2026-09-11T21:05:06.2451300Z     --- PASS: TestEmissionResultQueueWakeup/gso=true/occupied=7 (0.00s)
Unit tests (macos, Go 1.27.x)	Run tests	2026-09-11T21:05:06.2452110Z     --- PASS: TestEmissionResultQueueWakeup/gso=true/occupied=8 (0.00s)
Unit tests (macos, Go 1.27.x)	Run tests	2026-09-11T21:05:06.2452240Z === RUN   TestHandshakeMTUFallbackInitialization
Unit tests (macos, Go 1.27.x)	Run tests	2026-09-11T21:05:06.2452380Z === RUN   TestHandshakeMTUFallbackInitialization/healthy
Unit tests (macos, Go 1.27.x)	Run tests	2026-09-11T21:05:06.2452520Z === RUN   TestHandshakeMTUFallbackInitialization/fallback
Unit tests (macos, Go 1.27.x)	Run tests	2026-09-11T21:05:06.2452660Z --- PASS: TestHandshakeMTUFallbackInitialization (0.00s)
Unit tests (macos, Go 1.27.x)	Run tests	2026-09-11T21:05:06.2452920Z     --- PASS: TestHandshakeMTUFallbackInitialization/healthy (0.00s)
Unit tests (macos, Go 1.27.x)	Run tests	2026-09-11T21:05:06.2453190Z     --- PASS: TestHandshakeMTUFallbackInitialization/fallback (0.00s)
Unit tests (macos, Go 1.27.x)	Run tests	2026-09-11T21:05:06.2453320Z === RUN   TestReceiveStreamFinalSizeCallbackRemoved
Unit tests (macos, Go 1.27.x)	Run tests	2026-09-11T21:05:06.2453490Z --- PASS: TestReceiveStreamFinalSizeCallbackRemoved (0.00s)
Unit tests (macos, Go 1.27.x)	Run tests	2026-09-11T21:05:06.2453610Z === RUN   TestServerAcceptHandshakeFailure
Unit tests (macos, Go 1.27.x)	Run tests	2026-09-11T21:05:06.2453930Z --- PASS: TestServerAcceptHandshakeFailure (0.05s)
Unit tests (macos, Go 1.27.x)	Run tests	2026-09-11T21:05:06.2454040Z === RUN   TestPathManagerOutgoingAbandonPath
Unit tests (macos, Go 1.27.x)	Run tests	2026-09-11T21:05:06.2454170Z --- PASS: TestPathManagerOutgoingAbandonPath (0.00s)
Unit tests (macos, Go 1.27.x)	Run tests	2026-09-11T21:05:06.2454260Z === RUN   TestSendConnSendmsgFailures
Unit tests (macos, Go 1.27.x)	Run tests	2026-09-11T21:05:06.2454760Z     send_conn_test.go:121: only Linux exhibits this bug, we don't need to work around it on other platforms
Unit tests (macos, Go 1.27.x)	Run tests	2026-09-11T21:05:06.2454880Z --- SKIP: TestSendConnSendmsgFailures (0.00s)
Unit tests (macos, Go 1.27.x)	Run tests	2026-09-11T21:05:06.2455000Z === RUN   TestServerAdmissionLifetimeEnqueueClose
Unit tests (macos, Go 1.27.x)	Run tests	2026-09-11T21:05:06.2455140Z --- PASS: TestServerAdmissionLifetimeEnqueueClose (0.00s)
Unit tests (macos, Go 1.27.x)	Run tests	2026-09-11T21:05:06.2455330Z === RUN   TestCoalescedRoutingRejectedSiblingKeepsSlabForQueuedView
Unit tests (macos, Go 1.27.x)	Run tests	2026-09-11T21:05:06.2455550Z --- PASS: TestCoalescedRoutingRejectedSiblingKeepsSlabForQueuedView (0.00s)
Unit tests (macos, Go 1.27.x)	Run tests	2026-09-11T21:05:06.2455640Z === RUN   TestConnectionDatagrams
Unit tests (macos, Go 1.27.x)	Run tests	2026-09-11T21:05:06.2455730Z === RUN   TestConnectionDatagrams/disabled
Unit tests (macos, Go 1.27.x)	Run tests	2026-09-11T21:05:06.2455840Z === RUN   TestConnectionDatagrams/enabled
Unit tests (macos, Go 1.27.x)	Run tests	2026-09-11T21:05:06.2455930Z --- PASS: TestConnectionDatagrams (0.00s)
Unit tests (macos, Go 1.27.x)	Run tests	2026-09-11T21:05:06.2456130Z     --- PASS: TestConnectionDatagrams/disabled (0.00s)
Unit tests (macos, Go 1.27.x)	Run tests	2026-09-11T21:05:06.2456330Z     --- PASS: TestConnectionDatagrams/enabled (0.00s)
Unit tests (macos, Go 1.27.x)	Run tests	2026-09-11T21:05:06.2456480Z === RUN   TestConnectionVersionNegotiationInvalidPackets
Unit tests (macos, Go 1.27.x)	Run tests	2026-09-11T21:05:06.2456650Z --- PASS: TestConnectionVersionNegotiationInvalidPackets (0.00s)
Unit tests (macos, Go 1.27.x)	Run tests	2026-09-11T21:05:06.2456770Z === RUN   TestSendStreamStopSendingDuringWrite
Unit tests (macos, Go 1.27.x)	Run tests	2026-09-11T21:05:06.2456900Z --- PASS: TestSendStreamStopSendingDuringWrite (0.00s)
Unit tests (macos, Go 1.27.x)	Run tests	2026-09-11T21:05:06.2457050Z === RUN   TestSendStreamResetFinalSizeIncludesReservedData
Unit tests (macos, Go 1.27.x)	Run tests	2026-09-11T21:05:06.2457240Z === RUN   TestSendStreamResetFinalSizeIncludesReservedData/CancelWrite
Unit tests (macos, Go 1.27.x)	Run tests	2026-09-11T21:05:06.2457430Z === RUN   TestSendStreamResetFinalSizeIncludesReservedData/STOP_SENDING
Unit tests (macos, Go 1.27.x)	Run tests	2026-09-11T21:05:06.2457630Z --- PASS: TestSendStreamResetFinalSizeIncludesReservedData (0.00s)
Unit tests (macos, Go 1.27.x)	Run tests	2026-09-11T21:05:06.2457980Z     --- PASS: TestSendStreamResetFinalSizeIncludesReservedData/CancelWrite (0.00s)
Unit tests (macos, Go 1.27.x)	Run tests	2026-09-11T21:05:06.2458300Z     --- PASS: TestSendStreamResetFinalSizeIncludesReservedData/STOP_SENDING (0.00s)
Unit tests (macos, Go 1.27.x)	Run tests	2026-09-11T21:05:06.2458420Z === RUN   TestDatagramReceivePartialRefillFIFO
Unit tests (macos, Go 1.27.x)	Run tests	2026-09-11T21:05:06.2458560Z --- PASS: TestDatagramReceivePartialRefillFIFO (0.00s)
Unit tests (macos, Go 1.27.x)	Run tests	2026-09-11T21:05:06.2458670Z === RUN   TestFramerAppendStreamFrames
Unit tests (macos, Go 1.27.x)	Run tests	2026-09-11T21:05:06.2458790Z --- PASS: TestFramerAppendStreamFrames (0.00s)
Unit tests (macos, Go 1.27.x)	Run tests	2026-09-11T21:05:06.2458890Z === RUN   TestEmissionPathRebinding
Unit tests (macos, Go 1.27.x)	Run tests	2026-09-11T21:05:06.2458990Z --- PASS: TestEmissionPathRebinding (0.00s)
Unit tests (macos, Go 1.27.x)	Run tests	2026-09-11T21:05:06.2459080Z === RUN   TestStreamsMap0RTTRejection
Unit tests (macos, Go 1.27.x)	Run tests	2026-09-11T21:05:06.2459190Z --- PASS: TestStreamsMap0RTTRejection (0.00s)
Unit tests (macos, Go 1.27.x)	Run tests	2026-09-11T21:05:06.2459330Z === RUN   TestConnectionRemoteClose
Unit tests (macos, Go 1.27.x)	Run tests	2026-09-11T21:05:06.2459430Z --- PASS: TestConnectionRemoteClose (0.00s)
Unit tests (macos, Go 1.27.x)	Run tests	2026-09-11T21:05:06.2459570Z === RUN   TestStreamsMap0RTTRejectionResetStreamAt
Unit tests (macos, Go 1.27.x)	Run tests	2026-09-11T21:05:06.2459760Z === RUN   TestStreamsMap0RTTRejectionResetStreamAt/enabled:_false
Unit tests (macos, Go 1.27.x)	Run tests	2026-09-11T21:05:06.2459930Z === RUN   TestStreamsMap0RTTRejectionResetStreamAt/enabled:_true
Unit tests (macos, Go 1.27.x)	Run tests	2026-09-11T21:05:06.2460240Z --- PASS: TestStreamsMap0RTTRejectionResetStreamAt (0.00s)
Unit tests (macos, Go 1.27.x)	Run tests	2026-09-11T21:05:06.2460540Z     --- PASS: TestStreamsMap0RTTRejectionResetStreamAt/enabled:_false (0.00s)
Unit tests (macos, Go 1.27.x)	Run tests	2026-09-11T21:05:06.2460830Z     --- PASS: TestStreamsMap0RTTRejectionResetStreamAt/enabled:_true (0.00s)
Unit tests (macos, Go 1.27.x)	Run tests	2026-09-11T21:05:06.2460940Z === RUN   TestStreamsMapOutgoingBlockedFrames
Unit tests (macos, Go 1.27.x)	Run tests	2026-09-11T21:05:06.2461080Z --- PASS: TestStreamsMapOutgoingBlockedFrames (0.00s)
Unit tests (macos, Go 1.27.x)	Run tests	2026-09-11T21:05:06.2461190Z === RUN   TestSendPacketsWithECNOnIPv4
Unit tests (macos, Go 1.27.x)	Run tests	2026-09-11T21:05:06.2461300Z --- PASS: TestSendPacketsWithECNOnIPv4 (0.00s)
Unit tests (macos, Go 1.27.x)	Run tests	2026-09-11T21:05:06.2461400Z === RUN   TestDatagramQueueSendQueueLength
Unit tests (macos, Go 1.27.x)	Run tests	2026-09-11T21:05:06.2461540Z --- PASS: TestDatagramQueueSendQueueLength (0.00s)
Unit tests (macos, Go 1.27.x)	Run tests	2026-09-11T21:05:06.2461640Z === RUN   TestPTOConstructorFailureLifetime
Unit tests (macos, Go 1.27.x)	Run tests	2026-09-11T21:05:06.2461860Z === RUN   TestPTOConstructorFailureLifetime/Initial
Unit tests (macos, Go 1.27.x)	Run tests	2026-09-11T21:05:06.2461990Z === RUN   TestPTOConstructorFailureLifetime/Handshake
Unit tests (macos, Go 1.27.x)	Run tests	2026-09-11T21:05:06.2462110Z === RUN   TestPTOConstructorFailureLifetime/1-RTT
Unit tests (macos, Go 1.27.x)	Run tests	2026-09-11T21:05:06.2462240Z --- PASS: TestPTOConstructorFailureLifetime (0.00s)
Unit tests (macos, Go 1.27.x)	Run tests	2026-09-11T21:05:06.2462460Z     --- PASS: TestPTOConstructorFailureLifetime/Initial (0.00s)
Unit tests (macos, Go 1.27.x)	Run tests	2026-09-11T21:05:06.2462700Z     --- PASS: TestPTOConstructorFailureLifetime/Handshake (0.00s)
Unit tests (macos, Go 1.27.x)	Run tests	2026-09-11T21:05:06.2462920Z     --- PASS: TestPTOConstructorFailureLifetime/1-RTT (0.00s)
Unit tests (macos, Go 1.27.x)	Run tests	2026-09-11T21:05:06.2463040Z === RUN   TestFramerSchedulesIncrementalStreams
Unit tests (macos, Go 1.27.x)	Run tests	2026-09-11T21:05:06.2463180Z --- PASS: TestFramerSchedulesIncrementalStreams (0.00s)
Unit tests (macos, Go 1.27.x)	Run tests	2026-09-11T21:05:06.2463310Z === RUN   TestSendStreamTryWriteAllLinearStorage
Unit tests (macos, Go 1.27.x)	Run tests	2026-09-11T21:05:06.2463510Z === RUN   TestSendStreamTryWriteAllLinearStorage/bytes=32768/chunk=32768
Unit tests (macos, Go 1.27.x)	Run tests	2026-09-11T21:05:06.2463900Z     send_stream_large_write_test.go:76: accepted 32768 bytes: admission 34984 B, segmentation 8080 B
Unit tests (macos, Go 1.27.x)	Run tests	2026-09-11T21:05:06.2464090Z === RUN   TestSendStreamTryWriteAllLinearStorage/bytes=32768/chunk=2048
Unit tests (macos, Go 1.27.x)	Run tests	2026-09-11T21:05:06.2464470Z     send_stream_large_write_test.go:76: accepted 32768 bytes: admission 97368 B, segmentation 6272 B
Unit tests (macos, Go 1.27.x)	Run tests	2026-09-11T21:05:06.2464660Z === RUN   TestSendStreamTryWriteAllLinearStorage/bytes=131072/chunk=131072
Unit tests (macos, Go 1.27.x)	Run tests	2026-09-11T21:05:06.2465080Z     send_stream_large_write_test.go:76: accepted 131072 bytes: admission 131704 B, segmentation 21864 B
Unit tests (macos, Go 1.27.x)	Run tests	2026-09-11T21:05:06.2465270Z === RUN   TestSendStreamTryWriteAllLinearStorage/bytes=131072/chunk=2048
Unit tests (macos, Go 1.27.x)	Run tests	2026-09-11T21:05:06.2465690Z     send_stream_large_write_test.go:76: accepted 131072 bytes: admission 388408 B, segmentation 21816 B
Unit tests (macos, Go 1.27.x)	Run tests	2026-09-11T21:05:06.2465880Z === RUN   TestSendStreamTryWriteAllLinearStorage/bytes=524288/chunk=524288
Unit tests (macos, Go 1.27.x)	Run tests	2026-09-11T21:05:06.2466280Z     send_stream_large_write_test.go:76: accepted 524288 bytes: admission 525320 B, segmentation 83448 B
Unit tests (macos, Go 1.27.x)	Run tests	2026-09-11T21:05:06.2466480Z === RUN   TestSendStreamTryWriteAllLinearStorage/bytes=524288/chunk=2048
Unit tests (macos, Go 1.27.x)	Run tests	2026-09-11T21:05:06.2466880Z     send_stream_large_write_test.go:76: accepted 524288 bytes: admission 1527704 B, segmentation 84768 B
Unit tests (macos, Go 1.27.x)	Run tests	2026-09-11T21:05:06.2467020Z --- PASS: TestSendStreamTryWriteAllLinearStorage (0.01s)
Unit tests (macos, Go 1.27.x)	Run tests	2026-09-11T21:05:06.2467350Z     --- PASS: TestSendStreamTryWriteAllLinearStorage/bytes=32768/chunk=32768 (0.00s)
Unit tests (macos, Go 1.27.x)	Run tests	2026-09-11T21:05:06.2467680Z     --- PASS: TestSendStreamTryWriteAllLinearStorage/bytes=32768/chunk=2048 (0.00s)
Unit tests (macos, Go 1.27.x)	Run tests	2026-09-11T21:05:06.2468010Z     --- PASS: TestSendStreamTryWriteAllLinearStorage/bytes=131072/chunk=131072 (0.00s)
Unit tests (macos, Go 1.27.x)	Run tests	2026-09-11T21:05:06.2468320Z     --- PASS: TestSendStreamTryWriteAllLinearStorage/bytes=131072/chunk=2048 (0.00s)
Unit tests (macos, Go 1.27.x)	Run tests	2026-09-11T21:05:06.2468650Z     --- PASS: TestSendStreamTryWriteAllLinearStorage/bytes=524288/chunk=524288 (0.00s)
Unit tests (macos, Go 1.27.x)	Run tests	2026-09-11T21:05:06.2468950Z     --- PASS: TestSendStreamTryWriteAllLinearStorage/bytes=524288/chunk=2048 (0.01s)
Unit tests (macos, Go 1.27.x)	Run tests	2026-09-11T21:05:06.2469070Z === RUN   TestPackConnectionCloseCryptoError
Unit tests (macos, Go 1.27.x)	Run tests	2026-09-11T21:05:06.2469200Z --- PASS: TestPackConnectionCloseCryptoError (0.00s)
Unit tests (macos, Go 1.27.x)	Run tests	2026-09-11T21:05:06.2469290Z === RUN   TestConfigValidation
Unit tests (macos, Go 1.27.x)	Run tests	2026-09-11T21:05:06.2469490Z === RUN   TestConfigValidation/nil_config
Unit tests (macos, Go 1.27.x)	Run tests	2026-09-11T21:05:06.2469630Z === RUN   TestConfigValidation/config_with_a_few_values_set
Unit tests (macos, Go 1.27.x)	Run tests	2026-09-11T21:05:06.2469730Z === RUN   TestConfigValidation/stream_limits
Unit tests (macos, Go 1.27.x)	Run tests	2026-09-11T21:05:06.2469850Z === RUN   TestConfigValidation/flow_control_windows
Unit tests (macos, Go 1.27.x)	Run tests	2026-09-11T21:05:06.2469970Z === RUN   TestConfigValidation/initial_packet_size
Unit tests (macos, Go 1.27.x)	Run tests	2026-09-11T21:05:06.2470060Z --- PASS: TestConfigValidation (0.00s)
Unit tests (macos, Go 1.27.x)	Run tests	2026-09-11T21:05:06.2470250Z     --- PASS: TestConfigValidation/nil_config (0.00s)
Unit tests (macos, Go 1.27.x)	Run tests	2026-09-11T21:05:06.2470510Z     --- PASS: TestConfigValidation/config_with_a_few_values_set (0.00s)
Unit tests (macos, Go 1.27.x)	Run tests	2026-09-11T21:05:06.2470700Z     --- PASS: TestConfigValidation/stream_limits (0.00s)
Unit tests (macos, Go 1.27.x)	Run tests	2026-09-11T21:05:06.2470930Z     --- PASS: TestConfigValidation/flow_control_windows (0.00s)
Unit tests (macos, Go 1.27.x)	Run tests	2026-09-11T21:05:06.2471220Z     --- PASS: TestConfigValidation/initial_packet_size (0.00s)
Unit tests (macos, Go 1.27.x)	Run tests	2026-09-11T21:05:06.2471320Z === RUN   TestMTUDiscovererTiming
Unit tests (macos, Go 1.27.x)	Run tests	2026-09-11T21:05:06.2471420Z --- PASS: TestMTUDiscovererTiming (0.00s)
Unit tests (macos, Go 1.27.x)	Run tests	2026-09-11T21:05:06.2471530Z === RUN   TestPackPTOProbePacketNothingToPack
Unit tests (macos, Go 1.27.x)	Run tests	2026-09-11T21:05:06.2471670Z === RUN   TestPackPTOProbePacketNothingToPack/Initial
Unit tests (macos, Go 1.27.x)	Run tests	2026-09-11T21:05:06.2471810Z === RUN   TestPackPTOProbePacketNothingToPack/Handshake
Unit tests (macos, Go 1.27.x)	Run tests	2026-09-11T21:05:06.2471940Z === RUN   TestPackPTOProbePacketNothingToPack/1-RTT
Unit tests (macos, Go 1.27.x)	Run tests	2026-09-11T21:05:06.2472090Z --- PASS: TestPackPTOProbePacketNothingToPack (0.00s)
Unit tests (macos, Go 1.27.x)	Run tests	2026-09-11T21:05:06.2472330Z     --- PASS: TestPackPTOProbePacketNothingToPack/Initial (0.00s)
Unit tests (macos, Go 1.27.x)	Run tests	2026-09-11T21:05:06.2472580Z     --- PASS: TestPackPTOProbePacketNothingToPack/Handshake (0.00s)
Unit tests (macos, Go 1.27.x)	Run tests	2026-09-11T21:05:06.2472810Z     --- PASS: TestPackPTOProbePacketNothingToPack/1-RTT (0.00s)
Unit tests (macos, Go 1.27.x)	Run tests	2026-09-11T21:05:06.2472940Z === RUN   TestPackShortHeaderPadToAtLeast4Bytes
Unit tests (macos, Go 1.27.x)	Run tests	2026-09-11T21:05:06.2473080Z --- PASS: TestPackShortHeaderPadToAtLeast4Bytes (0.00s)
Unit tests (macos, Go 1.27.x)	Run tests	2026-09-11T21:05:06.2473230Z === RUN   TestConnectionHandleConnectionFlowControlFrames
Unit tests (macos, Go 1.27.x)	Run tests	2026-09-11T21:05:06.2473420Z --- PASS: TestConnectionHandleConnectionFlowControlFrames (0.00s)
Unit tests (macos, Go 1.27.x)	Run tests	2026-09-11T21:05:06.2473530Z === RUN   TestConnectionHandshakeIdleTimeout
Unit tests (macos, Go 1.27.x)	Run tests	2026-09-11T21:05:06.2473660Z --- PASS: TestConnectionHandshakeIdleTimeout (0.00s)
Unit tests (macos, Go 1.27.x)	Run tests	2026-09-11T21:05:06.2473770Z === RUN   TestTransportNonQUICPackets
Unit tests (macos, Go 1.27.x)	Run tests	2026-09-11T21:05:06.2473880Z --- PASS: TestTransportNonQUICPackets (0.00s)
Unit tests (macos, Go 1.27.x)	Run tests	2026-09-11T21:05:06.2473980Z === RUN   TestCoalescedSlabRetentionCopy
Unit tests (macos, Go 1.27.x)	Run tests	2026-09-11T21:05:06.2474700Z --- PASS: TestCoalescedSlabRetentionCopy (0.00s)
Unit tests (macos, Go 1.27.x)	Run tests	2026-09-11T21:05:06.2474870Z === RUN   TestServerVersionNegotiation
Unit tests (macos, Go 1.27.x)	Run tests	2026-09-11T21:05:06.2475020Z === RUN   TestServerVersionNegotiation/enabled
Unit tests (macos, Go 1.27.x)	Run tests	2026-09-11T21:05:06.2475160Z === RUN   TestServerVersionNegotiation/disabled
Unit tests (macos, Go 1.27.x)	Run tests	2026-09-11T21:05:06.2475290Z --- PASS: TestServerVersionNegotiation (0.10s)
Unit tests (macos, Go 1.27.x)	Run tests	2026-09-11T21:05:06.2475560Z     --- PASS: TestServerVersionNegotiation/enabled (0.00s)
Unit tests (macos, Go 1.27.x)	Run tests	2026-09-11T21:05:06.2475840Z     --- PASS: TestServerVersionNegotiation/disabled (0.10s)
Unit tests (macos, Go 1.27.x)	Run tests	2026-09-11T21:05:06.2476010Z === RUN   TestConnectionReceiveLifetimeMalformedFirstHeader
Unit tests (macos, Go 1.27.x)	Run tests	2026-09-11T21:05:06.2476200Z --- PASS: TestConnectionReceiveLifetimeMalformedFirstHeader (0.00s)
Unit tests (macos, Go 1.27.x)	Run tests	2026-09-11T21:05:06.2477170Z === RUN   TestFramerMinStreamFrameSizeMultipleStreamFrames
Unit tests (macos, Go 1.27.x)	Run tests	2026-09-11T21:05:06.2477430Z --- PASS: TestFramerMinStreamFrameSizeMultipleStreamFrames (0.00s)
Unit tests (macos, Go 1.27.x)	Run tests	2026-09-11T21:05:06.2477760Z === RUN   TestSendStreamTryWriteAllAfterBufferedWrite
Unit tests (macos, Go 1.27.x)	Run tests	2026-09-11T21:05:06.2477980Z === RUN   TestSendStreamTryWriteAllAfterBufferedWrite/enough_credit
Unit tests (macos, Go 1.27.x)	Run tests	2026-09-11T21:05:06.2478190Z === RUN   TestSendStreamTryWriteAllAfterBufferedWrite/not_enough_credit
Unit tests (macos, Go 1.27.x)	Run tests	2026-09-11T21:05:06.2478350Z --- PASS: TestSendStreamTryWriteAllAfterBufferedWrite (0.00s)
Unit tests (macos, Go 1.27.x)	Run tests	2026-09-11T21:05:06.2478670Z     --- PASS: TestSendStreamTryWriteAllAfterBufferedWrite/enough_credit (0.00s)
Unit tests (macos, Go 1.27.x)	Run tests	2026-09-11T21:05:06.2479000Z     --- PASS: TestSendStreamTryWriteAllAfterBufferedWrite/not_enough_credit (0.00s)
Unit tests (macos, Go 1.27.x)	Run tests	2026-09-11T21:05:06.2479120Z === RUN   TestFramerSchedulesReprioritizedStream
Unit tests (macos, Go 1.27.x)	Run tests	2026-09-11T21:05:06.2479270Z --- PASS: TestFramerSchedulesReprioritizedStream (0.00s)
Unit tests (macos, Go 1.27.x)	Run tests	2026-09-11T21:05:06.2479570Z === RUN   TestFramerRequeuesRetransmissionAfterPriorityChange
Unit tests (macos, Go 1.27.x)	Run tests	2026-09-11T21:05:06.2479760Z --- PASS: TestFramerRequeuesRetransmissionAfterPriorityChange (0.00s)
Unit tests (macos, Go 1.27.x)	Run tests	2026-09-11T21:05:06.2479850Z === RUN   TestReceiveStreamPeekEOF
Unit tests (macos, Go 1.27.x)	Run tests	2026-09-11T21:05:06.2479960Z === RUN   TestReceiveStreamPeekEOF/long_peek
Unit tests (macos, Go 1.27.x)	Run tests	2026-09-11T21:05:06.2480060Z === RUN   TestReceiveStreamPeekEOF/exact_peek
Unit tests (macos, Go 1.27.x)	Run tests	2026-09-11T21:05:06.2480170Z --- PASS: TestReceiveStreamPeekEOF (0.00s)
Unit tests (macos, Go 1.27.x)	Run tests	2026-09-11T21:05:06.2480360Z     --- PASS: TestReceiveStreamPeekEOF/long_peek (0.00s)
Unit tests (macos, Go 1.27.x)	Run tests	2026-09-11T21:05:06.2480580Z     --- PASS: TestReceiveStreamPeekEOF/exact_peek (0.00s)
Unit tests (macos, Go 1.27.x)	Run tests	2026-09-11T21:05:06.2480730Z === RUN   TestSendConnGSOFallbackConcurrentCapabilities
Unit tests (macos, Go 1.27.x)	Run tests	2026-09-11T21:05:06.2480990Z     send_conn_test.go:95: GSO is not supported on this platform
Unit tests (macos, Go 1.27.x)	Run tests	2026-09-11T21:05:06.2481430Z --- SKIP: TestSendConnGSOFallbackConcurrentCapabilities (0.00s)
Unit tests (macos, Go 1.27.x)	Run tests	2026-09-11T21:05:06.2481560Z === RUN   TestUnpackHeaderSampleShortHeader
Unit tests (macos, Go 1.27.x)	Run tests	2026-09-11T21:05:06.2482120Z === RUN   TestUnpackHeaderSampleShortHeader/too_short
Unit tests (macos, Go 1.27.x)	Run tests	2026-09-11T21:05:06.2482290Z === RUN   TestUnpackHeaderSampleShortHeader/minimal_size
Unit tests (macos, Go 1.27.x)	Run tests	2026-09-11T21:05:06.2482450Z --- PASS: TestUnpackHeaderSampleShortHeader (0.00s)
Unit tests (macos, Go 1.27.x)	Run tests	2026-09-11T21:05:06.2482740Z     --- PASS: TestUnpackHeaderSampleShortHeader/too_short (0.00s)
Unit tests (macos, Go 1.27.x)	Run tests	2026-09-11T21:05:06.2483060Z     --- PASS: TestUnpackHeaderSampleShortHeader/minimal_size (0.00s)
Unit tests (macos, Go 1.27.x)	Run tests	2026-09-11T21:05:06.2483170Z === RUN   TestOOBReaderZeroProgress
Unit tests (macos, Go 1.27.x)	Run tests	2026-09-11T21:05:06.2483280Z --- PASS: TestOOBReaderZeroProgress (0.00s)
Unit tests (macos, Go 1.27.x)	Run tests	2026-09-11T21:05:06.2483380Z === RUN   TestSendStreamDeadlineInThePast
Unit tests (macos, Go 1.27.x)	Run tests	2026-09-11T21:05:06.2483500Z --- PASS: TestSendStreamDeadlineInThePast (0.00s)
Unit tests (macos, Go 1.27.x)	Run tests	2026-09-11T21:05:06.2483600Z === RUN   TestConnectionReceiveLifetimeViews
Unit tests (macos, Go 1.27.x)	Run tests	2026-09-11T21:05:06.2483740Z === RUN   TestConnectionReceiveLifetimeViews/short_success
Unit tests (macos, Go 1.27.x)	Run tests	2026-09-11T21:05:06.2483880Z === RUN   TestConnectionReceiveLifetimeViews/long_long
Unit tests (macos, Go 1.27.x)	Run tests	2026-09-11T21:05:06.2484020Z === RUN   TestConnectionReceiveLifetimeViews/long_short
Unit tests (macos, Go 1.27.x)	Run tests	2026-09-11T21:05:06.2484170Z === RUN   TestConnectionReceiveLifetimeViews/malformed_suffix
Unit tests (macos, Go 1.27.x)	Run tests	2026-09-11T21:05:06.2484320Z === RUN   TestConnectionReceiveLifetimeViews/mismatched_suffix
Unit tests (macos, Go 1.27.x)	Run tests	2026-09-11T21:05:06.2484460Z === RUN   TestConnectionReceiveLifetimeViews/fatal_handler
Unit tests (macos, Go 1.27.x)	Run tests	2026-09-11T21:05:06.2484620Z === RUN   TestConnectionReceiveLifetimeViews/retained_replay
Unit tests (macos, Go 1.27.x)	Run tests	2026-09-11T21:05:06.2484790Z === RUN   TestConnectionReceiveLifetimeViews/mixed_retained_processed
Unit tests (macos, Go 1.27.x)	Run tests	2026-09-11T21:05:06.2484920Z --- PASS: TestConnectionReceiveLifetimeViews (0.00s)
Unit tests (macos, Go 1.27.x)	Run tests	2026-09-11T21:05:06.2485220Z     --- PASS: TestConnectionReceiveLifetimeViews/short_success (0.00s)
Unit tests (macos, Go 1.27.x)	Run tests	2026-09-11T21:05:06.2485510Z     --- PASS: TestConnectionReceiveLifetimeViews/long_long (0.00s)
Unit tests (macos, Go 1.27.x)	Run tests	2026-09-11T21:05:06.2485750Z     --- PASS: TestConnectionReceiveLifetimeViews/long_short (0.00s)
Unit tests (macos, Go 1.27.x)	Run tests	2026-09-11T21:05:06.2486020Z     --- PASS: TestConnectionReceiveLifetimeViews/malformed_suffix (0.00s)
Unit tests (macos, Go 1.27.x)	Run tests	2026-09-11T21:05:06.2486870Z     --- PASS: TestConnectionReceiveLifetimeViews/mismatched_suffix (0.00s)
Unit tests (macos, Go 1.27.x)	Run tests	2026-09-11T21:05:06.2487280Z     --- PASS: TestConnectionReceiveLifetimeViews/fatal_handler (0.00s)
Unit tests (macos, Go 1.27.x)	Run tests	2026-09-11T21:05:06.2487610Z     --- PASS: TestConnectionReceiveLifetimeViews/retained_replay (0.00s)
Unit tests (macos, Go 1.27.x)	Run tests	2026-09-11T21:05:06.2487990Z     --- PASS: TestConnectionReceiveLifetimeViews/mixed_retained_processed (0.00s)
Unit tests (macos, Go 1.27.x)	Run tests	2026-09-11T21:05:06.2488180Z === RUN   TestReceiveStreamResetStreamAtBeforeReadOffset
Unit tests (macos, Go 1.27.x)	Run tests	2026-09-11T21:05:06.2488410Z --- PASS: TestReceiveStreamResetStreamAtBeforeReadOffset (0.00s)
Unit tests (macos, Go 1.27.x)	Run tests	2026-09-11T21:05:06.2488590Z === RUN   TestCoalescedSlabRetentionBudgetExhausted
Unit tests (macos, Go 1.27.x)	Run tests	2026-09-11T21:05:06.2488760Z --- PASS: TestCoalescedSlabRetentionBudgetExhausted (0.00s)
Unit tests (macos, Go 1.27.x)	Run tests	2026-09-11T21:05:06.2488890Z === RUN   TestSendQueueStoppedSubmission
Unit tests (macos, Go 1.27.x)	Run tests	2026-09-11T21:05:06.2489030Z --- PASS: TestSendQueueStoppedSubmission (0.00s)
Unit tests (macos, Go 1.27.x)	Run tests	2026-09-11T21:05:06.2489160Z === RUN   TestDialAddrSetupFailureClosesSocket
Unit tests (macos, Go 1.27.x)	Run tests	2026-09-11T21:05:06.2489300Z === RUN   TestDialAddrSetupFailureClosesSocket/DialAddr
Unit tests (macos, Go 1.27.x)	Run tests	2026-09-11T21:05:06.2489710Z === RUN   TestDialAddrSetupFailureClosesSocket/DialAddr/resolution
Unit tests (macos, Go 1.27.x)	Run tests	2026-09-11T21:05:06.2489940Z === RUN   TestDialAddrSetupFailureClosesSocket/DialAddr/TLS_configuration
Unit tests (macos, Go 1.27.x)	Run tests	2026-09-11T21:05:06.2490210Z === RUN   TestDialAddrSetupFailureClosesSocket/DialAddr/QUIC_configuration
Unit tests (macos, Go 1.27.x)	Run tests	2026-09-11T21:05:06.2490460Z === RUN   TestDialAddrSetupFailureClosesSocket/DialAddrEarly
Unit tests (macos, Go 1.27.x)	Run tests	2026-09-11T21:05:06.2490730Z === RUN   TestDialAddrSetupFailureClosesSocket/DialAddrEarly/resolution
Unit tests (macos, Go 1.27.x)	Run tests	2026-09-11T21:05:06.2491160Z === RUN   TestDialAddrSetupFailureClosesSocket/DialAddrEarly/TLS_configuration
Unit tests (macos, Go 1.27.x)	Run tests	2026-09-11T21:05:06.2491420Z === RUN   TestDialAddrSetupFailureClosesSocket/DialAddrEarly/QUIC_configuration
Unit tests (macos, Go 1.27.x)	Run tests	2026-09-11T21:05:06.2491610Z --- PASS: TestDialAddrSetupFailureClosesSocket (0.00s)
Unit tests (macos, Go 1.27.x)	Run tests	2026-09-11T21:05:06.2492040Z     --- PASS: TestDialAddrSetupFailureClosesSocket/DialAddr (0.00s)
Unit tests (macos, Go 1.27.x)	Run tests	2026-09-11T21:05:06.2492470Z         --- PASS: TestDialAddrSetupFailureClosesSocket/DialAddr/resolution (0.00s)
Unit tests (macos, Go 1.27.x)	Run tests	2026-09-11T21:05:06.2492920Z         --- PASS: TestDialAddrSetupFailureClosesSocket/DialAddr/TLS_configuration (0.00s)
Unit tests (macos, Go 1.27.x)	Run tests	2026-09-11T21:05:06.2493390Z         --- PASS: TestDialAddrSetupFailureClosesSocket/DialAddr/QUIC_configuration (0.00s)
Unit tests (macos, Go 1.27.x)	Run tests	2026-09-11T21:05:06.2493690Z     --- PASS: TestDialAddrSetupFailureClosesSocket/DialAddrEarly (0.00s)
Unit tests (macos, Go 1.27.x)	Run tests	2026-09-11T21:05:06.2494190Z         --- PASS: TestDialAddrSetupFailureClosesSocket/DialAddrEarly/resolution (0.00s)
Unit tests (macos, Go 1.27.x)	Run tests	2026-09-11T21:05:06.2494730Z         --- PASS: TestDialAddrSetupFailureClosesSocket/DialAddrEarly/TLS_configuration (0.00s)
Unit tests (macos, Go 1.27.x)	Run tests	2026-09-11T21:05:06.2495310Z         --- PASS: TestDialAddrSetupFailureClosesSocket/DialAddrEarly/QUIC_configuration (0.00s)
Unit tests (macos, Go 1.27.x)	Run tests	2026-09-11T21:05:06.2495450Z === RUN   TestSendStreamDeadlineExtension
Unit tests (macos, Go 1.27.x)	Run tests	2026-09-11T21:05:06.2495630Z --- PASS: TestSendStreamDeadlineExtension (0.00s)
Unit tests (macos, Go 1.27.x)	Run tests	2026-09-11T21:05:06.2495800Z === RUN   TestDatagramReceivePayloadOwnership
Unit tests (macos, Go 1.27.x)	Run tests	2026-09-11T21:05:06.2495990Z --- PASS: TestDatagramReceivePayloadOwnership (0.00s)
Unit tests (macos, Go 1.27.x)	Run tests	2026-09-11T21:05:06.2496170Z === RUN   TestSendStreamResetStreamAtRetransmissions
Unit tests (macos, Go 1.27.x)	Run tests	2026-09-11T21:05:06.2496380Z --- PASS: TestSendStreamResetStreamAtRetransmissions (0.00s)
Unit tests (macos, Go 1.27.x)	Run tests	2026-09-11T21:05:06.2496490Z === RUN   TestReceiveStreamReset
Unit tests (macos, Go 1.27.x)	Run tests	2026-09-11T21:05:06.2496630Z --- PASS: TestReceiveStreamReset (0.00s)
Unit tests (macos, Go 1.27.x)	Run tests	2026-09-11T21:05:06.2496760Z === RUN   TestPackCoalescedAppData
Unit tests (macos, Go 1.27.x)	Run tests	2026-09-11T21:05:06.2496890Z === RUN   TestPackCoalescedAppData/with_large_ACK
Unit tests (macos, Go 1.27.x)	Run tests	2026-09-11T21:05:06.2497010Z === RUN   TestPackCoalescedAppData/without_ACK
Unit tests (macos, Go 1.27.x)	Run tests	2026-09-11T21:05:06.2497140Z --- PASS: TestPackCoalescedAppData (0.00s)
Unit tests (macos, Go 1.27.x)	Run tests	2026-09-11T21:05:06.2497390Z     --- PASS: TestPackCoalescedAppData/with_large_ACK (0.00s)
Unit tests (macos, Go 1.27.x)	Run tests	2026-09-11T21:05:06.2497660Z     --- PASS: TestPackCoalescedAppData/without_ACK (0.00s)
Unit tests (macos, Go 1.27.x)	Run tests	2026-09-11T21:05:06.2497790Z === RUN   TestSendStreamCancellationAfterClose
Unit tests (macos, Go 1.27.x)	Run tests	2026-09-11T21:05:06.2497950Z --- PASS: TestSendStreamCancellationAfterClose (0.00s)
Unit tests (macos, Go 1.27.x)	Run tests	2026-09-11T21:05:06.2498200Z === RUN   TestOversizedViewChargeTransferRefusedWhenDestinationExhausted
Unit tests (macos, Go 1.27.x)	Run tests	2026-09-11T21:05:06.2498490Z --- PASS: TestOversizedViewChargeTransferRefusedWhenDestinationExhausted (0.00s)
Unit tests (macos, Go 1.27.x)	Run tests	2026-09-11T21:05:06.2498610Z === RUN   TestDatagramQueueReceive
Unit tests (macos, Go 1.27.x)	Run tests	2026-09-11T21:05:06.2498740Z --- PASS: TestDatagramQueueReceive (0.00s)
Unit tests (macos, Go 1.27.x)	Run tests	2026-09-11T21:05:06.2498860Z === RUN   TestMTUDiscovererMTUDiscovery
Unit tests (macos, Go 1.27.x)	Run tests	2026-09-11T21:05:06.2499000Z === RUN   TestMTUDiscovererMTUDiscovery/test_0
Unit tests (macos, Go 1.27.x)	Run tests	2026-09-11T21:05:06.2499280Z     mtu_discoverer_test.go:106: MTU: 1048, max: 1255
Unit tests (macos, Go 1.27.x)	Run tests	2026-09-11T21:05:06.2499570Z     mtu_discoverer_test.go:132: MTU discovered: 1047 (diff: 1)
Unit tests (macos, Go 1.27.x)	Run tests	2026-09-11T21:05:06.2499980Z     mtu_discoverer_test.go:133: probes sent (8): [1127 1063 1031 1143 1047 1095 1055 1051]
Unit tests (macos, Go 1.27.x)	Run tests	2026-09-11T21:05:06.2500140Z === RUN   TestMTUDiscovererMTUDiscovery/test_1
Unit tests (macos, Go 1.27.x)	Run tests	2026-09-11T21:05:06.2500330Z     mtu_discoverer_test.go:106: MTU: 1172, max: 1290
Unit tests (macos, Go 1.27.x)	Run tests	2026-09-11T21:05:06.2500580Z     mtu_discoverer_test.go:132: MTU discovered: 1172 (diff: 0)
Unit tests (macos, Go 1.27.x)	Run tests	2026-09-11T21:05:06.2500990Z     mtu_discoverer_test.go:133: probes sent (9): [1145 1217 1181 1163 1226 1172 1199 1176 1174]
Unit tests (macos, Go 1.27.x)	Run tests	2026-09-11T21:05:06.2501290Z === RUN   TestMTUDiscovererMTUDiscovery/test_2
Unit tests (macos, Go 1.27.x)	Run tests	2026-09-11T21:05:06.2501510Z     mtu_discoverer_test.go:106: MTU: 2001, max: 2435
Unit tests (macos, Go 1.27.x)	Run tests	2026-09-11T21:05:06.2501750Z     mtu_discoverer_test.go:132: MTU discovered: 1999 (diff: 2)
Unit tests (macos, Go 1.27.x)	Run tests	2026-09-11T21:05:06.2504090Z     mtu_discoverer_test.go:133: probes sent (13): [1717 2076 1896 2165 1986 2210 2031 2008 1997 2036 2002 1999 2015]
Unit tests (macos, Go 1.27.x)	Run tests	2026-09-11T21:05:06.2504310Z === RUN   TestMTUDiscovererMTUDiscovery/test_3
Unit tests (macos, Go 1.27.x)	Run tests	2026-09-11T21:05:06.2504540Z     mtu_discoverer_test.go:106: MTU: 1184, max: 1230
Unit tests (macos, Go 1.27.x)	Run tests	2026-09-11T21:05:06.2504890Z     mtu_discoverer_test.go:132: MTU discovered: 1182 (diff: 2)
Unit tests (macos, Go 1.27.x)	Run tests	2026-09-11T21:05:06.2505250Z     mtu_discoverer_test.go:133: probes sent (8): [1115 1172 1201 1186 1179 1204 1182 1193]
Unit tests (macos, Go 1.27.x)	Run tests	2026-09-11T21:05:06.2505390Z === RUN   TestMTUDiscovererMTUDiscovery/test_4
Unit tests (macos, Go 1.27.x)	Run tests	2026-09-11T21:05:06.2506550Z     mtu_discoverer_test.go:106: MTU: 2641, max: 2694
Unit tests (macos, Go 1.27.x)	Run tests	2026-09-11T21:05:06.2506800Z     mtu_discoverer_test.go:132: MTU discovered: 2641 (diff: 0)
Unit tests (macos, Go 1.27.x)	Run tests	2026-09-11T21:05:06.2507170Z     mtu_discoverer_test.go:133: probes sent (9): [1847 2270 2482 2588 2641 2667 2654 2647 2644]
Unit tests (macos, Go 1.27.x)	Run tests	2026-09-11T21:05:06.2507300Z --- PASS: TestMTUDiscovererMTUDiscovery (0.00s)
Unit tests (macos, Go 1.27.x)	Run tests	2026-09-11T21:05:06.2507560Z     --- PASS: TestMTUDiscovererMTUDiscovery/test_0 (0.00s)
Unit tests (macos, Go 1.27.x)	Run tests	2026-09-11T21:05:06.2507800Z     --- PASS: TestMTUDiscovererMTUDiscovery/test_1 (0.00s)
Unit tests (macos, Go 1.27.x)	Run tests	2026-09-11T21:05:06.2508040Z     --- PASS: TestMTUDiscovererMTUDiscovery/test_2 (0.00s)
Unit tests (macos, Go 1.27.x)	Run tests	2026-09-11T21:05:06.2508280Z     --- PASS: TestMTUDiscovererMTUDiscovery/test_3 (0.00s)
Unit tests (macos, Go 1.27.x)	Run tests	2026-09-11T21:05:06.2508520Z     --- PASS: TestMTUDiscovererMTUDiscovery/test_4 (0.00s)
Unit tests (macos, Go 1.27.x)	Run tests	2026-09-11T21:05:06.2508640Z === RUN   TestFramerStreamControlFramesSizing
Unit tests (macos, Go 1.27.x)	Run tests	2026-09-11T21:05:06.2508800Z --- PASS: TestFramerStreamControlFramesSizing (0.00s)
Unit tests (macos, Go 1.27.x)	Run tests	2026-09-11T21:05:06.2508910Z === RUN   TestBasicConnReadFailure
Unit tests (macos, Go 1.27.x)	Run tests	2026-09-11T21:05:06.2509030Z --- PASS: TestBasicConnReadFailure (0.00s)
Unit tests (macos, Go 1.27.x)	Run tests	2026-09-11T21:05:06.2509180Z === RUN   TestConnectionFlowControlWindowUpdate
Unit tests (macos, Go 1.27.x)	Run tests	2026-09-11T21:05:06.2509370Z --- PASS: TestConnectionFlowControlWindowUpdate (0.00s)
Unit tests (macos, Go 1.27.x)	Run tests	2026-09-11T21:05:06.2509510Z === RUN   TestEmissionPathReplacement
Unit tests (macos, Go 1.27.x)	Run tests	2026-09-11T21:05:06.2509680Z --- PASS: TestEmissionPathReplacement (0.00s)
Unit tests (macos, Go 1.27.x)	Run tests	2026-09-11T21:05:06.2509810Z === RUN   TestStreamsMapOutgoingLimits
Unit tests (macos, Go 1.27.x)	Run tests	2026-09-11T21:05:06.2509940Z === RUN   TestStreamsMapOutgoingLimits/client
Unit tests (macos, Go 1.27.x)	Run tests	2026-09-11T21:05:06.2510060Z === RUN   TestStreamsMapOutgoingLimits/server
Unit tests (macos, Go 1.27.x)	Run tests	2026-09-11T21:05:06.2510190Z --- PASS: TestStreamsMapOutgoingLimits (0.00s)
Unit tests (macos, Go 1.27.x)	Run tests	2026-09-11T21:05:06.2510480Z     --- PASS: TestStreamsMapOutgoingLimits/client (0.00s)
Unit tests (macos, Go 1.27.x)	Run tests	2026-09-11T21:05:06.2510750Z     --- PASS: TestStreamsMapOutgoingLimits/server (0.00s)
Unit tests (macos, Go 1.27.x)	Run tests	2026-09-11T21:05:06.2510880Z === RUN   TestReadsMultipleMessagesInOneBatch
Unit tests (macos, Go 1.27.x)	Run tests	2026-09-11T21:05:06.2511050Z --- PASS: TestReadsMultipleMessagesInOneBatch (0.00s)
Unit tests (macos, Go 1.27.x)	Run tests	2026-09-11T21:05:06.2511150Z === RUN   TestBufferPoolRelease
Unit tests (macos, Go 1.27.x)	Run tests	2026-09-11T21:05:06.2511260Z --- PASS: TestBufferPoolRelease (0.00s)
Unit tests (macos, Go 1.27.x)	Run tests	2026-09-11T21:05:06.2511480Z === RUN   TestStreamsMapIncomingDeletingStreamsWithHighLimits
Unit tests (macos, Go 1.27.x)	Run tests	2026-09-11T21:05:06.2511720Z === RUN   TestStreamsMapIncomingDeletingStreamsWithHighLimits/client
Unit tests (macos, Go 1.27.x)	Run tests	2026-09-11T21:05:06.2511900Z === RUN   TestStreamsMapIncomingDeletingStreamsWithHighLimits/server
Unit tests (macos, Go 1.27.x)	Run tests	2026-09-11T21:05:06.2512680Z --- PASS: TestStreamsMapIncomingDeletingStreamsWithHighLimits (0.00s)
Unit tests (macos, Go 1.27.x)	Run tests	2026-09-11T21:05:06.2513100Z     --- PASS: TestStreamsMapIncomingDeletingStreamsWithHighLimits/client (0.00s)
Unit tests (macos, Go 1.27.x)	Run tests	2026-09-11T21:05:06.2513470Z     --- PASS: TestStreamsMapIncomingDeletingStreamsWithHighLimits/server (0.00s)
Unit tests (macos, Go 1.27.x)	Run tests	2026-09-11T21:05:06.2513670Z === RUN   TestFrameSorterRandomized
Unit tests (macos, Go 1.27.x)	Run tests	2026-09-11T21:05:06.2513820Z === RUN   TestFrameSorterRandomized/short
Unit tests (macos, Go 1.27.x)	Run tests	2026-09-11T21:05:06.2513950Z === RUN   TestFrameSorterRandomized/long
Unit tests (macos, Go 1.27.x)	Run tests	2026-09-11T21:05:06.2514130Z === RUN   TestFrameSorterRandomized/short,_with_duplicates
Unit tests (macos, Go 1.27.x)	Run tests	2026-09-11T21:05:06.2514290Z === RUN   TestFrameSorterRandomized/long,_with_duplicates
Unit tests (macos, Go 1.27.x)	Run tests	2026-09-11T21:05:06.2514440Z === RUN   TestFrameSorterRandomized/short,_with_overlaps
Unit tests (macos, Go 1.27.x)	Run tests	2026-09-11T21:05:06.2514790Z === RUN   TestFrameSorterRandomized/long,_with_overlaps
Unit tests (macos, Go 1.27.x)	Run tests	2026-09-11T21:05:06.2514900Z --- PASS: TestFrameSorterRandomized (0.01s)
Unit tests (macos, Go 1.27.x)	Run tests	2026-09-11T21:05:06.2515090Z     --- PASS: TestFrameSorterRandomized/short (0.00s)
Unit tests (macos, Go 1.27.x)	Run tests	2026-09-11T21:05:06.2515280Z     --- PASS: TestFrameSorterRandomized/long (0.00s)
Unit tests (macos, Go 1.27.x)	Run tests	2026-09-11T21:05:06.2515530Z     --- PASS: TestFrameSorterRandomized/short,_with_duplicates (0.00s)
Unit tests (macos, Go 1.27.x)	Run tests	2026-09-11T21:05:06.2515780Z     --- PASS: TestFrameSorterRandomized/long,_with_duplicates (0.00s)
Unit tests (macos, Go 1.27.x)	Run tests	2026-09-11T21:05:06.2516030Z     --- PASS: TestFrameSorterRandomized/short,_with_overlaps (0.00s)
Unit tests (macos, Go 1.27.x)	Run tests	2026-09-11T21:05:06.2516260Z     --- PASS: TestFrameSorterRandomized/long,_with_overlaps (0.00s)
Unit tests (macos, Go 1.27.x)	Run tests	2026-09-11T21:05:06.2516400Z === RUN   TestPackCoalescedAckOnlyPacketNothingToSend
Unit tests (macos, Go 1.27.x)	Run tests	2026-09-11T21:05:06.2516640Z --- PASS: TestPackCoalescedAckOnlyPacketNothingToSend (0.00s)
Unit tests (macos, Go 1.27.x)	Run tests	2026-09-11T21:05:06.2516750Z === RUN   TestHandshakeMTUFallbackDiscovery
Unit tests (macos, Go 1.27.x)	Run tests	2026-09-11T21:05:06.2516890Z === RUN   TestHandshakeMTUFallbackDiscovery/enabled
Unit tests (macos, Go 1.27.x)	Run tests	2026-09-11T21:05:06.2517050Z === RUN   TestHandshakeMTUFallbackDiscovery/disabled
Unit tests (macos, Go 1.27.x)	Run tests	2026-09-11T21:05:06.2517200Z --- PASS: TestHandshakeMTUFallbackDiscovery (0.00s)
Unit tests (macos, Go 1.27.x)	Run tests	2026-09-11T21:05:06.2517460Z     --- PASS: TestHandshakeMTUFallbackDiscovery/enabled (0.00s)
Unit tests (macos, Go 1.27.x)	Run tests	2026-09-11T21:05:06.2517720Z     --- PASS: TestHandshakeMTUFallbackDiscovery/disabled (0.00s)
Unit tests (macos, Go 1.27.x)	Run tests	2026-09-11T21:05:06.2517810Z === RUN   TestMTUDiscovererReset
Unit tests (macos, Go 1.27.x)	Run tests	2026-09-11T21:05:06.2517970Z === RUN   TestMTUDiscovererReset/probe_on_old_path_acknowledged
Unit tests (macos, Go 1.27.x)	Run tests	2026-09-11T21:05:06.2518090Z === RUN   TestMTUDiscovererReset/probe_on_old_path_lost
Unit tests (macos, Go 1.27.x)	Run tests	2026-09-11T21:05:06.2518200Z --- PASS: TestMTUDiscovererReset (0.00s)
Unit tests (macos, Go 1.27.x)	Run tests	2026-09-11T21:05:06.2518480Z     --- PASS: TestMTUDiscovererReset/probe_on_old_path_acknowledged (0.00s)
Unit tests (macos, Go 1.27.x)	Run tests	2026-09-11T21:05:06.2518730Z     --- PASS: TestMTUDiscovererReset/probe_on_old_path_lost (0.00s)
Unit tests (macos, Go 1.27.x)	Run tests	2026-09-11T21:05:06.2518850Z === RUN   TestHandshakeMTUFallbackPhaseAndPath
Unit tests (macos, Go 1.27.x)	Run tests	2026-09-11T21:05:06.2518990Z --- PASS: TestHandshakeMTUFallbackPhaseAndPath (0.00s)
Unit tests (macos, Go 1.27.x)	Run tests	2026-09-11T21:05:06.2519110Z === RUN   TestEmissionResultRecoveryOutcome
Unit tests (macos, Go 1.27.x)	Run tests	2026-09-11T21:05:06.2519270Z === RUN   TestEmissionResultRecoveryOutcome/gso=false/congestion
Unit tests (macos, Go 1.27.x)	Run tests	2026-09-11T21:05:06.2519440Z === RUN   TestEmissionResultRecoveryOutcome/gso=false/hard_blocked
Unit tests (macos, Go 1.27.x)	Run tests	2026-09-11T21:05:06.2519580Z === RUN   TestEmissionResultRecoveryOutcome/gso=false/pacing
Unit tests (macos, Go 1.27.x)	Run tests	2026-09-11T21:05:06.2519750Z === RUN   TestEmissionResultRecoveryOutcome/gso=false/probe_pending
Unit tests (macos, Go 1.27.x)	Run tests	2026-09-11T21:05:06.2519910Z === RUN   TestEmissionResultRecoveryOutcome/gso=true/congestion
Unit tests (macos, Go 1.27.x)	Run tests	2026-09-11T21:05:06.2520090Z === RUN   TestEmissionResultRecoveryOutcome/gso=true/hard_blocked
Unit tests (macos, Go 1.27.x)	Run tests	2026-09-11T21:05:06.2520240Z === RUN   TestEmissionResultRecoveryOutcome/gso=true/pacing
Unit tests (macos, Go 1.27.x)	Run tests	2026-09-11T21:05:06.2520400Z === RUN   TestEmissionResultRecoveryOutcome/gso=true/probe_pending
Unit tests (macos, Go 1.27.x)	Run tests	2026-09-11T21:05:06.2520550Z --- PASS: TestEmissionResultRecoveryOutcome (0.00s)
Unit tests (macos, Go 1.27.x)	Run tests	2026-09-11T21:05:06.2520890Z     --- PASS: TestEmissionResultRecoveryOutcome/gso=false/congestion (0.00s)
Unit tests (macos, Go 1.27.x)	Run tests	2026-09-11T21:05:06.2521570Z     --- PASS: TestEmissionResultRecoveryOutcome/gso=false/hard_blocked (0.00s)
Unit tests (macos, Go 1.27.x)	Run tests	2026-09-11T21:05:06.2521860Z     --- PASS: TestEmissionResultRecoveryOutcome/gso=false/pacing (0.00s)
Unit tests (macos, Go 1.27.x)	Run tests	2026-09-11T21:05:06.2522520Z     --- PASS: TestEmissionResultRecoveryOutcome/gso=false/probe_pending (0.00s)
Unit tests (macos, Go 1.27.x)	Run tests	2026-09-11T21:05:06.2522820Z     --- PASS: TestEmissionResultRecoveryOutcome/gso=true/congestion (0.00s)
Unit tests (macos, Go 1.27.x)	Run tests	2026-09-11T21:05:06.2523120Z     --- PASS: TestEmissionResultRecoveryOutcome/gso=true/hard_blocked (0.00s)
Unit tests (macos, Go 1.27.x)	Run tests	2026-09-11T21:05:06.2523400Z     --- PASS: TestEmissionResultRecoveryOutcome/gso=true/pacing (0.00s)
Unit tests (macos, Go 1.27.x)	Run tests	2026-09-11T21:05:06.2523700Z     --- PASS: TestEmissionResultRecoveryOutcome/gso=true/probe_pending (0.00s)
Unit tests (macos, Go 1.27.x)	Run tests	2026-09-11T21:05:06.2523770Z === RUN   TestDial
Unit tests (macos, Go 1.27.x)	Run tests	2026-09-11T21:05:06.2523870Z === RUN   TestDial/Dial
Unit tests (macos, Go 1.27.x)	Run tests	2026-09-11T21:05:06.2523960Z === RUN   TestDial/DialEarly
Unit tests (macos, Go 1.27.x)	Run tests	2026-09-11T21:05:06.2524030Z === RUN   TestDial/DialAddr
Unit tests (macos, Go 1.27.x)	Run tests	2026-09-11T21:05:06.2524310Z     client_test.go:82: 
Unit tests (macos, Go 1.27.x)	Run tests	2026-09-11T21:05:06.2524810Z         	Error Trace:	/Users/runner/work/quic-go-fast/quic-go-fast/client_test.go:82
Unit tests (macos, Go 1.27.x)	Run tests	2026-09-11T21:05:06.2525690Z         	            				/Users/runner/work/quic-go-fast/quic-go-fast/client_test.go:38
Unit tests (macos, Go 1.27.x)	Run tests	2026-09-11T21:05:06.2525930Z         	Error:      	Condition never satisfied
Unit tests (macos, Go 1.27.x)	Run tests	2026-09-11T21:05:06.2526120Z         	Test:       	TestDial/DialAddr
Unit tests (macos, Go 1.27.x)	Run tests	2026-09-11T21:05:06.2526210Z === RUN   TestDial/DialAddrEarly
Unit tests (macos, Go 1.27.x)	Run tests	2026-09-11T21:05:06.2526280Z --- FAIL: TestDial (2.01s)
Unit tests (macos, Go 1.27.x)	Run tests	2026-09-11T21:05:06.2526410Z     --- PASS: TestDial/Dial (0.00s)
Unit tests (macos, Go 1.27.x)	Run tests	2026-09-11T21:05:06.2526550Z     --- PASS: TestDial/DialEarly (0.00s)
Unit tests (macos, Go 1.27.x)	Run tests	2026-09-11T21:05:06.2526680Z     --- FAIL: TestDial/DialAddr (2.00s)
Unit tests (macos, Go 1.27.x)	Run tests	2026-09-11T21:05:06.2526840Z     --- PASS: TestDial/DialAddrEarly (0.00s)
Unit tests (macos, Go 1.27.x)	Run tests	2026-09-11T21:05:06.2526910Z === RUN   TestStreamError
Unit tests (macos, Go 1.27.x)	Run tests	2026-09-11T21:05:06.2527220Z --- PASS: TestStreamError (0.00s)
Unit tests (macos, Go 1.27.x)	Run tests	2026-09-11T21:05:06.2527360Z === RUN   TestDatagramReceiveConcurrentProducerDrainer
Unit tests (macos, Go 1.27.x)	Run tests	2026-09-11T21:05:06.2527540Z --- PASS: TestDatagramReceiveConcurrentProducerDrainer (0.00s)
Unit tests (macos, Go 1.27.x)	Run tests	2026-09-11T21:05:06.2527640Z === RUN   TestOOBReaderAncillaryFailure
Unit tests (macos, Go 1.27.x)	Run tests	2026-09-11T21:05:06.2527760Z === RUN   TestOOBReaderAncillaryFailure/malformed
Unit tests (macos, Go 1.27.x)	Run tests	2026-09-11T21:05:06.2527890Z === RUN   TestOOBReaderAncillaryFailure/invalid_ipv4_tos
Unit tests (macos, Go 1.27.x)	Run tests	2026-09-11T21:05:06.2528040Z === RUN   TestOOBReaderAncillaryFailure/invalid_ipv6_tclass
Unit tests (macos, Go 1.27.x)	Run tests	2026-09-11T21:05:06.2528150Z --- PASS: TestOOBReaderAncillaryFailure (0.00s)
Unit tests (macos, Go 1.27.x)	Run tests	2026-09-11T21:05:06.2528390Z     --- PASS: TestOOBReaderAncillaryFailure/malformed (0.00s)
Unit tests (macos, Go 1.27.x)	Run tests	2026-09-11T21:05:06.2528680Z     --- PASS: TestOOBReaderAncillaryFailure/invalid_ipv4_tos (0.00s)
Unit tests (macos, Go 1.27.x)	Run tests	2026-09-11T21:05:06.2528960Z     --- PASS: TestOOBReaderAncillaryFailure/invalid_ipv6_tclass (0.00s)
Unit tests (macos, Go 1.27.x)	Run tests	2026-09-11T21:05:06.2529070Z === RUN   TestConnectionConnectionIDChanges
Unit tests (macos, Go 1.27.x)	Run tests	2026-09-11T21:05:06.2529230Z === RUN   TestConnectionConnectionIDChanges/with_retry
Unit tests (macos, Go 1.27.x)	Run tests	2026-09-11T21:05:06.2529730Z === RUN   TestConnectionConnectionIDChanges/without_retry
Unit tests (macos, Go 1.27.x)	Run tests	2026-09-11T21:05:06.2530250Z --- PASS: TestConnectionConnectionIDChanges (0.00s)
Unit tests (macos, Go 1.27.x)	Run tests	2026-09-11T21:05:06.2530610Z     --- PASS: TestConnectionConnectionIDChanges/with_retry (0.00s)
Unit tests (macos, Go 1.27.x)	Run tests	2026-09-11T21:05:06.2530870Z     --- PASS: TestConnectionConnectionIDChanges/without_retry (0.00s)
Unit tests (macos, Go 1.27.x)	Run tests	2026-09-11T21:05:06.2530960Z === RUN   TestBufferPoolSizes
Unit tests (macos, Go 1.27.x)	Run tests	2026-09-11T21:05:06.2531060Z --- PASS: TestBufferPoolSizes (0.00s)
Unit tests (macos, Go 1.27.x)	Run tests	2026-09-11T21:05:06.2531140Z === RUN   TestSendConnOOB
Unit tests (macos, Go 1.27.x)	Run tests	2026-09-11T21:05:06.2531230Z --- PASS: TestSendConnOOB (0.00s)
Unit tests (macos, Go 1.27.x)	Run tests	2026-09-11T21:05:06.2531310Z === RUN   TestReceiveStreamBlockRead
Unit tests (macos, Go 1.27.x)	Run tests	2026-09-11T21:05:06.2531420Z --- PASS: TestReceiveStreamBlockRead (0.00s)
Unit tests (macos, Go 1.27.x)	Run tests	2026-09-11T21:05:06.2531560Z === RUN   TestCoalescedRetentionUndecryptableQueueWiring
Unit tests (macos, Go 1.27.x)	Run tests	2026-09-11T21:05:06.2531740Z --- PASS: TestCoalescedRetentionUndecryptableQueueWiring (0.00s)
Unit tests (macos, Go 1.27.x)	Run tests	2026-09-11T21:05:06.2531820Z === RUN   TestPathManagerLimits
Unit tests (macos, Go 1.27.x)	Run tests	2026-09-11T21:05:06.2531920Z --- PASS: TestPathManagerLimits (0.00s)
Unit tests (macos, Go 1.27.x)	Run tests	2026-09-11T21:05:06.2532010Z === RUN   TestServerCreateConnection
Unit tests (macos, Go 1.27.x)	Run tests	2026-09-11T21:05:06.2532140Z === RUN   TestServerCreateConnection/without_retry
Unit tests (macos, Go 1.27.x)	Run tests	2026-09-11T21:05:06.2532250Z === RUN   TestServerCreateConnection/with_retry
Unit tests (macos, Go 1.27.x)	Run tests	2026-09-11T21:05:06.2532360Z --- PASS: TestServerCreateConnection (0.00s)
Unit tests (macos, Go 1.27.x)	Run tests	2026-09-11T21:05:06.2532580Z     --- PASS: TestServerCreateConnection/without_retry (0.00s)
Unit tests (macos, Go 1.27.x)	Run tests	2026-09-11T21:05:06.2532780Z     --- PASS: TestServerCreateConnection/with_retry (0.00s)
Unit tests (macos, Go 1.27.x)	Run tests	2026-09-11T21:05:06.2532880Z === RUN   TestTransportFaultySyscallConn
Unit tests (macos, Go 1.27.x)	Run tests	2026-09-11T21:05:06.2533000Z --- PASS: TestTransportFaultySyscallConn (0.00s)
Unit tests (macos, Go 1.27.x)	Run tests	2026-09-11T21:05:06.2533130Z === RUN   TestPathManagerOutgoingAbandonValidatedPath
Unit tests (macos, Go 1.27.x)	Run tests	2026-09-11T21:05:06.2533300Z --- PASS: TestPathManagerOutgoingAbandonValidatedPath (0.00s)
Unit tests (macos, Go 1.27.x)	Run tests	2026-09-11T21:05:06.2533410Z === RUN   TestStreamsMapIncomingDeletingStreams
Unit tests (macos, Go 1.27.x)	Run tests	2026-09-11T21:05:06.2533550Z === RUN   TestStreamsMapIncomingDeletingStreams/client
Unit tests (macos, Go 1.27.x)	Run tests	2026-09-11T21:05:06.2542170Z === RUN   TestStreamsMapIncomingDeletingStreams/server
Unit tests (macos, Go 1.27.x)	Run tests	2026-09-11T21:05:06.2542450Z --- PASS: TestStreamsMapIncomingDeletingStreams (0.00s)
Unit tests (macos, Go 1.27.x)	Run tests	2026-09-11T21:05:06.2543040Z     --- PASS: TestStreamsMapIncomingDeletingStreams/client (0.00s)
Unit tests (macos, Go 1.27.x)	Run tests	2026-09-11T21:05:06.2543280Z     --- PASS: TestStreamsMapIncomingDeletingStreams/server (0.00s)
Unit tests (macos, Go 1.27.x)	Run tests	2026-09-11T21:05:06.2543420Z === RUN   TestTransportQueueLifetimeConcurrentReaders
Unit tests (macos, Go 1.27.x)	Run tests	2026-09-11T21:05:06.2543810Z --- PASS: TestTransportQueueLifetimeConcurrentReaders (0.00s)
Unit tests (macos, Go 1.27.x)	Run tests	2026-09-11T21:05:06.2543990Z === RUN   TestServerBudgetDropIsNotReportedAsQueueFull
Unit tests (macos, Go 1.27.x)	Run tests	2026-09-11T21:05:06.2544170Z --- PASS: TestServerBudgetDropIsNotReportedAsQueueFull (0.00s)
Unit tests (macos, Go 1.27.x)	Run tests	2026-09-11T21:05:06.2544250Z === RUN   TestServerRetry
Unit tests (macos, Go 1.27.x)	Run tests	2026-09-11T21:05:06.2544340Z --- PASS: TestServerRetry (0.00s)
Unit tests (macos, Go 1.27.x)	Run tests	2026-09-11T21:05:06.2544460Z === RUN   TestSendStreamResetStreamAtRandomized
Unit tests (macos, Go 1.27.x)	Run tests	2026-09-11T21:05:06.2544840Z     send_stream_test.go:1813: reliable offset: 109
Unit tests (macos, Go 1.27.x)	Run tests	2026-09-11T21:05:06.2545340Z     send_stream_test.go:1922: highest received offset: 6894
Unit tests (macos, Go 1.27.x)	Run tests	2026-09-11T21:05:06.2546130Z --- PASS: TestSendStreamResetStreamAtRandomized (0.00s)
Unit tests (macos, Go 1.27.x)	Run tests	2026-09-11T21:05:06.2546320Z === RUN   TestReceiveStreamFinalSizeCallbackAfterCancelRead
Unit tests (macos, Go 1.27.x)	Run tests	2026-09-11T21:05:06.2546520Z --- PASS: TestReceiveStreamFinalSizeCallbackAfterCancelRead (0.00s)
Unit tests (macos, Go 1.27.x)	Run tests	2026-09-11T21:05:06.2546630Z === RUN   TestDatagramReceiveOverflowFIFO
Unit tests (macos, Go 1.27.x)	Run tests	2026-09-11T21:05:06.2546790Z --- PASS: TestDatagramReceiveOverflowFIFO (0.00s)
Unit tests (macos, Go 1.27.x)	Run tests	2026-09-11T21:05:06.2546910Z === RUN   TestAckConstructorEmptyLifetime
Unit tests (macos, Go 1.27.x)	Run tests	2026-09-11T21:05:06.2547070Z --- PASS: TestAckConstructorEmptyLifetime (0.00s)
Unit tests (macos, Go 1.27.x)	Run tests	2026-09-11T21:05:06.2547160Z === RUN   TestTokenStoreEviction
Unit tests (macos, Go 1.27.x)	Run tests	2026-09-11T21:05:06.2547250Z --- PASS: TestTokenStoreEviction (0.00s)
Unit tests (macos, Go 1.27.x)	Run tests	2026-09-11T21:05:06.2547410Z === RUN   TestConnectionDatagramOverflowPacketReuse
Unit tests (macos, Go 1.27.x)	Run tests	2026-09-11T21:05:06.2547580Z --- PASS: TestConnectionDatagramOverflowPacketReuse (0.00s)
Unit tests (macos, Go 1.27.x)	Run tests	2026-09-11T21:05:06.2547670Z === RUN   TestStreamWindowUpdate
Unit tests (macos, Go 1.27.x)	Run tests	2026-09-11T21:05:06.2547770Z --- PASS: TestStreamWindowUpdate (0.00s)
Unit tests (macos, Go 1.27.x)	Run tests	2026-09-11T21:05:06.2547850Z === RUN   TestFramer0RTTRejection
Unit tests (macos, Go 1.27.x)	Run tests	2026-09-11T21:05:06.2547950Z --- PASS: TestFramer0RTTRejection (0.00s)
Unit tests (macos, Go 1.27.x)	Run tests	2026-09-11T21:05:06.2548070Z === RUN   TestInitialCryptoStreamClientStatic
Unit tests (macos, Go 1.27.x)	Run tests	2026-09-11T21:05:06.2548200Z --- PASS: TestInitialCryptoStreamClientStatic (0.00s)
Unit tests (macos, Go 1.27.x)	Run tests	2026-09-11T21:05:06.2548320Z === RUN   TestConnectionHandleStreamRelatedFrames
Unit tests (macos, Go 1.27.x)	Run tests	2026-09-11T21:05:06.2548520Z === RUN   TestConnectionHandleStreamRelatedFrames/RESET_STREAM
Unit tests (macos, Go 1.27.x)	Run tests	2026-09-11T21:05:06.2548710Z === RUN   TestConnectionHandleStreamRelatedFrames/STOP_SENDING
Unit tests (macos, Go 1.27.x)	Run tests	2026-09-11T21:05:06.2548880Z === RUN   TestConnectionHandleStreamRelatedFrames/MAX_STREAM_DATA
Unit tests (macos, Go 1.27.x)	Run tests	2026-09-11T21:05:06.2549380Z === RUN   TestConnectionHandleStreamRelatedFrames/STREAM_DATA_BLOCKED
Unit tests (macos, Go 1.27.x)	Run tests	2026-09-11T21:05:06.2549870Z === RUN   TestConnectionHandleStreamRelatedFrames/STREAM_FRAME
Unit tests (macos, Go 1.27.x)	Run tests	2026-09-11T21:05:06.2550040Z --- PASS: TestConnectionHandleStreamRelatedFrames (0.00s)
Unit tests (macos, Go 1.27.x)	Run tests	2026-09-11T21:05:06.2550740Z     --- PASS: TestConnectionHandleStreamRelatedFrames/RESET_STREAM (0.00s)
Unit tests (macos, Go 1.27.x)	Run tests	2026-09-11T21:05:06.2551050Z     --- PASS: TestConnectionHandleStreamRelatedFrames/STOP_SENDING (0.00s)
Unit tests (macos, Go 1.27.x)	Run tests	2026-09-11T21:05:06.2551380Z     --- PASS: TestConnectionHandleStreamRelatedFrames/MAX_STREAM_DATA (0.00s)
Unit tests (macos, Go 1.27.x)	Run tests	2026-09-11T21:05:06.2552090Z     --- PASS: TestConnectionHandleStreamRelatedFrames/STREAM_DATA_BLOCKED (0.00s)
Unit tests (macos, Go 1.27.x)	Run tests	2026-09-11T21:05:06.2552890Z     --- PASS: TestConnectionHandleStreamRelatedFrames/STREAM_FRAME (0.00s)
Unit tests (macos, Go 1.27.x)	Run tests	2026-09-11T21:05:06.2553070Z === RUN   TestDatagramTooLargeError
Unit tests (macos, Go 1.27.x)	Run tests	2026-09-11T21:05:06.2553380Z --- PASS: TestDatagramTooLargeError (0.00s)
Unit tests (macos, Go 1.27.x)	Run tests	2026-09-11T21:05:06.2553540Z === RUN   TestTransportErrFromConn
Unit tests (macos, Go 1.27.x)	Run tests	2026-09-11T21:05:06.2553690Z --- PASS: TestTransportErrFromConn (0.00s)
Unit tests (macos, Go 1.27.x)	Run tests	2026-09-11T21:05:06.2553800Z === RUN   TestEmissionDirectProbe
Unit tests (macos, Go 1.27.x)	Run tests	2026-09-11T21:05:06.2553960Z === RUN   TestEmissionDirectProbe/server/success
Unit tests (macos, Go 1.27.x)	Run tests	2026-09-11T21:05:06.2554110Z === RUN   TestEmissionDirectProbe/server/write-error
Unit tests (macos, Go 1.27.x)	Run tests	2026-09-11T21:05:06.2554240Z === RUN   TestEmissionDirectProbe/client/success
Unit tests (macos, Go 1.27.x)	Run tests	2026-09-11T21:05:06.2554370Z === RUN   TestEmissionDirectProbe/client/write-error
Unit tests (macos, Go 1.27.x)	Run tests	2026-09-11T21:05:06.2554480Z --- PASS: TestEmissionDirectProbe (0.00s)
Unit tests (macos, Go 1.27.x)	Run tests	2026-09-11T21:05:06.2555290Z     --- PASS: TestEmissionDirectProbe/server/success (0.00s)
Unit tests (macos, Go 1.27.x)	Run tests	2026-09-11T21:05:06.2555610Z     --- PASS: TestEmissionDirectProbe/server/write-error (0.00s)
Unit tests (macos, Go 1.27.x)	Run tests	2026-09-11T21:05:06.2555850Z     --- PASS: TestEmissionDirectProbe/client/success (0.00s)
Unit tests (macos, Go 1.27.x)	Run tests	2026-09-11T21:05:06.2556730Z     --- PASS: TestEmissionDirectProbe/client/write-error (0.00s)
Unit tests (macos, Go 1.27.x)	Run tests	2026-09-11T21:05:06.2557030Z === RUN   TestConnIDGeneratorRetiring
Unit tests (macos, Go 1.27.x)	Run tests	2026-09-11T21:05:06.2557360Z --- PASS: TestConnIDGeneratorRetiring (0.00s)
Unit tests (macos, Go 1.27.x)	Run tests	2026-09-11T21:05:06.2557650Z === RUN   TestConnIDManagerAddConnIDs
Unit tests (macos, Go 1.27.x)	Run tests	2026-09-11T21:05:06.2557980Z --- PASS: TestConnIDManagerAddConnIDs (0.00s)
Unit tests (macos, Go 1.27.x)	Run tests	2026-09-11T21:05:06.2558370Z === RUN   TestTransportQueueLifetimeNonQUICPending
Unit tests (macos, Go 1.27.x)	Run tests	2026-09-11T21:05:06.2558560Z --- PASS: TestTransportQueueLifetimeNonQUICPending (0.00s)
Unit tests (macos, Go 1.27.x)	Run tests	2026-09-11T21:05:06.2558850Z === RUN   TestStreamSendWindow
Unit tests (macos, Go 1.27.x)	Run tests	2026-09-11T21:05:06.2558970Z --- PASS: TestStreamSendWindow (0.00s)
Unit tests (macos, Go 1.27.x)	Run tests	2026-09-11T21:05:06.2559110Z === RUN   TestFramerDetectsFramePathResponseDoS
Unit tests (macos, Go 1.27.x)	Run tests	2026-09-11T21:05:06.2559280Z --- PASS: TestFramerDetectsFramePathResponseDoS (0.00s)
Unit tests (macos, Go 1.27.x)	Run tests	2026-09-11T21:05:06.2559520Z === RUN   TestServerQueueDropsOversizedViewWhenBudgetExhausted
Unit tests (macos, Go 1.27.x)	Run tests	2026-09-11T21:05:06.2559750Z --- PASS: TestServerQueueDropsOversizedViewWhenBudgetExhausted (0.00s)
Unit tests (macos, Go 1.27.x)	Run tests	2026-09-11T21:05:06.2560300Z === RUN   TestSendStreamLargeTryWriteAll
Unit tests (macos, Go 1.27.x)	Run tests	2026-09-11T21:05:06.2560450Z --- PASS: TestSendStreamLargeTryWriteAll (0.00s)
Unit tests (macos, Go 1.27.x)	Run tests	2026-09-11T21:05:06.2560630Z === RUN   TestSendStreamResetStreamAtStopSendingAfterCancelation
Unit tests (macos, Go 1.27.x)	Run tests	2026-09-11T21:05:06.2560870Z === RUN   TestSendStreamResetStreamAtStopSendingAfterCancelation/RESET_STREAM_AT_lost
Unit tests (macos, Go 1.27.x)	Run tests	2026-09-11T21:05:06.2561210Z === RUN   TestSendStreamResetStreamAtStopSendingAfterCancelation/RESET_STREAM_AT_acknowledged
Unit tests (macos, Go 1.27.x)	Run tests	2026-09-11T21:05:06.2561470Z --- PASS: TestSendStreamResetStreamAtStopSendingAfterCancelation (0.00s)
Unit tests (macos, Go 1.27.x)	Run tests	2026-09-11T21:05:06.2561890Z     --- PASS: TestSendStreamResetStreamAtStopSendingAfterCancelation/RESET_STREAM_AT_lost (0.00s)
Unit tests (macos, Go 1.27.x)	Run tests	2026-09-11T21:05:06.2562330Z     --- PASS: TestSendStreamResetStreamAtStopSendingAfterCancelation/RESET_STREAM_AT_acknowledged (0.00s)
Unit tests (macos, Go 1.27.x)	Run tests	2026-09-11T21:05:06.2562480Z === RUN   TestOOBReaderBatchProgressionAndCleanup
Unit tests (macos, Go 1.27.x)	Run tests	2026-09-11T21:05:06.2562850Z     sys_conn_oob_lifetime_test.go:72: short/full batches require the Linux batched adapter
Unit tests (macos, Go 1.27.x)	Run tests	2026-09-11T21:05:06.2563020Z --- SKIP: TestOOBReaderBatchProgressionAndCleanup (0.00s)
Unit tests (macos, Go 1.27.x)	Run tests	2026-09-11T21:05:06.2563130Z === RUN   TestFramerMinStreamFrameSize
Unit tests (macos, Go 1.27.x)	Run tests	2026-09-11T21:05:06.2563240Z --- PASS: TestFramerMinStreamFrameSize (0.00s)
Unit tests (macos, Go 1.27.x)	Run tests	2026-09-11T21:05:06.2563360Z === RUN   TestConnectionWindowAutoTuningNotAllowed
Unit tests (macos, Go 1.27.x)	Run tests	2026-09-11T21:05:06.2563530Z --- PASS: TestConnectionWindowAutoTuningNotAllowed (0.00s)
Unit tests (macos, Go 1.27.x)	Run tests	2026-09-11T21:05:06.2563650Z === RUN   TestServerGetConfigForClientAccept
Unit tests (macos, Go 1.27.x)	Run tests	2026-09-11T21:05:06.2563780Z --- PASS: TestServerGetConfigForClientAccept (0.00s)
Unit tests (macos, Go 1.27.x)	Run tests	2026-09-11T21:05:06.2563900Z === RUN   TestPathManagerOutgoingRetransmissions
Unit tests (macos, Go 1.27.x)	Run tests	2026-09-11T21:05:06.2564100Z     path_manager_outgoing_test.go:287: took 5ms
Unit tests (macos, Go 1.27.x)	Run tests	2026-09-11T21:05:06.2564590Z     path_manager_outgoing_test.go:287: took 10ms
Unit tests (macos, Go 1.27.x)	Run tests	2026-09-11T21:05:06.2564800Z     path_manager_outgoing_test.go:287: took 20ms
Unit tests (macos, Go 1.27.x)	Run tests	2026-09-11T21:05:06.2565800Z --- PASS: TestPathManagerOutgoingRetransmissions (0.00s)
Unit tests (macos, Go 1.27.x)	Run tests	2026-09-11T21:05:06.2566170Z === RUN   TestPackPathProbePacket
Unit tests (macos, Go 1.27.x)	Run tests	2026-09-11T21:05:06.2566280Z --- PASS: TestPackPathProbePacket (0.00s)
Unit tests (macos, Go 1.27.x)	Run tests	2026-09-11T21:05:06.2566430Z === RUN   TestReceiveStreamCancelReadAbandonsUnreadData
Unit tests (macos, Go 1.27.x)	Run tests	2026-09-11T21:05:06.2566600Z --- PASS: TestReceiveStreamCancelReadAbandonsUnreadData (0.00s)
Unit tests (macos, Go 1.27.x)	Run tests	2026-09-11T21:05:06.2566700Z === RUN   TestSendStreamPriorityGeneration
Unit tests (macos, Go 1.27.x)	Run tests	2026-09-11T21:05:06.2566830Z --- PASS: TestSendStreamPriorityGeneration (0.00s)
Unit tests (macos, Go 1.27.x)	Run tests	2026-09-11T21:05:06.2566930Z === RUN   TestServerZeroRTTLifetimeTransfer
Unit tests (macos, Go 1.27.x)	Run tests	2026-09-11T21:05:06.2567050Z --- PASS: TestServerZeroRTTLifetimeTransfer (0.00s)
Unit tests (macos, Go 1.27.x)	Run tests	2026-09-11T21:05:06.2567190Z === RUN   TestConnectionStatePathCapabilities
Unit tests (macos, Go 1.27.x)	Run tests	2026-09-11T21:05:06.2567520Z     connection_probe_emission_test.go:214: GSO is not supported on this platform
Unit tests (macos, Go 1.27.x)	Run tests	2026-09-11T21:05:06.2567840Z --- SKIP: TestConnectionStatePathCapabilities (0.00s)
Unit tests (macos, Go 1.27.x)	Run tests	2026-09-11T21:05:06.2567930Z === RUN   TestFindSNIWithECH
Unit tests (macos, Go 1.27.x)	Run tests	2026-09-11T21:05:06.2568020Z --- PASS: TestFindSNIWithECH (0.00s)
Unit tests (macos, Go 1.27.x)	Run tests	2026-09-11T21:05:06.2568140Z === RUN   TestStreamsMapHandleReceiveStreamFrames
Unit tests (macos, Go 1.27.x)	Run tests	2026-09-11T21:05:06.2568280Z === RUN   TestStreamsMapHandleReceiveStreamFrames/client
Unit tests (macos, Go 1.27.x)	Run tests	2026-09-11T21:05:06.2568460Z === RUN   TestStreamsMapHandleReceiveStreamFrames/client/STREAM_frame
Unit tests (macos, Go 1.27.x)	Run tests	2026-09-11T21:05:06.2568690Z === RUN   TestStreamsMapHandleReceiveStreamFrames/client/STREAM_DATA_BLOCKED_frame
Unit tests (macos, Go 1.27.x)	Run tests	2026-09-11T21:05:06.2568890Z === RUN   TestStreamsMapHandleReceiveStreamFrames/client/RESET_STREAM_frame
Unit tests (macos, Go 1.27.x)	Run tests	2026-09-11T21:05:06.2569030Z === RUN   TestStreamsMapHandleReceiveStreamFrames/server
Unit tests (macos, Go 1.27.x)	Run tests	2026-09-11T21:05:06.2569210Z === RUN   TestStreamsMapHandleReceiveStreamFrames/server/STREAM_frame
Unit tests (macos, Go 1.27.x)	Run tests	2026-09-11T21:05:06.2569520Z === RUN   TestStreamsMapHandleReceiveStreamFrames/server/STREAM_DATA_BLOCKED_frame
Unit tests (macos, Go 1.27.x)	Run tests	2026-09-11T21:05:06.2569720Z === RUN   TestStreamsMapHandleReceiveStreamFrames/server/RESET_STREAM_frame
Unit tests (macos, Go 1.27.x)	Run tests	2026-09-11T21:05:06.2569880Z --- PASS: TestStreamsMapHandleReceiveStreamFrames (0.00s)
Unit tests (macos, Go 1.27.x)	Run tests	2026-09-11T21:05:06.2570130Z     --- PASS: TestStreamsMapHandleReceiveStreamFrames/client (0.00s)
Unit tests (macos, Go 1.27.x)	Run tests	2026-09-11T21:05:06.2570570Z         --- PASS: TestStreamsMapHandleReceiveStreamFrames/client/STREAM_frame (0.00s)
Unit tests (macos, Go 1.27.x)	Run tests	2026-09-11T21:05:06.2571090Z         --- PASS: TestStreamsMapHandleReceiveStreamFrames/client/STREAM_DATA_BLOCKED_frame (0.00s)
Unit tests (macos, Go 1.27.x)	Run tests	2026-09-11T21:05:06.2571560Z         --- PASS: TestStreamsMapHandleReceiveStreamFrames/client/RESET_STREAM_frame (0.00s)
Unit tests (macos, Go 1.27.x)	Run tests	2026-09-11T21:05:06.2571830Z     --- PASS: TestStreamsMapHandleReceiveStreamFrames/server (0.00s)
Unit tests (macos, Go 1.27.x)	Run tests	2026-09-11T21:05:06.2572270Z         --- PASS: TestStreamsMapHandleReceiveStreamFrames/server/STREAM_frame (0.00s)
Unit tests (macos, Go 1.27.x)	Run tests	2026-09-11T21:05:06.2572790Z         --- PASS: TestStreamsMapHandleReceiveStreamFrames/server/STREAM_DATA_BLOCKED_frame (0.00s)
Unit tests (macos, Go 1.27.x)	Run tests	2026-09-11T21:05:06.2574540Z         --- PASS: TestStreamsMapHandleReceiveStreamFrames/server/RESET_STREAM_frame (0.00s)
Unit tests (macos, Go 1.27.x)	Run tests	2026-09-11T21:05:06.2574630Z === RUN   TestListen
Unit tests (macos, Go 1.27.x)	Run tests	2026-09-11T21:05:06.2574710Z --- PASS: TestListen (0.01s)
Unit tests (macos, Go 1.27.x)	Run tests	2026-09-11T21:05:06.2574810Z === RUN   TestEmissionCoalescedHandshake
Unit tests (macos, Go 1.27.x)	Run tests	2026-09-11T21:05:06.2574920Z === RUN   TestEmissionCoalescedHandshake/server
Unit tests (macos, Go 1.27.x)	Run tests	2026-09-11T21:05:06.2575040Z === RUN   TestEmissionCoalescedHandshake/client
Unit tests (macos, Go 1.27.x)	Run tests	2026-09-11T21:05:06.2575150Z --- PASS: TestEmissionCoalescedHandshake (0.00s)
Unit tests (macos, Go 1.27.x)	Run tests	2026-09-11T21:05:06.2575360Z     --- PASS: TestEmissionCoalescedHandshake/server (0.00s)
Unit tests (macos, Go 1.27.x)	Run tests	2026-09-11T21:05:06.2575580Z     --- PASS: TestEmissionCoalescedHandshake/client (0.00s)
Unit tests (macos, Go 1.27.x)	Run tests	2026-09-11T21:05:06.2575690Z === RUN   TestConnectionTransportParameters
Unit tests (macos, Go 1.27.x)	Run tests	2026-09-11T21:05:06.2575820Z --- PASS: TestConnectionTransportParameters (0.00s)
Unit tests (macos, Go 1.27.x)	Run tests	2026-09-11T21:05:06.2575910Z === RUN   TestUnpackHeaderDecryption
Unit tests (macos, Go 1.27.x)	Run tests	2026-09-11T21:05:06.2576360Z --- PASS: TestUnpackHeaderDecryption (0.00s)
Unit tests (macos, Go 1.27.x)	Run tests	2026-09-11T21:05:06.2576880Z === RUN   TestServerReceiveQueue
Unit tests (macos, Go 1.27.x)	Run tests	2026-09-11T21:05:06.2577010Z --- PASS: TestServerReceiveQueue (0.01s)
Unit tests (macos, Go 1.27.x)	Run tests	2026-09-11T21:05:06.2577150Z === RUN   TestNonQUICQueueDoesNotPinCoalescedSlab
Unit tests (macos, Go 1.27.x)	Run tests	2026-09-11T21:05:06.2577300Z --- PASS: TestNonQUICQueueDoesNotPinCoalescedSlab (0.00s)
Unit tests (macos, Go 1.27.x)	Run tests	2026-09-11T21:05:06.2577420Z === RUN   TestTransportAndDialConcurrentClose
Unit tests (macos, Go 1.27.x)	Run tests	2026-09-11T21:05:06.2577580Z --- PASS: TestTransportAndDialConcurrentClose (0.00s)
Unit tests (macos, Go 1.27.x)	Run tests	2026-09-11T21:05:06.2577680Z === RUN   TestFramerFillPacketOneStream
Unit tests (macos, Go 1.27.x)	Run tests	2026-09-11T21:05:06.2577790Z --- PASS: TestFramerFillPacketOneStream (0.02s)
Unit tests (macos, Go 1.27.x)	Run tests	2026-09-11T21:05:06.2577880Z === RUN   TestPackConnectionClose1RTT
Unit tests (macos, Go 1.27.x)	Run tests	2026-09-11T21:05:06.2577990Z --- PASS: TestPackConnectionClose1RTT (0.00s)
Unit tests (macos, Go 1.27.x)	Run tests	2026-09-11T21:05:06.2578130Z === RUN   TestFramerUpdatesStreamRetransmissionPriority
Unit tests (macos, Go 1.27.x)	Run tests	2026-09-11T21:05:06.2578320Z --- PASS: TestFramerUpdatesStreamRetransmissionPriority (0.00s)
Unit tests (macos, Go 1.27.x)	Run tests	2026-09-11T21:05:06.2579250Z === RUN   TestTransportQueueLifetimeReset
Unit tests (macos, Go 1.27.x)	Run tests	2026-09-11T21:05:06.2579400Z --- PASS: TestTransportQueueLifetimeReset (0.00s)
Unit tests (macos, Go 1.27.x)	Run tests	2026-09-11T21:05:06.2579850Z === RUN   TestReceiveStreamFinalSizeCallbackAfterFIN
Unit tests (macos, Go 1.27.x)	Run tests	2026-09-11T21:05:06.2580030Z --- PASS: TestReceiveStreamFinalSizeCallbackAfterFIN (0.00s)
Unit tests (macos, Go 1.27.x)	Run tests	2026-09-11T21:05:06.2580170Z === RUN   TestEmissionConstructionStartHandshakeError
Unit tests (macos, Go 1.27.x)	Run tests	2026-09-11T21:05:06.2580520Z --- PASS: TestEmissionConstructionStartHandshakeError (0.00s)
Unit tests (macos, Go 1.27.x)	Run tests	2026-09-11T21:05:06.2580730Z === RUN   TestReceiveStreamResetAfterFINRead
Unit tests (macos, Go 1.27.x)	Run tests	2026-09-11T21:05:06.2580900Z --- PASS: TestReceiveStreamResetAfterFINRead (0.00s)
Unit tests (macos, Go 1.27.x)	Run tests	2026-09-11T21:05:06.2581000Z === RUN   TestConnectionLoggingAckFrame
Unit tests (macos, Go 1.27.x)	Run tests	2026-09-11T21:05:06.2581110Z --- PASS: TestConnectionLoggingAckFrame (0.00s)
Unit tests (macos, Go 1.27.x)	Run tests	2026-09-11T21:05:06.2581230Z === RUN   TestSendStreamWriteData
Unit tests (macos, Go 1.27.x)	Run tests	2026-09-11T21:05:06.2581390Z --- PASS: TestSendStreamWriteData (0.00s)
Unit tests (macos, Go 1.27.x)	Run tests	2026-09-11T21:05:06.2581520Z === RUN   TestReceiveStreamCloseForShutdown
Unit tests (macos, Go 1.27.x)	Run tests	2026-09-11T21:05:06.2582190Z --- PASS: TestReceiveStreamCloseForShutdown (0.00s)
Unit tests (macos, Go 1.27.x)	Run tests	2026-09-11T21:05:06.2582480Z === RUN   TestSendStreamCancellation
Unit tests (macos, Go 1.27.x)	Run tests	2026-09-11T21:05:06.2582640Z --- PASS: TestSendStreamCancellation (0.00s)
Unit tests (macos, Go 1.27.x)	Run tests	2026-09-11T21:05:06.2582800Z === RUN   TestReceiveStreamResetAbandonsUnreadData
Unit tests (macos, Go 1.27.x)	Run tests	2026-09-11T21:05:06.2582980Z --- PASS: TestReceiveStreamResetAbandonsUnreadData (0.00s)
Unit tests (macos, Go 1.27.x)	Run tests	2026-09-11T21:05:06.2583110Z === RUN   TestPackLongHeaderPadToAtLeast4Bytes
Unit tests (macos, Go 1.27.x)	Run tests	2026-09-11T21:05:06.2583250Z --- PASS: TestPackLongHeaderPadToAtLeast4Bytes (0.00s)
Unit tests (macos, Go 1.27.x)	Run tests	2026-09-11T21:05:06.2583340Z === RUN   TestReadECNFlagsIPv4
Unit tests (macos, Go 1.27.x)	Run tests	2026-09-11T21:05:06.2583750Z --- PASS: TestReadECNFlagsIPv4 (0.00s)
Unit tests (macos, Go 1.27.x)	Run tests	2026-09-11T21:05:06.2583950Z === RUN   TestEmissionECNBatchBoundary
Unit tests (macos, Go 1.27.x)	Run tests	2026-09-11T21:05:06.2584400Z --- PASS: TestEmissionECNBatchBoundary (0.00s)
Unit tests (macos, Go 1.27.x)	Run tests	2026-09-11T21:05:06.2585090Z === RUN   TestTransportReplaceWithClosed
Unit tests (macos, Go 1.27.x)	Run tests	2026-09-11T21:05:06.2585530Z === RUN   TestTransportReplaceWithClosed/local
Unit tests (macos, Go 1.27.x)	Run tests	2026-09-11T21:05:06.2586910Z     transport_test.go:737: sent 220 packets, received 8 CONNECTION_CLOSE copies
Unit tests (macos, Go 1.27.x)	Run tests	2026-09-11T21:05:06.2587220Z === RUN   TestTransportReplaceWithClosed/remote
Unit tests (macos, Go 1.27.x)	Run tests	2026-09-11T21:05:06.2587440Z     transport_test.go:734: sent 221 packets
Unit tests (macos, Go 1.27.x)	Run tests	2026-09-11T21:05:06.2587590Z --- PASS: TestTransportReplaceWithClosed (0.00s)
Unit tests (macos, Go 1.27.x)	Run tests	2026-09-11T21:05:06.2587810Z     --- PASS: TestTransportReplaceWithClosed/local (0.00s)
Unit tests (macos, Go 1.27.x)	Run tests	2026-09-11T21:05:06.2588010Z     --- PASS: TestTransportReplaceWithClosed/remote (0.00s)
Unit tests (macos, Go 1.27.x)	Run tests	2026-09-11T21:05:06.2588120Z === RUN   TestConnectionUnpackFailureDropped
Unit tests (macos, Go 1.27.x)	Run tests	2026-09-11T21:05:06.2589130Z === RUN   TestConnectionUnpackFailureDropped/keys_dropped
Unit tests (macos, Go 1.27.x)	Run tests	2026-09-11T21:05:06.2589500Z === RUN   TestConnectionUnpackFailureDropped/decryption_failed
Unit tests (macos, Go 1.27.x)	Run tests	2026-09-11T21:05:06.2590110Z === RUN   TestConnectionUnpackFailureDropped/header_parse_error
Unit tests (macos, Go 1.27.x)	Run tests	2026-09-11T21:05:06.2590310Z --- PASS: TestConnectionUnpackFailureDropped (0.00s)
Unit tests (macos, Go 1.27.x)	Run tests	2026-09-11T21:05:06.2590590Z     --- PASS: TestConnectionUnpackFailureDropped/keys_dropped (0.00s)
Unit tests (macos, Go 1.27.x)	Run tests	2026-09-11T21:05:06.2590870Z     --- PASS: TestConnectionUnpackFailureDropped/decryption_failed (0.00s)
Unit tests (macos, Go 1.27.x)	Run tests	2026-09-11T21:05:06.2591350Z     --- PASS: TestConnectionUnpackFailureDropped/header_parse_error (0.00s)
Unit tests (macos, Go 1.27.x)	Run tests	2026-09-11T21:05:06.2591480Z === RUN   TestSendStreamUpdateSendWindow
Unit tests (macos, Go 1.27.x)	Run tests	2026-09-11T21:05:06.2591600Z --- PASS: TestSendStreamUpdateSendWindow (0.00s)
Unit tests (macos, Go 1.27.x)	Run tests	2026-09-11T21:05:06.2591710Z === RUN   TestPack1RTTPacketNothingToSend
Unit tests (macos, Go 1.27.x)	Run tests	2026-09-11T21:05:06.2591830Z --- PASS: TestPack1RTTPacketNothingToSend (0.00s)
Unit tests (macos, Go 1.27.x)	Run tests	2026-09-11T21:05:06.2591920Z === RUN   TestMTUDiscovererCompletion
Unit tests (macos, Go 1.27.x)	Run tests	2026-09-11T21:05:06.2592040Z === RUN   TestMTUDiscovererCompletion/after_0_losses
Unit tests (macos, Go 1.27.x)	Run tests	2026-09-11T21:05:06.2592290Z === RUN   TestMTUDiscovererCompletion/after_2_losses
Unit tests (macos, Go 1.27.x)	Run tests	2026-09-11T21:05:06.2592430Z --- PASS: TestMTUDiscovererCompletion (0.00s)
Unit tests (macos, Go 1.27.x)	Run tests	2026-09-11T21:05:06.2593130Z     --- PASS: TestMTUDiscovererCompletion/after_0_losses (0.00s)
Unit tests (macos, Go 1.27.x)	Run tests	2026-09-11T21:05:06.2593590Z     --- PASS: TestMTUDiscovererCompletion/after_2_losses (0.00s)
Unit tests (macos, Go 1.27.x)	Run tests	2026-09-11T21:05:06.2593730Z === RUN   TestServerZeroRTTLifetimeAdmission
Unit tests (macos, Go 1.27.x)	Run tests	2026-09-11T21:05:06.2593870Z === RUN   TestServerZeroRTTLifetimeAdmission/datagrams
Unit tests (macos, Go 1.27.x)	Run tests	2026-09-11T21:05:06.2594000Z === RUN   TestServerZeroRTTLifetimeAdmission/groups
Unit tests (macos, Go 1.27.x)	Run tests	2026-09-11T21:05:06.2594270Z --- PASS: TestServerZeroRTTLifetimeAdmission (0.00s)
Unit tests (macos, Go 1.27.x)	Run tests	2026-09-11T21:05:06.2594710Z     --- PASS: TestServerZeroRTTLifetimeAdmission/datagrams (0.00s)
Unit tests (macos, Go 1.27.x)	Run tests	2026-09-11T21:05:06.2595940Z     --- PASS: TestServerZeroRTTLifetimeAdmission/groups (0.00s)
Unit tests (macos, Go 1.27.x)	Run tests	2026-09-11T21:05:06.2596060Z === RUN   TestSendPacketsWithECNOnIPv6
Unit tests (macos, Go 1.27.x)	Run tests	2026-09-11T21:05:06.2596200Z --- PASS: TestSendPacketsWithECNOnIPv6 (0.00s)
Unit tests (macos, Go 1.27.x)	Run tests	2026-09-11T21:05:06.2596310Z === RUN   TestFramerDetectsFrameDoS
Unit tests (macos, Go 1.27.x)	Run tests	2026-09-11T21:05:06.2596420Z --- PASS: TestFramerDetectsFrameDoS (0.02s)
Unit tests (macos, Go 1.27.x)	Run tests	2026-09-11T21:05:06.2596530Z === RUN   TestConnectionPacketBuffering
Unit tests (macos, Go 1.27.x)	Run tests	2026-09-11T21:05:06.2596830Z --- PASS: TestConnectionPacketBuffering (0.00s)
Unit tests (macos, Go 1.27.x)	Run tests	2026-09-11T21:05:06.2596990Z === RUN   TestReceiveStreamDeadlineInThePast
Unit tests (macos, Go 1.27.x)	Run tests	2026-09-11T21:05:06.2597130Z === RUN   TestReceiveStreamDeadlineInThePast/read
Unit tests (macos, Go 1.27.x)	Run tests	2026-09-11T21:05:06.2597540Z === RUN   TestReceiveStreamDeadlineInThePast/peek
Unit tests (macos, Go 1.27.x)	Run tests	2026-09-11T21:05:06.2597700Z --- PASS: TestReceiveStreamDeadlineInThePast (0.00s)
Unit tests (macos, Go 1.27.x)	Run tests	2026-09-11T21:05:06.2597960Z     --- PASS: TestReceiveStreamDeadlineInThePast/read (0.00s)
Unit tests (macos, Go 1.27.x)	Run tests	2026-09-11T21:05:06.2598190Z     --- PASS: TestReceiveStreamDeadlineInThePast/peek (0.00s)
Unit tests (macos, Go 1.27.x)	Run tests	2026-09-11T21:05:06.2598280Z === RUN   TestConnectionIdleTimeout
Unit tests (macos, Go 1.27.x)	Run tests	2026-09-11T21:05:06.2598390Z --- PASS: TestConnectionIdleTimeout (0.00s)
Unit tests (macos, Go 1.27.x)	Run tests	2026-09-11T21:05:06.2598480Z === RUN   TestTokenStoreSingleOrigin
Unit tests (macos, Go 1.27.x)	Run tests	2026-09-11T21:05:06.2598580Z --- PASS: TestTokenStoreSingleOrigin (0.00s)
Unit tests (macos, Go 1.27.x)	Run tests	2026-09-11T21:05:06.2598690Z === RUN   TestSendStreamStopSendingAfterWrite
Unit tests (macos, Go 1.27.x)	Run tests	2026-09-11T21:05:06.2598840Z === RUN   TestSendStreamStopSendingAfterWrite/complete_by_Write
Unit tests (macos, Go 1.27.x)	Run tests	2026-09-11T21:05:06.2599020Z === RUN   TestSendStreamStopSendingAfterWrite/complete_by_Close
Unit tests (macos, Go 1.27.x)	Run tests	2026-09-11T21:05:06.2599200Z === RUN   TestSendStreamStopSendingAfterWrite/complete_by_CancelWrite
Unit tests (macos, Go 1.27.x)	Run tests	2026-09-11T21:05:06.2599340Z --- PASS: TestSendStreamStopSendingAfterWrite (0.00s)
Unit tests (macos, Go 1.27.x)	Run tests	2026-09-11T21:05:06.2599630Z     --- PASS: TestSendStreamStopSendingAfterWrite/complete_by_Write (0.00s)
Unit tests (macos, Go 1.27.x)	Run tests	2026-09-11T21:05:06.2599920Z     --- PASS: TestSendStreamStopSendingAfterWrite/complete_by_Close (0.00s)
Unit tests (macos, Go 1.27.x)	Run tests	2026-09-11T21:05:06.2600230Z     --- PASS: TestSendStreamStopSendingAfterWrite/complete_by_CancelWrite (0.00s)
Unit tests (macos, Go 1.27.x)	Run tests	2026-09-11T21:05:06.2600310Z === RUN   TestUnpackErrors
Unit tests (macos, Go 1.27.x)	Run tests	2026-09-11T21:05:06.2600400Z --- PASS: TestUnpackErrors (0.00s)
Unit tests (macos, Go 1.27.x)	Run tests	2026-09-11T21:05:06.2600480Z === RUN   TestServer0RTTQueueing
Unit tests (macos, Go 1.27.x)	Run tests	2026-09-11T21:05:06.2600580Z --- PASS: TestServer0RTTQueueing (0.02s)
Unit tests (macos, Go 1.27.x)	Run tests	2026-09-11T21:05:06.2600710Z === RUN   TestPathManagerIntentionalMigration
Unit tests (macos, Go 1.27.x)	Run tests	2026-09-11T21:05:06.2600860Z --- PASS: TestPathManagerIntentionalMigration (0.00s)
Unit tests (macos, Go 1.27.x)	Run tests	2026-09-11T21:05:06.2600980Z === RUN   TestSendQueueSendOnePacket
Unit tests (macos, Go 1.27.x)	Run tests	2026-09-11T21:05:06.2601100Z --- PASS: TestSendQueueSendOnePacket (0.00s)
Unit tests (macos, Go 1.27.x)	Run tests	2026-09-11T21:05:06.2601220Z === RUN   TestReceiveStreamBlockPeek
Unit tests (macos, Go 1.27.x)	Run tests	2026-09-11T21:05:06.2601600Z === RUN   TestReceiveStreamBlockPeek/single_STREAM_frame
Unit tests (macos, Go 1.27.x)	Run tests	2026-09-11T21:05:06.2601970Z === RUN   TestReceiveStreamBlockPeek/multiple_STREAM_frames
Unit tests (macos, Go 1.27.x)	Run tests	2026-09-11T21:05:06.2602100Z --- PASS: TestReceiveStreamBlockPeek (0.00s)
Unit tests (macos, Go 1.27.x)	Run tests	2026-09-11T21:05:06.2602360Z     --- PASS: TestReceiveStreamBlockPeek/single_STREAM_frame (0.00s)
Unit tests (macos, Go 1.27.x)	Run tests	2026-09-11T21:05:06.2602680Z     --- PASS: TestReceiveStreamBlockPeek/multiple_STREAM_frames (0.00s)
Unit tests (macos, Go 1.27.x)	Run tests	2026-09-11T21:05:06.2602800Z === RUN   TestEmissionMTUProbe
Unit tests (macos, Go 1.27.x)	Run tests	2026-09-11T21:05:06.2603110Z === RUN   TestEmissionMTUProbe/success
Unit tests (macos, Go 1.27.x)	Run tests	2026-09-11T21:05:06.2603290Z === RUN   TestEmissionMTUProbe/write-error
Unit tests (macos, Go 1.27.x)	Run tests	2026-09-11T21:05:06.2603420Z --- PASS: TestEmissionMTUProbe (0.00s)
Unit tests (macos, Go 1.27.x)	Run tests	2026-09-11T21:05:06.2603640Z     --- PASS: TestEmissionMTUProbe/success (0.00s)
Unit tests (macos, Go 1.27.x)	Run tests	2026-09-11T21:05:06.2603900Z     --- PASS: TestEmissionMTUProbe/write-error (0.00s)
Unit tests (macos, Go 1.27.x)	Run tests	2026-09-11T21:05:06.2604180Z === RUN   TestSendStreamImmediateClose
Unit tests (macos, Go 1.27.x)	Run tests	2026-09-11T21:05:06.2604390Z --- PASS: TestSendStreamImmediateClose (0.00s)
Unit tests (macos, Go 1.27.x)	Run tests	2026-09-11T21:05:06.2604570Z === RUN   TestStreamsMapOutgoingConcurrentOpenStreamSync
Unit tests (macos, Go 1.27.x)	Run tests	2026-09-11T21:05:06.2605530Z --- PASS: TestStreamsMapOutgoingConcurrentOpenStreamSync (0.00s)
Unit tests (macos, Go 1.27.x)	Run tests	2026-09-11T21:05:06.2605810Z === RUN   TestSendConnDetectGSOFailure
Unit tests (macos, Go 1.27.x)	Run tests	2026-09-11T21:05:06.2606500Z     send_conn_test.go:57: GSO is not supported on this platform
Unit tests (macos, Go 1.27.x)	Run tests	2026-09-11T21:05:06.2606630Z --- SKIP: TestSendConnDetectGSOFailure (0.00s)
Unit tests (macos, Go 1.27.x)	Run tests	2026-09-11T21:05:06.2606770Z === RUN   TestServerQueueDoesNotPinCoalescedSlab
Unit tests (macos, Go 1.27.x)	Run tests	2026-09-11T21:05:06.2606950Z --- PASS: TestServerQueueDoesNotPinCoalescedSlab (0.00s)
Unit tests (macos, Go 1.27.x)	Run tests	2026-09-11T21:05:06.2607110Z === RUN   TestCryptoStreamDataAssembly
Unit tests (macos, Go 1.27.x)	Run tests	2026-09-11T21:05:06.2607270Z --- PASS: TestCryptoStreamDataAssembly (0.00s)
Unit tests (macos, Go 1.27.x)	Run tests	2026-09-11T21:05:06.2607390Z === RUN   TestPackMTUProbePacket
Unit tests (macos, Go 1.27.x)	Run tests	2026-09-11T21:05:06.2607490Z --- PASS: TestPackMTUProbePacket (0.00s)
Unit tests (macos, Go 1.27.x)	Run tests	2026-09-11T21:05:06.2607590Z === RUN   TestPathManagerMultipleProbes
Unit tests (macos, Go 1.27.x)	Run tests	2026-09-11T21:05:06.2607740Z --- PASS: TestPathManagerMultipleProbes (0.00s)
Unit tests (macos, Go 1.27.x)	Run tests	2026-09-11T21:05:06.2607860Z === RUN   TestPackLargeDatagramFrame
Unit tests (macos, Go 1.27.x)	Run tests	2026-09-11T21:05:06.2608110Z --- PASS: TestPackLargeDatagramFrame (0.00s)
Unit tests (macos, Go 1.27.x)	Run tests	2026-09-11T21:05:06.2608220Z === RUN   TestStreamConnectionWindowUpdate
Unit tests (macos, Go 1.27.x)	Run tests	2026-09-11T21:05:06.2608370Z --- PASS: TestStreamConnectionWindowUpdate (0.00s)
Unit tests (macos, Go 1.27.x)	Run tests	2026-09-11T21:05:06.2608490Z === RUN   TestSendStreamLargeWriteBlocking
Unit tests (macos, Go 1.27.x)	Run tests	2026-09-11T21:05:06.2608610Z --- PASS: TestSendStreamLargeWriteBlocking (0.00s)
Unit tests (macos, Go 1.27.x)	Run tests	2026-09-11T21:05:06.2608720Z === RUN   TestConnectionEarlyClose
Unit tests (macos, Go 1.27.x)	Run tests	2026-09-11T21:05:06.2608830Z --- PASS: TestConnectionEarlyClose (0.00s)
Unit tests (macos, Go 1.27.x)	Run tests	2026-09-11T21:05:06.2608980Z === RUN   TestFramerPacksSinglePathResponsePerPacket
Unit tests (macos, Go 1.27.x)	Run tests	2026-09-11T21:05:06.2609170Z --- PASS: TestFramerPacksSinglePathResponsePerPacket (0.00s)
Unit tests (macos, Go 1.27.x)	Run tests	2026-09-11T21:05:06.2609310Z === RUN   TestSendQueueHandshakeMTUEligibility
Unit tests (macos, Go 1.27.x)	Run tests	2026-09-11T21:05:06.2609470Z === RUN   TestSendQueueHandshakeMTUEligibility/handshake
Unit tests (macos, Go 1.27.x)	Run tests	2026-09-11T21:05:06.2609610Z === RUN   TestSendQueueHandshakeMTUEligibility/success
Unit tests (macos, Go 1.27.x)	Run tests	2026-09-11T21:05:06.2609760Z === RUN   TestSendQueueHandshakeMTUEligibility/other_error
Unit tests (macos, Go 1.27.x)	Run tests	2026-09-11T21:05:06.2609960Z === RUN   TestSendQueueHandshakeMTUEligibility/unmarked_or_PMTU_probe
Unit tests (macos, Go 1.27.x)	Run tests	2026-09-11T21:05:06.2610110Z === RUN   TestSendQueueHandshakeMTUEligibility/GSO
Unit tests (macos, Go 1.27.x)	Run tests	2026-09-11T21:05:06.2610270Z === RUN   TestSendQueueHandshakeMTUEligibility/minimum
Unit tests (macos, Go 1.27.x)	Run tests	2026-09-11T21:05:06.2610420Z === RUN   TestSendQueueHandshakeMTUEligibility/subminimum
Unit tests (macos, Go 1.27.x)	Run tests	2026-09-11T21:05:06.2610580Z --- PASS: TestSendQueueHandshakeMTUEligibility (0.00s)
Unit tests (macos, Go 1.27.x)	Run tests	2026-09-11T21:05:06.2610860Z     --- PASS: TestSendQueueHandshakeMTUEligibility/handshake (0.00s)
Unit tests (macos, Go 1.27.x)	Run tests	2026-09-11T21:05:06.2611140Z     --- PASS: TestSendQueueHandshakeMTUEligibility/success (0.00s)
Unit tests (macos, Go 1.27.x)	Run tests	2026-09-11T21:05:06.2611600Z     --- PASS: TestSendQueueHandshakeMTUEligibility/other_error (0.00s)
Unit tests (macos, Go 1.27.x)	Run tests	2026-09-11T21:05:06.2611990Z     --- PASS: TestSendQueueHandshakeMTUEligibility/unmarked_or_PMTU_probe (0.00s)
Unit tests (macos, Go 1.27.x)	Run tests	2026-09-11T21:05:06.2612260Z     --- PASS: TestSendQueueHandshakeMTUEligibility/GSO (0.00s)
Unit tests (macos, Go 1.27.x)	Run tests	2026-09-11T21:05:06.2612570Z     --- PASS: TestSendQueueHandshakeMTUEligibility/minimum (0.00s)
Unit tests (macos, Go 1.27.x)	Run tests	2026-09-11T21:05:06.2612950Z     --- PASS: TestSendQueueHandshakeMTUEligibility/subminimum (0.00s)
Unit tests (macos, Go 1.27.x)	Run tests	2026-09-11T21:05:06.2613090Z === RUN   TestPack0RTTPacketNoACK
Unit tests (macos, Go 1.27.x)	Run tests	2026-09-11T21:05:06.2613200Z --- PASS: TestPack0RTTPacketNoACK (0.00s)
Unit tests (macos, Go 1.27.x)	Run tests	2026-09-11T21:05:06.2613310Z === RUN   TestSendStreamWriteWithLimit
Unit tests (macos, Go 1.27.x)	Run tests	2026-09-11T21:05:06.2613460Z --- PASS: TestSendStreamWriteWithLimit (0.00s)
Unit tests (macos, Go 1.27.x)	Run tests	2026-09-11T21:05:06.2613600Z === RUN   TestConnectionPacketPacing
Unit tests (macos, Go 1.27.x)	Run tests	2026-09-11T21:05:06.2613780Z === RUN   TestConnectionPacketPacing/concurrent_wakeup
Unit tests (macos, Go 1.27.x)	Run tests	2026-09-11T21:05:06.2613950Z === RUN   TestConnectionPacketPacing/wakeup_while_paced
Unit tests (macos, Go 1.27.x)	Run tests	2026-09-11T21:05:06.2614130Z === RUN   TestConnectionPacketPacing/early_exit_while_paced
Unit tests (macos, Go 1.27.x)	Run tests	2026-09-11T21:05:06.2614250Z --- PASS: TestConnectionPacketPacing (0.00s)
Unit tests (macos, Go 1.27.x)	Run tests	2026-09-11T21:05:06.2614550Z     --- PASS: TestConnectionPacketPacing/concurrent_wakeup (0.00s)
Unit tests (macos, Go 1.27.x)	Run tests	2026-09-11T21:05:06.2614870Z     --- PASS: TestConnectionPacketPacing/wakeup_while_paced (0.00s)
Unit tests (macos, Go 1.27.x)	Run tests	2026-09-11T21:05:06.2615180Z     --- PASS: TestConnectionPacketPacing/early_exit_while_paced (0.00s)
Unit tests (macos, Go 1.27.x)	Run tests	2026-09-11T21:05:06.2615290Z === RUN   TestCryptoStreamMaxOffset
Unit tests (macos, Go 1.27.x)	Run tests	2026-09-11T21:05:06.2615420Z --- PASS: TestCryptoStreamMaxOffset (0.00s)
Unit tests (macos, Go 1.27.x)	Run tests	2026-09-11T21:05:06.2615670Z === RUN   TestRetransmissionQueueCryptoFrames
Unit tests (macos, Go 1.27.x)	Run tests	2026-09-11T21:05:06.2615800Z === RUN   TestRetransmissionQueueCryptoFrames/Initial
Unit tests (macos, Go 1.27.x)	Run tests	2026-09-11T21:05:06.2615940Z === RUN   TestRetransmissionQueueCryptoFrames/Handshake
Unit tests (macos, Go 1.27.x)	Run tests	2026-09-11T21:05:06.2616070Z === RUN   TestRetransmissionQueueCryptoFrames/1-RTT
Unit tests (macos, Go 1.27.x)	Run tests	2026-09-11T21:05:06.2616210Z --- PASS: TestRetransmissionQueueCryptoFrames (0.00s)
Unit tests (macos, Go 1.27.x)	Run tests	2026-09-11T21:05:06.2616720Z     --- PASS: TestRetransmissionQueueCryptoFrames/Initial (0.00s)
Unit tests (macos, Go 1.27.x)	Run tests	2026-09-11T21:05:06.2617420Z     --- PASS: TestRetransmissionQueueCryptoFrames/Handshake (0.00s)
Unit tests (macos, Go 1.27.x)	Run tests	2026-09-11T21:05:06.2617860Z     --- PASS: TestRetransmissionQueueCryptoFrames/1-RTT (0.00s)
Unit tests (macos, Go 1.27.x)	Run tests	2026-09-11T21:05:06.2618000Z === RUN   TestConnectionSendQueue
Unit tests (macos, Go 1.27.x)	Run tests	2026-09-11T21:05:06.2618140Z === RUN   TestConnectionSendQueue/with_GSO
Unit tests (macos, Go 1.27.x)	Run tests	2026-09-11T21:05:06.2623100Z === RUN   TestConnectionSendQueue/without_GSO
Unit tests (macos, Go 1.27.x)	Run tests	2026-09-11T21:05:06.2623220Z --- PASS: TestConnectionSendQueue (0.00s)
Unit tests (macos, Go 1.27.x)	Run tests	2026-09-11T21:05:06.2623430Z     --- PASS: TestConnectionSendQueue/with_GSO (0.00s)
Unit tests (macos, Go 1.27.x)	Run tests	2026-09-11T21:05:06.2623780Z     --- PASS: TestConnectionSendQueue/without_GSO (0.00s)
Unit tests (macos, Go 1.27.x)	Run tests	2026-09-11T21:05:06.2623950Z === RUN   TestReceiveStreamFlowControlUpdates
Unit tests (macos, Go 1.27.x)	Run tests	2026-09-11T21:05:06.2624090Z === RUN   TestReceiveStreamFlowControlUpdates/stream
Unit tests (macos, Go 1.27.x)	Run tests	2026-09-11T21:05:06.2624240Z === RUN   TestReceiveStreamFlowControlUpdates/connection
Unit tests (macos, Go 1.27.x)	Run tests	2026-09-11T21:05:06.2624380Z --- PASS: TestReceiveStreamFlowControlUpdates (0.00s)
Unit tests (macos, Go 1.27.x)	Run tests	2026-09-11T21:05:06.2624620Z     --- PASS: TestReceiveStreamFlowControlUpdates/stream (0.00s)
Unit tests (macos, Go 1.27.x)	Run tests	2026-09-11T21:05:06.2624940Z     --- PASS: TestReceiveStreamFlowControlUpdates/connection (0.00s)
Unit tests (macos, Go 1.27.x)	Run tests	2026-09-11T21:05:06.2625120Z === RUN   TestCoalescedRoutingUnknownCIDStatelessReset
Unit tests (macos, Go 1.27.x)	Run tests	2026-09-11T21:05:06.2625310Z === RUN   TestCoalescedRoutingUnknownCIDStatelessReset/reset_queued
Unit tests (macos, Go 1.27.x)	Run tests	2026-09-11T21:05:06.2625540Z === RUN   TestCoalescedRoutingUnknownCIDStatelessReset/dropped_without_reset_key
Unit tests (macos, Go 1.27.x)	Run tests	2026-09-11T21:05:06.2625720Z --- PASS: TestCoalescedRoutingUnknownCIDStatelessReset (0.00s)
Unit tests (macos, Go 1.27.x)	Run tests	2026-09-11T21:05:06.2626040Z     --- PASS: TestCoalescedRoutingUnknownCIDStatelessReset/reset_queued (0.00s)
Unit tests (macos, Go 1.27.x)	Run tests	2026-09-11T21:05:06.2626510Z     --- PASS: TestCoalescedRoutingUnknownCIDStatelessReset/dropped_without_reset_key (0.00s)
Unit tests (macos, Go 1.27.x)	Run tests	2026-09-11T21:05:06.2626730Z === RUN   TestStreamsMapOutgoingRandomizedOpenStreamSync
Unit tests (macos, Go 1.27.x)	Run tests	2026-09-11T21:05:06.2627030Z     streams_map_outgoing_test.go:420: setting stream limit to 7
Unit tests (macos, Go 1.27.x)	Run tests	2026-09-11T21:05:06.2629390Z     streams_map_outgoing_test.go:420: setting stream limit to 71
Unit tests (macos, Go 1.27.x)	Run tests	2026-09-11T21:05:06.2630460Z     streams_map_outgoing_test.go:420: setting stream limit to 83
Unit tests (macos, Go 1.27.x)	Run tests	2026-09-11T21:05:06.2632080Z     streams_map_outgoing_test.go:420: setting stream limit to 139
Unit tests (macos, Go 1.27.x)	Run tests	2026-09-11T21:05:06.2632600Z     streams_map_outgoing_test.go:420: setting stream limit to 147
Unit tests (macos, Go 1.27.x)	Run tests	2026-09-11T21:05:06.2633030Z     streams_map_outgoing_test.go:420: setting stream limit to 191
Unit tests (macos, Go 1.27.x)	Run tests	2026-09-11T21:05:06.2633410Z     streams_map_outgoing_test.go:420: setting stream limit to 243
Unit tests (macos, Go 1.27.x)	Run tests	2026-09-11T21:05:06.2634200Z     streams_map_outgoing_test.go:420: setting stream limit to 255
Unit tests (macos, Go 1.27.x)	Run tests	2026-09-11T21:05:06.2634560Z     streams_map_outgoing_test.go:420: setting stream limit to 295
Unit tests (macos, Go 1.27.x)	Run tests	2026-09-11T21:05:06.2634860Z     streams_map_outgoing_test.go:420: setting stream limit to 315
Unit tests (macos, Go 1.27.x)	Run tests	2026-09-11T21:05:06.2635160Z     streams_map_outgoing_test.go:420: setting stream limit to 383
Unit tests (macos, Go 1.27.x)	Run tests	2026-09-11T21:05:06.2635430Z     streams_map_outgoing_test.go:420: setting stream limit to 395
Unit tests (macos, Go 1.27.x)	Run tests	2026-09-11T21:05:06.2635750Z     streams_map_outgoing_test.go:420: setting stream limit to 407
Unit tests (macos, Go 1.27.x)	Run tests	2026-09-11T21:05:06.2636010Z --- PASS: TestStreamsMapOutgoingRandomizedOpenStreamSync (0.00s)
Unit tests (macos, Go 1.27.x)	Run tests	2026-09-11T21:05:06.2636140Z === RUN   TestConnectionServerInvalidFrames
Unit tests (macos, Go 1.27.x)	Run tests	2026-09-11T21:05:06.2636280Z === RUN   TestConnectionServerInvalidFrames/NEW_TOKEN
Unit tests (macos, Go 1.27.x)	Run tests	2026-09-11T21:05:06.2636440Z === RUN   TestConnectionServerInvalidFrames/HANDSHAKE_DONE
Unit tests (macos, Go 1.27.x)	Run tests	2026-09-11T21:05:06.2636640Z === RUN   TestConnectionServerInvalidFrames/PATH_RESPONSE
Unit tests (macos, Go 1.27.x)	Run tests	2026-09-11T21:05:06.2636810Z --- PASS: TestConnectionServerInvalidFrames (0.00s)
Unit tests (macos, Go 1.27.x)	Run tests	2026-09-11T21:05:06.2637490Z     --- PASS: TestConnectionServerInvalidFrames/NEW_TOKEN (0.00s)
Unit tests (macos, Go 1.27.x)	Run tests	2026-09-11T21:05:06.2637760Z     --- PASS: TestConnectionServerInvalidFrames/HANDSHAKE_DONE (0.00s)
Unit tests (macos, Go 1.27.x)	Run tests	2026-09-11T21:05:06.2638020Z     --- PASS: TestConnectionServerInvalidFrames/PATH_RESPONSE (0.00s)
Unit tests (macos, Go 1.27.x)	Run tests	2026-09-11T21:05:06.2638130Z === RUN   TestCoalescedRoutingShortTailSegment
Unit tests (macos, Go 1.27.x)	Run tests	2026-09-11T21:05:06.2638280Z --- PASS: TestCoalescedRoutingShortTailSegment (0.00s)
Unit tests (macos, Go 1.27.x)	Run tests	2026-09-11T21:05:06.2638450Z === RUN   TestStreamsMapOutgoingOpenStreamSyncCancel
Unit tests (macos, Go 1.27.x)	Run tests	2026-09-11T21:05:06.2638640Z --- PASS: TestStreamsMapOutgoingOpenStreamSyncCancel (0.00s)
Unit tests (macos, Go 1.27.x)	Run tests	2026-09-11T21:05:06.2638800Z === RUN   TestReceiveStreamResetStreamAtAfterReadOffset
Unit tests (macos, Go 1.27.x)	Run tests	2026-09-11T21:05:06.2638970Z --- PASS: TestReceiveStreamResetStreamAtAfterReadOffset (0.00s)
Unit tests (macos, Go 1.27.x)	Run tests	2026-09-11T21:05:06.2639120Z === RUN   TestSendStreamLargeTryWriteAllCancellationLifetime
Unit tests (macos, Go 1.27.x)	Run tests	2026-09-11T21:05:06.2639550Z === RUN   TestSendStreamLargeTryWriteAllCancellationLifetime/reliable=0
Unit tests (macos, Go 1.27.x)	Run tests	2026-09-11T21:05:06.2639750Z === RUN   TestSendStreamLargeTryWriteAllCancellationLifetime/reliable=40
Unit tests (macos, Go 1.27.x)	Run tests	2026-09-11T21:05:06.2639960Z === RUN   TestSendStreamLargeTryWriteAllCancellationLifetime/reliable=32768
Unit tests (macos, Go 1.27.x)	Run tests	2026-09-11T21:05:06.2640150Z --- PASS: TestSendStreamLargeTryWriteAllCancellationLifetime (0.00s)
Unit tests (macos, Go 1.27.x)	Run tests	2026-09-11T21:05:06.2640490Z     --- PASS: TestSendStreamLargeTryWriteAllCancellationLifetime/reliable=0 (0.00s)
Unit tests (macos, Go 1.27.x)	Run tests	2026-09-11T21:05:06.2640820Z     --- PASS: TestSendStreamLargeTryWriteAllCancellationLifetime/reliable=40 (0.00s)
Unit tests (macos, Go 1.27.x)	Run tests	2026-09-11T21:05:06.2643750Z     --- PASS: TestSendStreamLargeTryWriteAllCancellationLifetime/reliable=32768 (0.00s)
Unit tests (macos, Go 1.27.x)	Run tests	2026-09-11T21:05:06.2644150Z === RUN   TestSendStreamSetup
Unit tests (macos, Go 1.27.x)	Run tests	2026-09-11T21:05:06.2644410Z --- PASS: TestSendStreamSetup (0.00s)
Unit tests (macos, Go 1.27.x)	Run tests	2026-09-11T21:05:06.2644640Z === RUN   TestPackLongHeaders
Unit tests (macos, Go 1.27.x)	Run tests	2026-09-11T21:05:06.2645080Z === RUN   TestPackLongHeaders/with_Handshake_ACK
Unit tests (macos, Go 1.27.x)	Run tests	2026-09-11T21:05:06.2645440Z === RUN   TestPackLongHeaders/without_Handshake_ACK
Unit tests (macos, Go 1.27.x)	Run tests	2026-09-11T21:05:06.2645850Z --- PASS: TestPackLongHeaders (0.00s)
Unit tests (macos, Go 1.27.x)	Run tests	2026-09-11T21:05:06.2646600Z     --- PASS: TestPackLongHeaders/with_Handshake_ACK (0.00s)
Unit tests (macos, Go 1.27.x)	Run tests	2026-09-11T21:05:06.2647260Z     --- PASS: TestPackLongHeaders/without_Handshake_ACK (0.00s)
Unit tests (macos, Go 1.27.x)	Run tests	2026-09-11T21:05:06.2647590Z === RUN   TestSetupFailurePreservesCallerSocket
Unit tests (macos, Go 1.27.x)	Run tests	2026-09-11T21:05:06.2648100Z === RUN   TestSetupFailurePreservesCallerSocket/Dial
Unit tests (macos, Go 1.27.x)	Run tests	2026-09-11T21:05:06.2648610Z === RUN   TestSetupFailurePreservesCallerSocket/Dial/TLS_configuration
Unit tests (macos, Go 1.27.x)	Run tests	2026-09-11T21:05:06.2649180Z === RUN   TestSetupFailurePreservesCallerSocket/Dial/QUIC_configuration
Unit tests (macos, Go 1.27.x)	Run tests	2026-09-11T21:05:06.2649540Z === RUN   TestSetupFailurePreservesCallerSocket/DialEarly
Unit tests (macos, Go 1.27.x)	Run tests	2026-09-11T21:05:06.2650050Z === RUN   TestSetupFailurePreservesCallerSocket/DialEarly/TLS_configuration
Unit tests (macos, Go 1.27.x)	Run tests	2026-09-11T21:05:06.2650560Z === RUN   TestSetupFailurePreservesCallerSocket/DialEarly/QUIC_configuration
Unit tests (macos, Go 1.27.x)	Run tests	2026-09-11T21:05:06.2651130Z === RUN   TestSetupFailurePreservesCallerSocket/Listen
Unit tests (macos, Go 1.27.x)	Run tests	2026-09-11T21:05:06.2651620Z === RUN   TestSetupFailurePreservesCallerSocket/Listen/TLS_configuration
Unit tests (macos, Go 1.27.x)	Run tests	2026-09-11T21:05:06.2652300Z === RUN   TestSetupFailurePreservesCallerSocket/Listen/QUIC_configuration
Unit tests (macos, Go 1.27.x)	Run tests	2026-09-11T21:05:06.2652680Z === RUN   TestSetupFailurePreservesCallerSocket/ListenEarly
Unit tests (macos, Go 1.27.x)	Run tests	2026-09-11T21:05:06.2653400Z === RUN   TestSetupFailurePreservesCallerSocket/ListenEarly/TLS_configuration
Unit tests (macos, Go 1.27.x)	Run tests	2026-09-11T21:05:06.2653960Z === RUN   TestSetupFailurePreservesCallerSocket/ListenEarly/QUIC_configuration
Unit tests (macos, Go 1.27.x)	Run tests	2026-09-11T21:05:06.2654730Z --- PASS: TestSetupFailurePreservesCallerSocket (0.00s)
Unit tests (macos, Go 1.27.x)	Run tests	2026-09-11T21:05:06.2655320Z     --- PASS: TestSetupFailurePreservesCallerSocket/Dial (0.00s)
Unit tests (macos, Go 1.27.x)	Run tests	2026-09-11T21:05:06.2656270Z         --- PASS: TestSetupFailurePreservesCallerSocket/Dial/TLS_configuration (0.00s)
Unit tests (macos, Go 1.27.x)	Run tests	2026-09-11T21:05:06.2657020Z         --- PASS: TestSetupFailurePreservesCallerSocket/Dial/QUIC_configuration (0.00s)
Unit tests (macos, Go 1.27.x)	Run tests	2026-09-11T21:05:06.2657340Z     --- PASS: TestSetupFailurePreservesCallerSocket/DialEarly (0.00s)
Unit tests (macos, Go 1.27.x)	Run tests	2026-09-11T21:05:06.2657800Z         --- PASS: TestSetupFailurePreservesCallerSocket/DialEarly/TLS_configuration (0.00s)
Unit tests (macos, Go 1.27.x)	Run tests	2026-09-11T21:05:06.2658910Z         --- PASS: TestSetupFailurePreservesCallerSocket/DialEarly/QUIC_configuration (0.00s)
Unit tests (macos, Go 1.27.x)	Run tests	2026-09-11T21:05:06.2659180Z     --- PASS: TestSetupFailurePreservesCallerSocket/Listen (0.00s)
Unit tests (macos, Go 1.27.x)	Run tests	2026-09-11T21:05:06.2659640Z         --- PASS: TestSetupFailurePreservesCallerSocket/Listen/TLS_configuration (0.00s)
Unit tests (macos, Go 1.27.x)	Run tests	2026-09-11T21:05:06.2660130Z         --- PASS: TestSetupFailurePreservesCallerSocket/Listen/QUIC_configuration (0.00s)
Unit tests (macos, Go 1.27.x)	Run tests	2026-09-11T21:05:06.2660440Z     --- PASS: TestSetupFailurePreservesCallerSocket/ListenEarly (0.00s)
Unit tests (macos, Go 1.27.x)	Run tests	2026-09-11T21:05:06.2660900Z         --- PASS: TestSetupFailurePreservesCallerSocket/ListenEarly/TLS_configuration (0.00s)
Unit tests (macos, Go 1.27.x)	Run tests	2026-09-11T21:05:06.2661370Z         --- PASS: TestSetupFailurePreservesCallerSocket/ListenEarly/QUIC_configuration (0.00s)
Unit tests (macos, Go 1.27.x)	Run tests	2026-09-11T21:05:06.2661710Z === RUN   TestConnIDGeneratorReplaceWithClosed
Unit tests (macos, Go 1.27.x)	Run tests	2026-09-11T21:05:06.2661960Z === RUN   TestConnIDGeneratorReplaceWithClosed/with_initial_client_destination_connection_ID
Unit tests (macos, Go 1.27.x)	Run tests	2026-09-11T21:05:06.2662240Z === RUN   TestConnIDGeneratorReplaceWithClosed/without_initial_client_destination_connection_ID
Unit tests (macos, Go 1.27.x)	Run tests	2026-09-11T21:05:06.2662380Z --- PASS: TestConnIDGeneratorReplaceWithClosed (0.00s)
Unit tests (macos, Go 1.27.x)	Run tests	2026-09-11T21:05:06.2662810Z     --- PASS: TestConnIDGeneratorReplaceWithClosed/with_initial_client_destination_connection_ID (0.00s)
Unit tests (macos, Go 1.27.x)	Run tests	2026-09-11T21:05:06.2663240Z     --- PASS: TestConnIDGeneratorReplaceWithClosed/without_initial_client_destination_connection_ID (0.00s)
Unit tests (macos, Go 1.27.x)	Run tests	2026-09-11T21:05:06.2663360Z === RUN   TestPathManagerOutgoingPathProbing
Unit tests (macos, Go 1.27.x)	Run tests	2026-09-11T21:05:06.2663490Z --- PASS: TestPathManagerOutgoingPathProbing (0.00s)
Unit tests (macos, Go 1.27.x)	Run tests	2026-09-11T21:05:06.2663650Z === RUN   TestReceiveStreamResetStreamAtAfterResetStream
Unit tests (macos, Go 1.27.x)	Run tests	2026-09-11T21:05:06.2663840Z --- PASS: TestReceiveStreamResetStreamAtAfterResetStream (0.00s)
Unit tests (macos, Go 1.27.x)	Run tests	2026-09-11T21:05:06.2664020Z === RUN   TestSendStreamResetStreamAtStopSendingBeforeCancelation
Unit tests (macos, Go 1.27.x)	Run tests	2026-09-11T21:05:06.2664250Z --- PASS: TestSendStreamResetStreamAtStopSendingBeforeCancelation (0.00s)
Unit tests (macos, Go 1.27.x)	Run tests	2026-09-11T21:05:06.2664380Z === RUN   TestConnectionDatagramPacketReuse
Unit tests (macos, Go 1.27.x)	Run tests	2026-09-11T21:05:06.2664550Z === RUN   TestConnectionDatagramPacketReuse/qlog=false
Unit tests (macos, Go 1.27.x)	Run tests	2026-09-11T21:05:06.2664710Z === RUN   TestConnectionDatagramPacketReuse/qlog=true
Unit tests (macos, Go 1.27.x)	Run tests	2026-09-11T21:05:06.2664850Z --- PASS: TestConnectionDatagramPacketReuse (0.00s)
Unit tests (macos, Go 1.27.x)	Run tests	2026-09-11T21:05:06.2665090Z     --- PASS: TestConnectionDatagramPacketReuse/qlog=false (0.00s)
Unit tests (macos, Go 1.27.x)	Run tests	2026-09-11T21:05:06.2665330Z     --- PASS: TestConnectionDatagramPacketReuse/qlog=true (0.00s)
Unit tests (macos, Go 1.27.x)	Run tests	2026-09-11T21:05:06.2665410Z === RUN   TestSendQueueWriteError
Unit tests (macos, Go 1.27.x)	Run tests	2026-09-11T21:05:06.2665510Z --- PASS: TestSendQueueWriteError (0.00s)
Unit tests (macos, Go 1.27.x)	Run tests	2026-09-11T21:05:06.2665610Z === RUN   TestEmissionAckFullQueuePacing
Unit tests (macos, Go 1.27.x)	Run tests	2026-09-11T21:05:06.2665740Z --- PASS: TestEmissionAckFullQueuePacing (0.00s)
Unit tests (macos, Go 1.27.x)	Run tests	2026-09-11T21:05:06.2665900Z === RUN   TestStatelessResetQueueDoesNotPinCoalescedSlab
Unit tests (macos, Go 1.27.x)	Run tests	2026-09-11T21:05:06.2666080Z --- PASS: TestStatelessResetQueueDoesNotPinCoalescedSlab (0.00s)
Unit tests (macos, Go 1.27.x)	Run tests	2026-09-11T21:05:06.2666180Z === RUN   TestConnectionUnpackFailuresFatal
Unit tests (macos, Go 1.27.x)	Run tests	2026-09-11T21:05:06.2666330Z === RUN   TestConnectionUnpackFailuresFatal/other_errors
Unit tests (macos, Go 1.27.x)	Run tests	2026-09-11T21:05:06.2666490Z === RUN   TestConnectionUnpackFailuresFatal/invalid_reserved_bits
Unit tests (macos, Go 1.27.x)	Run tests	2026-09-11T21:05:06.2666610Z --- PASS: TestConnectionUnpackFailuresFatal (0.00s)
Unit tests (macos, Go 1.27.x)	Run tests	2026-09-11T21:05:06.2666870Z     --- PASS: TestConnectionUnpackFailuresFatal/other_errors (0.00s)
Unit tests (macos, Go 1.27.x)	Run tests	2026-09-11T21:05:06.2667160Z     --- PASS: TestConnectionUnpackFailuresFatal/invalid_reserved_bits (0.00s)
Unit tests (macos, Go 1.27.x)	Run tests	2026-09-11T21:05:06.2667280Z === RUN   TestConnectionRetryAfterReceivedPacket
Unit tests (macos, Go 1.27.x)	Run tests	2026-09-11T21:05:06.2667420Z --- PASS: TestConnectionRetryAfterReceivedPacket (0.00s)
Unit tests (macos, Go 1.27.x)	Run tests	2026-09-11T21:05:06.2667520Z === RUN   TestEmissionFullQueueResume
Unit tests (macos, Go 1.27.x)	Run tests	2026-09-11T21:05:06.2667630Z === RUN   TestEmissionFullQueueResume/ordinary
Unit tests (macos, Go 1.27.x)	Run tests	2026-09-11T21:05:06.2667720Z === RUN   TestEmissionFullQueueResume/GSO
Unit tests (macos, Go 1.27.x)	Run tests	2026-09-11T21:05:06.2667850Z --- PASS: TestEmissionFullQueueResume (0.01s)
Unit tests (macos, Go 1.27.x)	Run tests	2026-09-11T21:05:06.2668070Z     --- PASS: TestEmissionFullQueueResume/ordinary (0.01s)
Unit tests (macos, Go 1.27.x)	Run tests	2026-09-11T21:05:06.2668520Z     --- PASS: TestEmissionFullQueueResume/GSO (0.00s)
Unit tests (macos, Go 1.27.x)	Run tests	2026-09-11T21:05:06.2668600Z === RUN   FuzzFrameSorter
Unit tests (macos, Go 1.27.x)	Run tests	2026-09-11T21:05:06.2668690Z === RUN   FuzzFrameSorter/seed#0
Unit tests (macos, Go 1.27.x)	Run tests	2026-09-11T21:05:06.2668790Z === RUN   FuzzFrameSorter/seed#1
Unit tests (macos, Go 1.27.x)	Run tests	2026-09-11T21:05:06.2668880Z === RUN   FuzzFrameSorter/seed#2
Unit tests (macos, Go 1.27.x)	Run tests	2026-09-11T21:05:06.2668970Z === RUN   FuzzFrameSorter/seed#3
Unit tests (macos, Go 1.27.x)	Run tests	2026-09-11T21:05:06.2669050Z === RUN   FuzzFrameSorter/seed#4
Unit tests (macos, Go 1.27.x)	Run tests	2026-09-11T21:05:06.2669130Z === RUN   FuzzFrameSorter/seed#5
Unit tests (macos, Go 1.27.x)	Run tests	2026-09-11T21:05:06.2669220Z --- PASS: FuzzFrameSorter (0.00s)
Unit tests (macos, Go 1.27.x)	Run tests	2026-09-11T21:05:06.2669400Z     --- PASS: FuzzFrameSorter/seed#0 (0.00s)
Unit tests (macos, Go 1.27.x)	Run tests	2026-09-11T21:05:06.2669580Z     --- PASS: FuzzFrameSorter/seed#1 (0.00s)
Unit tests (macos, Go 1.27.x)	Run tests	2026-09-11T21:05:06.2669740Z     --- PASS: FuzzFrameSorter/seed#2 (0.00s)
Unit tests (macos, Go 1.27.x)	Run tests	2026-09-11T21:05:06.2669890Z     --- PASS: FuzzFrameSorter/seed#3 (0.00s)
Unit tests (macos, Go 1.27.x)	Run tests	2026-09-11T21:05:06.2670150Z     --- PASS: FuzzFrameSorter/seed#4 (0.00s)
Unit tests (macos, Go 1.27.x)	Run tests	2026-09-11T21:05:06.2670300Z     --- PASS: FuzzFrameSorter/seed#5 (0.00s)
Unit tests (macos, Go 1.27.x)	Run tests	2026-09-11T21:05:06.2670370Z === RUN   FuzzFindSNI
Unit tests (macos, Go 1.27.x)	Run tests	2026-09-11T21:05:06.2670450Z === RUN   FuzzFindSNI/seed#0
Unit tests (macos, Go 1.27.x)	Run tests	2026-09-11T21:05:06.2670530Z === RUN   FuzzFindSNI/seed#1
Unit tests (macos, Go 1.27.x)	Run tests	2026-09-11T21:05:06.2670600Z === RUN   FuzzFindSNI/seed#2
Unit tests (macos, Go 1.27.x)	Run tests	2026-09-11T21:05:06.2670680Z === RUN   FuzzFindSNI/seed#3
Unit tests (macos, Go 1.27.x)	Run tests	2026-09-11T21:05:06.2670760Z --- PASS: FuzzFindSNI (0.00s)
Unit tests (macos, Go 1.27.x)	Run tests	2026-09-11T21:05:06.2670890Z     --- PASS: FuzzFindSNI/seed#0 (0.00s)
Unit tests (macos, Go 1.27.x)	Run tests	2026-09-11T21:05:06.2671020Z     --- PASS: FuzzFindSNI/seed#1 (0.00s)
Unit tests (macos, Go 1.27.x)	Run tests	2026-09-11T21:05:06.2671150Z     --- PASS: FuzzFindSNI/seed#2 (0.00s)
Unit tests (macos, Go 1.27.x)	Run tests	2026-09-11T21:05:06.2671290Z     --- PASS: FuzzFindSNI/seed#3 (0.00s)
Unit tests (macos, Go 1.27.x)	Run tests	2026-09-11T21:05:06.2671340Z FAIL
Unit tests (macos, Go 1.27.x)	Run tests	2026-09-11T21:05:06.2671420Z coverage: 91.5% of statements
Unit tests (macos, Go 1.27.x)	Run tests	2026-09-11T21:05:06.2671550Z FAIL	github.com/quic-go/quic-go	3.636s
Unit tests (macos, Go 1.27.x)	Run tests	2026-09-11T21:05:06.2671740Z 	github.com/quic-go/quic-go/example		coverage: 0.0% of statements
Unit tests (macos, Go 1.27.x)	Run tests	2026-09-11T21:05:06.2672010Z 	github.com/quic-go/quic-go/example/client		coverage: 0.0% of statements
Unit tests (macos, Go 1.27.x)	Run tests	2026-09-11T21:05:06.2672250Z 	github.com/quic-go/quic-go/example/echo		coverage: 0.0% of statements
Unit tests (macos, Go 1.27.x)	Run tests	2026-09-11T21:05:06.2678030Z -test.shuffle 1789160703330849000
Unit tests (macos, Go 1.27.x)	Run tests	2026-09-11T21:05:06.2678210Z === RUN   TestResponseWriterDataStatusWithoutBody
Unit tests (macos, Go 1.27.x)	Run tests	2026-09-11T21:05:06.2678370Z --- PASS: TestResponseWriterDataStatusWithoutBody (0.00s)
Unit tests (macos, Go 1.27.x)	Run tests	2026-09-11T21:05:06.2678450Z === RUN   TestClient1xxHandling
Unit tests (macos, Go 1.27.x)	Run tests	2026-09-11T21:05:06.2678580Z === RUN   TestClient1xxHandling/a_few_early_hints
Unit tests (macos, Go 1.27.x)	Run tests	2026-09-11T21:05:06.2679180Z 2026/09/11 21:05:03 failed to sufficiently increase receive buffer size (was: 768 kiB, wanted: 7168 kiB, got: 6144 kiB). See https://github.com/quic-go/quic-go/wiki/UDP-Buffer-Sizes for details.
Unit tests (macos, Go 1.27.x)	Run tests	2026-09-11T21:05:06.2679310Z === RUN   TestClient1xxHandling/too_many_early_hints
Unit tests (macos, Go 1.27.x)	Run tests	2026-09-11T21:05:06.2679520Z === RUN   TestClient1xxHandling/EarlyHints_followed_by_StatusSwitchingProtocols
Unit tests (macos, Go 1.27.x)	Run tests	2026-09-11T21:05:06.2679630Z --- PASS: TestClient1xxHandling (0.01s)
Unit tests (macos, Go 1.27.x)	Run tests	2026-09-11T21:05:06.2679840Z     --- PASS: TestClient1xxHandling/a_few_early_hints (0.01s)
Unit tests (macos, Go 1.27.x)	Run tests	2026-09-11T21:05:06.2680070Z     --- PASS: TestClient1xxHandling/too_many_early_hints (0.00s)
Unit tests (macos, Go 1.27.x)	Run tests	2026-09-11T21:05:06.2680460Z     --- PASS: TestClient1xxHandling/EarlyHints_followed_by_StatusSwitchingProtocols (0.00s)
Unit tests (macos, Go 1.27.x)	Run tests	2026-09-11T21:05:06.2680560Z === RUN   TestRequestStream
Unit tests (macos, Go 1.27.x)	Run tests	2026-09-11T21:05:06.2680650Z --- PASS: TestRequestStream (0.00s)
Unit tests (macos, Go 1.27.x)	Run tests	2026-09-11T21:05:06.2680780Z === RUN   TestParserSettingsFrameDatagramInvalidValue
Unit tests (macos, Go 1.27.x)	Run tests	2026-09-11T21:05:06.2680950Z --- PASS: TestParserSettingsFrameDatagramInvalidValue (0.00s)
Unit tests (macos, Go 1.27.x)	Run tests	2026-09-11T21:05:06.2681030Z === RUN   TestTransportDatagrams
Unit tests (macos, Go 1.27.x)	Run tests	2026-09-11T21:05:06.2681160Z === RUN   TestTransportDatagrams/default_quic.Config
Unit tests (macos, Go 1.27.x)	Run tests	2026-09-11T21:05:06.2681270Z === RUN   TestTransportDatagrams/custom_quic.Config
Unit tests (macos, Go 1.27.x)	Run tests	2026-09-11T21:05:06.2681380Z --- PASS: TestTransportDatagrams (0.00s)
Unit tests (macos, Go 1.27.x)	Run tests	2026-09-11T21:05:06.2681620Z     --- PASS: TestTransportDatagrams/default_quic.Config (0.00s)
Unit tests (macos, Go 1.27.x)	Run tests	2026-09-11T21:05:06.2682020Z     --- PASS: TestTransportDatagrams/custom_quic.Config (0.00s)
Unit tests (macos, Go 1.27.x)	Run tests	2026-09-11T21:05:06.2682180Z === RUN   TestParserSettingsFrameDuplicateSettings
Unit tests (macos, Go 1.27.x)	Run tests	2026-09-11T21:05:06.2682630Z === RUN   TestParserSettingsFrameDuplicateSettings/other_setting
Unit tests (macos, Go 1.27.x)	Run tests	2026-09-11T21:05:06.2682800Z === RUN   TestParserSettingsFrameDuplicateSettings/extended_connect
Unit tests (macos, Go 1.27.x)	Run tests	2026-09-11T21:05:06.2682990Z === RUN   TestParserSettingsFrameDuplicateSettings/max_field_section_size
Unit tests (macos, Go 1.27.x)	Run tests	2026-09-11T21:05:06.2683130Z === RUN   TestParserSettingsFrameDuplicateSettings/datagram
Unit tests (macos, Go 1.27.x)	Run tests	2026-09-11T21:05:06.2683280Z --- PASS: TestParserSettingsFrameDuplicateSettings (0.00s)
Unit tests (macos, Go 1.27.x)	Run tests	2026-09-11T21:05:06.2683580Z     --- PASS: TestParserSettingsFrameDuplicateSettings/other_setting (0.00s)
Unit tests (macos, Go 1.27.x)	Run tests	2026-09-11T21:05:06.2683890Z     --- PASS: TestParserSettingsFrameDuplicateSettings/extended_connect (0.00s)
Unit tests (macos, Go 1.27.x)	Run tests	2026-09-11T21:05:06.2684900Z     --- PASS: TestParserSettingsFrameDuplicateSettings/max_field_section_size (0.00s)
Unit tests (macos, Go 1.27.x)	Run tests	2026-09-11T21:05:06.2685470Z     --- PASS: TestParserSettingsFrameDuplicateSettings/datagram (0.00s)
Unit tests (macos, Go 1.27.x)	Run tests	2026-09-11T21:05:06.2685620Z === RUN   TestParserSettingsFrameMaxFieldSectionSize
Unit tests (macos, Go 1.27.x)	Run tests	2026-09-11T21:05:06.2685780Z === RUN   TestParserSettingsFrameMaxFieldSectionSize/absent
Unit tests (macos, Go 1.27.x)	Run tests	2026-09-11T21:05:06.2685950Z === RUN   TestParserSettingsFrameMaxFieldSectionSize/with_value
Unit tests (macos, Go 1.27.x)	Run tests	2026-09-11T21:05:06.2686110Z --- PASS: TestParserSettingsFrameMaxFieldSectionSize (0.00s)
Unit tests (macos, Go 1.27.x)	Run tests	2026-09-11T21:05:06.2686390Z     --- PASS: TestParserSettingsFrameMaxFieldSectionSize/absent (0.00s)
Unit tests (macos, Go 1.27.x)	Run tests	2026-09-11T21:05:06.2686690Z     --- PASS: TestParserSettingsFrameMaxFieldSectionSize/with_value (0.00s)
Unit tests (macos, Go 1.27.x)	Run tests	2026-09-11T21:05:06.2686810Z === RUN   TestServerImmediateGracefulShutdown
Unit tests (macos, Go 1.27.x)	Run tests	2026-09-11T21:05:06.2686950Z --- PASS: TestServerImmediateGracefulShutdown (0.00s)
Unit tests (macos, Go 1.27.x)	Run tests	2026-09-11T21:05:06.2687070Z === RUN   TestTransportConnectionReuse
Unit tests (macos, Go 1.27.x)	Run tests	2026-09-11T21:05:06.2687210Z --- PASS: TestTransportConnectionReuse (0.00s)
Unit tests (macos, Go 1.27.x)	Run tests	2026-09-11T21:05:06.2687340Z === RUN   TestParserSettingsFrameDatagram
Unit tests (macos, Go 1.27.x)	Run tests	2026-09-11T21:05:06.2687480Z === RUN   TestParserSettingsFrameDatagram/enabled
Unit tests (macos, Go 1.27.x)	Run tests	2026-09-11T21:05:06.2687590Z === RUN   TestParserSettingsFrameDatagram/disabled
Unit tests (macos, Go 1.27.x)	Run tests	2026-09-11T21:05:06.2687720Z --- PASS: TestParserSettingsFrameDatagram (0.00s)
Unit tests (macos, Go 1.27.x)	Run tests	2026-09-11T21:05:06.2687940Z     --- PASS: TestParserSettingsFrameDatagram/enabled (0.00s)
Unit tests (macos, Go 1.27.x)	Run tests	2026-09-11T21:05:06.2688160Z     --- PASS: TestParserSettingsFrameDatagram/disabled (0.00s)
Unit tests (macos, Go 1.27.x)	Run tests	2026-09-11T21:05:06.2688250Z === RUN   TestResponseBodyReading
Unit tests (macos, Go 1.27.x)	Run tests	2026-09-11T21:05:06.2688360Z --- PASS: TestResponseBodyReading (0.00s)
Unit tests (macos, Go 1.27.x)	Run tests	2026-09-11T21:05:06.2688450Z === RUN   TestExchangeCanceledDialWaiter
Unit tests (macos, Go 1.27.x)	Run tests	2026-09-11T21:05:06.2688570Z --- PASS: TestExchangeCanceledDialWaiter (0.00s)
Unit tests (macos, Go 1.27.x)	Run tests	2026-09-11T21:05:06.2688660Z === RUN   TestClientConnGoAwayFailures
Unit tests (macos, Go 1.27.x)	Run tests	2026-09-11T21:05:06.2688790Z === RUN   TestClientConnGoAwayFailures/invalid_frame
Unit tests (macos, Go 1.27.x)	Run tests	2026-09-11T21:05:06.2688910Z === RUN   TestClientConnGoAwayFailures/not_a_GOAWAY
Unit tests (macos, Go 1.27.x)	Run tests	2026-09-11T21:05:06.2689080Z === RUN   TestClientConnGoAwayFailures/stream_closed_before_GOAWAY
Unit tests (macos, Go 1.27.x)	Run tests	2026-09-11T21:05:06.2689240Z === RUN   TestClientConnGoAwayFailures/stream_reset_before_GOAWAY
Unit tests (macos, Go 1.27.x)	Run tests	2026-09-11T21:05:06.2689380Z === RUN   TestClientConnGoAwayFailures/invalid_stream_ID
Unit tests (macos, Go 1.27.x)	Run tests	2026-09-11T21:05:06.2689510Z === RUN   TestClientConnGoAwayFailures/increased_stream_ID
Unit tests (macos, Go 1.27.x)	Run tests	2026-09-11T21:05:06.2689630Z --- PASS: TestClientConnGoAwayFailures (0.12s)
Unit tests (macos, Go 1.27.x)	Run tests	2026-09-11T21:05:06.2689860Z     --- PASS: TestClientConnGoAwayFailures/invalid_frame (0.00s)
Unit tests (macos, Go 1.27.x)	Run tests	2026-09-11T21:05:06.2690090Z     --- PASS: TestClientConnGoAwayFailures/not_a_GOAWAY (0.00s)
Unit tests (macos, Go 1.27.x)	Run tests	2026-09-11T21:05:06.2690380Z     --- PASS: TestClientConnGoAwayFailures/stream_closed_before_GOAWAY (0.00s)
Unit tests (macos, Go 1.27.x)	Run tests	2026-09-11T21:05:06.2690680Z     --- PASS: TestClientConnGoAwayFailures/stream_reset_before_GOAWAY (0.10s)
Unit tests (macos, Go 1.27.x)	Run tests	2026-09-11T21:05:06.2690940Z     --- PASS: TestClientConnGoAwayFailures/invalid_stream_ID (0.00s)
Unit tests (macos, Go 1.27.x)	Run tests	2026-09-11T21:05:06.2691190Z     --- PASS: TestClientConnGoAwayFailures/increased_stream_ID (0.00s)
Unit tests (macos, Go 1.27.x)	Run tests	2026-09-11T21:05:06.2691300Z === RUN   TestExchangeResponseReadFailure
Unit tests (macos, Go 1.27.x)	Run tests	2026-09-11T21:05:06.2691420Z --- PASS: TestExchangeResponseReadFailure (0.00s)
Unit tests (macos, Go 1.27.x)	Run tests	2026-09-11T21:05:06.2691510Z === RUN   TestClientExtendedConnect
Unit tests (macos, Go 1.27.x)	Run tests	2026-09-11T21:05:06.2691610Z === RUN   TestClientExtendedConnect/enabled
Unit tests (macos, Go 1.27.x)	Run tests	2026-09-11T21:05:06.2691920Z === RUN   TestClientExtendedConnect/disabled
Unit tests (macos, Go 1.27.x)	Run tests	2026-09-11T21:05:06.2692050Z --- PASS: TestClientExtendedConnect (0.21s)
Unit tests (macos, Go 1.27.x)	Run tests	2026-09-11T21:05:06.2692260Z     --- PASS: TestClientExtendedConnect/enabled (0.11s)
Unit tests (macos, Go 1.27.x)	Run tests	2026-09-11T21:05:06.2692450Z     --- PASS: TestClientExtendedConnect/disabled (0.10s)
Unit tests (macos, Go 1.27.x)	Run tests	2026-09-11T21:05:06.2692570Z === RUN   TestResponseHeaderParsingValidation
Unit tests (macos, Go 1.27.x)	Run tests	2026-09-11T21:05:06.2692720Z === RUN   TestResponseHeaderParsingValidation/missing_:status
Unit tests (macos, Go 1.27.x)	Run tests	2026-09-11T21:05:06.2692880Z === RUN   TestResponseHeaderParsingValidation/invalid_status_code
Unit tests (macos, Go 1.27.x)	Run tests	2026-09-11T21:05:06.2693050Z === RUN   TestResponseHeaderParsingValidation/:method_header_field
Unit tests (macos, Go 1.27.x)	Run tests	2026-09-11T21:05:06.2693210Z === RUN   TestResponseHeaderParsingValidation/duplicate_:status
Unit tests (macos, Go 1.27.x)	Run tests	2026-09-11T21:05:06.2693400Z === RUN   TestResponseHeaderParsingValidation/invalid_field:_connection
Unit tests (macos, Go 1.27.x)	Run tests	2026-09-11T21:05:06.2693960Z === RUN   TestResponseHeaderParsingValidation/invalid_field:_keep-alive
Unit tests (macos, Go 1.27.x)	Run tests	2026-09-11T21:05:06.2694170Z === RUN   TestResponseHeaderParsingValidation/invalid_field:_proxy-connection
Unit tests (macos, Go 1.27.x)	Run tests	2026-09-11T21:05:06.2694380Z === RUN   TestResponseHeaderParsingValidation/invalid_field:_transfer-encoding
Unit tests (macos, Go 1.27.x)	Run tests	2026-09-11T21:05:06.2695140Z === RUN   TestResponseHeaderParsingValidation/invalid_field:_upgrade
Unit tests (macos, Go 1.27.x)	Run tests	2026-09-11T21:05:06.2695360Z --- PASS: TestResponseHeaderParsingValidation (0.00s)
Unit tests (macos, Go 1.27.x)	Run tests	2026-09-11T21:05:06.2695660Z     --- PASS: TestResponseHeaderParsingValidation/missing_:status (0.00s)
Unit tests (macos, Go 1.27.x)	Run tests	2026-09-11T21:05:06.2695990Z     --- PASS: TestResponseHeaderParsingValidation/invalid_status_code (0.00s)
Unit tests (macos, Go 1.27.x)	Run tests	2026-09-11T21:05:06.2696300Z     --- PASS: TestResponseHeaderParsingValidation/:method_header_field (0.00s)
Unit tests (macos, Go 1.27.x)	Run tests	2026-09-11T21:05:06.2696590Z     --- PASS: TestResponseHeaderParsingValidation/duplicate_:status (0.00s)
Unit tests (macos, Go 1.27.x)	Run tests	2026-09-11T21:05:06.2696900Z     --- PASS: TestResponseHeaderParsingValidation/invalid_field:_connection (0.00s)
Unit tests (macos, Go 1.27.x)	Run tests	2026-09-11T21:05:06.2697230Z     --- PASS: TestResponseHeaderParsingValidation/invalid_field:_keep-alive (0.00s)
Unit tests (macos, Go 1.27.x)	Run tests	2026-09-11T21:05:06.2697610Z     --- PASS: TestResponseHeaderParsingValidation/invalid_field:_proxy-connection (0.00s)
Unit tests (macos, Go 1.27.x)	Run tests	2026-09-11T21:05:06.2697980Z     --- PASS: TestResponseHeaderParsingValidation/invalid_field:_transfer-encoding (0.00s)
Unit tests (macos, Go 1.27.x)	Run tests	2026-09-11T21:05:06.2698310Z     --- PASS: TestResponseHeaderParsingValidation/invalid_field:_upgrade (0.00s)
Unit tests (macos, Go 1.27.x)	Run tests	2026-09-11T21:05:06.2698420Z === RUN   TestServerAltSvcFromUnixSocket
Unit tests (macos, Go 1.27.x)	Run tests	2026-09-11T21:05:06.2698620Z === RUN   TestServerAltSvcFromUnixSocket/with_Server.Addr_not_set
Unit tests (macos, Go 1.27.x)	Run tests	2026-09-11T21:05:06.2698830Z === RUN   TestServerAltSvcFromUnixSocket/with_Server.Addr_set
Unit tests (macos, Go 1.27.x)	Run tests	2026-09-11T21:05:06.2698990Z --- PASS: TestServerAltSvcFromUnixSocket (0.00s)
Unit tests (macos, Go 1.27.x)	Run tests	2026-09-11T21:05:06.2699290Z     --- PASS: TestServerAltSvcFromUnixSocket/with_Server.Addr_not_set (0.00s)
Unit tests (macos, Go 1.27.x)	Run tests	2026-09-11T21:05:06.2699570Z     --- PASS: TestServerAltSvcFromUnixSocket/with_Server.Addr_set (0.00s)
Unit tests (macos, Go 1.27.x)	Run tests	2026-09-11T21:05:06.2699670Z === RUN   TestRequestHeadersValidation
Unit tests (macos, Go 1.27.x)	Run tests	2026-09-11T21:05:06.2699820Z === RUN   TestRequestHeadersValidation/upper-case_field_name
Unit tests (macos, Go 1.27.x)	Run tests	2026-09-11T21:05:06.2699970Z === RUN   TestRequestHeadersValidation/unknown_pseudo_header
Unit tests (macos, Go 1.27.x)	Run tests	2026-09-11T21:05:06.2700160Z === RUN   TestRequestHeadersValidation/pseudo_header_after_regular_header
Unit tests (macos, Go 1.27.x)	Run tests	2026-09-11T21:05:06.2700290Z === RUN   TestRequestHeadersValidation/invalid_field_name
Unit tests (macos, Go 1.27.x)	Run tests	2026-09-11T21:05:06.2700430Z === RUN   TestRequestHeadersValidation/invalid_field_value
Unit tests (macos, Go 1.27.x)	Run tests	2026-09-11T21:05:06.2700570Z === RUN   TestRequestHeadersValidation/:status_header_field
Unit tests (macos, Go 1.27.x)	Run tests	2026-09-11T21:05:06.2700700Z === RUN   TestRequestHeadersValidation/missing_:path
Unit tests (macos, Go 1.27.x)	Run tests	2026-09-11T21:05:06.2700830Z === RUN   TestRequestHeadersValidation/missing_:authority
Unit tests (macos, Go 1.27.x)	Run tests	2026-09-11T21:05:06.2700960Z === RUN   TestRequestHeadersValidation/missing_:method
Unit tests (macos, Go 1.27.x)	Run tests	2026-09-11T21:05:06.2701190Z === RUN   TestRequestHeadersValidation/mismatching_:authority_and_Host_header_field
Unit tests (macos, Go 1.27.x)	Run tests	2026-09-11T21:05:06.2701420Z === RUN   TestRequestHeadersValidation/empty_:authority_and_non-empty_Host_header_field
Unit tests (macos, Go 1.27.x)	Run tests	2026-09-11T21:05:06.2701580Z === RUN   TestRequestHeadersValidation/duplicate_Host_header_field
Unit tests (macos, Go 1.27.x)	Run tests	2026-09-11T21:05:06.2703300Z === RUN   TestRequestHeadersValidation/Host_header_field_with_authority-less_scheme
Unit tests (macos, Go 1.27.x)	Run tests	2026-09-11T21:05:06.2703500Z === RUN   TestRequestHeadersValidation/invalid_:method
Unit tests (macos, Go 1.27.x)	Run tests	2026-09-11T21:05:06.2703640Z === RUN   TestRequestHeadersValidation/duplicate_:path
Unit tests (macos, Go 1.27.x)	Run tests	2026-09-11T21:05:06.2703790Z === RUN   TestRequestHeadersValidation/duplicate_:authority
Unit tests (macos, Go 1.27.x)	Run tests	2026-09-11T21:05:06.2703930Z === RUN   TestRequestHeadersValidation/duplicate_:method
Unit tests (macos, Go 1.27.x)	Run tests	2026-09-11T21:05:06.2704070Z === RUN   TestRequestHeadersValidation/invalid_:protocol
Unit tests (macos, Go 1.27.x)	Run tests	2026-09-11T21:05:06.2704190Z === RUN   TestRequestHeadersValidation/empty_:protocol
Unit tests (macos, Go 1.27.x)	Run tests	2026-09-11T21:05:06.2704320Z === RUN   TestRequestHeadersValidation/invalid_:path
Unit tests (macos, Go 1.27.x)	Run tests	2026-09-11T21:05:06.2704470Z === RUN   TestRequestHeadersValidation/userinfo_in_:authority
Unit tests (macos, Go 1.27.x)	Run tests	2026-09-11T21:05:06.2704750Z --- PASS: TestRequestHeadersValidation (0.00s)
Unit tests (macos, Go 1.27.x)	Run tests	2026-09-11T21:05:06.2705030Z     --- PASS: TestRequestHeadersValidation/upper-case_field_name (0.00s)
Unit tests (macos, Go 1.27.x)	Run tests	2026-09-11T21:05:06.2705300Z     --- PASS: TestRequestHeadersValidation/unknown_pseudo_header (0.00s)
Unit tests (macos, Go 1.27.x)	Run tests	2026-09-11T21:05:06.2705620Z     --- PASS: TestRequestHeadersValidation/pseudo_header_after_regular_header (0.00s)
Unit tests (macos, Go 1.27.x)	Run tests	2026-09-11T21:05:06.2705870Z     --- PASS: TestRequestHeadersValidation/invalid_field_name (0.00s)
Unit tests (macos, Go 1.27.x)	Run tests	2026-09-11T21:05:06.2706120Z     --- PASS: TestRequestHeadersValidation/invalid_field_value (0.00s)
Unit tests (macos, Go 1.27.x)	Run tests	2026-09-11T21:05:06.2706380Z     --- PASS: TestRequestHeadersValidation/:status_header_field (0.00s)
Unit tests (macos, Go 1.27.x)	Run tests	2026-09-11T21:05:06.2706650Z     --- PASS: TestRequestHeadersValidation/missing_:path (0.00s)
Unit tests (macos, Go 1.27.x)	Run tests	2026-09-11T21:05:06.2706960Z     --- PASS: TestRequestHeadersValidation/missing_:authority (0.00s)
Unit tests (macos, Go 1.27.x)	Run tests	2026-09-11T21:05:06.2707190Z     --- PASS: TestRequestHeadersValidation/missing_:method (0.00s)
Unit tests (macos, Go 1.27.x)	Run tests	2026-09-11T21:05:06.2707570Z     --- PASS: TestRequestHeadersValidation/mismatching_:authority_and_Host_header_field (0.00s)
Unit tests (macos, Go 1.27.x)	Run tests	2026-09-11T21:05:06.2708000Z     --- PASS: TestRequestHeadersValidation/empty_:authority_and_non-empty_Host_header_field (0.00s)
Unit tests (macos, Go 1.27.x)	Run tests	2026-09-11T21:05:06.2708350Z     --- PASS: TestRequestHeadersValidation/duplicate_Host_header_field (0.00s)
Unit tests (macos, Go 1.27.x)	Run tests	2026-09-11T21:05:06.2708800Z     --- PASS: TestRequestHeadersValidation/Host_header_field_with_authority-less_scheme (0.00s)
Unit tests (macos, Go 1.27.x)	Run tests	2026-09-11T21:05:06.2709050Z     --- PASS: TestRequestHeadersValidation/invalid_:method (0.00s)
Unit tests (macos, Go 1.27.x)	Run tests	2026-09-11T21:05:06.2709290Z     --- PASS: TestRequestHeadersValidation/duplicate_:path (0.00s)
Unit tests (macos, Go 1.27.x)	Run tests	2026-09-11T21:05:06.2709570Z     --- PASS: TestRequestHeadersValidation/duplicate_:authority (0.00s)
Unit tests (macos, Go 1.27.x)	Run tests	2026-09-11T21:05:06.2709820Z     --- PASS: TestRequestHeadersValidation/duplicate_:method (0.00s)
Unit tests (macos, Go 1.27.x)	Run tests	2026-09-11T21:05:06.2710080Z     --- PASS: TestRequestHeadersValidation/invalid_:protocol (0.00s)
Unit tests (macos, Go 1.27.x)	Run tests	2026-09-11T21:05:06.2710320Z     --- PASS: TestRequestHeadersValidation/empty_:protocol (0.00s)
Unit tests (macos, Go 1.27.x)	Run tests	2026-09-11T21:05:06.2710560Z     --- PASS: TestRequestHeadersValidation/invalid_:path (0.00s)
Unit tests (macos, Go 1.27.x)	Run tests	2026-09-11T21:05:06.2710860Z     --- PASS: TestRequestHeadersValidation/userinfo_in_:authority (0.00s)
Unit tests (macos, Go 1.27.x)	Run tests	2026-09-11T21:05:06.2711000Z === RUN   TestStateTrackingStreamLocalCancelation
Unit tests (macos, Go 1.27.x)	Run tests	2026-09-11T21:05:06.2711150Z --- PASS: TestStateTrackingStreamLocalCancelation (0.00s)
Unit tests (macos, Go 1.27.x)	Run tests	2026-09-11T21:05:06.2711250Z === RUN   TestParserReservedFrameType
Unit tests (macos, Go 1.27.x)	Run tests	2026-09-11T21:05:06.2711370Z === RUN   TestParserReservedFrameType/type_0x2
Unit tests (macos, Go 1.27.x)	Run tests	2026-09-11T21:05:06.2711510Z === RUN   TestParserReservedFrameType/type_0x6
Unit tests (macos, Go 1.27.x)	Run tests	2026-09-11T21:05:06.2711640Z === RUN   TestParserReservedFrameType/type_0x8
Unit tests (macos, Go 1.27.x)	Run tests	2026-09-11T21:05:06.2712070Z === RUN   TestParserReservedFrameType/type_0x9
Unit tests (macos, Go 1.27.x)	Run tests	2026-09-11T21:05:06.2712260Z --- PASS: TestParserReservedFrameType (0.01s)
Unit tests (macos, Go 1.27.x)	Run tests	2026-09-11T21:05:06.2712500Z     --- PASS: TestParserReservedFrameType/type_0x2 (0.00s)
Unit tests (macos, Go 1.27.x)	Run tests	2026-09-11T21:05:06.2712710Z     --- PASS: TestParserReservedFrameType/type_0x6 (0.00s)
Unit tests (macos, Go 1.27.x)	Run tests	2026-09-11T21:05:06.2713150Z     --- PASS: TestParserReservedFrameType/type_0x8 (0.00s)
Unit tests (macos, Go 1.27.x)	Run tests	2026-09-11T21:05:06.2713390Z     --- PASS: TestParserReservedFrameType/type_0x9 (0.00s)
Unit tests (macos, Go 1.27.x)	Run tests	2026-09-11T21:05:06.2713480Z === RUN   TestExchangeDirectClient
Unit tests (macos, Go 1.27.x)	Run tests	2026-09-11T21:05:06.2713930Z === RUN   TestExchangeDirectClient/unread-cancellation
Unit tests (macos, Go 1.27.x)	Run tests	2026-09-11T21:05:06.2714080Z === RUN   TestExchangeDirectClient/terminal-open-failure
Unit tests (macos, Go 1.27.x)	Run tests	2026-09-11T21:05:06.2714200Z --- PASS: TestExchangeDirectClient (0.00s)
Unit tests (macos, Go 1.27.x)	Run tests	2026-09-11T21:05:06.2714520Z     --- PASS: TestExchangeDirectClient/unread-cancellation (0.00s)
Unit tests (macos, Go 1.27.x)	Run tests	2026-09-11T21:05:06.2714790Z     --- PASS: TestExchangeDirectClient/terminal-open-failure (0.00s)
Unit tests (macos, Go 1.27.x)	Run tests	2026-09-11T21:05:06.2714870Z === RUN   TestParsePriority
Unit tests (macos, Go 1.27.x)	Run tests	2026-09-11T21:05:06.2714950Z === RUN   TestParsePriority/empty
Unit tests (macos, Go 1.27.x)	Run tests	2026-09-11T21:05:06.2715040Z === RUN   TestParsePriority/urgency
Unit tests (macos, Go 1.27.x)	Run tests	2026-09-11T21:05:06.2715160Z === RUN   TestParsePriority/implicit_incremental
Unit tests (macos, Go 1.27.x)	Run tests	2026-09-11T21:05:06.2715260Z === RUN   TestParsePriority/explicit_incremental
Unit tests (macos, Go 1.27.x)	Run tests	2026-09-11T21:05:06.2715390Z === RUN   TestParsePriority/urgency_and_non-incremental
Unit tests (macos, Go 1.27.x)	Run tests	2026-09-11T21:05:06.2715620Z === RUN   TestParsePriority/unknown_fields
Unit tests (macos, Go 1.27.x)	Run tests	2026-09-11T21:05:06.2715740Z === RUN   TestParsePriority/repeated_fields
Unit tests (macos, Go 1.27.x)	Run tests	2026-09-11T21:05:06.2717440Z === RUN   TestParsePriority/wrong_types
Unit tests (macos, Go 1.27.x)	Run tests	2026-09-11T21:05:06.2717930Z === RUN   TestParsePriority/out_of_range_urgency
Unit tests (macos, Go 1.27.x)	Run tests	2026-09-11T21:05:06.2718240Z === RUN   TestParsePriority/valid_unknown_SFV_types
Unit tests (macos, Go 1.27.x)	Run tests	2026-09-11T21:05:06.2718640Z === RUN   TestParsePriority/semicolon_inside_an_extension_value
Unit tests (macos, Go 1.27.x)	Run tests	2026-09-11T21:05:06.2719030Z === RUN   TestParsePriority/known_fields_inside_extension_values
Unit tests (macos, Go 1.27.x)	Run tests	2026-09-11T21:05:06.2719440Z === RUN   TestParsePriority/backslash_inside_a_display_string
Unit tests (macos, Go 1.27.x)	Run tests	2026-09-11T21:05:06.2719690Z === RUN   TestParsePriority/invalid_member
Unit tests (macos, Go 1.27.x)	Run tests	2026-09-11T21:05:06.2719980Z === RUN   TestParsePriority/unterminated_string
Unit tests (macos, Go 1.27.x)	Run tests	2026-09-11T21:05:06.2720220Z --- PASS: TestParsePriority (0.00s)
Unit tests (macos, Go 1.27.x)	Run tests	2026-09-11T21:05:06.2720620Z     --- PASS: TestParsePriority/empty (0.00s)
Unit tests (macos, Go 1.27.x)	Run tests	2026-09-11T21:05:06.2721010Z     --- PASS: TestParsePriority/urgency (0.00s)
Unit tests (macos, Go 1.27.x)	Run tests	2026-09-11T21:05:06.2721540Z     --- PASS: TestParsePriority/implicit_incremental (0.00s)
Unit tests (macos, Go 1.27.x)	Run tests	2026-09-11T21:05:06.2722040Z     --- PASS: TestParsePriority/explicit_incremental (0.00s)
Unit tests (macos, Go 1.27.x)	Run tests	2026-09-11T21:05:06.2722610Z     --- PASS: TestParsePriority/urgency_and_non-incremental (0.00s)
Unit tests (macos, Go 1.27.x)	Run tests	2026-09-11T21:05:06.2723050Z     --- PASS: TestParsePriority/unknown_fields (0.00s)
Unit tests (macos, Go 1.27.x)	Run tests	2026-09-11T21:05:06.2723500Z     --- PASS: TestParsePriority/repeated_fields (0.00s)
Unit tests (macos, Go 1.27.x)	Run tests	2026-09-11T21:05:06.2723920Z     --- PASS: TestParsePriority/wrong_types (0.00s)
Unit tests (macos, Go 1.27.x)	Run tests	2026-09-11T21:05:06.2724400Z     --- PASS: TestParsePriority/out_of_range_urgency (0.00s)
Unit tests (macos, Go 1.27.x)	Run tests	2026-09-11T21:05:06.2724920Z     --- PASS: TestParsePriority/valid_unknown_SFV_types (0.00s)
Unit tests (macos, Go 1.27.x)	Run tests	2026-09-11T21:05:06.2725550Z     --- PASS: TestParsePriority/semicolon_inside_an_extension_value (0.00s)
Unit tests (macos, Go 1.27.x)	Run tests	2026-09-11T21:05:06.2726190Z     --- PASS: TestParsePriority/known_fields_inside_extension_values (0.00s)
Unit tests (macos, Go 1.27.x)	Run tests	2026-09-11T21:05:06.2726810Z     --- PASS: TestParsePriority/backslash_inside_a_display_string (0.00s)
Unit tests (macos, Go 1.27.x)	Run tests	2026-09-11T21:05:06.2727260Z     --- PASS: TestParsePriority/invalid_member (0.00s)
Unit tests (macos, Go 1.27.x)	Run tests	2026-09-11T21:05:06.2727730Z     --- PASS: TestParsePriority/unterminated_string (0.00s)
Unit tests (macos, Go 1.27.x)	Run tests	2026-09-11T21:05:06.2727970Z === RUN   TestClientConnGoAway
Unit tests (macos, Go 1.27.x)	Run tests	2026-09-11T21:05:06.2728250Z === RUN   TestClientConnGoAway/no_active_streams
Unit tests (macos, Go 1.27.x)	Run tests	2026-09-11T21:05:06.2728520Z === RUN   TestClientConnGoAway/active_stream
Unit tests (macos, Go 1.27.x)	Run tests	2026-09-11T21:05:06.2728780Z --- PASS: TestClientConnGoAway (0.11s)
Unit tests (macos, Go 1.27.x)	Run tests	2026-09-11T21:05:06.2729260Z     --- PASS: TestClientConnGoAway/no_active_streams (0.00s)
Unit tests (macos, Go 1.27.x)	Run tests	2026-09-11T21:05:06.2729720Z     --- PASS: TestClientConnGoAway/active_stream (0.10s)
Unit tests (macos, Go 1.27.x)	Run tests	2026-09-11T21:05:06.2729960Z === RUN   TestResponseTrailerFields
Unit tests (macos, Go 1.27.x)	Run tests	2026-09-11T21:05:06.2730230Z --- PASS: TestResponseTrailerFields (0.00s)
Unit tests (macos, Go 1.27.x)	Run tests	2026-09-11T21:05:06.2730500Z === RUN   TestRequestHeadersExtendedConnect
Unit tests (macos, Go 1.27.x)	Run tests	2026-09-11T21:05:06.2730820Z --- PASS: TestRequestHeadersExtendedConnect (0.00s)
Unit tests (macos, Go 1.27.x)	Run tests	2026-09-11T21:05:06.2731080Z === RUN   TestConnReceiveSettings
Unit tests (macos, Go 1.27.x)	Run tests	2026-09-11T21:05:06.2731400Z --- PASS: TestConnReceiveSettings (0.00s)
Unit tests (macos, Go 1.27.x)	Run tests	2026-09-11T21:05:06.2731630Z === RUN   TestConnRejectPushStream
Unit tests (macos, Go 1.27.x)	Run tests	2026-09-11T21:05:06.2731920Z === RUN   TestConnRejectPushStream/client
Unit tests (macos, Go 1.27.x)	Run tests	2026-09-11T21:05:06.2732990Z === RUN   TestConnRejectPushStream/server
Unit tests (macos, Go 1.27.x)	Run tests	2026-09-11T21:05:06.2733250Z --- PASS: TestConnRejectPushStream (0.00s)
Unit tests (macos, Go 1.27.x)	Run tests	2026-09-11T21:05:06.2733690Z     --- PASS: TestConnRejectPushStream/client (0.00s)
Unit tests (macos, Go 1.27.x)	Run tests	2026-09-11T21:05:06.2734130Z     --- PASS: TestConnRejectPushStream/server (0.00s)
Unit tests (macos, Go 1.27.x)	Run tests	2026-09-11T21:05:06.2734360Z === RUN   TestResponseBodyReadError
Unit tests (macos, Go 1.27.x)	Run tests	2026-09-11T21:05:06.2734640Z --- PASS: TestResponseBodyReadError (0.00s)
Unit tests (macos, Go 1.27.x)	Run tests	2026-09-11T21:05:06.2734870Z === RUN   TestResponseBodyClose
Unit tests (macos, Go 1.27.x)	Run tests	2026-09-11T21:05:06.2735110Z --- PASS: TestResponseBodyClose (0.00s)
Unit tests (macos, Go 1.27.x)	Run tests	2026-09-11T21:05:06.2735370Z === RUN   TestClientConnGoAwayConcurrent
Unit tests (macos, Go 1.27.x)	Run tests	2026-09-11T21:05:06.2735680Z --- PASS: TestClientConnGoAwayConcurrent (0.31s)
Unit tests (macos, Go 1.27.x)	Run tests	2026-09-11T21:05:06.2736560Z === RUN   TestConnResetUnknownUniStream
Unit tests (macos, Go 1.27.x)	Run tests	2026-09-11T21:05:06.2736780Z --- PASS: TestConnResetUnknownUniStream (0.00s)
Unit tests (macos, Go 1.27.x)	Run tests	2026-09-11T21:05:06.2737240Z === RUN   TestResponseWriterContentTypeSniffing
Unit tests (macos, Go 1.27.x)	Run tests	2026-09-11T21:05:06.2737460Z === RUN   TestResponseWriterContentTypeSniffing/no_content_type
Unit tests (macos, Go 1.27.x)	Run tests	2026-09-11T21:05:06.2737710Z === RUN   TestResponseWriterContentTypeSniffing/explicit_content_type
Unit tests (macos, Go 1.27.x)	Run tests	2026-09-11T21:05:06.2737890Z === RUN   TestResponseWriterContentTypeSniffing/with_content_encoding
Unit tests (macos, Go 1.27.x)	Run tests	2026-09-11T21:05:06.2738030Z --- PASS: TestResponseWriterContentTypeSniffing (0.00s)
Unit tests (macos, Go 1.27.x)	Run tests	2026-09-11T21:05:06.2738330Z     --- PASS: TestResponseWriterContentTypeSniffing/no_content_type (0.00s)
Unit tests (macos, Go 1.27.x)	Run tests	2026-09-11T21:05:06.2738640Z     --- PASS: TestResponseWriterContentTypeSniffing/explicit_content_type (0.00s)
Unit tests (macos, Go 1.27.x)	Run tests	2026-09-11T21:05:06.2738960Z     --- PASS: TestResponseWriterContentTypeSniffing/with_content_encoding (0.00s)
Unit tests (macos, Go 1.27.x)	Run tests	2026-09-11T21:05:06.2739090Z === RUN   TestTransportMultipleQUICVersions
Unit tests (macos, Go 1.27.x)	Run tests	2026-09-11T21:05:06.2739250Z --- PASS: TestTransportMultipleQUICVersions (0.00s)
Unit tests (macos, Go 1.27.x)	Run tests	2026-09-11T21:05:06.2739390Z === RUN   TestRequestHeadersConnectValidation
Unit tests (macos, Go 1.27.x)	Run tests	2026-09-11T21:05:06.2739560Z === RUN   TestRequestHeadersConnectValidation/missing_:authority
Unit tests (macos, Go 1.27.x)	Run tests	2026-09-11T21:05:06.2739710Z === RUN   TestRequestHeadersConnectValidation/:scheme_set
Unit tests (macos, Go 1.27.x)	Run tests	2026-09-11T21:05:06.2739840Z === RUN   TestRequestHeadersConnectValidation/:path_set
Unit tests (macos, Go 1.27.x)	Run tests	2026-09-11T21:05:06.2739980Z === RUN   TestRequestHeadersConnectValidation/empty_:path
Unit tests (macos, Go 1.27.x)	Run tests	2026-09-11T21:05:06.2740130Z === RUN   TestRequestHeadersConnectValidation/empty_:scheme
Unit tests (macos, Go 1.27.x)	Run tests	2026-09-11T21:05:06.2740260Z --- PASS: TestRequestHeadersConnectValidation (0.00s)
Unit tests (macos, Go 1.27.x)	Run tests	2026-09-11T21:05:06.2740560Z     --- PASS: TestRequestHeadersConnectValidation/missing_:authority (0.00s)
Unit tests (macos, Go 1.27.x)	Run tests	2026-09-11T21:05:06.2740820Z     --- PASS: TestRequestHeadersConnectValidation/:scheme_set (0.00s)
Unit tests (macos, Go 1.27.x)	Run tests	2026-09-11T21:05:06.2741060Z     --- PASS: TestRequestHeadersConnectValidation/:path_set (0.00s)
Unit tests (macos, Go 1.27.x)	Run tests	2026-09-11T21:05:06.2741370Z     --- PASS: TestRequestHeadersConnectValidation/empty_:path (0.00s)
Unit tests (macos, Go 1.27.x)	Run tests	2026-09-11T21:05:06.2741680Z     --- PASS: TestRequestHeadersConnectValidation/empty_:scheme (0.00s)
Unit tests (macos, Go 1.27.x)	Run tests	2026-09-11T21:05:06.2741810Z === RUN   TestRequestHeadersContentLengthValidation
Unit tests (macos, Go 1.27.x)	Run tests	2026-09-11T21:05:06.2742010Z === RUN   TestRequestHeadersContentLengthValidation/negative_content_length
Unit tests (macos, Go 1.27.x)	Run tests	2026-09-11T21:05:06.2742250Z === RUN   TestRequestHeadersContentLengthValidation/multiple_differing_content_lengths
Unit tests (macos, Go 1.27.x)	Run tests	2026-09-11T21:05:06.2742410Z --- PASS: TestRequestHeadersContentLengthValidation (0.00s)
Unit tests (macos, Go 1.27.x)	Run tests	2026-09-11T21:05:06.2742740Z     --- PASS: TestRequestHeadersContentLengthValidation/negative_content_length (0.00s)
Unit tests (macos, Go 1.27.x)	Run tests	2026-09-11T21:05:06.2743140Z     --- PASS: TestRequestHeadersContentLengthValidation/multiple_differing_content_lengths (0.00s)
Unit tests (macos, Go 1.27.x)	Run tests	2026-09-11T21:05:06.2743230Z === RUN   TestClientGzip
Unit tests (macos, Go 1.27.x)	Run tests	2026-09-11T21:05:06.2743320Z === RUN   TestClientGzip/gzipped
Unit tests (macos, Go 1.27.x)	Run tests	2026-09-11T21:05:06.2743410Z === RUN   TestClientGzip/not_gzipped
Unit tests (macos, Go 1.27.x)	Run tests	2026-09-11T21:05:06.2743510Z === RUN   TestClientGzip/disable_compression
Unit tests (macos, Go 1.27.x)	Run tests	2026-09-11T21:05:06.2743620Z === RUN   TestClientGzip/successful_CONNECT
Unit tests (macos, Go 1.27.x)	Run tests	2026-09-11T21:05:06.2743710Z === RUN   TestClientGzip/failed_CONNECT
Unit tests (macos, Go 1.27.x)	Run tests	2026-09-11T21:05:06.2743820Z --- PASS: TestClientGzip (0.01s)
Unit tests (macos, Go 1.27.x)	Run tests	2026-09-11T21:05:06.2744050Z     --- PASS: TestClientGzip/gzipped (0.00s)
Unit tests (macos, Go 1.27.x)	Run tests	2026-09-11T21:05:06.2744460Z     --- PASS: TestClientGzip/not_gzipped (0.00s)
Unit tests (macos, Go 1.27.x)	Run tests	2026-09-11T21:05:06.2744650Z     --- PASS: TestClientGzip/disable_compression (0.00s)
Unit tests (macos, Go 1.27.x)	Run tests	2026-09-11T21:05:06.2744840Z     --- PASS: TestClientGzip/successful_CONNECT (0.00s)
Unit tests (macos, Go 1.27.x)	Run tests	2026-09-11T21:05:06.2745010Z     --- PASS: TestClientGzip/failed_CONNECT (0.00s)
Unit tests (macos, Go 1.27.x)	Run tests	2026-09-11T21:05:06.2745090Z === RUN   TestTransportClose
Unit tests (macos, Go 1.27.x)	Run tests	2026-09-11T21:05:06.2745180Z --- PASS: TestTransportClose (0.00s)
Unit tests (macos, Go 1.27.x)	Run tests	2026-09-11T21:05:06.2745270Z === RUN   TestServerGracefulShutdown
Unit tests (macos, Go 1.27.x)	Run tests	2026-09-11T21:05:06.2745380Z --- PASS: TestServerGracefulShutdown (0.11s)
Unit tests (macos, Go 1.27.x)	Run tests	2026-09-11T21:05:06.2745480Z === RUN   TestExchangeRetryUntouchedInput
Unit tests (macos, Go 1.27.x)	Run tests	2026-09-11T21:05:06.2745610Z === RUN   TestExchangeRetryUntouchedInput/retry-success
Unit tests (macos, Go 1.27.x)	Run tests	2026-09-11T21:05:06.2745760Z === RUN   TestExchangeRetryUntouchedInput/terminal-failure
Unit tests (macos, Go 1.27.x)	Run tests	2026-09-11T21:05:06.2746010Z --- PASS: TestExchangeRetryUntouchedInput (0.01s)
Unit tests (macos, Go 1.27.x)	Run tests	2026-09-11T21:05:06.2746260Z     --- PASS: TestExchangeRetryUntouchedInput/retry-success (0.01s)
Unit tests (macos, Go 1.27.x)	Run tests	2026-09-11T21:05:06.2746520Z     --- PASS: TestExchangeRetryUntouchedInput/terminal-failure (0.00s)
Unit tests (macos, Go 1.27.x)	Run tests	2026-09-11T21:05:06.2746620Z === RUN   TestRequestHeadersContentLength
Unit tests (macos, Go 1.27.x)	Run tests	2026-09-11T21:05:06.2746770Z === RUN   TestRequestHeadersContentLength/no_content_length
Unit tests (macos, Go 1.27.x)	Run tests	2026-09-11T21:05:06.2746940Z === RUN   TestRequestHeadersContentLength/multiple_content_lengths
Unit tests (macos, Go 1.27.x)	Run tests	2026-09-11T21:05:06.2747070Z --- PASS: TestRequestHeadersContentLength (0.00s)
Unit tests (macos, Go 1.27.x)	Run tests	2026-09-11T21:05:06.2747350Z     --- PASS: TestRequestHeadersContentLength/no_content_length (0.00s)
Unit tests (macos, Go 1.27.x)	Run tests	2026-09-11T21:05:06.2747690Z     --- PASS: TestRequestHeadersContentLength/multiple_content_lengths (0.00s)
Unit tests (macos, Go 1.27.x)	Run tests	2026-09-11T21:05:06.2748440Z === RUN   TestParserPriorityUpdateFrame
Unit tests (macos, Go 1.27.x)	Run tests	2026-09-11T21:05:06.2749770Z --- PASS: TestParserPriorityUpdateFrame (0.00s)
Unit tests (macos, Go 1.27.x)	Run tests	2026-09-11T21:05:06.2749900Z === RUN   TestServerHandlerBodyNotRead
Unit tests (macos, Go 1.27.x)	Run tests	2026-09-11T21:05:06.2750070Z === RUN   TestServerHandlerBodyNotRead/GET_request_with_a_body
Unit tests (macos, Go 1.27.x)	Run tests	2026-09-11T21:05:06.2750240Z === RUN   TestServerHandlerBodyNotRead/POST_body_not_read
Unit tests (macos, Go 1.27.x)	Run tests	2026-09-11T21:05:06.2750430Z === RUN   TestServerHandlerBodyNotRead/POST_request,_with_a_replaced_body
Unit tests (macos, Go 1.27.x)	Run tests	2026-09-11T21:05:06.2750560Z --- PASS: TestServerHandlerBodyNotRead (0.01s)
Unit tests (macos, Go 1.27.x)	Run tests	2026-09-11T21:05:06.2750840Z     --- PASS: TestServerHandlerBodyNotRead/GET_request_with_a_body (0.00s)
Unit tests (macos, Go 1.27.x)	Run tests	2026-09-11T21:05:06.2751100Z     --- PASS: TestServerHandlerBodyNotRead/POST_body_not_read (0.00s)
Unit tests (macos, Go 1.27.x)	Run tests	2026-09-11T21:05:06.2751430Z     --- PASS: TestServerHandlerBodyNotRead/POST_request,_with_a_replaced_body (0.00s)
Unit tests (macos, Go 1.27.x)	Run tests	2026-09-11T21:05:06.2751520Z === RUN   TestServerRequestHandling
Unit tests (macos, Go 1.27.x)	Run tests	2026-09-11T21:05:06.2751670Z === RUN   TestServerRequestHandling/200_with_an_empty_handler
Unit tests (macos, Go 1.27.x)	Run tests	2026-09-11T21:05:06.2751790Z === RUN   TestServerRequestHandling/content-length
Unit tests (macos, Go 1.27.x)	Run tests	2026-09-11T21:05:06.2751960Z === RUN   TestServerRequestHandling/no_content-length_when_flushed
Unit tests (macos, Go 1.27.x)	Run tests	2026-09-11T21:05:06.2752090Z === RUN   TestServerRequestHandling/HEAD_request
Unit tests (macos, Go 1.27.x)	Run tests	2026-09-11T21:05:06.2752210Z === RUN   TestServerRequestHandling/POST_request
Unit tests (macos, Go 1.27.x)	Run tests	2026-09-11T21:05:06.2752320Z --- PASS: TestServerRequestHandling (0.01s)
Unit tests (macos, Go 1.27.x)	Run tests	2026-09-11T21:05:06.2752590Z     --- PASS: TestServerRequestHandling/200_with_an_empty_handler (0.00s)
Unit tests (macos, Go 1.27.x)	Run tests	2026-09-11T21:05:06.2753160Z     --- PASS: TestServerRequestHandling/content-length (0.00s)
Unit tests (macos, Go 1.27.x)	Run tests	2026-09-11T21:05:06.2753510Z     --- PASS: TestServerRequestHandling/no_content-length_when_flushed (0.00s)
Unit tests (macos, Go 1.27.x)	Run tests	2026-09-11T21:05:06.2753730Z     --- PASS: TestServerRequestHandling/HEAD_request (0.00s)
Unit tests (macos, Go 1.27.x)	Run tests	2026-09-11T21:05:06.2753940Z     --- PASS: TestServerRequestHandling/POST_request (0.00s)
Unit tests (macos, Go 1.27.x)	Run tests	2026-09-11T21:05:06.2754030Z === RUN   TestParserGoAwayFrame
Unit tests (macos, Go 1.27.x)	Run tests	2026-09-11T21:05:06.2754130Z --- PASS: TestParserGoAwayFrame (0.00s)
Unit tests (macos, Go 1.27.x)	Run tests	2026-09-11T21:05:06.2754220Z === RUN   TestServerRequestHeaderLogging
Unit tests (macos, Go 1.27.x)	Run tests	2026-09-11T21:05:06.2754470Z === RUN   TestServerRequestHeaderLogging/disabled
Unit tests (macos, Go 1.27.x)	Run tests	2026-09-11T21:05:06.2755080Z === RUN   TestServerRequestHeaderLogging/enabled
Unit tests (macos, Go 1.27.x)	Run tests	2026-09-11T21:05:06.2755700Z --- PASS: TestServerRequestHeaderLogging (0.01s)
Unit tests (macos, Go 1.27.x)	Run tests	2026-09-11T21:05:06.2756280Z     --- PASS: TestServerRequestHeaderLogging/disabled (0.00s)
Unit tests (macos, Go 1.27.x)	Run tests	2026-09-11T21:05:06.2757920Z     --- PASS: TestServerRequestHeaderLogging/enabled (0.00s)
Unit tests (macos, Go 1.27.x)	Run tests	2026-09-11T21:05:06.2758350Z === RUN   TestTransportRequestContextCancellation
Unit tests (macos, Go 1.27.x)	Run tests	2026-09-11T21:05:06.2758790Z --- PASS: TestTransportRequestContextCancellation (0.00s)
Unit tests (macos, Go 1.27.x)	Run tests	2026-09-11T21:05:06.2758880Z === RUN   TestStreamTryWriteAll
Unit tests (macos, Go 1.27.x)	Run tests	2026-09-11T21:05:06.2759010Z --- PASS: TestStreamTryWriteAll (0.00s)
Unit tests (macos, Go 1.27.x)	Run tests	2026-09-11T21:05:06.2759150Z === RUN   TestParserHeadersFrame
Unit tests (macos, Go 1.27.x)	Run tests	2026-09-11T21:05:06.2759270Z --- PASS: TestParserHeadersFrame (0.00s)
Unit tests (macos, Go 1.27.x)	Run tests	2026-09-11T21:05:06.2759420Z === RUN   TestRawServerConnQloggerWaitsForProducer
Unit tests (macos, Go 1.27.x)	Run tests	2026-09-11T21:05:06.2759580Z --- PASS: TestRawServerConnQloggerWaitsForProducer (0.06s)
Unit tests (macos, Go 1.27.x)	Run tests	2026-09-11T21:05:06.2759730Z === RUN   TestTransportCloseEstablishedConnections
Unit tests (macos, Go 1.27.x)	Run tests	2026-09-11T21:05:06.2759880Z --- PASS: TestTransportCloseEstablishedConnections (0.00s)
Unit tests (macos, Go 1.27.x)	Run tests	2026-09-11T21:05:06.2760380Z === RUN   TestHeaderCollectionAllocations
Unit tests (macos, Go 1.27.x)	Run tests	2026-09-11T21:05:06.2760500Z === RUN   TestHeaderCollectionAllocations/request
Unit tests (macos, Go 1.27.x)	Run tests	2026-09-11T21:05:06.2760950Z     header_logging_test.go:148: without collection: 10 allocs; legacy collection: 14 allocs
Unit tests (macos, Go 1.27.x)	Run tests	2026-09-11T21:05:06.2761120Z === RUN   TestHeaderCollectionAllocations/response
Unit tests (macos, Go 1.27.x)	Run tests	2026-09-11T21:05:06.2761530Z     header_logging_test.go:148: without collection: 9 allocs; legacy collection: 12 allocs
Unit tests (macos, Go 1.27.x)	Run tests	2026-09-11T21:05:06.2761660Z --- PASS: TestHeaderCollectionAllocations (0.00s)
Unit tests (macos, Go 1.27.x)	Run tests	2026-09-11T21:05:06.2761900Z     --- PASS: TestHeaderCollectionAllocations/request (0.00s)
Unit tests (macos, Go 1.27.x)	Run tests	2026-09-11T21:05:06.2762130Z     --- PASS: TestHeaderCollectionAllocations/response (0.00s)
Unit tests (macos, Go 1.27.x)	Run tests	2026-09-11T21:05:06.2762260Z === RUN   TestResponseTrailerParsing
Unit tests (macos, Go 1.27.x)	Run tests	2026-09-11T21:05:06.2762390Z --- PASS: TestResponseTrailerParsing (0.00s)
Unit tests (macos, Go 1.27.x)	Run tests	2026-09-11T21:05:06.2762500Z === RUN   TestCapsuleParsing
Unit tests (macos, Go 1.27.x)	Run tests	2026-09-11T21:05:06.2763100Z --- PASS: TestCapsuleParsing (0.00s)
Unit tests (macos, Go 1.27.x)	Run tests	2026-09-11T21:05:06.2763220Z === RUN   TestClientRequestError
Unit tests (macos, Go 1.27.x)	Run tests	2026-09-11T21:05:06.2763340Z --- PASS: TestClientRequestError (0.01s)
Unit tests (macos, Go 1.27.x)	Run tests	2026-09-11T21:05:06.2763480Z === RUN   TestCapsuleParserRequiresConsumption
Unit tests (macos, Go 1.27.x)	Run tests	2026-09-11T21:05:06.2763660Z --- PASS: TestCapsuleParserRequiresConsumption (0.00s)
Unit tests (macos, Go 1.27.x)	Run tests	2026-09-11T21:05:06.2763760Z === RUN   TestRequestWriterGetRequestGzip
Unit tests (macos, Go 1.27.x)	Run tests	2026-09-11T21:05:06.2763870Z === RUN   TestRequestWriterGetRequestGzip/gzip
Unit tests (macos, Go 1.27.x)	Run tests	2026-09-11T21:05:06.2763980Z === RUN   TestRequestWriterGetRequestGzip/no_gzip
Unit tests (macos, Go 1.27.x)	Run tests	2026-09-11T21:05:06.2764100Z --- PASS: TestRequestWriterGetRequestGzip (0.00s)
Unit tests (macos, Go 1.27.x)	Run tests	2026-09-11T21:05:06.2764300Z     --- PASS: TestRequestWriterGetRequestGzip/gzip (0.00s)
Unit tests (macos, Go 1.27.x)	Run tests	2026-09-11T21:05:06.2764520Z     --- PASS: TestRequestWriterGetRequestGzip/no_gzip (0.00s)
Unit tests (macos, Go 1.27.x)	Run tests	2026-09-11T21:05:06.2764610Z === RUN   TestParserUnknownFrameType
Unit tests (macos, Go 1.27.x)	Run tests	2026-09-11T21:05:06.2764720Z --- PASS: TestParserUnknownFrameType (0.00s)
Unit tests (macos, Go 1.27.x)	Run tests	2026-09-11T21:05:06.2764790Z === RUN   TestErrorCodes
Unit tests (macos, Go 1.27.x)	Run tests	2026-09-11T21:05:06.2764870Z --- PASS: TestErrorCodes (0.00s)
Unit tests (macos, Go 1.27.x)	Run tests	2026-09-11T21:05:06.2764980Z === RUN   TestResponseHeaderParsing
Unit tests (macos, Go 1.27.x)	Run tests	2026-09-11T21:05:06.2765090Z --- PASS: TestResponseHeaderParsing (0.00s)
Unit tests (macos, Go 1.27.x)	Run tests	2026-09-11T21:05:06.2765190Z === RUN   TestStreamInvalidFrame
Unit tests (macos, Go 1.27.x)	Run tests	2026-09-11T21:05:06.2765320Z --- PASS: TestStreamInvalidFrame (0.00s)
Unit tests (macos, Go 1.27.x)	Run tests	2026-09-11T21:05:06.2765470Z === RUN   TestStateTrackingStreamSendThenReceive
Unit tests (macos, Go 1.27.x)	Run tests	2026-09-11T21:05:06.2765650Z --- PASS: TestStateTrackingStreamSendThenReceive (0.01s)
Unit tests (macos, Go 1.27.x)	Run tests	2026-09-11T21:05:06.2765750Z === RUN   TestClientResponseValidation
Unit tests (macos, Go 1.27.x)	Run tests	2026-09-11T21:05:06.2765920Z === RUN   TestClientResponseValidation/HEADERS_frame_too_large
Unit tests (macos, Go 1.27.x)	Run tests	2026-09-11T21:05:06.2766040Z === RUN   TestClientResponseValidation/invalid_headers
Unit tests (macos, Go 1.27.x)	Run tests	2026-09-11T21:05:06.2766150Z --- PASS: TestClientResponseValidation (0.22s)
Unit tests (macos, Go 1.27.x)	Run tests	2026-09-11T21:05:06.2766450Z     --- PASS: TestClientResponseValidation/HEADERS_frame_too_large (0.11s)
Unit tests (macos, Go 1.27.x)	Run tests	2026-09-11T21:05:06.2767370Z     --- PASS: TestClientResponseValidation/invalid_headers (0.11s)
Unit tests (macos, Go 1.27.x)	Run tests	2026-09-11T21:05:06.2767530Z === RUN   TestRequestHeaderParsingWithHostHeader
Unit tests (macos, Go 1.27.x)	Run tests	2026-09-11T21:05:06.2767720Z --- PASS: TestRequestHeaderParsingWithHostHeader (0.00s)
Unit tests (macos, Go 1.27.x)	Run tests	2026-09-11T21:05:06.2767860Z === RUN   TestTransportCloseIdleConnections
Unit tests (macos, Go 1.27.x)	Run tests	2026-09-11T21:05:06.2769420Z --- PASS: TestTransportCloseIdleConnections (0.00s)
Unit tests (macos, Go 1.27.x)	Run tests	2026-09-11T21:05:06.2769690Z === RUN   TestStateTrackingStreamRead
Unit tests (macos, Go 1.27.x)	Run tests	2026-09-11T21:05:06.2770000Z === RUN   TestStateTrackingStreamRead/io.EOF
Unit tests (macos, Go 1.27.x)	Run tests	2026-09-11T21:05:06.2770420Z === RUN   TestStateTrackingStreamRead/remote_stream_reset
Unit tests (macos, Go 1.27.x)	Run tests	2026-09-11T21:05:06.2770760Z --- PASS: TestStateTrackingStreamRead (0.00s)
Unit tests (macos, Go 1.27.x)	Run tests	2026-09-11T21:05:06.2771270Z     --- PASS: TestStateTrackingStreamRead/io.EOF (0.00s)
Unit tests (macos, Go 1.27.x)	Run tests	2026-09-11T21:05:06.2771910Z     --- PASS: TestStateTrackingStreamRead/remote_stream_reset (0.00s)
Unit tests (macos, Go 1.27.x)	Run tests	2026-09-11T21:05:06.2772250Z === RUN   TestConnSendAndReceiveDatagram
Unit tests (macos, Go 1.27.x)	Run tests	2026-09-11T21:05:06.2772600Z --- PASS: TestConnSendAndReceiveDatagram (0.00s)
Unit tests (macos, Go 1.27.x)	Run tests	2026-09-11T21:05:06.2772890Z === RUN   TestExchangeActualBodyCompletion
Unit tests (macos, Go 1.27.x)	Run tests	2026-09-11T21:05:06.2773190Z === RUN   TestExchangeActualBodyCompletion/head
Unit tests (macos, Go 1.27.x)	Run tests	2026-09-11T21:05:06.2774240Z === RUN   TestExchangeActualBodyCompletion/no-content
Unit tests (macos, Go 1.27.x)	Run tests	2026-09-11T21:05:06.2774580Z === RUN   TestExchangeActualBodyCompletion/length-zero
Unit tests (macos, Go 1.27.x)	Run tests	2026-09-11T21:05:06.2774910Z === RUN   TestExchangeActualBodyCompletion/connect
Unit tests (macos, Go 1.27.x)	Run tests	2026-09-11T21:05:06.2775230Z --- PASS: TestExchangeActualBodyCompletion (0.01s)
Unit tests (macos, Go 1.27.x)	Run tests	2026-09-11T21:05:06.2775740Z     --- PASS: TestExchangeActualBodyCompletion/head (0.00s)
Unit tests (macos, Go 1.27.x)	Run tests	2026-09-11T21:05:06.2776360Z     --- PASS: TestExchangeActualBodyCompletion/no-content (0.00s)
Unit tests (macos, Go 1.27.x)	Run tests	2026-09-11T21:05:06.2776980Z     --- PASS: TestExchangeActualBodyCompletion/length-zero (0.00s)
Unit tests (macos, Go 1.27.x)	Run tests	2026-09-11T21:05:06.2777540Z     --- PASS: TestExchangeActualBodyCompletion/connect (0.00s)
Unit tests (macos, Go 1.27.x)	Run tests	2026-09-11T21:05:06.2777860Z === RUN   TestExchangeUploadTerminalEvents
Unit tests (macos, Go 1.27.x)	Run tests	2026-09-11T21:05:06.2778380Z === RUN   TestExchangeUploadTerminalEvents/response-close-then-cancel
Unit tests (macos, Go 1.27.x)	Run tests	2026-09-11T21:05:06.2778760Z === RUN   TestExchangeUploadTerminalEvents/unread-cancel
Unit tests (macos, Go 1.27.x)	Run tests	2026-09-11T21:05:06.2779120Z === RUN   TestExchangeUploadTerminalEvents/connection-close
Unit tests (macos, Go 1.27.x)	Run tests	2026-09-11T21:05:06.2779490Z --- PASS: TestExchangeUploadTerminalEvents (0.02s)
Unit tests (macos, Go 1.27.x)	Run tests	2026-09-11T21:05:06.2780240Z     --- PASS: TestExchangeUploadTerminalEvents/response-close-then-cancel (0.00s)
Unit tests (macos, Go 1.27.x)	Run tests	2026-09-11T21:05:06.2780860Z     --- PASS: TestExchangeUploadTerminalEvents/unread-cancel (0.00s)
Unit tests (macos, Go 1.27.x)	Run tests	2026-09-11T21:05:06.2781570Z     --- PASS: TestExchangeUploadTerminalEvents/connection-close (0.01s)
Unit tests (macos, Go 1.27.x)	Run tests	2026-09-11T21:05:06.2782030Z === RUN   TestParserSettingsFrameExtendedConnectInvalidValue
Unit tests (macos, Go 1.27.x)	Run tests	2026-09-11T21:05:06.2782520Z --- PASS: TestParserSettingsFrameExtendedConnectInvalidValue (0.00s)
Unit tests (macos, Go 1.27.x)	Run tests	2026-09-11T21:05:06.2782740Z === RUN   TestClientRequest
Unit tests (macos, Go 1.27.x)	Run tests	2026-09-11T21:05:06.2782960Z === RUN   TestClientRequest/GET
Unit tests (macos, Go 1.27.x)	Run tests	2026-09-11T21:05:06.2783220Z === RUN   TestClientRequest/GET_0-RTT
Unit tests (macos, Go 1.27.x)	Run tests	2026-09-11T21:05:06.2783460Z === RUN   TestClientRequest/HEAD
Unit tests (macos, Go 1.27.x)	Run tests	2026-09-11T21:05:06.2783700Z === RUN   TestClientRequest/HEAD_0-RTT
Unit tests (macos, Go 1.27.x)	Run tests	2026-09-11T21:05:06.2783990Z --- PASS: TestClientRequest (0.01s)
Unit tests (macos, Go 1.27.x)	Run tests	2026-09-11T21:05:06.2784390Z     --- PASS: TestClientRequest/GET (0.00s)
Unit tests (macos, Go 1.27.x)	Run tests	2026-09-11T21:05:06.2784800Z     --- PASS: TestClientRequest/GET_0-RTT (0.00s)
Unit tests (macos, Go 1.27.x)	Run tests	2026-09-11T21:05:06.2785200Z     --- PASS: TestClientRequest/HEAD (0.00s)
Unit tests (macos, Go 1.27.x)	Run tests	2026-09-11T21:05:06.2785640Z     --- PASS: TestClientRequest/HEAD_0-RTT (0.00s)
Unit tests (macos, Go 1.27.x)	Run tests	2026-09-11T21:05:06.2785920Z === RUN   TestTransportConditionalEviction
Unit tests (macos, Go 1.27.x)	Run tests	2026-09-11T21:05:06.2786230Z === RUN   TestTransportConditionalEviction/current
Unit tests (macos, Go 1.27.x)	Run tests	2026-09-11T21:05:06.2786580Z === RUN   TestTransportConditionalEviction/nil_map
Unit tests (macos, Go 1.27.x)	Run tests	2026-09-11T21:05:06.2786880Z === RUN   TestTransportConditionalEviction/missing
Unit tests (macos, Go 1.27.x)	Run tests	2026-09-11T21:05:06.2787220Z === RUN   TestTransportConditionalEviction/replacement
Unit tests (macos, Go 1.27.x)	Run tests	2026-09-11T21:05:06.2787590Z --- PASS: TestTransportConditionalEviction (0.00s)
Unit tests (macos, Go 1.27.x)	Run tests	2026-09-11T21:05:06.2788180Z     --- PASS: TestTransportConditionalEviction/current (0.00s)
Unit tests (macos, Go 1.27.x)	Run tests	2026-09-11T21:05:06.2788760Z     --- PASS: TestTransportConditionalEviction/nil_map (0.00s)
Unit tests (macos, Go 1.27.x)	Run tests	2026-09-11T21:05:06.2789360Z     --- PASS: TestTransportConditionalEviction/missing (0.00s)
Unit tests (macos, Go 1.27.x)	Run tests	2026-09-11T21:05:06.2789980Z     --- PASS: TestTransportConditionalEviction/replacement (0.00s)
Unit tests (macos, Go 1.27.x)	Run tests	2026-09-11T21:05:06.2790240Z === RUN   TestResponseWriterTrailers
Unit tests (macos, Go 1.27.x)	Run tests	2026-09-11T21:05:06.2791410Z --- PASS: TestResponseWriterTrailers (0.00s)
Unit tests (macos, Go 1.27.x)	Run tests	2026-09-11T21:05:06.2791660Z === RUN   TestRequestWriterTrailers
Unit tests (macos, Go 1.27.x)	Run tests	2026-09-11T21:05:06.2791940Z --- PASS: TestRequestWriterTrailers (0.00s)
Unit tests (macos, Go 1.27.x)	Run tests	2026-09-11T21:05:06.2792370Z === RUN   TestClientExtendedConnectCancellationBeforeSettings
Unit tests (macos, Go 1.27.x)	Run tests	2026-09-11T21:05:06.2792860Z --- PASS: TestClientExtendedConnectCancellationBeforeSettings (0.10s)
Unit tests (macos, Go 1.27.x)	Run tests	2026-09-11T21:05:06.2793110Z === RUN   TestServerPanickingHandler
Unit tests (macos, Go 1.27.x)	Run tests	2026-09-11T21:05:06.2793430Z === RUN   TestServerPanickingHandler/panicking_handler
Unit tests (macos, Go 1.27.x)	Run tests	2026-09-11T21:05:06.2793820Z === RUN   TestServerPanickingHandler/http.ErrAbortHandler
Unit tests (macos, Go 1.27.x)	Run tests	2026-09-11T21:05:06.2794110Z --- PASS: TestServerPanickingHandler (0.01s)
Unit tests (macos, Go 1.27.x)	Run tests	2026-09-11T21:05:06.2794660Z     --- PASS: TestServerPanickingHandler/panicking_handler (0.00s)
Unit tests (macos, Go 1.27.x)	Run tests	2026-09-11T21:05:06.2795250Z     --- PASS: TestServerPanickingHandler/http.ErrAbortHandler (0.00s)
Unit tests (macos, Go 1.27.x)	Run tests	2026-09-11T21:05:06.2795890Z === RUN   TestTransportCloseInFlightDials
Unit tests (macos, Go 1.27.x)	Run tests	2026-09-11T21:05:06.2796210Z --- PASS: TestTransportCloseInFlightDials (0.10s)
Unit tests (macos, Go 1.27.x)	Run tests	2026-09-11T21:05:06.2796540Z === RUN   TestExchangeEarlyResponsePreservesUpload
Unit tests (macos, Go 1.27.x)	Run tests	2026-09-11T21:05:06.2796930Z --- PASS: TestExchangeEarlyResponsePreservesUpload (0.00s)
Unit tests (macos, Go 1.27.x)	Run tests	2026-09-11T21:05:06.2797310Z === RUN   TestStreamWrite
Unit tests (macos, Go 1.27.x)	Run tests	2026-09-11T21:05:06.2797560Z --- PASS: TestStreamWrite (0.00s)
Unit tests (macos, Go 1.27.x)	Run tests	2026-09-11T21:05:06.2797950Z === RUN   TestRequestHeadersExtendedConnectRequestValidation
Unit tests (macos, Go 1.27.x)	Run tests	2026-09-11T21:05:06.2798490Z --- PASS: TestRequestHeadersExtendedConnectRequestValidation (0.00s)
Unit tests (macos, Go 1.27.x)	Run tests	2026-09-11T21:05:06.2798750Z === RUN   TestStateTrackingStreamClose
Unit tests (macos, Go 1.27.x)	Run tests	2026-09-11T21:05:06.2799040Z --- PASS: TestStateTrackingStreamClose (0.05s)
Unit tests (macos, Go 1.27.x)	Run tests	2026-09-11T21:05:06.2799300Z === RUN   TestEmptyCapsuleParsing
Unit tests (macos, Go 1.27.x)	Run tests	2026-09-11T21:05:06.2799600Z --- PASS: TestEmptyCapsuleParsing (0.00s)
Unit tests (macos, Go 1.27.x)	Run tests	2026-09-11T21:05:06.2800070Z === RUN   TestRequestWriterExtendedConnectInvalidProtocol
Unit tests (macos, Go 1.27.x)	Run tests	2026-09-11T21:05:06.2800540Z --- PASS: TestRequestWriterExtendedConnectInvalidProtocol (0.00s)
Unit tests (macos, Go 1.27.x)	Run tests	2026-09-11T21:05:06.2800810Z === RUN   TestServerConcurrentServeAndClose
Unit tests (macos, Go 1.27.x)	Run tests	2026-09-11T21:05:06.2801140Z --- PASS: TestServerConcurrentServeAndClose (0.01s)
Unit tests (macos, Go 1.27.x)	Run tests	2026-09-11T21:05:06.2801400Z === RUN   TestClientRequestLengthLimit
Unit tests (macos, Go 1.27.x)	Run tests	2026-09-11T21:05:06.2876410Z --- PASS: TestClientRequestLengthLimit (0.00s)
Unit tests (macos, Go 1.27.x)	Run tests	2026-09-11T21:05:06.2876730Z === RUN   TestRequestHeaderParsing
Unit tests (macos, Go 1.27.x)	Run tests	2026-09-11T21:05:06.2876880Z === RUN   TestRequestHeaderParsing/regular_path
Unit tests (macos, Go 1.27.x)	Run tests	2026-09-11T21:05:06.2877030Z === RUN   TestRequestHeaderParsing/path_starting_with_//
Unit tests (macos, Go 1.27.x)	Run tests	2026-09-11T21:05:06.2877170Z === RUN   TestRequestHeaderParsing/upper-case_scheme
Unit tests (macos, Go 1.27.x)	Run tests	2026-09-11T21:05:06.2877280Z --- PASS: TestRequestHeaderParsing (0.00s)
Unit tests (macos, Go 1.27.x)	Run tests	2026-09-11T21:05:06.2877500Z     --- PASS: TestRequestHeaderParsing/regular_path (0.00s)
Unit tests (macos, Go 1.27.x)	Run tests	2026-09-11T21:05:06.2877760Z     --- PASS: TestRequestHeaderParsing/path_starting_with_// (0.00s)
Unit tests (macos, Go 1.27.x)	Run tests	2026-09-11T21:05:06.2878010Z     --- PASS: TestRequestHeaderParsing/upper-case_scheme (0.00s)
Unit tests (macos, Go 1.27.x)	Run tests	2026-09-11T21:05:06.2878180Z === RUN   TestExchangeOverlappingTerminalEvents
Unit tests (macos, Go 1.27.x)	Run tests	2026-09-11T21:05:06.2878320Z --- PASS: TestExchangeOverlappingTerminalEvents (0.00s)
Unit tests (macos, Go 1.27.x)	Run tests	2026-09-11T21:05:06.2878420Z === RUN   TestRequestValidation
Unit tests (macos, Go 1.27.x)	Run tests	2026-09-11T21:05:06.2878520Z === RUN   TestRequestValidation/plain_HTTP
Unit tests (macos, Go 1.27.x)	Run tests	2026-09-11T21:05:06.2878630Z === RUN   TestRequestValidation/missing_URL
Unit tests (macos, Go 1.27.x)	Run tests	2026-09-11T21:05:06.2878740Z === RUN   TestRequestValidation/missing_URL_Host
Unit tests (macos, Go 1.27.x)	Run tests	2026-09-11T21:05:06.2878850Z === RUN   TestRequestValidation/missing_header
Unit tests (macos, Go 1.27.x)	Run tests	2026-09-11T21:05:06.2878960Z === RUN   TestRequestValidation/invalid_header_name
Unit tests (macos, Go 1.27.x)	Run tests	2026-09-11T21:05:06.2879080Z === RUN   TestRequestValidation/invalid_header_value
Unit tests (macos, Go 1.27.x)	Run tests	2026-09-11T21:05:06.2879200Z === RUN   TestRequestValidation/invalid_method
Unit tests (macos, Go 1.27.x)	Run tests	2026-09-11T21:05:06.2879290Z --- PASS: TestRequestValidation (0.00s)
Unit tests (macos, Go 1.27.x)	Run tests	2026-09-11T21:05:06.2879480Z     --- PASS: TestRequestValidation/plain_HTTP (0.00s)
Unit tests (macos, Go 1.27.x)	Run tests	2026-09-11T21:05:06.2879670Z     --- PASS: TestRequestValidation/missing_URL (0.00s)
Unit tests (macos, Go 1.27.x)	Run tests	2026-09-11T21:05:06.2879890Z     --- PASS: TestRequestValidation/missing_URL_Host (0.00s)
Unit tests (macos, Go 1.27.x)	Run tests	2026-09-11T21:05:06.2880090Z     --- PASS: TestRequestValidation/missing_header (0.00s)
Unit tests (macos, Go 1.27.x)	Run tests	2026-09-11T21:05:06.2880830Z     --- PASS: TestRequestValidation/invalid_header_name (0.00s)
Unit tests (macos, Go 1.27.x)	Run tests	2026-09-11T21:05:06.2881050Z     --- PASS: TestRequestValidation/invalid_header_value (0.00s)
Unit tests (macos, Go 1.27.x)	Run tests	2026-09-11T21:05:06.2881280Z     --- PASS: TestRequestValidation/invalid_method (0.00s)
Unit tests (macos, Go 1.27.x)	Run tests	2026-09-11T21:05:06.2881380Z === RUN   TestCookieHeader
Unit tests (macos, Go 1.27.x)	Run tests	2026-09-11T21:05:06.2881520Z --- PASS: TestCookieHeader (0.00s)
Unit tests (macos, Go 1.27.x)	Run tests	2026-09-11T21:05:06.2881640Z === RUN   TestServerListenAndServeErrors
Unit tests (macos, Go 1.27.x)	Run tests	2026-09-11T21:05:06.2966200Z --- PASS: TestServerListenAndServeErrors (0.00s)
Unit tests (macos, Go 1.27.x)	Run tests	2026-09-11T21:05:06.2966660Z === RUN   TestStateTrackingStreamReceiveThenSend
Unit tests (macos, Go 1.27.x)	Run tests	2026-09-11T21:05:06.2966910Z --- PASS: TestStateTrackingStreamReceiveThenSend (0.00s)
Unit tests (macos, Go 1.27.x)	Run tests	2026-09-11T21:05:06.2967070Z === RUN   TestRequestWriterInvalidHeaderValue
Unit tests (macos, Go 1.27.x)	Run tests	2026-09-11T21:05:06.2967240Z --- PASS: TestRequestWriterInvalidHeaderValue (0.00s)
Unit tests (macos, Go 1.27.x)	Run tests	2026-09-11T21:05:06.2968380Z === RUN   TestServerAltSvcFromListenersAndConns
Unit tests (macos, Go 1.27.x)	Run tests	2026-09-11T21:05:06.2968550Z === RUN   TestServerAltSvcFromListenersAndConns/default
Unit tests (macos, Go 1.27.x)	Run tests	2026-09-11T21:05:06.2968690Z === RUN   TestServerAltSvcFromListenersAndConns/v1
Unit tests (macos, Go 1.27.x)	Run tests	2026-09-11T21:05:06.2968830Z === RUN   TestServerAltSvcFromListenersAndConns/v1_and_v2
Unit tests (macos, Go 1.27.x)	Run tests	2026-09-11T21:05:06.2968970Z --- PASS: TestServerAltSvcFromListenersAndConns (0.01s)
Unit tests (macos, Go 1.27.x)	Run tests	2026-09-11T21:05:06.2969410Z     --- PASS: TestServerAltSvcFromListenersAndConns/default (0.00s)
Unit tests (macos, Go 1.27.x)	Run tests	2026-09-11T21:05:06.2969670Z     --- PASS: TestServerAltSvcFromListenersAndConns/v1 (0.00s)
Unit tests (macos, Go 1.27.x)	Run tests	2026-09-11T21:05:06.2969920Z     --- PASS: TestServerAltSvcFromListenersAndConns/v1_and_v2 (0.00s)
Unit tests (macos, Go 1.27.x)	Run tests	2026-09-11T21:05:06.2970010Z === RUN   TestConnDatagramFailures
Unit tests (macos, Go 1.27.x)	Run tests	2026-09-11T21:05:06.2970130Z === RUN   TestConnDatagramFailures/invalid_varint
Unit tests (macos, Go 1.27.x)	Run tests	2026-09-11T21:05:06.2970270Z === RUN   TestConnDatagramFailures/invalid_quarter_stream_ID
Unit tests (macos, Go 1.27.x)	Run tests	2026-09-11T21:05:06.2970370Z --- PASS: TestConnDatagramFailures (0.00s)
Unit tests (macos, Go 1.27.x)	Run tests	2026-09-11T21:05:06.2970590Z     --- PASS: TestConnDatagramFailures/invalid_varint (0.00s)
Unit tests (macos, Go 1.27.x)	Run tests	2026-09-11T21:05:06.2970850Z     --- PASS: TestConnDatagramFailures/invalid_quarter_stream_ID (0.00s)
Unit tests (macos, Go 1.27.x)	Run tests	2026-09-11T21:05:06.2970930Z === RUN   TestCapsuleWriting
Unit tests (macos, Go 1.27.x)	Run tests	2026-09-11T21:05:06.2971020Z --- PASS: TestCapsuleWriting (0.00s)
Unit tests (macos, Go 1.27.x)	Run tests	2026-09-11T21:05:06.2971110Z === RUN   TestRequestHeadersConnect
Unit tests (macos, Go 1.27.x)	Run tests	2026-09-11T21:05:06.2971210Z --- PASS: TestRequestHeadersConnect (0.00s)
Unit tests (macos, Go 1.27.x)	Run tests	2026-09-11T21:05:06.2971290Z === RUN   TestCapsuleTruncation
Unit tests (macos, Go 1.27.x)	Run tests	2026-09-11T21:05:06.2971530Z === RUN   TestCapsuleTruncation/with_content
Unit tests (macos, Go 1.27.x)	Run tests	2026-09-11T21:05:06.2972070Z === RUN   TestCapsuleTruncation/empty_content
Unit tests (macos, Go 1.27.x)	Run tests	2026-09-11T21:05:06.2972190Z --- PASS: TestCapsuleTruncation (0.00s)
Unit tests (macos, Go 1.27.x)	Run tests	2026-09-11T21:05:06.2972450Z     --- PASS: TestCapsuleTruncation/with_content (0.00s)
Unit tests (macos, Go 1.27.x)	Run tests	2026-09-11T21:05:06.2972650Z     --- PASS: TestCapsuleTruncation/empty_content (0.00s)
Unit tests (macos, Go 1.27.x)	Run tests	2026-09-11T21:05:06.2972730Z === RUN   TestServerClosing
Unit tests (macos, Go 1.27.x)	Run tests	2026-09-11T21:05:06.2972810Z --- PASS: TestServerClosing (0.00s)
Unit tests (macos, Go 1.27.x)	Run tests	2026-09-11T21:05:06.2973160Z === RUN   TestExchangeActiveMultiplexedResponses
Unit tests (macos, Go 1.27.x)	Run tests	2026-09-11T21:05:06.2973560Z --- PASS: TestExchangeActiveMultiplexedResponses (0.00s)
Unit tests (macos, Go 1.27.x)	Run tests	2026-09-11T21:05:06.2973730Z === RUN   TestParserUnsupportedFrameTypes
Unit tests (macos, Go 1.27.x)	Run tests	2026-09-11T21:05:06.2973870Z === RUN   TestParserUnsupportedFrameTypes/CANCEL_PUSH
Unit tests (macos, Go 1.27.x)	Run tests	2026-09-11T21:05:06.2974010Z === RUN   TestParserUnsupportedFrameTypes/PUSH_PROMISE
Unit tests (macos, Go 1.27.x)	Run tests	2026-09-11T21:05:06.2974140Z === RUN   TestParserUnsupportedFrameTypes/MAX_PUSH_ID
Unit tests (macos, Go 1.27.x)	Run tests	2026-09-11T21:05:06.2974270Z --- PASS: TestParserUnsupportedFrameTypes (0.00s)
Unit tests (macos, Go 1.27.x)	Run tests	2026-09-11T21:05:06.2974550Z     --- PASS: TestParserUnsupportedFrameTypes/CANCEL_PUSH (0.00s)
Unit tests (macos, Go 1.27.x)	Run tests	2026-09-11T21:05:06.2974860Z     --- PASS: TestParserUnsupportedFrameTypes/PUSH_PROMISE (0.00s)
Unit tests (macos, Go 1.27.x)	Run tests	2026-09-11T21:05:06.2975110Z     --- PASS: TestParserUnsupportedFrameTypes/MAX_PUSH_ID (0.00s)
Unit tests (macos, Go 1.27.x)	Run tests	2026-09-11T21:05:06.2975200Z === RUN   TestSettingsCompatibleFor0RTT
Unit tests (macos, Go 1.27.x)	Run tests	2026-09-11T21:05:06.2975390Z === RUN   TestSettingsCompatibleFor0RTT/max_field_section_size_increased
Unit tests (macos, Go 1.27.x)	Run tests	2026-09-11T21:05:06.2975540Z === RUN   TestSettingsCompatibleFor0RTT/missing_settings
Unit tests (macos, Go 1.27.x)	Run tests	2026-09-11T21:05:06.2976310Z === RUN   TestSettingsCompatibleFor0RTT/malformed_settings
Unit tests (macos, Go 1.27.x)	Run tests	2026-09-11T21:05:06.2977570Z === RUN   TestSettingsCompatibleFor0RTT/max_field_section_size_reduced
Unit tests (macos, Go 1.27.x)	Run tests	2026-09-11T21:05:06.2977940Z === RUN   TestSettingsCompatibleFor0RTT/datagrams_disabled
Unit tests (macos, Go 1.27.x)	Run tests	2026-09-11T21:05:06.2978270Z === RUN   TestSettingsCompatibleFor0RTT/unknown_setting
Unit tests (macos, Go 1.27.x)	Run tests	2026-09-11T21:05:06.2978570Z --- PASS: TestSettingsCompatibleFor0RTT (0.00s)
Unit tests (macos, Go 1.27.x)	Run tests	2026-09-11T21:05:06.2979330Z     --- PASS: TestSettingsCompatibleFor0RTT/max_field_section_size_increased (0.00s)
Unit tests (macos, Go 1.27.x)	Run tests	2026-09-11T21:05:06.2979900Z     --- PASS: TestSettingsCompatibleFor0RTT/missing_settings (0.00s)
Unit tests (macos, Go 1.27.x)	Run tests	2026-09-11T21:05:06.2980510Z     --- PASS: TestSettingsCompatibleFor0RTT/malformed_settings (0.00s)
Unit tests (macos, Go 1.27.x)	Run tests	2026-09-11T21:05:06.2981260Z     --- PASS: TestSettingsCompatibleFor0RTT/max_field_section_size_reduced (0.00s)
Unit tests (macos, Go 1.27.x)	Run tests	2026-09-11T21:05:06.2981860Z     --- PASS: TestSettingsCompatibleFor0RTT/datagrams_disabled (0.00s)
Unit tests (macos, Go 1.27.x)	Run tests	2026-09-11T21:05:06.2982870Z     --- PASS: TestSettingsCompatibleFor0RTT/unknown_setting (0.00s)
Unit tests (macos, Go 1.27.x)	Run tests	2026-09-11T21:05:06.2983100Z === RUN   TestErrorString
Unit tests (macos, Go 1.27.x)	Run tests	2026-09-11T21:05:06.2983330Z === RUN   TestErrorString/remote_error
Unit tests (macos, Go 1.27.x)	Run tests	2026-09-11T21:05:06.2983630Z === RUN   TestErrorString/remote_error_with_message
Unit tests (macos, Go 1.27.x)	Run tests	2026-09-11T21:05:06.2983870Z === RUN   TestErrorString/local_error
Unit tests (macos, Go 1.27.x)	Run tests	2026-09-11T21:05:06.2984150Z === RUN   TestErrorString/local_error_with_message
Unit tests (macos, Go 1.27.x)	Run tests	2026-09-11T21:05:06.2984410Z === RUN   TestErrorString/unknown_error_code
Unit tests (macos, Go 1.27.x)	Run tests	2026-09-11T21:05:06.2984630Z --- PASS: TestErrorString (0.00s)
Unit tests (macos, Go 1.27.x)	Run tests	2026-09-11T21:05:06.2985190Z     --- PASS: TestErrorString/remote_error (0.00s)
Unit tests (macos, Go 1.27.x)	Run tests	2026-09-11T21:05:06.2985710Z     --- PASS: TestErrorString/remote_error_with_message (0.00s)
Unit tests (macos, Go 1.27.x)	Run tests	2026-09-11T21:05:06.2986100Z     --- PASS: TestErrorString/local_error (0.00s)
Unit tests (macos, Go 1.27.x)	Run tests	2026-09-11T21:05:06.2986610Z     --- PASS: TestErrorString/local_error_with_message (0.00s)
Unit tests (macos, Go 1.27.x)	Run tests	2026-09-11T21:05:06.2987060Z     --- PASS: TestErrorString/unknown_error_code (0.00s)
Unit tests (macos, Go 1.27.x)	Run tests	2026-09-11T21:05:06.2987350Z === RUN   TestCopiedCapsuleReadersShareProgress
Unit tests (macos, Go 1.27.x)	Run tests	2026-09-11T21:05:06.2988660Z --- PASS: TestCopiedCapsuleReadersShareProgress (0.00s)
Unit tests (macos, Go 1.27.x)	Run tests	2026-09-11T21:05:06.2988960Z === RUN   TestTransportDelayedRequestFailurePreservesReplacement
Unit tests (macos, Go 1.27.x)	Run tests	2026-09-11T21:05:06.2989170Z === RUN   TestTransportDelayedRequestFailurePreservesReplacement/terminal
Unit tests (macos, Go 1.27.x)	Run tests	2026-09-11T21:05:06.2989450Z === RUN   TestTransportDelayedRequestFailurePreservesReplacement/retryable
Unit tests (macos, Go 1.27.x)	Run tests	2026-09-11T21:05:06.2989720Z --- PASS: TestTransportDelayedRequestFailurePreservesReplacement (0.00s)
Unit tests (macos, Go 1.27.x)	Run tests	2026-09-11T21:05:06.2990650Z     --- PASS: TestTransportDelayedRequestFailurePreservesReplacement/terminal (0.00s)
Unit tests (macos, Go 1.27.x)	Run tests	2026-09-11T21:05:06.2991650Z     --- PASS: TestTransportDelayedRequestFailurePreservesReplacement/retryable (0.00s)
Unit tests (macos, Go 1.27.x)	Run tests	2026-09-11T21:05:06.2991990Z === RUN   TestClientConnHandleBidirectionalStream
Unit tests (macos, Go 1.27.x)	Run tests	2026-09-11T21:05:06.2992360Z --- PASS: TestClientConnHandleBidirectionalStream (0.00s)
Unit tests (macos, Go 1.27.x)	Run tests	2026-09-11T21:05:06.2992670Z === RUN   TestConnControlStreamFailures
Unit tests (macos, Go 1.27.x)	Run tests	2026-09-11T21:05:06.2993000Z === RUN   TestConnControlStreamFailures/missing_SETTINGS
Unit tests (macos, Go 1.27.x)	Run tests	2026-09-11T21:05:06.2993350Z === RUN   TestConnControlStreamFailures/frame_error
Unit tests (macos, Go 1.27.x)	Run tests	2026-09-11T21:05:06.2993920Z === RUN   TestConnControlStreamFailures/control_stream_closed_before_SETTINGS
Unit tests (macos, Go 1.27.x)	Run tests	2026-09-11T21:05:06.2994460Z === RUN   TestConnControlStreamFailures/control_stream_reset_before_SETTINGS
Unit tests (macos, Go 1.27.x)	Run tests	2026-09-11T21:05:06.2994770Z --- PASS: TestConnControlStreamFailures (0.11s)
Unit tests (macos, Go 1.27.x)	Run tests	2026-09-11T21:05:06.2995360Z     --- PASS: TestConnControlStreamFailures/missing_SETTINGS (0.00s)
Unit tests (macos, Go 1.27.x)	Run tests	2026-09-11T21:05:06.2995920Z     --- PASS: TestConnControlStreamFailures/frame_error (0.00s)
Unit tests (macos, Go 1.27.x)	Run tests	2026-09-11T21:05:06.2996790Z     --- PASS: TestConnControlStreamFailures/control_stream_closed_before_SETTINGS (0.01s)
Unit tests (macos, Go 1.27.x)	Run tests	2026-09-11T21:05:06.2997660Z     --- PASS: TestConnControlStreamFailures/control_stream_reset_before_SETTINGS (0.10s)
Unit tests (macos, Go 1.27.x)	Run tests	2026-09-11T21:05:06.2997920Z === RUN   TestServerRequestPriority
Unit tests (macos, Go 1.27.x)	Run tests	2026-09-11T21:05:06.2998310Z === RUN   TestServerRequestPriority/priority-aware_connection
Unit tests (macos, Go 1.27.x)	Run tests	2026-09-11T21:05:06.2998920Z === RUN   TestServerRequestPriority/priority-aware_connection/before_priority_signal
Unit tests (macos, Go 1.27.x)	Run tests	2026-09-11T21:05:06.3000830Z === RUN   TestServerRequestPriority/priority-aware_connection/explicit_urgency
Unit tests (macos, Go 1.27.x)	Run tests	2026-09-11T21:05:06.3001180Z === RUN   TestServerRequestPriority/priority-aware_connection/after_priority_signal
Unit tests (macos, Go 1.27.x)	Run tests	2026-09-11T21:05:06.3001440Z === RUN   TestServerRequestPriority/priority-aware_connection/incremental
Unit tests (macos, Go 1.27.x)	Run tests	2026-09-11T21:05:06.3001770Z === RUN   TestServerRequestPriority/priority-aware_connection/multiple_field_lines
Unit tests (macos, Go 1.27.x)	Run tests	2026-09-11T21:05:06.3001980Z === RUN   TestServerRequestPriority/malformed_priority_signal
Unit tests (macos, Go 1.27.x)	Run tests	2026-09-11T21:05:06.3002270Z === RUN   TestServerRequestPriority/malformed_priority_signal/malformed_header
Unit tests (macos, Go 1.27.x)	Run tests	2026-09-11T21:05:06.3002530Z === RUN   TestServerRequestPriority/malformed_priority_signal/after_malformed_signal
Unit tests (macos, Go 1.27.x)	Run tests	2026-09-11T21:05:06.3002660Z --- PASS: TestServerRequestPriority (0.01s)
Unit tests (macos, Go 1.27.x)	Run tests	2026-09-11T21:05:06.3003150Z     --- PASS: TestServerRequestPriority/priority-aware_connection (0.01s)
Unit tests (macos, Go 1.27.x)	Run tests	2026-09-11T21:05:06.3003690Z         --- PASS: TestServerRequestPriority/priority-aware_connection/before_priority_signal (0.00s)
Unit tests (macos, Go 1.27.x)	Run tests	2026-09-11T21:05:06.3004200Z         --- PASS: TestServerRequestPriority/priority-aware_connection/explicit_urgency (0.00s)
Unit tests (macos, Go 1.27.x)	Run tests	2026-09-11T21:05:06.3004780Z         --- PASS: TestServerRequestPriority/priority-aware_connection/after_priority_signal (0.00s)
Unit tests (macos, Go 1.27.x)	Run tests	2026-09-11T21:05:06.3005240Z         --- PASS: TestServerRequestPriority/priority-aware_connection/incremental (0.00s)
Unit tests (macos, Go 1.27.x)	Run tests	2026-09-11T21:05:06.3005730Z         --- PASS: TestServerRequestPriority/priority-aware_connection/multiple_field_lines (0.00s)
Unit tests (macos, Go 1.27.x)	Run tests	2026-09-11T21:05:06.3006010Z     --- PASS: TestServerRequestPriority/malformed_priority_signal (0.00s)
Unit tests (macos, Go 1.27.x)	Run tests	2026-09-11T21:05:06.3006460Z         --- PASS: TestServerRequestPriority/malformed_priority_signal/malformed_header (0.00s)
Unit tests (macos, Go 1.27.x)	Run tests	2026-09-11T21:05:06.3006960Z         --- PASS: TestServerRequestPriority/malformed_priority_signal/after_malformed_signal (0.00s)
Unit tests (macos, Go 1.27.x)	Run tests	2026-09-11T21:05:06.3007070Z === RUN   TestHeadersConcatenation
Unit tests (macos, Go 1.27.x)	Run tests	2026-09-11T21:05:06.3007180Z --- PASS: TestHeadersConcatenation (0.00s)
Unit tests (macos, Go 1.27.x)	Run tests	2026-09-11T21:05:06.3007280Z === RUN   TestCapsuleWriteEmpty
Unit tests (macos, Go 1.27.x)	Run tests	2026-09-11T21:05:06.3007390Z --- PASS: TestCapsuleWriteEmpty (0.00s)
Unit tests (macos, Go 1.27.x)	Run tests	2026-09-11T21:05:06.3007500Z === RUN   TestResponseWriterHeader
Unit tests (macos, Go 1.27.x)	Run tests	2026-09-11T21:05:06.3007620Z --- PASS: TestResponseWriterHeader (0.00s)
Unit tests (macos, Go 1.27.x)	Run tests	2026-09-11T21:05:06.3007720Z === RUN   TestResponseBodyConcurrentClose
Unit tests (macos, Go 1.27.x)	Run tests	2026-09-11T21:05:06.3007850Z --- PASS: TestResponseBodyConcurrentClose (0.00s)
Unit tests (macos, Go 1.27.x)	Run tests	2026-09-11T21:05:06.3007930Z === RUN   TestServerSettings
Unit tests (macos, Go 1.27.x)	Run tests	2026-09-11T21:05:06.3008030Z === RUN   TestServerSettings/enable_datagrams
Unit tests (macos, Go 1.27.x)	Run tests	2026-09-11T21:05:06.3008140Z === RUN   TestServerSettings/additional_settings
Unit tests (macos, Go 1.27.x)	Run tests	2026-09-11T21:05:06.3008240Z --- PASS: TestServerSettings (0.01s)
Unit tests (macos, Go 1.27.x)	Run tests	2026-09-11T21:05:06.3008440Z     --- PASS: TestServerSettings/enable_datagrams (0.00s)
Unit tests (macos, Go 1.27.x)	Run tests	2026-09-11T21:05:06.3008660Z     --- PASS: TestServerSettings/additional_settings (0.01s)
Unit tests (macos, Go 1.27.x)	Run tests	2026-09-11T21:05:06.3008760Z === RUN   TestConnRejectDuplicateStreams
Unit tests (macos, Go 1.27.x)	Run tests	2026-09-11T21:05:06.3008900Z === RUN   TestConnRejectDuplicateStreams/control_stream
Unit tests (macos, Go 1.27.x)	Run tests	2026-09-11T21:05:06.3009470Z === RUN   TestConnRejectDuplicateStreams/encoder_stream
Unit tests (macos, Go 1.27.x)	Run tests	2026-09-11T21:05:06.3010100Z === RUN   TestConnRejectDuplicateStreams/decoder_stream
Unit tests (macos, Go 1.27.x)	Run tests	2026-09-11T21:05:06.3010450Z --- PASS: TestConnRejectDuplicateStreams (0.01s)
Unit tests (macos, Go 1.27.x)	Run tests	2026-09-11T21:05:06.3011350Z     --- PASS: TestConnRejectDuplicateStreams/control_stream (0.00s)
Unit tests (macos, Go 1.27.x)	Run tests	2026-09-11T21:05:06.3011630Z     --- PASS: TestConnRejectDuplicateStreams/encoder_stream (0.01s)
Unit tests (macos, Go 1.27.x)	Run tests	2026-09-11T21:05:06.3011960Z     --- PASS: TestConnRejectDuplicateStreams/decoder_stream (0.00s)
Unit tests (macos, Go 1.27.x)	Run tests	2026-09-11T21:05:06.3012050Z === RUN   TestQpackError
Unit tests (macos, Go 1.27.x)	Run tests	2026-09-11T21:05:06.3012140Z === RUN   TestQpackError/header_parsing
Unit tests (macos, Go 1.27.x)	Run tests	2026-09-11T21:05:06.3012250Z === RUN   TestQpackError/trailer_parsing
Unit tests (macos, Go 1.27.x)	Run tests	2026-09-11T21:05:06.3012350Z --- PASS: TestQpackError (0.00s)
Unit tests (macos, Go 1.27.x)	Run tests	2026-09-11T21:05:06.3012540Z     --- PASS: TestQpackError/header_parsing (0.00s)
Unit tests (macos, Go 1.27.x)	Run tests	2026-09-11T21:05:06.3012740Z     --- PASS: TestQpackError/trailer_parsing (0.00s)
Unit tests (macos, Go 1.27.x)	Run tests	2026-09-11T21:05:06.3012840Z === RUN   TestServerRequestHeaderTooLarge
Unit tests (macos, Go 1.27.x)	Run tests	2026-09-11T21:05:06.3013210Z === RUN   TestServerRequestHeaderTooLarge/default_value
Unit tests (macos, Go 1.27.x)	Run tests	2026-09-11T21:05:06.3013360Z === RUN   TestServerRequestHeaderTooLarge/custom_value
Unit tests (macos, Go 1.27.x)	Run tests	2026-09-11T21:05:06.3013480Z --- PASS: TestServerRequestHeaderTooLarge (0.07s)
Unit tests (macos, Go 1.27.x)	Run tests	2026-09-11T21:05:06.3013740Z     --- PASS: TestServerRequestHeaderTooLarge/default_value (0.07s)
Unit tests (macos, Go 1.27.x)	Run tests	2026-09-11T21:05:06.3014010Z     --- PASS: TestServerRequestHeaderTooLarge/custom_value (0.00s)
Unit tests (macos, Go 1.27.x)	Run tests	2026-09-11T21:05:06.3014130Z === RUN   TestResponseTrailerParsingTE
Unit tests (macos, Go 1.27.x)	Run tests	2026-09-11T21:05:06.3014290Z --- PASS: TestResponseTrailerParsingTE (0.00s)
Unit tests (macos, Go 1.27.x)	Run tests	2026-09-11T21:05:06.3014430Z === RUN   TestServerRejectsPriorityUpdateForPush
Unit tests (macos, Go 1.27.x)	Run tests	2026-09-11T21:05:06.3014590Z --- PASS: TestServerRejectsPriorityUpdateForPush (0.00s)
Unit tests (macos, Go 1.27.x)	Run tests	2026-09-11T21:05:06.3014710Z === RUN   TestParserSettingsFrameExtendedConnect
Unit tests (macos, Go 1.27.x)	Run tests	2026-09-11T21:05:06.3014970Z === RUN   TestParserSettingsFrameExtendedConnect/enabled
Unit tests (macos, Go 1.27.x)	Run tests	2026-09-11T21:05:06.3015100Z === RUN   TestParserSettingsFrameExtendedConnect/disabled
Unit tests (macos, Go 1.27.x)	Run tests	2026-09-11T21:05:06.3015280Z --- PASS: TestParserSettingsFrameExtendedConnect (0.00s)
Unit tests (macos, Go 1.27.x)	Run tests	2026-09-11T21:05:06.3015550Z     --- PASS: TestParserSettingsFrameExtendedConnect/enabled (0.00s)
Unit tests (macos, Go 1.27.x)	Run tests	2026-09-11T21:05:06.3015810Z     --- PASS: TestParserSettingsFrameExtendedConnect/disabled (0.00s)
Unit tests (macos, Go 1.27.x)	Run tests	2026-09-11T21:05:06.3015900Z === RUN   TestExchangePreResponseFailure
Unit tests (macos, Go 1.27.x)	Run tests	2026-09-11T21:05:06.3016010Z --- PASS: TestExchangePreResponseFailure (0.01s)
Unit tests (macos, Go 1.27.x)	Run tests	2026-09-11T21:05:06.3016120Z === RUN   TestResponseWriterDataWithoutHeader
Unit tests (macos, Go 1.27.x)	Run tests	2026-09-11T21:05:06.3016260Z --- PASS: TestResponseWriterDataWithoutHeader (0.00s)
Unit tests (macos, Go 1.27.x)	Run tests	2026-09-11T21:05:06.3016360Z === RUN   TestServerRequestContext
Unit tests (macos, Go 1.27.x)	Run tests	2026-09-11T21:05:06.3016470Z --- PASS: TestServerRequestContext (0.11s)
Unit tests (macos, Go 1.27.x)	Run tests	2026-09-11T21:05:06.3016550Z === RUN   TestDatagramSending
Unit tests (macos, Go 1.27.x)	Run tests	2026-09-11T21:05:06.3016630Z --- PASS: TestDatagramSending (0.00s)
Unit tests (macos, Go 1.27.x)	Run tests	2026-09-11T21:05:06.3017180Z === RUN   TestErrorConversion
Unit tests (macos, Go 1.27.x)	Run tests	2026-09-11T21:05:06.3017330Z === RUN   TestErrorConversion/nil_error
Unit tests (macos, Go 1.27.x)	Run tests	2026-09-11T21:05:06.3017420Z === RUN   TestErrorConversion/regular_error
Unit tests (macos, Go 1.27.x)	Run tests	2026-09-11T21:05:06.3017530Z === RUN   TestErrorConversion/stream_error
Unit tests (macos, Go 1.27.x)	Run tests	2026-09-11T21:05:06.3017640Z === RUN   TestErrorConversion/application_error
Unit tests (macos, Go 1.27.x)	Run tests	2026-09-11T21:05:06.3017760Z === RUN   TestErrorConversion/transport_error
Unit tests (macos, Go 1.27.x)	Run tests	2026-09-11T21:05:06.3017860Z --- PASS: TestErrorConversion (0.00s)
Unit tests (macos, Go 1.27.x)	Run tests	2026-09-11T21:05:06.3018050Z     --- PASS: TestErrorConversion/nil_error (0.00s)
Unit tests (macos, Go 1.27.x)	Run tests	2026-09-11T21:05:06.3018260Z     --- PASS: TestErrorConversion/regular_error (0.00s)
Unit tests (macos, Go 1.27.x)	Run tests	2026-09-11T21:05:06.3018450Z     --- PASS: TestErrorConversion/stream_error (0.00s)
Unit tests (macos, Go 1.27.x)	Run tests	2026-09-11T21:05:06.3018690Z     --- PASS: TestErrorConversion/application_error (0.00s)
Unit tests (macos, Go 1.27.x)	Run tests	2026-09-11T21:05:06.3018930Z     --- PASS: TestErrorConversion/transport_error (0.00s)
Unit tests (macos, Go 1.27.x)	Run tests	2026-09-11T21:05:06.3019060Z === RUN   TestResponseWriterEarlyHints
Unit tests (macos, Go 1.27.x)	Run tests	2026-09-11T21:05:06.3019210Z --- PASS: TestResponseWriterEarlyHints (0.00s)
Unit tests (macos, Go 1.27.x)	Run tests	2026-09-11T21:05:06.3019330Z === RUN   TestResponseWriterContentLength
Unit tests (macos, Go 1.27.x)	Run tests	2026-09-11T21:05:06.3019460Z --- PASS: TestResponseWriterContentLength (0.00s)
Unit tests (macos, Go 1.27.x)	Run tests	2026-09-11T21:05:06.3019600Z === RUN   TestTransportDialHostname
Unit tests (macos, Go 1.27.x)	Run tests	2026-09-11T21:05:06.3019710Z === RUN   TestTransportDialHostname/port_set
Unit tests (macos, Go 1.27.x)	Run tests	2026-09-11T21:05:06.3019820Z === RUN   TestTransportDialHostname/port_not_set
Unit tests (macos, Go 1.27.x)	Run tests	2026-09-11T21:05:06.3019960Z --- PASS: TestTransportDialHostname (0.00s)
Unit tests (macos, Go 1.27.x)	Run tests	2026-09-11T21:05:06.3020160Z     --- PASS: TestTransportDialHostname/port_set (0.00s)
Unit tests (macos, Go 1.27.x)	Run tests	2026-09-11T21:05:06.3020400Z     --- PASS: TestTransportDialHostname/port_not_set (0.00s)
Unit tests (macos, Go 1.27.x)	Run tests	2026-09-11T21:05:06.3020490Z === RUN   TestConnControlStreamHandler
Unit tests (macos, Go 1.27.x)	Run tests	2026-09-11T21:05:06.3020610Z --- PASS: TestConnControlStreamHandler (0.01s)
Unit tests (macos, Go 1.27.x)	Run tests	2026-09-11T21:05:06.3020720Z === RUN   TestConnInconsistentDatagramSupport
Unit tests (macos, Go 1.27.x)	Run tests	2026-09-11T21:05:06.3020860Z --- PASS: TestConnInconsistentDatagramSupport (0.00s)
Unit tests (macos, Go 1.27.x)	Run tests	2026-09-11T21:05:06.3020960Z === RUN   TestExchangeAcquiredDialFailure
Unit tests (macos, Go 1.27.x)	Run tests	2026-09-11T21:05:06.3021600Z --- PASS: TestExchangeAcquiredDialFailure (0.00s)
Unit tests (macos, Go 1.27.x)	Run tests	2026-09-11T21:05:06.3022610Z === RUN   TestStreamReadDataFrames
Unit tests (macos, Go 1.27.x)	Run tests	2026-09-11T21:05:06.3022900Z --- PASS: TestStreamReadDataFrames (0.00s)
Unit tests (macos, Go 1.27.x)	Run tests	2026-09-11T21:05:06.3023900Z === RUN   TestRequestWriterConnect
Unit tests (macos, Go 1.27.x)	Run tests	2026-09-11T21:05:06.3024200Z --- PASS: TestRequestWriterConnect (0.00s)
Unit tests (macos, Go 1.27.x)	Run tests	2026-09-11T21:05:06.3024470Z === RUN   TestParserSettingsFrame
Unit tests (macos, Go 1.27.x)	Run tests	2026-09-11T21:05:06.3024770Z --- PASS: TestParserSettingsFrame (0.00s)
Unit tests (macos, Go 1.27.x)	Run tests	2026-09-11T21:05:06.3025040Z === RUN   TestResponseWriterInvalidStatus
Unit tests (macos, Go 1.27.x)	Run tests	2026-09-11T21:05:06.3025350Z --- PASS: TestResponseWriterInvalidStatus (0.00s)
Unit tests (macos, Go 1.27.x)	Run tests	2026-09-11T21:05:06.3025650Z === RUN   TestRequestStreamResponseHeaderLogging
Unit tests (macos, Go 1.27.x)	Run tests	2026-09-11T21:05:06.3026020Z === RUN   TestRequestStreamResponseHeaderLogging/disabled
Unit tests (macos, Go 1.27.x)	Run tests	2026-09-11T21:05:06.3026380Z === RUN   TestRequestStreamResponseHeaderLogging/enabled
Unit tests (macos, Go 1.27.x)	Run tests	2026-09-11T21:05:06.3026800Z --- PASS: TestRequestStreamResponseHeaderLogging (0.00s)
Unit tests (macos, Go 1.27.x)	Run tests	2026-09-11T21:05:06.3027410Z     --- PASS: TestRequestStreamResponseHeaderLogging/disabled (0.00s)
Unit tests (macos, Go 1.27.x)	Run tests	2026-09-11T21:05:06.3028640Z     --- PASS: TestRequestStreamResponseHeaderLogging/enabled (0.00s)
Unit tests (macos, Go 1.27.x)	Run tests	2026-09-11T21:05:06.3028900Z === RUN   TestServerHTTPStreamHijacking
Unit tests (macos, Go 1.27.x)	Run tests	2026-09-11T21:05:06.3029210Z --- PASS: TestServerHTTPStreamHijacking (0.00s)
Unit tests (macos, Go 1.27.x)	Run tests	2026-09-11T21:05:06.3029570Z === RUN   TestExchangeUploadFinishesAfterResponse
Unit tests (macos, Go 1.27.x)	Run tests	2026-09-11T21:05:06.3029970Z === RUN   TestExchangeUploadFinishesAfterResponse/empty
Unit tests (macos, Go 1.27.x)	Run tests	2026-09-11T21:05:06.3030340Z === RUN   TestExchangeUploadFinishesAfterResponse/trailers
Unit tests (macos, Go 1.27.x)	Run tests	2026-09-11T21:05:06.3030780Z --- PASS: TestExchangeUploadFinishesAfterResponse (0.01s)
Unit tests (macos, Go 1.27.x)	Run tests	2026-09-11T21:05:06.3031410Z     --- PASS: TestExchangeUploadFinishesAfterResponse/empty (0.00s)
Unit tests (macos, Go 1.27.x)	Run tests	2026-09-11T21:05:06.3032080Z     --- PASS: TestExchangeUploadFinishesAfterResponse/trailers (0.00s)
Unit tests (macos, Go 1.27.x)	Run tests	2026-09-11T21:05:06.3032540Z === RUN   TestTransportDelayedDialFailurePreservesReplacement
Unit tests (macos, Go 1.27.x)	Run tests	2026-09-11T21:05:06.3033080Z --- PASS: TestTransportDelayedDialFailurePreservesReplacement (0.00s)
Unit tests (macos, Go 1.27.x)	Run tests	2026-09-11T21:05:06.3033380Z === RUN   TestExchangeGzipCompletion
Unit tests (macos, Go 1.27.x)	Run tests	2026-09-11T21:05:06.3033780Z === RUN   TestExchangeGzipCompletion/buffered-source-eof
Unit tests (macos, Go 1.27.x)	Run tests	2026-09-11T21:05:06.3034310Z === RUN   TestExchangeGzipCompletion/decoder-error-before-source-eof
Unit tests (macos, Go 1.27.x)	Run tests	2026-09-11T21:05:06.3034650Z --- PASS: TestExchangeGzipCompletion (0.01s)
Unit tests (macos, Go 1.27.x)	Run tests	2026-09-11T21:05:06.3035280Z     --- PASS: TestExchangeGzipCompletion/buffered-source-eof (0.00s)
Unit tests (macos, Go 1.27.x)	Run tests	2026-09-11T21:05:06.3036070Z     --- PASS: TestExchangeGzipCompletion/decoder-error-before-source-eof (0.00s)
Unit tests (macos, Go 1.27.x)	Run tests	2026-09-11T21:05:06.3036410Z === RUN   TestTransportConnetionRedialHandshakeError
Unit tests (macos, Go 1.27.x)	Run tests	2026-09-11T21:05:06.3036860Z --- PASS: TestTransportConnetionRedialHandshakeError (0.00s)
Unit tests (macos, Go 1.27.x)	Run tests	2026-09-11T21:05:06.3037160Z === RUN   TestResponseTrailerParsingValidation
Unit tests (macos, Go 1.27.x)	Run tests	2026-09-11T21:05:06.3037610Z === RUN   TestResponseTrailerParsingValidation/field_list_too_large
Unit tests (macos, Go 1.27.x)	Run tests	2026-09-11T21:05:06.3038080Z === RUN   TestResponseTrailerParsingValidation/upper-case_field_name
Unit tests (macos, Go 1.27.x)	Run tests	2026-09-11T21:05:06.3038730Z === RUN   TestResponseTrailerParsingValidation/pseudo_header
Unit tests (macos, Go 1.27.x)	Run tests	2026-09-11T21:05:06.3039200Z === RUN   TestResponseTrailerParsingValidation/invalid_field_name
Unit tests (macos, Go 1.27.x)	Run tests	2026-09-11T21:05:06.3039660Z === RUN   TestResponseTrailerParsingValidation/invalid_field_value
Unit tests (macos, Go 1.27.x)	Run tests	2026-09-11T21:05:06.3040160Z === RUN   TestResponseTrailerParsingValidation/connection-specific_field
Unit tests (macos, Go 1.27.x)	Run tests	2026-09-11T21:05:06.3040660Z === RUN   TestResponseTrailerParsingValidation/invalid_te_field_value
Unit tests (macos, Go 1.27.x)	Run tests	2026-09-11T21:05:06.3041160Z === RUN   TestResponseTrailerParsingValidation/invalid_trailer_field
Unit tests (macos, Go 1.27.x)	Run tests	2026-09-11T21:05:06.3041850Z === RUN   TestResponseTrailerParsingValidation/valid_header_field_name_disallowed_in_trailers
Unit tests (macos, Go 1.27.x)	Run tests	2026-09-11T21:05:06.3042240Z --- PASS: TestResponseTrailerParsingValidation (0.00s)
Unit tests (macos, Go 1.27.x)	Run tests	2026-09-11T21:05:06.3042980Z     --- PASS: TestResponseTrailerParsingValidation/field_list_too_large (0.00s)
Unit tests (macos, Go 1.27.x)	Run tests	2026-09-11T21:05:06.3043710Z     --- PASS: TestResponseTrailerParsingValidation/upper-case_field_name (0.00s)
Unit tests (macos, Go 1.27.x)	Run tests	2026-09-11T21:05:06.3044380Z     --- PASS: TestResponseTrailerParsingValidation/pseudo_header (0.00s)
Unit tests (macos, Go 1.27.x)	Run tests	2026-09-11T21:05:06.3045150Z     --- PASS: TestResponseTrailerParsingValidation/invalid_field_name (0.00s)
Unit tests (macos, Go 1.27.x)	Run tests	2026-09-11T21:05:06.3045850Z     --- PASS: TestResponseTrailerParsingValidation/invalid_field_value (0.00s)
Unit tests (macos, Go 1.27.x)	Run tests	2026-09-11T21:05:06.3047350Z     --- PASS: TestResponseTrailerParsingValidation/connection-specific_field (0.00s)
Unit tests (macos, Go 1.27.x)	Run tests	2026-09-11T21:05:06.3048120Z     --- PASS: TestResponseTrailerParsingValidation/invalid_te_field_value (0.00s)
Unit tests (macos, Go 1.27.x)	Run tests	2026-09-11T21:05:06.3048860Z     --- PASS: TestResponseTrailerParsingValidation/invalid_trailer_field (0.00s)
Unit tests (macos, Go 1.27.x)	Run tests	2026-09-11T21:05:06.3049950Z     --- PASS: TestResponseTrailerParsingValidation/valid_header_field_name_disallowed_in_trailers (0.00s)
Unit tests (macos, Go 1.27.x)	Run tests	2026-09-11T21:05:06.3050320Z === RUN   TestRawClientConnHandleUnidirectionalStream
Unit tests (macos, Go 1.27.x)	Run tests	2026-09-11T21:05:06.3050740Z --- PASS: TestRawClientConnHandleUnidirectionalStream (0.01s)
Unit tests (macos, Go 1.27.x)	Run tests	2026-09-11T21:05:06.3050990Z === RUN   TestServerStreamResetByClient
Unit tests (macos, Go 1.27.x)	Run tests	2026-09-11T21:05:06.3051310Z --- PASS: TestServerStreamResetByClient (0.00s)
Unit tests (macos, Go 1.27.x)	Run tests	2026-09-11T21:05:06.3052150Z === RUN   TestServerAltSvcFromPort
Unit tests (macos, Go 1.27.x)	Run tests	2026-09-11T21:05:06.3052430Z --- PASS: TestServerAltSvcFromPort (0.00s)
Unit tests (macos, Go 1.27.x)	Run tests	2026-09-11T21:05:06.3052760Z === RUN   TestStateTrackingStreamRemoteCancelation
Unit tests (macos, Go 1.27.x)	Run tests	2026-09-11T21:05:06.3053910Z --- PASS: TestStateTrackingStreamRemoteCancelation (0.02s)
Unit tests (macos, Go 1.27.x)	Run tests	2026-09-11T21:05:06.3055260Z === RUN   TestClientRequestCancellation
Unit tests (macos, Go 1.27.x)	Run tests	2026-09-11T21:05:06.3055540Z --- PASS: TestClientRequestCancellation (0.00s)
Unit tests (macos, Go 1.27.x)	Run tests	2026-09-11T21:05:06.3055670Z === RUN   TestServerFirstFrameNotHeaders
Unit tests (macos, Go 1.27.x)	Run tests	2026-09-11T21:05:06.3056000Z --- PASS: TestServerFirstFrameNotHeaders (0.00s)
Unit tests (macos, Go 1.27.x)	Run tests	2026-09-11T21:05:06.3056290Z === RUN   TestDataFrame
Unit tests (macos, Go 1.27.x)	Run tests	2026-09-11T21:05:06.3056840Z --- PASS: TestDataFrame (0.00s)
Unit tests (macos, Go 1.27.x)	Run tests	2026-09-11T21:05:06.3057020Z === RUN   TestTransportConnectionRedial
Unit tests (macos, Go 1.27.x)	Run tests	2026-09-11T21:05:06.3057270Z === RUN   TestTransportConnectionRedial/error_when_opening_the_stream
Unit tests (macos, Go 1.27.x)	Run tests	2026-09-11T21:05:06.3057570Z === RUN   TestTransportConnectionRedial/non-retryable_request_error_after_opening_the_stream
Unit tests (macos, Go 1.27.x)	Run tests	2026-09-11T21:05:06.3057860Z === RUN   TestTransportConnectionRedial/retryable_request_after_opening_the_stream
Unit tests (macos, Go 1.27.x)	Run tests	2026-09-11T21:05:06.3058220Z === RUN   TestTransportConnectionRedial/retryable_request_after_H3_REQUEST_REJECTED
Unit tests (macos, Go 1.27.x)	Run tests	2026-09-11T21:05:06.3058530Z === RUN   TestTransportConnectionRedial/retryable_request_where_GetBody_returns_an_error
Unit tests (macos, Go 1.27.x)	Run tests	2026-09-11T21:05:06.3058680Z --- PASS: TestTransportConnectionRedial (0.02s)
Unit tests (macos, Go 1.27.x)	Run tests	2026-09-11T21:05:06.3059000Z     --- PASS: TestTransportConnectionRedial/error_when_opening_the_stream (0.00s)
Unit tests (macos, Go 1.27.x)	Run tests	2026-09-11T21:05:06.3059530Z     --- PASS: TestTransportConnectionRedial/non-retryable_request_error_after_opening_the_stream (0.00s)
Unit tests (macos, Go 1.27.x)	Run tests	2026-09-11T21:05:06.3059930Z     --- PASS: TestTransportConnectionRedial/retryable_request_after_opening_the_stream (0.00s)
Unit tests (macos, Go 1.27.x)	Run tests	2026-09-11T21:05:06.3060320Z     --- PASS: TestTransportConnectionRedial/retryable_request_after_H3_REQUEST_REJECTED (0.01s)
Unit tests (macos, Go 1.27.x)	Run tests	2026-09-11T21:05:06.3060780Z     --- PASS: TestTransportConnectionRedial/retryable_request_where_GetBody_returns_an_error (0.00s)
Unit tests (macos, Go 1.27.x)	Run tests	2026-09-11T21:05:06.3060890Z === RUN   TestRequestWriterExtendedConnect
Unit tests (macos, Go 1.27.x)	Run tests	2026-09-11T21:05:06.3061010Z --- PASS: TestRequestWriterExtendedConnect (0.00s)
Unit tests (macos, Go 1.27.x)	Run tests	2026-09-11T21:05:06.3061100Z === RUN   TestClientSettings
Unit tests (macos, Go 1.27.x)	Run tests	2026-09-11T21:05:06.3061200Z === RUN   TestClientSettings/enable_datagrams
Unit tests (macos, Go 1.27.x)	Run tests	2026-09-11T21:05:06.3061310Z === RUN   TestClientSettings/additional_settings
Unit tests (macos, Go 1.27.x)	Run tests	2026-09-11T21:05:06.3061400Z --- PASS: TestClientSettings (0.01s)
Unit tests (macos, Go 1.27.x)	Run tests	2026-09-11T21:05:06.3061650Z     --- PASS: TestClientSettings/enable_datagrams (0.00s)
Unit tests (macos, Go 1.27.x)	Run tests	2026-09-11T21:05:06.3061890Z     --- PASS: TestClientSettings/additional_settings (0.00s)
Unit tests (macos, Go 1.27.x)	Run tests	2026-09-11T21:05:06.3062000Z === RUN   TestRequestWriterInvalidHostHeader
Unit tests (macos, Go 1.27.x)	Run tests	2026-09-11T21:05:06.3062140Z --- PASS: TestRequestWriterInvalidHostHeader (0.00s)
Unit tests (macos, Go 1.27.x)	Run tests	2026-09-11T21:05:06.3062250Z === RUN   TestConfigureTLSConfig
Unit tests (macos, Go 1.27.x)	Run tests	2026-09-11T21:05:06.3062360Z === RUN   TestConfigureTLSConfig/basic_config
Unit tests (macos, Go 1.27.x)	Run tests	2026-09-11T21:05:06.3062450Z === RUN   TestConfigureTLSConfig/ALPN_set
Unit tests (macos, Go 1.27.x)	Run tests	2026-09-11T21:05:06.3062600Z === RUN   TestConfigureTLSConfig/GetConfigForClient
Unit tests (macos, Go 1.27.x)	Run tests	2026-09-11T21:05:06.3062810Z === RUN   TestConfigureTLSConfig/GetConfigForClient_returns_nil
Unit tests (macos, Go 1.27.x)	Run tests	2026-09-11T21:05:06.3062940Z --- PASS: TestConfigureTLSConfig (0.00s)
Unit tests (macos, Go 1.27.x)	Run tests	2026-09-11T21:05:06.3063570Z     --- PASS: TestConfigureTLSConfig/basic_config (0.00s)
Unit tests (macos, Go 1.27.x)	Run tests	2026-09-11T21:05:06.3063760Z     --- PASS: TestConfigureTLSConfig/ALPN_set (0.00s)
Unit tests (macos, Go 1.27.x)	Run tests	2026-09-11T21:05:06.3063990Z     --- PASS: TestConfigureTLSConfig/GetConfigForClient (0.00s)
Unit tests (macos, Go 1.27.x)	Run tests	2026-09-11T21:05:06.3064330Z     --- PASS: TestConfigureTLSConfig/GetConfigForClient_returns_nil (0.00s)
Unit tests (macos, Go 1.27.x)	Run tests	2026-09-11T21:05:06.3064440Z === RUN   TestDatagramReceiving
Unit tests (macos, Go 1.27.x)	Run tests	2026-09-11T21:05:06.3064530Z --- PASS: TestDatagramReceiving (0.10s)
Unit tests (macos, Go 1.27.x)	Run tests	2026-09-11T21:05:06.3064680Z === RUN   TestRequestHeadersExtendedConnectInvalidProtocol
Unit tests (macos, Go 1.27.x)	Run tests	2026-09-11T21:05:06.3064860Z --- PASS: TestRequestHeadersExtendedConnectInvalidProtocol (0.00s)
Unit tests (macos, Go 1.27.x)	Run tests	2026-09-11T21:05:06.3064950Z === RUN   TestResponseBodyLengthLimiting
Unit tests (macos, Go 1.27.x)	Run tests	2026-09-11T21:05:06.3065100Z === RUN   TestResponseBodyLengthLimiting/along_frame_boundary
Unit tests (macos, Go 1.27.x)	Run tests	2026-09-11T21:05:06.3065420Z === RUN   TestResponseBodyLengthLimiting/in_the_middle_of_a_frame
Unit tests (macos, Go 1.27.x)	Run tests	2026-09-11T21:05:06.3065590Z --- PASS: TestResponseBodyLengthLimiting (0.00s)
Unit tests (macos, Go 1.27.x)	Run tests	2026-09-11T21:05:06.3065870Z     --- PASS: TestResponseBodyLengthLimiting/along_frame_boundary (0.00s)
Unit tests (macos, Go 1.27.x)	Run tests	2026-09-11T21:05:06.3066310Z     --- PASS: TestResponseBodyLengthLimiting/in_the_middle_of_a_frame (0.00s)
Unit tests (macos, Go 1.27.x)	Run tests	2026-09-11T21:05:06.3066400Z === RUN   FuzzFrameParser
Unit tests (macos, Go 1.27.x)	Run tests	2026-09-11T21:05:06.3066480Z === RUN   FuzzFrameParser/seed#0
Unit tests (macos, Go 1.27.x)	Run tests	2026-09-11T21:05:06.3066560Z === RUN   FuzzFrameParser/seed#1
Unit tests (macos, Go 1.27.x)	Run tests	2026-09-11T21:05:06.3066630Z === RUN   FuzzFrameParser/seed#2
Unit tests (macos, Go 1.27.x)	Run tests	2026-09-11T21:05:06.3066720Z === RUN   FuzzFrameParser/seed#3
Unit tests (macos, Go 1.27.x)	Run tests	2026-09-11T21:05:06.3066800Z === RUN   FuzzFrameParser/seed#4
Unit tests (macos, Go 1.27.x)	Run tests	2026-09-11T21:05:06.3066880Z --- PASS: FuzzFrameParser (0.00s)
Unit tests (macos, Go 1.27.x)	Run tests	2026-09-11T21:05:06.3067270Z     --- PASS: FuzzFrameParser/seed#0 (0.00s)
Unit tests (macos, Go 1.27.x)	Run tests	2026-09-11T21:05:06.3067910Z     --- PASS: FuzzFrameParser/seed#1 (0.00s)
Unit tests (macos, Go 1.27.x)	Run tests	2026-09-11T21:05:06.3068290Z     --- PASS: FuzzFrameParser/seed#2 (0.00s)
Unit tests (macos, Go 1.27.x)	Run tests	2026-09-11T21:05:06.3068750Z     --- PASS: FuzzFrameParser/seed#3 (0.00s)
Unit tests (macos, Go 1.27.x)	Run tests	2026-09-11T21:05:06.3068940Z     --- PASS: FuzzFrameParser/seed#4 (0.00s)
Unit tests (macos, Go 1.27.x)	Run tests	2026-09-11T21:05:06.3069030Z === RUN   FuzzHeaderParsing
Unit tests (macos, Go 1.27.x)	Run tests	2026-09-11T21:05:06.3069110Z === RUN   FuzzHeaderParsing/seed#0
Unit tests (macos, Go 1.27.x)	Run tests	2026-09-11T21:05:06.3069200Z === RUN   FuzzHeaderParsing/seed#1
Unit tests (macos, Go 1.27.x)	Run tests	2026-09-11T21:05:06.3069280Z === RUN   FuzzHeaderParsing/seed#2
Unit tests (macos, Go 1.27.x)	Run tests	2026-09-11T21:05:06.3069370Z === RUN   FuzzHeaderParsing/seed#3
Unit tests (macos, Go 1.27.x)	Run tests	2026-09-11T21:05:06.3069470Z === RUN   FuzzHeaderParsing/seed#4
Unit tests (macos, Go 1.27.x)	Run tests	2026-09-11T21:05:06.3069550Z === RUN   FuzzHeaderParsing/seed#5
Unit tests (macos, Go 1.27.x)	Run tests	2026-09-11T21:05:06.3069650Z --- PASS: FuzzHeaderParsing (0.00s)
Unit tests (macos, Go 1.27.x)	Run tests	2026-09-11T21:05:06.3069850Z     --- PASS: FuzzHeaderParsing/seed#0 (0.00s)
Unit tests (macos, Go 1.27.x)	Run tests	2026-09-11T21:05:06.3070050Z     --- PASS: FuzzHeaderParsing/seed#1 (0.00s)
Unit tests (macos, Go 1.27.x)	Run tests	2026-09-11T21:05:06.3070200Z     --- PASS: FuzzHeaderParsing/seed#2 (0.00s)
Unit tests (macos, Go 1.27.x)	Run tests	2026-09-11T21:05:06.3070350Z     --- PASS: FuzzHeaderParsing/seed#3 (0.00s)
Unit tests (macos, Go 1.27.x)	Run tests	2026-09-11T21:05:06.3070500Z     --- PASS: FuzzHeaderParsing/seed#4 (0.00s)
Unit tests (macos, Go 1.27.x)	Run tests	2026-09-11T21:05:06.3070660Z     --- PASS: FuzzHeaderParsing/seed#5 (0.00s)
Unit tests (macos, Go 1.27.x)	Run tests	2026-09-11T21:05:06.3070880Z === RUN   FuzzParsePriority
Unit tests (macos, Go 1.27.x)	Run tests	2026-09-11T21:05:06.3071050Z === RUN   FuzzParsePriority/seed#0
Unit tests (macos, Go 1.27.x)	Run tests	2026-09-11T21:05:06.3071170Z === RUN   FuzzParsePriority/seed#1
Unit tests (macos, Go 1.27.x)	Run tests	2026-09-11T21:05:06.3071250Z === RUN   FuzzParsePriority/seed#2
Unit tests (macos, Go 1.27.x)	Run tests	2026-09-11T21:05:06.3071330Z === RUN   FuzzParsePriority/seed#3
Unit tests (macos, Go 1.27.x)	Run tests	2026-09-11T21:05:06.3071410Z === RUN   FuzzParsePriority/seed#4
Unit tests (macos, Go 1.27.x)	Run tests	2026-09-11T21:05:06.3071500Z --- PASS: FuzzParsePriority (0.00s)
Unit tests (macos, Go 1.27.x)	Run tests	2026-09-11T21:05:06.3071680Z     --- PASS: FuzzParsePriority/seed#0 (0.00s)
Unit tests (macos, Go 1.27.x)	Run tests	2026-09-11T21:05:06.3071850Z     --- PASS: FuzzParsePriority/seed#1 (0.00s)
Unit tests (macos, Go 1.27.x)	Run tests	2026-09-11T21:05:06.3072050Z     --- PASS: FuzzParsePriority/seed#2 (0.00s)
Unit tests (macos, Go 1.27.x)	Run tests	2026-09-11T21:05:06.3072240Z     --- PASS: FuzzParsePriority/seed#3 (0.00s)
Unit tests (macos, Go 1.27.x)	Run tests	2026-09-11T21:05:06.3072400Z     --- PASS: FuzzParsePriority/seed#4 (0.00s)
Unit tests (macos, Go 1.27.x)	Run tests	2026-09-11T21:05:06.3072450Z PASS
Unit tests (macos, Go 1.27.x)	Run tests	2026-09-11T21:05:06.3072530Z coverage: 84.9% of statements
Unit tests (macos, Go 1.27.x)	Run tests	2026-09-11T21:05:06.3072730Z ok  	github.com/quic-go/quic-go/http3	2.187s	coverage: 84.9% of statements
Unit tests (macos, Go 1.27.x)	Run tests	2026-09-11T21:05:06.3072810Z -test.shuffle 1789160703513380000
Unit tests (macos, Go 1.27.x)	Run tests	2026-09-11T21:05:06.3073120Z === RUN   TestGoAwayFrame
Unit tests (macos, Go 1.27.x)	Run tests	2026-09-11T21:05:06.3073230Z --- PASS: TestGoAwayFrame (0.00s)
Unit tests (macos, Go 1.27.x)	Run tests	2026-09-11T21:05:06.3073340Z === RUN   TestReservedFrame
Unit tests (macos, Go 1.27.x)	Run tests	2026-09-11T21:05:06.3073450Z --- PASS: TestReservedFrame (0.00s)
Unit tests (macos, Go 1.27.x)	Run tests	2026-09-11T21:05:06.3073560Z === RUN   TestPushPromiseFrame
Unit tests (macos, Go 1.27.x)	Run tests	2026-09-11T21:05:06.3073670Z --- PASS: TestPushPromiseFrame (0.00s)
Unit tests (macos, Go 1.27.x)	Run tests	2026-09-11T21:05:06.3073780Z === RUN   TestFrameParsedEvent
Unit tests (macos, Go 1.27.x)	Run tests	2026-09-11T21:05:06.3073890Z --- PASS: TestFrameParsedEvent (0.00s)
Unit tests (macos, Go 1.27.x)	Run tests	2026-09-11T21:05:06.3073980Z === RUN   TestDataFrame
Unit tests (macos, Go 1.27.x)	Run tests	2026-09-11T21:05:06.3074060Z --- PASS: TestDataFrame (0.00s)
Unit tests (macos, Go 1.27.x)	Run tests	2026-09-11T21:05:06.3074120Z === RUN   TestQLOGDIRSet
Unit tests (macos, Go 1.27.x)	Run tests	2026-09-11T21:05:06.3074210Z --- PASS: TestQLOGDIRSet (0.00s)
Unit tests (macos, Go 1.27.x)	Run tests	2026-09-11T21:05:06.3074280Z === RUN   TestHeadersFrame
Unit tests (macos, Go 1.27.x)	Run tests	2026-09-11T21:05:06.3074370Z --- PASS: TestHeadersFrame (0.00s)
Unit tests (macos, Go 1.27.x)	Run tests	2026-09-11T21:05:06.3074540Z === RUN   TestSettingsFrame
Unit tests (macos, Go 1.27.x)	Run tests	2026-09-11T21:05:06.3074640Z === RUN   TestSettingsFrame/datagram:_true
Unit tests (macos, Go 1.27.x)	Run tests	2026-09-11T21:05:06.3074760Z === RUN   TestSettingsFrame/extended_connect:_false
Unit tests (macos, Go 1.27.x)	Run tests	2026-09-11T21:05:06.3074870Z === RUN   TestSettingsFrame/max_field_section_size
Unit tests (macos, Go 1.27.x)	Run tests	2026-09-11T21:05:06.3075040Z === RUN   TestSettingsFrame/datagram:_false,_extended_connect:_false
Unit tests (macos, Go 1.27.x)	Run tests	2026-09-11T21:05:06.3075130Z === RUN   TestSettingsFrame/unknowns
Unit tests (macos, Go 1.27.x)	Run tests	2026-09-11T21:05:06.3075210Z --- PASS: TestSettingsFrame (0.00s)
Unit tests (macos, Go 1.27.x)	Run tests	2026-09-11T21:05:06.3075400Z     --- PASS: TestSettingsFrame/datagram:_true (0.00s)
Unit tests (macos, Go 1.27.x)	Run tests	2026-09-11T21:05:06.3075630Z     --- PASS: TestSettingsFrame/extended_connect:_false (0.00s)
Unit tests (macos, Go 1.27.x)	Run tests	2026-09-11T21:05:06.3075850Z     --- PASS: TestSettingsFrame/max_field_section_size (0.00s)
Unit tests (macos, Go 1.27.x)	Run tests	2026-09-11T21:05:06.3076140Z     --- PASS: TestSettingsFrame/datagram:_false,_extended_connect:_false (0.00s)
Unit tests (macos, Go 1.27.x)	Run tests	2026-09-11T21:05:06.3076310Z     --- PASS: TestSettingsFrame/unknowns (0.00s)
Unit tests (macos, Go 1.27.x)	Run tests	2026-09-11T21:05:06.3076390Z === RUN   TestMaxPushIDFrame
Unit tests (macos, Go 1.27.x)	Run tests	2026-09-11T21:05:06.3076480Z --- PASS: TestMaxPushIDFrame (0.00s)
Unit tests (macos, Go 1.27.x)	Run tests	2026-09-11T21:05:06.3076570Z === RUN   TestPriorityUpdateFrame
Unit tests (macos, Go 1.27.x)	Run tests	2026-09-11T21:05:06.3076660Z --- PASS: TestPriorityUpdateFrame (0.00s)
Unit tests (macos, Go 1.27.x)	Run tests	2026-09-11T21:05:06.3076740Z === RUN   TestUnknownFrame
Unit tests (macos, Go 1.27.x)	Run tests	2026-09-11T21:05:06.3076830Z --- PASS: TestUnknownFrame (0.00s)
Unit tests (macos, Go 1.27.x)	Run tests	2026-09-11T21:05:06.3076910Z === RUN   TestFrameCreatedEvent
Unit tests (macos, Go 1.27.x)	Run tests	2026-09-11T21:05:06.3077000Z --- PASS: TestFrameCreatedEvent (0.00s)
Unit tests (macos, Go 1.27.x)	Run tests	2026-09-11T21:05:06.3077080Z === RUN   TestCancelPushFrame
Unit tests (macos, Go 1.27.x)	Run tests	2026-09-11T21:05:06.3077170Z --- PASS: TestCancelPushFrame (0.00s)
Unit tests (macos, Go 1.27.x)	Run tests	2026-09-11T21:05:06.3077220Z PASS
Unit tests (macos, Go 1.27.x)	Run tests	2026-09-11T21:05:06.3077290Z coverage: 86.8% of statements
Unit tests (macos, Go 1.27.x)	Run tests	2026-09-11T21:05:06.3077500Z ok  	github.com/quic-go/quic-go/http3/qlog	0.015s	coverage: 86.8% of statements
Unit tests (macos, Go 1.27.x)	Run tests	2026-09-11T21:05:06.3077580Z -test.shuffle 1789160703529514000
Unit tests (macos, Go 1.27.x)	Run tests	2026-09-11T21:05:06.3077660Z === RUN   TestECNACKReordering
Unit tests (macos, Go 1.27.x)	Run tests	2026-09-11T21:05:06.3077780Z --- PASS: TestECNACKReordering (0.00s)
Unit tests (macos, Go 1.27.x)	Run tests	2026-09-11T21:05:06.3077900Z === RUN   TestSentPacketHandlerCongestion
Unit tests (macos, Go 1.27.x)	Run tests	2026-09-11T21:05:06.3078050Z --- PASS: TestSentPacketHandlerCongestion (0.00s)
Unit tests (macos, Go 1.27.x)	Run tests	2026-09-11T21:05:06.3078150Z === RUN   TestSentPacketHandler0RTT
Unit tests (macos, Go 1.27.x)	Run tests	2026-09-11T21:05:06.3078250Z --- PASS: TestSentPacketHandler0RTT (0.00s)
Unit tests (macos, Go 1.27.x)	Run tests	2026-09-11T21:05:06.3078340Z === RUN   TestECNValidationInTestingState
Unit tests (macos, Go 1.27.x)	Run tests	2026-09-11T21:05:06.3078460Z --- PASS: TestECNValidationInTestingState (0.00s)
Unit tests (macos, Go 1.27.x)	Run tests	2026-09-11T21:05:06.3078600Z === RUN   TestSentPacketHandlerDelayBasedLossDetection
Unit tests (macos, Go 1.27.x)	Run tests	2026-09-11T21:05:06.3078800Z --- PASS: TestSentPacketHandlerDelayBasedLossDetection (0.00s)
Unit tests (macos, Go 1.27.x)	Run tests	2026-09-11T21:05:06.3078980Z === RUN   TestAppDataReceivedPacketTrackerMissingPackets
Unit tests (macos, Go 1.27.x)	Run tests	2026-09-11T21:05:06.3079180Z --- PASS: TestAppDataReceivedPacketTrackerMissingPackets (0.00s)
Unit tests (macos, Go 1.27.x)	Run tests	2026-09-11T21:05:06.3079310Z === RUN   TestSentPacketHandlerPacketNumberSpacesPTO
Unit tests (macos, Go 1.27.x)	Run tests	2026-09-11T21:05:06.3079460Z --- PASS: TestSentPacketHandlerPacketNumberSpacesPTO (0.00s)
Unit tests (macos, Go 1.27.x)	Run tests	2026-09-11T21:05:06.3079620Z === RUN   TestAppDataReceivedPacketTrackerAckEverySecondPacket
Unit tests (macos, Go 1.27.x)	Run tests	2026-09-11T21:05:06.3079820Z --- PASS: TestAppDataReceivedPacketTrackerAckEverySecondPacket (0.00s)
Unit tests (macos, Go 1.27.x)	Run tests	2026-09-11T21:05:06.3079910Z === RUN   TestAckElicitingFrames
Unit tests (macos, Go 1.27.x)	Run tests	2026-09-11T21:05:06.3080030Z --- PASS: TestAckElicitingFrames (0.00s)
Unit tests (macos, Go 1.27.x)	Run tests	2026-09-11T21:05:06.3080290Z === RUN   TestSentPacketHistoryRemovePackets
Unit tests (macos, Go 1.27.x)	Run tests	2026-09-11T21:05:06.3080440Z --- PASS: TestSentPacketHistoryRemovePackets (0.00s)
Unit tests (macos, Go 1.27.x)	Run tests	2026-09-11T21:05:06.3080530Z === RUN   TestSentPacketHandlerSpuriousLoss
Unit tests (macos, Go 1.27.x)	Run tests	2026-09-11T21:05:06.3080660Z --- PASS: TestSentPacketHandlerSpuriousLoss (0.00s)
Unit tests (macos, Go 1.27.x)	Run tests	2026-09-11T21:05:06.3080770Z === RUN   TestSentPacketHistoryIterating
Unit tests (macos, Go 1.27.x)	Run tests	2026-09-11T21:05:06.3080890Z --- PASS: TestSentPacketHistoryIterating (0.00s)
Unit tests (macos, Go 1.27.x)	Run tests	2026-09-11T21:05:06.3080970Z === RUN   TestReceive0RTTAnd1RTT
Unit tests (macos, Go 1.27.x)	Run tests	2026-09-11T21:05:06.3081080Z --- PASS: TestReceive0RTTAnd1RTT (0.00s)
Unit tests (macos, Go 1.27.x)	Run tests	2026-09-11T21:05:06.3081190Z === RUN   TestSentPacketHandlerRetry
Unit tests (macos, Go 1.27.x)	Run tests	2026-09-11T21:05:06.3081370Z === RUN   TestSentPacketHandlerRetry/long_RTT_measurement
Unit tests (macos, Go 1.27.x)	Run tests	2026-09-11T21:05:06.3081530Z === RUN   TestSentPacketHandlerRetry/short_RTT_measurement
Unit tests (macos, Go 1.27.x)	Run tests	2026-09-11T21:05:06.3081930Z --- PASS: TestSentPacketHandlerRetry (0.00s)
Unit tests (macos, Go 1.27.x)	Run tests	2026-09-11T21:05:06.3082220Z     --- PASS: TestSentPacketHandlerRetry/long_RTT_measurement (0.00s)
Unit tests (macos, Go 1.27.x)	Run tests	2026-09-11T21:05:06.3082540Z     --- PASS: TestSentPacketHandlerRetry/short_RTT_measurement (0.00s)
Unit tests (macos, Go 1.27.x)	Run tests	2026-09-11T21:05:06.3082640Z === RUN   TestECNValidationFailures
Unit tests (macos, Go 1.27.x)	Run tests	2026-09-11T21:05:06.3082750Z === RUN   TestECNValidationFailures/ECN_bleaching
Unit tests (macos, Go 1.27.x)	Run tests	2026-09-11T21:05:06.3082880Z === RUN   TestECNValidationFailures/wrong_ECN_code_point
Unit tests (macos, Go 1.27.x)	Run tests	2026-09-11T21:05:06.3083050Z === RUN   TestECNValidationFailures/more_ECN_counts_than_sent_packets
Unit tests (macos, Go 1.27.x)	Run tests	2026-09-11T21:05:06.3083150Z --- PASS: TestECNValidationFailures (0.00s)
Unit tests (macos, Go 1.27.x)	Run tests	2026-09-11T21:05:06.3083390Z     --- PASS: TestECNValidationFailures/ECN_bleaching (0.00s)
Unit tests (macos, Go 1.27.x)	Run tests	2026-09-11T21:05:06.3083710Z     --- PASS: TestECNValidationFailures/wrong_ECN_code_point (0.00s)
Unit tests (macos, Go 1.27.x)	Run tests	2026-09-11T21:05:06.3084080Z     --- PASS: TestECNValidationFailures/more_ECN_counts_than_sent_packets (0.00s)
Unit tests (macos, Go 1.27.x)	Run tests	2026-09-11T21:05:06.3084260Z === RUN   TestReceivedPacketHistoryDuplicateDetection
Unit tests (macos, Go 1.27.x)	Run tests	2026-09-11T21:05:06.3084910Z --- PASS: TestReceivedPacketHistoryDuplicateDetection (0.00s)
Unit tests (macos, Go 1.27.x)	Run tests	2026-09-11T21:05:06.3085070Z === RUN   TestSentPacketHandlerPathProbe
Unit tests (macos, Go 1.27.x)	Run tests	2026-09-11T21:05:06.3085210Z --- PASS: TestSentPacketHandlerPathProbe (0.00s)
Unit tests (macos, Go 1.27.x)	Run tests	2026-09-11T21:05:06.3085330Z === RUN   TestLostPacketTrackerDeleteBefore
Unit tests (macos, Go 1.27.x)	Run tests	2026-09-11T21:05:06.3085460Z --- PASS: TestLostPacketTrackerDeleteBefore (0.00s)
Unit tests (macos, Go 1.27.x)	Run tests	2026-09-11T21:05:06.3085560Z === RUN   TestECNCongestionDetection
Unit tests (macos, Go 1.27.x)	Run tests	2026-09-11T21:05:06.3085690Z --- PASS: TestECNCongestionDetection (0.00s)
Unit tests (macos, Go 1.27.x)	Run tests	2026-09-11T21:05:06.3085790Z === RUN   TestLostPacketTracker
Unit tests (macos, Go 1.27.x)	Run tests	2026-09-11T21:05:06.3085900Z --- PASS: TestLostPacketTracker (0.00s)
Unit tests (macos, Go 1.27.x)	Run tests	2026-09-11T21:05:06.3086060Z === RUN   TestReceivedPacketHistoryMaxNumAckRanges
Unit tests (macos, Go 1.27.x)	Run tests	2026-09-11T21:05:06.3086230Z --- PASS: TestReceivedPacketHistoryMaxNumAckRanges (0.00s)
Unit tests (macos, Go 1.27.x)	Run tests	2026-09-11T21:05:06.3086420Z === RUN   TestSentPacketHistoryFirstOutstandingPacket
Unit tests (macos, Go 1.27.x)	Run tests	2026-09-11T21:05:06.3086610Z --- PASS: TestSentPacketHistoryFirstOutstandingPacket (0.00s)
Unit tests (macos, Go 1.27.x)	Run tests	2026-09-11T21:05:06.3086720Z === RUN   TestECNValidationInUnknownState
Unit tests (macos, Go 1.27.x)	Run tests	2026-09-11T21:05:06.3086870Z --- PASS: TestECNValidationInUnknownState (0.00s)
Unit tests (macos, Go 1.27.x)	Run tests	2026-09-11T21:05:06.3087050Z === RUN   TestSentPacketHandlerSendAndAcknowledge
Unit tests (macos, Go 1.27.x)	Run tests	2026-09-11T21:05:06.3087250Z === RUN   TestSentPacketHandlerSendAndAcknowledge/Initial
Unit tests (macos, Go 1.27.x)	Run tests	2026-09-11T21:05:06.3087430Z === RUN   TestSentPacketHandlerSendAndAcknowledge/Handshake
Unit tests (macos, Go 1.27.x)	Run tests	2026-09-11T21:05:06.3087590Z === RUN   TestSentPacketHandlerSendAndAcknowledge/1-RTT
Unit tests (macos, Go 1.27.x)	Run tests	2026-09-11T21:05:06.3087760Z --- PASS: TestSentPacketHandlerSendAndAcknowledge (0.00s)
Unit tests (macos, Go 1.27.x)	Run tests	2026-09-11T21:05:06.3088070Z     --- PASS: TestSentPacketHandlerSendAndAcknowledge/Initial (0.00s)
Unit tests (macos, Go 1.27.x)	Run tests	2026-09-11T21:05:06.3088420Z     --- PASS: TestSentPacketHandlerSendAndAcknowledge/Handshake (0.00s)
Unit tests (macos, Go 1.27.x)	Run tests	2026-09-11T21:05:06.3088760Z     --- PASS: TestSentPacketHandlerSendAndAcknowledge/1-RTT (0.00s)
Unit tests (macos, Go 1.27.x)	Run tests	2026-09-11T21:05:06.3088900Z === RUN   TestReceivedPacketHistorySingleRange
Unit tests (macos, Go 1.27.x)	Run tests	2026-09-11T21:05:06.3089040Z --- PASS: TestReceivedPacketHistorySingleRange (0.00s)
Unit tests (macos, Go 1.27.x)	Run tests	2026-09-11T21:05:06.3089160Z === RUN   TestDropPackets
Unit tests (macos, Go 1.27.x)	Run tests	2026-09-11T21:05:06.3091040Z --- PASS: TestDropPackets (0.00s)
Unit tests (macos, Go 1.27.x)	Run tests	2026-09-11T21:05:06.3092220Z === RUN   TestECNManglingAllPacketsMarkedCE
Unit tests (macos, Go 1.27.x)	Run tests	2026-09-11T21:05:06.3092790Z --- PASS: TestECNManglingAllPacketsMarkedCE (0.00s)
Unit tests (macos, Go 1.27.x)	Run tests	2026-09-11T21:05:06.3093110Z === RUN   TestReceivedPacketHistoryRanges
Unit tests (macos, Go 1.27.x)	Run tests	2026-09-11T21:05:06.3093470Z --- PASS: TestReceivedPacketHistoryRanges (0.00s)
Unit tests (macos, Go 1.27.x)	Run tests	2026-09-11T21:05:06.3094140Z === RUN   TestReceivedPacketHistoryDeleteBelow
Unit tests (macos, Go 1.27.x)	Run tests	2026-09-11T21:05:06.3094530Z --- PASS: TestReceivedPacketHistoryDeleteBelow (0.00s)
Unit tests (macos, Go 1.27.x)	Run tests	2026-09-11T21:05:06.3094890Z === RUN   TestSentPacketHandlerPathProbeAckAndLoss
Unit tests (macos, Go 1.27.x)	Run tests	2026-09-11T21:05:06.3095420Z --- PASS: TestSentPacketHandlerPathProbeAckAndLoss (0.00s)
Unit tests (macos, Go 1.27.x)	Run tests	2026-09-11T21:05:06.3095870Z === RUN   TestSentPacketHandlerAmplificationLimitServer
Unit tests (macos, Go 1.27.x)	Run tests	2026-09-11T21:05:06.3096570Z === RUN   TestSentPacketHandlerAmplificationLimitServer/address_validated
Unit tests (macos, Go 1.27.x)	Run tests	2026-09-11T21:05:06.3097360Z === RUN   TestSentPacketHandlerAmplificationLimitServer/address_not_validated
Unit tests (macos, Go 1.27.x)	Run tests	2026-09-11T21:05:06.3098550Z --- PASS: TestSentPacketHandlerAmplificationLimitServer (0.00s)
Unit tests (macos, Go 1.27.x)	Run tests	2026-09-11T21:05:06.3099530Z     --- PASS: TestSentPacketHandlerAmplificationLimitServer/address_validated (0.00s)
Unit tests (macos, Go 1.27.x)	Run tests	2026-09-11T21:05:06.3100400Z     --- PASS: TestSentPacketHandlerAmplificationLimitServer/address_not_validated (0.00s)
Unit tests (macos, Go 1.27.x)	Run tests	2026-09-11T21:05:06.3100830Z === RUN   TestECNManglingSomePacketsLostSomeMarkedCE
Unit tests (macos, Go 1.27.x)	Run tests	2026-09-11T21:05:06.3101450Z === RUN   TestECNManglingSomePacketsLostSomeMarkedCE/packet_loss_first
Unit tests (macos, Go 1.27.x)	Run tests	2026-09-11T21:05:06.3102110Z === RUN   TestECNManglingSomePacketsLostSomeMarkedCE/CE_marking_first
Unit tests (macos, Go 1.27.x)	Run tests	2026-09-11T21:05:06.3102590Z --- PASS: TestECNManglingSomePacketsLostSomeMarkedCE (0.00s)
Unit tests (macos, Go 1.27.x)	Run tests	2026-09-11T21:05:06.3103560Z     --- PASS: TestECNManglingSomePacketsLostSomeMarkedCE/packet_loss_first (0.00s)
Unit tests (macos, Go 1.27.x)	Run tests	2026-09-11T21:05:06.3123280Z     --- PASS: TestECNManglingSomePacketsLostSomeMarkedCE/CE_marking_first (0.00s)
Unit tests (macos, Go 1.27.x)	Run tests	2026-09-11T21:05:06.3123950Z === RUN   TestReceivedPacketTrackerGenerateACKs
Unit tests (macos, Go 1.27.x)	Run tests	2026-09-11T21:05:06.3124790Z --- PASS: TestReceivedPacketTrackerGenerateACKs (0.00s)
Unit tests (macos, Go 1.27.x)	Run tests	2026-09-11T21:05:06.3125470Z === RUN   TestAckRanges
Unit tests (macos, Go 1.27.x)	Run tests	2026-09-11T21:05:06.3125860Z --- PASS: TestAckRanges (0.00s)
Unit tests (macos, Go 1.27.x)	Run tests	2026-09-11T21:05:06.3126330Z === RUN   TestSentPacketHandlerAmplificationLimitClient
Unit tests (macos, Go 1.27.x)	Run tests	2026-09-11T21:05:06.3127000Z === RUN   TestSentPacketHandlerAmplificationLimitClient/handshake_ACK
Unit tests (macos, Go 1.27.x)	Run tests	2026-09-11T21:05:06.3127900Z === RUN   TestSentPacketHandlerAmplificationLimitClient/drop_Handshake_without_ACK
Unit tests (macos, Go 1.27.x)	Run tests	2026-09-11T21:05:06.3128530Z --- PASS: TestSentPacketHandlerAmplificationLimitClient (0.00s)
Unit tests (macos, Go 1.27.x)	Run tests	2026-09-11T21:05:06.3129590Z     --- PASS: TestSentPacketHandlerAmplificationLimitClient/handshake_ACK (0.00s)
Unit tests (macos, Go 1.27.x)	Run tests	2026-09-11T21:05:06.3130790Z     --- PASS: TestSentPacketHandlerAmplificationLimitClient/drop_Handshake_without_ACK (0.00s)
Unit tests (macos, Go 1.27.x)	Run tests	2026-09-11T21:05:06.3131080Z === RUN   TestSentPacketHandlerRTTAckDelays
Unit tests (macos, Go 1.27.x)	Run tests	2026-09-11T21:05:06.3131570Z === RUN   TestSentPacketHandlerRTTAckDelays/Initial
Unit tests (macos, Go 1.27.x)	Run tests	2026-09-11T21:05:06.3132150Z === RUN   TestSentPacketHandlerRTTAckDelays/Handshake
Unit tests (macos, Go 1.27.x)	Run tests	2026-09-11T21:05:06.3132560Z === RUN   TestSentPacketHandlerRTTAckDelays/1-RTT
Unit tests (macos, Go 1.27.x)	Run tests	2026-09-11T21:05:06.3132920Z --- PASS: TestSentPacketHandlerRTTAckDelays (0.00s)
Unit tests (macos, Go 1.27.x)	Run tests	2026-09-11T21:05:06.3133670Z     --- PASS: TestSentPacketHandlerRTTAckDelays/Initial (0.00s)
Unit tests (macos, Go 1.27.x)	Run tests	2026-09-11T21:05:06.3134690Z     --- PASS: TestSentPacketHandlerRTTAckDelays/Handshake (0.00s)
Unit tests (macos, Go 1.27.x)	Run tests	2026-09-11T21:05:06.3135350Z     --- PASS: TestSentPacketHandlerRTTAckDelays/1-RTT (0.00s)
Unit tests (macos, Go 1.27.x)	Run tests	2026-09-11T21:05:06.3135810Z === RUN   TestReceivedPacketHistoryRandomized
Unit tests (macos, Go 1.27.x)	Run tests	2026-09-11T21:05:06.3136910Z     received_packet_history_test.go:198: Losing packets: [43 44 52 53 59 63 68 87 101]
Unit tests (macos, Go 1.27.x)	Run tests	2026-09-11T21:05:06.3140890Z     received_packet_history_test.go:206: Receiving packets: [17 24 37 110 32 97 7 13 92 108 116 105 12 102 47 95 5 73 23 41 76 120 91 114 51 57 70 18 96 36 39 117 34 6 22 118 49 115 9 11 46 74 55 100 119 90 86 127 42 2 65 25 54 123 14 99 77 16 8 88 31 21 4 103 122 48 85 15 75 26 121 69 19 38 107 60 109 71 30 61 58 35 28 10 126 62 94 84 112 67 20 79 124 106 29 104 27 50 3 82 45 33 113 83 56 125 98 89 0 81 78 93 80 66 64 72 40 1 111]
Unit tests (macos, Go 1.27.x)	Run tests	2026-09-11T21:05:06.3141960Z     received_packet_history_test.go:216: ACK ranges: [{102 127} {88 100} {69 86} {64 67} {60 62} {54 58} {45 51} {0 42}]
Unit tests (macos, Go 1.27.x)	Run tests	2026-09-11T21:05:06.3143510Z     received_packet_history_test.go:227: Deleting below 72
Unit tests (macos, Go 1.27.x)	Run tests	2026-09-11T21:05:06.3143860Z --- PASS: TestReceivedPacketHistoryRandomized (0.00s)
Unit tests (macos, Go 1.27.x)	Run tests	2026-09-11T21:05:06.3144130Z === RUN   TestPacketDuplicateDetection
Unit tests (macos, Go 1.27.x)	Run tests	2026-09-11T21:05:06.3144430Z --- PASS: TestPacketDuplicateDetection (0.00s)
Unit tests (macos, Go 1.27.x)	Run tests	2026-09-11T21:05:06.3144710Z === RUN   TestSkippingPacketNumberGenerator
Unit tests (macos, Go 1.27.x)	Run tests	2026-09-11T21:05:06.3145050Z --- PASS: TestSkippingPacketNumberGenerator (0.00s)
Unit tests (macos, Go 1.27.x)	Run tests	2026-09-11T21:05:06.3145280Z === RUN   TestSentPacketHandlerECN
Unit tests (macos, Go 1.27.x)	Run tests	2026-09-11T21:05:06.3145550Z --- PASS: TestSentPacketHandlerECN (0.00s)
Unit tests (macos, Go 1.27.x)	Run tests	2026-09-11T21:05:06.3145840Z === RUN   TestSequentialPacketNumberGenerator
Unit tests (macos, Go 1.27.x)	Run tests	2026-09-11T21:05:06.3146170Z --- PASS: TestSequentialPacketNumberGenerator (0.00s)
Unit tests (macos, Go 1.27.x)	Run tests	2026-09-11T21:05:06.3146960Z === RUN   TestAppDataReceivedPacketTrackerQueuesECNCE
Unit tests (macos, Go 1.27.x)	Run tests	2026-09-11T21:05:06.3147370Z --- PASS: TestAppDataReceivedPacketTrackerQueuesECNCE (0.00s)
Unit tests (macos, Go 1.27.x)	Run tests	2026-09-11T21:05:06.3147740Z === RUN   TestAppDataReceivedPacketTrackerAlarmTimeout
Unit tests (macos, Go 1.27.x)	Run tests	2026-09-11T21:05:06.3148160Z --- PASS: TestAppDataReceivedPacketTrackerAlarmTimeout (0.00s)
Unit tests (macos, Go 1.27.x)	Run tests	2026-09-11T21:05:06.3148410Z === RUN   TestSentPacketHistoryPathProbes
Unit tests (macos, Go 1.27.x)	Run tests	2026-09-11T21:05:06.3148730Z --- PASS: TestSentPacketHistoryPathProbes (0.00s)
Unit tests (macos, Go 1.27.x)	Run tests	2026-09-11T21:05:06.3148960Z === RUN   TestSentPacketHandlerPTO
Unit tests (macos, Go 1.27.x)	Run tests	2026-09-11T21:05:06.3149210Z === RUN   TestSentPacketHandlerPTO/Initial
Unit tests (macos, Go 1.27.x)	Run tests	2026-09-11T21:05:06.3149480Z === RUN   TestSentPacketHandlerPTO/Handshake
Unit tests (macos, Go 1.27.x)	Run tests	2026-09-11T21:05:06.3149730Z === RUN   TestSentPacketHandlerPTO/1-RTT
Unit tests (macos, Go 1.27.x)	Run tests	2026-09-11T21:05:06.3149980Z --- PASS: TestSentPacketHandlerPTO (0.00s)
Unit tests (macos, Go 1.27.x)	Run tests	2026-09-11T21:05:06.3150430Z     --- PASS: TestSentPacketHandlerPTO/Initial (0.00s)
Unit tests (macos, Go 1.27.x)	Run tests	2026-09-11T21:05:06.3150890Z     --- PASS: TestSentPacketHandlerPTO/Handshake (0.00s)
Unit tests (macos, Go 1.27.x)	Run tests	2026-09-11T21:05:06.3151310Z     --- PASS: TestSentPacketHandlerPTO/1-RTT (0.00s)
Unit tests (macos, Go 1.27.x)	Run tests	2026-09-11T21:05:06.3151590Z === RUN   TestSentPacketHandlerRetryAfterPTO
Unit tests (macos, Go 1.27.x)	Run tests	2026-09-11T21:05:06.3151920Z --- PASS: TestSentPacketHandlerRetryAfterPTO (0.00s)
Unit tests (macos, Go 1.27.x)	Run tests	2026-09-11T21:05:06.3153090Z === RUN   TestAppDataReceivedPacketTrackerIgnoreBelow
Unit tests (macos, Go 1.27.x)	Run tests	2026-09-11T21:05:06.3153370Z --- PASS: TestAppDataReceivedPacketTrackerIgnoreBelow (0.00s)
Unit tests (macos, Go 1.27.x)	Run tests	2026-09-11T21:05:06.3153490Z === RUN   TestSentPacketHistoryPacketTracking
Unit tests (macos, Go 1.27.x)	Run tests	2026-09-11T21:05:06.3153680Z === RUN   TestSentPacketHistoryPacketTracking/first_packet_ack-eliciting
Unit tests (macos, Go 1.27.x)	Run tests	2026-09-11T21:05:06.3153890Z === RUN   TestSentPacketHistoryPacketTracking/first_packet_non-ack-eliciting
Unit tests (macos, Go 1.27.x)	Run tests	2026-09-11T21:05:06.3154020Z --- PASS: TestSentPacketHistoryPacketTracking (0.00s)
Unit tests (macos, Go 1.27.x)	Run tests	2026-09-11T21:05:06.3154350Z     --- PASS: TestSentPacketHistoryPacketTracking/first_packet_ack-eliciting (0.00s)
Unit tests (macos, Go 1.27.x)	Run tests	2026-09-11T21:05:06.3154710Z     --- PASS: TestSentPacketHistoryPacketTracking/first_packet_non-ack-eliciting (0.00s)
Unit tests (macos, Go 1.27.x)	Run tests	2026-09-11T21:05:06.3154890Z === RUN   TestSentPacketHandlerRTTAcrossPacketNumberSpaces
Unit tests (macos, Go 1.27.x)	Run tests	2026-09-11T21:05:06.3155070Z --- PASS: TestSentPacketHandlerRTTAcrossPacketNumberSpaces (0.00s)
Unit tests (macos, Go 1.27.x)	Run tests	2026-09-11T21:05:06.3155190Z === RUN   TestSentPacketHandlerRandomized
Unit tests (macos, Go 1.27.x)	Run tests	2026-09-11T21:05:06.3155410Z === RUN   TestSentPacketHandlerRandomized/run_1_(seed_1789160703535789000)
Unit tests (macos, Go 1.27.x)	Run tests	2026-09-11T21:05:06.3155670Z     sent_packet_handler_test.go:1510: rtt: 10ms
Unit tests (macos, Go 1.27.x)	Run tests	2026-09-11T21:05:06.3156000Z     sent_packet_handler_test.go:1546: t=0ms: sending packet 0 (probe packet: true)
Unit tests (macos, Go 1.27.x)	Run tests	2026-09-11T21:05:06.3156320Z     sent_packet_handler_test.go:1546: t=347ms: sending packet 1 (probe packet: true)
Unit tests (macos, Go 1.27.x)	Run tests	2026-09-11T21:05:06.3156610Z     sent_packet_handler_test.go:1551: t=696ms: loss detection timeout (lost: [])
Unit tests (macos, Go 1.27.x)	Run tests	2026-09-11T21:05:06.3156930Z     sent_packet_handler_test.go:1546: t=1129ms: sending packet 2 (probe packet: true)
Unit tests (macos, Go 1.27.x)	Run tests	2026-09-11T21:05:06.3157240Z     sent_packet_handler_test.go:1546: t=1283ms: sending packet 3 (probe packet: false)
Unit tests (macos, Go 1.27.x)	Run tests	2026-09-11T21:05:06.3157560Z     sent_packet_handler_test.go:1578: t=1654ms: loss detection timeout (lost: [])
Unit tests (macos, Go 1.27.x)	Run tests	2026-09-11T21:05:06.3157780Z === RUN   TestSentPacketHandlerRandomized/run_2_(seed_1789160703535789001)
Unit tests (macos, Go 1.27.x)	Run tests	2026-09-11T21:05:06.3158330Z     sent_packet_handler_test.go:1510: rtt: 100ms
Unit tests (macos, Go 1.27.x)	Run tests	2026-09-11T21:05:06.3158640Z     sent_packet_handler_test.go:1546: t=0ms: sending packet 0 (probe packet: true)
Unit tests (macos, Go 1.27.x)	Run tests	2026-09-11T21:05:06.3159010Z     sent_packet_handler_test.go:1569: t=445ms: received ACK for packets [0] (acked: [0], lost: [])
Unit tests (macos, Go 1.27.x)	Run tests	2026-09-11T21:05:06.3159350Z     sent_packet_handler_test.go:1546: t=739ms: sending packet 1 (probe packet: true)
Unit tests (macos, Go 1.27.x)	Run tests	2026-09-11T21:05:06.3159660Z     sent_packet_handler_test.go:1551: t=1067ms: loss detection timeout (lost: [])
Unit tests (macos, Go 1.27.x)	Run tests	2026-09-11T21:05:06.3159980Z     sent_packet_handler_test.go:1546: t=1167ms: sending packet 2 (probe packet: true)
Unit tests (macos, Go 1.27.x)	Run tests	2026-09-11T21:05:06.3160370Z     sent_packet_handler_test.go:1569: t=1652ms: received ACK for packets [2] (acked: [2], lost: [])
Unit tests (macos, Go 1.27.x)	Run tests	2026-09-11T21:05:06.3160690Z     sent_packet_handler_test.go:1546: t=1718ms: sending packet 3 (probe packet: true)
Unit tests (macos, Go 1.27.x)	Run tests	2026-09-11T21:05:06.3161090Z     sent_packet_handler_test.go:1578: t=1746ms: loss detection timeout (lost: [])
Unit tests (macos, Go 1.27.x)	Run tests	2026-09-11T21:05:06.3161280Z === RUN   TestSentPacketHandlerRandomized/run_3_(seed_1789160703535789002)
Unit tests (macos, Go 1.27.x)	Run tests	2026-09-11T21:05:06.3161450Z     sent_packet_handler_test.go:1510: rtt: 10ms
Unit tests (macos, Go 1.27.x)	Run tests	2026-09-11T21:05:06.3161750Z     sent_packet_handler_test.go:1546: t=0ms: sending packet 0 (probe packet: true)
Unit tests (macos, Go 1.27.x)	Run tests	2026-09-11T21:05:06.3162040Z     sent_packet_handler_test.go:1551: t=120ms: loss detection timeout (lost: [])
Unit tests (macos, Go 1.27.x)	Run tests	2026-09-11T21:05:06.3162370Z     sent_packet_handler_test.go:1546: t=328ms: sending packet 1 (probe packet: true)
Unit tests (macos, Go 1.27.x)	Run tests	2026-09-11T21:05:06.3162740Z     sent_packet_handler_test.go:1546: t=787ms: sending packet 2 (probe packet: true)
Unit tests (macos, Go 1.27.x)	Run tests	2026-09-11T21:05:06.3163060Z     sent_packet_handler_test.go:1546: t=859ms: sending packet 3 (probe packet: false)
Unit tests (macos, Go 1.27.x)	Run tests	2026-09-11T21:05:06.3163350Z     sent_packet_handler_test.go:1551: t=966ms: loss detection timeout (lost: [])
Unit tests (macos, Go 1.27.x)	Run tests	2026-09-11T21:05:06.3163640Z     sent_packet_handler_test.go:1578: t=1122ms: loss detection timeout (lost: [])
Unit tests (macos, Go 1.27.x)	Run tests	2026-09-11T21:05:06.3163830Z === RUN   TestSentPacketHandlerRandomized/run_4_(seed_1789160703535789003)
Unit tests (macos, Go 1.27.x)	Run tests	2026-09-11T21:05:06.3164000Z     sent_packet_handler_test.go:1510: rtt: 1000ms
Unit tests (macos, Go 1.27.x)	Run tests	2026-09-11T21:05:06.3164310Z     sent_packet_handler_test.go:1546: t=0ms: sending packet 0 (probe packet: false)
Unit tests (macos, Go 1.27.x)	Run tests	2026-09-11T21:05:06.3164680Z     sent_packet_handler_test.go:1569: t=173ms: received ACK for packets [0] (acked: [0], lost: [])
Unit tests (macos, Go 1.27.x)	Run tests	2026-09-11T21:05:06.3164990Z     sent_packet_handler_test.go:1546: t=622ms: sending packet 1 (probe packet: false)
Unit tests (macos, Go 1.27.x)	Run tests	2026-09-11T21:05:06.3165280Z     sent_packet_handler_test.go:1551: t=867ms: loss detection timeout (lost: [])
Unit tests (macos, Go 1.27.x)	Run tests	2026-09-11T21:05:06.3165590Z     sent_packet_handler_test.go:1546: t=1298ms: sending packet 3 (probe packet: true)
Unit tests (macos, Go 1.27.x)	Run tests	2026-09-11T21:05:06.3165970Z     sent_packet_handler_test.go:1569: t=1307ms: received ACK for packets [1 0] (acked: [1], lost: [])
Unit tests (macos, Go 1.27.x)	Run tests	2026-09-11T21:05:06.3166300Z     sent_packet_handler_test.go:1546: t=1724ms: sending packet 4 (probe packet: false)
Unit tests (macos, Go 1.27.x)	Run tests	2026-09-11T21:05:06.3166630Z     sent_packet_handler_test.go:1578: t=1909ms: loss detection timeout (lost: [])
Unit tests (macos, Go 1.27.x)	Run tests	2026-09-11T21:05:06.3166810Z === RUN   TestSentPacketHandlerRandomized/run_5_(seed_1789160703535789004)
Unit tests (macos, Go 1.27.x)	Run tests	2026-09-11T21:05:06.3166990Z     sent_packet_handler_test.go:1510: rtt: 10ms
Unit tests (macos, Go 1.27.x)	Run tests	2026-09-11T21:05:06.3167290Z     sent_packet_handler_test.go:1546: t=0ms: sending packet 0 (probe packet: true)
Unit tests (macos, Go 1.27.x)	Run tests	2026-09-11T21:05:06.3167580Z     sent_packet_handler_test.go:1551: t=479ms: loss detection timeout (lost: [])
Unit tests (macos, Go 1.27.x)	Run tests	2026-09-11T21:05:06.3167890Z     sent_packet_handler_test.go:1546: t=965ms: sending packet 1 (probe packet: true)
Unit tests (macos, Go 1.27.x)	Run tests	2026-09-11T21:05:06.3168300Z     sent_packet_handler_test.go:1569: t=1399ms: received ACK for packets [1 0] (acked: [0 1], lost: [])
Unit tests (macos, Go 1.27.x)	Run tests	2026-09-11T21:05:06.3168670Z     sent_packet_handler_test.go:1546: t=1868ms: sending packet 2 (probe packet: true)
Unit tests (macos, Go 1.27.x)	Run tests	2026-09-11T21:05:06.3169010Z     sent_packet_handler_test.go:1551: t=1873ms: loss detection timeout (lost: [])
Unit tests (macos, Go 1.27.x)	Run tests	2026-09-11T21:05:06.3169320Z     sent_packet_handler_test.go:1546: t=2105ms: sending packet 3 (probe packet: true)
Unit tests (macos, Go 1.27.x)	Run tests	2026-09-11T21:05:06.3170210Z     sent_packet_handler_test.go:1551: t=2324ms: loss detection timeout (lost: [])
Unit tests (macos, Go 1.27.x)	Run tests	2026-09-11T21:05:06.3171340Z     sent_packet_handler_test.go:1569: t=2417ms: received ACK for packets [1] (acked: [], lost: [])
Unit tests (macos, Go 1.27.x)	Run tests	2026-09-11T21:05:06.3172140Z     sent_packet_handler_test.go:1578: t=2486ms: loss detection timeout (lost: [])
Unit tests (macos, Go 1.27.x)	Run tests	2026-09-11T21:05:06.3172470Z --- PASS: TestSentPacketHandlerRandomized (0.00s)
Unit tests (macos, Go 1.27.x)	Run tests	2026-09-11T21:05:06.3173220Z     --- PASS: TestSentPacketHandlerRandomized/run_1_(seed_1789160703535789000) (0.00s)
Unit tests (macos, Go 1.27.x)	Run tests	2026-09-11T21:05:06.3174190Z     --- PASS: TestSentPacketHandlerRandomized/run_2_(seed_1789160703535789001) (0.00s)
Unit tests (macos, Go 1.27.x)	Run tests	2026-09-11T21:05:06.3174950Z     --- PASS: TestSentPacketHandlerRandomized/run_3_(seed_1789160703535789002) (0.00s)
Unit tests (macos, Go 1.27.x)	Run tests	2026-09-11T21:05:06.3175710Z     --- PASS: TestSentPacketHandlerRandomized/run_4_(seed_1789160703535789003) (0.00s)
Unit tests (macos, Go 1.27.x)	Run tests	2026-09-11T21:05:06.3177440Z     --- PASS: TestSentPacketHandlerRandomized/run_5_(seed_1789160703535789004) (0.00s)
Unit tests (macos, Go 1.27.x)	Run tests	2026-09-11T21:05:06.3177840Z === RUN   TestSentPacketHistoryNonSequentialPacketNumberUse
Unit tests (macos, Go 1.27.x)	Run tests	2026-09-11T21:05:06.3178320Z --- PASS: TestSentPacketHistoryNonSequentialPacketNumberUse (0.00s)
Unit tests (macos, Go 1.27.x)	Run tests	2026-09-11T21:05:06.3178580Z === RUN   TestSentPacketHistoryDifference
Unit tests (macos, Go 1.27.x)	Run tests	2026-09-11T21:05:06.3178950Z --- PASS: TestSentPacketHistoryDifference (0.00s)
Unit tests (macos, Go 1.27.x)	Run tests	2026-09-11T21:05:06.3179250Z === RUN   TestECNValidationNotEnoughECNCounts
Unit tests (macos, Go 1.27.x)	Run tests	2026-09-11T21:05:06.3179610Z --- PASS: TestECNValidationNotEnoughECNCounts (0.00s)
Unit tests (macos, Go 1.27.x)	Run tests	2026-09-11T21:05:06.3179890Z === RUN   TestSentPacketHandlerRTTAckEliciting
Unit tests (macos, Go 1.27.x)	Run tests	2026-09-11T21:05:06.3180230Z --- PASS: TestSentPacketHandlerRTTAckEliciting (0.00s)
Unit tests (macos, Go 1.27.x)	Run tests	2026-09-11T21:05:06.3180590Z === RUN   TestSentPacketHandlerPacketBasedLossDetection
Unit tests (macos, Go 1.27.x)	Run tests	2026-09-11T21:05:06.3181010Z --- PASS: TestSentPacketHandlerPacketBasedLossDetection (0.00s)
Unit tests (macos, Go 1.27.x)	Run tests	2026-09-11T21:05:06.3181520Z === RUN   TestECNNonsensicalECNCountDecrease
Unit tests (macos, Go 1.27.x)	Run tests	2026-09-11T21:05:06.3181860Z --- PASS: TestECNNonsensicalECNCountDecrease (0.00s)
Unit tests (macos, Go 1.27.x)	Run tests	2026-09-11T21:05:06.3183030Z === RUN   TestSendModeStringer
Unit tests (macos, Go 1.27.x)	Run tests	2026-09-11T21:05:06.3183300Z --- PASS: TestSendModeStringer (0.00s)
Unit tests (macos, Go 1.27.x)	Run tests	2026-09-11T21:05:06.3183630Z === RUN   TestSkippingPacketNumberGeneratorPeriods
Unit tests (macos, Go 1.27.x)	Run tests	2026-09-11T21:05:06.3184300Z     packet_number_generator_test.go:85: Period 0: 28.01 (expected 25)
Unit tests (macos, Go 1.27.x)	Run tests	2026-09-11T21:05:06.3184930Z     packet_number_generator_test.go:85: Period 1: 52.34 (expected 50)
Unit tests (macos, Go 1.27.x)	Run tests	2026-09-11T21:05:06.3185570Z     packet_number_generator_test.go:85: Period 2: 102.50 (expected 100)
Unit tests (macos, Go 1.27.x)	Run tests	2026-09-11T21:05:06.3186230Z     packet_number_generator_test.go:85: Period 3: 206.71 (expected 200)
Unit tests (macos, Go 1.27.x)	Run tests	2026-09-11T21:05:06.3186860Z     packet_number_generator_test.go:85: Period 4: 305.82 (expected 300)
Unit tests (macos, Go 1.27.x)	Run tests	2026-09-11T21:05:06.3187480Z     packet_number_generator_test.go:85: Period 5: 303.69 (expected 300)
Unit tests (macos, Go 1.27.x)	Run tests	2026-09-11T21:05:06.3188170Z     packet_number_generator_test.go:85: Period 6: 304.98 (expected 300)
Unit tests (macos, Go 1.27.x)	Run tests	2026-09-11T21:05:06.3188640Z --- PASS: TestSkippingPacketNumberGeneratorPeriods (0.03s)
Unit tests (macos, Go 1.27.x)	Run tests	2026-09-11T21:05:06.3189000Z === RUN   TestSentPacketHandlerAcknowledgeSkippedPacket
Unit tests (macos, Go 1.27.x)	Run tests	2026-09-11T21:05:06.3189450Z --- PASS: TestSentPacketHandlerAcknowledgeSkippedPacket (0.00s)
Unit tests (macos, Go 1.27.x)	Run tests	2026-09-11T21:05:06.3189750Z === RUN   TestGenerateACKsForPacketNumberSpaces
Unit tests (macos, Go 1.27.x)	Run tests	2026-09-11T21:05:06.3190100Z --- PASS: TestGenerateACKsForPacketNumberSpaces (0.00s)
Unit tests (macos, Go 1.27.x)	Run tests	2026-09-11T21:05:06.3190370Z === RUN   TestAckRangePruning
Unit tests (macos, Go 1.27.x)	Run tests	2026-09-11T21:05:06.3190620Z --- PASS: TestAckRangePruning (0.00s)
Unit tests (macos, Go 1.27.x)	Run tests	2026-09-11T21:05:06.3190940Z === RUN   TestSentPacketHistoryDeleteWhileIterating
Unit tests (macos, Go 1.27.x)	Run tests	2026-09-11T21:05:06.3191330Z --- PASS: TestSentPacketHistoryDeleteWhileIterating (0.00s)
Unit tests (macos, Go 1.27.x)	Run tests	2026-09-11T21:05:06.3191610Z === RUN   TestAppDataReceivedPacketTrackerECN
Unit tests (macos, Go 1.27.x)	Run tests	2026-09-11T21:05:06.3198710Z --- PASS: TestAppDataReceivedPacketTrackerECN (0.00s)
Unit tests (macos, Go 1.27.x)	Run tests	2026-09-11T21:05:06.3198940Z === RUN   TestECNTestingPacketsLoss
Unit tests (macos, Go 1.27.x)	Run tests	2026-09-11T21:05:06.3199080Z --- PASS: TestECNTestingPacketsLoss (0.00s)
Unit tests (macos, Go 1.27.x)	Run tests	2026-09-11T21:05:06.3199240Z === RUN   TestIsFrameTypeAckEliciting
Unit tests (macos, Go 1.27.x)	Run tests	2026-09-11T21:05:06.3199410Z --- PASS: TestIsFrameTypeAckEliciting (0.00s)
Unit tests (macos, Go 1.27.x)	Run tests	2026-09-11T21:05:06.3200000Z === RUN   TestAppDataReceivedPacketTrackerDelayTime
Unit tests (macos, Go 1.27.x)	Run tests	2026-09-11T21:05:06.3200170Z --- PASS: TestAppDataReceivedPacketTrackerDelayTime (0.00s)
Unit tests (macos, Go 1.27.x)	Run tests	2026-09-11T21:05:06.3200220Z PASS
Unit tests (macos, Go 1.27.x)	Run tests	2026-09-11T21:05:06.3200290Z coverage: 91.5% of statements
Unit tests (macos, Go 1.27.x)	Run tests	2026-09-11T21:05:06.3200540Z ok  	github.com/quic-go/quic-go/internal/ackhandler	0.054s	coverage: 91.5% of statements
Unit tests (macos, Go 1.27.x)	Run tests	2026-09-11T21:05:06.3200620Z -test.shuffle 1789160703589332000
Unit tests (macos, Go 1.27.x)	Run tests	2026-09-11T21:05:06.3200750Z === RUN   TestCubicSenderMaximumPacketSizeReduction
Unit tests (macos, Go 1.27.x)	Run tests	2026-09-11T21:05:06.3200900Z --- PASS: TestCubicSenderMaximumPacketSizeReduction (0.00s)
Unit tests (macos, Go 1.27.x)	Run tests	2026-09-11T21:05:06.3200980Z === RUN   TestCubicBelowOrigin
Unit tests (macos, Go 1.27.x)	Run tests	2026-09-11T21:05:06.3201080Z --- PASS: TestCubicBelowOrigin (0.00s)
Unit tests (macos, Go 1.27.x)	Run tests	2026-09-11T21:05:06.3201180Z === RUN   TestCubicSenderSlowStartPacketLoss
Unit tests (macos, Go 1.27.x)	Run tests	2026-09-11T21:05:06.3201280Z 21
Unit tests (macos, Go 1.27.x)	Run tests	2026-09-11T21:05:06.3201590Z 12000000
Unit tests (macos, Go 1.27.x)	Run tests	2026-09-11T21:05:06.3201730Z --- PASS: TestCubicSenderSlowStartPacketLoss (0.00s)
Unit tests (macos, Go 1.27.x)	Run tests	2026-09-11T21:05:06.3201810Z === RUN   TestPacerUpdatePacketSize
Unit tests (macos, Go 1.27.x)	Run tests	2026-09-11T21:05:06.3201920Z --- PASS: TestPacerUpdatePacketSize (0.00s)
Unit tests (macos, Go 1.27.x)	Run tests	2026-09-11T21:05:06.3202050Z === RUN   TestCubicAboveOriginWithFineGrainedCubing
Unit tests (macos, Go 1.27.x)	Run tests	2026-09-11T21:05:06.3202200Z --- PASS: TestCubicAboveOriginWithFineGrainedCubing (0.00s)
Unit tests (macos, Go 1.27.x)	Run tests	2026-09-11T21:05:06.3202290Z === RUN   TestCubicHandlesPerAckUpdates
Unit tests (macos, Go 1.27.x)	Run tests	2026-09-11T21:05:06.3202410Z --- PASS: TestCubicHandlesPerAckUpdates (0.00s)
Unit tests (macos, Go 1.27.x)	Run tests	2026-09-11T21:05:06.3202540Z === RUN   TestCubicSenderSlowStartPacketLossPRR
Unit tests (macos, Go 1.27.x)	Run tests	2026-09-11T21:05:06.3202680Z --- PASS: TestCubicSenderSlowStartPacketLossPRR (0.00s)
Unit tests (macos, Go 1.27.x)	Run tests	2026-09-11T21:05:06.3202850Z === RUN   TestCubicSenderSlowStartsUpToMaximumCongestionWindow
Unit tests (macos, Go 1.27.x)	Run tests	2026-09-11T21:05:06.3203060Z --- PASS: TestCubicSenderSlowStartsUpToMaximumCongestionWindow (0.00s)
Unit tests (macos, Go 1.27.x)	Run tests	2026-09-11T21:05:06.3203150Z === RUN   TestCubicHandlesLossEvents
Unit tests (macos, Go 1.27.x)	Run tests	2026-09-11T21:05:06.3203260Z --- PASS: TestCubicHandlesLossEvents (0.00s)
Unit tests (macos, Go 1.27.x)	Run tests	2026-09-11T21:05:06.3203360Z === RUN   TestCubicSenderRTOCongestionWindow
Unit tests (macos, Go 1.27.x)	Run tests	2026-09-11T21:05:06.3203490Z --- PASS: TestCubicSenderRTOCongestionWindow (0.00s)
Unit tests (macos, Go 1.27.x)	Run tests	2026-09-11T21:05:06.3203580Z === RUN   TestPacerFastPacing
Unit tests (macos, Go 1.27.x)	Run tests	2026-09-11T21:05:06.3203670Z --- PASS: TestPacerFastPacing (0.00s)
Unit tests (macos, Go 1.27.x)	Run tests	2026-09-11T21:05:06.3203750Z === RUN   TestPacerNoOverflows
Unit tests (macos, Go 1.27.x)	Run tests	2026-09-11T21:05:06.3203840Z --- PASS: TestPacerNoOverflows (0.05s)
Unit tests (macos, Go 1.27.x)	Run tests	2026-09-11T21:05:06.3203980Z === RUN   TestCubicSenderTCPCubicResetEpochOnQuiescence
Unit tests (macos, Go 1.27.x)	Run tests	2026-09-11T21:05:06.3204150Z --- PASS: TestCubicSenderTCPCubicResetEpochOnQuiescence (0.00s)
Unit tests (macos, Go 1.27.x)	Run tests	2026-09-11T21:05:06.3204730Z === RUN   TestHybridSlowStartWithDelay
Unit tests (macos, Go 1.27.x)	Run tests	2026-09-11T21:05:06.3205330Z --- PASS: TestHybridSlowStartWithDelay (0.00s)
Unit tests (macos, Go 1.27.x)	Run tests	2026-09-11T21:05:06.3205620Z === RUN   TestCubicSenderExponentialSlowStart
Unit tests (macos, Go 1.27.x)	Run tests	2026-09-11T21:05:06.3205980Z --- PASS: TestCubicSenderExponentialSlowStart (0.00s)
Unit tests (macos, Go 1.27.x)	Run tests	2026-09-11T21:05:06.3206420Z === RUN   TestCubicSenderLimitCwndIncreaseInCongestionAvoidance
Unit tests (macos, Go 1.27.x)	Run tests	2026-09-11T21:05:06.3207010Z --- PASS: TestCubicSenderLimitCwndIncreaseInCongestionAvoidance (0.00s)
Unit tests (macos, Go 1.27.x)	Run tests	2026-09-11T21:05:06.3207550Z === RUN   TestCubicSender1ConnectionCongestionAvoidanceAtEndOfRecovery
Unit tests (macos, Go 1.27.x)	Run tests	2026-09-11T21:05:06.3208380Z --- PASS: TestCubicSender1ConnectionCongestionAvoidanceAtEndOfRecovery (0.00s)
Unit tests (macos, Go 1.27.x)	Run tests	2026-09-11T21:05:06.3208510Z === RUN   TestCubicSenderNoPRR
Unit tests (macos, Go 1.27.x)	Run tests	2026-09-11T21:05:06.3208960Z --- PASS: TestCubicSenderNoPRR (0.00s)
Unit tests (macos, Go 1.27.x)	Run tests	2026-09-11T21:05:06.3209090Z === RUN   TestCubicAboveOriginWithTighterBounds
Unit tests (macos, Go 1.27.x)	Run tests	2026-09-11T21:05:06.3209230Z --- PASS: TestCubicAboveOriginWithTighterBounds (0.01s)
Unit tests (macos, Go 1.27.x)	Run tests	2026-09-11T21:05:06.3209310Z === RUN   TestPacerPacing
Unit tests (macos, Go 1.27.x)	Run tests	2026-09-11T21:05:06.3209410Z --- PASS: TestPacerPacing (0.00s)
Unit tests (macos, Go 1.27.x)	Run tests	2026-09-11T21:05:06.3209520Z === RUN   TestHybridSlowStartSimpleCase
Unit tests (macos, Go 1.27.x)	Run tests	2026-09-11T21:05:06.3209640Z --- PASS: TestHybridSlowStartSimpleCase (0.00s)
Unit tests (macos, Go 1.27.x)	Run tests	2026-09-11T21:05:06.3209800Z === RUN   TestCubicSenderMultipleLossesInOneWindow
Unit tests (macos, Go 1.27.x)	Run tests	2026-09-11T21:05:06.3210000Z --- PASS: TestCubicSenderMultipleLossesInOneWindow (0.00s)
Unit tests (macos, Go 1.27.x)	Run tests	2026-09-11T21:05:06.3210900Z === RUN   TestCubicSenderStartup
Unit tests (macos, Go 1.27.x)	Run tests	2026-09-11T21:05:06.3211080Z --- PASS: TestCubicSenderStartup (0.00s)
Unit tests (macos, Go 1.27.x)	Run tests	2026-09-11T21:05:06.3211270Z === RUN   TestCubicSenderSlowStartBurstPacketLossPRR
Unit tests (macos, Go 1.27.x)	Run tests	2026-09-11T21:05:06.3211850Z --- PASS: TestCubicSenderSlowStartBurstPacketLossPRR (0.00s)
Unit tests (macos, Go 1.27.x)	Run tests	2026-09-11T21:05:06.3211950Z === RUN   TestCubicSenderPacing
Unit tests (macos, Go 1.27.x)	Run tests	2026-09-11T21:05:06.3212040Z --- PASS: TestCubicSenderPacing (0.00s)
Unit tests (macos, Go 1.27.x)	Run tests	2026-09-11T21:05:06.3212130Z === RUN   TestBandwidthFromDelta
Unit tests (macos, Go 1.27.x)	Run tests	2026-09-11T21:05:06.3212220Z --- PASS: TestBandwidthFromDelta (0.00s)
Unit tests (macos, Go 1.27.x)	Run tests	2026-09-11T21:05:06.3212370Z === RUN   TestCubicSenderResetAfterConnectionMigration
Unit tests (macos, Go 1.27.x)	Run tests	2026-09-11T21:05:06.3212540Z --- PASS: TestCubicSenderResetAfterConnectionMigration (0.00s)
Unit tests (macos, Go 1.27.x)	Run tests	2026-09-11T21:05:06.3212670Z === RUN   TestCubicSenderSlowStartsPacketSizeIncrease
Unit tests (macos, Go 1.27.x)	Run tests	2026-09-11T21:05:06.3212830Z --- PASS: TestCubicSenderSlowStartsPacketSizeIncrease (0.00s)
Unit tests (macos, Go 1.27.x)	Run tests	2026-09-11T21:05:06.3212960Z === RUN   TestCubicSenderApplicationLimitedSlowStart
Unit tests (macos, Go 1.27.x)	Run tests	2026-09-11T21:05:06.3213200Z --- PASS: TestCubicSenderApplicationLimitedSlowStart (0.00s)
Unit tests (macos, Go 1.27.x)	Run tests	2026-09-11T21:05:06.3213260Z PASS
Unit tests (macos, Go 1.27.x)	Run tests	2026-09-11T21:05:06.3213330Z coverage: 94.1% of statements
Unit tests (macos, Go 1.27.x)	Run tests	2026-09-11T21:05:06.3213580Z ok  	github.com/quic-go/quic-go/internal/congestion	0.077s	coverage: 94.1% of statements
Unit tests (macos, Go 1.27.x)	Run tests	2026-09-11T21:05:06.3213660Z -test.shuffle 1789160703669171000
Unit tests (macos, Go 1.27.x)	Run tests	2026-09-11T21:05:06.3213760Z === RUN   TestUpdatableAEADPacketNumbers
Unit tests (macos, Go 1.27.x)	Run tests	2026-09-11T21:05:06.3213880Z --- PASS: TestUpdatableAEADPacketNumbers (0.00s)
Unit tests (macos, Go 1.27.x)	Run tests	2026-09-11T21:05:06.3213990Z === RUN   TestKeyUpdateAfterOpeningMaxPackets
Unit tests (macos, Go 1.27.x)	Run tests	2026-09-11T21:05:06.3214130Z --- PASS: TestKeyUpdateAfterOpeningMaxPackets (0.00s)
Unit tests (macos, Go 1.27.x)	Run tests	2026-09-11T21:05:06.3214210Z === RUN   TestAEADLimitReached
Unit tests (macos, Go 1.27.x)	Run tests	2026-09-11T21:05:06.3214300Z --- PASS: TestAEADLimitReached (0.00s)
Unit tests (macos, Go 1.27.x)	Run tests	2026-09-11T21:05:06.3214430Z === RUN   TestInitiateKeyUpdateAfterSendingMaxPackets
Unit tests (macos, Go 1.27.x)	Run tests	2026-09-11T21:05:06.3214590Z --- PASS: TestInitiateKeyUpdateAfterSendingMaxPackets (0.00s)
Unit tests (macos, Go 1.27.x)	Run tests	2026-09-11T21:05:06.3214680Z === RUN   TestComputeServerKeyAndIV
Unit tests (macos, Go 1.27.x)	Run tests	2026-09-11T21:05:06.3214790Z === RUN   TestComputeServerKeyAndIV/QUIC_v1
Unit tests (macos, Go 1.27.x)	Run tests	2026-09-11T21:05:06.3214920Z === RUN   TestComputeServerKeyAndIV/QUIC_v2
Unit tests (macos, Go 1.27.x)	Run tests	2026-09-11T21:05:06.3215040Z --- PASS: TestComputeServerKeyAndIV (0.00s)
Unit tests (macos, Go 1.27.x)	Run tests	2026-09-11T21:05:06.3215280Z     --- PASS: TestComputeServerKeyAndIV/QUIC_v1 (0.00s)
Unit tests (macos, Go 1.27.x)	Run tests	2026-09-11T21:05:06.3215470Z     --- PASS: TestComputeServerKeyAndIV/QUIC_v2 (0.00s)
Unit tests (macos, Go 1.27.x)	Run tests	2026-09-11T21:05:06.3215620Z === RUN   TestUnmarshal0RTTRefusesInvalidTransportParameters
Unit tests (macos, Go 1.27.x)	Run tests	2026-09-11T21:05:06.3215810Z --- PASS: TestUnmarshal0RTTRefusesInvalidTransportParameters (0.00s)
Unit tests (macos, Go 1.27.x)	Run tests	2026-09-11T21:05:06.3215920Z === RUN   TestErrorBeforeClientHelloGeneration
Unit tests (macos, Go 1.27.x)	Run tests	2026-09-11T21:05:06.3216060Z --- PASS: TestErrorBeforeClientHelloGeneration (0.00s)
Unit tests (macos, Go 1.27.x)	Run tests	2026-09-11T21:05:06.3216190Z === RUN   Test0RTTRejectionOnTransportParametersChanged
Unit tests (macos, Go 1.27.x)	Run tests	2026-09-11T21:05:06.3216360Z --- PASS: Test0RTTRejectionOnTransportParametersChanged (0.00s)
Unit tests (macos, Go 1.27.x)	Run tests	2026-09-11T21:05:06.3216490Z === RUN   TestInitialAEADEncryptsAndDecryptsHeader
Unit tests (macos, Go 1.27.x)	Run tests	2026-09-11T21:05:06.3217240Z === RUN   TestInitialAEADEncryptsAndDecryptsHeader/v1
Unit tests (macos, Go 1.27.x)	Run tests	2026-09-11T21:05:06.3217430Z === RUN   TestInitialAEADEncryptsAndDecryptsHeader/v2
Unit tests (macos, Go 1.27.x)	Run tests	2026-09-11T21:05:06.3217590Z --- PASS: TestInitialAEADEncryptsAndDecryptsHeader (0.00s)
Unit tests (macos, Go 1.27.x)	Run tests	2026-09-11T21:05:06.3217840Z     --- PASS: TestInitialAEADEncryptsAndDecryptsHeader/v1 (0.00s)
Unit tests (macos, Go 1.27.x)	Run tests	2026-09-11T21:05:06.3218080Z     --- PASS: TestInitialAEADEncryptsAndDecryptsHeader/v2 (0.00s)
Unit tests (macos, Go 1.27.x)	Run tests	2026-09-11T21:05:06.3218170Z === RUN   TestInitialAEADSealsAndOpens
Unit tests (macos, Go 1.27.x)	Run tests	2026-09-11T21:05:06.3218370Z === RUN   TestInitialAEADSealsAndOpens/v1
Unit tests (macos, Go 1.27.x)	Run tests	2026-09-11T21:05:06.3218500Z === RUN   TestInitialAEADSealsAndOpens/v2
Unit tests (macos, Go 1.27.x)	Run tests	2026-09-11T21:05:06.3218630Z --- PASS: TestInitialAEADSealsAndOpens (0.00s)
Unit tests (macos, Go 1.27.x)	Run tests	2026-09-11T21:05:06.3218830Z     --- PASS: TestInitialAEADSealsAndOpens/v1 (0.00s)
Unit tests (macos, Go 1.27.x)	Run tests	2026-09-11T21:05:06.3219020Z     --- PASS: TestInitialAEADSealsAndOpens/v2 (0.00s)
Unit tests (macos, Go 1.27.x)	Run tests	2026-09-11T21:05:06.3219120Z === RUN   TestDropsKeys3PTOsAfterKeyUpdate
Unit tests (macos, Go 1.27.x)	Run tests	2026-09-11T21:05:06.3219240Z --- PASS: TestDropsKeys3PTOsAfterKeyUpdate (0.00s)
Unit tests (macos, Go 1.27.x)	Run tests	2026-09-11T21:05:06.3219340Z === RUN   TestKeyUpdateKeyPhaseSkipping
Unit tests (macos, Go 1.27.x)	Run tests	2026-09-11T21:05:06.3219470Z --- PASS: TestKeyUpdateKeyPhaseSkipping (0.00s)
Unit tests (macos, Go 1.27.x)	Run tests	2026-09-11T21:05:06.3219570Z === RUN   TestDecodePacketNumber
Unit tests (macos, Go 1.27.x)	Run tests	2026-09-11T21:05:06.3219820Z --- PASS: TestDecodePacketNumber (0.00s)
Unit tests (macos, Go 1.27.x)	Run tests	2026-09-11T21:05:06.3219940Z === RUN   TestUpdatableAEADEncryptDecryptMessage
Unit tests (macos, Go 1.27.x)	Run tests	2026-09-11T21:05:06.3220160Z === RUN   TestUpdatableAEADEncryptDecryptMessage/QUIC_v1/TLS_AES_128_GCM_SHA256
Unit tests (macos, Go 1.27.x)	Run tests	2026-09-11T21:05:06.3220370Z === RUN   TestUpdatableAEADEncryptDecryptMessage/QUIC_v1/TLS_AES_256_GCM_SHA384
Unit tests (macos, Go 1.27.x)	Run tests	2026-09-11T21:05:06.3220620Z === RUN   TestUpdatableAEADEncryptDecryptMessage/QUIC_v1/TLS_CHACHA20_POLY1305_SHA256
Unit tests (macos, Go 1.27.x)	Run tests	2026-09-11T21:05:06.3220880Z === RUN   TestUpdatableAEADEncryptDecryptMessage/QUIC_v2/TLS_AES_128_GCM_SHA256
Unit tests (macos, Go 1.27.x)	Run tests	2026-09-11T21:05:06.3221100Z === RUN   TestUpdatableAEADEncryptDecryptMessage/QUIC_v2/TLS_AES_256_GCM_SHA384
Unit tests (macos, Go 1.27.x)	Run tests	2026-09-11T21:05:06.3221310Z === RUN   TestUpdatableAEADEncryptDecryptMessage/QUIC_v2/TLS_CHACHA20_POLY1305_SHA256
Unit tests (macos, Go 1.27.x)	Run tests	2026-09-11T21:05:06.3221550Z --- PASS: TestUpdatableAEADEncryptDecryptMessage (0.00s)
Unit tests (macos, Go 1.27.x)	Run tests	2026-09-11T21:05:06.3221980Z     --- PASS: TestUpdatableAEADEncryptDecryptMessage/QUIC_v1/TLS_AES_128_GCM_SHA256 (0.00s)
Unit tests (macos, Go 1.27.x)	Run tests	2026-09-11T21:05:06.3222400Z     --- PASS: TestUpdatableAEADEncryptDecryptMessage/QUIC_v1/TLS_AES_256_GCM_SHA384 (0.00s)
Unit tests (macos, Go 1.27.x)	Run tests	2026-09-11T21:05:06.3223810Z     --- PASS: TestUpdatableAEADEncryptDecryptMessage/QUIC_v1/TLS_CHACHA20_POLY1305_SHA256 (0.00s)
Unit tests (macos, Go 1.27.x)	Run tests	2026-09-11T21:05:06.3224790Z     --- PASS: TestUpdatableAEADEncryptDecryptMessage/QUIC_v2/TLS_AES_128_GCM_SHA256 (0.00s)
Unit tests (macos, Go 1.27.x)	Run tests	2026-09-11T21:05:06.3225650Z     --- PASS: TestUpdatableAEADEncryptDecryptMessage/QUIC_v2/TLS_AES_256_GCM_SHA384 (0.00s)
Unit tests (macos, Go 1.27.x)	Run tests	2026-09-11T21:05:06.3226720Z     --- PASS: TestUpdatableAEADEncryptDecryptMessage/QUIC_v2/TLS_CHACHA20_POLY1305_SHA256 (0.00s)
Unit tests (macos, Go 1.27.x)	Run tests	2026-09-11T21:05:06.3226970Z === RUN   TestWithClientAuth
Unit tests (macos, Go 1.27.x)	Run tests	2026-09-11T21:05:06.3227220Z --- PASS: TestWithClientAuth (0.01s)
Unit tests (macos, Go 1.27.x)	Run tests	2026-09-11T21:05:06.3227500Z === RUN   TestTokenProtectorInvalidTokens
Unit tests (macos, Go 1.27.x)	Run tests	2026-09-11T21:05:06.3227890Z --- PASS: TestTokenProtectorInvalidTokens (0.00s)
Unit tests (macos, Go 1.27.x)	Run tests	2026-09-11T21:05:06.3228140Z === RUN   TestSessionResumptionDisabled
Unit tests (macos, Go 1.27.x)	Run tests	2026-09-11T21:05:06.3228430Z --- PASS: TestSessionResumptionDisabled (0.04s)
Unit tests (macos, Go 1.27.x)	Run tests	2026-09-11T21:05:06.3228670Z === RUN   TestChaChaTestVector
Unit tests (macos, Go 1.27.x)	Run tests	2026-09-11T21:05:06.3228910Z === RUN   TestChaChaTestVector/QUIC_v1
Unit tests (macos, Go 1.27.x)	Run tests	2026-09-11T21:05:06.3229170Z === RUN   TestChaChaTestVector/QUIC_v2
Unit tests (macos, Go 1.27.x)	Run tests	2026-09-11T21:05:06.3229440Z --- PASS: TestChaChaTestVector (0.00s)
Unit tests (macos, Go 1.27.x)	Run tests	2026-09-11T21:05:06.3243020Z     --- PASS: TestChaChaTestVector/QUIC_v1 (0.00s)
Unit tests (macos, Go 1.27.x)	Run tests	2026-09-11T21:05:06.3251110Z     --- PASS: TestChaChaTestVector/QUIC_v2 (0.00s)
Unit tests (macos, Go 1.27.x)	Run tests	2026-09-11T21:05:06.3251320Z === RUN   TestHandlingNewSessionTicketFails
Unit tests (macos, Go 1.27.x)	Run tests	2026-09-11T21:05:06.3251490Z --- PASS: TestHandlingNewSessionTicketFails (0.00s)
Unit tests (macos, Go 1.27.x)	Run tests	2026-09-11T21:05:06.3251610Z === RUN   TestEncryptAndDecryptMessage
Unit tests (macos, Go 1.27.x)	Run tests	2026-09-11T21:05:06.3251820Z === RUN   TestEncryptAndDecryptMessage/QUIC_v1/TLS_AES_128_GCM_SHA256
Unit tests (macos, Go 1.27.x)	Run tests	2026-09-11T21:05:06.3252130Z === RUN   TestEncryptAndDecryptMessage/QUIC_v1/TLS_AES_256_GCM_SHA384
Unit tests (macos, Go 1.27.x)	Run tests	2026-09-11T21:05:06.3252420Z === RUN   TestEncryptAndDecryptMessage/QUIC_v1/TLS_CHACHA20_POLY1305_SHA256
Unit tests (macos, Go 1.27.x)	Run tests	2026-09-11T21:05:06.3252610Z === RUN   TestEncryptAndDecryptMessage/QUIC_v2/TLS_AES_128_GCM_SHA256
Unit tests (macos, Go 1.27.x)	Run tests	2026-09-11T21:05:06.3252840Z === RUN   TestEncryptAndDecryptMessage/QUIC_v2/TLS_AES_256_GCM_SHA384
Unit tests (macos, Go 1.27.x)	Run tests	2026-09-11T21:05:06.3253070Z === RUN   TestEncryptAndDecryptMessage/QUIC_v2/TLS_CHACHA20_POLY1305_SHA256
Unit tests (macos, Go 1.27.x)	Run tests	2026-09-11T21:05:06.3253190Z --- PASS: TestEncryptAndDecryptMessage (0.00s)
Unit tests (macos, Go 1.27.x)	Run tests	2026-09-11T21:05:06.3254770Z     --- PASS: TestEncryptAndDecryptMessage/QUIC_v1/TLS_AES_128_GCM_SHA256 (0.00s)
Unit tests (macos, Go 1.27.x)	Run tests	2026-09-11T21:05:06.3258470Z     --- PASS: TestEncryptAndDecryptMessage/QUIC_v1/TLS_AES_256_GCM_SHA384 (0.00s)
Unit tests (macos, Go 1.27.x)	Run tests	2026-09-11T21:05:06.3258910Z     --- PASS: TestEncryptAndDecryptMessage/QUIC_v1/TLS_CHACHA20_POLY1305_SHA256 (0.00s)
Unit tests (macos, Go 1.27.x)	Run tests	2026-09-11T21:05:06.3261340Z     --- PASS: TestEncryptAndDecryptMessage/QUIC_v2/TLS_AES_128_GCM_SHA256 (0.00s)
Unit tests (macos, Go 1.27.x)	Run tests	2026-09-11T21:05:06.3261710Z     --- PASS: TestEncryptAndDecryptMessage/QUIC_v2/TLS_AES_256_GCM_SHA384 (0.00s)
Unit tests (macos, Go 1.27.x)	Run tests	2026-09-11T21:05:06.3262110Z     --- PASS: TestEncryptAndDecryptMessage/QUIC_v2/TLS_CHACHA20_POLY1305_SHA256 (0.00s)
Unit tests (macos, Go 1.27.x)	Run tests	2026-09-11T21:05:06.3265010Z === RUN   TestRetryIntegrityTagWithTestVectors
Unit tests (macos, Go 1.27.x)	Run tests	2026-09-11T21:05:06.3265390Z === RUN   TestRetryIntegrityTagWithTestVectors/v1
Unit tests (macos, Go 1.27.x)	Run tests	2026-09-11T21:05:06.3265740Z === RUN   TestRetryIntegrityTagWithTestVectors/v2
Unit tests (macos, Go 1.27.x)	Run tests	2026-09-11T21:05:06.3266160Z --- PASS: TestRetryIntegrityTagWithTestVectors (0.00s)
Unit tests (macos, Go 1.27.x)	Run tests	2026-09-11T21:05:06.3270220Z     --- PASS: TestRetryIntegrityTagWithTestVectors/v1 (0.00s)
Unit tests (macos, Go 1.27.x)	Run tests	2026-09-11T21:05:06.3271510Z     --- PASS: TestRetryIntegrityTagWithTestVectors/v2 (0.00s)
Unit tests (macos, Go 1.27.x)	Run tests	2026-09-11T21:05:06.3272160Z === RUN   TestSplitHexString
Unit tests (macos, Go 1.27.x)	Run tests	2026-09-11T21:05:06.3272270Z --- PASS: TestSplitHexString (0.00s)
Unit tests (macos, Go 1.27.x)	Run tests	2026-09-11T21:05:06.3272340Z === RUN   TestKeyUpdates
Unit tests (macos, Go 1.27.x)	Run tests	2026-09-11T21:05:06.3272430Z --- PASS: TestKeyUpdates (0.00s)
Unit tests (macos, Go 1.27.x)	Run tests	2026-09-11T21:05:06.3272540Z === RUN   TestTokenProtectorDifferentKeys
Unit tests (macos, Go 1.27.x)	Run tests	2026-09-11T21:05:06.3272670Z --- PASS: TestTokenProtectorDifferentKeys (0.00s)
Unit tests (macos, Go 1.27.x)	Run tests	2026-09-11T21:05:06.3273380Z === RUN   TestTokenGeneratorNonUDPAddr
Unit tests (macos, Go 1.27.x)	Run tests	2026-09-11T21:05:06.3273520Z --- PASS: TestTokenGeneratorNonUDPAddr (0.00s)
Unit tests (macos, Go 1.27.x)	Run tests	2026-09-11T21:05:06.3273640Z === RUN   TestMarshalUnmarshalSessionTicket
Unit tests (macos, Go 1.27.x)	Run tests	2026-09-11T21:05:06.3273780Z --- PASS: TestMarshalUnmarshalSessionTicket (0.00s)
Unit tests (macos, Go 1.27.x)	Run tests	2026-09-11T21:05:06.3274090Z === RUN   TestKeyUpdateEnforceACKKeyPhase
Unit tests (macos, Go 1.27.x)	Run tests	2026-09-11T21:05:06.3274250Z --- PASS: TestKeyUpdateEnforceACKKeyPhase (0.00s)
Unit tests (macos, Go 1.27.x)	Run tests	2026-09-11T21:05:06.3274440Z === RUN   TestInitialAEADFailsWithDifferentConnectionIDs
Unit tests (macos, Go 1.27.x)	Run tests	2026-09-11T21:05:06.3274590Z === RUN   TestInitialAEADFailsWithDifferentConnectionIDs/v1
Unit tests (macos, Go 1.27.x)	Run tests	2026-09-11T21:05:06.3274740Z === RUN   TestInitialAEADFailsWithDifferentConnectionIDs/v2
Unit tests (macos, Go 1.27.x)	Run tests	2026-09-11T21:05:06.3274930Z --- PASS: TestInitialAEADFailsWithDifferentConnectionIDs (0.00s)
Unit tests (macos, Go 1.27.x)	Run tests	2026-09-11T21:05:06.3275430Z     --- PASS: TestInitialAEADFailsWithDifferentConnectionIDs/v1 (0.00s)
Unit tests (macos, Go 1.27.x)	Run tests	2026-09-11T21:05:06.3275720Z     --- PASS: TestInitialAEADFailsWithDifferentConnectionIDs/v2 (0.00s)
Unit tests (macos, Go 1.27.x)	Run tests	2026-09-11T21:05:06.3275830Z === RUN   TestTokenProtectorEncodeAndDecode
Unit tests (macos, Go 1.27.x)	Run tests	2026-09-11T21:05:06.3275960Z --- PASS: TestTokenProtectorEncodeAndDecode (0.00s)
Unit tests (macos, Go 1.27.x)	Run tests	2026-09-11T21:05:06.3276050Z === RUN   TestHelloRetryRequest
Unit tests (macos, Go 1.27.x)	Run tests	2026-09-11T21:05:06.3276310Z --- PASS: TestHelloRetryRequest (0.01s)
Unit tests (macos, Go 1.27.x)	Run tests	2026-09-11T21:05:06.3276410Z === RUN   TestClientInitial
Unit tests (macos, Go 1.27.x)	Run tests	2026-09-11T21:05:06.3276520Z === RUN   TestClientInitial/v1
Unit tests (macos, Go 1.27.x)	Run tests	2026-09-11T21:05:06.3276610Z === RUN   TestClientInitial/v2
Unit tests (macos, Go 1.27.x)	Run tests	2026-09-11T21:05:06.3276700Z --- PASS: TestClientInitial (0.00s)
Unit tests (macos, Go 1.27.x)	Run tests	2026-09-11T21:05:06.3276850Z     --- PASS: TestClientInitial/v1 (0.00s)
Unit tests (macos, Go 1.27.x)	Run tests	2026-09-11T21:05:06.3277000Z     --- PASS: TestClientInitial/v2 (0.00s)
Unit tests (macos, Go 1.27.x)	Run tests	2026-09-11T21:05:06.3277120Z === RUN   TestRejectFrequentKeyUpdates
Unit tests (macos, Go 1.27.x)	Run tests	2026-09-11T21:05:06.3277390Z --- PASS: TestRejectFrequentKeyUpdates (0.00s)
Unit tests (macos, Go 1.27.x)	Run tests	2026-09-11T21:05:06.3277550Z === RUN   TestNewSessionTicketAtWrongEncryptionLevel
Unit tests (macos, Go 1.27.x)	Run tests	2026-09-11T21:05:06.3277710Z --- PASS: TestNewSessionTicketAtWrongEncryptionLevel (0.01s)
Unit tests (macos, Go 1.27.x)	Run tests	2026-09-11T21:05:06.3277820Z === RUN   TestTokenGeneratorValidToken
Unit tests (macos, Go 1.27.x)	Run tests	2026-09-11T21:05:06.3277930Z --- PASS: TestTokenGeneratorValidToken (0.00s)
Unit tests (macos, Go 1.27.x)	Run tests	2026-09-11T21:05:06.3278040Z === RUN   TestUpdatableAEADHeaderProtection
Unit tests (macos, Go 1.27.x)	Run tests	2026-09-11T21:05:06.3278230Z === RUN   TestUpdatableAEADHeaderProtection/QUIC_v1/TLS_AES_128_GCM_SHA256
Unit tests (macos, Go 1.27.x)	Run tests	2026-09-11T21:05:06.3278580Z === RUN   TestUpdatableAEADHeaderProtection/QUIC_v1/TLS_AES_256_GCM_SHA384
Unit tests (macos, Go 1.27.x)	Run tests	2026-09-11T21:05:06.3278830Z === RUN   TestUpdatableAEADHeaderProtection/QUIC_v1/TLS_CHACHA20_POLY1305_SHA256
Unit tests (macos, Go 1.27.x)	Run tests	2026-09-11T21:05:06.3279010Z === RUN   TestUpdatableAEADHeaderProtection/QUIC_v2/TLS_AES_128_GCM_SHA256
Unit tests (macos, Go 1.27.x)	Run tests	2026-09-11T21:05:06.3279190Z === RUN   TestUpdatableAEADHeaderProtection/QUIC_v2/TLS_AES_256_GCM_SHA384
Unit tests (macos, Go 1.27.x)	Run tests	2026-09-11T21:05:06.3279500Z === RUN   TestUpdatableAEADHeaderProtection/QUIC_v2/TLS_CHACHA20_POLY1305_SHA256
Unit tests (macos, Go 1.27.x)	Run tests	2026-09-11T21:05:06.3279660Z --- PASS: TestUpdatableAEADHeaderProtection (0.00s)
Unit tests (macos, Go 1.27.x)	Run tests	2026-09-11T21:05:06.3280790Z     --- PASS: TestUpdatableAEADHeaderProtection/QUIC_v1/TLS_AES_128_GCM_SHA256 (0.00s)
Unit tests (macos, Go 1.27.x)	Run tests	2026-09-11T21:05:06.3281730Z     --- PASS: TestUpdatableAEADHeaderProtection/QUIC_v1/TLS_AES_256_GCM_SHA384 (0.00s)
Unit tests (macos, Go 1.27.x)	Run tests	2026-09-11T21:05:06.3282570Z     --- PASS: TestUpdatableAEADHeaderProtection/QUIC_v1/TLS_CHACHA20_POLY1305_SHA256 (0.00s)
Unit tests (macos, Go 1.27.x)	Run tests	2026-09-11T21:05:06.3283820Z     --- PASS: TestUpdatableAEADHeaderProtection/QUIC_v2/TLS_AES_128_GCM_SHA256 (0.00s)
Unit tests (macos, Go 1.27.x)	Run tests	2026-09-11T21:05:06.3284620Z     --- PASS: TestUpdatableAEADHeaderProtection/QUIC_v2/TLS_AES_256_GCM_SHA384 (0.00s)
Unit tests (macos, Go 1.27.x)	Run tests	2026-09-11T21:05:06.3285730Z     --- PASS: TestUpdatableAEADHeaderProtection/QUIC_v2/TLS_CHACHA20_POLY1305_SHA256 (0.00s)
Unit tests (macos, Go 1.27.x)	Run tests	2026-09-11T21:05:06.3285930Z === RUN   TestTransportParameters
Unit tests (macos, Go 1.27.x)	Run tests	2026-09-11T21:05:06.3286050Z --- PASS: TestTransportParameters (0.00s)
Unit tests (macos, Go 1.27.x)	Run tests	2026-09-11T21:05:06.3286170Z === RUN   TestTokenGeneratorEmptyTokens
Unit tests (macos, Go 1.27.x)	Run tests	2026-09-11T21:05:06.3286330Z --- PASS: TestTokenGeneratorEmptyTokens (0.00s)
Unit tests (macos, Go 1.27.x)	Run tests	2026-09-11T21:05:06.3286460Z === RUN   TestTokenGeneratorDecodingFailed
Unit tests (macos, Go 1.27.x)	Run tests	2026-09-11T21:05:06.3286590Z --- PASS: TestTokenGeneratorDecodingFailed (0.00s)
Unit tests (macos, Go 1.27.x)	Run tests	2026-09-11T21:05:06.3286950Z === RUN   TestHKDF
Unit tests (macos, Go 1.27.x)	Run tests	2026-09-11T21:05:06.3287040Z === RUN   TestHKDF/TLS_AES_128_GCM_SHA256
Unit tests (macos, Go 1.27.x)	Run tests	2026-09-11T21:05:06.3287130Z === RUN   TestHKDF/TLS_AES_256_GCM_SHA384
Unit tests (macos, Go 1.27.x)	Run tests	2026-09-11T21:05:06.3287240Z === RUN   TestHKDF/TLS_CHACHA20_POLY1305_SHA256
Unit tests (macos, Go 1.27.x)	Run tests	2026-09-11T21:05:06.3287310Z --- PASS: TestHKDF (0.00s)
Unit tests (macos, Go 1.27.x)	Run tests	2026-09-11T21:05:06.3288010Z     --- PASS: TestHKDF/TLS_AES_128_GCM_SHA256 (0.00s)
Unit tests (macos, Go 1.27.x)	Run tests	2026-09-11T21:05:06.3288270Z     --- PASS: TestHKDF/TLS_AES_256_GCM_SHA384 (0.00s)
Unit tests (macos, Go 1.27.x)	Run tests	2026-09-11T21:05:06.3288530Z     --- PASS: TestHKDF/TLS_CHACHA20_POLY1305_SHA256 (0.00s)
Unit tests (macos, Go 1.27.x)	Run tests	2026-09-11T21:05:06.3288690Z === RUN   TestTokenGeneratorAdditionalPayload
Unit tests (macos, Go 1.27.x)	Run tests	2026-09-11T21:05:06.3288850Z --- PASS: TestTokenGeneratorAdditionalPayload (0.00s)
Unit tests (macos, Go 1.27.x)	Run tests	2026-09-11T21:05:06.3288940Z === RUN   TestSessionResumption
Unit tests (macos, Go 1.27.x)	Run tests	2026-09-11T21:05:06.3289060Z --- PASS: TestSessionResumption (0.00s)
Unit tests (macos, Go 1.27.x)	Run tests	2026-09-11T21:05:06.3289220Z === RUN   TestMessageReceivedAtWrongEncryptionLevel
Unit tests (macos, Go 1.27.x)	Run tests	2026-09-11T21:05:06.3289520Z --- PASS: TestMessageReceivedAtWrongEncryptionLevel (0.00s)
Unit tests (macos, Go 1.27.x)	Run tests	2026-09-11T21:05:06.3289640Z === RUN   TestFastKeyUpdateByUs
Unit tests (macos, Go 1.27.x)	Run tests	2026-09-11T21:05:06.3289800Z --- PASS: TestFastKeyUpdateByUs (0.00s)
Unit tests (macos, Go 1.27.x)	Run tests	2026-09-11T21:05:06.3290020Z === RUN   TestAllowsFirstKeyUpdateImmediately
Unit tests (macos, Go 1.27.x)	Run tests	2026-09-11T21:05:06.3290200Z --- PASS: TestAllowsFirstKeyUpdateImmediately (0.00s)
Unit tests (macos, Go 1.27.x)	Run tests	2026-09-11T21:05:06.3290820Z === RUN   TestTokenGeneratorIPv6
Unit tests (macos, Go 1.27.x)	Run tests	2026-09-11T21:05:06.3291260Z --- PASS: TestTokenGeneratorIPv6 (0.00s)
Unit tests (macos, Go 1.27.x)	Run tests	2026-09-11T21:05:06.3291710Z === RUN   Test0RTT
Unit tests (macos, Go 1.27.x)	Run tests	2026-09-11T21:05:06.3291940Z --- PASS: Test0RTT (0.00s)
Unit tests (macos, Go 1.27.x)	Run tests	2026-09-11T21:05:06.3292210Z === RUN   TestComputeClientKeyAndIV
Unit tests (macos, Go 1.27.x)	Run tests	2026-09-11T21:05:06.3292480Z === RUN   TestComputeClientKeyAndIV/QUIC_v1
Unit tests (macos, Go 1.27.x)	Run tests	2026-09-11T21:05:06.3292750Z === RUN   TestComputeClientKeyAndIV/QUIC_v2
Unit tests (macos, Go 1.27.x)	Run tests	2026-09-11T21:05:06.3293030Z --- PASS: TestComputeClientKeyAndIV (0.00s)
Unit tests (macos, Go 1.27.x)	Run tests	2026-09-11T21:05:06.3293490Z     --- PASS: TestComputeClientKeyAndIV/QUIC_v1 (0.00s)
Unit tests (macos, Go 1.27.x)	Run tests	2026-09-11T21:05:06.3293930Z     --- PASS: TestComputeClientKeyAndIV/QUIC_v2 (0.00s)
Unit tests (macos, Go 1.27.x)	Run tests	2026-09-11T21:05:06.3294170Z === RUN   TestFastKeyUpdatesByPeer
Unit tests (macos, Go 1.27.x)	Run tests	2026-09-11T21:05:06.3294470Z --- PASS: TestFastKeyUpdatesByPeer (0.00s)
Unit tests (macos, Go 1.27.x)	Run tests	2026-09-11T21:05:06.3294740Z === RUN   TestUnmarshalRefusesTooShortTicket
Unit tests (macos, Go 1.27.x)	Run tests	2026-09-11T21:05:06.3295100Z --- PASS: TestUnmarshalRefusesTooShortTicket (0.00s)
Unit tests (macos, Go 1.27.x)	Run tests	2026-09-11T21:05:06.3295410Z === RUN   TestTokenProtectorTooShortTokens
Unit tests (macos, Go 1.27.x)	Run tests	2026-09-11T21:05:06.3295950Z --- PASS: TestTokenProtectorTooShortTokens (0.00s)
Unit tests (macos, Go 1.27.x)	Run tests	2026-09-11T21:05:06.3296170Z === RUN   TestHandshake
Unit tests (macos, Go 1.27.x)	Run tests	2026-09-11T21:05:06.3296540Z --- PASS: TestHandshake (0.00s)
Unit tests (macos, Go 1.27.x)	Run tests	2026-09-11T21:05:06.3296680Z === RUN   TestReorderedPacketAfterKeyUpdate
Unit tests (macos, Go 1.27.x)	Run tests	2026-09-11T21:05:06.3296800Z --- PASS: TestReorderedPacketAfterKeyUpdate (0.00s)
Unit tests (macos, Go 1.27.x)	Run tests	2026-09-11T21:05:06.3296890Z === RUN   TestTokenGeneratorNilTokens
Unit tests (macos, Go 1.27.x)	Run tests	2026-09-11T21:05:06.3297000Z --- PASS: TestTokenGeneratorNilTokens (0.00s)
Unit tests (macos, Go 1.27.x)	Run tests	2026-09-11T21:05:06.3297110Z === RUN   TestUnmarshalRefusesUnknownRevision
Unit tests (macos, Go 1.27.x)	Run tests	2026-09-11T21:05:06.3297230Z --- PASS: TestUnmarshalRefusesUnknownRevision (0.00s)
Unit tests (macos, Go 1.27.x)	Run tests	2026-09-11T21:05:06.3297380Z === RUN   TestRetryIntegrityTagWithDifferentConnectionIDs
Unit tests (macos, Go 1.27.x)	Run tests	2026-09-11T21:05:06.3297580Z --- PASS: TestRetryIntegrityTagWithDifferentConnectionIDs (0.00s)
Unit tests (macos, Go 1.27.x)	Run tests	2026-09-11T21:05:06.3297680Z === RUN   TestRetryIntegrityTagCalculation
Unit tests (macos, Go 1.27.x)	Run tests	2026-09-11T21:05:06.3298080Z --- PASS: TestRetryIntegrityTagCalculation (0.00s)
Unit tests (macos, Go 1.27.x)	Run tests	2026-09-11T21:05:06.3298200Z === RUN   TestTokenGeneratorRejectsInvalidTokens
Unit tests (macos, Go 1.27.x)	Run tests	2026-09-11T21:05:06.3298340Z --- PASS: TestTokenGeneratorRejectsInvalidTokens (0.00s)
Unit tests (macos, Go 1.27.x)	Run tests	2026-09-11T21:05:06.3298420Z === RUN   TestServersInitial
Unit tests (macos, Go 1.27.x)	Run tests	2026-09-11T21:05:06.3298510Z === RUN   TestServersInitial/QUIC_v1
Unit tests (macos, Go 1.27.x)	Run tests	2026-09-11T21:05:06.3298590Z === RUN   TestServersInitial/QUIC_v2
Unit tests (macos, Go 1.27.x)	Run tests	2026-09-11T21:05:06.3298690Z --- PASS: TestServersInitial (0.00s)
Unit tests (macos, Go 1.27.x)	Run tests	2026-09-11T21:05:06.3298870Z     --- PASS: TestServersInitial/QUIC_v1 (0.00s)
Unit tests (macos, Go 1.27.x)	Run tests	2026-09-11T21:05:06.3299030Z     --- PASS: TestServersInitial/QUIC_v2 (0.00s)
Unit tests (macos, Go 1.27.x)	Run tests	2026-09-11T21:05:06.3299150Z === RUN   TestEncryptAndDecryptHeader
Unit tests (macos, Go 1.27.x)	Run tests	2026-09-11T21:05:06.3299280Z === RUN   TestEncryptAndDecryptHeader/QUIC_v1
Unit tests (macos, Go 1.27.x)	Run tests	2026-09-11T21:05:06.3299620Z === RUN   TestEncryptAndDecryptHeader/QUIC_v1/TLS_AES_128_GCM_SHA256
Unit tests (macos, Go 1.27.x)	Run tests	2026-09-11T21:05:06.3299780Z === RUN   TestEncryptAndDecryptHeader/QUIC_v1/TLS_AES_256_GCM_SHA384
Unit tests (macos, Go 1.27.x)	Run tests	2026-09-11T21:05:06.3299960Z === RUN   TestEncryptAndDecryptHeader/QUIC_v1/TLS_CHACHA20_POLY1305_SHA256
Unit tests (macos, Go 1.27.x)	Run tests	2026-09-11T21:05:06.3300070Z === RUN   TestEncryptAndDecryptHeader/QUIC_v2
Unit tests (macos, Go 1.27.x)	Run tests	2026-09-11T21:05:06.3300230Z === RUN   TestEncryptAndDecryptHeader/QUIC_v2/TLS_AES_128_GCM_SHA256
Unit tests (macos, Go 1.27.x)	Run tests	2026-09-11T21:05:06.3300390Z === RUN   TestEncryptAndDecryptHeader/QUIC_v2/TLS_AES_256_GCM_SHA384
Unit tests (macos, Go 1.27.x)	Run tests	2026-09-11T21:05:06.3300880Z === RUN   TestEncryptAndDecryptHeader/QUIC_v2/TLS_CHACHA20_POLY1305_SHA256
Unit tests (macos, Go 1.27.x)	Run tests	2026-09-11T21:05:06.3301000Z --- PASS: TestEncryptAndDecryptHeader (0.00s)
Unit tests (macos, Go 1.27.x)	Run tests	2026-09-11T21:05:06.3301200Z     --- PASS: TestEncryptAndDecryptHeader/QUIC_v1 (0.00s)
Unit tests (macos, Go 1.27.x)	Run tests	2026-09-11T21:05:06.3301640Z         --- PASS: TestEncryptAndDecryptHeader/QUIC_v1/TLS_AES_128_GCM_SHA256 (0.00s)
Unit tests (macos, Go 1.27.x)	Run tests	2026-09-11T21:05:06.3302060Z         --- PASS: TestEncryptAndDecryptHeader/QUIC_v1/TLS_AES_256_GCM_SHA384 (0.00s)
Unit tests (macos, Go 1.27.x)	Run tests	2026-09-11T21:05:06.3302520Z         --- PASS: TestEncryptAndDecryptHeader/QUIC_v1/TLS_CHACHA20_POLY1305_SHA256 (0.00s)
Unit tests (macos, Go 1.27.x)	Run tests	2026-09-11T21:05:06.3302770Z     --- PASS: TestEncryptAndDecryptHeader/QUIC_v2 (0.00s)
Unit tests (macos, Go 1.27.x)	Run tests	2026-09-11T21:05:06.3303220Z         --- PASS: TestEncryptAndDecryptHeader/QUIC_v2/TLS_AES_128_GCM_SHA256 (0.00s)
Unit tests (macos, Go 1.27.x)	Run tests	2026-09-11T21:05:06.3303630Z         --- PASS: TestEncryptAndDecryptHeader/QUIC_v2/TLS_AES_256_GCM_SHA384 (0.00s)
Unit tests (macos, Go 1.27.x)	Run tests	2026-09-11T21:05:06.3304080Z         --- PASS: TestEncryptAndDecryptHeader/QUIC_v2/TLS_CHACHA20_POLY1305_SHA256 (0.00s)
Unit tests (macos, Go 1.27.x)	Run tests	2026-09-11T21:05:06.3304150Z === RUN   FuzzHandshake
Unit tests (macos, Go 1.27.x)	Run tests	2026-09-11T21:05:06.3304230Z === RUN   FuzzHandshake/seed#0
Unit tests (macos, Go 1.27.x)	Run tests	2026-09-11T21:05:06.3304310Z === RUN   FuzzHandshake/seed#1
Unit tests (macos, Go 1.27.x)	Run tests	2026-09-11T21:05:06.3304390Z --- PASS: FuzzHandshake (0.00s)
Unit tests (macos, Go 1.27.x)	Run tests	2026-09-11T21:05:06.3304550Z     --- PASS: FuzzHandshake/seed#0 (0.00s)
Unit tests (macos, Go 1.27.x)	Run tests	2026-09-11T21:05:06.3304690Z     --- PASS: FuzzHandshake/seed#1 (0.00s)
Unit tests (macos, Go 1.27.x)	Run tests	2026-09-11T21:05:06.3304760Z PASS
Unit tests (macos, Go 1.27.x)	Run tests	2026-09-11T21:05:06.3304860Z coverage: 78.3% of statements
Unit tests (macos, Go 1.27.x)	Run tests	2026-09-11T21:05:06.3305200Z ok  	github.com/quic-go/quic-go/internal/handshake	0.108s	coverage: 78.3% of statements
Unit tests (macos, Go 1.27.x)	Run tests	2026-09-11T21:05:06.3305410Z 	github.com/quic-go/quic-go/internal/mocks		coverage: 0.0% of statements
Unit tests (macos, Go 1.27.x)	Run tests	2026-09-11T21:05:06.3305660Z 	github.com/quic-go/quic-go/internal/mocks/ackhandler		coverage: 0.0% of statements
Unit tests (macos, Go 1.27.x)	Run tests	2026-09-11T21:05:06.3305750Z -test.shuffle 1789160704224472000
Unit tests (macos, Go 1.27.x)	Run tests	2026-09-11T21:05:06.3305850Z === RUN   TestConversions
Unit tests (macos, Go 1.27.x)	Run tests	2026-09-11T21:05:06.3305940Z --- PASS: TestConversions (0.00s)
Unit tests (macos, Go 1.27.x)	Run tests	2026-09-11T21:05:06.3306000Z === RUN   TestUntil
Unit tests (macos, Go 1.27.x)	Run tests	2026-09-11T21:05:06.3306100Z --- PASS: TestUntil (0.00s)
Unit tests (macos, Go 1.27.x)	Run tests	2026-09-11T21:05:06.3306210Z === RUN   TestTimeRelations
Unit tests (macos, Go 1.27.x)	Run tests	2026-09-11T21:05:06.3306340Z --- PASS: TestTimeRelations (0.00s)
Unit tests (macos, Go 1.27.x)	Run tests	2026-09-11T21:05:06.3306450Z === RUN   TestSince
Unit tests (macos, Go 1.27.x)	Run tests	2026-09-11T21:05:06.3306540Z --- PASS: TestSince (0.00s)
Unit tests (macos, Go 1.27.x)	Run tests	2026-09-11T21:05:06.3306590Z PASS
Unit tests (macos, Go 1.27.x)	Run tests	2026-09-11T21:05:06.3306700Z coverage: 100.0% of statements
Unit tests (macos, Go 1.27.x)	Run tests	2026-09-11T21:05:06.3307020Z ok  	github.com/quic-go/quic-go/internal/monotime	0.020s	coverage: 100.0% of statements
Unit tests (macos, Go 1.27.x)	Run tests	2026-09-11T21:05:06.3307130Z -test.shuffle 1789160704248364000
Unit tests (macos, Go 1.27.x)	Run tests	2026-09-11T21:05:06.3307300Z === RUN   TestInvalidStreamIDSmallerThanAllValidStreamIDs
Unit tests (macos, Go 1.27.x)	Run tests	2026-09-11T21:05:06.3307790Z --- PASS: TestInvalidStreamIDSmallerThanAllValidStreamIDs (0.00s)
Unit tests (macos, Go 1.27.x)	Run tests	2026-09-11T21:05:06.3307900Z === RUN   TestPerspectiveOpposite
Unit tests (macos, Go 1.27.x)	Run tests	2026-09-11T21:05:06.3308000Z --- PASS: TestPerspectiveOpposite (0.00s)
Unit tests (macos, Go 1.27.x)	Run tests	2026-09-11T21:05:06.3308080Z === RUN   TestDecodePacketNumber
Unit tests (macos, Go 1.27.x)	Run tests	2026-09-11T21:05:06.3308200Z --- PASS: TestDecodePacketNumber (0.00s)
Unit tests (macos, Go 1.27.x)	Run tests	2026-09-11T21:05:06.3308420Z === RUN   TestVersionSelection
Unit tests (macos, Go 1.27.x)	Run tests	2026-09-11T21:05:06.3319770Z === RUN   TestVersionSelection/finds_matching_version
Unit tests (macos, Go 1.27.x)	Run tests	2026-09-11T21:05:06.3320590Z === RUN   TestVersionSelection/picks_preferred_version
Unit tests (macos, Go 1.27.x)	Run tests	2026-09-11T21:05:06.3321060Z === RUN   TestVersionSelection/no_matching_version
Unit tests (macos, Go 1.27.x)	Run tests	2026-09-11T21:05:06.3321470Z === RUN   TestVersionSelection/empty_supported_versions
Unit tests (macos, Go 1.27.x)	Run tests	2026-09-11T21:05:06.3321690Z === RUN   TestVersionSelection/empty_other_versions
Unit tests (macos, Go 1.27.x)	Run tests	2026-09-11T21:05:06.3322150Z === RUN   TestVersionSelection/both_empty
Unit tests (macos, Go 1.27.x)	Run tests	2026-09-11T21:05:06.3322280Z --- PASS: TestVersionSelection (0.00s)
Unit tests (macos, Go 1.27.x)	Run tests	2026-09-11T21:05:06.3322540Z     --- PASS: TestVersionSelection/finds_matching_version (0.00s)
Unit tests (macos, Go 1.27.x)	Run tests	2026-09-11T21:05:06.3322810Z     --- PASS: TestVersionSelection/picks_preferred_version (0.00s)
Unit tests (macos, Go 1.27.x)	Run tests	2026-09-11T21:05:06.3323120Z     --- PASS: TestVersionSelection/no_matching_version (0.00s)
Unit tests (macos, Go 1.27.x)	Run tests	2026-09-11T21:05:06.3323380Z     --- PASS: TestVersionSelection/empty_supported_versions (0.00s)
Unit tests (macos, Go 1.27.x)	Run tests	2026-09-11T21:05:06.3323610Z     --- PASS: TestVersionSelection/empty_other_versions (0.00s)
Unit tests (macos, Go 1.27.x)	Run tests	2026-09-11T21:05:06.3323790Z     --- PASS: TestVersionSelection/both_empty (0.00s)
Unit tests (macos, Go 1.27.x)	Run tests	2026-09-11T21:05:06.3323920Z === RUN   TestLongHeaderPacketTypeStringer
Unit tests (macos, Go 1.27.x)	Run tests	2026-09-11T21:05:06.3324070Z --- PASS: TestLongHeaderPacketTypeStringer (0.00s)
Unit tests (macos, Go 1.27.x)	Run tests	2026-09-11T21:05:06.3324160Z === RUN   TestConnectionID
Unit tests (macos, Go 1.27.x)	Run tests	2026-09-11T21:05:06.3324280Z --- PASS: TestConnectionID (0.00s)
Unit tests (macos, Go 1.27.x)	Run tests	2026-09-11T21:05:06.3324390Z === RUN   TestPacketNumberLenHasCorrectValue
Unit tests (macos, Go 1.27.x)	Run tests	2026-09-11T21:05:06.3324520Z --- PASS: TestPacketNumberLenHasCorrectValue (0.00s)
Unit tests (macos, Go 1.27.x)	Run tests	2026-09-11T21:05:06.3324600Z === RUN   TestValidVersion
Unit tests (macos, Go 1.27.x)	Run tests	2026-09-11T21:05:06.3324690Z --- PASS: TestValidVersion (0.00s)
Unit tests (macos, Go 1.27.x)	Run tests	2026-09-11T21:05:06.3324800Z === RUN   TestEncryptionLevelStringRepresentation
Unit tests (macos, Go 1.27.x)	Run tests	2026-09-11T21:05:06.3324960Z --- PASS: TestEncryptionLevelStringRepresentation (0.00s)
Unit tests (macos, Go 1.27.x)	Run tests	2026-09-11T21:05:06.3325060Z === RUN   TestKeyPhaseToBit
Unit tests (macos, Go 1.27.x)	Run tests	2026-09-11T21:05:06.3325170Z --- PASS: TestKeyPhaseToBit (0.00s)
Unit tests (macos, Go 1.27.x)	Run tests	2026-09-11T21:05:06.3325300Z === RUN   TestGenerateRandomConnectionIDs
Unit tests (macos, Go 1.27.x)	Run tests	2026-09-11T21:05:06.3325440Z --- PASS: TestGenerateRandomConnectionIDs (0.00s)
Unit tests (macos, Go 1.27.x)	Run tests	2026-09-11T21:05:06.3325520Z === RUN   TestStreamIDStreamNum
Unit tests (macos, Go 1.27.x)	Run tests	2026-09-11T21:05:06.3325610Z --- PASS: TestStreamIDStreamNum (0.00s)
Unit tests (macos, Go 1.27.x)	Run tests	2026-09-11T21:05:06.3325800Z === RUN   TestInvalidPacketNumberIsSmallerThanAllValidPacketNumbers
Unit tests (macos, Go 1.27.x)	Run tests	2026-09-11T21:05:06.3326020Z --- PASS: TestInvalidPacketNumberIsSmallerThanAllValidPacketNumbers (0.00s)
Unit tests (macos, Go 1.27.x)	Run tests	2026-09-11T21:05:06.3326150Z === RUN   TestKeyPhaseStringRepresentation
Unit tests (macos, Go 1.27.x)	Run tests	2026-09-11T21:05:06.3326330Z --- PASS: TestKeyPhaseStringRepresentation (0.00s)
Unit tests (macos, Go 1.27.x)	Run tests	2026-09-11T21:05:06.3326480Z === RUN   TestVersionStringRepresentation
Unit tests (macos, Go 1.27.x)	Run tests	2026-09-11T21:05:06.3326620Z --- PASS: TestVersionStringRepresentation (0.00s)
Unit tests (macos, Go 1.27.x)	Run tests	2026-09-11T21:05:06.3326710Z === RUN   TestEncryptionLevelConversion
Unit tests (macos, Go 1.27.x)	Run tests	2026-09-11T21:05:06.3326830Z === RUN   TestEncryptionLevelConversion/Initial
Unit tests (macos, Go 1.27.x)	Run tests	2026-09-11T21:05:06.3326940Z === RUN   TestEncryptionLevelConversion/Handshake
Unit tests (macos, Go 1.27.x)	Run tests	2026-09-11T21:05:06.3327040Z === RUN   TestEncryptionLevelConversion/1-RTT
Unit tests (macos, Go 1.27.x)	Run tests	2026-09-11T21:05:06.3327160Z === RUN   TestEncryptionLevelConversion/0-RTT
Unit tests (macos, Go 1.27.x)	Run tests	2026-09-11T21:05:06.3327760Z --- PASS: TestEncryptionLevelConversion (0.00s)
Unit tests (macos, Go 1.27.x)	Run tests	2026-09-11T21:05:06.3328050Z     --- PASS: TestEncryptionLevelConversion/Initial (0.00s)
Unit tests (macos, Go 1.27.x)	Run tests	2026-09-11T21:05:06.3328340Z     --- PASS: TestEncryptionLevelConversion/Handshake (0.00s)
Unit tests (macos, Go 1.27.x)	Run tests	2026-09-11T21:05:06.3328570Z     --- PASS: TestEncryptionLevelConversion/1-RTT (0.00s)
Unit tests (macos, Go 1.27.x)	Run tests	2026-09-11T21:05:06.3328840Z     --- PASS: TestEncryptionLevelConversion/0-RTT (0.00s)
Unit tests (macos, Go 1.27.x)	Run tests	2026-09-11T21:05:06.3328940Z === RUN   TestECNFromIPHeader
Unit tests (macos, Go 1.27.x)	Run tests	2026-09-11T21:05:06.3329030Z --- PASS: TestECNFromIPHeader (0.00s)
Unit tests (macos, Go 1.27.x)	Run tests	2026-09-11T21:05:06.3329380Z === RUN   TestKeyPhaseBitDefaultValue
Unit tests (macos, Go 1.27.x)	Run tests	2026-09-11T21:05:06.3329500Z --- PASS: TestKeyPhaseBitDefaultValue (0.00s)
Unit tests (macos, Go 1.27.x)	Run tests	2026-09-11T21:05:06.3329620Z === RUN   TestArbitraryLenConnectionIDStringer
Unit tests (macos, Go 1.27.x)	Run tests	2026-09-11T21:05:06.3329760Z --- PASS: TestArbitraryLenConnectionIDStringer (0.00s)
Unit tests (macos, Go 1.27.x)	Run tests	2026-09-11T21:05:06.3329860Z === RUN   TestRecognizesSupportedVersions
Unit tests (macos, Go 1.27.x)	Run tests	2026-09-11T21:05:06.3329980Z --- PASS: TestRecognizesSupportedVersions (0.00s)
Unit tests (macos, Go 1.27.x)	Run tests	2026-09-11T21:05:06.3330060Z === RUN   TestMaxStreamCountValue
Unit tests (macos, Go 1.27.x)	Run tests	2026-09-11T21:05:06.3330160Z --- PASS: TestMaxStreamCountValue (0.00s)
Unit tests (macos, Go 1.27.x)	Run tests	2026-09-11T21:05:06.3330250Z === RUN   TestStreamTypeOf
Unit tests (macos, Go 1.27.x)	Run tests	2026-09-11T21:05:06.3330340Z --- PASS: TestStreamTypeOf (0.00s)
Unit tests (macos, Go 1.27.x)	Run tests	2026-09-11T21:05:06.3330420Z === RUN   TestPerspectiveStringer
Unit tests (macos, Go 1.27.x)	Run tests	2026-09-11T21:05:06.3330530Z --- PASS: TestPerspectiveStringer (0.00s)
Unit tests (macos, Go 1.27.x)	Run tests	2026-09-11T21:05:06.3330790Z === RUN   TestArbitraryLenConnectionID
Unit tests (macos, Go 1.27.x)	Run tests	2026-09-11T21:05:06.3330940Z --- PASS: TestArbitraryLenConnectionID (0.00s)
Unit tests (macos, Go 1.27.x)	Run tests	2026-09-11T21:05:06.3331030Z === RUN   TestECNStringer
Unit tests (macos, Go 1.27.x)	Run tests	2026-09-11T21:05:06.3331120Z --- PASS: TestECNStringer (0.00s)
Unit tests (macos, Go 1.27.x)	Run tests	2026-09-11T21:05:06.3331220Z === RUN   TestECNConversionToIPHeaderBits
Unit tests (macos, Go 1.27.x)	Run tests	2026-09-11T21:05:06.3331340Z --- PASS: TestECNConversionToIPHeaderBits (0.00s)
Unit tests (macos, Go 1.27.x)	Run tests	2026-09-11T21:05:06.3331460Z === RUN   TestStreamIDNumToStreamID
Unit tests (macos, Go 1.27.x)	Run tests	2026-09-11T21:05:06.3331580Z --- PASS: TestStreamIDNumToStreamID (0.00s)
Unit tests (macos, Go 1.27.x)	Run tests	2026-09-11T21:05:06.3331700Z === RUN   TestPacketNumberLengthForHeader
Unit tests (macos, Go 1.27.x)	Run tests	2026-09-11T21:05:06.3331850Z --- PASS: TestPacketNumberLengthForHeader (0.00s)
Unit tests (macos, Go 1.27.x)	Run tests	2026-09-11T21:05:06.3332010Z === RUN   TestGenerateRandomLengthDestinationConnectionIDs
Unit tests (macos, Go 1.27.x)	Run tests	2026-09-11T21:05:06.3332190Z --- PASS: TestGenerateRandomLengthDestinationConnectionIDs (0.00s)
Unit tests (macos, Go 1.27.x)	Run tests	2026-09-11T21:05:06.3332270Z === RUN   TestVersionGreasing
Unit tests (macos, Go 1.27.x)	Run tests	2026-09-11T21:05:06.3332360Z --- PASS: TestVersionGreasing (0.00s)
Unit tests (macos, Go 1.27.x)	Run tests	2026-09-11T21:05:06.3332460Z === RUN   TestEncryptionLevelNonZeroValue
Unit tests (macos, Go 1.27.x)	Run tests	2026-09-11T21:05:06.3332580Z --- PASS: TestEncryptionLevelNonZeroValue (0.00s)
Unit tests (macos, Go 1.27.x)	Run tests	2026-09-11T21:05:06.3332670Z === RUN   TestStreamInitiator
Unit tests (macos, Go 1.27.x)	Run tests	2026-09-11T21:05:06.3332760Z --- PASS: TestStreamInitiator (0.00s)
Unit tests (macos, Go 1.27.x)	Run tests	2026-09-11T21:05:06.3332850Z === RUN   TestPacketQueueCapacities
Unit tests (macos, Go 1.27.x)	Run tests	2026-09-11T21:05:06.3332950Z --- PASS: TestPacketQueueCapacities (0.00s)
Unit tests (macos, Go 1.27.x)	Run tests	2026-09-11T21:05:06.3333030Z === RUN   TestConnectionIDZeroValue
Unit tests (macos, Go 1.27.x)	Run tests	2026-09-11T21:05:06.3333140Z --- PASS: TestConnectionIDZeroValue (0.00s)
Unit tests (macos, Go 1.27.x)	Run tests	2026-09-11T21:05:06.3333190Z PASS
Unit tests (macos, Go 1.27.x)	Run tests	2026-09-11T21:05:06.3333260Z coverage: 91.2% of statements
Unit tests (macos, Go 1.27.x)	Run tests	2026-09-11T21:05:06.3334110Z ok  	github.com/quic-go/quic-go/internal/protocol	0.029s	coverage: 91.2% of statements
Unit tests (macos, Go 1.27.x)	Run tests	2026-09-11T21:05:06.3334230Z -test.shuffle 1789160704272171000
Unit tests (macos, Go 1.27.x)	Run tests	2026-09-11T21:05:06.3334840Z === RUN   TestVersionNegotiationErrorString
Unit tests (macos, Go 1.27.x)	Run tests	2026-09-11T21:05:06.3335010Z --- PASS: TestVersionNegotiationErrorString (0.00s)
Unit tests (macos, Go 1.27.x)	Run tests	2026-09-11T21:05:06.3335090Z === RUN   TestIsCryptoError
Unit tests (macos, Go 1.27.x)	Run tests	2026-09-11T21:05:06.3335190Z --- PASS: TestIsCryptoError (0.00s)
Unit tests (macos, Go 1.27.x)	Run tests	2026-09-11T21:05:06.3335280Z === RUN   TestTransportErrorCodeStringer
Unit tests (macos, Go 1.27.x)	Run tests	2026-09-11T21:05:06.3335400Z --- PASS: TestTransportErrorCodeStringer (0.00s)
Unit tests (macos, Go 1.27.x)	Run tests	2026-09-11T21:05:06.3335590Z === RUN   TestHandshakeTimeoutError
Unit tests (macos, Go 1.27.x)	Run tests	2026-09-11T21:05:06.3335720Z --- PASS: TestHandshakeTimeoutError (0.00s)
Unit tests (macos, Go 1.27.x)	Run tests	2026-09-11T21:05:06.3335820Z === RUN   TestCryptoErrorStringer
Unit tests (macos, Go 1.27.x)	Run tests	2026-09-11T21:05:06.3335980Z === RUN   TestCryptoErrorStringer/with_error_message
Unit tests (macos, Go 1.27.x)	Run tests	2026-09-11T21:05:06.3336110Z === RUN   TestCryptoErrorStringer/without_error_message
Unit tests (macos, Go 1.27.x)	Run tests	2026-09-11T21:05:06.3336200Z --- PASS: TestCryptoErrorStringer (0.00s)
Unit tests (macos, Go 1.27.x)	Run tests	2026-09-11T21:05:06.3336450Z     --- PASS: TestCryptoErrorStringer/with_error_message (0.00s)
Unit tests (macos, Go 1.27.x)	Run tests	2026-09-11T21:05:06.3336700Z     --- PASS: TestCryptoErrorStringer/without_error_message (0.00s)
Unit tests (macos, Go 1.27.x)	Run tests	2026-09-11T21:05:06.3336790Z === RUN   TestTransportErrorStringer
Unit tests (macos, Go 1.27.x)	Run tests	2026-09-11T21:05:06.3336920Z === RUN   TestTransportErrorStringer/with_error_message
Unit tests (macos, Go 1.27.x)	Run tests	2026-09-11T21:05:06.3337060Z === RUN   TestTransportErrorStringer/without_error_message
Unit tests (macos, Go 1.27.x)	Run tests	2026-09-11T21:05:06.3337180Z === RUN   TestTransportErrorStringer/with_frame_type
Unit tests (macos, Go 1.27.x)	Run tests	2026-09-11T21:05:06.3337550Z === RUN   TestTransportErrorStringer/with_frame_type_and_error_message
Unit tests (macos, Go 1.27.x)	Run tests	2026-09-11T21:05:06.3337690Z --- PASS: TestTransportErrorStringer (0.00s)
Unit tests (macos, Go 1.27.x)	Run tests	2026-09-11T21:05:06.3337930Z     --- PASS: TestTransportErrorStringer/with_error_message (0.00s)
Unit tests (macos, Go 1.27.x)	Run tests	2026-09-11T21:05:06.3338190Z     --- PASS: TestTransportErrorStringer/without_error_message (0.00s)
Unit tests (macos, Go 1.27.x)	Run tests	2026-09-11T21:05:06.3338420Z     --- PASS: TestTransportErrorStringer/with_frame_type (0.00s)
Unit tests (macos, Go 1.27.x)	Run tests	2026-09-11T21:05:06.3338740Z     --- PASS: TestTransportErrorStringer/with_frame_type_and_error_message (0.00s)
Unit tests (macos, Go 1.27.x)	Run tests	2026-09-11T21:05:06.3338830Z === RUN   TestApplicationErrorStringer
Unit tests (macos, Go 1.27.x)	Run tests	2026-09-11T21:05:06.3339000Z === RUN   TestApplicationErrorStringer/with_error_message
Unit tests (macos, Go 1.27.x)	Run tests	2026-09-11T21:05:06.3339180Z === RUN   TestApplicationErrorStringer/without_error_message
Unit tests (macos, Go 1.27.x)	Run tests	2026-09-11T21:05:06.3339310Z --- PASS: TestApplicationErrorStringer (0.00s)
Unit tests (macos, Go 1.27.x)	Run tests	2026-09-11T21:05:06.3339750Z     --- PASS: TestApplicationErrorStringer/with_error_message (0.00s)
Unit tests (macos, Go 1.27.x)	Run tests	2026-09-11T21:05:06.3340030Z     --- PASS: TestApplicationErrorStringer/without_error_message (0.00s)
Unit tests (macos, Go 1.27.x)	Run tests	2026-09-11T21:05:06.3340130Z === RUN   TestApplicationError
Unit tests (macos, Go 1.27.x)	Run tests	2026-09-11T21:05:06.3340210Z --- PASS: TestApplicationError (0.00s)
Unit tests (macos, Go 1.27.x)	Run tests	2026-09-11T21:05:06.3340320Z === RUN   TestStatelessResetError
Unit tests (macos, Go 1.27.x)	Run tests	2026-09-11T21:05:06.3340440Z --- PASS: TestStatelessResetError (0.00s)
Unit tests (macos, Go 1.27.x)	Run tests	2026-09-11T21:05:06.3340550Z === RUN   TestIdleTimeoutError
Unit tests (macos, Go 1.27.x)	Run tests	2026-09-11T21:05:06.3340670Z --- PASS: TestIdleTimeoutError (0.00s)
Unit tests (macos, Go 1.27.x)	Run tests	2026-09-11T21:05:06.3340750Z === RUN   TestCryptoError
Unit tests (macos, Go 1.27.x)	Run tests	2026-09-11T21:05:06.3340860Z --- PASS: TestCryptoError (0.00s)
Unit tests (macos, Go 1.27.x)	Run tests	2026-09-11T21:05:06.3340970Z === RUN   TestTransportError
Unit tests (macos, Go 1.27.x)	Run tests	2026-09-11T21:05:06.3341050Z --- PASS: TestTransportError (0.00s)
Unit tests (macos, Go 1.27.x)	Run tests	2026-09-11T21:05:06.3341120Z PASS
Unit tests (macos, Go 1.27.x)	Run tests	2026-09-11T21:05:06.3341220Z coverage: 95.2% of statements
Unit tests (macos, Go 1.27.x)	Run tests	2026-09-11T21:05:06.3341450Z ok  	github.com/quic-go/quic-go/internal/qerr	0.016s	coverage: 95.2% of statements
Unit tests (macos, Go 1.27.x)	Run tests	2026-09-11T21:05:06.3341540Z -test.shuffle 1789160704291938000
Unit tests (macos, Go 1.27.x)	Run tests	2026-09-11T21:05:06.3341630Z === RUN   TestCipherSuiteSelection
Unit tests (macos, Go 1.27.x)	Run tests	2026-09-11T21:05:06.3342010Z === RUN   TestCipherSuiteSelection/TLS_AES_128_GCM_SHA256
Unit tests (macos, Go 1.27.x)	Run tests	2026-09-11T21:05:06.3342940Z === RUN   TestCipherSuiteSelection/TLS_CHACHA20_POLY1305_SHA256
Unit tests (macos, Go 1.27.x)	Run tests	2026-09-11T21:05:06.3343320Z === RUN   TestCipherSuiteSelection/TLS_AES_256_GCM_SHA384
Unit tests (macos, Go 1.27.x)	Run tests	2026-09-11T21:05:06.3343610Z --- PASS: TestCipherSuiteSelection (0.01s)
Unit tests (macos, Go 1.27.x)	Run tests	2026-09-11T21:05:06.3344200Z     --- PASS: TestCipherSuiteSelection/TLS_AES_128_GCM_SHA256 (0.01s)
Unit tests (macos, Go 1.27.x)	Run tests	2026-09-11T21:05:06.3344890Z     --- PASS: TestCipherSuiteSelection/TLS_CHACHA20_POLY1305_SHA256 (0.00s)
Unit tests (macos, Go 1.27.x)	Run tests	2026-09-11T21:05:06.3345540Z     --- PASS: TestCipherSuiteSelection/TLS_AES_256_GCM_SHA384 (0.00s)
Unit tests (macos, Go 1.27.x)	Run tests	2026-09-11T21:05:06.3345740Z PASS
Unit tests (macos, Go 1.27.x)	Run tests	2026-09-11T21:05:06.3346020Z coverage: 93.5% of statements
Unit tests (macos, Go 1.27.x)	Run tests	2026-09-11T21:05:06.3346630Z ok  	github.com/quic-go/quic-go/internal/qtls	0.031s	coverage: 93.5% of statements
Unit tests (macos, Go 1.27.x)	Run tests	2026-09-11T21:05:06.3346910Z -test.shuffle 1789160704328197000
Unit tests (macos, Go 1.27.x)	Run tests	2026-09-11T21:05:06.3347220Z === RUN   TestBufferedWriteCloserFlushBeforeClosing
Unit tests (macos, Go 1.27.x)	Run tests	2026-09-11T21:05:06.3347680Z --- PASS: TestBufferedWriteCloserFlushBeforeClosing (0.00s)
Unit tests (macos, Go 1.27.x)	Run tests	2026-09-11T21:05:06.3347930Z === RUN   TestLogLevelError
Unit tests (macos, Go 1.27.x)	Run tests	2026-09-11T21:05:06.3348210Z --- PASS: TestLogLevelError (0.00s)
Unit tests (macos, Go 1.27.x)	Run tests	2026-09-11T21:05:06.3348460Z === RUN   TestRTTStatsDefaults
Unit tests (macos, Go 1.27.x)	Run tests	2026-09-11T21:05:06.3348720Z --- PASS: TestRTTStatsDefaults (0.00s)
Unit tests (macos, Go 1.27.x)	Run tests	2026-09-11T21:05:06.3349000Z === RUN   TestRTTStatsMaxAckDelay
Unit tests (macos, Go 1.27.x)	Run tests	2026-09-11T21:05:06.3349360Z --- PASS: TestRTTStatsMaxAckDelay (0.00s)
Unit tests (macos, Go 1.27.x)	Run tests	2026-09-11T21:05:06.3349660Z === RUN   TestNoTimestampWithEmptyFormat
Unit tests (macos, Go 1.27.x)	Run tests	2026-09-11T21:05:06.3350010Z --- PASS: TestNoTimestampWithEmptyFormat (0.00s)
Unit tests (macos, Go 1.27.x)	Run tests	2026-09-11T21:05:06.3350260Z === RUN   TestRTTStatsSmoothedRTT
Unit tests (macos, Go 1.27.x)	Run tests	2026-09-11T21:05:06.3350510Z --- PASS: TestRTTStatsSmoothedRTT (0.00s)
Unit tests (macos, Go 1.27.x)	Run tests	2026-09-11T21:05:06.3350770Z === RUN   TestRTTMeasurementAfterRestore
Unit tests (macos, Go 1.27.x)	Run tests	2026-09-11T21:05:06.3351110Z --- PASS: TestRTTMeasurementAfterRestore (0.00s)
Unit tests (macos, Go 1.27.x)	Run tests	2026-09-11T21:05:06.3351390Z === RUN   TestRTTStatsResetForPathMigration
Unit tests (macos, Go 1.27.x)	Run tests	2026-09-11T21:05:06.3351710Z --- PASS: TestRTTStatsResetForPathMigration (0.00s)
Unit tests (macos, Go 1.27.x)	Run tests	2026-09-11T21:05:06.3353100Z === RUN   TestBufferedWriteCloserClosesSinkAfterFlushError
Unit tests (macos, Go 1.27.x)	Run tests	2026-09-11T21:05:06.3353580Z === RUN   TestBufferedWriteCloserClosesSinkAfterFlushError/<nil>
Unit tests (macos, Go 1.27.x)	Run tests	2026-09-11T21:05:06.3354320Z === RUN   TestBufferedWriteCloserClosesSinkAfterFlushError/close_failed
Unit tests (macos, Go 1.27.x)	Run tests	2026-09-11T21:05:06.3354830Z --- PASS: TestBufferedWriteCloserClosesSinkAfterFlushError (0.00s)
Unit tests (macos, Go 1.27.x)	Run tests	2026-09-11T21:05:06.3355600Z     --- PASS: TestBufferedWriteCloserClosesSinkAfterFlushError/<nil> (0.00s)
Unit tests (macos, Go 1.27.x)	Run tests	2026-09-11T21:05:06.3356400Z     --- PASS: TestBufferedWriteCloserClosesSinkAfterFlushError/close_failed (0.00s)
Unit tests (macos, Go 1.27.x)	Run tests	2026-09-11T21:05:06.3356620Z === RUN   TestLogLevelFromEnv
Unit tests (macos, Go 1.27.x)	Run tests	2026-09-11T21:05:06.3357150Z invalid quic-go log level, see https://github.com/quic-go/quic-go/wiki/Logging
Unit tests (macos, Go 1.27.x)	Run tests	2026-09-11T21:05:06.3357400Z --- PASS: TestLogLevelFromEnv (0.00s)
Unit tests (macos, Go 1.27.x)	Run tests	2026-09-11T21:05:06.3358050Z === RUN   TestLogLevelInfo
Unit tests (macos, Go 1.27.x)	Run tests	2026-09-11T21:05:06.3358300Z --- PASS: TestLogLevelInfo (0.00s)
Unit tests (macos, Go 1.27.x)	Run tests	2026-09-11T21:05:06.3358530Z === RUN   TestRTTStatsComputePTO
Unit tests (macos, Go 1.27.x)	Run tests	2026-09-11T21:05:06.3358800Z --- PASS: TestRTTStatsComputePTO (0.00s)
Unit tests (macos, Go 1.27.x)	Run tests	2026-09-11T21:05:06.3359020Z === RUN   TestAddTimestamp
Unit tests (macos, Go 1.27.x)	Run tests	2026-09-11T21:05:06.3359260Z --- PASS: TestAddTimestamp (0.00s)
Unit tests (macos, Go 1.27.x)	Run tests	2026-09-11T21:05:06.3359460Z === RUN   TestRandomNumbers
Unit tests (macos, Go 1.27.x)	Run tests	2026-09-11T21:05:06.3359710Z --- PASS: TestRandomNumbers (0.00s)
Unit tests (macos, Go 1.27.x)	Run tests	2026-09-11T21:05:06.3359930Z === RUN   TestRTTStatsRestore
Unit tests (macos, Go 1.27.x)	Run tests	2026-09-11T21:05:06.3360190Z --- PASS: TestRTTStatsRestore (0.00s)
Unit tests (macos, Go 1.27.x)	Run tests	2026-09-11T21:05:06.3360410Z === RUN   TestLogLevelDebug
Unit tests (macos, Go 1.27.x)	Run tests	2026-09-11T21:05:06.3360640Z --- PASS: TestLogLevelDebug (0.00s)
Unit tests (macos, Go 1.27.x)	Run tests	2026-09-11T21:05:06.3360850Z === RUN   TestRTTStatsMinRTT
Unit tests (macos, Go 1.27.x)	Run tests	2026-09-11T21:05:06.3361090Z --- PASS: TestRTTStatsMinRTT (0.00s)
Unit tests (macos, Go 1.27.x)	Run tests	2026-09-11T21:05:06.3361300Z === RUN   TestLogLevelNothing
Unit tests (macos, Go 1.27.x)	Run tests	2026-09-11T21:05:06.3361540Z --- PASS: TestLogLevelNothing (0.00s)
Unit tests (macos, Go 1.27.x)	Run tests	2026-09-11T21:05:06.3361780Z === RUN   TestRTTStatsPTOWithShortRTT
Unit tests (macos, Go 1.27.x)	Run tests	2026-09-11T21:05:06.3362070Z --- PASS: TestRTTStatsPTOWithShortRTT (0.00s)
Unit tests (macos, Go 1.27.x)	Run tests	2026-09-11T21:05:06.3362290Z === RUN   TestLogAddPrefixes
Unit tests (macos, Go 1.27.x)	Run tests	2026-09-11T21:05:06.3362530Z --- PASS: TestLogAddPrefixes (0.00s)
Unit tests (macos, Go 1.27.x)	Run tests	2026-09-11T21:05:06.3362820Z === RUN   TestRTTStatsUpdateWithBadSendDeltas
Unit tests (macos, Go 1.27.x)	Run tests	2026-09-11T21:05:06.3363160Z --- PASS: TestRTTStatsUpdateWithBadSendDeltas (0.00s)
Unit tests (macos, Go 1.27.x)	Run tests	2026-09-11T21:05:06.3363310Z PASS
Unit tests (macos, Go 1.27.x)	Run tests	2026-09-11T21:05:06.3363530Z coverage: 90.7% of statements
Unit tests (macos, Go 1.27.x)	Run tests	2026-09-11T21:05:06.3364260Z ok  	github.com/quic-go/quic-go/internal/utils	0.024s	coverage: 90.7% of statements
Unit tests (macos, Go 1.27.x)	Run tests	2026-09-11T21:05:06.3365810Z 	github.com/quic-go/quic-go/internal/utils/linkedlist		coverage: 0.0% of statements
Unit tests (macos, Go 1.27.x)	Run tests	2026-09-11T21:05:06.3366130Z -test.shuffle 1789160704575013000
Unit tests (macos, Go 1.27.x)	Run tests	2026-09-11T21:05:06.3366330Z === RUN   TestHeap
Unit tests (macos, Go 1.27.x)	Run tests	2026-09-11T21:05:06.3366540Z --- PASS: TestHeap (0.00s)
Unit tests (macos, Go 1.27.x)	Run tests	2026-09-11T21:05:06.3366700Z PASS
Unit tests (macos, Go 1.27.x)	Run tests	2026-09-11T21:05:06.3366920Z coverage: 97.1% of statements
Unit tests (macos, Go 1.27.x)	Run tests	2026-09-11T21:05:06.3367540Z ok  	github.com/quic-go/quic-go/internal/utils/minheap	0.018s	coverage: 97.1% of statements
Unit tests (macos, Go 1.27.x)	Run tests	2026-09-11T21:05:06.3367800Z -test.shuffle 1789160704590177000
Unit tests (macos, Go 1.27.x)	Run tests	2026-09-11T21:05:06.3368210Z === RUN   TestClear
Unit tests (macos, Go 1.27.x)	Run tests	2026-09-11T21:05:06.3368480Z --- PASS: TestClear (0.00s)
Unit tests (macos, Go 1.27.x)	Run tests	2026-09-11T21:05:06.3368560Z === RUN   TestPushPeekPop
Unit tests (macos, Go 1.27.x)	Run tests	2026-09-11T21:05:06.3368650Z --- PASS: TestPushPeekPop (0.00s)
Unit tests (macos, Go 1.27.x)	Run tests	2026-09-11T21:05:06.3368740Z === RUN   TestPanicOnEmptyBuffer
Unit tests (macos, Go 1.27.x)	Run tests	2026-09-11T21:05:06.3368850Z --- PASS: TestPanicOnEmptyBuffer (0.00s)
Unit tests (macos, Go 1.27.x)	Run tests	2026-09-11T21:05:06.3368910Z PASS
Unit tests (macos, Go 1.27.x)	Run tests	2026-09-11T21:05:06.3369000Z coverage: 97.1% of statements
Unit tests (macos, Go 1.27.x)	Run tests	2026-09-11T21:05:06.3369270Z ok  	github.com/quic-go/quic-go/internal/utils/ringbuffer	0.014s	coverage: 97.1% of statements
Unit tests (macos, Go 1.27.x)	Run tests	2026-09-11T21:05:06.3369350Z -test.shuffle 1789160704607599000
Unit tests (macos, Go 1.27.x)	Run tests	2026-09-11T21:05:06.3369550Z === RUN   TestParseLongHeaderWith2BytePacketNumber
Unit tests (macos, Go 1.27.x)	Run tests	2026-09-11T21:05:06.3369730Z --- PASS: TestParseLongHeaderWith2BytePacketNumber (0.00s)
Unit tests (macos, Go 1.27.x)	Run tests	2026-09-11T21:05:06.3369830Z === RUN   TestWriteMaxDataFrame
Unit tests (macos, Go 1.27.x)	Run tests	2026-09-11T21:05:06.3369920Z --- PASS: TestWriteMaxDataFrame (0.00s)
Unit tests (macos, Go 1.27.x)	Run tests	2026-09-11T21:05:06.3370100Z === RUN   TestParseShortHeaderErrorsWhenPassedLongHeaderPacket
Unit tests (macos, Go 1.27.x)	Run tests	2026-09-11T21:05:06.3370350Z --- PASS: TestParseShortHeaderErrorsWhenPassedLongHeaderPacket (0.00s)
Unit tests (macos, Go 1.27.x)	Run tests	2026-09-11T21:05:06.3370860Z === RUN   TestWriteStreamFrameWithDataLengthAndOffset
Unit tests (macos, Go 1.27.x)	Run tests	2026-09-11T21:05:06.3371030Z --- PASS: TestWriteStreamFrameWithDataLengthAndOffset (0.00s)
Unit tests (macos, Go 1.27.x)	Run tests	2026-09-11T21:05:06.3371140Z === RUN   TestWriteDatagramFrameWithLength
Unit tests (macos, Go 1.27.x)	Run tests	2026-09-11T21:05:06.3371260Z --- PASS: TestWriteDatagramFrameWithLength (0.00s)
Unit tests (macos, Go 1.27.x)	Run tests	2026-09-11T21:05:06.3371360Z === RUN   TestParseDatagramFrameWithLength
Unit tests (macos, Go 1.27.x)	Run tests	2026-09-11T21:05:06.3371480Z --- PASS: TestParseDatagramFrameWithLength (0.00s)
Unit tests (macos, Go 1.27.x)	Run tests	2026-09-11T21:05:06.3371600Z === RUN   TestParseDatagramFrameErrorsOnEOFs
Unit tests (macos, Go 1.27.x)	Run tests	2026-09-11T21:05:06.3371760Z --- PASS: TestParseDatagramFrameErrorsOnEOFs (0.00s)
Unit tests (macos, Go 1.27.x)	Run tests	2026-09-11T21:05:06.3371870Z === RUN   TestWriteShortHeaderPacket
Unit tests (macos, Go 1.27.x)	Run tests	2026-09-11T21:05:06.3372010Z --- PASS: TestWriteShortHeaderPacket (0.00s)
Unit tests (macos, Go 1.27.x)	Run tests	2026-09-11T21:05:06.3372090Z === RUN   TestAckRangeLength
Unit tests (macos, Go 1.27.x)	Run tests	2026-09-11T21:05:06.3372310Z --- PASS: TestAckRangeLength (0.00s)
Unit tests (macos, Go 1.27.x)	Run tests	2026-09-11T21:05:06.3372420Z === RUN   TestStreamSplittingPreservesFINBit
Unit tests (macos, Go 1.27.x)	Run tests	2026-09-11T21:05:06.3372560Z --- PASS: TestStreamSplittingPreservesFINBit (0.00s)
Unit tests (macos, Go 1.27.x)	Run tests	2026-09-11T21:05:06.3372700Z === RUN   TestUses2ByteEncodingForLengthOnInitialPackets
Unit tests (macos, Go 1.27.x)	Run tests	2026-09-11T21:05:06.3372880Z --- PASS: TestUses2ByteEncodingForLengthOnInitialPackets (0.00s)
Unit tests (macos, Go 1.27.x)	Run tests	2026-09-11T21:05:06.3372980Z === RUN   TestParseACKWithSingleBlock
Unit tests (macos, Go 1.27.x)	Run tests	2026-09-11T21:05:06.3373090Z --- PASS: TestParseACKWithSingleBlock (0.00s)
Unit tests (macos, Go 1.27.x)	Run tests	2026-09-11T21:05:06.3373270Z === RUN   TestParseVersionNegotiationPacketEmptyVersions
Unit tests (macos, Go 1.27.x)	Run tests	2026-09-11T21:05:06.3373460Z --- PASS: TestParseVersionNegotiationPacketEmptyVersions (0.00s)
Unit tests (macos, Go 1.27.x)	Run tests	2026-09-11T21:05:06.3373670Z === RUN   TestTransportParameterPreferredAddressZeroLengthConnectionID
Unit tests (macos, Go 1.27.x)	Run tests	2026-09-11T21:05:06.3373900Z --- PASS: TestTransportParameterPreferredAddressZeroLengthConnectionID (0.00s)
Unit tests (macos, Go 1.27.x)	Run tests	2026-09-11T21:05:06.3373980Z === RUN   TestShortHeaderLen
Unit tests (macos, Go 1.27.x)	Run tests	2026-09-11T21:05:06.3374080Z --- PASS: TestShortHeaderLen (0.00s)
Unit tests (macos, Go 1.27.x)	Run tests	2026-09-11T21:05:06.3374180Z === RUN   TestParseDataBlockedErrorsOnEOFs
Unit tests (macos, Go 1.27.x)	Run tests	2026-09-11T21:05:06.3374310Z --- PASS: TestParseDataBlockedErrorsOnEOFs (0.00s)
Unit tests (macos, Go 1.27.x)	Run tests	2026-09-11T21:05:06.3374450Z === RUN   TestAckFrameAcksPacketWithoutRanges
Unit tests (macos, Go 1.27.x)	Run tests	2026-09-11T21:05:06.3374700Z --- PASS: TestAckFrameAcksPacketWithoutRanges (0.00s)
Unit tests (macos, Go 1.27.x)	Run tests	2026-09-11T21:05:06.3375480Z === RUN   TestParseAckFrequency
Unit tests (macos, Go 1.27.x)	Run tests	2026-09-11T21:05:06.3375620Z --- PASS: TestParseAckFrequency (0.00s)
Unit tests (macos, Go 1.27.x)	Run tests	2026-09-11T21:05:06.3375810Z === RUN   TestParseStreamsBlockedFrameErrorOnTooLargeStreamCount
Unit tests (macos, Go 1.27.x)	Run tests	2026-09-11T21:05:06.3376030Z === RUN   TestParseStreamsBlockedFrameErrorOnTooLargeStreamCount/unidirectional
Unit tests (macos, Go 1.27.x)	Run tests	2026-09-11T21:05:06.3376250Z === RUN   TestParseStreamsBlockedFrameErrorOnTooLargeStreamCount/bidirectional
Unit tests (macos, Go 1.27.x)	Run tests	2026-09-11T21:05:06.3377080Z --- PASS: TestParseStreamsBlockedFrameErrorOnTooLargeStreamCount (0.00s)
Unit tests (macos, Go 1.27.x)	Run tests	2026-09-11T21:05:06.3378040Z     --- PASS: TestParseStreamsBlockedFrameErrorOnTooLargeStreamCount/unidirectional (0.00s)
Unit tests (macos, Go 1.27.x)	Run tests	2026-09-11T21:05:06.3378800Z     --- PASS: TestParseStreamsBlockedFrameErrorOnTooLargeStreamCount/bidirectional (0.00s)
Unit tests (macos, Go 1.27.x)	Run tests	2026-09-11T21:05:06.3378910Z === RUN   TestLogsLongHeaders
Unit tests (macos, Go 1.27.x)	Run tests	2026-09-11T21:05:06.3379050Z --- PASS: TestLogsLongHeaders (0.00s)
Unit tests (macos, Go 1.27.x)	Run tests	2026-09-11T21:05:06.3379170Z === RUN   TestWriteStreamFrameWithFIN
Unit tests (macos, Go 1.27.x)	Run tests	2026-09-11T21:05:06.3379290Z --- PASS: TestWriteStreamFrameWithFIN (0.00s)
Unit tests (macos, Go 1.27.x)	Run tests	2026-09-11T21:05:06.3379410Z === RUN   TestCoalescedPacketErrorOnTooSmallPayload
Unit tests (macos, Go 1.27.x)	Run tests	2026-09-11T21:05:06.3379580Z --- PASS: TestCoalescedPacketErrorOnTooSmallPayload (0.00s)
Unit tests (macos, Go 1.27.x)	Run tests	2026-09-11T21:05:06.3379740Z === RUN   TestDistinguishesLongAndShortHeaderPackets
Unit tests (macos, Go 1.27.x)	Run tests	2026-09-11T21:05:06.3379940Z --- PASS: TestDistinguishesLongAndShortHeaderPackets (0.00s)
Unit tests (macos, Go 1.27.x)	Run tests	2026-09-11T21:05:06.3380050Z === RUN   TestLogSentFrame
Unit tests (macos, Go 1.27.x)	Run tests	2026-09-11T21:05:06.3380150Z --- PASS: TestLogSentFrame (0.00s)
Unit tests (macos, Go 1.27.x)	Run tests	2026-09-11T21:05:06.3380250Z === RUN   TestLogsInitialPacketsWithToken
Unit tests (macos, Go 1.27.x)	Run tests	2026-09-11T21:05:06.3380380Z --- PASS: TestLogsInitialPacketsWithToken (0.00s)
Unit tests (macos, Go 1.27.x)	Run tests	2026-09-11T21:05:06.3380500Z === RUN   TestParseStreamFrameRejectsLongFrames
Unit tests (macos, Go 1.27.x)	Run tests	2026-09-11T21:05:06.3380640Z --- PASS: TestParseStreamFrameRejectsLongFrames (0.00s)
Unit tests (macos, Go 1.27.x)	Run tests	2026-09-11T21:05:06.3380800Z === RUN   TestParseVersionNegotiationPacketWithInvalidLength
Unit tests (macos, Go 1.27.x)	Run tests	2026-09-11T21:05:06.3381380Z --- PASS: TestParseVersionNegotiationPacketWithInvalidLength (0.00s)
Unit tests (macos, Go 1.27.x)	Run tests	2026-09-11T21:05:06.3381540Z === RUN   TestWriteStreamsBlockedFrameBidirectional
Unit tests (macos, Go 1.27.x)	Run tests	2026-09-11T21:05:06.3381740Z --- PASS: TestWriteStreamsBlockedFrameBidirectional (0.00s)
Unit tests (macos, Go 1.27.x)	Run tests	2026-09-11T21:05:06.3381850Z === RUN   TestParseDatagramFrameWithoutLength
Unit tests (macos, Go 1.27.x)	Run tests	2026-09-11T21:05:06.3381980Z --- PASS: TestParseDatagramFrameWithoutLength (0.00s)
Unit tests (macos, Go 1.27.x)	Run tests	2026-09-11T21:05:06.3382060Z === RUN   TestFrameParserACK
Unit tests (macos, Go 1.27.x)	Run tests	2026-09-11T21:05:06.3382160Z --- PASS: TestFrameParserACK (0.00s)
Unit tests (macos, Go 1.27.x)	Run tests	2026-09-11T21:05:06.3382290Z === RUN   TestMarshalAdditionalTransportParameters
Unit tests (macos, Go 1.27.x)	Run tests	2026-09-11T21:05:06.3382450Z --- PASS: TestMarshalAdditionalTransportParameters (0.00s)
Unit tests (macos, Go 1.27.x)	Run tests	2026-09-11T21:05:06.3382680Z === RUN   TestParseNewConnectionIDRetirePriorToLargerThanSequenceNumber
Unit tests (macos, Go 1.27.x)	Run tests	2026-09-11T21:05:06.3383200Z --- PASS: TestParseNewConnectionIDRetirePriorToLargerThanSequenceNumber (0.00s)
Unit tests (macos, Go 1.27.x)	Run tests	2026-09-11T21:05:06.3383320Z === RUN   TestParseStreamDataBlockedErrorsOnEOFs
Unit tests (macos, Go 1.27.x)	Run tests	2026-09-11T21:05:06.3383470Z --- PASS: TestParseStreamDataBlockedErrorsOnEOFs (0.00s)
Unit tests (macos, Go 1.27.x)	Run tests	2026-09-11T21:05:06.3383570Z === RUN   TestParseMaxStreamsMaxValue
Unit tests (macos, Go 1.27.x)	Run tests	2026-09-11T21:05:06.3383700Z === RUN   TestParseMaxStreamsMaxValue/unidirectional
Unit tests (macos, Go 1.27.x)	Run tests	2026-09-11T21:05:06.3383810Z === RUN   TestParseMaxStreamsMaxValue/bidirectional
Unit tests (macos, Go 1.27.x)	Run tests	2026-09-11T21:05:06.3383920Z --- PASS: TestParseMaxStreamsMaxValue (0.00s)
Unit tests (macos, Go 1.27.x)	Run tests	2026-09-11T21:05:06.3384170Z     --- PASS: TestParseMaxStreamsMaxValue/unidirectional (0.00s)
Unit tests (macos, Go 1.27.x)	Run tests	2026-09-11T21:05:06.3384400Z     --- PASS: TestParseMaxStreamsMaxValue/bidirectional (0.00s)
Unit tests (macos, Go 1.27.x)	Run tests	2026-09-11T21:05:06.3384520Z === RUN   TestWritesHeaderWith20ByteConnectionID
Unit tests (macos, Go 1.27.x)	Run tests	2026-09-11T21:05:06.3384660Z --- PASS: TestWritesHeaderWith20ByteConnectionID (0.00s)
Unit tests (macos, Go 1.27.x)	Run tests	2026-09-11T21:05:06.3384800Z === RUN   TestParseConnectionCloseLeavesTrailingBytes
Unit tests (macos, Go 1.27.x)	Run tests	2026-09-11T21:05:06.3384970Z --- PASS: TestParseConnectionCloseLeavesTrailingBytes (0.00s)
Unit tests (macos, Go 1.27.x)	Run tests	2026-09-11T21:05:06.3385090Z === RUN   TestWritesInitialPacketVersion2
Unit tests (macos, Go 1.27.x)	Run tests	2026-09-11T21:05:06.3385220Z --- PASS: TestWritesInitialPacketVersion2 (0.00s)
Unit tests (macos, Go 1.27.x)	Run tests	2026-09-11T21:05:06.3385340Z === RUN   TestFrameParsingErrorsOnInvalidFrames
Unit tests (macos, Go 1.27.x)	Run tests	2026-09-11T21:05:06.3385480Z --- PASS: TestFrameParsingErrorsOnInvalidFrames (0.00s)
Unit tests (macos, Go 1.27.x)	Run tests	2026-09-11T21:05:06.3385580Z === RUN   TestWriteDataBlocked
Unit tests (macos, Go 1.27.x)	Run tests	2026-09-11T21:05:06.3385700Z --- PASS: TestWriteDataBlocked (0.00s)
Unit tests (macos, Go 1.27.x)	Run tests	2026-09-11T21:05:06.3385810Z === RUN   TestWriteStreamDataBlocked
Unit tests (macos, Go 1.27.x)	Run tests	2026-09-11T21:05:06.3385940Z --- PASS: TestWriteStreamDataBlocked (0.00s)
Unit tests (macos, Go 1.27.x)	Run tests	2026-09-11T21:05:06.3386040Z === RUN   TestWriteResetStreamAt
Unit tests (macos, Go 1.27.x)	Run tests	2026-09-11T21:05:06.3386160Z --- PASS: TestWriteResetStreamAt (0.00s)
Unit tests (macos, Go 1.27.x)	Run tests	2026-09-11T21:05:06.3386240Z === RUN   TestIsStreamFrameType
Unit tests (macos, Go 1.27.x)	Run tests	2026-09-11T21:05:06.3386350Z --- PASS: TestIsStreamFrameType (0.00s)
Unit tests (macos, Go 1.27.x)	Run tests	2026-09-11T21:05:06.3386500Z === RUN   TestCryptoFrameNoSplitWhenSizeTooSmall
Unit tests (macos, Go 1.27.x)	Run tests	2026-09-11T21:05:06.3386680Z --- PASS: TestCryptoFrameNoSplitWhenSizeTooSmall (0.00s)
Unit tests (macos, Go 1.27.x)	Run tests	2026-09-11T21:05:06.3386770Z === RUN   TestParseACKECN
Unit tests (macos, Go 1.27.x)	Run tests	2026-09-11T21:05:06.3386850Z --- PASS: TestParseACKECN (0.00s)
Unit tests (macos, Go 1.27.x)	Run tests	2026-09-11T21:05:06.3386940Z === RUN   TestParseLongHeader
Unit tests (macos, Go 1.27.x)	Run tests	2026-09-11T21:05:06.3387040Z --- PASS: TestParseLongHeader (0.00s)
Unit tests (macos, Go 1.27.x)	Run tests	2026-09-11T21:05:06.3387160Z === RUN   TestParseResetStreamAtSizeTooLarge
Unit tests (macos, Go 1.27.x)	Run tests	2026-09-11T21:05:06.3387290Z --- PASS: TestParseResetStreamAtSizeTooLarge (0.00s)
Unit tests (macos, Go 1.27.x)	Run tests	2026-09-11T21:05:06.3387380Z === RUN   TestWriteNewTokenFrame
Unit tests (macos, Go 1.27.x)	Run tests	2026-09-11T21:05:06.3387470Z --- PASS: TestWriteNewTokenFrame (0.00s)
Unit tests (macos, Go 1.27.x)	Run tests	2026-09-11T21:05:06.3387550Z === RUN   TestParseResetStreamAt
Unit tests (macos, Go 1.27.x)	Run tests	2026-09-11T21:05:06.3387650Z --- PASS: TestParseResetStreamAt (0.00s)
Unit tests (macos, Go 1.27.x)	Run tests	2026-09-11T21:05:06.3387730Z === RUN   TestWriteACKSimpleFrame
Unit tests (macos, Go 1.27.x)	Run tests	2026-09-11T21:05:06.3387830Z --- PASS: TestWriteACKSimpleFrame (0.00s)
Unit tests (macos, Go 1.27.x)	Run tests	2026-09-11T21:05:06.3387940Z === RUN   TestParseStopSendingErrorsOnEOFs
Unit tests (macos, Go 1.27.x)	Run tests	2026-09-11T21:05:06.3388060Z --- PASS: TestParseStopSendingErrorsOnEOFs (0.00s)
Unit tests (macos, Go 1.27.x)	Run tests	2026-09-11T21:05:06.3388170Z === RUN   TestWriteStreamFrameWithDataLength
Unit tests (macos, Go 1.27.x)	Run tests	2026-09-11T21:05:06.3388300Z --- PASS: TestWriteStreamFrameWithDataLength (0.00s)
Unit tests (macos, Go 1.27.x)	Run tests	2026-09-11T21:05:06.3388560Z === RUN   TestTransportParameterNoMaxAckDelayIfDefault
Unit tests (macos, Go 1.27.x)	Run tests	2026-09-11T21:05:06.3388740Z --- PASS: TestTransportParameterNoMaxAckDelayIfDefault (0.00s)
Unit tests (macos, Go 1.27.x)	Run tests	2026-09-11T21:05:06.3388840Z === RUN   TestParseStreamFrameRejectsOverflow
Unit tests (macos, Go 1.27.x)	Run tests	2026-09-11T21:05:06.3388980Z --- PASS: TestParseStreamFrameRejectsOverflow (0.00s)
Unit tests (macos, Go 1.27.x)	Run tests	2026-09-11T21:05:06.3389080Z === RUN   TestLogAckFrameWithMissingPackets
Unit tests (macos, Go 1.27.x)	Run tests	2026-09-11T21:05:06.3389200Z --- PASS: TestLogAckFrameWithMissingPackets (0.00s)
Unit tests (macos, Go 1.27.x)	Run tests	2026-09-11T21:05:06.3389320Z === RUN   TestParseACKHandleDelayTimeOverflow
Unit tests (macos, Go 1.27.x)	Run tests	2026-09-11T21:05:06.3389460Z --- PASS: TestParseACKHandleDelayTimeOverflow (0.00s)
Unit tests (macos, Go 1.27.x)	Run tests	2026-09-11T21:05:06.3389580Z === RUN   TestParseStreamUsesBufferForLongFrames
Unit tests (macos, Go 1.27.x)	Run tests	2026-09-11T21:05:06.3389730Z --- PASS: TestParseStreamUsesBufferForLongFrames (0.00s)
Unit tests (macos, Go 1.27.x)	Run tests	2026-09-11T21:05:06.3389860Z === RUN   TestTransportParameterUnknownParameters
Unit tests (macos, Go 1.27.x)	Run tests	2026-09-11T21:05:06.3390110Z --- PASS: TestTransportParameterUnknownParameters (0.00s)
Unit tests (macos, Go 1.27.x)	Run tests	2026-09-11T21:05:06.3390200Z === RUN   TestWriteStreamFrameWithOffset
Unit tests (macos, Go 1.27.x)	Run tests	2026-09-11T21:05:06.3390320Z --- PASS: TestWriteStreamFrameWithOffset (0.00s)
Unit tests (macos, Go 1.27.x)	Run tests	2026-09-11T21:05:06.3390430Z === RUN   TestParseArbitraryLengthConnectionIDs
Unit tests (macos, Go 1.27.x)	Run tests	2026-09-11T21:05:06.3390570Z --- PASS: TestParseArbitraryLengthConnectionIDs (0.00s)
Unit tests (macos, Go 1.27.x)	Run tests	2026-09-11T21:05:06.3390700Z === RUN   TestParseNewConnectionIDInvalidConnIDLength
Unit tests (macos, Go 1.27.x)	Run tests	2026-09-11T21:05:06.3390860Z --- PASS: TestParseNewConnectionIDInvalidConnIDLength (0.00s)
Unit tests (macos, Go 1.27.x)	Run tests	2026-09-11T21:05:06.3391030Z === RUN   TestStopParsingWhenEncounteringUnsupportedVersion
Unit tests (macos, Go 1.27.x)	Run tests	2026-09-11T21:05:06.3391260Z --- PASS: TestStopParsingWhenEncounteringUnsupportedVersion (0.00s)
Unit tests (macos, Go 1.27.x)	Run tests	2026-09-11T21:05:06.3391370Z === RUN   TestWriteStopSendingFrame
Unit tests (macos, Go 1.27.x)	Run tests	2026-09-11T21:05:06.3391480Z --- PASS: TestWriteStopSendingFrame (0.00s)
Unit tests (macos, Go 1.27.x)	Run tests	2026-09-11T21:05:06.3391600Z === RUN   TestTransportParametersValidAfter0RTT
Unit tests (macos, Go 1.27.x)	Run tests	2026-09-11T21:05:06.3391750Z === RUN   TestTransportParametersValidAfter0RTT/no_changes
Unit tests (macos, Go 1.27.x)	Run tests	2026-09-11T21:05:06.3391940Z === RUN   TestTransportParametersValidAfter0RTT/ResetStreamAt_disabled
Unit tests (macos, Go 1.27.x)	Run tests	2026-09-11T21:05:06.3392180Z === RUN   TestTransportParametersValidAfter0RTT/InitialMaxStreamDataBidiLocal_reduced
Unit tests (macos, Go 1.27.x)	Run tests	2026-09-11T21:05:06.3392430Z === RUN   TestTransportParametersValidAfter0RTT/InitialMaxStreamDataBidiLocal_increased
Unit tests (macos, Go 1.27.x)	Run tests	2026-09-11T21:05:06.3392690Z === RUN   TestTransportParametersValidAfter0RTT/InitialMaxStreamDataBidiRemote_reduced
Unit tests (macos, Go 1.27.x)	Run tests	2026-09-11T21:05:06.3392950Z === RUN   TestTransportParametersValidAfter0RTT/InitialMaxStreamDataBidiRemote_increased
Unit tests (macos, Go 1.27.x)	Run tests	2026-09-11T21:05:06.3393160Z === RUN   TestTransportParametersValidAfter0RTT/InitialMaxStreamDataUni_reduced
Unit tests (macos, Go 1.27.x)	Run tests	2026-09-11T21:05:06.3393380Z === RUN   TestTransportParametersValidAfter0RTT/InitialMaxStreamDataUni_increased
Unit tests (macos, Go 1.27.x)	Run tests	2026-09-11T21:05:06.3393570Z === RUN   TestTransportParametersValidAfter0RTT/InitialMaxData_reduced
Unit tests (macos, Go 1.27.x)	Run tests	2026-09-11T21:05:06.3393760Z === RUN   TestTransportParametersValidAfter0RTT/InitialMaxData_increased
Unit tests (macos, Go 1.27.x)	Run tests	2026-09-11T21:05:06.3393940Z === RUN   TestTransportParametersValidAfter0RTT/MaxBidiStreamNum_reduced
Unit tests (macos, Go 1.27.x)	Run tests	2026-09-11T21:05:06.3394850Z === RUN   TestTransportParametersValidAfter0RTT/MaxBidiStreamNum_increased
Unit tests (macos, Go 1.27.x)	Run tests	2026-09-11T21:05:06.3395600Z === RUN   TestTransportParametersValidAfter0RTT/MaxUniStreamNum_reduced
Unit tests (macos, Go 1.27.x)	Run tests	2026-09-11T21:05:06.3396280Z === RUN   TestTransportParametersValidAfter0RTT/MaxUniStreamNum_increased
Unit tests (macos, Go 1.27.x)	Run tests	2026-09-11T21:05:06.3396860Z === RUN   TestTransportParametersValidAfter0RTT/ActiveConnectionIDLimit_reduced
Unit tests (macos, Go 1.27.x)	Run tests	2026-09-11T21:05:06.3397450Z === RUN   TestTransportParametersValidAfter0RTT/ActiveConnectionIDLimit_increased
Unit tests (macos, Go 1.27.x)	Run tests	2026-09-11T21:05:06.3398000Z === RUN   TestTransportParametersValidAfter0RTT/MaxDatagramFrameSize_reduced
Unit tests (macos, Go 1.27.x)	Run tests	2026-09-11T21:05:06.3398570Z === RUN   TestTransportParametersValidAfter0RTT/MaxDatagramFrameSize_increased
Unit tests (macos, Go 1.27.x)	Run tests	2026-09-11T21:05:06.3399010Z === RUN   TestTransportParametersValidAfter0RTT/ResetStreamAt_enabled
Unit tests (macos, Go 1.27.x)	Run tests	2026-09-11T21:05:06.3399410Z --- PASS: TestTransportParametersValidAfter0RTT (0.00s)
Unit tests (macos, Go 1.27.x)	Run tests	2026-09-11T21:05:06.3400080Z     --- PASS: TestTransportParametersValidAfter0RTT/no_changes (0.00s)
Unit tests (macos, Go 1.27.x)	Run tests	2026-09-11T21:05:06.3400820Z     --- PASS: TestTransportParametersValidAfter0RTT/ResetStreamAt_disabled (0.00s)
Unit tests (macos, Go 1.27.x)	Run tests	2026-09-11T21:05:06.3402520Z     --- PASS: TestTransportParametersValidAfter0RTT/InitialMaxStreamDataBidiLocal_reduced (0.00s)
Unit tests (macos, Go 1.27.x)	Run tests	2026-09-11T21:05:06.3403610Z     --- PASS: TestTransportParametersValidAfter0RTT/InitialMaxStreamDataBidiLocal_increased (0.00s)
Unit tests (macos, Go 1.27.x)	Run tests	2026-09-11T21:05:06.3404570Z     --- PASS: TestTransportParametersValidAfter0RTT/InitialMaxStreamDataBidiRemote_reduced (0.00s)
Unit tests (macos, Go 1.27.x)	Run tests	2026-09-11T21:05:06.3405700Z     --- PASS: TestTransportParametersValidAfter0RTT/InitialMaxStreamDataBidiRemote_increased (0.00s)
Unit tests (macos, Go 1.27.x)	Run tests	2026-09-11T21:05:06.3406580Z     --- PASS: TestTransportParametersValidAfter0RTT/InitialMaxStreamDataUni_reduced (0.00s)
Unit tests (macos, Go 1.27.x)	Run tests	2026-09-11T21:05:06.3407490Z     --- PASS: TestTransportParametersValidAfter0RTT/InitialMaxStreamDataUni_increased (0.00s)
Unit tests (macos, Go 1.27.x)	Run tests	2026-09-11T21:05:06.3408880Z     --- PASS: TestTransportParametersValidAfter0RTT/InitialMaxData_reduced (0.00s)
Unit tests (macos, Go 1.27.x)	Run tests	2026-09-11T21:05:06.3410020Z     --- PASS: TestTransportParametersValidAfter0RTT/InitialMaxData_increased (0.00s)
Unit tests (macos, Go 1.27.x)	Run tests	2026-09-11T21:05:06.3410890Z     --- PASS: TestTransportParametersValidAfter0RTT/MaxBidiStreamNum_reduced (0.00s)
Unit tests (macos, Go 1.27.x)	Run tests	2026-09-11T21:05:06.3411760Z     --- PASS: TestTransportParametersValidAfter0RTT/MaxBidiStreamNum_increased (0.00s)
Unit tests (macos, Go 1.27.x)	Run tests	2026-09-11T21:05:06.3412560Z     --- PASS: TestTransportParametersValidAfter0RTT/MaxUniStreamNum_reduced (0.00s)
Unit tests (macos, Go 1.27.x)	Run tests	2026-09-11T21:05:06.3413340Z     --- PASS: TestTransportParametersValidAfter0RTT/MaxUniStreamNum_increased (0.00s)
Unit tests (macos, Go 1.27.x)	Run tests	2026-09-11T21:05:06.3414180Z     --- PASS: TestTransportParametersValidAfter0RTT/ActiveConnectionIDLimit_reduced (0.00s)
Unit tests (macos, Go 1.27.x)	Run tests	2026-09-11T21:05:06.3415080Z     --- PASS: TestTransportParametersValidAfter0RTT/ActiveConnectionIDLimit_increased (0.00s)
Unit tests (macos, Go 1.27.x)	Run tests	2026-09-11T21:05:06.3416800Z     --- PASS: TestTransportParametersValidAfter0RTT/MaxDatagramFrameSize_reduced (0.00s)
Unit tests (macos, Go 1.27.x)	Run tests	2026-09-11T21:05:06.3417970Z     --- PASS: TestTransportParametersValidAfter0RTT/MaxDatagramFrameSize_increased (0.00s)
Unit tests (macos, Go 1.27.x)	Run tests	2026-09-11T21:05:06.3418820Z     --- PASS: TestTransportParametersValidAfter0RTT/ResetStreamAt_enabled (0.00s)
Unit tests (macos, Go 1.27.x)	Run tests	2026-09-11T21:05:06.3419070Z === RUN   TestWritePingFrame
Unit tests (macos, Go 1.27.x)	Run tests	2026-09-11T21:05:06.3419350Z --- PASS: TestWritePingFrame (0.00s)
Unit tests (macos, Go 1.27.x)	Run tests	2026-09-11T21:05:06.3419600Z === RUN   TestParseStopSending
Unit tests (macos, Go 1.27.x)	Run tests	2026-09-11T21:05:06.3419840Z --- PASS: TestParseStopSending (0.00s)
Unit tests (macos, Go 1.27.x)	Run tests	2026-09-11T21:05:06.3420510Z === RUN   TestSessionTicketTransportParameterRejectsUnknownParameter
Unit tests (macos, Go 1.27.x)	Run tests	2026-09-11T21:05:06.3421110Z --- PASS: TestSessionTicketTransportParameterRejectsUnknownParameter (0.00s)
Unit tests (macos, Go 1.27.x)	Run tests	2026-09-11T21:05:06.3421370Z === RUN   TestParseResetStreamErrorsOnEOFs
Unit tests (macos, Go 1.27.x)	Run tests	2026-09-11T21:05:06.3421710Z === RUN   TestParseResetStreamErrorsOnEOFs/RESET_STREAM
Unit tests (macos, Go 1.27.x)	Run tests	2026-09-11T21:05:06.3422070Z === RUN   TestParseResetStreamErrorsOnEOFs/RESET_STREAM_AT
Unit tests (macos, Go 1.27.x)	Run tests	2026-09-11T21:05:06.3422400Z --- PASS: TestParseResetStreamErrorsOnEOFs (0.00s)
Unit tests (macos, Go 1.27.x)	Run tests	2026-09-11T21:05:06.3423010Z     --- PASS: TestParseResetStreamErrorsOnEOFs/RESET_STREAM (0.00s)
Unit tests (macos, Go 1.27.x)	Run tests	2026-09-11T21:05:06.3423650Z     --- PASS: TestParseResetStreamErrorsOnEOFs/RESET_STREAM_AT (0.00s)
Unit tests (macos, Go 1.27.x)	Run tests	2026-09-11T21:05:06.3423980Z === RUN   TestParseConnIDLongHeaderPacket
Unit tests (macos, Go 1.27.x)	Run tests	2026-09-11T21:05:06.3424420Z --- PASS: TestParseConnIDLongHeaderPacket (0.00s)
Unit tests (macos, Go 1.27.x)	Run tests	2026-09-11T21:05:06.3424720Z === RUN   TestAckRangeValidator
Unit tests (macos, Go 1.27.x)	Run tests	2026-09-11T21:05:06.3425120Z === RUN   TestAckRangeValidator/rejects_ACKs_without_ranges
Unit tests (macos, Go 1.27.x)	Run tests	2026-09-11T21:05:06.3425540Z === RUN   TestAckRangeValidator/accepts_an_ACK_without_NACK_Ranges
Unit tests (macos, Go 1.27.x)	Run tests	2026-09-11T21:05:06.3426090Z === RUN   TestAckRangeValidator/rejects_ACK_ranges_with_Smallest_greater_than_Largest
Unit tests (macos, Go 1.27.x)	Run tests	2026-09-11T21:05:06.3426540Z === RUN   TestAckRangeValidator/rejects_ACK_ranges_in_the_wrong_order
Unit tests (macos, Go 1.27.x)	Run tests	2026-09-11T21:05:06.3427030Z === RUN   TestAckRangeValidator/rejects_with_overlapping_ACK_ranges
Unit tests (macos, Go 1.27.x)	Run tests	2026-09-11T21:05:06.3427640Z === RUN   TestAckRangeValidator/rejects_ACK_ranges_that_are_part_of_a_larger_ACK_range
Unit tests (macos, Go 1.27.x)	Run tests	2026-09-11T21:05:06.3428180Z === RUN   TestAckRangeValidator/rejects_with_directly_adjacent_ACK_ranges
Unit tests (macos, Go 1.27.x)	Run tests	2026-09-11T21:05:06.3428700Z === RUN   TestAckRangeValidator/accepts_an_ACK_with_one_lost_packet
Unit tests (macos, Go 1.27.x)	Run tests	2026-09-11T21:05:06.3429970Z === RUN   TestAckRangeValidator/accepts_an_ACK_with_multiple_lost_packets
Unit tests (macos, Go 1.27.x)	Run tests	2026-09-11T21:05:06.3430120Z --- PASS: TestAckRangeValidator (0.00s)
Unit tests (macos, Go 1.27.x)	Run tests	2026-09-11T21:05:06.3430450Z     --- PASS: TestAckRangeValidator/rejects_ACKs_without_ranges (0.00s)
Unit tests (macos, Go 1.27.x)	Run tests	2026-09-11T21:05:06.3430790Z     --- PASS: TestAckRangeValidator/accepts_an_ACK_without_NACK_Ranges (0.00s)
Unit tests (macos, Go 1.27.x)	Run tests	2026-09-11T21:05:06.3431190Z     --- PASS: TestAckRangeValidator/rejects_ACK_ranges_with_Smallest_greater_than_Largest (0.00s)
Unit tests (macos, Go 1.27.x)	Run tests	2026-09-11T21:05:06.3435060Z     --- PASS: TestAckRangeValidator/rejects_ACK_ranges_in_the_wrong_order (0.00s)
Unit tests (macos, Go 1.27.x)	Run tests	2026-09-11T21:05:06.3436230Z     --- PASS: TestAckRangeValidator/rejects_with_overlapping_ACK_ranges (0.00s)
Unit tests (macos, Go 1.27.x)	Run tests	2026-09-11T21:05:06.3436660Z     --- PASS: TestAckRangeValidator/rejects_ACK_ranges_that_are_part_of_a_larger_ACK_range (0.00s)
Unit tests (macos, Go 1.27.x)	Run tests	2026-09-11T21:05:06.3437500Z     --- PASS: TestAckRangeValidator/rejects_with_directly_adjacent_ACK_ranges (0.00s)
Unit tests (macos, Go 1.27.x)	Run tests	2026-09-11T21:05:06.3437880Z     --- PASS: TestAckRangeValidator/accepts_an_ACK_with_one_lost_packet (0.00s)
Unit tests (macos, Go 1.27.x)	Run tests	2026-09-11T21:05:06.3438340Z     --- PASS: TestAckRangeValidator/accepts_an_ACK_with_multiple_lost_packets (0.00s)
Unit tests (macos, Go 1.27.x)	Run tests	2026-09-11T21:05:06.3438620Z === RUN   TestTransportParametersStringRepresentationWithoutOptionalFields
Unit tests (macos, Go 1.27.x)	Run tests	2026-09-11T21:05:06.3438900Z --- PASS: TestTransportParametersStringRepresentationWithoutOptionalFields (0.00s)
Unit tests (macos, Go 1.27.x)	Run tests	2026-09-11T21:05:06.3439040Z === RUN   TestIdentifyVersionNegotiationPackets
Unit tests (macos, Go 1.27.x)	Run tests	2026-09-11T21:05:06.3439210Z --- PASS: TestIdentifyVersionNegotiationPackets (0.00s)
Unit tests (macos, Go 1.27.x)	Run tests	2026-09-11T21:05:06.3440110Z === RUN   TestParseMaxStreamsErrorsOnTooLargeStreamCount
Unit tests (macos, Go 1.27.x)	Run tests	2026-09-11T21:05:06.3441510Z === RUN   TestParseMaxStreamsErrorsOnTooLargeStreamCount/unidirectional
Unit tests (macos, Go 1.27.x)	Run tests	2026-09-11T21:05:06.3441920Z === RUN   TestParseMaxStreamsErrorsOnTooLargeStreamCount/bidirectional
Unit tests (macos, Go 1.27.x)	Run tests	2026-09-11T21:05:06.3443680Z --- PASS: TestParseMaxStreamsErrorsOnTooLargeStreamCount (0.00s)
Unit tests (macos, Go 1.27.x)	Run tests	2026-09-11T21:05:06.3444100Z     --- PASS: TestParseMaxStreamsErrorsOnTooLargeStreamCount/unidirectional (0.00s)
Unit tests (macos, Go 1.27.x)	Run tests	2026-09-11T21:05:06.3444560Z     --- PASS: TestParseMaxStreamsErrorsOnTooLargeStreamCount/bidirectional (0.00s)
Unit tests (macos, Go 1.27.x)	Run tests	2026-09-11T21:05:06.3444660Z === RUN   TestWritesRetryPacket
Unit tests (macos, Go 1.27.x)	Run tests	2026-09-11T21:05:06.3444780Z === RUN   TestWritesRetryPacket/v1
Unit tests (macos, Go 1.27.x)	Run tests	2026-09-11T21:05:06.3444860Z === RUN   TestWritesRetryPacket/v2
Unit tests (macos, Go 1.27.x)	Run tests	2026-09-11T21:05:06.3444960Z --- PASS: TestWritesRetryPacket (0.00s)
Unit tests (macos, Go 1.27.x)	Run tests	2026-09-11T21:05:06.3445120Z     --- PASS: TestWritesRetryPacket/v1 (0.00s)
Unit tests (macos, Go 1.27.x)	Run tests	2026-09-11T21:05:06.3445310Z     --- PASS: TestWritesRetryPacket/v2 (0.00s)
Unit tests (macos, Go 1.27.x)	Run tests	2026-09-11T21:05:06.3445450Z === RUN   TestMarshalRetrySourceConnectionID
Unit tests (macos, Go 1.27.x)	Run tests	2026-09-11T21:05:06.3445610Z --- PASS: TestMarshalRetrySourceConnectionID (0.00s)
Unit tests (macos, Go 1.27.x)	Run tests	2026-09-11T21:05:06.3445690Z === RUN   TestParsePathResponse
Unit tests (macos, Go 1.27.x)	Run tests	2026-09-11T21:05:06.3445790Z --- PASS: TestParsePathResponse (0.00s)
Unit tests (macos, Go 1.27.x)	Run tests	2026-09-11T21:05:06.3445980Z === RUN   TestTransportParameterRejectsDuplicateParameters
Unit tests (macos, Go 1.27.x)	Run tests	2026-09-11T21:05:06.3446210Z --- PASS: TestTransportParameterRejectsDuplicateParameters (0.00s)
Unit tests (macos, Go 1.27.x)	Run tests	2026-09-11T21:05:06.3446310Z === RUN   TestIsDatagramFrameType
Unit tests (macos, Go 1.27.x)	Run tests	2026-09-11T21:05:06.3446410Z --- PASS: TestIsDatagramFrameType (0.00s)
Unit tests (macos, Go 1.27.x)	Run tests	2026-09-11T21:05:06.3446570Z === RUN   TestParseLongHeaderWithoutSourceConnectionID
Unit tests (macos, Go 1.27.x)	Run tests	2026-09-11T21:05:06.3446770Z --- PASS: TestParseLongHeaderWithoutSourceConnectionID (0.00s)
Unit tests (macos, Go 1.27.x)	Run tests	2026-09-11T21:05:06.3446890Z === RUN   TestFrameAllowedAtEncLevel
Unit tests (macos, Go 1.27.x)	Run tests	2026-09-11T21:05:06.3447080Z === RUN   TestFrameAllowedAtEncLevel/CRYPTO_FRAME/Initial
Unit tests (macos, Go 1.27.x)	Run tests	2026-09-11T21:05:06.3447220Z === RUN   TestFrameAllowedAtEncLevel/CRYPTO_FRAME/Handshake
Unit tests (macos, Go 1.27.x)	Run tests	2026-09-11T21:05:06.3447350Z === RUN   TestFrameAllowedAtEncLevel/CRYPTO_FRAME/0-RTT
Unit tests (macos, Go 1.27.x)	Run tests	2026-09-11T21:05:06.3447490Z === RUN   TestFrameAllowedAtEncLevel/CRYPTO_FRAME/1-RTT
Unit tests (macos, Go 1.27.x)	Run tests	2026-09-11T21:05:06.3447620Z === RUN   TestFrameAllowedAtEncLevel/ACK_FRAME/Initial
Unit tests (macos, Go 1.27.x)	Run tests	2026-09-11T21:05:06.3447760Z === RUN   TestFrameAllowedAtEncLevel/ACK_FRAME/Handshake
Unit tests (macos, Go 1.27.x)	Run tests	2026-09-11T21:05:06.3447920Z === RUN   TestFrameAllowedAtEncLevel/ACK_FRAME/0-RTT
Unit tests (macos, Go 1.27.x)	Run tests	2026-09-11T21:05:06.3448070Z === RUN   TestFrameAllowedAtEncLevel/ACK_FRAME/1-RTT
Unit tests (macos, Go 1.27.x)	Run tests	2026-09-11T21:05:06.3448520Z === RUN   TestFrameAllowedAtEncLevel/CONNECTION_CLOSE_FRAME/Initial
Unit tests (macos, Go 1.27.x)	Run tests	2026-09-11T21:05:06.3448700Z === RUN   TestFrameAllowedAtEncLevel/CONNECTION_CLOSE_FRAME/Handshake
Unit tests (macos, Go 1.27.x)	Run tests	2026-09-11T21:05:06.3448870Z === RUN   TestFrameAllowedAtEncLevel/CONNECTION_CLOSE_FRAME/0-RTT
Unit tests (macos, Go 1.27.x)	Run tests	2026-09-11T21:05:06.3449070Z === RUN   TestFrameAllowedAtEncLevel/CONNECTION_CLOSE_FRAME/1-RTT
Unit tests (macos, Go 1.27.x)	Run tests	2026-09-11T21:05:06.3449260Z === RUN   TestFrameAllowedAtEncLevel/PING_FRAME/Initial
Unit tests (macos, Go 1.27.x)	Run tests	2026-09-11T21:05:06.3449420Z === RUN   TestFrameAllowedAtEncLevel/PING_FRAME/Handshake
Unit tests (macos, Go 1.27.x)	Run tests	2026-09-11T21:05:06.3449550Z === RUN   TestFrameAllowedAtEncLevel/PING_FRAME/0-RTT
Unit tests (macos, Go 1.27.x)	Run tests	2026-09-11T21:05:06.3449680Z === RUN   TestFrameAllowedAtEncLevel/PING_FRAME/1-RTT
Unit tests (macos, Go 1.27.x)	Run tests	2026-09-11T21:05:06.3449820Z === RUN   TestFrameAllowedAtEncLevel/NEW_TOKEN_FRAME/Initial
Unit tests (macos, Go 1.27.x)	Run tests	2026-09-11T21:05:06.3450290Z === RUN   TestFrameAllowedAtEncLevel/NEW_TOKEN_FRAME/Handshake
Unit tests (macos, Go 1.27.x)	Run tests	2026-09-11T21:05:06.3450460Z === RUN   TestFrameAllowedAtEncLevel/NEW_TOKEN_FRAME/0-RTT
Unit tests (macos, Go 1.27.x)	Run tests	2026-09-11T21:05:06.3450620Z === RUN   TestFrameAllowedAtEncLevel/NEW_TOKEN_FRAME/1-RTT
Unit tests (macos, Go 1.27.x)	Run tests	2026-09-11T21:05:06.3450770Z === RUN   TestFrameAllowedAtEncLevel/PATH_RESPONSE_FRAME/Initial
Unit tests (macos, Go 1.27.x)	Run tests	2026-09-11T21:05:06.3450930Z === RUN   TestFrameAllowedAtEncLevel/PATH_RESPONSE_FRAME/Handshake
Unit tests (macos, Go 1.27.x)	Run tests	2026-09-11T21:05:06.3451080Z === RUN   TestFrameAllowedAtEncLevel/PATH_RESPONSE_FRAME/0-RTT
Unit tests (macos, Go 1.27.x)	Run tests	2026-09-11T21:05:06.3456950Z === RUN   TestFrameAllowedAtEncLevel/PATH_RESPONSE_FRAME/1-RTT
Unit tests (macos, Go 1.27.x)	Run tests	2026-09-11T21:05:06.3457240Z === RUN   TestFrameAllowedAtEncLevel/RETIRE_CONNECTION_ID_FRAME/Initial
Unit tests (macos, Go 1.27.x)	Run tests	2026-09-11T21:05:06.3457480Z === RUN   TestFrameAllowedAtEncLevel/RETIRE_CONNECTION_ID_FRAME/Handshake
Unit tests (macos, Go 1.27.x)	Run tests	2026-09-11T21:05:06.3457710Z === RUN   TestFrameAllowedAtEncLevel/RETIRE_CONNECTION_ID_FRAME/0-RTT
Unit tests (macos, Go 1.27.x)	Run tests	2026-09-11T21:05:06.3457910Z === RUN   TestFrameAllowedAtEncLevel/RETIRE_CONNECTION_ID_FRAME/1-RTT
Unit tests (macos, Go 1.27.x)	Run tests	2026-09-11T21:05:06.3458110Z === RUN   TestFrameAllowedAtEncLevel/MAX_DATA_FRAME/Initial
Unit tests (macos, Go 1.27.x)	Run tests	2026-09-11T21:05:06.3458300Z === RUN   TestFrameAllowedAtEncLevel/MAX_DATA_FRAME/Handshake
Unit tests (macos, Go 1.27.x)	Run tests	2026-09-11T21:05:06.3458460Z === RUN   TestFrameAllowedAtEncLevel/MAX_DATA_FRAME/0-RTT
Unit tests (macos, Go 1.27.x)	Run tests	2026-09-11T21:05:06.3458600Z === RUN   TestFrameAllowedAtEncLevel/MAX_DATA_FRAME/1-RTT
Unit tests (macos, Go 1.27.x)	Run tests	2026-09-11T21:05:06.3458730Z === RUN   TestFrameAllowedAtEncLevel/STREAM_FRAME/Initial
Unit tests (macos, Go 1.27.x)	Run tests	2026-09-11T21:05:06.3458870Z === RUN   TestFrameAllowedAtEncLevel/STREAM_FRAME/Handshake
Unit tests (macos, Go 1.27.x)	Run tests	2026-09-11T21:05:06.3459030Z === RUN   TestFrameAllowedAtEncLevel/STREAM_FRAME/0-RTT
Unit tests (macos, Go 1.27.x)	Run tests	2026-09-11T21:05:06.3459190Z === RUN   TestFrameAllowedAtEncLevel/STREAM_FRAME/1-RTT
Unit tests (macos, Go 1.27.x)	Run tests	2026-09-11T21:05:06.3459380Z === RUN   TestFrameAllowedAtEncLevel/RESET_STREAM_AT/Initial
Unit tests (macos, Go 1.27.x)	Run tests	2026-09-11T21:05:06.3459550Z === RUN   TestFrameAllowedAtEncLevel/RESET_STREAM_AT/Handshake
Unit tests (macos, Go 1.27.x)	Run tests	2026-09-11T21:05:06.3459680Z === RUN   TestFrameAllowedAtEncLevel/RESET_STREAM_AT/0-RTT
Unit tests (macos, Go 1.27.x)	Run tests	2026-09-11T21:05:06.3459820Z === RUN   TestFrameAllowedAtEncLevel/RESET_STREAM_AT/1-RTT
Unit tests (macos, Go 1.27.x)	Run tests	2026-09-11T21:05:06.3459930Z --- PASS: TestFrameAllowedAtEncLevel (0.00s)
Unit tests (macos, Go 1.27.x)	Run tests	2026-09-11T21:05:06.3460250Z     --- PASS: TestFrameAllowedAtEncLevel/CRYPTO_FRAME/Initial (0.00s)
Unit tests (macos, Go 1.27.x)	Run tests	2026-09-11T21:05:06.3460680Z     --- PASS: TestFrameAllowedAtEncLevel/CRYPTO_FRAME/Handshake (0.00s)
Unit tests (macos, Go 1.27.x)	Run tests	2026-09-11T21:05:06.3460910Z     --- PASS: TestFrameAllowedAtEncLevel/CRYPTO_FRAME/0-RTT (0.00s)
Unit tests (macos, Go 1.27.x)	Run tests	2026-09-11T21:05:06.3461160Z     --- PASS: TestFrameAllowedAtEncLevel/CRYPTO_FRAME/1-RTT (0.00s)
Unit tests (macos, Go 1.27.x)	Run tests	2026-09-11T21:05:06.3461450Z     --- PASS: TestFrameAllowedAtEncLevel/ACK_FRAME/Initial (0.00s)
Unit tests (macos, Go 1.27.x)	Run tests	2026-09-11T21:05:06.3461730Z     --- PASS: TestFrameAllowedAtEncLevel/ACK_FRAME/Handshake (0.00s)
Unit tests (macos, Go 1.27.x)	Run tests	2026-09-11T21:05:06.3461980Z     --- PASS: TestFrameAllowedAtEncLevel/ACK_FRAME/0-RTT (0.00s)
Unit tests (macos, Go 1.27.x)	Run tests	2026-09-11T21:05:06.3462230Z     --- PASS: TestFrameAllowedAtEncLevel/ACK_FRAME/1-RTT (0.00s)
Unit tests (macos, Go 1.27.x)	Run tests	2026-09-11T21:05:06.3462610Z     --- PASS: TestFrameAllowedAtEncLevel/CONNECTION_CLOSE_FRAME/Initial (0.00s)
Unit tests (macos, Go 1.27.x)	Run tests	2026-09-11T21:05:06.3464510Z     --- PASS: TestFrameAllowedAtEncLevel/CONNECTION_CLOSE_FRAME/Handshake (0.00s)
Unit tests (macos, Go 1.27.x)	Run tests	2026-09-11T21:05:06.3468060Z     --- PASS: TestFrameAllowedAtEncLevel/CONNECTION_CLOSE_FRAME/0-RTT (0.00s)
Unit tests (macos, Go 1.27.x)	Run tests	2026-09-11T21:05:06.3469230Z     --- PASS: TestFrameAllowedAtEncLevel/CONNECTION_CLOSE_FRAME/1-RTT (0.00s)
Unit tests (macos, Go 1.27.x)	Run tests	2026-09-11T21:05:06.3469570Z     --- PASS: TestFrameAllowedAtEncLevel/PING_FRAME/Initial (0.00s)
Unit tests (macos, Go 1.27.x)	Run tests	2026-09-11T21:05:06.3470340Z     --- PASS: TestFrameAllowedAtEncLevel/PING_FRAME/Handshake (0.00s)
Unit tests (macos, Go 1.27.x)	Run tests	2026-09-11T21:05:06.3470640Z     --- PASS: TestFrameAllowedAtEncLevel/PING_FRAME/0-RTT (0.00s)
Unit tests (macos, Go 1.27.x)	Run tests	2026-09-11T21:05:06.3471190Z     --- PASS: TestFrameAllowedAtEncLevel/PING_FRAME/1-RTT (0.00s)
Unit tests (macos, Go 1.27.x)	Run tests	2026-09-11T21:05:06.3471560Z     --- PASS: TestFrameAllowedAtEncLevel/NEW_TOKEN_FRAME/Initial (0.00s)
Unit tests (macos, Go 1.27.x)	Run tests	2026-09-11T21:05:06.3471890Z     --- PASS: TestFrameAllowedAtEncLevel/NEW_TOKEN_FRAME/Handshake (0.00s)
Unit tests (macos, Go 1.27.x)	Run tests	2026-09-11T21:05:06.3472230Z     --- PASS: TestFrameAllowedAtEncLevel/NEW_TOKEN_FRAME/0-RTT (0.00s)
Unit tests (macos, Go 1.27.x)	Run tests	2026-09-11T21:05:06.3472890Z     --- PASS: TestFrameAllowedAtEncLevel/NEW_TOKEN_FRAME/1-RTT (0.00s)
Unit tests (macos, Go 1.27.x)	Run tests	2026-09-11T21:05:06.3473230Z     --- PASS: TestFrameAllowedAtEncLevel/PATH_RESPONSE_FRAME/Initial (0.00s)
Unit tests (macos, Go 1.27.x)	Run tests	2026-09-11T21:05:06.3473680Z     --- PASS: TestFrameAllowedAtEncLevel/PATH_RESPONSE_FRAME/Handshake (0.00s)
Unit tests (macos, Go 1.27.x)	Run tests	2026-09-11T21:05:06.3474020Z     --- PASS: TestFrameAllowedAtEncLevel/PATH_RESPONSE_FRAME/0-RTT (0.00s)
Unit tests (macos, Go 1.27.x)	Run tests	2026-09-11T21:05:06.3474360Z     --- PASS: TestFrameAllowedAtEncLevel/PATH_RESPONSE_FRAME/1-RTT (0.00s)
Unit tests (macos, Go 1.27.x)	Run tests	2026-09-11T21:05:06.3474800Z     --- PASS: TestFrameAllowedAtEncLevel/RETIRE_CONNECTION_ID_FRAME/Initial (0.00s)
Unit tests (macos, Go 1.27.x)	Run tests	2026-09-11T21:05:06.3475200Z     --- PASS: TestFrameAllowedAtEncLevel/RETIRE_CONNECTION_ID_FRAME/Handshake (0.00s)
Unit tests (macos, Go 1.27.x)	Run tests	2026-09-11T21:05:06.3475560Z     --- PASS: TestFrameAllowedAtEncLevel/RETIRE_CONNECTION_ID_FRAME/0-RTT (0.00s)
Unit tests (macos, Go 1.27.x)	Run tests	2026-09-11T21:05:06.3476030Z     --- PASS: TestFrameAllowedAtEncLevel/RETIRE_CONNECTION_ID_FRAME/1-RTT (0.00s)
Unit tests (macos, Go 1.27.x)	Run tests	2026-09-11T21:05:06.3476310Z     --- PASS: TestFrameAllowedAtEncLevel/MAX_DATA_FRAME/Initial (0.00s)
Unit tests (macos, Go 1.27.x)	Run tests	2026-09-11T21:05:06.3476660Z     --- PASS: TestFrameAllowedAtEncLevel/MAX_DATA_FRAME/Handshake (0.00s)
Unit tests (macos, Go 1.27.x)	Run tests	2026-09-11T21:05:06.3477050Z     --- PASS: TestFrameAllowedAtEncLevel/MAX_DATA_FRAME/0-RTT (0.00s)
Unit tests (macos, Go 1.27.x)	Run tests	2026-09-11T21:05:06.3477370Z     --- PASS: TestFrameAllowedAtEncLevel/MAX_DATA_FRAME/1-RTT (0.00s)
Unit tests (macos, Go 1.27.x)	Run tests	2026-09-11T21:05:06.3477690Z     --- PASS: TestFrameAllowedAtEncLevel/STREAM_FRAME/Initial (0.00s)
Unit tests (macos, Go 1.27.x)	Run tests	2026-09-11T21:05:06.3478100Z     --- PASS: TestFrameAllowedAtEncLevel/STREAM_FRAME/Handshake (0.00s)
Unit tests (macos, Go 1.27.x)	Run tests	2026-09-11T21:05:06.3478480Z     --- PASS: TestFrameAllowedAtEncLevel/STREAM_FRAME/0-RTT (0.00s)
Unit tests (macos, Go 1.27.x)	Run tests	2026-09-11T21:05:06.3478750Z     --- PASS: TestFrameAllowedAtEncLevel/STREAM_FRAME/1-RTT (0.00s)
Unit tests (macos, Go 1.27.x)	Run tests	2026-09-11T21:05:06.3479100Z     --- PASS: TestFrameAllowedAtEncLevel/RESET_STREAM_AT/Initial (0.00s)
Unit tests (macos, Go 1.27.x)	Run tests	2026-09-11T21:05:06.3479470Z     --- PASS: TestFrameAllowedAtEncLevel/RESET_STREAM_AT/Handshake (0.00s)
Unit tests (macos, Go 1.27.x)	Run tests	2026-09-11T21:05:06.3479720Z     --- PASS: TestFrameAllowedAtEncLevel/RESET_STREAM_AT/0-RTT (0.00s)
Unit tests (macos, Go 1.27.x)	Run tests	2026-09-11T21:05:06.3480030Z     --- PASS: TestFrameAllowedAtEncLevel/RESET_STREAM_AT/1-RTT (0.00s)
Unit tests (macos, Go 1.27.x)	Run tests	2026-09-11T21:05:06.3480140Z === RUN   TestParseMaxDataErrorsOnEOFs
Unit tests (macos, Go 1.27.x)	Run tests	2026-09-11T21:05:06.3480310Z --- PASS: TestParseMaxDataErrorsOnEOFs (0.00s)
Unit tests (macos, Go 1.27.x)	Run tests	2026-09-11T21:05:06.3480540Z === RUN   TestParseDatagramFrameBorrowsBoundedPayload
Unit tests (macos, Go 1.27.x)	Run tests	2026-09-11T21:05:06.3480730Z === RUN   TestParseDatagramFrameBorrowsBoundedPayload/length
Unit tests (macos, Go 1.27.x)	Run tests	2026-09-11T21:05:06.3480940Z === RUN   TestParseDatagramFrameBorrowsBoundedPayload/no_length
Unit tests (macos, Go 1.27.x)	Run tests	2026-09-11T21:05:06.3481140Z === RUN   TestParseDatagramFrameBorrowsBoundedPayload/empty_length
Unit tests (macos, Go 1.27.x)	Run tests	2026-09-11T21:05:06.3481400Z === RUN   TestParseDatagramFrameBorrowsBoundedPayload/empty_no_length
Unit tests (macos, Go 1.27.x)	Run tests	2026-09-11T21:05:06.3481670Z --- PASS: TestParseDatagramFrameBorrowsBoundedPayload (0.00s)
Unit tests (macos, Go 1.27.x)	Run tests	2026-09-11T21:05:06.3482030Z     --- PASS: TestParseDatagramFrameBorrowsBoundedPayload/length (0.00s)
Unit tests (macos, Go 1.27.x)	Run tests	2026-09-11T21:05:06.3482410Z     --- PASS: TestParseDatagramFrameBorrowsBoundedPayload/no_length (0.00s)
Unit tests (macos, Go 1.27.x)	Run tests	2026-09-11T21:05:06.3482850Z     --- PASS: TestParseDatagramFrameBorrowsBoundedPayload/empty_length (0.00s)
Unit tests (macos, Go 1.27.x)	Run tests	2026-09-11T21:05:06.3483220Z     --- PASS: TestParseDatagramFrameBorrowsBoundedPayload/empty_no_length (0.00s)
Unit tests (macos, Go 1.27.x)	Run tests	2026-09-11T21:05:06.3483860Z === RUN   TestParseConnectionCloseLongReasonPhrase
Unit tests (macos, Go 1.27.x)	Run tests	2026-09-11T21:05:06.3484080Z --- PASS: TestParseConnectionCloseLongReasonPhrase (0.00s)
Unit tests (macos, Go 1.27.x)	Run tests	2026-09-11T21:05:06.3484180Z === RUN   TestWritesLongHeaderVersion1
Unit tests (macos, Go 1.27.x)	Run tests	2026-09-11T21:05:06.3484340Z --- PASS: TestWritesLongHeaderVersion1 (0.00s)
Unit tests (macos, Go 1.27.x)	Run tests	2026-09-11T21:05:06.3484480Z === RUN   TestWritesInitialContainingToken
Unit tests (macos, Go 1.27.x)	Run tests	2026-09-11T21:05:06.3484610Z --- PASS: TestWritesInitialContainingToken (0.00s)
Unit tests (macos, Go 1.27.x)	Run tests	2026-09-11T21:05:06.3484710Z === RUN   TestWriteNewConnectionIDFrame
Unit tests (macos, Go 1.27.x)	Run tests	2026-09-11T21:05:06.3484900Z --- PASS: TestWriteNewConnectionIDFrame (0.00s)
Unit tests (macos, Go 1.27.x)	Run tests	2026-09-11T21:05:06.3485070Z === RUN   TestAcceptStreamFramesNotFromBuffer
Unit tests (macos, Go 1.27.x)	Run tests	2026-09-11T21:05:06.3485230Z --- PASS: TestAcceptStreamFramesNotFromBuffer (0.00s)
Unit tests (macos, Go 1.27.x)	Run tests	2026-09-11T21:05:06.3485360Z === RUN   TestPreferredAddressErrorOnEOF
Unit tests (macos, Go 1.27.x)	Run tests	2026-09-11T21:05:06.3485610Z --- PASS: TestPreferredAddressErrorOnEOF (0.00s)
Unit tests (macos, Go 1.27.x)	Run tests	2026-09-11T21:05:06.3485760Z === RUN   TestPacketTypeForLogging
Unit tests (macos, Go 1.27.x)	Run tests	2026-09-11T21:05:06.3485920Z --- PASS: TestPacketTypeForLogging (0.00s)
Unit tests (macos, Go 1.27.x)	Run tests	2026-09-11T21:05:06.3486080Z === RUN   TestLogStreamsBlockedFrame
Unit tests (macos, Go 1.27.x)	Run tests	2026-09-11T21:05:06.3486230Z --- PASS: TestLogStreamsBlockedFrame (0.00s)
Unit tests (macos, Go 1.27.x)	Run tests	2026-09-11T21:05:06.3486520Z === RUN   TestStreamSplittingProducesCorrectLengthFramesWithoutDataLen
Unit tests (macos, Go 1.27.x)	Run tests	2026-09-11T21:05:06.3486880Z --- PASS: TestStreamSplittingProducesCorrectLengthFramesWithoutDataLen (0.00s)
Unit tests (macos, Go 1.27.x)	Run tests	2026-09-11T21:05:06.3487070Z === RUN   TestLogMaxStreamDataFrame
Unit tests (macos, Go 1.27.x)	Run tests	2026-09-11T21:05:06.3487260Z --- PASS: TestLogMaxStreamDataFrame (0.00s)
Unit tests (macos, Go 1.27.x)	Run tests	2026-09-11T21:05:06.3487420Z === RUN   TestParseRetireConnectionIDErrorsOnEOFs
Unit tests (macos, Go 1.27.x)	Run tests	2026-09-11T21:05:06.3487620Z --- PASS: TestParseRetireConnectionIDErrorsOnEOFs (0.00s)
Unit tests (macos, Go 1.27.x)	Run tests	2026-09-11T21:05:06.3487760Z === RUN   TestParseStreamFrameAllowsEmpty
Unit tests (macos, Go 1.27.x)	Run tests	2026-09-11T21:05:06.3487950Z --- PASS: TestParseStreamFrameAllowsEmpty (0.00s)
Unit tests (macos, Go 1.27.x)	Run tests	2026-09-11T21:05:06.3488180Z === RUN   TestParseStreamsBlockedFrameBidirectional
Unit tests (macos, Go 1.27.x)	Run tests	2026-09-11T21:05:06.3488510Z --- PASS: TestParseStreamsBlockedFrameBidirectional (0.00s)
Unit tests (macos, Go 1.27.x)	Run tests	2026-09-11T21:05:06.3488730Z === RUN   TestMaxDatagramLenWithDataLenPresent
Unit tests (macos, Go 1.27.x)	Run tests	2026-09-11T21:05:06.3488940Z --- PASS: TestMaxDatagramLenWithDataLenPresent (0.00s)
Unit tests (macos, Go 1.27.x)	Run tests	2026-09-11T21:05:06.3489130Z === RUN   TestParseStreamFrameWrapsError
Unit tests (macos, Go 1.27.x)	Run tests	2026-09-11T21:05:06.3489360Z --- PASS: TestParseStreamFrameWrapsError (0.00s)
Unit tests (macos, Go 1.27.x)	Run tests	2026-09-11T21:05:06.3489590Z === RUN   TestParseACKWithMultipleBlocks
Unit tests (macos, Go 1.27.x)	Run tests	2026-09-11T21:05:06.3489820Z --- PASS: TestParseACKWithMultipleBlocks (0.00s)
Unit tests (macos, Go 1.27.x)	Run tests	2026-09-11T21:05:06.3490020Z === RUN   TestCryptoFrameNoSplitWhenEnoughSpace
Unit tests (macos, Go 1.27.x)	Run tests	2026-09-11T21:05:06.3490210Z --- PASS: TestCryptoFrameNoSplitWhenEnoughSpace (0.00s)
Unit tests (macos, Go 1.27.x)	Run tests	2026-09-11T21:05:06.3490300Z === RUN   TestLogNewConnectionIDFrame
Unit tests (macos, Go 1.27.x)	Run tests	2026-09-11T21:05:06.3490460Z --- PASS: TestLogNewConnectionIDFrame (0.00s)
Unit tests (macos, Go 1.27.x)	Run tests	2026-09-11T21:05:06.3490650Z === RUN   TestParseStreamDataBlocked
Unit tests (macos, Go 1.27.x)	Run tests	2026-09-11T21:05:06.3490880Z --- PASS: TestParseStreamDataBlocked (0.00s)
Unit tests (macos, Go 1.27.x)	Run tests	2026-09-11T21:05:06.3491050Z === RUN   TestParseCryptoFrameErrorsOnEOFs
Unit tests (macos, Go 1.27.x)	Run tests	2026-09-11T21:05:06.3491230Z --- PASS: TestParseCryptoFrameErrorsOnEOFs (0.00s)
Unit tests (macos, Go 1.27.x)	Run tests	2026-09-11T21:05:06.3491410Z === RUN   TestLogShortHeaderWithConnectionID
Unit tests (macos, Go 1.27.x)	Run tests	2026-09-11T21:05:06.3491630Z --- PASS: TestLogShortHeaderWithConnectionID (0.00s)
Unit tests (macos, Go 1.27.x)	Run tests	2026-09-11T21:05:06.3491790Z === RUN   TestAckFrameReset
Unit tests (macos, Go 1.27.x)	Run tests	2026-09-11T21:05:06.3491940Z --- PASS: TestAckFrameReset (0.00s)
Unit tests (macos, Go 1.27.x)	Run tests	2026-09-11T21:05:06.3492070Z === RUN   TestIsProbingFrameType
Unit tests (macos, Go 1.27.x)	Run tests	2026-09-11T21:05:06.3492210Z --- PASS: TestIsProbingFrameType (0.00s)
Unit tests (macos, Go 1.27.x)	Run tests	2026-09-11T21:05:06.3492360Z === RUN   TestTransportParametersValidFor0RTT
Unit tests (macos, Go 1.27.x)	Run tests	2026-09-11T21:05:06.3492540Z === RUN   TestTransportParametersValidFor0RTT/No_Changes
Unit tests (macos, Go 1.27.x)	Run tests	2026-09-11T21:05:06.3492780Z === RUN   TestTransportParametersValidFor0RTT/ResetStreamAt_disabled
Unit tests (macos, Go 1.27.x)	Run tests	2026-09-11T21:05:06.3493130Z === RUN   TestTransportParametersValidFor0RTT/InitialMaxStreamDataBidiLocal_reduced
Unit tests (macos, Go 1.27.x)	Run tests	2026-09-11T21:05:06.3493390Z === RUN   TestTransportParametersValidFor0RTT/InitialMaxStreamDataBidiLocal_increased
Unit tests (macos, Go 1.27.x)	Run tests	2026-09-11T21:05:06.3493630Z === RUN   TestTransportParametersValidFor0RTT/InitialMaxStreamDataBidiRemote_reduced
Unit tests (macos, Go 1.27.x)	Run tests	2026-09-11T21:05:06.3494040Z === RUN   TestTransportParametersValidFor0RTT/InitialMaxStreamDataBidiRemote_increased
Unit tests (macos, Go 1.27.x)	Run tests	2026-09-11T21:05:06.3494300Z === RUN   TestTransportParametersValidFor0RTT/InitialMaxStreamDataUni_reduced
Unit tests (macos, Go 1.27.x)	Run tests	2026-09-11T21:05:06.3494530Z === RUN   TestTransportParametersValidFor0RTT/InitialMaxStreamDataUni_increased
Unit tests (macos, Go 1.27.x)	Run tests	2026-09-11T21:05:06.3494710Z === RUN   TestTransportParametersValidFor0RTT/InitialMaxData_reduced
Unit tests (macos, Go 1.27.x)	Run tests	2026-09-11T21:05:06.3494900Z === RUN   TestTransportParametersValidFor0RTT/InitialMaxData_increased
Unit tests (macos, Go 1.27.x)	Run tests	2026-09-11T21:05:06.3495120Z === RUN   TestTransportParametersValidFor0RTT/MaxBidiStreamNum_reduced
Unit tests (macos, Go 1.27.x)	Run tests	2026-09-11T21:05:06.3495340Z === RUN   TestTransportParametersValidFor0RTT/MaxBidiStreamNum_increased
Unit tests (macos, Go 1.27.x)	Run tests	2026-09-11T21:05:06.3495530Z === RUN   TestTransportParametersValidFor0RTT/MaxUniStreamNum_reduced
Unit tests (macos, Go 1.27.x)	Run tests	2026-09-11T21:05:06.3495810Z === RUN   TestTransportParametersValidFor0RTT/MaxUniStreamNum_increased
Unit tests (macos, Go 1.27.x)	Run tests	2026-09-11T21:05:06.3496020Z === RUN   TestTransportParametersValidFor0RTT/ActiveConnectionIDLimit_changed
Unit tests (macos, Go 1.27.x)	Run tests	2026-09-11T21:05:06.3496280Z === RUN   TestTransportParametersValidFor0RTT/MaxDatagramFrameSize_increased
Unit tests (macos, Go 1.27.x)	Run tests	2026-09-11T21:05:06.3496540Z === RUN   TestTransportParametersValidFor0RTT/MaxDatagramFrameSize_reduced
Unit tests (macos, Go 1.27.x)	Run tests	2026-09-11T21:05:06.3496710Z === RUN   TestTransportParametersValidFor0RTT/ResetStreamAt_enabled
Unit tests (macos, Go 1.27.x)	Run tests	2026-09-11T21:05:06.3496850Z --- PASS: TestTransportParametersValidFor0RTT (0.00s)
Unit tests (macos, Go 1.27.x)	Run tests	2026-09-11T21:05:06.3497120Z     --- PASS: TestTransportParametersValidFor0RTT/No_Changes (0.00s)
Unit tests (macos, Go 1.27.x)	Run tests	2026-09-11T21:05:06.3497500Z     --- PASS: TestTransportParametersValidFor0RTT/ResetStreamAt_disabled (0.00s)
Unit tests (macos, Go 1.27.x)	Run tests	2026-09-11T21:05:06.3497920Z     --- PASS: TestTransportParametersValidFor0RTT/InitialMaxStreamDataBidiLocal_reduced (0.00s)
Unit tests (macos, Go 1.27.x)	Run tests	2026-09-11T21:05:06.3498400Z     --- PASS: TestTransportParametersValidFor0RTT/InitialMaxStreamDataBidiLocal_increased (0.00s)
Unit tests (macos, Go 1.27.x)	Run tests	2026-09-11T21:05:06.3499110Z     --- PASS: TestTransportParametersValidFor0RTT/InitialMaxStreamDataBidiRemote_reduced (0.00s)
Unit tests (macos, Go 1.27.x)	Run tests	2026-09-11T21:05:06.3499580Z     --- PASS: TestTransportParametersValidFor0RTT/InitialMaxStreamDataBidiRemote_increased (0.00s)
Unit tests (macos, Go 1.27.x)	Run tests	2026-09-11T21:05:06.3499990Z     --- PASS: TestTransportParametersValidFor0RTT/InitialMaxStreamDataUni_reduced (0.00s)
Unit tests (macos, Go 1.27.x)	Run tests	2026-09-11T21:05:06.3500380Z     --- PASS: TestTransportParametersValidFor0RTT/InitialMaxStreamDataUni_increased (0.00s)
Unit tests (macos, Go 1.27.x)	Run tests	2026-09-11T21:05:06.3500770Z     --- PASS: TestTransportParametersValidFor0RTT/InitialMaxData_reduced (0.00s)
Unit tests (macos, Go 1.27.x)	Run tests	2026-09-11T21:05:06.3501130Z     --- PASS: TestTransportParametersValidFor0RTT/InitialMaxData_increased (0.00s)
Unit tests (macos, Go 1.27.x)	Run tests	2026-09-11T21:05:06.3501450Z     --- PASS: TestTransportParametersValidFor0RTT/MaxBidiStreamNum_reduced (0.00s)
Unit tests (macos, Go 1.27.x)	Run tests	2026-09-11T21:05:06.3501840Z     --- PASS: TestTransportParametersValidFor0RTT/MaxBidiStreamNum_increased (0.00s)
Unit tests (macos, Go 1.27.x)	Run tests	2026-09-11T21:05:06.3502210Z     --- PASS: TestTransportParametersValidFor0RTT/MaxUniStreamNum_reduced (0.00s)
Unit tests (macos, Go 1.27.x)	Run tests	2026-09-11T21:05:06.3502540Z     --- PASS: TestTransportParametersValidFor0RTT/MaxUniStreamNum_increased (0.00s)
Unit tests (macos, Go 1.27.x)	Run tests	2026-09-11T21:05:06.3502970Z     --- PASS: TestTransportParametersValidFor0RTT/ActiveConnectionIDLimit_changed (0.00s)
Unit tests (macos, Go 1.27.x)	Run tests	2026-09-11T21:05:06.3503350Z     --- PASS: TestTransportParametersValidFor0RTT/MaxDatagramFrameSize_increased (0.00s)
Unit tests (macos, Go 1.27.x)	Run tests	2026-09-11T21:05:06.3503680Z     --- PASS: TestTransportParametersValidFor0RTT/MaxDatagramFrameSize_reduced (0.00s)
Unit tests (macos, Go 1.27.x)	Run tests	2026-09-11T21:05:06.3504050Z     --- PASS: TestTransportParametersValidFor0RTT/ResetStreamAt_enabled (0.00s)
Unit tests (macos, Go 1.27.x)	Run tests	2026-09-11T21:05:06.3504160Z === RUN   TestLogStreamFrame
Unit tests (macos, Go 1.27.x)	Run tests	2026-09-11T21:05:06.3504290Z --- PASS: TestLogStreamFrame (0.00s)
Unit tests (macos, Go 1.27.x)	Run tests	2026-09-11T21:05:06.3504430Z === RUN   TestWriteStreamFrameEmptyFrameWithoutFIN
Unit tests (macos, Go 1.27.x)	Run tests	2026-09-11T21:05:06.3504590Z --- PASS: TestWriteStreamFrameEmptyFrameWithoutFIN (0.00s)
Unit tests (macos, Go 1.27.x)	Run tests	2026-09-11T21:05:06.3504680Z === RUN   TestParseACKECNErrorOnEOF
Unit tests (macos, Go 1.27.x)	Run tests	2026-09-11T21:05:06.3504790Z --- PASS: TestParseACKECNErrorOnEOF (0.00s)
Unit tests (macos, Go 1.27.x)	Run tests	2026-09-11T21:05:06.3504930Z === RUN   TestParsePathChallengeErrorsOnEOFs
Unit tests (macos, Go 1.27.x)	Run tests	2026-09-11T21:05:06.3505100Z --- PASS: TestParsePathChallengeErrorsOnEOFs (0.00s)
Unit tests (macos, Go 1.27.x)	Run tests	2026-09-11T21:05:06.3505470Z === RUN   TestACKTruncate
Unit tests (macos, Go 1.27.x)	Run tests	2026-09-11T21:05:06.3505570Z === RUN   TestACKTruncate/single_range
Unit tests (macos, Go 1.27.x)	Run tests	2026-09-11T21:05:06.3505680Z === RUN   TestACKTruncate/multiple_ranges
Unit tests (macos, Go 1.27.x)	Run tests	2026-09-11T21:05:06.3505830Z === RUN   TestACKTruncate/multiple_ranges,_with_ECN
Unit tests (macos, Go 1.27.x)	Run tests	2026-09-11T21:05:06.3506030Z === RUN   TestACKTruncate/more_than_MaxNumAckRanges_ranges
Unit tests (macos, Go 1.27.x)	Run tests	2026-09-11T21:05:06.3506140Z --- PASS: TestACKTruncate (0.00s)
Unit tests (macos, Go 1.27.x)	Run tests	2026-09-11T21:05:06.3506320Z     --- PASS: TestACKTruncate/single_range (0.00s)
Unit tests (macos, Go 1.27.x)	Run tests	2026-09-11T21:05:06.3506510Z     --- PASS: TestACKTruncate/multiple_ranges (0.00s)
Unit tests (macos, Go 1.27.x)	Run tests	2026-09-11T21:05:06.3506740Z     --- PASS: TestACKTruncate/multiple_ranges,_with_ECN (0.00s)
Unit tests (macos, Go 1.27.x)	Run tests	2026-09-11T21:05:06.3507000Z     --- PASS: TestACKTruncate/more_than_MaxNumAckRanges_ranges (0.00s)
Unit tests (macos, Go 1.27.x)	Run tests	2026-09-11T21:05:06.3507080Z === RUN   TestParseRetryEOF
Unit tests (macos, Go 1.27.x)	Run tests	2026-09-11T21:05:06.3507600Z --- PASS: TestParseRetryEOF (0.00s)
Unit tests (macos, Go 1.27.x)	Run tests	2026-09-11T21:05:06.3507790Z === RUN   TestVersionNegotiationPacketEOF
Unit tests (macos, Go 1.27.x)	Run tests	2026-09-11T21:05:06.3507990Z --- PASS: TestVersionNegotiationPacketEOF (0.00s)
Unit tests (macos, Go 1.27.x)	Run tests	2026-09-11T21:05:06.3508170Z === RUN   TestParseNewConnectionIDZeroLengthConnID
Unit tests (macos, Go 1.27.x)	Run tests	2026-09-11T21:05:06.3508370Z --- PASS: TestParseNewConnectionIDZeroLengthConnID (0.00s)
Unit tests (macos, Go 1.27.x)	Run tests	2026-09-11T21:05:06.3508520Z === RUN   TestParseACKWithoutRanges
Unit tests (macos, Go 1.27.x)	Run tests	2026-09-11T21:05:06.3508670Z --- PASS: TestParseACKWithoutRanges (0.00s)
Unit tests (macos, Go 1.27.x)	Run tests	2026-09-11T21:05:06.3508800Z === RUN   TestWriteResetStream
Unit tests (macos, Go 1.27.x)	Run tests	2026-09-11T21:05:06.3508940Z --- PASS: TestWriteResetStream (0.00s)
Unit tests (macos, Go 1.27.x)	Run tests	2026-09-11T21:05:06.3509080Z === RUN   TestParseNewTokenFrame
Unit tests (macos, Go 1.27.x)	Run tests	2026-09-11T21:05:06.3509210Z --- PASS: TestParseNewTokenFrame (0.00s)
Unit tests (macos, Go 1.27.x)	Run tests	2026-09-11T21:05:06.3509330Z === RUN   TestLogFrameNoDebug
Unit tests (macos, Go 1.27.x)	Run tests	2026-09-11T21:05:06.3509460Z --- PASS: TestLogFrameNoDebug (0.00s)
Unit tests (macos, Go 1.27.x)	Run tests	2026-09-11T21:05:06.3509580Z === RUN   TestLogMaxDataFrame
Unit tests (macos, Go 1.27.x)	Run tests	2026-09-11T21:05:06.3509700Z --- PASS: TestLogMaxDataFrame (0.00s)
Unit tests (macos, Go 1.27.x)	Run tests	2026-09-11T21:05:06.3509880Z === RUN   TestParseNewConnectionIDErrorsOnEOFs
Unit tests (macos, Go 1.27.x)	Run tests	2026-09-11T21:05:06.3510070Z --- PASS: TestParseNewConnectionIDErrorsOnEOFs (0.00s)
Unit tests (macos, Go 1.27.x)	Run tests	2026-09-11T21:05:06.3510310Z === RUN   TestTransportParameterPreferredAddressFromClient
Unit tests (macos, Go 1.27.x)	Run tests	2026-09-11T21:05:06.3510540Z --- PASS: TestTransportParameterPreferredAddressFromClient (0.00s)
Unit tests (macos, Go 1.27.x)	Run tests	2026-09-11T21:05:06.3510700Z === RUN   TestFrameParsingSkipsPaddingFrames
Unit tests (macos, Go 1.27.x)	Run tests	2026-09-11T21:05:06.3510930Z --- PASS: TestFrameParsingSkipsPaddingFrames (0.00s)
Unit tests (macos, Go 1.27.x)	Run tests	2026-09-11T21:05:06.3511100Z === RUN   TestParseMaxStreamsFrameUnidirectional
Unit tests (macos, Go 1.27.x)	Run tests	2026-09-11T21:05:06.3513900Z --- PASS: TestParseMaxStreamsFrameUnidirectional (0.00s)
Unit tests (macos, Go 1.27.x)	Run tests	2026-09-11T21:05:06.3514130Z === RUN   TestPanicOnPuttingStreamFrameWithWrongCapacity
Unit tests (macos, Go 1.27.x)	Run tests	2026-09-11T21:05:06.3514320Z --- PASS: TestPanicOnPuttingStreamFrameWithWrongCapacity (0.00s)
Unit tests (macos, Go 1.27.x)	Run tests	2026-09-11T21:05:06.3514430Z === RUN   TestCryptoFrameMaxDataLength
Unit tests (macos, Go 1.27.x)	Run tests	2026-09-11T21:05:06.3514550Z --- PASS: TestCryptoFrameMaxDataLength (0.00s)
Unit tests (macos, Go 1.27.x)	Run tests	2026-09-11T21:05:06.3514650Z === RUN   TestImmediateAckFrame
Unit tests (macos, Go 1.27.x)	Run tests	2026-09-11T21:05:06.3514750Z --- PASS: TestImmediateAckFrame (0.00s)
Unit tests (macos, Go 1.27.x)	Run tests	2026-09-11T21:05:06.3514880Z === RUN   TestParseStreamsBlockedFrameUnidirectional
Unit tests (macos, Go 1.27.x)	Run tests	2026-09-11T21:05:06.3515050Z --- PASS: TestParseStreamsBlockedFrameUnidirectional (0.00s)
Unit tests (macos, Go 1.27.x)	Run tests	2026-09-11T21:05:06.3515190Z === RUN   TestParseStreamDoesNotUseBufferForShortFrames
Unit tests (macos, Go 1.27.x)	Run tests	2026-09-11T21:05:06.3515370Z --- PASS: TestParseStreamDoesNotUseBufferForShortFrames (0.00s)
Unit tests (macos, Go 1.27.x)	Run tests	2026-09-11T21:05:06.3515470Z === RUN   TestParsePathResponseErrorsOnEOFs
Unit tests (macos, Go 1.27.x)	Run tests	2026-09-11T21:05:06.3515600Z --- PASS: TestParsePathResponseErrorsOnEOFs (0.00s)
Unit tests (macos, Go 1.27.x)	Run tests	2026-09-11T21:05:06.3515720Z === RUN   TestStreamSplittingNoSplitForShortFrame
Unit tests (macos, Go 1.27.x)	Run tests	2026-09-11T21:05:06.3515870Z --- PASS: TestStreamSplittingNoSplitForShortFrame (0.00s)
Unit tests (macos, Go 1.27.x)	Run tests	2026-09-11T21:05:06.3515980Z === RUN   TestWriteStreamFrameWithoutOffset
Unit tests (macos, Go 1.27.x)	Run tests	2026-09-11T21:05:06.3516100Z --- PASS: TestWriteStreamFrameWithoutOffset (0.00s)
Unit tests (macos, Go 1.27.x)	Run tests	2026-09-11T21:05:06.3516180Z === RUN   TestLogAckFrameWithECN
Unit tests (macos, Go 1.27.x)	Run tests	2026-09-11T21:05:06.3516280Z --- PASS: TestLogAckFrameWithECN (0.00s)
Unit tests (macos, Go 1.27.x)	Run tests	2026-09-11T21:05:06.3516400Z === RUN   TestParseConnectionCloseNoReasonPhrase
Unit tests (macos, Go 1.27.x)	Run tests	2026-09-11T21:05:06.3516540Z --- PASS: TestParseConnectionCloseNoReasonPhrase (0.00s)
Unit tests (macos, Go 1.27.x)	Run tests	2026-09-11T21:05:06.3516930Z === RUN   TestWriteConnectionCloseNoReasonPhrase
Unit tests (macos, Go 1.27.x)	Run tests	2026-09-11T21:05:06.3517090Z --- PASS: TestWriteConnectionCloseNoReasonPhrase (0.00s)
Unit tests (macos, Go 1.27.x)	Run tests	2026-09-11T21:05:06.3517210Z === RUN   TestWriteMaxStreamsUnidirectional
Unit tests (macos, Go 1.27.x)	Run tests	2026-09-11T21:05:06.3517330Z --- PASS: TestWriteMaxStreamsUnidirectional (0.00s)
Unit tests (macos, Go 1.27.x)	Run tests	2026-09-11T21:05:06.3517460Z === RUN   TestParseNewTokenFrameRejectsEmptyTokens
Unit tests (macos, Go 1.27.x)	Run tests	2026-09-11T21:05:06.3517600Z --- PASS: TestParseNewTokenFrameRejectsEmptyTokens (0.00s)
Unit tests (macos, Go 1.27.x)	Run tests	2026-09-11T21:05:06.3517730Z === RUN   TestMaxDatagramLenWithoutDataLenPresent
Unit tests (macos, Go 1.27.x)	Run tests	2026-09-11T21:05:06.3517900Z --- PASS: TestMaxDatagramLenWithoutDataLenPresent (0.00s)
Unit tests (macos, Go 1.27.x)	Run tests	2026-09-11T21:05:06.3517980Z === RUN   TestParseMaxDataFrame
Unit tests (macos, Go 1.27.x)	Run tests	2026-09-11T21:05:06.3518070Z --- PASS: TestParseMaxDataFrame (0.00s)
Unit tests (macos, Go 1.27.x)	Run tests	2026-09-11T21:05:06.3518150Z === RUN   TestTokenLengthTooLarge
Unit tests (macos, Go 1.27.x)	Run tests	2026-09-11T21:05:06.3518410Z --- PASS: TestTokenLengthTooLarge (0.00s)
Unit tests (macos, Go 1.27.x)	Run tests	2026-09-11T21:05:06.3518490Z === RUN   TestLogCryptoFrame
Unit tests (macos, Go 1.27.x)	Run tests	2026-09-11T21:05:06.3518580Z --- PASS: TestLogCryptoFrame (0.00s)
Unit tests (macos, Go 1.27.x)	Run tests	2026-09-11T21:05:06.3518700Z === RUN   TestTransportParameterPreferredAddress
Unit tests (macos, Go 1.27.x)	Run tests	2026-09-11T21:05:06.3518860Z === RUN   TestTransportParameterPreferredAddress/IPv4_and_IPv6
Unit tests (macos, Go 1.27.x)	Run tests	2026-09-11T21:05:06.3519000Z === RUN   TestTransportParameterPreferredAddress/IPv4_only
Unit tests (macos, Go 1.27.x)	Run tests	2026-09-11T21:05:06.3519140Z === RUN   TestTransportParameterPreferredAddress/IPv6_only
Unit tests (macos, Go 1.27.x)	Run tests	2026-09-11T21:05:06.3519330Z === RUN   TestTransportParameterPreferredAddress/neither_IPv4_nor_IPv6
Unit tests (macos, Go 1.27.x)	Run tests	2026-09-11T21:05:06.3519470Z --- PASS: TestTransportParameterPreferredAddress (0.00s)
Unit tests (macos, Go 1.27.x)	Run tests	2026-09-11T21:05:06.3519750Z     --- PASS: TestTransportParameterPreferredAddress/IPv4_and_IPv6 (0.00s)
Unit tests (macos, Go 1.27.x)	Run tests	2026-09-11T21:05:06.3520030Z     --- PASS: TestTransportParameterPreferredAddress/IPv4_only (0.00s)
Unit tests (macos, Go 1.27.x)	Run tests	2026-09-11T21:05:06.3520290Z     --- PASS: TestTransportParameterPreferredAddress/IPv6_only (0.00s)
Unit tests (macos, Go 1.27.x)	Run tests	2026-09-11T21:05:06.3520600Z     --- PASS: TestTransportParameterPreferredAddress/neither_IPv4_nor_IPv6 (0.00s)
Unit tests (macos, Go 1.27.x)	Run tests	2026-09-11T21:05:06.3520700Z === RUN   TestWriteACKSingleGap
Unit tests (macos, Go 1.27.x)	Run tests	2026-09-11T21:05:06.3520790Z --- PASS: TestWriteACKSingleGap (0.00s)
Unit tests (macos, Go 1.27.x)	Run tests	2026-09-11T21:05:06.3520910Z === RUN   TestFrameParserResetStreamAtUnsupported
Unit tests (macos, Go 1.27.x)	Run tests	2026-09-11T21:05:06.3521060Z --- PASS: TestFrameParserResetStreamAtUnsupported (0.00s)
Unit tests (macos, Go 1.27.x)	Run tests	2026-09-11T21:05:06.3521160Z === RUN   TestWriteHandshakeDoneSampleFrame
Unit tests (macos, Go 1.27.x)	Run tests	2026-09-11T21:05:06.3521280Z --- PASS: TestWriteHandshakeDoneSampleFrame (0.00s)
Unit tests (macos, Go 1.27.x)	Run tests	2026-09-11T21:05:06.3521440Z === RUN   TestParseACKRejectFirstBlockLargerThanLargestAcked
Unit tests (macos, Go 1.27.x)	Run tests	2026-09-11T21:05:06.3521630Z --- PASS: TestParseACKRejectFirstBlockLargerThanLargestAcked (0.00s)
Unit tests (macos, Go 1.27.x)	Run tests	2026-09-11T21:05:06.3521710Z === RUN   TestParseMaxStreamFrame
Unit tests (macos, Go 1.27.x)	Run tests	2026-09-11T21:05:06.3521810Z --- PASS: TestParseMaxStreamFrame (0.00s)
Unit tests (macos, Go 1.27.x)	Run tests	2026-09-11T21:05:06.3521890Z === RUN   TestWritePathChallenge
Unit tests (macos, Go 1.27.x)	Run tests	2026-09-11T21:05:06.3521990Z --- PASS: TestWritePathChallenge (0.00s)
Unit tests (macos, Go 1.27.x)	Run tests	2026-09-11T21:05:06.3522130Z === RUN   TestTransportParametersStringRepresentation
Unit tests (macos, Go 1.27.x)	Run tests	2026-09-11T21:05:06.3522280Z --- PASS: TestTransportParametersStringRepresentation (0.00s)
Unit tests (macos, Go 1.27.x)	Run tests	2026-09-11T21:05:06.3522400Z === RUN   TestLogsInitialPacketsWithoutToken
Unit tests (macos, Go 1.27.x)	Run tests	2026-09-11T21:05:06.3522530Z --- PASS: TestLogsInitialPacketsWithoutToken (0.00s)
Unit tests (macos, Go 1.27.x)	Run tests	2026-09-11T21:05:06.3522680Z === RUN   TestSessionTicketTransportParameterVersionMismatch
Unit tests (macos, Go 1.27.x)	Run tests	2026-09-11T21:05:06.3522870Z --- PASS: TestSessionTicketTransportParameterVersionMismatch (0.00s)
Unit tests (macos, Go 1.27.x)	Run tests	2026-09-11T21:05:06.3523010Z === RUN   TestWriteConnectionCloseWithApplicationError
Unit tests (macos, Go 1.27.x)	Run tests	2026-09-11T21:05:06.3523170Z --- PASS: TestWriteConnectionCloseWithApplicationError (0.00s)
Unit tests (macos, Go 1.27.x)	Run tests	2026-09-11T21:05:06.3523260Z === RUN   TestCoalescedPacketParsing
Unit tests (macos, Go 1.27.x)	Run tests	2026-09-11T21:05:06.3523360Z --- PASS: TestCoalescedPacketParsing (0.00s)
Unit tests (macos, Go 1.27.x)	Run tests	2026-09-11T21:05:06.3523460Z === RUN   TestParseStreamFrameWithOffBit
Unit tests (macos, Go 1.27.x)	Run tests	2026-09-11T21:05:06.3523580Z --- PASS: TestParseStreamFrameWithOffBit (0.00s)
Unit tests (macos, Go 1.27.x)	Run tests	2026-09-11T21:05:06.3523670Z === RUN   TestLogStreamDataBlockedFrame
Unit tests (macos, Go 1.27.x)	Run tests	2026-09-11T21:05:06.3523790Z --- PASS: TestLogStreamDataBlockedFrame (0.00s)
Unit tests (macos, Go 1.27.x)	Run tests	2026-09-11T21:05:06.3523870Z === RUN   TestParsePathChallenge
Unit tests (macos, Go 1.27.x)	Run tests	2026-09-11T21:05:06.3524130Z --- PASS: TestParsePathChallenge (0.00s)
Unit tests (macos, Go 1.27.x)	Run tests	2026-09-11T21:05:06.3524230Z === RUN   TestWriteMaxStreamsBidirectional
Unit tests (macos, Go 1.27.x)	Run tests	2026-09-11T21:05:06.3524360Z --- PASS: TestWriteMaxStreamsBidirectional (0.00s)
Unit tests (macos, Go 1.27.x)	Run tests	2026-09-11T21:05:06.3524510Z === RUN   TestCoalescedPacketErrorOnTooSmallPacketNumber
Unit tests (macos, Go 1.27.x)	Run tests	2026-09-11T21:05:06.3524680Z --- PASS: TestCoalescedPacketErrorOnTooSmallPacketNumber (0.00s)
Unit tests (macos, Go 1.27.x)	Run tests	2026-09-11T21:05:06.3524790Z === RUN   TestFrameParsingHandlesPaddingAtEnd
Unit tests (macos, Go 1.27.x)	Run tests	2026-09-11T21:05:06.3524960Z --- PASS: TestFrameParsingHandlesPaddingAtEnd (0.00s)
Unit tests (macos, Go 1.27.x)	Run tests	2026-09-11T21:05:06.3525070Z === RUN   TestParseStreamFrameWithFINBit
Unit tests (macos, Go 1.27.x)	Run tests	2026-09-11T21:05:06.3525210Z --- PASS: TestParseStreamFrameWithFINBit (0.00s)
Unit tests (macos, Go 1.27.x)	Run tests	2026-09-11T21:05:06.3525390Z === RUN   TestParseLessCommonFrameReturnsEOFWhenNothingToRead
Unit tests (macos, Go 1.27.x)	Run tests	2026-09-11T21:05:06.3525580Z --- PASS: TestParseLessCommonFrameReturnsEOFWhenNothingToRead (0.00s)
Unit tests (macos, Go 1.27.x)	Run tests	2026-09-11T21:05:06.3525770Z === RUN   TestFrameParserDatagramFrame
Unit tests (macos, Go 1.27.x)	Run tests	2026-09-11T21:05:06.3525890Z --- PASS: TestFrameParserDatagramFrame (0.00s)
Unit tests (macos, Go 1.27.x)	Run tests	2026-09-11T21:05:06.3526000Z === RUN   TestFrameParsingParsesSingleFrame
Unit tests (macos, Go 1.27.x)	Run tests	2026-09-11T21:05:06.3526120Z --- PASS: TestFrameParsingParsesSingleFrame (0.00s)
Unit tests (macos, Go 1.27.x)	Run tests	2026-09-11T21:05:06.3526200Z === RUN   TestACKTooManyRanges
Unit tests (macos, Go 1.27.x)	Run tests	2026-09-11T21:05:06.3526290Z --- PASS: TestACKTooManyRanges (0.00s)
Unit tests (macos, Go 1.27.x)	Run tests	2026-09-11T21:05:06.3526390Z === RUN   TestParseMaxStreamsErrorsOnEOF
Unit tests (macos, Go 1.27.x)	Run tests	2026-09-11T21:05:06.3526500Z --- PASS: TestParseMaxStreamsErrorsOnEOF (0.00s)
Unit tests (macos, Go 1.27.x)	Run tests	2026-09-11T21:05:06.3526590Z === RUN   TestCryptoFrameSplitting
Unit tests (macos, Go 1.27.x)	Run tests	2026-09-11T21:05:06.3526700Z --- PASS: TestCryptoFrameSplitting (0.00s)
Unit tests (macos, Go 1.27.x)	Run tests	2026-09-11T21:05:06.3526770Z === RUN   TestParseShortHeader
Unit tests (macos, Go 1.27.x)	Run tests	2026-09-11T21:05:06.3526870Z --- PASS: TestParseShortHeader (0.00s)
Unit tests (macos, Go 1.27.x)	Run tests	2026-09-11T21:05:06.3526970Z === RUN   TestParseACKAllPacketsFrom0ToLargest
Unit tests (macos, Go 1.27.x)	Run tests	2026-09-11T21:05:06.3527110Z --- PASS: TestParseACKAllPacketsFrom0ToLargest (0.00s)
Unit tests (macos, Go 1.27.x)	Run tests	2026-09-11T21:05:06.3527210Z === RUN   TestWriteAckFrequencyFrame
Unit tests (macos, Go 1.27.x)	Run tests	2026-09-11T21:05:06.3527310Z --- PASS: TestWriteAckFrequencyFrame (0.00s)
Unit tests (macos, Go 1.27.x)	Run tests	2026-09-11T21:05:06.3527420Z === RUN   TestParseACKUseAckDelayExponent
Unit tests (macos, Go 1.27.x)	Run tests	2026-09-11T21:05:06.3527560Z --- PASS: TestParseACKUseAckDelayExponent (0.00s)
Unit tests (macos, Go 1.27.x)	Run tests	2026-09-11T21:05:06.3527670Z === RUN   TestParseStreamFrameErrorsOnEOFs
Unit tests (macos, Go 1.27.x)	Run tests	2026-09-11T21:05:06.3527830Z --- PASS: TestParseStreamFrameErrorsOnEOFs (0.00s)
Unit tests (macos, Go 1.27.x)	Run tests	2026-09-11T21:05:06.3527960Z === RUN   TestParseShortHeaderReservedBitsSet
Unit tests (macos, Go 1.27.x)	Run tests	2026-09-11T21:05:06.3528090Z --- PASS: TestParseShortHeaderReservedBitsSet (0.00s)
Unit tests (macos, Go 1.27.x)	Run tests	2026-09-11T21:05:06.3528190Z === RUN   TestParseStreamFrameRespectsLEN
Unit tests (macos, Go 1.27.x)	Run tests	2026-09-11T21:05:06.3528300Z --- PASS: TestParseStreamFrameRespectsLEN (0.00s)
Unit tests (macos, Go 1.27.x)	Run tests	2026-09-11T21:05:06.3528460Z === RUN   TestParseDatagramFrameErrorsOnLengthLongerThanFrame
Unit tests (macos, Go 1.27.x)	Run tests	2026-09-11T21:05:06.3528660Z --- PASS: TestParseDatagramFrameErrorsOnLengthLongerThanFrame (0.00s)
Unit tests (macos, Go 1.27.x)	Run tests	2026-09-11T21:05:06.3528780Z === RUN   TestErrorOnTooLongDestinationConnectionID
Unit tests (macos, Go 1.27.x)	Run tests	2026-09-11T21:05:06.3528940Z --- PASS: TestErrorOnTooLongDestinationConnectionID (0.00s)
Unit tests (macos, Go 1.27.x)	Run tests	2026-09-11T21:05:06.3529110Z === RUN   TestSessionTicketLegacyResetStreamAtTransportParameter
Unit tests (macos, Go 1.27.x)	Run tests	2026-09-11T21:05:06.3529320Z --- PASS: TestSessionTicketLegacyResetStreamAtTransportParameter (0.00s)
Unit tests (macos, Go 1.27.x)	Run tests	2026-09-11T21:05:06.3529420Z === RUN   TestParseStreamFrameSuccess
Unit tests (macos, Go 1.27.x)	Run tests	2026-09-11T21:05:06.3529530Z --- PASS: TestParseStreamFrameSuccess (0.00s)
Unit tests (macos, Go 1.27.x)	Run tests	2026-09-11T21:05:06.3529620Z === RUN   TestParseRetireConnectionID
Unit tests (macos, Go 1.27.x)	Run tests	2026-09-11T21:05:06.3529730Z --- PASS: TestParseRetireConnectionID (0.00s)
Unit tests (macos, Go 1.27.x)	Run tests	2026-09-11T21:05:06.3529810Z === RUN   TestFrameParserFrames
Unit tests (macos, Go 1.27.x)	Run tests	2026-09-11T21:05:06.3529900Z === RUN   TestFrameParserFrames/MAX_DATA
Unit tests (macos, Go 1.27.x)	Run tests	2026-09-11T21:05:06.3530010Z === RUN   TestFrameParserFrames/MAX_STREAM_DATA
Unit tests (macos, Go 1.27.x)	Run tests	2026-09-11T21:05:06.3530110Z === RUN   TestFrameParserFrames/RESET_STREAM
Unit tests (macos, Go 1.27.x)	Run tests	2026-09-11T21:05:06.3530210Z === RUN   TestFrameParserFrames/STOP_SENDING
Unit tests (macos, Go 1.27.x)	Run tests	2026-09-11T21:05:06.3530300Z === RUN   TestFrameParserFrames/CRYPTO
Unit tests (macos, Go 1.27.x)	Run tests	2026-09-11T21:05:06.3530390Z === RUN   TestFrameParserFrames/NEW_TOKEN
Unit tests (macos, Go 1.27.x)	Run tests	2026-09-11T21:05:06.3530490Z === RUN   TestFrameParserFrames/MAX_STREAMS
Unit tests (macos, Go 1.27.x)	Run tests	2026-09-11T21:05:06.3530680Z === RUN   TestFrameParserFrames/DATA_BLOCKED
Unit tests (macos, Go 1.27.x)	Run tests	2026-09-11T21:05:06.3530790Z === RUN   TestFrameParserFrames/STREAM_DATA_BLOCKED
Unit tests (macos, Go 1.27.x)	Run tests	2026-09-11T21:05:06.3530900Z === RUN   TestFrameParserFrames/STREAMS_BLOCKED
Unit tests (macos, Go 1.27.x)	Run tests	2026-09-11T21:05:06.3531020Z === RUN   TestFrameParserFrames/NEW_CONNECTION_ID
Unit tests (macos, Go 1.27.x)	Run tests	2026-09-11T21:05:06.3531130Z === RUN   TestFrameParserFrames/RETIRE_CONNECTION_ID
Unit tests (macos, Go 1.27.x)	Run tests	2026-09-11T21:05:06.3531260Z === RUN   TestFrameParserFrames/PATH_CHALLENGE
Unit tests (macos, Go 1.27.x)	Run tests	2026-09-11T21:05:06.3531390Z === RUN   TestFrameParserFrames/PATH_RESPONSE
Unit tests (macos, Go 1.27.x)	Run tests	2026-09-11T21:05:06.3531520Z === RUN   TestFrameParserFrames/CONNECTION_CLOSE
Unit tests (macos, Go 1.27.x)	Run tests	2026-09-11T21:05:06.3531650Z === RUN   TestFrameParserFrames/APPLICATION_CLOSE
Unit tests (macos, Go 1.27.x)	Run tests	2026-09-11T21:05:06.3531760Z === RUN   TestFrameParserFrames/HANDSHAKE_DONE
Unit tests (macos, Go 1.27.x)	Run tests	2026-09-11T21:05:06.3531890Z === RUN   TestFrameParserFrames/RESET_STREAM_AT
Unit tests (macos, Go 1.27.x)	Run tests	2026-09-11T21:05:06.3532170Z === RUN   TestFrameParserFrames/ACK_FREQUENCY
Unit tests (macos, Go 1.27.x)	Run tests	2026-09-11T21:05:06.3532280Z === RUN   TestFrameParserFrames/IMMEDIATE_ACK
Unit tests (macos, Go 1.27.x)	Run tests	2026-09-11T21:05:06.3532380Z --- PASS: TestFrameParserFrames (0.00s)
Unit tests (macos, Go 1.27.x)	Run tests	2026-09-11T21:05:06.3532560Z     --- PASS: TestFrameParserFrames/MAX_DATA (0.00s)
Unit tests (macos, Go 1.27.x)	Run tests	2026-09-11T21:05:06.3532780Z     --- PASS: TestFrameParserFrames/MAX_STREAM_DATA (0.00s)
Unit tests (macos, Go 1.27.x)	Run tests	2026-09-11T21:05:06.3532970Z     --- PASS: TestFrameParserFrames/RESET_STREAM (0.00s)
Unit tests (macos, Go 1.27.x)	Run tests	2026-09-11T21:05:06.3533170Z     --- PASS: TestFrameParserFrames/STOP_SENDING (0.00s)
Unit tests (macos, Go 1.27.x)	Run tests	2026-09-11T21:05:06.3533350Z     --- PASS: TestFrameParserFrames/CRYPTO (0.00s)
Unit tests (macos, Go 1.27.x)	Run tests	2026-09-11T21:05:06.3533530Z     --- PASS: TestFrameParserFrames/NEW_TOKEN (0.00s)
Unit tests (macos, Go 1.27.x)	Run tests	2026-09-11T21:05:06.3533720Z     --- PASS: TestFrameParserFrames/MAX_STREAMS (0.00s)
Unit tests (macos, Go 1.27.x)	Run tests	2026-09-11T21:05:06.3533910Z     --- PASS: TestFrameParserFrames/DATA_BLOCKED (0.00s)
Unit tests (macos, Go 1.27.x)	Run tests	2026-09-11T21:05:06.3534150Z     --- PASS: TestFrameParserFrames/STREAM_DATA_BLOCKED (0.00s)
Unit tests (macos, Go 1.27.x)	Run tests	2026-09-11T21:05:06.3534360Z     --- PASS: TestFrameParserFrames/STREAMS_BLOCKED (0.00s)
Unit tests (macos, Go 1.27.x)	Run tests	2026-09-11T21:05:06.3534570Z     --- PASS: TestFrameParserFrames/NEW_CONNECTION_ID (0.00s)
Unit tests (macos, Go 1.27.x)	Run tests	2026-09-11T21:05:06.3534790Z     --- PASS: TestFrameParserFrames/RETIRE_CONNECTION_ID (0.00s)
Unit tests (macos, Go 1.27.x)	Run tests	2026-09-11T21:05:06.3535000Z     --- PASS: TestFrameParserFrames/PATH_CHALLENGE (0.00s)
Unit tests (macos, Go 1.27.x)	Run tests	2026-09-11T21:05:06.3535200Z     --- PASS: TestFrameParserFrames/PATH_RESPONSE (0.00s)
Unit tests (macos, Go 1.27.x)	Run tests	2026-09-11T21:05:06.3535400Z     --- PASS: TestFrameParserFrames/CONNECTION_CLOSE (0.00s)
Unit tests (macos, Go 1.27.x)	Run tests	2026-09-11T21:05:06.3535610Z     --- PASS: TestFrameParserFrames/APPLICATION_CLOSE (0.00s)
Unit tests (macos, Go 1.27.x)	Run tests	2026-09-11T21:05:06.3535810Z     --- PASS: TestFrameParserFrames/HANDSHAKE_DONE (0.00s)
Unit tests (macos, Go 1.27.x)	Run tests	2026-09-11T21:05:06.3536020Z     --- PASS: TestFrameParserFrames/RESET_STREAM_AT (0.00s)
Unit tests (macos, Go 1.27.x)	Run tests	2026-09-11T21:05:06.3536270Z     --- PASS: TestFrameParserFrames/ACK_FREQUENCY (0.00s)
Unit tests (macos, Go 1.27.x)	Run tests	2026-09-11T21:05:06.3536520Z     --- PASS: TestFrameParserFrames/IMMEDIATE_ACK (0.00s)
Unit tests (macos, Go 1.27.x)	Run tests	2026-09-11T21:05:06.3536640Z === RUN   TestParseRetryPacket
Unit tests (macos, Go 1.27.x)	Run tests	2026-09-11T21:05:06.3536760Z === RUN   TestParseRetryPacket/v1
Unit tests (macos, Go 1.27.x)	Run tests	2026-09-11T21:05:06.3537300Z === RUN   TestParseRetryPacket/v2
Unit tests (macos, Go 1.27.x)	Run tests	2026-09-11T21:05:06.3537930Z --- PASS: TestParseRetryPacket (0.00s)
Unit tests (macos, Go 1.27.x)	Run tests	2026-09-11T21:05:06.3538370Z     --- PASS: TestParseRetryPacket/v1 (0.00s)
Unit tests (macos, Go 1.27.x)	Run tests	2026-09-11T21:05:06.3538920Z     --- PASS: TestParseRetryPacket/v2 (0.00s)
Unit tests (macos, Go 1.27.x)	Run tests	2026-09-11T21:05:06.3539190Z === RUN   TestWrites0RTTPacketVersion2
Unit tests (macos, Go 1.27.x)	Run tests	2026-09-11T21:05:06.3539760Z --- PASS: TestWrites0RTTPacketVersion2 (0.00s)
Unit tests (macos, Go 1.27.x)	Run tests	2026-09-11T21:05:06.3540020Z === RUN   TestTransportParameterSetsDefaultValuesWhenNotSent
Unit tests (macos, Go 1.27.x)	Run tests	2026-09-11T21:05:06.3540240Z --- PASS: TestTransportParameterSetsDefaultValuesWhenNotSent (0.00s)
Unit tests (macos, Go 1.27.x)	Run tests	2026-09-11T21:05:06.3540340Z === RUN   TestTransportParameterErrors
Unit tests (macos, Go 1.27.x)	Run tests	2026-09-11T21:05:06.3540540Z === RUN   TestTransportParameterErrors/invalid_stateless_reset_token_length
Unit tests (macos, Go 1.27.x)	Run tests	2026-09-11T21:05:06.3541210Z === RUN   TestTransportParameterErrors/small_max_UDP_payload_size
Unit tests (macos, Go 1.27.x)	Run tests	2026-09-11T21:05:06.3541440Z === RUN   TestTransportParameterErrors/active_connection_ID_limit_too_small
Unit tests (macos, Go 1.27.x)	Run tests	2026-09-11T21:05:06.3541630Z === RUN   TestTransportParameterErrors/ack_delay_exponent_too_large
Unit tests (macos, Go 1.27.x)	Run tests	2026-09-11T21:05:06.3541820Z === RUN   TestTransportParameterErrors/disable_active_migration_has_content
Unit tests (macos, Go 1.27.x)	Run tests	2026-09-11T21:05:06.3542440Z === RUN   TestTransportParameterErrors/server_doesn't_set_original_destination_connection_ID
Unit tests (macos, Go 1.27.x)	Run tests	2026-09-11T21:05:06.3542640Z === RUN   TestTransportParameterErrors/initial_source_connection_ID_is_missing
Unit tests (macos, Go 1.27.x)	Run tests	2026-09-11T21:05:06.3542800Z === RUN   TestTransportParameterErrors/max_ack_delay_is_too_large
Unit tests (macos, Go 1.27.x)	Run tests	2026-09-11T21:05:06.3542970Z === RUN   TestTransportParameterErrors/varint_value_has_wrong_length
Unit tests (macos, Go 1.27.x)	Run tests	2026-09-11T21:05:06.3543180Z === RUN   TestTransportParameterErrors/initial_max_streams_bidi_is_too_large
Unit tests (macos, Go 1.27.x)	Run tests	2026-09-11T21:05:06.3543380Z === RUN   TestTransportParameterErrors/initial_max_streams_uni_is_too_large
Unit tests (macos, Go 1.27.x)	Run tests	2026-09-11T21:05:06.3544160Z === RUN   TestTransportParameterErrors/not_enough_data_to_read
Unit tests (macos, Go 1.27.x)	Run tests	2026-09-11T21:05:06.3544360Z === RUN   TestTransportParameterErrors/client_sent_stateless_reset_token
Unit tests (macos, Go 1.27.x)	Run tests	2026-09-11T21:05:06.3544780Z === RUN   TestTransportParameterErrors/client_sent_original_destination_connection_ID
Unit tests (macos, Go 1.27.x)	Run tests	2026-09-11T21:05:06.3544930Z === RUN   TestTransportParameterErrors/huge_max_ack_delay_value
Unit tests (macos, Go 1.27.x)	Run tests	2026-09-11T21:05:06.3545120Z === RUN   TestTransportParameterErrors/invalid_value_for_reset_stream_at
Unit tests (macos, Go 1.27.x)	Run tests	2026-09-11T21:05:06.3545330Z === RUN   TestTransportParameterErrors/invalid_value_for_legacy_reset_stream_at
Unit tests (macos, Go 1.27.x)	Run tests	2026-09-11T21:05:06.3545560Z === RUN   TestTransportParameterErrors/min_ack_delay_is_greater_than_max_ack_delay
Unit tests (macos, Go 1.27.x)	Run tests	2026-09-11T21:05:06.3545760Z === RUN   TestTransportParameterErrors/huge_min_ack_delay_value
Unit tests (macos, Go 1.27.x)	Run tests	2026-09-11T21:05:06.3545900Z --- PASS: TestTransportParameterErrors (0.00s)
Unit tests (macos, Go 1.27.x)	Run tests	2026-09-11T21:05:06.3546260Z     --- PASS: TestTransportParameterErrors/invalid_stateless_reset_token_length (0.00s)
Unit tests (macos, Go 1.27.x)	Run tests	2026-09-11T21:05:06.3546550Z     --- PASS: TestTransportParameterErrors/small_max_UDP_payload_size (0.00s)
Unit tests (macos, Go 1.27.x)	Run tests	2026-09-11T21:05:06.3546870Z     --- PASS: TestTransportParameterErrors/active_connection_ID_limit_too_small (0.00s)
Unit tests (macos, Go 1.27.x)	Run tests	2026-09-11T21:05:06.3547180Z     --- PASS: TestTransportParameterErrors/ack_delay_exponent_too_large (0.00s)
Unit tests (macos, Go 1.27.x)	Run tests	2026-09-11T21:05:06.3547620Z     --- PASS: TestTransportParameterErrors/disable_active_migration_has_content (0.00s)
Unit tests (macos, Go 1.27.x)	Run tests	2026-09-11T21:05:06.3548100Z     --- PASS: TestTransportParameterErrors/server_doesn't_set_original_destination_connection_ID (0.00s)
Unit tests (macos, Go 1.27.x)	Run tests	2026-09-11T21:05:06.3548440Z     --- PASS: TestTransportParameterErrors/initial_source_connection_ID_is_missing (0.00s)
Unit tests (macos, Go 1.27.x)	Run tests	2026-09-11T21:05:06.3548740Z     --- PASS: TestTransportParameterErrors/max_ack_delay_is_too_large (0.00s)
Unit tests (macos, Go 1.27.x)	Run tests	2026-09-11T21:05:06.3549040Z     --- PASS: TestTransportParameterErrors/varint_value_has_wrong_length (0.00s)
Unit tests (macos, Go 1.27.x)	Run tests	2026-09-11T21:05:06.3549370Z     --- PASS: TestTransportParameterErrors/initial_max_streams_bidi_is_too_large (0.00s)
Unit tests (macos, Go 1.27.x)	Run tests	2026-09-11T21:05:06.3549690Z     --- PASS: TestTransportParameterErrors/initial_max_streams_uni_is_too_large (0.00s)
Unit tests (macos, Go 1.27.x)	Run tests	2026-09-11T21:05:06.3549960Z     --- PASS: TestTransportParameterErrors/not_enough_data_to_read (0.00s)
Unit tests (macos, Go 1.27.x)	Run tests	2026-09-11T21:05:06.3550290Z     --- PASS: TestTransportParameterErrors/client_sent_stateless_reset_token (0.00s)
Unit tests (macos, Go 1.27.x)	Run tests	2026-09-11T21:05:06.3550660Z     --- PASS: TestTransportParameterErrors/client_sent_original_destination_connection_ID (0.00s)
Unit tests (macos, Go 1.27.x)	Run tests	2026-09-11T21:05:06.3550950Z     --- PASS: TestTransportParameterErrors/huge_max_ack_delay_value (0.00s)
Unit tests (macos, Go 1.27.x)	Run tests	2026-09-11T21:05:06.3551280Z     --- PASS: TestTransportParameterErrors/invalid_value_for_reset_stream_at (0.00s)
Unit tests (macos, Go 1.27.x)	Run tests	2026-09-11T21:05:06.3551640Z     --- PASS: TestTransportParameterErrors/invalid_value_for_legacy_reset_stream_at (0.00s)
Unit tests (macos, Go 1.27.x)	Run tests	2026-09-11T21:05:06.3552090Z     --- PASS: TestTransportParameterErrors/min_ack_delay_is_greater_than_max_ack_delay (0.00s)
Unit tests (macos, Go 1.27.x)	Run tests	2026-09-11T21:05:06.3553250Z     --- PASS: TestTransportParameterErrors/huge_min_ack_delay_value (0.00s)
Unit tests (macos, Go 1.27.x)	Run tests	2026-09-11T21:05:06.3553640Z === RUN   TestParseMaxStreamsFrameBidirectional
Unit tests (macos, Go 1.27.x)	Run tests	2026-09-11T21:05:06.3554010Z --- PASS: TestParseMaxStreamsFrameBidirectional (0.00s)
Unit tests (macos, Go 1.27.x)	Run tests	2026-09-11T21:05:06.3554290Z === RUN   TestWriteMaxStreamDataFrame
Unit tests (macos, Go 1.27.x)	Run tests	2026-09-11T21:05:06.3554760Z --- PASS: TestWriteMaxStreamDataFrame (0.00s)
Unit tests (macos, Go 1.27.x)	Run tests	2026-09-11T21:05:06.3555000Z === RUN   TestStreamSplitting
Unit tests (macos, Go 1.27.x)	Run tests	2026-09-11T21:05:06.3555840Z --- PASS: TestStreamSplitting (0.00s)
Unit tests (macos, Go 1.27.x)	Run tests	2026-09-11T21:05:06.3556150Z === RUN   TestWriteConnectionCloseWithReasonPhrase
Unit tests (macos, Go 1.27.x)	Run tests	2026-09-11T21:05:06.3556550Z --- PASS: TestWriteConnectionCloseWithReasonPhrase (0.00s)
Unit tests (macos, Go 1.27.x)	Run tests	2026-09-11T21:05:06.3556800Z === RUN   TestFrameParserInvalidFrameType
Unit tests (macos, Go 1.27.x)	Run tests	2026-09-11T21:05:06.3557110Z --- PASS: TestFrameParserInvalidFrameType (0.00s)
Unit tests (macos, Go 1.27.x)	Run tests	2026-09-11T21:05:06.3557390Z === RUN   TestParseMaxStreamDataErrorsOnEOFs
Unit tests (macos, Go 1.27.x)	Run tests	2026-09-11T21:05:06.3557710Z --- PASS: TestParseMaxStreamDataErrorsOnEOFs (0.00s)
Unit tests (macos, Go 1.27.x)	Run tests	2026-09-11T21:05:06.3557970Z === RUN   TestWriteConnectionCloseLength
Unit tests (macos, Go 1.27.x)	Run tests	2026-09-11T21:05:06.3558270Z --- PASS: TestWriteConnectionCloseLength (0.00s)
Unit tests (macos, Go 1.27.x)	Run tests	2026-09-11T21:05:06.3558540Z === RUN   TestParseNewTokenFrameErrorsOnEOFs
Unit tests (macos, Go 1.27.x)	Run tests	2026-09-11T21:05:06.3558870Z --- PASS: TestParseNewTokenFrameErrorsOnEOFs (0.00s)
Unit tests (macos, Go 1.27.x)	Run tests	2026-09-11T21:05:06.3559410Z === RUN   TestProbingFrames
Unit tests (macos, Go 1.27.x)	Run tests	2026-09-11T21:05:06.3559650Z --- PASS: TestProbingFrames (0.00s)
Unit tests (macos, Go 1.27.x)	Run tests	2026-09-11T21:05:06.3559930Z === RUN   TestLogRetireConnectionIDFrame
Unit tests (macos, Go 1.27.x)	Run tests	2026-09-11T21:05:06.3560270Z --- PASS: TestLogRetireConnectionIDFrame (0.00s)
Unit tests (macos, Go 1.27.x)	Run tests	2026-09-11T21:05:06.3560500Z === RUN   TestErrorOn5thOr6thBitSet
Unit tests (macos, Go 1.27.x)	Run tests	2026-09-11T21:05:06.3560760Z --- PASS: TestErrorOn5thOr6thBitSet (0.00s)
Unit tests (macos, Go 1.27.x)	Run tests	2026-09-11T21:05:06.3561090Z === RUN   TestSessionTicketInvalidTransportParameters
Unit tests (macos, Go 1.27.x)	Run tests	2026-09-11T21:05:06.3561510Z --- PASS: TestSessionTicketInvalidTransportParameters (0.00s)
Unit tests (macos, Go 1.27.x)	Run tests	2026-09-11T21:05:06.3561960Z === RUN   TestParseStreamFrameRejectsFramesExceedingRemainingSize
Unit tests (macos, Go 1.27.x)	Run tests	2026-09-11T21:05:06.3562500Z --- PASS: TestParseStreamFrameRejectsFramesExceedingRemainingSize (0.00s)
Unit tests (macos, Go 1.27.x)	Run tests	2026-09-11T21:05:06.3562710Z === RUN   TestIs0RTT
Unit tests (macos, Go 1.27.x)	Run tests	2026-09-11T21:05:06.3562920Z === RUN   TestIs0RTT/QUIC_v1
Unit tests (macos, Go 1.27.x)	Run tests	2026-09-11T21:05:06.3563150Z === RUN   TestIs0RTT/QUIC_v2
Unit tests (macos, Go 1.27.x)	Run tests	2026-09-11T21:05:06.3563390Z --- PASS: TestIs0RTT (0.00s)
Unit tests (macos, Go 1.27.x)	Run tests	2026-09-11T21:05:06.3563780Z     --- PASS: TestIs0RTT/QUIC_v1 (0.00s)
Unit tests (macos, Go 1.27.x)	Run tests	2026-09-11T21:05:06.3564110Z     --- PASS: TestIs0RTT/QUIC_v2 (0.00s)
Unit tests (macos, Go 1.27.x)	Run tests	2026-09-11T21:05:06.3564340Z === RUN   TestParseDataBlocked
Unit tests (macos, Go 1.27.x)	Run tests	2026-09-11T21:05:06.3564590Z --- PASS: TestParseDataBlocked (0.00s)
Unit tests (macos, Go 1.27.x)	Run tests	2026-09-11T21:05:06.3564920Z === RUN   TestWriteStreamsBlockedFrameUnidirectional
Unit tests (macos, Go 1.27.x)	Run tests	2026-09-11T21:05:06.3565320Z --- PASS: TestWriteStreamsBlockedFrameUnidirectional (0.00s)
Unit tests (macos, Go 1.27.x)	Run tests	2026-09-11T21:05:06.3565600Z === RUN   TestParseConnectionCloseErrorsOnEOFs
Unit tests (macos, Go 1.27.x)	Run tests	2026-09-11T21:05:06.3565950Z --- PASS: TestParseConnectionCloseErrorsOnEOFs (0.00s)
Unit tests (macos, Go 1.27.x)	Run tests	2026-09-11T21:05:06.3566190Z === RUN   TestParseConnIDEOFLongHeader
Unit tests (macos, Go 1.27.x)	Run tests	2026-09-11T21:05:06.3566490Z --- PASS: TestParseConnIDEOFLongHeader (0.00s)
Unit tests (macos, Go 1.27.x)	Run tests	2026-09-11T21:05:06.3566810Z === RUN   TestTransportParametersFromSessionTicket
Unit tests (macos, Go 1.27.x)	Run tests	2026-09-11T21:05:06.3567190Z --- PASS: TestTransportParametersFromSessionTicket (0.00s)
Unit tests (macos, Go 1.27.x)	Run tests	2026-09-11T21:05:06.3567480Z === RUN   TestFrameParserDatagramUnsupported
Unit tests (macos, Go 1.27.x)	Run tests	2026-09-11T21:05:06.3567830Z --- PASS: TestFrameParserDatagramUnsupported (0.00s)
Unit tests (macos, Go 1.27.x)	Run tests	2026-09-11T21:05:06.3568140Z === RUN   TestFrameParserAckFrequencyUnsupported
Unit tests (macos, Go 1.27.x)	Run tests	2026-09-11T21:05:06.3568530Z === RUN   TestFrameParserAckFrequencyUnsupported/ACK_FREQUENCY
Unit tests (macos, Go 1.27.x)	Run tests	2026-09-11T21:05:06.3568930Z === RUN   TestFrameParserAckFrequencyUnsupported/IMMEDIATE_ACK
Unit tests (macos, Go 1.27.x)	Run tests	2026-09-11T21:05:06.3569290Z --- PASS: TestFrameParserAckFrequencyUnsupported (0.00s)
Unit tests (macos, Go 1.27.x)	Run tests	2026-09-11T21:05:06.3569950Z     --- PASS: TestFrameParserAckFrequencyUnsupported/ACK_FREQUENCY (0.00s)
Unit tests (macos, Go 1.27.x)	Run tests	2026-09-11T21:05:06.3570620Z     --- PASS: TestFrameParserAckFrequencyUnsupported/IMMEDIATE_ACK (0.00s)
Unit tests (macos, Go 1.27.x)	Run tests	2026-09-11T21:05:06.3570850Z === RUN   TestFrameParserAllocs
Unit tests (macos, Go 1.27.x)	Run tests	2026-09-11T21:05:06.3571100Z === RUN   TestFrameParserAllocs/STREAM
Unit tests (macos, Go 1.27.x)	Run tests	2026-09-11T21:05:06.3571330Z === RUN   TestFrameParserAllocs/ACK
Unit tests (macos, Go 1.27.x)	Run tests	2026-09-11T21:05:06.3571570Z --- PASS: TestFrameParserAllocs (0.00s)
Unit tests (macos, Go 1.27.x)	Run tests	2026-09-11T21:05:06.3571990Z     --- PASS: TestFrameParserAllocs/STREAM (0.00s)
Unit tests (macos, Go 1.27.x)	Run tests	2026-09-11T21:05:06.3573360Z     --- PASS: TestFrameParserAllocs/ACK (0.00s)
Unit tests (macos, Go 1.27.x)	Run tests	2026-09-11T21:05:06.3573710Z === RUN   TestLogNewTokenFrame
Unit tests (macos, Go 1.27.x)	Run tests	2026-09-11T21:05:06.3573980Z --- PASS: TestLogNewTokenFrame (0.00s)
Unit tests (macos, Go 1.27.x)	Run tests	2026-09-11T21:05:06.3574350Z === RUN   TestParseAckFrequencyMaxAckDelayOverflow
Unit tests (macos, Go 1.27.x)	Run tests	2026-09-11T21:05:06.3575600Z --- PASS: TestParseAckFrequencyMaxAckDelayOverflow (0.00s)
Unit tests (macos, Go 1.27.x)	Run tests	2026-09-11T21:05:06.3575820Z === RUN   TestWriteACKECNFrame
Unit tests (macos, Go 1.27.x)	Run tests	2026-09-11T21:05:06.3582210Z --- PASS: TestWriteACKECNFrame (0.00s)
Unit tests (macos, Go 1.27.x)	Run tests	2026-09-11T21:05:06.3582420Z === RUN   TestParseShortHeaderErrorsOnEOF
Unit tests (macos, Go 1.27.x)	Run tests	2026-09-11T21:05:06.3582560Z --- PASS: TestParseShortHeaderErrorsOnEOF (0.00s)
Unit tests (macos, Go 1.27.x)	Run tests	2026-09-11T21:05:06.3582650Z === RUN   TestLogDataBlockedFrame
Unit tests (macos, Go 1.27.x)	Run tests	2026-09-11T21:05:06.3582760Z --- PASS: TestLogDataBlockedFrame (0.00s)
Unit tests (macos, Go 1.27.x)	Run tests	2026-09-11T21:05:06.3582860Z === RUN   TestWriteRetireConnectionID
Unit tests (macos, Go 1.27.x)	Run tests	2026-09-11T21:05:06.3582970Z --- PASS: TestWriteRetireConnectionID (0.00s)
Unit tests (macos, Go 1.27.x)	Run tests	2026-09-11T21:05:06.3583080Z === RUN   TestParseAckFrequencyErrorsOnEOFs
Unit tests (macos, Go 1.27.x)	Run tests	2026-09-11T21:05:06.3583210Z --- PASS: TestParseAckFrequencyErrorsOnEOFs (0.00s)
Unit tests (macos, Go 1.27.x)	Run tests	2026-09-11T21:05:06.3583340Z === RUN   TestMarshalAndUnmarshalTransportParameters
Unit tests (macos, Go 1.27.x)	Run tests	2026-09-11T21:05:06.3583840Z --- PASS: TestMarshalAndUnmarshalTransportParameters (0.00s)
Unit tests (macos, Go 1.27.x)	Run tests	2026-09-11T21:05:06.3583940Z === RUN   TestWriteACKMultipleRanges
Unit tests (macos, Go 1.27.x)	Run tests	2026-09-11T21:05:06.3584070Z --- PASS: TestWriteACKMultipleRanges (0.00s)
Unit tests (macos, Go 1.27.x)	Run tests	2026-09-11T21:05:06.3584200Z === RUN   TestParseStreamsBlockedFrameMaxStreamCount
Unit tests (macos, Go 1.27.x)	Run tests	2026-09-11T21:05:06.3584380Z === RUN   TestParseStreamsBlockedFrameMaxStreamCount/unidirectional
Unit tests (macos, Go 1.27.x)	Run tests	2026-09-11T21:05:06.3584580Z === RUN   TestParseStreamsBlockedFrameMaxStreamCount/bidirectional
Unit tests (macos, Go 1.27.x)	Run tests	2026-09-11T21:05:06.3584740Z --- PASS: TestParseStreamsBlockedFrameMaxStreamCount (0.00s)
Unit tests (macos, Go 1.27.x)	Run tests	2026-09-11T21:05:06.3585060Z     --- PASS: TestParseStreamsBlockedFrameMaxStreamCount/unidirectional (0.00s)
Unit tests (macos, Go 1.27.x)	Run tests	2026-09-11T21:05:06.3585370Z     --- PASS: TestParseStreamsBlockedFrameMaxStreamCount/bidirectional (0.00s)
Unit tests (macos, Go 1.27.x)	Run tests	2026-09-11T21:05:06.3585450Z === RUN   TestWriteCryptoFrame
Unit tests (macos, Go 1.27.x)	Run tests	2026-09-11T21:05:06.3585540Z --- PASS: TestWriteCryptoFrame (0.00s)
Unit tests (macos, Go 1.27.x)	Run tests	2026-09-11T21:05:06.3585670Z === RUN   TestRetryPacketTooShortForIntegrityTag
Unit tests (macos, Go 1.27.x)	Run tests	2026-09-11T21:05:06.3585840Z --- PASS: TestRetryPacketTooShortForIntegrityTag (0.00s)
Unit tests (macos, Go 1.27.x)	Run tests	2026-09-11T21:05:06.3585940Z === RUN   TestParseNewConnectionIDFrame
Unit tests (macos, Go 1.27.x)	Run tests	2026-09-11T21:05:06.3586050Z --- PASS: TestParseNewConnectionIDFrame (0.00s)
Unit tests (macos, Go 1.27.x)	Run tests	2026-09-11T21:05:06.3586170Z === RUN   TestLogAckFrameWithoutMissingPackets
Unit tests (macos, Go 1.27.x)	Run tests	2026-09-11T21:05:06.3586340Z --- PASS: TestLogAckFrameWithoutMissingPackets (0.00s)
Unit tests (macos, Go 1.27.x)	Run tests	2026-09-11T21:05:06.3586470Z === RUN   TestWriteDatagramFrameWithoutLength
Unit tests (macos, Go 1.27.x)	Run tests	2026-09-11T21:05:06.3586630Z --- PASS: TestWriteDatagramFrameWithoutLength (0.00s)
Unit tests (macos, Go 1.27.x)	Run tests	2026-09-11T21:05:06.3586740Z === RUN   TestParseVersionNegotiationPacket
Unit tests (macos, Go 1.27.x)	Run tests	2026-09-11T21:05:06.3586860Z --- PASS: TestParseVersionNegotiationPacket (0.00s)
Unit tests (macos, Go 1.27.x)	Run tests	2026-09-11T21:05:06.3586960Z === RUN   TestLogsRetryPacketsWithToken
Unit tests (macos, Go 1.27.x)	Run tests	2026-09-11T21:05:06.3587100Z --- PASS: TestLogsRetryPacketsWithToken (0.00s)
Unit tests (macos, Go 1.27.x)	Run tests	2026-09-11T21:05:06.3587440Z === RUN   TestWriteConnectionCloseTransportError
Unit tests (macos, Go 1.27.x)	Run tests	2026-09-11T21:05:06.3587790Z --- PASS: TestWriteConnectionCloseTransportError (0.00s)
Unit tests (macos, Go 1.27.x)	Run tests	2026-09-11T21:05:06.3589050Z === RUN   TestWritePathResponse
Unit tests (macos, Go 1.27.x)	Run tests	2026-09-11T21:05:06.3589850Z --- PASS: TestWritePathResponse (0.00s)
Unit tests (macos, Go 1.27.x)	Run tests	2026-09-11T21:05:06.3593290Z === RUN   TestParseStreamsBlockedFrameErrorsOnEOFs
Unit tests (macos, Go 1.27.x)	Run tests	2026-09-11T21:05:06.3593480Z --- PASS: TestParseStreamsBlockedFrameErrorsOnEOFs (0.00s)
Unit tests (macos, Go 1.27.x)	Run tests	2026-09-11T21:05:06.3593660Z === RUN   TestComposeVersionNegotiationWithReservedVersion
Unit tests (macos, Go 1.27.x)	Run tests	2026-09-11T21:05:06.3593890Z --- PASS: TestComposeVersionNegotiationWithReservedVersion (0.00s)
Unit tests (macos, Go 1.27.x)	Run tests	2026-09-11T21:05:06.3594000Z === RUN   TestParseExtendedHeaderEOF
Unit tests (macos, Go 1.27.x)	Run tests	2026-09-11T21:05:06.3594140Z --- PASS: TestParseExtendedHeaderEOF (0.00s)
Unit tests (macos, Go 1.27.x)	Run tests	2026-09-11T21:05:06.3594270Z === RUN   TestFrameParserStreamFrames
Unit tests (macos, Go 1.27.x)	Run tests	2026-09-11T21:05:06.3594400Z --- PASS: TestFrameParserStreamFrames (0.00s)
Unit tests (macos, Go 1.27.x)	Run tests	2026-09-11T21:05:06.3594650Z === RUN   TestWriteACKSinglePacket
Unit tests (macos, Go 1.27.x)	Run tests	2026-09-11T21:05:06.3594790Z --- PASS: TestWriteACKSinglePacket (0.00s)
Unit tests (macos, Go 1.27.x)	Run tests	2026-09-11T21:05:06.3594910Z === RUN   TestErrorIfReservedBitNotSet
Unit tests (macos, Go 1.27.x)	Run tests	2026-09-11T21:05:06.3595050Z --- PASS: TestErrorIfReservedBitNotSet (0.00s)
Unit tests (macos, Go 1.27.x)	Run tests	2026-09-11T21:05:06.3595230Z === RUN   TestFrameTypeParsingReturnsNilWhenNothingToRead
Unit tests (macos, Go 1.27.x)	Run tests	2026-09-11T21:05:06.3595470Z --- PASS: TestFrameTypeParsingReturnsNilWhenNothingToRead (0.00s)
Unit tests (macos, Go 1.27.x)	Run tests	2026-09-11T21:05:06.3596030Z === RUN   TestLogReceivedFrame
Unit tests (macos, Go 1.27.x)	Run tests	2026-09-11T21:05:06.3596160Z --- PASS: TestLogReceivedFrame (0.00s)
Unit tests (macos, Go 1.27.x)	Run tests	2026-09-11T21:05:06.3596310Z === RUN   TestAckFrameAcksPacketWithMultipleRanges
Unit tests (macos, Go 1.27.x)	Run tests	2026-09-11T21:05:06.3596480Z --- PASS: TestAckFrameAcksPacketWithMultipleRanges (0.00s)
Unit tests (macos, Go 1.27.x)	Run tests	2026-09-11T21:05:06.3596590Z === RUN   TestParseShortHeaderNoQUICBit
Unit tests (macos, Go 1.27.x)	Run tests	2026-09-11T21:05:06.3596750Z --- PASS: TestParseShortHeaderNoQUICBit (0.00s)
Unit tests (macos, Go 1.27.x)	Run tests	2026-09-11T21:05:06.3596850Z === RUN   TestIsAckFrameType
Unit tests (macos, Go 1.27.x)	Run tests	2026-09-11T21:05:06.3596950Z --- PASS: TestIsAckFrameType (0.00s)
Unit tests (macos, Go 1.27.x)	Run tests	2026-09-11T21:05:06.3597130Z === RUN   TestTransportParameterNoAckDelayExponentIfDefault
Unit tests (macos, Go 1.27.x)	Run tests	2026-09-11T21:05:06.3597370Z --- PASS: TestTransportParameterNoAckDelayExponentIfDefault (0.00s)
Unit tests (macos, Go 1.27.x)	Run tests	2026-09-11T21:05:06.3597490Z === RUN   TestFrameParserAckDelay
Unit tests (macos, Go 1.27.x)	Run tests	2026-09-11T21:05:06.3597970Z === RUN   TestFrameParserAckDelay/1-RTT
Unit tests (macos, Go 1.27.x)	Run tests	2026-09-11T21:05:06.3598120Z === RUN   TestFrameParserAckDelay/Handshake
Unit tests (macos, Go 1.27.x)	Run tests	2026-09-11T21:05:06.3598360Z --- PASS: TestFrameParserAckDelay (0.00s)
Unit tests (macos, Go 1.27.x)	Run tests	2026-09-11T21:05:06.3598620Z     --- PASS: TestFrameParserAckDelay/1-RTT (0.00s)
Unit tests (macos, Go 1.27.x)	Run tests	2026-09-11T21:05:06.3598840Z     --- PASS: TestFrameParserAckDelay/Handshake (0.00s)
Unit tests (macos, Go 1.27.x)	Run tests	2026-09-11T21:05:06.3598970Z === RUN   TestWritesHandshakePacketVersion2
Unit tests (macos, Go 1.27.x)	Run tests	2026-09-11T21:05:06.3599140Z --- PASS: TestWritesHandshakePacketVersion2 (0.00s)
Unit tests (macos, Go 1.27.x)	Run tests	2026-09-11T21:05:06.3599210Z === RUN   TestHeaderEOF
Unit tests (macos, Go 1.27.x)	Run tests	2026-09-11T21:05:06.3599300Z --- PASS: TestHeaderEOF (0.00s)
Unit tests (macos, Go 1.27.x)	Run tests	2026-09-11T21:05:06.3599390Z === RUN   TestParseCryptoFrame
Unit tests (macos, Go 1.27.x)	Run tests	2026-09-11T21:05:06.3599480Z --- PASS: TestParseCryptoFrame (0.00s)
Unit tests (macos, Go 1.27.x)	Run tests	2026-09-11T21:05:06.3599670Z === RUN   TestStreamSplittingProducesCorrectLengthFramesWithDataLen
Unit tests (macos, Go 1.27.x)	Run tests	2026-09-11T21:05:06.3599910Z --- PASS: TestStreamSplittingProducesCorrectLengthFramesWithDataLen (0.00s)
Unit tests (macos, Go 1.27.x)	Run tests	2026-09-11T21:05:06.3600000Z === RUN   TestStreamMaxDataLength
Unit tests (macos, Go 1.27.x)	Run tests	2026-09-11T21:05:06.3600100Z --- PASS: TestStreamMaxDataLength (0.01s)
Unit tests (macos, Go 1.27.x)	Run tests	2026-09-11T21:05:06.3600190Z === RUN   TestParseVersion
Unit tests (macos, Go 1.27.x)	Run tests	2026-09-11T21:05:06.3600290Z --- PASS: TestParseVersion (0.00s)
Unit tests (macos, Go 1.27.x)	Run tests	2026-09-11T21:05:06.3600440Z === RUN   TestParseLongHeaderWithoutDestinationConnectionID
Unit tests (macos, Go 1.27.x)	Run tests	2026-09-11T21:05:06.3600620Z --- PASS: TestParseLongHeaderWithoutDestinationConnectionID (0.00s)
Unit tests (macos, Go 1.27.x)	Run tests	2026-09-11T21:05:06.3600710Z === RUN   TestGetAndPutStreamFrames
Unit tests (macos, Go 1.27.x)	Run tests	2026-09-11T21:05:06.3600820Z --- PASS: TestGetAndPutStreamFrames (0.00s)
Unit tests (macos, Go 1.27.x)	Run tests	2026-09-11T21:05:06.3600900Z === RUN   TestParseACKSinglePacket
Unit tests (macos, Go 1.27.x)	Run tests	2026-09-11T21:05:06.3601000Z --- PASS: TestParseACKSinglePacket (0.00s)
Unit tests (macos, Go 1.27.x)	Run tests	2026-09-11T21:05:06.3601140Z === RUN   TestParseConnectionCloseWithApplicationError
Unit tests (macos, Go 1.27.x)	Run tests	2026-09-11T21:05:06.3601310Z --- PASS: TestParseConnectionCloseWithApplicationError (0.00s)
Unit tests (macos, Go 1.27.x)	Run tests	2026-09-11T21:05:06.3601390Z === RUN   TestParseACKErrorOnEOF
Unit tests (macos, Go 1.27.x)	Run tests	2026-09-11T21:05:06.3601490Z --- PASS: TestParseACKErrorOnEOF (0.00s)
Unit tests (macos, Go 1.27.x)	Run tests	2026-09-11T21:05:06.3601630Z === RUN   TestResetStreamAtTransportParameterCodepoints
Unit tests (macos, Go 1.27.x)	Run tests	2026-09-11T21:05:06.3601800Z === RUN   TestResetStreamAtTransportParameterCodepoints/current
Unit tests (macos, Go 1.27.x)	Run tests	2026-09-11T21:05:06.3601960Z === RUN   TestResetStreamAtTransportParameterCodepoints/legacy
Unit tests (macos, Go 1.27.x)	Run tests	2026-09-11T21:05:06.3602110Z === RUN   TestResetStreamAtTransportParameterCodepoints/both
Unit tests (macos, Go 1.27.x)	Run tests	2026-09-11T21:05:06.3602280Z --- PASS: TestResetStreamAtTransportParameterCodepoints (0.00s)
Unit tests (macos, Go 1.27.x)	Run tests	2026-09-11T21:05:06.3602570Z     --- PASS: TestResetStreamAtTransportParameterCodepoints/current (0.00s)
Unit tests (macos, Go 1.27.x)	Run tests	2026-09-11T21:05:06.3602920Z     --- PASS: TestResetStreamAtTransportParameterCodepoints/legacy (0.00s)
Unit tests (macos, Go 1.27.x)	Run tests	2026-09-11T21:05:06.3603230Z     --- PASS: TestResetStreamAtTransportParameterCodepoints/both (0.00s)
Unit tests (macos, Go 1.27.x)	Run tests	2026-09-11T21:05:06.3603320Z === RUN   TestWriteACKManyPackets
Unit tests (macos, Go 1.27.x)	Run tests	2026-09-11T21:05:06.3603420Z --- PASS: TestWriteACKManyPackets (0.00s)
Unit tests (macos, Go 1.27.x)	Run tests	2026-09-11T21:05:06.3603520Z === RUN   TestLogMaxStreamsFrame
Unit tests (macos, Go 1.27.x)	Run tests	2026-09-11T21:05:06.3603640Z --- PASS: TestLogMaxStreamsFrame (0.00s)
Unit tests (macos, Go 1.27.x)	Run tests	2026-09-11T21:05:06.3603770Z === RUN   TestParseConnectionCloseTransportError
Unit tests (macos, Go 1.27.x)	Run tests	2026-09-11T21:05:06.3603940Z --- PASS: TestParseConnectionCloseTransportError (0.00s)
Unit tests (macos, Go 1.27.x)	Run tests	2026-09-11T21:05:06.3604080Z === RUN   TestStreamMaxDataLengthWithDataLenPresent
Unit tests (macos, Go 1.27.x)	Run tests	2026-09-11T21:05:06.3604410Z --- PASS: TestStreamMaxDataLengthWithDataLenPresent (0.00s)
Unit tests (macos, Go 1.27.x)	Run tests	2026-09-11T21:05:06.3604500Z === RUN   TestParseResetStream
Unit tests (macos, Go 1.27.x)	Run tests	2026-09-11T21:05:06.3604630Z --- PASS: TestParseResetStream (0.00s)
Unit tests (macos, Go 1.27.x)	Run tests	2026-09-11T21:05:06.3604860Z === RUN   TestParseConnectionCloseRejectsOversizedReasonPhrase
Unit tests (macos, Go 1.27.x)	Run tests	2026-09-11T21:05:06.3605100Z --- PASS: TestParseConnectionCloseRejectsOversizedReasonPhrase (0.00s)
Unit tests (macos, Go 1.27.x)	Run tests	2026-09-11T21:05:06.3605180Z === RUN   TestParseConnIDTooLong
Unit tests (macos, Go 1.27.x)	Run tests	2026-09-11T21:05:06.3605280Z --- PASS: TestParseConnIDTooLong (0.00s)
Unit tests (macos, Go 1.27.x)	Run tests	2026-09-11T21:05:06.3605340Z === RUN   FuzzFrames
Unit tests (macos, Go 1.27.x)	Run tests	2026-09-11T21:05:06.3605420Z === RUN   FuzzFrames/seed#0
Unit tests (macos, Go 1.27.x)	Run tests	2026-09-11T21:05:06.3605490Z === RUN   FuzzFrames/seed#1
Unit tests (macos, Go 1.27.x)	Run tests	2026-09-11T21:05:06.3605560Z === RUN   FuzzFrames/seed#2
Unit tests (macos, Go 1.27.x)	Run tests	2026-09-11T21:05:06.3605640Z === RUN   FuzzFrames/seed#3
Unit tests (macos, Go 1.27.x)	Run tests	2026-09-11T21:05:06.3606110Z === RUN   FuzzFrames/seed#4
Unit tests (macos, Go 1.27.x)	Run tests	2026-09-11T21:05:06.3606190Z === RUN   FuzzFrames/seed#5
Unit tests (macos, Go 1.27.x)	Run tests	2026-09-11T21:05:06.3606260Z === RUN   FuzzFrames/seed#6
Unit tests (macos, Go 1.27.x)	Run tests	2026-09-11T21:05:06.3606340Z === RUN   FuzzFrames/seed#7
Unit tests (macos, Go 1.27.x)	Run tests	2026-09-11T21:05:06.3606410Z === RUN   FuzzFrames/seed#8
Unit tests (macos, Go 1.27.x)	Run tests	2026-09-11T21:05:06.3606480Z === RUN   FuzzFrames/seed#9
Unit tests (macos, Go 1.27.x)	Run tests	2026-09-11T21:05:06.3606560Z === RUN   FuzzFrames/seed#10
Unit tests (macos, Go 1.27.x)	Run tests	2026-09-11T21:05:06.3606650Z === RUN   FuzzFrames/seed#11
Unit tests (macos, Go 1.27.x)	Run tests	2026-09-11T21:05:06.3606720Z === RUN   FuzzFrames/seed#12
Unit tests (macos, Go 1.27.x)	Run tests	2026-09-11T21:05:06.3606800Z === RUN   FuzzFrames/seed#13
Unit tests (macos, Go 1.27.x)	Run tests	2026-09-11T21:05:06.3606880Z === RUN   FuzzFrames/seed#14
Unit tests (macos, Go 1.27.x)	Run tests	2026-09-11T21:05:06.3606960Z === RUN   FuzzFrames/seed#15
Unit tests (macos, Go 1.27.x)	Run tests	2026-09-11T21:05:06.3607040Z === RUN   FuzzFrames/seed#16
Unit tests (macos, Go 1.27.x)	Run tests	2026-09-11T21:05:06.3607130Z === RUN   FuzzFrames/seed#17
Unit tests (macos, Go 1.27.x)	Run tests	2026-09-11T21:05:06.3607200Z === RUN   FuzzFrames/seed#18
Unit tests (macos, Go 1.27.x)	Run tests	2026-09-11T21:05:06.3607280Z === RUN   FuzzFrames/seed#19
Unit tests (macos, Go 1.27.x)	Run tests	2026-09-11T21:05:06.3607360Z === RUN   FuzzFrames/seed#20
Unit tests (macos, Go 1.27.x)	Run tests	2026-09-11T21:05:06.3607440Z === RUN   FuzzFrames/seed#21
Unit tests (macos, Go 1.27.x)	Run tests	2026-09-11T21:05:06.3607530Z === RUN   FuzzFrames/seed#22
Unit tests (macos, Go 1.27.x)	Run tests	2026-09-11T21:05:06.3607610Z === RUN   FuzzFrames/seed#23
Unit tests (macos, Go 1.27.x)	Run tests	2026-09-11T21:05:06.3607700Z === RUN   FuzzFrames/seed#24
Unit tests (macos, Go 1.27.x)	Run tests	2026-09-11T21:05:06.3607780Z === RUN   FuzzFrames/seed#25
Unit tests (macos, Go 1.27.x)	Run tests	2026-09-11T21:05:06.3607860Z === RUN   FuzzFrames/seed#26
Unit tests (macos, Go 1.27.x)	Run tests	2026-09-11T21:05:06.3607940Z === RUN   FuzzFrames/seed#27
Unit tests (macos, Go 1.27.x)	Run tests	2026-09-11T21:05:06.3608020Z === RUN   FuzzFrames/seed#28
Unit tests (macos, Go 1.27.x)	Run tests	2026-09-11T21:05:06.3608100Z === RUN   FuzzFrames/seed#29
Unit tests (macos, Go 1.27.x)	Run tests	2026-09-11T21:05:06.3608190Z === RUN   FuzzFrames/seed#30
Unit tests (macos, Go 1.27.x)	Run tests	2026-09-11T21:05:06.3608270Z === RUN   FuzzFrames/seed#31
Unit tests (macos, Go 1.27.x)	Run tests	2026-09-11T21:05:06.3608350Z === RUN   FuzzFrames/seed#32
Unit tests (macos, Go 1.27.x)	Run tests	2026-09-11T21:05:06.3608430Z === RUN   FuzzFrames/seed#33
Unit tests (macos, Go 1.27.x)	Run tests	2026-09-11T21:05:06.3608510Z === RUN   FuzzFrames/seed#34
Unit tests (macos, Go 1.27.x)	Run tests	2026-09-11T21:05:06.3608590Z === RUN   FuzzFrames/seed#35
Unit tests (macos, Go 1.27.x)	Run tests	2026-09-11T21:05:06.3608670Z === RUN   FuzzFrames/seed#36
Unit tests (macos, Go 1.27.x)	Run tests	2026-09-11T21:05:06.3608770Z --- PASS: FuzzFrames (0.00s)
Unit tests (macos, Go 1.27.x)	Run tests	2026-09-11T21:05:06.3608930Z     --- PASS: FuzzFrames/seed#0 (0.00s)
Unit tests (macos, Go 1.27.x)	Run tests	2026-09-11T21:05:06.3609100Z     --- PASS: FuzzFrames/seed#1 (0.00s)
Unit tests (macos, Go 1.27.x)	Run tests	2026-09-11T21:05:06.3609270Z     --- PASS: FuzzFrames/seed#2 (0.00s)
Unit tests (macos, Go 1.27.x)	Run tests	2026-09-11T21:05:06.3609430Z     --- PASS: FuzzFrames/seed#3 (0.00s)
Unit tests (macos, Go 1.27.x)	Run tests	2026-09-11T21:05:06.3609590Z     --- PASS: FuzzFrames/seed#4 (0.00s)
Unit tests (macos, Go 1.27.x)	Run tests	2026-09-11T21:05:06.3609760Z     --- PASS: FuzzFrames/seed#5 (0.00s)
Unit tests (macos, Go 1.27.x)	Run tests	2026-09-11T21:05:06.3609890Z     --- PASS: FuzzFrames/seed#6 (0.00s)
Unit tests (macos, Go 1.27.x)	Run tests	2026-09-11T21:05:06.3610020Z     --- PASS: FuzzFrames/seed#7 (0.00s)
Unit tests (macos, Go 1.27.x)	Run tests	2026-09-11T21:05:06.3610190Z     --- PASS: FuzzFrames/seed#8 (0.00s)
Unit tests (macos, Go 1.27.x)	Run tests	2026-09-11T21:05:06.3610390Z     --- PASS: FuzzFrames/seed#9 (0.00s)
Unit tests (macos, Go 1.27.x)	Run tests	2026-09-11T21:05:06.3610570Z     --- PASS: FuzzFrames/seed#10 (0.00s)
Unit tests (macos, Go 1.27.x)	Run tests	2026-09-11T21:05:06.3610720Z     --- PASS: FuzzFrames/seed#11 (0.00s)
Unit tests (macos, Go 1.27.x)	Run tests	2026-09-11T21:05:06.3610870Z     --- PASS: FuzzFrames/seed#12 (0.00s)
Unit tests (macos, Go 1.27.x)	Run tests	2026-09-11T21:05:06.3611020Z     --- PASS: FuzzFrames/seed#13 (0.00s)
Unit tests (macos, Go 1.27.x)	Run tests	2026-09-11T21:05:06.3611180Z     --- PASS: FuzzFrames/seed#14 (0.00s)
Unit tests (macos, Go 1.27.x)	Run tests	2026-09-11T21:05:06.3611320Z     --- PASS: FuzzFrames/seed#15 (0.00s)
Unit tests (macos, Go 1.27.x)	Run tests	2026-09-11T21:05:06.3611490Z     --- PASS: FuzzFrames/seed#16 (0.00s)
Unit tests (macos, Go 1.27.x)	Run tests	2026-09-11T21:05:06.3611640Z     --- PASS: FuzzFrames/seed#17 (0.00s)
Unit tests (macos, Go 1.27.x)	Run tests	2026-09-11T21:05:06.3612450Z     --- PASS: FuzzFrames/seed#18 (0.00s)
Unit tests (macos, Go 1.27.x)	Run tests	2026-09-11T21:05:06.3612660Z     --- PASS: FuzzFrames/seed#19 (0.00s)
Unit tests (macos, Go 1.27.x)	Run tests	2026-09-11T21:05:06.3612820Z     --- PASS: FuzzFrames/seed#20 (0.00s)
Unit tests (macos, Go 1.27.x)	Run tests	2026-09-11T21:05:06.3612950Z     --- PASS: FuzzFrames/seed#21 (0.00s)
Unit tests (macos, Go 1.27.x)	Run tests	2026-09-11T21:05:06.3613080Z     --- PASS: FuzzFrames/seed#22 (0.00s)
Unit tests (macos, Go 1.27.x)	Run tests	2026-09-11T21:05:06.3613210Z     --- PASS: FuzzFrames/seed#23 (0.00s)
Unit tests (macos, Go 1.27.x)	Run tests	2026-09-11T21:05:06.3613340Z     --- PASS: FuzzFrames/seed#24 (0.00s)
Unit tests (macos, Go 1.27.x)	Run tests	2026-09-11T21:05:06.3613470Z     --- PASS: FuzzFrames/seed#25 (0.00s)
Unit tests (macos, Go 1.27.x)	Run tests	2026-09-11T21:05:06.3613600Z     --- PASS: FuzzFrames/seed#26 (0.00s)
Unit tests (macos, Go 1.27.x)	Run tests	2026-09-11T21:05:06.3613740Z     --- PASS: FuzzFrames/seed#27 (0.00s)
Unit tests (macos, Go 1.27.x)	Run tests	2026-09-11T21:05:06.3613870Z     --- PASS: FuzzFrames/seed#28 (0.00s)
Unit tests (macos, Go 1.27.x)	Run tests	2026-09-11T21:05:06.3614010Z     --- PASS: FuzzFrames/seed#29 (0.00s)
Unit tests (macos, Go 1.27.x)	Run tests	2026-09-11T21:05:06.3614150Z     --- PASS: FuzzFrames/seed#30 (0.00s)
Unit tests (macos, Go 1.27.x)	Run tests	2026-09-11T21:05:06.3614560Z     --- PASS: FuzzFrames/seed#31 (0.00s)
Unit tests (macos, Go 1.27.x)	Run tests	2026-09-11T21:05:06.3614700Z     --- PASS: FuzzFrames/seed#32 (0.00s)
Unit tests (macos, Go 1.27.x)	Run tests	2026-09-11T21:05:06.3614840Z     --- PASS: FuzzFrames/seed#33 (0.00s)
Unit tests (macos, Go 1.27.x)	Run tests	2026-09-11T21:05:06.3614970Z     --- PASS: FuzzFrames/seed#34 (0.00s)
Unit tests (macos, Go 1.27.x)	Run tests	2026-09-11T21:05:06.3615090Z     --- PASS: FuzzFrames/seed#35 (0.00s)
Unit tests (macos, Go 1.27.x)	Run tests	2026-09-11T21:05:06.3615220Z     --- PASS: FuzzFrames/seed#36 (0.00s)
Unit tests (macos, Go 1.27.x)	Run tests	2026-09-11T21:05:06.3615300Z === RUN   FuzzHeaderParser
Unit tests (macos, Go 1.27.x)	Run tests	2026-09-11T21:05:06.3615380Z === RUN   FuzzHeaderParser/seed#0
Unit tests (macos, Go 1.27.x)	Run tests	2026-09-11T21:05:06.3615460Z === RUN   FuzzHeaderParser/seed#1
Unit tests (macos, Go 1.27.x)	Run tests	2026-09-11T21:05:06.3615540Z === RUN   FuzzHeaderParser/seed#2
Unit tests (macos, Go 1.27.x)	Run tests	2026-09-11T21:05:06.3615620Z === RUN   FuzzHeaderParser/seed#3
Unit tests (macos, Go 1.27.x)	Run tests	2026-09-11T21:05:06.3615710Z === RUN   FuzzHeaderParser/seed#4
Unit tests (macos, Go 1.27.x)	Run tests	2026-09-11T21:05:06.3615780Z === RUN   FuzzHeaderParser/seed#5
Unit tests (macos, Go 1.27.x)	Run tests	2026-09-11T21:05:06.3615860Z === RUN   FuzzHeaderParser/seed#6
Unit tests (macos, Go 1.27.x)	Run tests	2026-09-11T21:05:06.3615960Z === RUN   FuzzHeaderParser/seed#7
Unit tests (macos, Go 1.27.x)	Run tests	2026-09-11T21:05:06.3616530Z === RUN   FuzzHeaderParser/seed#8
Unit tests (macos, Go 1.27.x)	Run tests	2026-09-11T21:05:06.3617170Z === RUN   FuzzHeaderParser/seed#9
Unit tests (macos, Go 1.27.x)	Run tests	2026-09-11T21:05:06.3617290Z === RUN   FuzzHeaderParser/seed#10
Unit tests (macos, Go 1.27.x)	Run tests	2026-09-11T21:05:06.3617380Z === RUN   FuzzHeaderParser/seed#11
Unit tests (macos, Go 1.27.x)	Run tests	2026-09-11T21:05:06.3617460Z === RUN   FuzzHeaderParser/seed#12
Unit tests (macos, Go 1.27.x)	Run tests	2026-09-11T21:05:06.3617540Z === RUN   FuzzHeaderParser/seed#13
Unit tests (macos, Go 1.27.x)	Run tests	2026-09-11T21:05:06.3617620Z === RUN   FuzzHeaderParser/seed#14
Unit tests (macos, Go 1.27.x)	Run tests	2026-09-11T21:05:06.3617700Z === RUN   FuzzHeaderParser/seed#15
Unit tests (macos, Go 1.27.x)	Run tests	2026-09-11T21:05:06.3617780Z === RUN   FuzzHeaderParser/seed#16
Unit tests (macos, Go 1.27.x)	Run tests	2026-09-11T21:05:06.3617860Z --- PASS: FuzzHeaderParser (0.00s)
Unit tests (macos, Go 1.27.x)	Run tests	2026-09-11T21:05:06.3618040Z     --- PASS: FuzzHeaderParser/seed#0 (0.00s)
Unit tests (macos, Go 1.27.x)	Run tests	2026-09-11T21:05:06.3618220Z     --- PASS: FuzzHeaderParser/seed#1 (0.00s)
Unit tests (macos, Go 1.27.x)	Run tests	2026-09-11T21:05:06.3618410Z     --- PASS: FuzzHeaderParser/seed#2 (0.00s)
Unit tests (macos, Go 1.27.x)	Run tests	2026-09-11T21:05:06.3618570Z     --- PASS: FuzzHeaderParser/seed#3 (0.00s)
Unit tests (macos, Go 1.27.x)	Run tests	2026-09-11T21:05:06.3618710Z     --- PASS: FuzzHeaderParser/seed#4 (0.00s)
Unit tests (macos, Go 1.27.x)	Run tests	2026-09-11T21:05:06.3618870Z     --- PASS: FuzzHeaderParser/seed#5 (0.00s)
Unit tests (macos, Go 1.27.x)	Run tests	2026-09-11T21:05:06.3619010Z     --- PASS: FuzzHeaderParser/seed#6 (0.00s)
Unit tests (macos, Go 1.27.x)	Run tests	2026-09-11T21:05:06.3619160Z     --- PASS: FuzzHeaderParser/seed#7 (0.00s)
Unit tests (macos, Go 1.27.x)	Run tests	2026-09-11T21:05:06.3619320Z     --- PASS: FuzzHeaderParser/seed#8 (0.00s)
Unit tests (macos, Go 1.27.x)	Run tests	2026-09-11T21:05:06.3619460Z     --- PASS: FuzzHeaderParser/seed#9 (0.00s)
Unit tests (macos, Go 1.27.x)	Run tests	2026-09-11T21:05:06.3619610Z     --- PASS: FuzzHeaderParser/seed#10 (0.00s)
Unit tests (macos, Go 1.27.x)	Run tests	2026-09-11T21:05:06.3619790Z     --- PASS: FuzzHeaderParser/seed#11 (0.00s)
Unit tests (macos, Go 1.27.x)	Run tests	2026-09-11T21:05:06.3619960Z     --- PASS: FuzzHeaderParser/seed#12 (0.00s)
Unit tests (macos, Go 1.27.x)	Run tests	2026-09-11T21:05:06.3620120Z     --- PASS: FuzzHeaderParser/seed#13 (0.00s)
Unit tests (macos, Go 1.27.x)	Run tests	2026-09-11T21:05:06.3620270Z     --- PASS: FuzzHeaderParser/seed#14 (0.00s)
Unit tests (macos, Go 1.27.x)	Run tests	2026-09-11T21:05:06.3620410Z     --- PASS: FuzzHeaderParser/seed#15 (0.00s)
Unit tests (macos, Go 1.27.x)	Run tests	2026-09-11T21:05:06.3620580Z     --- PASS: FuzzHeaderParser/seed#16 (0.00s)
Unit tests (macos, Go 1.27.x)	Run tests	2026-09-11T21:05:06.3620660Z === RUN   FuzzTransportParameters
Unit tests (macos, Go 1.27.x)	Run tests	2026-09-11T21:05:06.3620760Z === RUN   FuzzTransportParameters/seed#0
Unit tests (macos, Go 1.27.x)	Run tests	2026-09-11T21:05:06.3620860Z === RUN   FuzzTransportParameters/seed#1
Unit tests (macos, Go 1.27.x)	Run tests	2026-09-11T21:05:06.3620950Z === RUN   FuzzTransportParameters/seed#2
Unit tests (macos, Go 1.27.x)	Run tests	2026-09-11T21:05:06.3621040Z === RUN   FuzzTransportParameters/seed#3
Unit tests (macos, Go 1.27.x)	Run tests	2026-09-11T21:05:06.3621480Z === RUN   FuzzTransportParameters/seed#4
Unit tests (macos, Go 1.27.x)	Run tests	2026-09-11T21:05:06.3621570Z === RUN   FuzzTransportParameters/seed#5
Unit tests (macos, Go 1.27.x)	Run tests	2026-09-11T21:05:06.3621670Z --- PASS: FuzzTransportParameters (0.00s)
Unit tests (macos, Go 1.27.x)	Run tests	2026-09-11T21:05:06.3621870Z     --- PASS: FuzzTransportParameters/seed#0 (0.00s)
Unit tests (macos, Go 1.27.x)	Run tests	2026-09-11T21:05:06.3622050Z     --- PASS: FuzzTransportParameters/seed#1 (0.00s)
Unit tests (macos, Go 1.27.x)	Run tests	2026-09-11T21:05:06.3622230Z     --- PASS: FuzzTransportParameters/seed#2 (0.00s)
Unit tests (macos, Go 1.27.x)	Run tests	2026-09-11T21:05:06.3622410Z     --- PASS: FuzzTransportParameters/seed#3 (0.00s)
Unit tests (macos, Go 1.27.x)	Run tests	2026-09-11T21:05:06.3622580Z     --- PASS: FuzzTransportParameters/seed#4 (0.00s)
Unit tests (macos, Go 1.27.x)	Run tests	2026-09-11T21:05:06.3622790Z     --- PASS: FuzzTransportParameters/seed#5 (0.00s)
Unit tests (macos, Go 1.27.x)	Run tests	2026-09-11T21:05:06.3622850Z PASS
Unit tests (macos, Go 1.27.x)	Run tests	2026-09-11T21:05:06.3622930Z coverage: 97.8% of statements
Unit tests (macos, Go 1.27.x)	Run tests	2026-09-11T21:05:06.3623250Z ok  	github.com/quic-go/quic-go/internal/wire	0.067s	coverage: 97.8% of statements
Unit tests (macos, Go 1.27.x)	Run tests	2026-09-11T21:05:06.3623500Z 	github.com/quic-go/quic-go/interop/client		coverage: 0.0% of statements
Unit tests (macos, Go 1.27.x)	Run tests	2026-09-11T21:05:06.3623600Z -test.shuffle 1789160704876191000
Unit tests (macos, Go 1.27.x)	Run tests	2026-09-11T21:05:06.3623690Z === RUN   TestHTTPHeaders
Unit tests (macos, Go 1.27.x)	Run tests	2026-09-11T21:05:06.3624260Z 2026/09/11 21:05:04 failed to sufficiently increase receive buffer size (was: 768 kiB, wanted: 7168 kiB, got: 6144 kiB). See https://github.com/quic-go/quic-go/wiki/UDP-Buffer-Sizes for details.
Unit tests (macos, Go 1.27.x)	Run tests	2026-09-11T21:05:06.3624480Z 2026/09/11 21:05:04 Requesting https://127.0.0.1:50829/headers.
Unit tests (macos, Go 1.27.x)	Run tests	2026-09-11T21:05:06.3624600Z 2026/09/11 21:05:04 Received request: GET /headers
Unit tests (macos, Go 1.27.x)	Run tests	2026-09-11T21:05:06.3624750Z 2026/09/11 21:05:04 Error accepting stream: quic: transport closed
Unit tests (macos, Go 1.27.x)	Run tests	2026-09-11T21:05:06.3624840Z --- PASS: TestHTTPHeaders (0.01s)
Unit tests (macos, Go 1.27.x)	Run tests	2026-09-11T21:05:06.3624930Z === RUN   TestServerFixtureClosesSocket
Unit tests (macos, Go 1.27.x)	Run tests	2026-09-11T21:05:06.3625040Z === RUN   TestServerFixtureClosesSocket/fixture
Unit tests (macos, Go 1.27.x)	Run tests	2026-09-11T21:05:06.3625180Z --- PASS: TestServerFixtureClosesSocket (0.00s)
Unit tests (macos, Go 1.27.x)	Run tests	2026-09-11T21:05:06.3625830Z     --- PASS: TestServerFixtureClosesSocket/fixture (0.00s)
Unit tests (macos, Go 1.27.x)	Run tests	2026-09-11T21:05:06.3625980Z === RUN   TestServerRequestValidation
Unit tests (macos, Go 1.27.x)	Run tests	2026-09-11T21:05:06.3626080Z === RUN   TestServerRequestValidation/empty
Unit tests (macos, Go 1.27.x)	Run tests	2026-09-11T21:05:06.3626170Z 2026/09/11 21:05:04 Received request: 
Unit tests (macos, Go 1.27.x)	Run tests	2026-09-11T21:05:06.3626260Z === RUN   TestServerRequestValidation/G
Unit tests (macos, Go 1.27.x)	Run tests	2026-09-11T21:05:06.3626340Z 2026/09/11 21:05:04 Received request: G
Unit tests (macos, Go 1.27.x)	Run tests	2026-09-11T21:05:06.3626420Z === RUN   TestServerRequestValidation/GE
Unit tests (macos, Go 1.27.x)	Run tests	2026-09-11T21:05:06.3626510Z 2026/09/11 21:05:04 Received request: GE
Unit tests (macos, Go 1.27.x)	Run tests	2026-09-11T21:05:06.3626610Z === RUN   TestServerRequestValidation/GET
Unit tests (macos, Go 1.27.x)	Run tests	2026-09-11T21:05:06.3626690Z 2026/09/11 21:05:04 Received request: GET
Unit tests (macos, Go 1.27.x)	Run tests	2026-09-11T21:05:06.3626810Z === RUN   TestServerRequestValidation/missing_path
Unit tests (macos, Go 1.27.x)	Run tests	2026-09-11T21:05:06.3626890Z 2026/09/11 21:05:04 Received request: GET
Unit tests (macos, Go 1.27.x)	Run tests	2026-09-11T21:05:06.3627020Z === RUN   TestServerRequestValidation/line_ending_only
Unit tests (macos, Go 1.27.x)	Run tests	2026-09-11T21:05:06.3627100Z 2026/09/11 21:05:04 Received request: 
Unit tests (macos, Go 1.27.x)	Run tests	2026-09-11T21:05:06.3627230Z === RUN   TestServerRequestValidation/truncated_line
Unit tests (macos, Go 1.27.x)	Run tests	2026-09-11T21:05:06.3627310Z 2026/09/11 21:05:04 Received request: GET
Unit tests (macos, Go 1.27.x)	Run tests	2026-09-11T21:05:06.3627430Z === RUN   TestServerRequestValidation/wrong_method
Unit tests (macos, Go 1.27.x)	Run tests	2026-09-11T21:05:06.3627520Z 2026/09/11 21:05:04 Received request: POST /
Unit tests (macos, Go 1.27.x)	Run tests	2026-09-11T21:05:06.3627640Z === RUN   TestServerRequestValidation/relative_path
Unit tests (macos, Go 1.27.x)	Run tests	2026-09-11T21:05:06.3627730Z 2026/09/11 21:05:04 Received request: GET x
Unit tests (macos, Go 1.27.x)	Run tests	2026-09-11T21:05:06.3627850Z === RUN   TestServerRequestValidation/malformed_URL
Unit tests (macos, Go 1.27.x)	Run tests	2026-09-11T21:05:06.3627970Z 2026/09/11 21:05:04 Received request: GET /%zz
Unit tests (macos, Go 1.27.x)	Run tests	2026-09-11T21:05:06.3628230Z 2026/09/11 21:05:04 Handling stream failed: parse "/%zz": invalid URL escape "%zz"
Unit tests (macos, Go 1.27.x)	Run tests	2026-09-11T21:05:06.3628340Z === RUN   TestServerRequestValidation/root
Unit tests (macos, Go 1.27.x)	Run tests	2026-09-11T21:05:06.3628430Z 2026/09/11 21:05:04 Received request: GET /
Unit tests (macos, Go 1.27.x)	Run tests	2026-09-11T21:05:06.3628550Z === RUN   TestServerRequestValidation/path_and_query
Unit tests (macos, Go 1.27.x)	Run tests	2026-09-11T21:05:06.3628690Z 2026/09/11 21:05:04 Received request: GET /hello?name=world
Unit tests (macos, Go 1.27.x)	Run tests	2026-09-11T21:05:06.3628810Z === RUN   TestServerRequestValidation/trailing_spaces
Unit tests (macos, Go 1.27.x)	Run tests	2026-09-11T21:05:06.3629090Z 2026/09/11 21:05:04 Received request: GET /hello
Unit tests (macos, Go 1.27.x)	Run tests	2026-09-11T21:05:06.3629240Z 2026/09/11 21:05:04 Error accepting stream: quic: transport closed
Unit tests (macos, Go 1.27.x)	Run tests	2026-09-11T21:05:06.3629350Z --- PASS: TestServerRequestValidation (0.01s)
Unit tests (macos, Go 1.27.x)	Run tests	2026-09-11T21:05:06.3629540Z     --- PASS: TestServerRequestValidation/empty (0.00s)
Unit tests (macos, Go 1.27.x)	Run tests	2026-09-11T21:05:06.3629720Z     --- PASS: TestServerRequestValidation/G (0.00s)
Unit tests (macos, Go 1.27.x)	Run tests	2026-09-11T21:05:06.3629940Z     --- PASS: TestServerRequestValidation/GE (0.00s)
Unit tests (macos, Go 1.27.x)	Run tests	2026-09-11T21:05:06.3630160Z     --- PASS: TestServerRequestValidation/GET (0.00s)
Unit tests (macos, Go 1.27.x)	Run tests	2026-09-11T21:05:06.3630400Z     --- PASS: TestServerRequestValidation/missing_path (0.00s)
Unit tests (macos, Go 1.27.x)	Run tests	2026-09-11T21:05:06.3630640Z     --- PASS: TestServerRequestValidation/line_ending_only (0.00s)
Unit tests (macos, Go 1.27.x)	Run tests	2026-09-11T21:05:06.3630860Z     --- PASS: TestServerRequestValidation/truncated_line (0.00s)
Unit tests (macos, Go 1.27.x)	Run tests	2026-09-11T21:05:06.3631160Z     --- PASS: TestServerRequestValidation/wrong_method (0.00s)
Unit tests (macos, Go 1.27.x)	Run tests	2026-09-11T21:05:06.3631780Z     --- PASS: TestServerRequestValidation/relative_path (0.00s)
Unit tests (macos, Go 1.27.x)	Run tests	2026-09-11T21:05:06.3632030Z     --- PASS: TestServerRequestValidation/malformed_URL (0.00s)
Unit tests (macos, Go 1.27.x)	Run tests	2026-09-11T21:05:06.3632210Z     --- PASS: TestServerRequestValidation/root (0.00s)
Unit tests (macos, Go 1.27.x)	Run tests	2026-09-11T21:05:06.3632450Z     --- PASS: TestServerRequestValidation/path_and_query (0.00s)
Unit tests (macos, Go 1.27.x)	Run tests	2026-09-11T21:05:06.3632880Z     --- PASS: TestServerRequestValidation/trailing_spaces (0.00s)
Unit tests (macos, Go 1.27.x)	Run tests	2026-09-11T21:05:06.3632970Z === RUN   TestHTTPRequest
Unit tests (macos, Go 1.27.x)	Run tests	2026-09-11T21:05:06.3633160Z 2026/09/11 21:05:04 Requesting https://127.0.0.1:57793/helloworld.
Unit tests (macos, Go 1.27.x)	Run tests	2026-09-11T21:05:06.3633310Z 2026/09/11 21:05:04 Received request: GET /helloworld
Unit tests (macos, Go 1.27.x)	Run tests	2026-09-11T21:05:06.3633490Z 2026/09/11 21:05:04 Error accepting stream: quic: transport closed
Unit tests (macos, Go 1.27.x)	Run tests	2026-09-11T21:05:06.3633590Z --- PASS: TestHTTPRequest (0.01s)
Unit tests (macos, Go 1.27.x)	Run tests	2026-09-11T21:05:06.3633640Z PASS
Unit tests (macos, Go 1.27.x)	Run tests	2026-09-11T21:05:06.3633720Z coverage: 84.7% of statements
Unit tests (macos, Go 1.27.x)	Run tests	2026-09-11T21:05:06.3633940Z ok  	github.com/quic-go/quic-go/interop/http09	0.046s	coverage: 84.7% of statements
Unit tests (macos, Go 1.27.x)	Run tests	2026-09-11T21:05:06.3634170Z 	github.com/quic-go/quic-go/interop/server		coverage: 0.0% of statements
Unit tests (macos, Go 1.27.x)	Run tests	2026-09-11T21:05:06.3634400Z 	github.com/quic-go/quic-go/interop/utils		coverage: 0.0% of statements
Unit tests (macos, Go 1.27.x)	Run tests	2026-09-11T21:05:06.3634500Z -test.shuffle 1789160705423146000
Unit tests (macos, Go 1.27.x)	Run tests	2026-09-11T21:05:06.3634600Z === RUN   TestPacketSent1RTT
Unit tests (macos, Go 1.27.x)	Run tests	2026-09-11T21:05:06.3634770Z === RUN   TestPacketSent1RTT/with_datagram_payload_checksum
Unit tests (macos, Go 1.27.x)	Run tests	2026-09-11T21:05:06.3634940Z === RUN   TestPacketSent1RTT/without_datagram_payload_checksum
Unit tests (macos, Go 1.27.x)	Run tests	2026-09-11T21:05:06.3635050Z --- PASS: TestPacketSent1RTT (0.00s)
Unit tests (macos, Go 1.27.x)	Run tests	2026-09-11T21:05:06.3635360Z     --- PASS: TestPacketSent1RTT/with_datagram_payload_checksum (0.00s)
Unit tests (macos, Go 1.27.x)	Run tests	2026-09-11T21:05:06.3635630Z     --- PASS: TestPacketSent1RTT/without_datagram_payload_checksum (0.00s)
Unit tests (macos, Go 1.27.x)	Run tests	2026-09-11T21:05:06.3635820Z === RUN   TestServerTransportParametersWithoutStatelessResetToken
Unit tests (macos, Go 1.27.x)	Run tests	2026-09-11T21:05:06.3636080Z --- PASS: TestServerTransportParametersWithoutStatelessResetToken (0.00s)
Unit tests (macos, Go 1.27.x)	Run tests	2026-09-11T21:05:06.3636200Z === RUN   TestTransportCryptoError
Unit tests (macos, Go 1.27.x)	Run tests	2026-09-11T21:05:06.3636300Z --- PASS: TestTransportCryptoError (0.00s)
Unit tests (macos, Go 1.27.x)	Run tests	2026-09-11T21:05:06.3636380Z === RUN   TestMaxDataFrame
Unit tests (macos, Go 1.27.x)	Run tests	2026-09-11T21:05:06.3636920Z --- PASS: TestMaxDataFrame (0.00s)
Unit tests (macos, Go 1.27.x)	Run tests	2026-09-11T21:05:06.3637050Z === RUN   TestKeyUpdatedTLS
Unit tests (macos, Go 1.27.x)	Run tests	2026-09-11T21:05:06.3637130Z --- PASS: TestKeyUpdatedTLS (0.00s)
Unit tests (macos, Go 1.27.x)	Run tests	2026-09-11T21:05:06.3637230Z === RUN   TestVersionNegotiationReceived
Unit tests (macos, Go 1.27.x)	Run tests	2026-09-11T21:05:06.3637350Z --- PASS: TestVersionNegotiationReceived (0.00s)
Unit tests (macos, Go 1.27.x)	Run tests	2026-09-11T21:05:06.3637420Z === RUN   TestPingFrame
Unit tests (macos, Go 1.27.x)	Run tests	2026-09-11T21:05:06.3637490Z --- PASS: TestPingFrame (0.00s)
Unit tests (macos, Go 1.27.x)	Run tests	2026-09-11T21:05:06.3637570Z === RUN   TestQLOGDIRNotSet
Unit tests (macos, Go 1.27.x)	Run tests	2026-09-11T21:05:06.3637660Z --- PASS: TestQLOGDIRNotSet (0.00s)
Unit tests (macos, Go 1.27.x)	Run tests	2026-09-11T21:05:06.3637720Z === RUN   TestAckFrame
Unit tests (macos, Go 1.27.x)	Run tests	2026-09-11T21:05:06.3637850Z === RUN   TestAckFrame/with_delay_and_single_packet_range
Unit tests (macos, Go 1.27.x)	Run tests	2026-09-11T21:05:06.3637950Z === RUN   TestAckFrame/without_delay
Unit tests (macos, Go 1.27.x)	Run tests	2026-09-11T21:05:06.3638060Z === RUN   TestAckFrame/with_ECN_counts
Unit tests (macos, Go 1.27.x)	Run tests	2026-09-11T21:05:06.3638180Z === RUN   TestAckFrame/with_multiple_ranges
Unit tests (macos, Go 1.27.x)	Run tests	2026-09-11T21:05:06.3638450Z --- PASS: TestAckFrame (0.00s)
Unit tests (macos, Go 1.27.x)	Run tests	2026-09-11T21:05:06.3638690Z     --- PASS: TestAckFrame/with_delay_and_single_packet_range (0.00s)
Unit tests (macos, Go 1.27.x)	Run tests	2026-09-11T21:05:06.3638850Z     --- PASS: TestAckFrame/without_delay (0.00s)
Unit tests (macos, Go 1.27.x)	Run tests	2026-09-11T21:05:06.3639020Z     --- PASS: TestAckFrame/with_ECN_counts (0.00s)
Unit tests (macos, Go 1.27.x)	Run tests	2026-09-11T21:05:06.3639210Z     --- PASS: TestAckFrame/with_multiple_ranges (0.00s)
Unit tests (macos, Go 1.27.x)	Run tests	2026-09-11T21:05:06.3639300Z === RUN   TestVersionInformation
Unit tests (macos, Go 1.27.x)	Run tests	2026-09-11T21:05:06.3639390Z --- PASS: TestVersionInformation (0.00s)
Unit tests (macos, Go 1.27.x)	Run tests	2026-09-11T21:05:06.3639470Z === RUN   TestStartedConnection
Unit tests (macos, Go 1.27.x)	Run tests	2026-09-11T21:05:06.3639560Z --- PASS: TestStartedConnection (0.00s)
Unit tests (macos, Go 1.27.x)	Run tests	2026-09-11T21:05:06.3639640Z === RUN   TestImmediateAckFrame
Unit tests (macos, Go 1.27.x)	Run tests	2026-09-11T21:05:06.3639740Z --- PASS: TestImmediateAckFrame (0.00s)
Unit tests (macos, Go 1.27.x)	Run tests	2026-09-11T21:05:06.3639830Z === RUN   TestHeaderLongPacketNumbers
Unit tests (macos, Go 1.27.x)	Run tests	2026-09-11T21:05:06.3640040Z === RUN   TestHeaderLongPacketNumbers/packet_0
Unit tests (macos, Go 1.27.x)	Run tests	2026-09-11T21:05:06.3640170Z === RUN   TestHeaderLongPacketNumbers/no_packet_number
Unit tests (macos, Go 1.27.x)	Run tests	2026-09-11T21:05:06.3640280Z --- PASS: TestHeaderLongPacketNumbers (0.00s)
Unit tests (macos, Go 1.27.x)	Run tests	2026-09-11T21:05:06.3640490Z     --- PASS: TestHeaderLongPacketNumbers/packet_0 (0.00s)
Unit tests (macos, Go 1.27.x)	Run tests	2026-09-11T21:05:06.3640720Z     --- PASS: TestHeaderLongPacketNumbers/no_packet_number (0.00s)
Unit tests (macos, Go 1.27.x)	Run tests	2026-09-11T21:05:06.3640800Z === RUN   TestDataBlockedFrame
Unit tests (macos, Go 1.27.x)	Run tests	2026-09-11T21:05:06.3640900Z --- PASS: TestDataBlockedFrame (0.00s)
Unit tests (macos, Go 1.27.x)	Run tests	2026-09-11T21:05:06.3640970Z === RUN   TestKeyDiscarded
Unit tests (macos, Go 1.27.x)	Run tests	2026-09-11T21:05:06.3641050Z --- PASS: TestKeyDiscarded (0.00s)
Unit tests (macos, Go 1.27.x)	Run tests	2026-09-11T21:05:06.3641130Z === RUN   TestNewConnectionIDFrame
Unit tests (macos, Go 1.27.x)	Run tests	2026-09-11T21:05:06.3641240Z --- PASS: TestNewConnectionIDFrame (0.00s)
Unit tests (macos, Go 1.27.x)	Run tests	2026-09-11T21:05:06.3641320Z === RUN   TestPacketSent
Unit tests (macos, Go 1.27.x)	Run tests	2026-09-11T21:05:06.3641430Z --- PASS: TestPacketSent (0.00s)
Unit tests (macos, Go 1.27.x)	Run tests	2026-09-11T21:05:06.3641540Z === RUN   TestPacketReceivedRetry
Unit tests (macos, Go 1.27.x)	Run tests	2026-09-11T21:05:06.3641690Z --- PASS: TestPacketReceivedRetry (0.00s)
Unit tests (macos, Go 1.27.x)	Run tests	2026-09-11T21:05:06.3641770Z === RUN   TestPacketReceived
Unit tests (macos, Go 1.27.x)	Run tests	2026-09-11T21:05:06.3641860Z --- PASS: TestPacketReceived (0.00s)
Unit tests (macos, Go 1.27.x)	Run tests	2026-09-11T21:05:06.3641930Z === RUN   TestDebugEvent
Unit tests (macos, Go 1.27.x)	Run tests	2026-09-11T21:05:06.3642020Z === RUN   TestDebugEvent/default_name
Unit tests (macos, Go 1.27.x)	Run tests	2026-09-11T21:05:06.3642100Z === RUN   TestDebugEvent/custom_name
Unit tests (macos, Go 1.27.x)	Run tests	2026-09-11T21:05:06.3642180Z --- PASS: TestDebugEvent (0.00s)
Unit tests (macos, Go 1.27.x)	Run tests	2026-09-11T21:05:06.3642370Z     --- PASS: TestDebugEvent/default_name (0.00s)
Unit tests (macos, Go 1.27.x)	Run tests	2026-09-11T21:05:06.3642570Z     --- PASS: TestDebugEvent/custom_name (0.00s)
Unit tests (macos, Go 1.27.x)	Run tests	2026-09-11T21:05:06.3642710Z === RUN   TestCalculateDatagramPayloadChecksum
Unit tests (macos, Go 1.27.x)	Run tests	2026-09-11T21:05:06.3642840Z --- PASS: TestCalculateDatagramPayloadChecksum (0.00s)
Unit tests (macos, Go 1.27.x)	Run tests	2026-09-11T21:05:06.3642930Z === RUN   TestPathChallengeFrame
Unit tests (macos, Go 1.27.x)	Run tests	2026-09-11T21:05:06.3643020Z --- PASS: TestPathChallengeFrame (0.00s)
Unit tests (macos, Go 1.27.x)	Run tests	2026-09-11T21:05:06.3643090Z === RUN   TestIdleTimeouts
Unit tests (macos, Go 1.27.x)	Run tests	2026-09-11T21:05:06.3643180Z --- PASS: TestIdleTimeouts (0.00s)
Unit tests (macos, Go 1.27.x)	Run tests	2026-09-11T21:05:06.3643270Z === RUN   TestReceivedTransportParameters
Unit tests (macos, Go 1.27.x)	Run tests	2026-09-11T21:05:06.3643390Z --- PASS: TestReceivedTransportParameters (0.00s)
Unit tests (macos, Go 1.27.x)	Run tests	2026-09-11T21:05:06.3643470Z === RUN   TestMaxStreamDataFrame
Unit tests (macos, Go 1.27.x)	Run tests	2026-09-11T21:05:06.3643570Z --- PASS: TestMaxStreamDataFrame (0.00s)
Unit tests (macos, Go 1.27.x)	Run tests	2026-09-11T21:05:06.3643670Z === RUN   TestSentTransportParameters
Unit tests (macos, Go 1.27.x)	Run tests	2026-09-11T21:05:06.3643770Z --- PASS: TestSentTransportParameters (0.00s)
Unit tests (macos, Go 1.27.x)	Run tests	2026-09-11T21:05:06.3643860Z === RUN   TestStreamsBlockedFrame
Unit tests (macos, Go 1.27.x)	Run tests	2026-09-11T21:05:06.3643950Z --- PASS: TestStreamsBlockedFrame (0.00s)
Unit tests (macos, Go 1.27.x)	Run tests	2026-09-11T21:05:06.3644040Z === RUN   TestRetireConnectionIDFrame
Unit tests (macos, Go 1.27.x)	Run tests	2026-09-11T21:05:06.3644150Z --- PASS: TestRetireConnectionIDFrame (0.00s)
Unit tests (macos, Go 1.27.x)	Run tests	2026-09-11T21:05:06.3644230Z === RUN   TestKeyUpdatedTLS1RTT
Unit tests (macos, Go 1.27.x)	Run tests	2026-09-11T21:05:06.3644320Z --- PASS: TestKeyUpdatedTLS1RTT (0.00s)
Unit tests (macos, Go 1.27.x)	Run tests	2026-09-11T21:05:06.3644400Z === RUN   TestPacketReceived1RTT
Unit tests (macos, Go 1.27.x)	Run tests	2026-09-11T21:05:06.3644560Z === RUN   TestPacketReceived1RTT/with_datagram_payload_checksum
Unit tests (macos, Go 1.27.x)	Run tests	2026-09-11T21:05:06.3644730Z === RUN   TestPacketReceived1RTT/without_datagram_payload_checksum
Unit tests (macos, Go 1.27.x)	Run tests	2026-09-11T21:05:06.3644830Z --- PASS: TestPacketReceived1RTT (0.00s)
Unit tests (macos, Go 1.27.x)	Run tests	2026-09-11T21:05:06.3645130Z     --- PASS: TestPacketReceived1RTT/with_datagram_payload_checksum (0.00s)
Unit tests (macos, Go 1.27.x)	Run tests	2026-09-11T21:05:06.3645580Z     --- PASS: TestPacketReceived1RTT/without_datagram_payload_checksum (0.00s)
Unit tests (macos, Go 1.27.x)	Run tests	2026-09-11T21:05:06.3645700Z === RUN   TestVersionNegotiationFailure
Unit tests (macos, Go 1.27.x)	Run tests	2026-09-11T21:05:06.3645840Z --- PASS: TestVersionNegotiationFailure (0.00s)
Unit tests (macos, Go 1.27.x)	Run tests	2026-09-11T21:05:06.3645920Z === RUN   TestPTOCountUpdated
Unit tests (macos, Go 1.27.x)	Run tests	2026-09-11T21:05:06.3646010Z --- PASS: TestPTOCountUpdated (0.00s)
Unit tests (macos, Go 1.27.x)	Run tests	2026-09-11T21:05:06.3646110Z === RUN   TestLossTimerUpdatedCanceled
Unit tests (macos, Go 1.27.x)	Run tests	2026-09-11T21:05:06.3646240Z --- PASS: TestLossTimerUpdatedCanceled (0.00s)
Unit tests (macos, Go 1.27.x)	Run tests	2026-09-11T21:05:06.3646430Z === RUN   TestStreamPriorityUpdated
Unit tests (macos, Go 1.27.x)	Run tests	2026-09-11T21:05:06.3646560Z --- PASS: TestStreamPriorityUpdated (0.00s)
Unit tests (macos, Go 1.27.x)	Run tests	2026-09-11T21:05:06.3646630Z === RUN   TestCryptoFrame
Unit tests (macos, Go 1.27.x)	Run tests	2026-09-11T21:05:06.3646710Z --- PASS: TestCryptoFrame (0.00s)
Unit tests (macos, Go 1.27.x)	Run tests	2026-09-11T21:05:06.3646780Z === RUN   TestKeyUpdated
Unit tests (macos, Go 1.27.x)	Run tests	2026-09-11T21:05:06.3646940Z --- PASS: TestKeyUpdated (0.00s)
Unit tests (macos, Go 1.27.x)	Run tests	2026-09-11T21:05:06.3647020Z === RUN   TestHeaderInitial
Unit tests (macos, Go 1.27.x)	Run tests	2026-09-11T21:05:06.3647570Z --- PASS: TestHeaderInitial (0.00s)
Unit tests (macos, Go 1.27.x)	Run tests	2026-09-11T21:05:06.3647700Z === RUN   TestECNStateUpdated
Unit tests (macos, Go 1.27.x)	Run tests	2026-09-11T21:05:06.3647790Z --- PASS: TestECNStateUpdated (0.00s)
Unit tests (macos, Go 1.27.x)	Run tests	2026-09-11T21:05:06.3647890Z === RUN   TestReceivedStatelessResetPacket
Unit tests (macos, Go 1.27.x)	Run tests	2026-09-11T21:05:06.3648020Z --- PASS: TestReceivedStatelessResetPacket (0.00s)
Unit tests (macos, Go 1.27.x)	Run tests	2026-09-11T21:05:06.3648120Z === RUN   TestEncryptionLevelToPacketType
Unit tests (macos, Go 1.27.x)	Run tests	2026-09-11T21:05:06.3648240Z --- PASS: TestEncryptionLevelToPacketType (0.00s)
Unit tests (macos, Go 1.27.x)	Run tests	2026-09-11T21:05:06.3648320Z === RUN   TestPacketBuffered
Unit tests (macos, Go 1.27.x)	Run tests	2026-09-11T21:05:06.3648410Z --- PASS: TestPacketBuffered (0.00s)
Unit tests (macos, Go 1.27.x)	Run tests	2026-09-11T21:05:06.3648480Z === RUN   TestALPNInformation
Unit tests (macos, Go 1.27.x)	Run tests	2026-09-11T21:05:06.3648570Z --- PASS: TestALPNInformation (0.00s)
Unit tests (macos, Go 1.27.x)	Run tests	2026-09-11T21:05:06.3648660Z === RUN   TestKeyDiscarded0RTT
Unit tests (macos, Go 1.27.x)	Run tests	2026-09-11T21:05:06.3648750Z --- PASS: TestKeyDiscarded0RTT (0.00s)
Unit tests (macos, Go 1.27.x)	Run tests	2026-09-11T21:05:06.3648820Z === RUN   TestLossTimerUpdated
Unit tests (macos, Go 1.27.x)	Run tests	2026-09-11T21:05:06.3648910Z --- PASS: TestLossTimerUpdated (0.00s)
Unit tests (macos, Go 1.27.x)	Run tests	2026-09-11T21:05:06.3649100Z === RUN   TestTransportParametersWithoutRetrySourceConnectionID
Unit tests (macos, Go 1.27.x)	Run tests	2026-09-11T21:05:06.3649360Z --- PASS: TestTransportParametersWithoutRetrySourceConnectionID (0.00s)
Unit tests (macos, Go 1.27.x)	Run tests	2026-09-11T21:05:06.3649460Z === RUN   TestPacketDropped
Unit tests (macos, Go 1.27.x)	Run tests	2026-09-11T21:05:06.3649560Z --- PASS: TestPacketDropped (0.00s)
Unit tests (macos, Go 1.27.x)	Run tests	2026-09-11T21:05:06.3649640Z === RUN   TestMaxStreamsFrame
Unit tests (macos, Go 1.27.x)	Run tests	2026-09-11T21:05:06.3649730Z --- PASS: TestMaxStreamsFrame (0.00s)
Unit tests (macos, Go 1.27.x)	Run tests	2026-09-11T21:05:06.3649880Z === RUN   TestTransportParametersWithDatagramExtension
Unit tests (macos, Go 1.27.x)	Run tests	2026-09-11T21:05:06.3650040Z --- PASS: TestTransportParametersWithDatagramExtension (0.00s)
Unit tests (macos, Go 1.27.x)	Run tests	2026-09-11T21:05:06.3650140Z === RUN   TestNewTokenFrame
Unit tests (macos, Go 1.27.x)	Run tests	2026-09-11T21:05:06.3650230Z --- PASS: TestNewTokenFrame (0.00s)
Unit tests (macos, Go 1.27.x)	Run tests	2026-09-11T21:05:06.3650310Z === RUN   TestTransportErrors
Unit tests (macos, Go 1.27.x)	Run tests	2026-09-11T21:05:06.3650400Z === RUN   TestTransportErrors/no_error
Unit tests (macos, Go 1.27.x)	Run tests	2026-09-11T21:05:06.3650500Z === RUN   TestTransportErrors/internal_error
Unit tests (macos, Go 1.27.x)	Run tests	2026-09-11T21:05:06.3650610Z === RUN   TestTransportErrors/connection_refused
Unit tests (macos, Go 1.27.x)	Run tests	2026-09-11T21:05:06.3650720Z === RUN   TestTransportErrors/flow_control_error
Unit tests (macos, Go 1.27.x)	Run tests	2026-09-11T21:05:06.3650830Z === RUN   TestTransportErrors/stream_limit_error
Unit tests (macos, Go 1.27.x)	Run tests	2026-09-11T21:05:06.3650940Z === RUN   TestTransportErrors/stream_state_error
Unit tests (macos, Go 1.27.x)	Run tests	2026-09-11T21:05:06.3651040Z === RUN   TestTransportErrors/final_size_error
Unit tests (macos, Go 1.27.x)	Run tests	2026-09-11T21:05:06.3651150Z === RUN   TestTransportErrors/frame_encoding_error
Unit tests (macos, Go 1.27.x)	Run tests	2026-09-11T21:05:06.3651280Z === RUN   TestTransportErrors/transport_parameter_error
Unit tests (macos, Go 1.27.x)	Run tests	2026-09-11T21:05:06.3651400Z === RUN   TestTransportErrors/connection_id_limit_error
Unit tests (macos, Go 1.27.x)	Run tests	2026-09-11T21:05:06.3651510Z === RUN   TestTransportErrors/protocol_violation
Unit tests (macos, Go 1.27.x)	Run tests	2026-09-11T21:05:06.3651600Z === RUN   TestTransportErrors/invalid_token
Unit tests (macos, Go 1.27.x)	Run tests	2026-09-11T21:05:06.3651710Z === RUN   TestTransportErrors/application_error
Unit tests (macos, Go 1.27.x)	Run tests	2026-09-11T21:05:06.3651820Z === RUN   TestTransportErrors/crypto_buffer_exceeded
Unit tests (macos, Go 1.27.x)	Run tests	2026-09-11T21:05:06.3651930Z === RUN   TestTransportErrors/key_update_error
Unit tests (macos, Go 1.27.x)	Run tests	2026-09-11T21:05:06.3652030Z === RUN   TestTransportErrors/aead_limit_reached
Unit tests (macos, Go 1.27.x)	Run tests	2026-09-11T21:05:06.3652140Z === RUN   TestTransportErrors/no_viable_path
Unit tests (macos, Go 1.27.x)	Run tests	2026-09-11T21:05:06.3652640Z --- PASS: TestTransportErrors (0.00s)
Unit tests (macos, Go 1.27.x)	Run tests	2026-09-11T21:05:06.3652810Z     --- PASS: TestTransportErrors/no_error (0.00s)
Unit tests (macos, Go 1.27.x)	Run tests	2026-09-11T21:05:06.3653000Z     --- PASS: TestTransportErrors/internal_error (0.00s)
Unit tests (macos, Go 1.27.x)	Run tests	2026-09-11T21:05:06.3653220Z     --- PASS: TestTransportErrors/connection_refused (0.00s)
Unit tests (macos, Go 1.27.x)	Run tests	2026-09-11T21:05:06.3653420Z     --- PASS: TestTransportErrors/flow_control_error (0.00s)
Unit tests (macos, Go 1.27.x)	Run tests	2026-09-11T21:05:06.3653630Z     --- PASS: TestTransportErrors/stream_limit_error (0.00s)
Unit tests (macos, Go 1.27.x)	Run tests	2026-09-11T21:05:06.3653830Z     --- PASS: TestTransportErrors/stream_state_error (0.00s)
Unit tests (macos, Go 1.27.x)	Run tests	2026-09-11T21:05:06.3654070Z     --- PASS: TestTransportErrors/final_size_error (0.00s)
Unit tests (macos, Go 1.27.x)	Run tests	2026-09-11T21:05:06.3654330Z     --- PASS: TestTransportErrors/frame_encoding_error (0.00s)
Unit tests (macos, Go 1.27.x)	Run tests	2026-09-11T21:05:06.3654580Z     --- PASS: TestTransportErrors/transport_parameter_error (0.00s)
Unit tests (macos, Go 1.27.x)	Run tests	2026-09-11T21:05:06.3654880Z     --- PASS: TestTransportErrors/connection_id_limit_error (0.00s)
Unit tests (macos, Go 1.27.x)	Run tests	2026-09-11T21:05:06.3655100Z     --- PASS: TestTransportErrors/protocol_violation (0.00s)
Unit tests (macos, Go 1.27.x)	Run tests	2026-09-11T21:05:06.3655290Z     --- PASS: TestTransportErrors/invalid_token (0.00s)
Unit tests (macos, Go 1.27.x)	Run tests	2026-09-11T21:05:06.3655500Z     --- PASS: TestTransportErrors/application_error (0.00s)
Unit tests (macos, Go 1.27.x)	Run tests	2026-09-11T21:05:06.3655760Z     --- PASS: TestTransportErrors/crypto_buffer_exceeded (0.00s)
Unit tests (macos, Go 1.27.x)	Run tests	2026-09-11T21:05:06.3656000Z     --- PASS: TestTransportErrors/key_update_error (0.00s)
Unit tests (macos, Go 1.27.x)	Run tests	2026-09-11T21:05:06.3656220Z     --- PASS: TestTransportErrors/aead_limit_reached (0.00s)
Unit tests (macos, Go 1.27.x)	Run tests	2026-09-11T21:05:06.3656410Z     --- PASS: TestTransportErrors/no_viable_path (0.00s)
Unit tests (macos, Go 1.27.x)	Run tests	2026-09-11T21:05:06.3656490Z === RUN   TestPathResponseFrame
Unit tests (macos, Go 1.27.x)	Run tests	2026-09-11T21:05:06.3656580Z --- PASS: TestPathResponseFrame (0.00s)
Unit tests (macos, Go 1.27.x)	Run tests	2026-09-11T21:05:06.3662240Z === RUN   TestCongestionStateUpdated
Unit tests (macos, Go 1.27.x)	Run tests	2026-09-11T21:05:06.3662420Z --- PASS: TestCongestionStateUpdated (0.00s)
Unit tests (macos, Go 1.27.x)	Run tests	2026-09-11T21:05:06.3662490Z === RUN   TestPacketLost
Unit tests (macos, Go 1.27.x)	Run tests	2026-09-11T21:05:06.3662580Z --- PASS: TestPacketLost (0.00s)
Unit tests (macos, Go 1.27.x)	Run tests	2026-09-11T21:05:06.3662670Z === RUN   TestQLOGDIRCreationFailure
Unit tests (macos, Go 1.27.x)	Run tests	2026-09-11T21:05:06.3662780Z --- PASS: TestQLOGDIRCreationFailure (0.01s)
Unit tests (macos, Go 1.27.x)	Run tests	2026-09-11T21:05:06.3662850Z === RUN   TestStreamFrame
Unit tests (macos, Go 1.27.x)	Run tests	2026-09-11T21:05:06.3662940Z === RUN   TestStreamFrame/with_FIN
Unit tests (macos, Go 1.27.x)	Run tests	2026-09-11T21:05:06.3663030Z === RUN   TestStreamFrame/without_FIN
Unit tests (macos, Go 1.27.x)	Run tests	2026-09-11T21:05:06.3663120Z --- PASS: TestStreamFrame (0.00s)
Unit tests (macos, Go 1.27.x)	Run tests	2026-09-11T21:05:06.3663300Z     --- PASS: TestStreamFrame/with_FIN (0.00s)
Unit tests (macos, Go 1.27.x)	Run tests	2026-09-11T21:05:06.3663480Z     --- PASS: TestStreamFrame/without_FIN (0.00s)
Unit tests (macos, Go 1.27.x)	Run tests	2026-09-11T21:05:06.3663600Z === RUN   TestVersionInformationWithNegotiation
Unit tests (macos, Go 1.27.x)	Run tests	2026-09-11T21:05:06.3663740Z --- PASS: TestVersionInformationWithNegotiation (0.00s)
Unit tests (macos, Go 1.27.x)	Run tests	2026-09-11T21:05:06.3663830Z === RUN   TestHeaderInitialWithToken
Unit tests (macos, Go 1.27.x)	Run tests	2026-09-11T21:05:06.3663930Z --- PASS: TestHeaderInitialWithToken (0.00s)
Unit tests (macos, Go 1.27.x)	Run tests	2026-09-11T21:05:06.3664030Z === RUN   TestResetStreamAtFrame
Unit tests (macos, Go 1.27.x)	Run tests	2026-09-11T21:05:06.3664120Z --- PASS: TestResetStreamAtFrame (0.00s)
Unit tests (macos, Go 1.27.x)	Run tests	2026-09-11T21:05:06.3664220Z === RUN   TestStreamDataBlockedFrame
Unit tests (macos, Go 1.27.x)	Run tests	2026-09-11T21:05:06.3664320Z --- PASS: TestStreamDataBlockedFrame (0.00s)
Unit tests (macos, Go 1.27.x)	Run tests	2026-09-11T21:05:06.3664390Z === RUN   TestMTUUpdated
Unit tests (macos, Go 1.27.x)	Run tests	2026-09-11T21:05:06.3664490Z --- PASS: TestMTUUpdated (0.00s)
Unit tests (macos, Go 1.27.x)	Run tests	2026-09-11T21:05:06.3664580Z === RUN   TestLossTimerUpdatedExpired
Unit tests (macos, Go 1.27.x)	Run tests	2026-09-11T21:05:06.3664700Z --- PASS: TestLossTimerUpdatedExpired (0.00s)
Unit tests (macos, Go 1.27.x)	Run tests	2026-09-11T21:05:06.3664780Z === RUN   TestResetStreamFrame
Unit tests (macos, Go 1.27.x)	Run tests	2026-09-11T21:05:06.3664870Z --- PASS: TestResetStreamFrame (0.00s)
Unit tests (macos, Go 1.27.x)	Run tests	2026-09-11T21:05:06.3664950Z === RUN   TestConnectionCloseFrame
Unit tests (macos, Go 1.27.x)	Run tests	2026-09-11T21:05:06.3665090Z === RUN   TestConnectionCloseFrame/application_error_code
Unit tests (macos, Go 1.27.x)	Run tests	2026-09-11T21:05:06.3665220Z === RUN   TestConnectionCloseFrame/transport_error_code
Unit tests (macos, Go 1.27.x)	Run tests	2026-09-11T21:05:06.3665320Z --- PASS: TestConnectionCloseFrame (0.00s)
Unit tests (macos, Go 1.27.x)	Run tests	2026-09-11T21:05:06.3665580Z     --- PASS: TestConnectionCloseFrame/application_error_code (0.00s)
Unit tests (macos, Go 1.27.x)	Run tests	2026-09-11T21:05:06.3665820Z     --- PASS: TestConnectionCloseFrame/transport_error_code (0.00s)
Unit tests (macos, Go 1.27.x)	Run tests	2026-09-11T21:05:06.3665910Z === RUN   TestAckFrequencyFrame
Unit tests (macos, Go 1.27.x)	Run tests	2026-09-11T21:05:06.3666010Z --- PASS: TestAckFrequencyFrame (0.00s)
Unit tests (macos, Go 1.27.x)	Run tests	2026-09-11T21:05:06.3666290Z === RUN   TestHeader1RTT
Unit tests (macos, Go 1.27.x)	Run tests	2026-09-11T21:05:06.3666380Z --- PASS: TestHeader1RTT (0.00s)
Unit tests (macos, Go 1.27.x)	Run tests	2026-09-11T21:05:06.3666450Z === RUN   TestStopSendingFrame
Unit tests (macos, Go 1.27.x)	Run tests	2026-09-11T21:05:06.3666550Z --- PASS: TestStopSendingFrame (0.00s)
Unit tests (macos, Go 1.27.x)	Run tests	2026-09-11T21:05:06.3666640Z === RUN   TestRestoredTransportParameters
Unit tests (macos, Go 1.27.x)	Run tests	2026-09-11T21:05:06.3666760Z --- PASS: TestRestoredTransportParameters (0.00s)
Unit tests (macos, Go 1.27.x)	Run tests	2026-09-11T21:05:06.3666830Z === RUN   TestQLOGDIRSet
Unit tests (macos, Go 1.27.x)	Run tests	2026-09-11T21:05:06.3666950Z === RUN   TestQLOGDIRSet/default_connection_tracer
Unit tests (macos, Go 1.27.x)	Run tests	2026-09-11T21:05:06.3667100Z === RUN   TestQLOGDIRSet/default_connection_tracer_with_schemas
Unit tests (macos, Go 1.27.x)	Run tests	2026-09-11T21:05:06.3667180Z --- PASS: TestQLOGDIRSet (0.00s)
Unit tests (macos, Go 1.27.x)	Run tests	2026-09-11T21:05:06.3667400Z     --- PASS: TestQLOGDIRSet/default_connection_tracer (0.00s)
Unit tests (macos, Go 1.27.x)	Run tests	2026-09-11T21:05:06.3667690Z     --- PASS: TestQLOGDIRSet/default_connection_tracer_with_schemas (0.00s)
Unit tests (macos, Go 1.27.x)	Run tests	2026-09-11T21:05:06.3667900Z === RUN   TestHandshakeDoneFrame
Unit tests (macos, Go 1.27.x)	Run tests	2026-09-11T21:05:06.3668020Z --- PASS: TestHandshakeDoneFrame (0.00s)
Unit tests (macos, Go 1.27.x)	Run tests	2026-09-11T21:05:06.3668170Z === RUN   TestTransportParametersWithPreferredAddress
Unit tests (macos, Go 1.27.x)	Run tests	2026-09-11T21:05:06.3668340Z === RUN   TestTransportParametersWithPreferredAddress/IPv4_and_IPv6
Unit tests (macos, Go 1.27.x)	Run tests	2026-09-11T21:05:06.3668500Z === RUN   TestTransportParametersWithPreferredAddress/IPv4_only
Unit tests (macos, Go 1.27.x)	Run tests	2026-09-11T21:05:06.3668680Z === RUN   TestTransportParametersWithPreferredAddress/IPv6_only
Unit tests (macos, Go 1.27.x)	Run tests	2026-09-11T21:05:06.3668850Z --- PASS: TestTransportParametersWithPreferredAddress (0.00s)
Unit tests (macos, Go 1.27.x)	Run tests	2026-09-11T21:05:06.3669160Z     --- PASS: TestTransportParametersWithPreferredAddress/IPv4_and_IPv6 (0.00s)
Unit tests (macos, Go 1.27.x)	Run tests	2026-09-11T21:05:06.3669500Z     --- PASS: TestTransportParametersWithPreferredAddress/IPv4_only (0.00s)
Unit tests (macos, Go 1.27.x)	Run tests	2026-09-11T21:05:06.3669830Z     --- PASS: TestTransportParametersWithPreferredAddress/IPv6_only (0.00s)
Unit tests (macos, Go 1.27.x)	Run tests	2026-09-11T21:05:06.3669900Z === RUN   TestHeaderRetry
Unit tests (macos, Go 1.27.x)	Run tests	2026-09-11T21:05:06.3669990Z --- PASS: TestHeaderRetry (0.00s)
Unit tests (macos, Go 1.27.x)	Run tests	2026-09-11T21:05:06.3670070Z === RUN   TestDatagramFrame
Unit tests (macos, Go 1.27.x)	Run tests	2026-09-11T21:05:06.3670160Z --- PASS: TestDatagramFrame (0.00s)
Unit tests (macos, Go 1.27.x)	Run tests	2026-09-11T21:05:06.3670250Z === RUN   TestECNStateUpdatedWithTrigger
Unit tests (macos, Go 1.27.x)	Run tests	2026-09-11T21:05:06.3670370Z --- PASS: TestECNStateUpdatedWithTrigger (0.00s)
Unit tests (macos, Go 1.27.x)	Run tests	2026-09-11T21:05:06.3670450Z === RUN   TestApplicationErrors
Unit tests (macos, Go 1.27.x)	Run tests	2026-09-11T21:05:06.3670540Z --- PASS: TestApplicationErrors (0.00s)
Unit tests (macos, Go 1.27.x)	Run tests	2026-09-11T21:05:06.3670620Z === RUN   TestMetricsUpdated
Unit tests (macos, Go 1.27.x)	Run tests	2026-09-11T21:05:06.3670710Z --- PASS: TestMetricsUpdated (0.00s)
Unit tests (macos, Go 1.27.x)	Run tests	2026-09-11T21:05:06.3671070Z === RUN   TestSpuriousLoss
Unit tests (macos, Go 1.27.x)	Run tests	2026-09-11T21:05:06.3671630Z --- PASS: TestSpuriousLoss (0.00s)
Unit tests (macos, Go 1.27.x)	Run tests	2026-09-11T21:05:06.3671790Z PASS
Unit tests (macos, Go 1.27.x)	Run tests	2026-09-11T21:05:06.3672030Z coverage: 91.6% of statements
Unit tests (macos, Go 1.27.x)	Run tests	2026-09-11T21:05:06.3672510Z ok  	github.com/quic-go/quic-go/qlog	0.038s	coverage: 91.6% of statements
Unit tests (macos, Go 1.27.x)	Run tests	2026-09-11T21:05:07.4757930Z -test.shuffle 1789160705463570000
Unit tests (macos, Go 1.27.x)	Run tests	2026-09-11T21:05:07.4758840Z === RUN   TestRecordCloseRace
Unit tests (macos, Go 1.27.x)	Run tests	2026-09-11T21:05:07.4762810Z --- PASS: TestRecordCloseRace (0.00s)
Unit tests (macos, Go 1.27.x)	Run tests	2026-09-11T21:05:07.4764350Z === RUN   TestTraceMetadata
Unit tests (macos, Go 1.27.x)	Run tests	2026-09-11T21:05:07.4765610Z === RUN   TestTraceMetadata/non-connection_trace
Unit tests (macos, Go 1.27.x)	Run tests	2026-09-11T21:05:07.4766590Z === RUN   TestTraceMetadata/connection_trace
Unit tests (macos, Go 1.27.x)	Run tests	2026-09-11T21:05:07.4767460Z --- PASS: TestTraceMetadata (0.00s)
Unit tests (macos, Go 1.27.x)	Run tests	2026-09-11T21:05:07.4768440Z     --- PASS: TestTraceMetadata/non-connection_trace (0.00s)
Unit tests (macos, Go 1.27.x)	Run tests	2026-09-11T21:05:07.4769640Z     --- PASS: TestTraceMetadata/connection_trace (0.00s)
Unit tests (macos, Go 1.27.x)	Run tests	2026-09-11T21:05:07.4770410Z === RUN   TestWritingStopping
Unit tests (macos, Go 1.27.x)	Run tests	2026-09-11T21:05:07.4771020Z --- PASS: TestWritingStopping (0.00s)
Unit tests (macos, Go 1.27.x)	Run tests	2026-09-11T21:05:07.4771660Z === RUN   TestTraceCodeVersion
Unit tests (macos, Go 1.27.x)	Run tests	2026-09-11T21:05:07.4772280Z === RUN   TestTraceCodeVersion/ordinary_module
Unit tests (macos, Go 1.27.x)	Run tests	2026-09-11T21:05:07.4773020Z === RUN   TestTraceCodeVersion/versioned_replacement
Unit tests (macos, Go 1.27.x)	Run tests	2026-09-11T21:05:07.4773850Z === RUN   TestTraceCodeVersion/local_replacement
Unit tests (macos, Go 1.27.x)	Run tests	2026-09-11T21:05:07.4774610Z === RUN   TestTraceCodeVersion/linker_revision
Unit tests (macos, Go 1.27.x)	Run tests	2026-09-11T21:05:07.4775440Z === RUN   TestTraceCodeVersion/linker_overrides_replacement
Unit tests (macos, Go 1.27.x)	Run tests	2026-09-11T21:05:07.4776330Z --- PASS: TestTraceCodeVersion (2.01s)
Unit tests (macos, Go 1.27.x)	Run tests	2026-09-11T21:05:07.4777220Z     --- PASS: TestTraceCodeVersion/ordinary_module (0.58s)
Unit tests (macos, Go 1.27.x)	Run tests	2026-09-11T21:05:07.4779330Z     --- PASS: TestTraceCodeVersion/versioned_replacement (0.43s)
Unit tests (macos, Go 1.27.x)	Run tests	2026-09-11T21:05:07.4780880Z     --- PASS: TestTraceCodeVersion/local_replacement (0.38s)
Unit tests (macos, Go 1.27.x)	Run tests	2026-09-11T21:05:07.4782170Z     --- PASS: TestTraceCodeVersion/linker_revision (0.26s)
Unit tests (macos, Go 1.27.x)	Run tests	2026-09-11T21:05:07.4782680Z     --- PASS: TestTraceCodeVersion/linker_overrides_replacement (0.34s)
Unit tests (macos, Go 1.27.x)	Run tests	2026-09-11T21:05:07.4782990Z PASS
Unit tests (macos, Go 1.27.x)	Run tests	2026-09-11T21:05:07.4783170Z coverage: 94.0% of statements
Unit tests (macos, Go 1.27.x)	Run tests	2026-09-11T21:05:07.4783530Z ok  	github.com/quic-go/quic-go/qlogwriter	2.024s	coverage: 94.0% of statements
Unit tests (macos, Go 1.27.x)	Run tests	2026-09-11T21:05:07.4783890Z -test.shuffle 1789160705514282000
Unit tests (macos, Go 1.27.x)	Run tests	2026-09-11T21:05:07.4784110Z === RUN   TestEncoderNestedObject
Unit tests (macos, Go 1.27.x)	Run tests	2026-09-11T21:05:07.4784340Z --- PASS: TestEncoderNestedObject (0.00s)
Unit tests (macos, Go 1.27.x)	Run tests	2026-09-11T21:05:07.4784600Z === RUN   TestEncoderEmptyArray
Unit tests (macos, Go 1.27.x)	Run tests	2026-09-11T21:05:07.4785480Z --- PASS: TestEncoderEmptyArray (0.00s)
Unit tests (macos, Go 1.27.x)	Run tests	2026-09-11T21:05:07.4785780Z === RUN   TestEncoderNumbersAndBool
Unit tests (macos, Go 1.27.x)	Run tests	2026-09-11T21:05:07.4786060Z --- PASS: TestEncoderNumbersAndBool (0.00s)
Unit tests (macos, Go 1.27.x)	Run tests	2026-09-11T21:05:07.4786380Z === RUN   TestEncoderEscapedStrings
Unit tests (macos, Go 1.27.x)	Run tests	2026-09-11T21:05:07.4786680Z === RUN   TestEncoderEscapedStrings/no_escapes
Unit tests (macos, Go 1.27.x)	Run tests	2026-09-11T21:05:07.4786990Z === RUN   TestEncoderEscapedStrings/basic_escapes
Unit tests (macos, Go 1.27.x)	Run tests	2026-09-11T21:05:07.4787300Z === RUN   TestEncoderEscapedStrings/control_characters
Unit tests (macos, Go 1.27.x)	Run tests	2026-09-11T21:05:07.4787600Z === RUN   TestEncoderEscapedStrings/unicode_low
Unit tests (macos, Go 1.27.x)	Run tests	2026-09-11T21:05:07.4787880Z === RUN   TestEncoderEscapedStrings/mixed_all
Unit tests (macos, Go 1.27.x)	Run tests	2026-09-11T21:05:07.4788150Z --- PASS: TestEncoderEscapedStrings (0.00s)
Unit tests (macos, Go 1.27.x)	Run tests	2026-09-11T21:05:07.4788540Z     --- PASS: TestEncoderEscapedStrings/no_escapes (0.00s)
Unit tests (macos, Go 1.27.x)	Run tests	2026-09-11T21:05:07.4788950Z     --- PASS: TestEncoderEscapedStrings/basic_escapes (0.00s)
Unit tests (macos, Go 1.27.x)	Run tests	2026-09-11T21:05:07.4789420Z     --- PASS: TestEncoderEscapedStrings/control_characters (0.00s)
Unit tests (macos, Go 1.27.x)	Run tests	2026-09-11T21:05:07.4789870Z     --- PASS: TestEncoderEscapedStrings/unicode_low (0.00s)
Unit tests (macos, Go 1.27.x)	Run tests	2026-09-11T21:05:07.4790290Z     --- PASS: TestEncoderEscapedStrings/mixed_all (0.00s)
Unit tests (macos, Go 1.27.x)	Run tests	2026-09-11T21:05:07.4790590Z === RUN   TestEncoderArrayWithNulls
Unit tests (macos, Go 1.27.x)	Run tests	2026-09-11T21:05:07.4790830Z --- PASS: TestEncoderArrayWithNulls (0.00s)
Unit tests (macos, Go 1.27.x)	Run tests	2026-09-11T21:05:07.4791070Z === RUN   TestEncoderArrayInts
Unit tests (macos, Go 1.27.x)	Run tests	2026-09-11T21:05:07.4791310Z --- PASS: TestEncoderArrayInts (0.00s)
Unit tests (macos, Go 1.27.x)	Run tests	2026-09-11T21:05:07.4791580Z === RUN   TestEncoderEmptyObject
Unit tests (macos, Go 1.27.x)	Run tests	2026-09-11T21:05:07.4791860Z --- PASS: TestEncoderEmptyObject (0.00s)
Unit tests (macos, Go 1.27.x)	Run tests	2026-09-11T21:05:07.4792100Z === RUN   TestEncoderArrayStrings
Unit tests (macos, Go 1.27.x)	Run tests	2026-09-11T21:05:07.4792370Z --- PASS: TestEncoderArrayStrings (0.00s)
Unit tests (macos, Go 1.27.x)	Run tests	2026-09-11T21:05:07.4792640Z === RUN   TestEncoderComprehensive
Unit tests (macos, Go 1.27.x)	Run tests	2026-09-11T21:05:07.4792890Z --- PASS: TestEncoderComprehensive (0.00s)
Unit tests (macos, Go 1.27.x)	Run tests	2026-09-11T21:05:07.4793130Z === RUN   TestEncoderSimpleObject
Unit tests (macos, Go 1.27.x)	Run tests	2026-09-11T21:05:07.4793360Z --- PASS: TestEncoderSimpleObject (0.00s)
Unit tests (macos, Go 1.27.x)	Run tests	2026-09-11T21:05:07.4793580Z === RUN   FuzzEncoder
Unit tests (macos, Go 1.27.x)	Run tests	2026-09-11T21:05:07.4793770Z === RUN   FuzzEncoder/seed#0
Unit tests (macos, Go 1.27.x)	Run tests	2026-09-11T21:05:07.4793970Z === RUN   FuzzEncoder/seed#1
Unit tests (macos, Go 1.27.x)	Run tests	2026-09-11T21:05:07.4794160Z === RUN   FuzzEncoder/seed#2
Unit tests (macos, Go 1.27.x)	Run tests	2026-09-11T21:05:07.4794370Z === RUN   FuzzEncoder/seed#3
Unit tests (macos, Go 1.27.x)	Run tests	2026-09-11T21:05:07.4794560Z === RUN   FuzzEncoder/seed#4
Unit tests (macos, Go 1.27.x)	Run tests	2026-09-11T21:05:07.4794750Z === RUN   FuzzEncoder/seed#5
Unit tests (macos, Go 1.27.x)	Run tests	2026-09-11T21:05:07.4796320Z === RUN   FuzzEncoder/seed#6
Unit tests (macos, Go 1.27.x)	Run tests	2026-09-11T21:05:07.4797320Z === RUN   FuzzEncoder/seed#7
Unit tests (macos, Go 1.27.x)	Run tests	2026-09-11T21:05:07.4797880Z === RUN   FuzzEncoder/seed#8
Unit tests (macos, Go 1.27.x)	Run tests	2026-09-11T21:05:07.4798450Z --- PASS: FuzzEncoder (0.00s)
Unit tests (macos, Go 1.27.x)	Run tests	2026-09-11T21:05:07.4799150Z     --- PASS: FuzzEncoder/seed#0 (0.00s)
Unit tests (macos, Go 1.27.x)	Run tests	2026-09-11T21:05:07.4799880Z     --- PASS: FuzzEncoder/seed#1 (0.00s)
Unit tests (macos, Go 1.27.x)	Run tests	2026-09-11T21:05:07.4800590Z     --- PASS: FuzzEncoder/seed#2 (0.00s)
Unit tests (macos, Go 1.27.x)	Run tests	2026-09-11T21:05:07.4801320Z     --- PASS: FuzzEncoder/seed#3 (0.00s)
Unit tests (macos, Go 1.27.x)	Run tests	2026-09-11T21:05:07.4802060Z     --- PASS: FuzzEncoder/seed#4 (0.00s)
Unit tests (macos, Go 1.27.x)	Run tests	2026-09-11T21:05:07.4802800Z     --- PASS: FuzzEncoder/seed#5 (0.00s)
Unit tests (macos, Go 1.27.x)	Run tests	2026-09-11T21:05:07.4803580Z     --- PASS: FuzzEncoder/seed#6 (0.00s)
Unit tests (macos, Go 1.27.x)	Run tests	2026-09-11T21:05:07.4804470Z     --- PASS: FuzzEncoder/seed#7 (0.00s)
Unit tests (macos, Go 1.27.x)	Run tests	2026-09-11T21:05:07.4805240Z     --- PASS: FuzzEncoder/seed#8 (0.00s)
Unit tests (macos, Go 1.27.x)	Run tests	2026-09-11T21:05:07.4806540Z PASS
Unit tests (macos, Go 1.27.x)	Run tests	2026-09-11T21:05:07.4806720Z coverage: 90.0% of statements
Unit tests (macos, Go 1.27.x)	Run tests	2026-09-11T21:05:07.4807200Z ok  	github.com/quic-go/quic-go/qlogwriter/jsontext	0.025s	coverage: 90.0% of statements
Unit tests (macos, Go 1.27.x)	Run tests	2026-09-11T21:05:07.4807590Z -test.shuffle 1789160705537591000
Unit tests (macos, Go 1.27.x)	Run tests	2026-09-11T21:05:07.4807820Z === RUN   TestReaderHandlesEOF
Unit tests (macos, Go 1.27.x)	Run tests	2026-09-11T21:05:07.4808040Z --- PASS: TestReaderHandlesEOF (0.00s)
Unit tests (macos, Go 1.27.x)	Run tests	2026-09-11T21:05:07.4808270Z === RUN   TestAppendWithLen
Unit tests (macos, Go 1.27.x)	Run tests	2026-09-11T21:05:07.4808530Z === RUN   TestAppendWithLen/1-byte_number_in_minimal_encoding
Unit tests (macos, Go 1.27.x)	Run tests	2026-09-11T21:05:07.4808870Z === RUN   TestAppendWithLen/1-byte_number_in_2_bytes
Unit tests (macos, Go 1.27.x)	Run tests	2026-09-11T21:05:07.4809210Z === RUN   TestAppendWithLen/1-byte_number_in_4_bytes
Unit tests (macos, Go 1.27.x)	Run tests	2026-09-11T21:05:07.4809540Z === RUN   TestAppendWithLen/1-byte_number_in_8_bytes
Unit tests (macos, Go 1.27.x)	Run tests	2026-09-11T21:05:07.4809840Z === RUN   TestAppendWithLen/2-byte_number_in_4_bytes
Unit tests (macos, Go 1.27.x)	Run tests	2026-09-11T21:05:07.4810380Z === RUN   TestAppendWithLen/4-byte_number_in_8_bytes
Unit tests (macos, Go 1.27.x)	Run tests	2026-09-11T21:05:07.4810650Z --- PASS: TestAppendWithLen (0.00s)
Unit tests (macos, Go 1.27.x)	Run tests	2026-09-11T21:05:07.4812010Z     --- PASS: TestAppendWithLen/1-byte_number_in_minimal_encoding (0.00s)
Unit tests (macos, Go 1.27.x)	Run tests	2026-09-11T21:05:07.4813270Z     --- PASS: TestAppendWithLen/1-byte_number_in_2_bytes (0.00s)
Unit tests (macos, Go 1.27.x)	Run tests	2026-09-11T21:05:07.4814390Z     --- PASS: TestAppendWithLen/1-byte_number_in_4_bytes (0.00s)
Unit tests (macos, Go 1.27.x)	Run tests	2026-09-11T21:05:07.4815500Z     --- PASS: TestAppendWithLen/1-byte_number_in_8_bytes (0.00s)
Unit tests (macos, Go 1.27.x)	Run tests	2026-09-11T21:05:07.4819140Z     --- PASS: TestAppendWithLen/2-byte_number_in_4_bytes (0.00s)
Unit tests (macos, Go 1.27.x)	Run tests	2026-09-11T21:05:07.4821450Z     --- PASS: TestAppendWithLen/4-byte_number_in_8_bytes (0.00s)
Unit tests (macos, Go 1.27.x)	Run tests	2026-09-11T21:05:07.4823740Z === RUN   TestReaderWrapsIOReader
Unit tests (macos, Go 1.27.x)	Run tests	2026-09-11T21:05:07.4824420Z --- PASS: TestReaderWrapsIOReader (0.00s)
Unit tests (macos, Go 1.27.x)	Run tests	2026-09-11T21:05:07.4825080Z === RUN   TestPeekErrors
Unit tests (macos, Go 1.27.x)	Run tests	2026-09-11T21:05:07.4825740Z === RUN   TestPeekErrors/empty_input
Unit tests (macos, Go 1.27.x)	Run tests	2026-09-11T21:05:07.4826560Z === RUN   TestPeekErrors/2-byte,_missing_1
Unit tests (macos, Go 1.27.x)	Run tests	2026-09-11T21:05:07.4827240Z === RUN   TestPeekErrors/4-byte,_missing_1
Unit tests (macos, Go 1.27.x)	Run tests	2026-09-11T21:05:07.4827910Z === RUN   TestPeekErrors/8-byte,_missing_1
Unit tests (macos, Go 1.27.x)	Run tests	2026-09-11T21:05:07.4828690Z --- PASS: TestPeekErrors (0.00s)
Unit tests (macos, Go 1.27.x)	Run tests	2026-09-11T21:05:07.4829530Z     --- PASS: TestPeekErrors/empty_input (0.00s)
Unit tests (macos, Go 1.27.x)	Run tests	2026-09-11T21:05:07.4830540Z     --- PASS: TestPeekErrors/2-byte,_missing_1 (0.00s)
Unit tests (macos, Go 1.27.x)	Run tests	2026-09-11T21:05:07.4831030Z     --- PASS: TestPeekErrors/4-byte,_missing_1 (0.00s)
Unit tests (macos, Go 1.27.x)	Run tests	2026-09-11T21:05:07.4831600Z     --- PASS: TestPeekErrors/8-byte,_missing_1 (0.00s)
Unit tests (macos, Go 1.27.x)	Run tests	2026-09-11T21:05:07.4832020Z === RUN   TestWriterWrapsIOWriter
Unit tests (macos, Go 1.27.x)	Run tests	2026-09-11T21:05:07.4832300Z --- PASS: TestWriterWrapsIOWriter (0.00s)
Unit tests (macos, Go 1.27.x)	Run tests	2026-09-11T21:05:07.4833040Z === RUN   TestRead
Unit tests (macos, Go 1.27.x)	Run tests	2026-09-11T21:05:07.4833250Z === RUN   TestRead/1_byte
Unit tests (macos, Go 1.27.x)	Run tests	2026-09-11T21:05:07.4833480Z === RUN   TestRead/2_byte
Unit tests (macos, Go 1.27.x)	Run tests	2026-09-11T21:05:07.4833670Z === RUN   TestRead/4_byte
Unit tests (macos, Go 1.27.x)	Run tests	2026-09-11T21:05:07.4833860Z === RUN   TestRead/8_byte
Unit tests (macos, Go 1.27.x)	Run tests	2026-09-11T21:05:07.4834080Z === RUN   TestRead/too_long
Unit tests (macos, Go 1.27.x)	Run tests	2026-09-11T21:05:07.4834350Z --- PASS: TestRead (0.00s)
Unit tests (macos, Go 1.27.x)	Run tests	2026-09-11T21:05:07.4835260Z     --- PASS: TestRead/1_byte (0.00s)
Unit tests (macos, Go 1.27.x)	Run tests	2026-09-11T21:05:07.4835580Z     --- PASS: TestRead/2_byte (0.00s)
Unit tests (macos, Go 1.27.x)	Run tests	2026-09-11T21:05:07.4836140Z     --- PASS: TestRead/4_byte (0.00s)
Unit tests (macos, Go 1.27.x)	Run tests	2026-09-11T21:05:07.4836420Z     --- PASS: TestRead/8_byte (0.00s)
Unit tests (macos, Go 1.27.x)	Run tests	2026-09-11T21:05:07.4836690Z     --- PASS: TestRead/too_long (0.00s)
Unit tests (macos, Go 1.27.x)	Run tests	2026-09-11T21:05:07.4836930Z === RUN   TestAppendWithLenFailures
Unit tests (macos, Go 1.27.x)	Run tests	2026-09-11T21:05:07.4837550Z === RUN   TestAppendWithLenFailures/invalid_length
Unit tests (macos, Go 1.27.x)	Run tests	2026-09-11T21:05:07.4837890Z === RUN   TestAppendWithLenFailures/too_short_for_2_bytes
Unit tests (macos, Go 1.27.x)	Run tests	2026-09-11T21:05:07.4838230Z === RUN   TestAppendWithLenFailures/too_short_for_4_bytes
Unit tests (macos, Go 1.27.x)	Run tests	2026-09-11T21:05:07.4838680Z === RUN   TestAppendWithLenFailures/too_short_for_8_bytes
Unit tests (macos, Go 1.27.x)	Run tests	2026-09-11T21:05:07.4838990Z --- PASS: TestAppendWithLenFailures (0.00s)
Unit tests (macos, Go 1.27.x)	Run tests	2026-09-11T21:05:07.4839540Z     --- PASS: TestAppendWithLenFailures/invalid_length (0.00s)
Unit tests (macos, Go 1.27.x)	Run tests	2026-09-11T21:05:07.4840060Z     --- PASS: TestAppendWithLenFailures/too_short_for_2_bytes (0.00s)
Unit tests (macos, Go 1.27.x)	Run tests	2026-09-11T21:05:07.4840560Z     --- PASS: TestAppendWithLenFailures/too_short_for_4_bytes (0.00s)
Unit tests (macos, Go 1.27.x)	Run tests	2026-09-11T21:05:07.4841460Z     --- PASS: TestAppendWithLenFailures/too_short_for_8_bytes (0.00s)
Unit tests (macos, Go 1.27.x)	Run tests	2026-09-11T21:05:07.4841820Z === RUN   TestWriterPassesThroughUnchanged
Unit tests (macos, Go 1.27.x)	Run tests	2026-09-11T21:05:07.4842100Z --- PASS: TestWriterPassesThroughUnchanged (0.00s)
Unit tests (macos, Go 1.27.x)	Run tests	2026-09-11T21:05:07.4842390Z === RUN   TestVarintEncoding
Unit tests (macos, Go 1.27.x)	Run tests	2026-09-11T21:05:07.4842610Z === RUN   TestVarintEncoding/1_byte_number
Unit tests (macos, Go 1.27.x)	Run tests	2026-09-11T21:05:07.4842870Z === RUN   TestVarintEncoding/maximum_1_byte_number
Unit tests (macos, Go 1.27.x)	Run tests	2026-09-11T21:05:07.4843150Z === RUN   TestVarintEncoding/minimum_2_byte_number
Unit tests (macos, Go 1.27.x)	Run tests	2026-09-11T21:05:07.4843420Z === RUN   TestVarintEncoding/2_byte_number
Unit tests (macos, Go 1.27.x)	Run tests	2026-09-11T21:05:07.4843680Z === RUN   TestVarintEncoding/maximum_2_byte_number
Unit tests (macos, Go 1.27.x)	Run tests	2026-09-11T21:05:07.4843960Z === RUN   TestVarintEncoding/minimum_4_byte_number
Unit tests (macos, Go 1.27.x)	Run tests	2026-09-11T21:05:07.4844240Z === RUN   TestVarintEncoding/4_byte_number
Unit tests (macos, Go 1.27.x)	Run tests	2026-09-11T21:05:07.4844770Z === RUN   TestVarintEncoding/maximum_4_byte_number
Unit tests (macos, Go 1.27.x)	Run tests	2026-09-11T21:05:07.4845080Z === RUN   TestVarintEncoding/minimum_8_byte_number
Unit tests (macos, Go 1.27.x)	Run tests	2026-09-11T21:05:07.4845340Z === RUN   TestVarintEncoding/8_byte_number
Unit tests (macos, Go 1.27.x)	Run tests	2026-09-11T21:05:07.4845690Z === RUN   TestVarintEncoding/maximum_8_byte_number
Unit tests (macos, Go 1.27.x)	Run tests	2026-09-11T21:05:07.4846100Z === RUN   TestVarintEncoding/panics_when_given_a_too_large_number_(>_62_bit)
Unit tests (macos, Go 1.27.x)	Run tests	2026-09-11T21:05:07.4846520Z --- PASS: TestVarintEncoding (0.00s)
Unit tests (macos, Go 1.27.x)	Run tests	2026-09-11T21:05:07.4846860Z     --- PASS: TestVarintEncoding/1_byte_number (0.00s)
Unit tests (macos, Go 1.27.x)	Run tests	2026-09-11T21:05:07.4848520Z     --- PASS: TestVarintEncoding/maximum_1_byte_number (0.00s)
Unit tests (macos, Go 1.27.x)	Run tests	2026-09-11T21:05:07.4849000Z     --- PASS: TestVarintEncoding/minimum_2_byte_number (0.00s)
Unit tests (macos, Go 1.27.x)	Run tests	2026-09-11T21:05:07.4849590Z     --- PASS: TestVarintEncoding/2_byte_number (0.00s)
Unit tests (macos, Go 1.27.x)	Run tests	2026-09-11T21:05:07.4850070Z     --- PASS: TestVarintEncoding/maximum_2_byte_number (0.00s)
Unit tests (macos, Go 1.27.x)	Run tests	2026-09-11T21:05:07.4851310Z     --- PASS: TestVarintEncoding/minimum_4_byte_number (0.00s)
Unit tests (macos, Go 1.27.x)	Run tests	2026-09-11T21:05:07.4851840Z     --- PASS: TestVarintEncoding/4_byte_number (0.00s)
Unit tests (macos, Go 1.27.x)	Run tests	2026-09-11T21:05:07.4852290Z     --- PASS: TestVarintEncoding/maximum_4_byte_number (0.00s)
Unit tests (macos, Go 1.27.x)	Run tests	2026-09-11T21:05:07.4852770Z     --- PASS: TestVarintEncoding/minimum_8_byte_number (0.00s)
Unit tests (macos, Go 1.27.x)	Run tests	2026-09-11T21:05:07.4853210Z     --- PASS: TestVarintEncoding/8_byte_number (0.00s)
Unit tests (macos, Go 1.27.x)	Run tests	2026-09-11T21:05:07.4853630Z     --- PASS: TestVarintEncoding/maximum_8_byte_number (0.00s)
Unit tests (macos, Go 1.27.x)	Run tests	2026-09-11T21:05:07.4854310Z     --- PASS: TestVarintEncoding/panics_when_given_a_too_large_number_(>_62_bit) (0.00s)
Unit tests (macos, Go 1.27.x)	Run tests	2026-09-11T21:05:07.4854750Z === RUN   TestReaderHandlesEmptyRead
Unit tests (macos, Go 1.27.x)	Run tests	2026-09-11T21:05:07.4855050Z --- PASS: TestReaderHandlesEmptyRead (0.00s)
Unit tests (macos, Go 1.27.x)	Run tests	2026-09-11T21:05:07.4855370Z === RUN   TestWriterFailure
Unit tests (macos, Go 1.27.x)	Run tests	2026-09-11T21:05:07.4855590Z --- PASS: TestWriterFailure (0.00s)
Unit tests (macos, Go 1.27.x)	Run tests	2026-09-11T21:05:07.4855800Z === RUN   TestParse
Unit tests (macos, Go 1.27.x)	Run tests	2026-09-11T21:05:07.4855990Z === RUN   TestParse/1_byte
Unit tests (macos, Go 1.27.x)	Run tests	2026-09-11T21:05:07.4856180Z === RUN   TestParse/2_byte
Unit tests (macos, Go 1.27.x)	Run tests	2026-09-11T21:05:07.4856490Z === RUN   TestParse/4_byte
Unit tests (macos, Go 1.27.x)	Run tests	2026-09-11T21:05:07.4856760Z === RUN   TestParse/8_byte
Unit tests (macos, Go 1.27.x)	Run tests	2026-09-11T21:05:07.4856970Z --- PASS: TestParse (0.00s)
Unit tests (macos, Go 1.27.x)	Run tests	2026-09-11T21:05:07.4857220Z     --- PASS: TestParse/1_byte (0.00s)
Unit tests (macos, Go 1.27.x)	Run tests	2026-09-11T21:05:07.4857540Z     --- PASS: TestParse/2_byte (0.00s)
Unit tests (macos, Go 1.27.x)	Run tests	2026-09-11T21:05:07.4857820Z     --- PASS: TestParse/4_byte (0.00s)
Unit tests (macos, Go 1.27.x)	Run tests	2026-09-11T21:05:07.4858110Z     --- PASS: TestParse/8_byte (0.00s)
Unit tests (macos, Go 1.27.x)	Run tests	2026-09-11T21:05:07.4858400Z === RUN   TestReaderFailure
Unit tests (macos, Go 1.27.x)	Run tests	2026-09-11T21:05:07.4858660Z --- PASS: TestReaderFailure (0.00s)
Unit tests (macos, Go 1.27.x)	Run tests	2026-09-11T21:05:07.4865580Z === RUN   TestLen
Unit tests (macos, Go 1.27.x)	Run tests	2026-09-11T21:05:07.4865860Z === RUN   TestLen/zero
Unit tests (macos, Go 1.27.x)	Run tests	2026-09-11T21:05:07.4866080Z === RUN   TestLen/max_1_byte
Unit tests (macos, Go 1.27.x)	Run tests	2026-09-11T21:05:07.4866280Z === RUN   TestLen/min_2_bytes
Unit tests (macos, Go 1.27.x)	Run tests	2026-09-11T21:05:07.4866510Z === RUN   TestLen/max_2_bytes
Unit tests (macos, Go 1.27.x)	Run tests	2026-09-11T21:05:07.4866710Z === RUN   TestLen/min_4_bytes
Unit tests (macos, Go 1.27.x)	Run tests	2026-09-11T21:05:07.4866950Z === RUN   TestLen/max_4_bytes
Unit tests (macos, Go 1.27.x)	Run tests	2026-09-11T21:05:07.4867180Z === RUN   TestLen/min_8_bytes
Unit tests (macos, Go 1.27.x)	Run tests	2026-09-11T21:05:07.4867390Z === RUN   TestLen/max_8_bytes
Unit tests (macos, Go 1.27.x)	Run tests	2026-09-11T21:05:07.4867630Z === RUN   TestLen/panics_on_too_large_number
Unit tests (macos, Go 1.27.x)	Run tests	2026-09-11T21:05:07.4867870Z --- PASS: TestLen (0.00s)
Unit tests (macos, Go 1.27.x)	Run tests	2026-09-11T21:05:07.4868110Z     --- PASS: TestLen/zero (0.00s)
Unit tests (macos, Go 1.27.x)	Run tests	2026-09-11T21:05:07.4868830Z     --- PASS: TestLen/max_1_byte (0.00s)
Unit tests (macos, Go 1.27.x)	Run tests	2026-09-11T21:05:07.4869180Z     --- PASS: TestLen/min_2_bytes (0.00s)
Unit tests (macos, Go 1.27.x)	Run tests	2026-09-11T21:05:07.4869560Z     --- PASS: TestLen/max_2_bytes (0.00s)
Unit tests (macos, Go 1.27.x)	Run tests	2026-09-11T21:05:07.4871360Z     --- PASS: TestLen/min_4_bytes (0.00s)
Unit tests (macos, Go 1.27.x)	Run tests	2026-09-11T21:05:07.4872000Z     --- PASS: TestLen/max_4_bytes (0.00s)
Unit tests (macos, Go 1.27.x)	Run tests	2026-09-11T21:05:07.4872300Z     --- PASS: TestLen/min_8_bytes (0.00s)
Unit tests (macos, Go 1.27.x)	Run tests	2026-09-11T21:05:07.4872990Z     --- PASS: TestLen/max_8_bytes (0.00s)
Unit tests (macos, Go 1.27.x)	Run tests	2026-09-11T21:05:07.4873330Z     --- PASS: TestLen/panics_on_too_large_number (0.00s)
Unit tests (macos, Go 1.27.x)	Run tests	2026-09-11T21:05:07.4873620Z === RUN   TestReaderPassesThroughUnchanged
Unit tests (macos, Go 1.27.x)	Run tests	2026-09-11T21:05:07.4873910Z --- PASS: TestReaderPassesThroughUnchanged (0.00s)
Unit tests (macos, Go 1.27.x)	Run tests	2026-09-11T21:05:07.4874150Z === RUN   TestPeek
Unit tests (macos, Go 1.27.x)	Run tests	2026-09-11T21:05:07.4874320Z === RUN   TestPeek/1_bytes
Unit tests (macos, Go 1.27.x)	Run tests	2026-09-11T21:05:07.4874670Z === RUN   TestPeek/2_bytes
Unit tests (macos, Go 1.27.x)	Run tests	2026-09-11T21:05:07.4874860Z === RUN   TestPeek/4_bytes
Unit tests (macos, Go 1.27.x)	Run tests	2026-09-11T21:05:07.4875040Z === RUN   TestPeek/8_bytes
Unit tests (macos, Go 1.27.x)	Run tests	2026-09-11T21:05:07.4875230Z --- PASS: TestPeek (0.00s)
Unit tests (macos, Go 1.27.x)	Run tests	2026-09-11T21:05:07.4875480Z     --- PASS: TestPeek/1_bytes (0.00s)
Unit tests (macos, Go 1.27.x)	Run tests	2026-09-11T21:05:07.4875750Z     --- PASS: TestPeek/2_bytes (0.00s)
Unit tests (macos, Go 1.27.x)	Run tests	2026-09-11T21:05:07.4876020Z     --- PASS: TestPeek/4_bytes (0.00s)
Unit tests (macos, Go 1.27.x)	Run tests	2026-09-11T21:05:07.4876290Z     --- PASS: TestPeek/8_bytes (0.00s)
Unit tests (macos, Go 1.27.x)	Run tests	2026-09-11T21:05:07.4876490Z === RUN   TestLimits
Unit tests (macos, Go 1.27.x)	Run tests	2026-09-11T21:05:07.4876690Z --- PASS: TestLimits (0.00s)
Unit tests (macos, Go 1.27.x)	Run tests	2026-09-11T21:05:07.4876940Z === RUN   TestParsingFailures
Unit tests (macos, Go 1.27.x)	Run tests	2026-09-11T21:05:07.4877180Z === RUN   TestParsingFailures/empty_slice
Unit tests (macos, Go 1.27.x)	Run tests	2026-09-11T21:05:07.4877480Z === RUN   TestParsingFailures/2-byte_encoding:_not_enough_bytes
Unit tests (macos, Go 1.27.x)	Run tests	2026-09-11T21:05:07.4877850Z === RUN   TestParsingFailures/4-byte_encoding:_not_enough_bytes
Unit tests (macos, Go 1.27.x)	Run tests	2026-09-11T21:05:07.4878230Z === RUN   TestParsingFailures/8-byte_encoding:_not_enough_bytes
Unit tests (macos, Go 1.27.x)	Run tests	2026-09-11T21:05:07.4879210Z --- PASS: TestParsingFailures (0.00s)
Unit tests (macos, Go 1.27.x)	Run tests	2026-09-11T21:05:07.4880600Z     --- PASS: TestParsingFailures/empty_slice (0.00s)
Unit tests (macos, Go 1.27.x)	Run tests	2026-09-11T21:05:07.4881820Z     --- PASS: TestParsingFailures/2-byte_encoding:_not_enough_bytes (0.00s)
Unit tests (macos, Go 1.27.x)	Run tests	2026-09-11T21:05:07.4883150Z     --- PASS: TestParsingFailures/4-byte_encoding:_not_enough_bytes (0.00s)
Unit tests (macos, Go 1.27.x)	Run tests	2026-09-11T21:05:07.4884420Z     --- PASS: TestParsingFailures/8-byte_encoding:_not_enough_bytes (0.00s)
Unit tests (macos, Go 1.27.x)	Run tests	2026-09-11T21:05:07.4885480Z PASS
Unit tests (macos, Go 1.27.x)	Run tests	2026-09-11T21:05:07.4885960Z coverage: 92.8% of statements
Unit tests (macos, Go 1.27.x)	Run tests	2026-09-11T21:05:07.4886830Z ok  	github.com/quic-go/quic-go/quicvarint	0.023s	coverage: 92.8% of statements
Unit tests (macos, Go 1.27.x)	Run tests	2026-09-11T21:05:07.4888010Z 	github.com/quic-go/quic-go/testutils		coverage: 0.0% of statements
Unit tests (macos, Go 1.27.x)	Run tests	2026-09-11T21:05:07.4888810Z -test.shuffle 1789160705887826000
Unit tests (macos, Go 1.27.x)	Run tests	2026-09-11T21:05:07.4889350Z === RUN   TestRecorder
Unit tests (macos, Go 1.27.x)	Run tests	2026-09-11T21:05:07.4890080Z --- PASS: TestRecorder (0.00s)
Unit tests (macos, Go 1.27.x)	Run tests	2026-09-11T21:05:07.4890710Z === RUN   TestRecorderEventsWithTime
Unit tests (macos, Go 1.27.x)	Run tests	2026-09-11T21:05:07.4891390Z --- PASS: TestRecorderEventsWithTime (0.00s)
Unit tests (macos, Go 1.27.x)	Run tests	2026-09-11T21:05:07.4892140Z === RUN   TestRecorderFilterEventsSameName
Unit tests (macos, Go 1.27.x)	Run tests	2026-09-11T21:05:07.4892900Z --- PASS: TestRecorderFilterEventsSameName (0.00s)
Unit tests (macos, Go 1.27.x)	Run tests	2026-09-11T21:05:07.4893560Z PASS
Unit tests (macos, Go 1.27.x)	Run tests	2026-09-11T21:05:07.4893980Z coverage: 93.8% of statements
Unit tests (macos, Go 1.27.x)	Run tests	2026-09-11T21:05:07.4896120Z ok  	github.com/quic-go/quic-go/testutils/events	0.024s	coverage: 93.8% of statements
Unit tests (macos, Go 1.27.x)	Run tests	2026-09-11T21:05:07.4896600Z -test.shuffle 1789160705905755000
Unit tests (macos, Go 1.27.x)	Run tests	2026-09-11T21:05:07.4896870Z === RUN   TestMTUEnforcement
Unit tests (macos, Go 1.27.x)	Run tests	2026-09-11T21:05:07.4897110Z --- PASS: TestMTUEnforcement (0.00s)
Unit tests (macos, Go 1.27.x)	Run tests	2026-09-11T21:05:07.4897400Z === RUN   TestLatency
Unit tests (macos, Go 1.27.x)	Run tests	2026-09-11T21:05:07.4897650Z === RUN   TestLatency/testing_upload=true
Unit tests (macos, Go 1.27.x)	Run tests	2026-09-11T21:05:07.4898120Z     simlink_test.go:88: observed latency: 0s (uplink is instant)
Unit tests (macos, Go 1.27.x)	Run tests	2026-09-11T21:05:07.4898460Z === RUN   TestLatency/testing_upload=false
Unit tests (macos, Go 1.27.x)	Run tests	2026-09-11T21:05:07.4899030Z     simlink_test.go:96: observed latency: 10ms, expected latency: 10ms, percent error: 0.000000
Unit tests (macos, Go 1.27.x)	Run tests	2026-09-11T21:05:07.4899430Z --- PASS: TestLatency (0.00s)
Unit tests (macos, Go 1.27.x)	Run tests	2026-09-11T21:05:07.4899780Z     --- PASS: TestLatency/testing_upload=true (0.00s)
Unit tests (macos, Go 1.27.x)	Run tests	2026-09-11T21:05:07.4900170Z     --- PASS: TestLatency/testing_upload=false (0.00s)
Unit tests (macos, Go 1.27.x)	Run tests	2026-09-11T21:05:07.4900710Z === RUN   TestQueue
Unit tests (macos, Go 1.27.x)	Run tests	2026-09-11T21:05:07.4900910Z --- PASS: TestQueue (0.03s)
Unit tests (macos, Go 1.27.x)	Run tests	2026-09-11T21:05:07.4901120Z === RUN   TestSimConnBasicConnectivity
Unit tests (macos, Go 1.27.x)	Run tests	2026-09-11T21:05:07.4901390Z --- PASS: TestSimConnBasicConnectivity (0.00s)
Unit tests (macos, Go 1.27.x)	Run tests	2026-09-11T21:05:07.4901680Z === RUN   TestSimConnDeadlinesWithLatency
Unit tests (macos, Go 1.27.x)	Run tests	2026-09-11T21:05:07.4902290Z === RUN   TestSimConnDeadlinesWithLatency/write_succeeds_within_deadline
Unit tests (macos, Go 1.27.x)	Run tests	2026-09-11T21:05:07.4902790Z === RUN   TestSimConnDeadlinesWithLatency/write_fails_after_past_deadline
Unit tests (macos, Go 1.27.x)	Run tests	2026-09-11T21:05:07.4903210Z === RUN   TestSimConnDeadlinesWithLatency/read_succeeds_within_deadline
Unit tests (macos, Go 1.27.x)	Run tests	2026-09-11T21:05:07.4903740Z === RUN   TestSimConnDeadlinesWithLatency/read_fails_after_deadline
Unit tests (macos, Go 1.27.x)	Run tests	2026-09-11T21:05:07.4904130Z --- PASS: TestSimConnDeadlinesWithLatency (0.16s)
Unit tests (macos, Go 1.27.x)	Run tests	2026-09-11T21:05:07.4904960Z     --- PASS: TestSimConnDeadlinesWithLatency/write_succeeds_within_deadline (0.00s)
Unit tests (macos, Go 1.27.x)	Run tests	2026-09-11T21:05:07.4905590Z     --- PASS: TestSimConnDeadlinesWithLatency/write_fails_after_past_deadline (0.00s)
Unit tests (macos, Go 1.27.x)	Run tests	2026-09-11T21:05:07.4906220Z     --- PASS: TestSimConnDeadlinesWithLatency/read_succeeds_within_deadline (0.10s)
Unit tests (macos, Go 1.27.x)	Run tests	2026-09-11T21:05:07.4906800Z     --- PASS: TestSimConnDeadlinesWithLatency/read_fails_after_deadline (0.05s)
Unit tests (macos, Go 1.27.x)	Run tests	2026-09-11T21:05:07.4907130Z === RUN   TestSimpleSimNet
Unit tests (macos, Go 1.27.x)	Run tests	2026-09-11T21:05:07.4907660Z     simnet_synctest_test.go:54: observed latency: 10ms, expected latency: 10ms, percent diff: 0
Unit tests (macos, Go 1.27.x)	Run tests	2026-09-11T21:05:07.4908050Z --- PASS: TestSimpleSimNet (0.00s)
Unit tests (macos, Go 1.27.x)	Run tests	2026-09-11T21:05:07.4908270Z === RUN   TestSimConnDeadlines
Unit tests (macos, Go 1.27.x)	Run tests	2026-09-11T21:05:07.4908520Z === RUN   TestSimConnDeadlines/read_deadline
Unit tests (macos, Go 1.27.x)	Run tests	2026-09-11T21:05:07.4908790Z === RUN   TestSimConnDeadlines/write_deadline
Unit tests (macos, Go 1.27.x)	Run tests	2026-09-11T21:05:07.4909040Z --- PASS: TestSimConnDeadlines (0.01s)
Unit tests (macos, Go 1.27.x)	Run tests	2026-09-11T21:05:07.4909410Z     --- PASS: TestSimConnDeadlines/read_deadline (0.01s)
Unit tests (macos, Go 1.27.x)	Run tests	2026-09-11T21:05:07.4909790Z     --- PASS: TestSimConnDeadlines/write_deadline (0.00s)
Unit tests (macos, Go 1.27.x)	Run tests	2026-09-11T21:05:07.4910070Z === RUN   TestSimConnClose
Unit tests (macos, Go 1.27.x)	Run tests	2026-09-11T21:05:07.4910280Z --- PASS: TestSimConnClose (0.00s)
Unit tests (macos, Go 1.27.x)	Run tests	2026-09-11T21:05:07.4910520Z === RUN   TestQueueClose
Unit tests (macos, Go 1.27.x)	Run tests	2026-09-11T21:05:07.4911290Z --- PASS: TestQueueClose (0.00s)
Unit tests (macos, Go 1.27.x)	Run tests	2026-09-11T21:05:07.4912000Z PASS
Unit tests (macos, Go 1.27.x)	Run tests	2026-09-11T21:05:07.4912600Z coverage: 88.1% of statements
Unit tests (macos, Go 1.27.x)	Run tests	2026-09-11T21:05:07.4912960Z ok  	github.com/quic-go/quic-go/testutils/simnet	0.215s	coverage: 88.1% of statements
Unit tests (macos, Go 1.27.x)	Run tests	2026-09-11T21:05:07.4913310Z FAIL
Unit tests (macos, Go 1.27.x)	Run tests	2026-09-11T21:05:07.5775780Z ##[error]Process completed with exit code 1.
Unit tests (macos, Go 1.27.x)	Upload coverage to Codecov	﻿2026-09-11T21:05:07.6515220Z ##[group]Run codecov/codecov-action@fb8b3582c8e4def4969c97caa2f19720cb33a72f
Unit tests (macos, Go 1.27.x)	Upload coverage to Codecov	2026-09-11T21:05:07.6516280Z with:
Unit tests (macos, Go 1.27.x)	Upload coverage to Codecov	2026-09-11T21:05:07.6516930Z   files: coverage.txt,coverage-root.txt
Unit tests (macos, Go 1.27.x)	Upload coverage to Codecov	2026-09-11T21:05:07.6517510Z   env_vars: OS,GO
Unit tests (macos, Go 1.27.x)	Upload coverage to Codecov	2026-09-11T21:05:07.6517970Z   disable_file_fixes: false
Unit tests (macos, Go 1.27.x)	Upload coverage to Codecov	2026-09-11T21:05:07.6518600Z   disable_search: false
Unit tests (macos, Go 1.27.x)	Upload coverage to Codecov	2026-09-11T21:05:07.6519400Z   disable_safe_directory: false
Unit tests (macos, Go 1.27.x)	Upload coverage to Codecov	2026-09-11T21:05:07.6519800Z   disable_telem: false
Unit tests (macos, Go 1.27.x)	Upload coverage to Codecov	2026-09-11T21:05:07.6520000Z   dry_run: false
Unit tests (macos, Go 1.27.x)	Upload coverage to Codecov	2026-09-11T21:05:07.6520210Z   fail_ci_if_error: false
Unit tests (macos, Go 1.27.x)	Upload coverage to Codecov	2026-09-11T21:05:07.6520430Z   git_service: github
Unit tests (macos, Go 1.27.x)	Upload coverage to Codecov	2026-09-11T21:05:07.6520640Z   gcov_executable: gcov
Unit tests (macos, Go 1.27.x)	Upload coverage to Codecov	2026-09-11T21:05:07.6520860Z   handle_no_reports_found: false
Unit tests (macos, Go 1.27.x)	Upload coverage to Codecov	2026-09-11T21:05:07.6521060Z   recurse_submodules: false
Unit tests (macos, Go 1.27.x)	Upload coverage to Codecov	2026-09-11T21:05:07.6521250Z   run_command: upload-coverage
Unit tests (macos, Go 1.27.x)	Upload coverage to Codecov	2026-09-11T21:05:07.6521450Z   skip_validation: false
Unit tests (macos, Go 1.27.x)	Upload coverage to Codecov	2026-09-11T21:05:07.6521630Z   use_legacy_upload_endpoint: false
Unit tests (macos, Go 1.27.x)	Upload coverage to Codecov	2026-09-11T21:05:07.6521820Z   use_oidc: false
Unit tests (macos, Go 1.27.x)	Upload coverage to Codecov	2026-09-11T21:05:07.6522040Z   use_pypi: false
Unit tests (macos, Go 1.27.x)	Upload coverage to Codecov	2026-09-11T21:05:07.6522180Z   verbose: false
Unit tests (macos, Go 1.27.x)	Upload coverage to Codecov	2026-09-11T21:05:07.6522320Z   version: latest
Unit tests (macos, Go 1.27.x)	Upload coverage to Codecov	2026-09-11T21:05:07.6522470Z env:
Unit tests (macos, Go 1.27.x)	Upload coverage to Codecov	2026-09-11T21:05:07.6522600Z   GOTOOLCHAIN: local
Unit tests (macos, Go 1.27.x)	Upload coverage to Codecov	2026-09-11T21:05:07.6522750Z   OS: macos
Unit tests (macos, Go 1.27.x)	Upload coverage to Codecov	2026-09-11T21:05:07.6522880Z   GO: 1.27.x
Unit tests (macos, Go 1.27.x)	Upload coverage to Codecov	2026-09-11T21:05:07.6523010Z ##[endgroup]
Unit tests (macos, Go 1.27.x)	Upload coverage to Codecov	2026-09-11T21:05:07.6583600Z ##[start-action display=Check system dependencies;id=__codecov_codecov-action.__run]
Unit tests (macos, Go 1.27.x)	Upload coverage to Codecov	2026-09-11T21:05:07.6609550Z ##[group]Run missing_deps=""
Unit tests (macos, Go 1.27.x)	Upload coverage to Codecov	2026-09-11T21:05:07.6610500Z ^[[36;1mmissing_deps=""^[[0m
Unit tests (macos, Go 1.27.x)	Upload coverage to Codecov	2026-09-11T21:05:07.6610740Z ^[[36;1m^[[0m
Unit tests (macos, Go 1.27.x)	Upload coverage to Codecov	2026-09-11T21:05:07.6610920Z ^[[36;1m# Check for always-required commands^[[0m
Unit tests (macos, Go 1.27.x)	Upload coverage to Codecov	2026-09-11T21:05:07.6611170Z ^[[36;1mfor cmd in bash git curl; do^[[0m
Unit tests (macos, Go 1.27.x)	Upload coverage to Codecov	2026-09-11T21:05:07.6611420Z ^[[36;1m  if ! command -v "$cmd" >/dev/null 2>&1; then^[[0m
Unit tests (macos, Go 1.27.x)	Upload coverage to Codecov	2026-09-11T21:05:07.6611690Z ^[[36;1m    missing_deps="$missing_deps $cmd"^[[0m
Unit tests (macos, Go 1.27.x)	Upload coverage to Codecov	2026-09-11T21:05:07.6611910Z ^[[36;1m  fi^[[0m
Unit tests (macos, Go 1.27.x)	Upload coverage to Codecov	2026-09-11T21:05:07.6612060Z ^[[36;1mdone^[[0m
Unit tests (macos, Go 1.27.x)	Upload coverage to Codecov	2026-09-11T21:05:07.6612810Z ^[[36;1m^[[0m
Unit tests (macos, Go 1.27.x)	Upload coverage to Codecov	2026-09-11T21:05:07.6613050Z ^[[36;1m# Check for gpg only if validation is not being skipped^[[0m
Unit tests (macos, Go 1.27.x)	Upload coverage to Codecov	2026-09-11T21:05:07.6613370Z ^[[36;1mif [ "$INPUT_SKIP_VALIDATION" != "true" ]; then^[[0m
Unit tests (macos, Go 1.27.x)	Upload coverage to Codecov	2026-09-11T21:05:07.6613650Z ^[[36;1m  if ! command -v gpg >/dev/null 2>&1; then^[[0m
Unit tests (macos, Go 1.27.x)	Upload coverage to Codecov	2026-09-11T21:05:07.6613900Z ^[[36;1m    missing_deps="$missing_deps gpg"^[[0m
Unit tests (macos, Go 1.27.x)	Upload coverage to Codecov	2026-09-11T21:05:07.6614400Z ^[[36;1m  fi^[[0m
Unit tests (macos, Go 1.27.x)	Upload coverage to Codecov	2026-09-11T21:05:07.6614550Z ^[[36;1mfi^[[0m
Unit tests (macos, Go 1.27.x)	Upload coverage to Codecov	2026-09-11T21:05:07.6614680Z ^[[36;1m^[[0m
Unit tests (macos, Go 1.27.x)	Upload coverage to Codecov	2026-09-11T21:05:07.6614850Z ^[[36;1m# Report missing required dependencies^[[0m
Unit tests (macos, Go 1.27.x)	Upload coverage to Codecov	2026-09-11T21:05:07.6615090Z ^[[36;1mif [ -n "$missing_deps" ]; then^[[0m
Unit tests (macos, Go 1.27.x)	Upload coverage to Codecov	2026-09-11T21:05:07.6615440Z ^[[36;1m  echo "Error: The following required dependencies are missing:$missing_deps"^[[0m
Unit tests (macos, Go 1.27.x)	Upload coverage to Codecov	2026-09-11T21:05:07.6615880Z ^[[36;1m  echo "Please install these dependencies before using this action."^[[0m
Unit tests (macos, Go 1.27.x)	Upload coverage to Codecov	2026-09-11T21:05:07.6616190Z ^[[36;1m  exit 1^[[0m
Unit tests (macos, Go 1.27.x)	Upload coverage to Codecov	2026-09-11T21:05:07.6616340Z ^[[36;1mfi^[[0m
Unit tests (macos, Go 1.27.x)	Upload coverage to Codecov	2026-09-11T21:05:07.6616470Z ^[[36;1m^[[0m
Unit tests (macos, Go 1.27.x)	Upload coverage to Codecov	2026-09-11T21:05:07.6617120Z ^[[36;1mecho "All required system dependencies are available."^[[0m
Unit tests (macos, Go 1.27.x)	Upload coverage to Codecov	2026-09-11T21:05:07.6659510Z shell: /bin/sh -e {0}
Unit tests (macos, Go 1.27.x)	Upload coverage to Codecov	2026-09-11T21:05:07.6659720Z env:
Unit tests (macos, Go 1.27.x)	Upload coverage to Codecov	2026-09-11T21:05:07.6659870Z   GOTOOLCHAIN: local
Unit tests (macos, Go 1.27.x)	Upload coverage to Codecov	2026-09-11T21:05:07.6660030Z   OS: macos
Unit tests (macos, Go 1.27.x)	Upload coverage to Codecov	2026-09-11T21:05:07.6660170Z   GO: 1.27.x
Unit tests (macos, Go 1.27.x)	Upload coverage to Codecov	2026-09-11T21:05:07.6660320Z   INPUT_SKIP_VALIDATION: false
Unit tests (macos, Go 1.27.x)	Upload coverage to Codecov	2026-09-11T21:05:07.6660520Z ##[endgroup]
Unit tests (macos, Go 1.27.x)	Upload coverage to Codecov	2026-09-11T21:05:07.7235240Z All required system dependencies are available.
Unit tests (macos, Go 1.27.x)	Upload coverage to Codecov	2026-09-11T21:05:07.7259770Z ##[end-action id=__codecov_codecov-action.__run;outcome=success;conclusion=success;duration_ms=67]
Unit tests (macos, Go 1.27.x)	Upload coverage to Codecov	2026-09-11T21:05:07.7267040Z ##[start-action display=Action version;id=__codecov_codecov-action.__run_2]
Unit tests (macos, Go 1.27.x)	Upload coverage to Codecov	2026-09-11T21:05:07.7311790Z ##[group]Run CC_ACTION_VERSION=$(cat ${GITHUB_ACTION_PATH}/src/version)
Unit tests (macos, Go 1.27.x)	Upload coverage to Codecov	2026-09-11T21:05:07.7312860Z ^[[36;1mCC_ACTION_VERSION=$(cat ${GITHUB_ACTION_PATH}/src/version)^[[0m
Unit tests (macos, Go 1.27.x)	Upload coverage to Codecov	2026-09-11T21:05:07.7313910Z ^[[36;1mecho -e "\033[0;32m==>\033[0m Running Action version $CC_ACTION_VERSION"^[[0m
Unit tests (macos, Go 1.27.x)	Upload coverage to Codecov	2026-09-11T21:05:07.7367510Z shell: /bin/bash --noprofile --norc -e -o pipefail {0}
Unit tests (macos, Go 1.27.x)	Upload coverage to Codecov	2026-09-11T21:05:07.7367840Z env:
Unit tests (macos, Go 1.27.x)	Upload coverage to Codecov	2026-09-11T21:05:07.7368010Z   GOTOOLCHAIN: local
Unit tests (macos, Go 1.27.x)	Upload coverage to Codecov	2026-09-11T21:05:07.7368190Z   OS: macos
Unit tests (macos, Go 1.27.x)	Upload coverage to Codecov	2026-09-11T21:05:07.7368350Z   GO: 1.27.x
Unit tests (macos, Go 1.27.x)	Upload coverage to Codecov	2026-09-11T21:05:07.7368520Z ##[endgroup]
Unit tests (macos, Go 1.27.x)	Upload coverage to Codecov	2026-09-11T21:05:07.7923560Z ^[[0;32m==>^[[0m Running Action version 7.0.0
Unit tests (macos, Go 1.27.x)	Upload coverage to Codecov	2026-09-11T21:05:07.7940700Z ##[end-action id=__codecov_codecov-action.__run_2;outcome=success;conclusion=success;duration_ms=67]
Unit tests (macos, Go 1.27.x)	Upload coverage to Codecov	2026-09-11T21:05:07.7945800Z ##[start-action display=Set safe directory;id=__codecov_codecov-action.__run_3]
Unit tests (macos, Go 1.27.x)	Upload coverage to Codecov	2026-09-11T21:05:07.7999370Z ##[group]Run git config --global --add safe.directory "/Users/runner/work/quic-go-fast/quic-go-fast"
Unit tests (macos, Go 1.27.x)	Upload coverage to Codecov	2026-09-11T21:05:07.8000010Z ^[[36;1mgit config --global --add safe.directory "/Users/runner/work/quic-go-fast/quic-go-fast"^[[0m
Unit tests (macos, Go 1.27.x)	Upload coverage to Codecov	2026-09-11T21:05:07.8000500Z ^[[36;1mgit config --global --add safe.directory "$GITHUB_WORKSPACE"^[[0m
Unit tests (macos, Go 1.27.x)	Upload coverage to Codecov	2026-09-11T21:05:07.8063560Z shell: /bin/bash --noprofile --norc -e -o pipefail {0}
Unit tests (macos, Go 1.27.x)	Upload coverage to Codecov	2026-09-11T21:05:07.8064430Z env:
Unit tests (macos, Go 1.27.x)	Upload coverage to Codecov	2026-09-11T21:05:07.8064860Z   GOTOOLCHAIN: local
Unit tests (macos, Go 1.27.x)	Upload coverage to Codecov	2026-09-11T21:05:07.8065360Z   OS: macos
Unit tests (macos, Go 1.27.x)	Upload coverage to Codecov	2026-09-11T21:05:07.8065770Z   GO: 1.27.x
Unit tests (macos, Go 1.27.x)	Upload coverage to Codecov	2026-09-11T21:05:07.8066190Z ##[endgroup]
Unit tests (macos, Go 1.27.x)	Upload coverage to Codecov	2026-09-11T21:05:07.8654780Z ##[end-action id=__codecov_codecov-action.__run_3;outcome=success;conclusion=success;duration_ms=70]
Unit tests (macos, Go 1.27.x)	Upload coverage to Codecov	2026-09-11T21:05:07.8659380Z ##[start-action display=Set fork;id=__codecov_codecov-action.__run_4]
Unit tests (macos, Go 1.27.x)	Upload coverage to Codecov	2026-09-11T21:05:07.8676390Z ##[group]Run CC_FORK="false"
Unit tests (macos, Go 1.27.x)	Upload coverage to Codecov	2026-09-11T21:05:07.8676750Z ^[[36;1mCC_FORK="false"^[[0m
Unit tests (macos, Go 1.27.x)	Upload coverage to Codecov	2026-09-11T21:05:07.8677310Z ^[[36;1mif [ -n "$GITHUB_EVENT_PULL_REQUEST_HEAD_REPO_FULL_NAME" ] && [ "$GITHUB_EVENT_PULL_REQUEST_HEAD_REPO_FULL_NAME" != "$GITHUB_REPOSITORY" ];^[[0m
Unit tests (macos, Go 1.27.x)	Upload coverage to Codecov	2026-09-11T21:05:07.8677940Z ^[[36;1mthen^[[0m
Unit tests (macos, Go 1.27.x)	Upload coverage to Codecov	2026-09-11T21:05:07.8678200Z ^[[36;1m  echo -e "\033[0;32m==>\033[0m Fork detected"^[[0m
Unit tests (macos, Go 1.27.x)	Upload coverage to Codecov	2026-09-11T21:05:07.8679690Z ^[[36;1m  CC_FORK="true"^[[0m
Unit tests (macos, Go 1.27.x)	Upload coverage to Codecov	2026-09-11T21:05:07.8680390Z ^[[36;1mfi^[[0m
Unit tests (macos, Go 1.27.x)	Upload coverage to Codecov	2026-09-11T21:05:07.8681040Z ^[[36;1mecho "CC_FORK=$CC_FORK" >> "$GITHUB_ENV"^[[0m
Unit tests (macos, Go 1.27.x)	Upload coverage to Codecov	2026-09-11T21:05:07.8780180Z shell: /bin/bash --noprofile --norc -e -o pipefail {0}
Unit tests (macos, Go 1.27.x)	Upload coverage to Codecov	2026-09-11T21:05:07.8780600Z env:
Unit tests (macos, Go 1.27.x)	Upload coverage to Codecov	2026-09-11T21:05:07.8780790Z   GOTOOLCHAIN: local
Unit tests (macos, Go 1.27.x)	Upload coverage to Codecov	2026-09-11T21:05:07.8781010Z   OS: macos
Unit tests (macos, Go 1.27.x)	Upload coverage to Codecov	2026-09-11T21:05:07.8781170Z   GO: 1.27.x
Unit tests (macos, Go 1.27.x)	Upload coverage to Codecov	2026-09-11T21:05:07.8781450Z   GITHUB_EVENT_PULL_REQUEST_HEAD_LABEL: 
Unit tests (macos, Go 1.27.x)	Upload coverage to Codecov	2026-09-11T21:05:07.8781960Z   GITHUB_EVENT_PULL_REQUEST_HEAD_REPO_FULL_NAME: 
Unit tests (macos, Go 1.27.x)	Upload coverage to Codecov	2026-09-11T21:05:07.8782250Z   GITHUB_REPOSITORY: the-sarge/quic-go-fast
Unit tests (macos, Go 1.27.x)	Upload coverage to Codecov	2026-09-11T21:05:07.8782530Z ##[endgroup]
Unit tests (macos, Go 1.27.x)	Upload coverage to Codecov	2026-09-11T21:05:07.9172870Z ##[end-action id=__codecov_codecov-action.__run_4;outcome=success;conclusion=success;duration_ms=51]
Unit tests (macos, Go 1.27.x)	Upload coverage to Codecov	2026-09-11T21:05:07.9176700Z ##[start-action display=Get OIDC token;id=__codecov_codecov-action.oidc]
Unit tests (macos, Go 1.27.x)	Upload coverage to Codecov	2026-09-11T21:05:07.9356090Z ##[group]Run actions/github-script@ed597411d8f924073f98dfc5c65a23a2325f34cd
Unit tests (macos, Go 1.27.x)	Upload coverage to Codecov	2026-09-11T21:05:07.9356430Z with:
Unit tests (macos, Go 1.27.x)	Upload coverage to Codecov	2026-09-11T21:05:07.9356930Z   script: if (process.env.CC_USE_OIDC === 'true' && process.env.CC_FORK != 'true') {
Unit tests (macos, Go 1.27.x)	Upload coverage to Codecov	  const id_token = await core.getIDToken(process.env.CC_OIDC_AUDIENCE)
Unit tests (macos, Go 1.27.x)	Upload coverage to Codecov	  return id_token
Unit tests (macos, Go 1.27.x)	Upload coverage to Codecov	}
Unit tests (macos, Go 1.27.x)	Upload coverage to Codecov	
Unit tests (macos, Go 1.27.x)	Upload coverage to Codecov	2026-09-11T21:05:07.9359390Z   github-token: ***
Unit tests (macos, Go 1.27.x)	Upload coverage to Codecov	2026-09-11T21:05:07.9359590Z   debug: false
Unit tests (macos, Go 1.27.x)	Upload coverage to Codecov	2026-09-11T21:05:07.9359760Z   user-agent: actions/github-script
Unit tests (macos, Go 1.27.x)	Upload coverage to Codecov	2026-09-11T21:05:07.9359970Z   result-encoding: json
Unit tests (macos, Go 1.27.x)	Upload coverage to Codecov	2026-09-11T21:05:07.9360190Z   retries: 0
Unit tests (macos, Go 1.27.x)	Upload coverage to Codecov	2026-09-11T21:05:07.9360390Z   retry-exempt-status-codes: 400,401,403,404,422
Unit tests (macos, Go 1.27.x)	Upload coverage to Codecov	2026-09-11T21:05:07.9360630Z env:
Unit tests (macos, Go 1.27.x)	Upload coverage to Codecov	2026-09-11T21:05:07.9360780Z   GOTOOLCHAIN: local
Unit tests (macos, Go 1.27.x)	Upload coverage to Codecov	2026-09-11T21:05:07.9360950Z   CC_FORK: false
Unit tests (macos, Go 1.27.x)	Upload coverage to Codecov	2026-09-11T21:05:07.9361120Z   OS: macos
Unit tests (macos, Go 1.27.x)	Upload coverage to Codecov	2026-09-11T21:05:07.9361270Z   GO: 1.27.x
Unit tests (macos, Go 1.27.x)	Upload coverage to Codecov	2026-09-11T21:05:07.9361470Z   CC_OIDC_AUDIENCE: https://codecov.io
Unit tests (macos, Go 1.27.x)	Upload coverage to Codecov	2026-09-11T21:05:07.9361700Z   CC_USE_OIDC: false
Unit tests (macos, Go 1.27.x)	Upload coverage to Codecov	2026-09-11T21:05:07.9361880Z ##[endgroup]
Unit tests (macos, Go 1.27.x)	Upload coverage to Codecov	2026-09-11T21:05:08.4453890Z ##[end-action id=__codecov_codecov-action.oidc;outcome=success;conclusion=success;duration_ms=527]
Unit tests (macos, Go 1.27.x)	Upload coverage to Codecov	2026-09-11T21:05:08.4476580Z ##[start-action display=Get and set token;id=__codecov_codecov-action.__run_5]
Unit tests (macos, Go 1.27.x)	Upload coverage to Codecov	2026-09-11T21:05:08.4529460Z ##[group]Run if [ "$INPUT_USE_OIDC" == 'true' ] && [ "$CC_FORK" != 'true' ];
Unit tests (macos, Go 1.27.x)	Upload coverage to Codecov	2026-09-11T21:05:08.4530010Z ^[[36;1mif [ "$INPUT_USE_OIDC" == 'true' ] && [ "$CC_FORK" != 'true' ];^[[0m
Unit tests (macos, Go 1.27.x)	Upload coverage to Codecov	2026-09-11T21:05:08.4530340Z ^[[36;1mthen^[[0m
Unit tests (macos, Go 1.27.x)	Upload coverage to Codecov	2026-09-11T21:05:08.4530560Z ^[[36;1m  echo "CC_TOKEN=$CC_OIDC_TOKEN" >> "$GITHUB_ENV"^[[0m
Unit tests (macos, Go 1.27.x)	Upload coverage to Codecov	2026-09-11T21:05:08.4530930Z ^[[36;1melif [ -n "$INPUT_CODECOV_TOKEN" ];^[[0m
Unit tests (macos, Go 1.27.x)	Upload coverage to Codecov	2026-09-11T21:05:08.4531170Z ^[[36;1mthen^[[0m
Unit tests (macos, Go 1.27.x)	Upload coverage to Codecov	2026-09-11T21:05:08.4531430Z ^[[36;1m  echo -e "\033[0;32m==>\033[0m Token set from env"^[[0m
Unit tests (macos, Go 1.27.x)	Upload coverage to Codecov	2026-09-11T21:05:08.4532060Z ^[[36;1m    echo "CC_TOKEN=$INPUT_CODECOV_TOKEN" >> "$GITHUB_ENV"^[[0m
Unit tests (macos, Go 1.27.x)	Upload coverage to Codecov	2026-09-11T21:05:08.4532350Z ^[[36;1melse^[[0m
Unit tests (macos, Go 1.27.x)	Upload coverage to Codecov	2026-09-11T21:05:08.4532550Z ^[[36;1m  if [ -n "$INPUT_TOKEN" ];^[[0m
Unit tests (macos, Go 1.27.x)	Upload coverage to Codecov	2026-09-11T21:05:08.4532790Z ^[[36;1m  then^[[0m
Unit tests (macos, Go 1.27.x)	Upload coverage to Codecov	2026-09-11T21:05:08.4533020Z ^[[36;1m    echo -e "\033[0;32m==>\033[0m Token set from input"^[[0m
Unit tests (macos, Go 1.27.x)	Upload coverage to Codecov	2026-09-11T21:05:08.4533430Z ^[[36;1m    CC_TOKEN=$(echo "$INPUT_TOKEN" | tr -d '\n')^[[0m
Unit tests (macos, Go 1.27.x)	Upload coverage to Codecov	2026-09-11T21:05:08.4533780Z ^[[36;1m    echo "CC_TOKEN=$CC_TOKEN" >> "$GITHUB_ENV"^[[0m
Unit tests (macos, Go 1.27.x)	Upload coverage to Codecov	2026-09-11T21:05:08.4534050Z ^[[36;1m  fi^[[0m
Unit tests (macos, Go 1.27.x)	Upload coverage to Codecov	2026-09-11T21:05:08.4534220Z ^[[36;1mfi^[[0m
Unit tests (macos, Go 1.27.x)	Upload coverage to Codecov	2026-09-11T21:05:08.4644500Z shell: /bin/bash --noprofile --norc -e -o pipefail {0}
Unit tests (macos, Go 1.27.x)	Upload coverage to Codecov	2026-09-11T21:05:08.4644820Z env:
Unit tests (macos, Go 1.27.x)	Upload coverage to Codecov	2026-09-11T21:05:08.4645000Z   GOTOOLCHAIN: local
Unit tests (macos, Go 1.27.x)	Upload coverage to Codecov	2026-09-11T21:05:08.4645220Z   CC_FORK: false
Unit tests (macos, Go 1.27.x)	Upload coverage to Codecov	2026-09-11T21:05:08.4645390Z   OS: macos
Unit tests (macos, Go 1.27.x)	Upload coverage to Codecov	2026-09-11T21:05:08.4645540Z   GO: 1.27.x
Unit tests (macos, Go 1.27.x)	Upload coverage to Codecov	2026-09-11T21:05:08.4645730Z   CC_OIDC_TOKEN: 
Unit tests (macos, Go 1.27.x)	Upload coverage to Codecov	2026-09-11T21:05:08.4645990Z   CC_OIDC_AUDIENCE: https://codecov.io
Unit tests (macos, Go 1.27.x)	Upload coverage to Codecov	2026-09-11T21:05:08.4646280Z   INPUT_USE_OIDC: false
Unit tests (macos, Go 1.27.x)	Upload coverage to Codecov	2026-09-11T21:05:08.4646480Z   INPUT_TOKEN: 
Unit tests (macos, Go 1.27.x)	Upload coverage to Codecov	2026-09-11T21:05:08.4646640Z   INPUT_CODECOV_TOKEN: 
Unit tests (macos, Go 1.27.x)	Upload coverage to Codecov	2026-09-11T21:05:08.4646820Z ##[endgroup]
Unit tests (macos, Go 1.27.x)	Upload coverage to Codecov	2026-09-11T21:05:08.5156660Z ##[end-action id=__codecov_codecov-action.__run_5;outcome=success;conclusion=success;duration_ms=67]
Unit tests (macos, Go 1.27.x)	Upload coverage to Codecov	2026-09-11T21:05:08.5160830Z ##[start-action display=Override branch for forks;id=__codecov_codecov-action.__run_6]
Unit tests (macos, Go 1.27.x)	Upload coverage to Codecov	2026-09-11T21:05:08.5213860Z ##[group]Run if [ -z "$CC_BRANCH" ] && [ -z "$CC_TOKEN" ] && [ "$CC_FORK" == 'true' ]
Unit tests (macos, Go 1.27.x)	Upload coverage to Codecov	2026-09-11T21:05:08.5214460Z ^[[36;1mif [ -z "$CC_BRANCH" ] && [ -z "$CC_TOKEN" ] && [ "$CC_FORK" == 'true' ]^[[0m
Unit tests (macos, Go 1.27.x)	Upload coverage to Codecov	2026-09-11T21:05:08.5214820Z ^[[36;1mthen^[[0m
Unit tests (macos, Go 1.27.x)	Upload coverage to Codecov	2026-09-11T21:05:08.5215240Z ^[[36;1m  echo -e "\033[0;32m==>\033[0m Fork detected, setting branch to $GITHUB_EVENT_PULL_REQUEST_HEAD_LABEL"^[[0m
Unit tests (macos, Go 1.27.x)	Upload coverage to Codecov	2026-09-11T21:05:08.5215950Z ^[[36;1m  TOKENLESS="$GITHUB_EVENT_PULL_REQUEST_HEAD_LABEL"^[[0m
Unit tests (macos, Go 1.27.x)	Upload coverage to Codecov	2026-09-11T21:05:08.5216280Z ^[[36;1m  CC_BRANCH="$GITHUB_EVENT_PULL_REQUEST_HEAD_LABEL"^[[0m
Unit tests (macos, Go 1.27.x)	Upload coverage to Codecov	2026-09-11T21:05:08.5216610Z ^[[36;1m  echo "TOKENLESS=$TOKENLESS" >> "$GITHUB_ENV"^[[0m
Unit tests (macos, Go 1.27.x)	Upload coverage to Codecov	2026-09-11T21:05:08.5216860Z ^[[36;1mfi^[[0m
Unit tests (macos, Go 1.27.x)	Upload coverage to Codecov	2026-09-11T21:05:08.5217010Z ^[[36;1m^[[0m
Unit tests (macos, Go 1.27.x)	Upload coverage to Codecov	2026-09-11T21:05:08.5217230Z ^[[36;1mecho "CC_BRANCH=$CC_BRANCH" >> "$GITHUB_ENV"^[[0m
Unit tests (macos, Go 1.27.x)	Upload coverage to Codecov	2026-09-11T21:05:08.5259870Z shell: /bin/bash --noprofile --norc -e -o pipefail {0}
Unit tests (macos, Go 1.27.x)	Upload coverage to Codecov	2026-09-11T21:05:08.5260160Z env:
Unit tests (macos, Go 1.27.x)	Upload coverage to Codecov	2026-09-11T21:05:08.5260350Z   GOTOOLCHAIN: local
Unit tests (macos, Go 1.27.x)	Upload coverage to Codecov	2026-09-11T21:05:08.5260540Z   CC_FORK: false
Unit tests (macos, Go 1.27.x)	Upload coverage to Codecov	2026-09-11T21:05:08.5260700Z   OS: macos
Unit tests (macos, Go 1.27.x)	Upload coverage to Codecov	2026-09-11T21:05:08.5260860Z   GO: 1.27.x
Unit tests (macos, Go 1.27.x)	Upload coverage to Codecov	2026-09-11T21:05:08.5261000Z   CC_BRANCH: 
Unit tests (macos, Go 1.27.x)	Upload coverage to Codecov	2026-09-11T21:05:08.5261190Z   GITHUB_EVENT_PULL_REQUEST_HEAD_LABEL: 
Unit tests (macos, Go 1.27.x)	Upload coverage to Codecov	2026-09-11T21:05:08.5261470Z   GITHUB_EVENT_PULL_REQUEST_HEAD_REPO_FULL_NAME: 
Unit tests (macos, Go 1.27.x)	Upload coverage to Codecov	2026-09-11T21:05:08.5261760Z   GITHUB_REPOSITORY: the-sarge/quic-go-fast
Unit tests (macos, Go 1.27.x)	Upload coverage to Codecov	2026-09-11T21:05:08.5262000Z ##[endgroup]
Unit tests (macos, Go 1.27.x)	Upload coverage to Codecov	2026-09-11T21:05:08.5554420Z ##[end-action id=__codecov_codecov-action.__run_6;outcome=success;conclusion=success;duration_ms=39]
Unit tests (macos, Go 1.27.x)	Upload coverage to Codecov	2026-09-11T21:05:08.5558280Z ##[start-action display=Override commits and pr for pull requests;id=__codecov_codecov-action.__run_7]
Unit tests (macos, Go 1.27.x)	Upload coverage to Codecov	2026-09-11T21:05:08.5576990Z ##[group]Run if [ -z "$CC_SHA" ];
Unit tests (macos, Go 1.27.x)	Upload coverage to Codecov	2026-09-11T21:05:08.5577290Z ^[[36;1mif [ -z "$CC_SHA" ];^[[0m
Unit tests (macos, Go 1.27.x)	Upload coverage to Codecov	2026-09-11T21:05:08.5577480Z ^[[36;1mthen^[[0m
Unit tests (macos, Go 1.27.x)	Upload coverage to Codecov	2026-09-11T21:05:08.5577700Z ^[[36;1m  CC_SHA="$GITHUB_EVENT_PULL_REQUEST_HEAD_SHA"^[[0m
Unit tests (macos, Go 1.27.x)	Upload coverage to Codecov	2026-09-11T21:05:08.5577970Z ^[[36;1mfi^[[0m
Unit tests (macos, Go 1.27.x)	Upload coverage to Codecov	2026-09-11T21:05:08.5578180Z ^[[36;1mif [ -z "$CC_PR" ] && [ "$CC_FORK" == 'true' ];^[[0m
Unit tests (macos, Go 1.27.x)	Upload coverage to Codecov	2026-09-11T21:05:08.5579020Z ^[[36;1mthen^[[0m
Unit tests (macos, Go 1.27.x)	Upload coverage to Codecov	2026-09-11T21:05:08.5579240Z ^[[36;1m  CC_PR="$GITHUB_EVENT_NUMBER"^[[0m
Unit tests (macos, Go 1.27.x)	Upload coverage to Codecov	2026-09-11T21:05:08.5579520Z ^[[36;1mfi^[[0m
Unit tests (macos, Go 1.27.x)	Upload coverage to Codecov	2026-09-11T21:05:08.5579700Z ^[[36;1m^[[0m
Unit tests (macos, Go 1.27.x)	Upload coverage to Codecov	2026-09-11T21:05:08.5579920Z ^[[36;1mecho "CC_SHA=$CC_SHA" >> "$GITHUB_ENV"^[[0m
Unit tests (macos, Go 1.27.x)	Upload coverage to Codecov	2026-09-11T21:05:08.5580280Z ^[[36;1mecho "CC_PR=$CC_PR" >> "$GITHUB_ENV"^[[0m
Unit tests (macos, Go 1.27.x)	Upload coverage to Codecov	2026-09-11T21:05:08.5624510Z shell: /bin/bash --noprofile --norc -e -o pipefail {0}
Unit tests (macos, Go 1.27.x)	Upload coverage to Codecov	2026-09-11T21:05:08.5624830Z env:
Unit tests (macos, Go 1.27.x)	Upload coverage to Codecov	2026-09-11T21:05:08.5625010Z   GOTOOLCHAIN: local
Unit tests (macos, Go 1.27.x)	Upload coverage to Codecov	2026-09-11T21:05:08.5625220Z   CC_FORK: false
Unit tests (macos, Go 1.27.x)	Upload coverage to Codecov	2026-09-11T21:05:08.5625430Z   CC_BRANCH: 
Unit tests (macos, Go 1.27.x)	Upload coverage to Codecov	2026-09-11T21:05:08.5626380Z   OS: macos
Unit tests (macos, Go 1.27.x)	Upload coverage to Codecov	2026-09-11T21:05:08.5626550Z   GO: 1.27.x
Unit tests (macos, Go 1.27.x)	Upload coverage to Codecov	2026-09-11T21:05:08.5626690Z   CC_PR: 
Unit tests (macos, Go 1.27.x)	Upload coverage to Codecov	2026-09-11T21:05:08.5626840Z   CC_SHA: 
Unit tests (macos, Go 1.27.x)	Upload coverage to Codecov	2026-09-11T21:05:08.5627020Z   GITHUB_EVENT_NAME: push
Unit tests (macos, Go 1.27.x)	Upload coverage to Codecov	2026-09-11T21:05:08.5627220Z   GITHUB_EVENT_NUMBER: 
Unit tests (macos, Go 1.27.x)	Upload coverage to Codecov	2026-09-11T21:05:08.5628390Z   GITHUB_EVENT_PULL_REQUEST_HEAD_SHA: 
Unit tests (macos, Go 1.27.x)	Upload coverage to Codecov	2026-09-11T21:05:08.5630720Z ##[endgroup]
Unit tests (macos, Go 1.27.x)	Upload coverage to Codecov	2026-09-11T21:05:08.6000040Z ##[end-action id=__codecov_codecov-action.__run_7;outcome=success;conclusion=success;duration_ms=44]
Unit tests (macos, Go 1.27.x)	Upload coverage to Codecov	2026-09-11T21:05:08.6005920Z ##[start-action display=Upload coverage to Codecov;id=__codecov_codecov-action.__run_8]
Unit tests (macos, Go 1.27.x)	Upload coverage to Codecov	2026-09-11T21:05:08.6021550Z ##[group]Run ${GITHUB_ACTION_PATH}/dist/codecov.sh
Unit tests (macos, Go 1.27.x)	Upload coverage to Codecov	2026-09-11T21:05:08.6021960Z ^[[36;1m${GITHUB_ACTION_PATH}/dist/codecov.sh^[[0m
Unit tests (macos, Go 1.27.x)	Upload coverage to Codecov	2026-09-11T21:05:08.6055420Z shell: /bin/bash --noprofile --norc -e -o pipefail {0}
Unit tests (macos, Go 1.27.x)	Upload coverage to Codecov	2026-09-11T21:05:08.6055770Z env:
Unit tests (macos, Go 1.27.x)	Upload coverage to Codecov	2026-09-11T21:05:08.6055930Z   GOTOOLCHAIN: local
Unit tests (macos, Go 1.27.x)	Upload coverage to Codecov	2026-09-11T21:05:08.6056120Z   CC_FORK: false
Unit tests (macos, Go 1.27.x)	Upload coverage to Codecov	2026-09-11T21:05:08.6056270Z   CC_BRANCH: 
Unit tests (macos, Go 1.27.x)	Upload coverage to Codecov	2026-09-11T21:05:08.6056440Z   CC_SHA: 
Unit tests (macos, Go 1.27.x)	Upload coverage to Codecov	2026-09-11T21:05:08.6056590Z   CC_PR: 
Unit tests (macos, Go 1.27.x)	Upload coverage to Codecov	2026-09-11T21:05:08.6056730Z   OS: macos
Unit tests (macos, Go 1.27.x)	Upload coverage to Codecov	2026-09-11T21:05:08.6056880Z   GO: 1.27.x
Unit tests (macos, Go 1.27.x)	Upload coverage to Codecov	2026-09-11T21:05:08.6057020Z   CC_BASE_SHA: 
Unit tests (macos, Go 1.27.x)	Upload coverage to Codecov	2026-09-11T21:05:08.6057180Z   CC_BINARY: 
Unit tests (macos, Go 1.27.x)	Upload coverage to Codecov	2026-09-11T21:05:08.6057340Z   CC_BUILD: 
Unit tests (macos, Go 1.27.x)	Upload coverage to Codecov	2026-09-11T21:05:08.6057490Z   CC_BUILD_URL: 
Unit tests (macos, Go 1.27.x)	Upload coverage to Codecov	2026-09-11T21:05:08.6057690Z   CC_CODE: 
Unit tests (macos, Go 1.27.x)	Upload coverage to Codecov	2026-09-11T21:05:08.6057850Z   CC_DIR: 
Unit tests (macos, Go 1.27.x)	Upload coverage to Codecov	2026-09-11T21:05:08.6058000Z   CC_DISABLE_FILE_FIXES: false
Unit tests (macos, Go 1.27.x)	Upload coverage to Codecov	2026-09-11T21:05:08.6058220Z   CC_DISABLE_SEARCH: false
Unit tests (macos, Go 1.27.x)	Upload coverage to Codecov	2026-09-11T21:05:08.6058420Z   CC_DISABLE_TELEM: false
Unit tests (macos, Go 1.27.x)	Upload coverage to Codecov	2026-09-11T21:05:08.6058610Z   CC_DRY_RUN: false
Unit tests (macos, Go 1.27.x)	Upload coverage to Codecov	2026-09-11T21:05:08.6059130Z   CC_ENTERPRISE_URL: 
Unit tests (macos, Go 1.27.x)	Upload coverage to Codecov	2026-09-11T21:05:08.6059310Z   CC_ENV: OS,GO
Unit tests (macos, Go 1.27.x)	Upload coverage to Codecov	2026-09-11T21:05:08.6059510Z   CC_EXCLUDES: 
Unit tests (macos, Go 1.27.x)	Upload coverage to Codecov	2026-09-11T21:05:08.6059670Z   CC_FAIL_ON_ERROR: false
Unit tests (macos, Go 1.27.x)	Upload coverage to Codecov	2026-09-11T21:05:08.6059890Z   CC_FILES: coverage.txt,coverage-root.txt
Unit tests (macos, Go 1.27.x)	Upload coverage to Codecov	2026-09-11T21:05:08.6060140Z   CC_FLAGS: 
Unit tests (macos, Go 1.27.x)	Upload coverage to Codecov	2026-09-11T21:05:08.6060290Z   CC_FORCE: 
Unit tests (macos, Go 1.27.x)	Upload coverage to Codecov	2026-09-11T21:05:08.6060440Z   CC_GCOV_ARGS: 
Unit tests (macos, Go 1.27.x)	Upload coverage to Codecov	2026-09-11T21:05:08.6060620Z   CC_GCOV_EXECUTABLE: gcov
Unit tests (macos, Go 1.27.x)	Upload coverage to Codecov	2026-09-11T21:05:08.6060800Z   CC_GCOV_IGNORE: 
Unit tests (macos, Go 1.27.x)	Upload coverage to Codecov	2026-09-11T21:05:08.6060970Z   CC_GCOV_INCLUDE: 
Unit tests (macos, Go 1.27.x)	Upload coverage to Codecov	2026-09-11T21:05:08.6073020Z   CC_GIT_SERVICE: github
Unit tests (macos, Go 1.27.x)	Upload coverage to Codecov	2026-09-11T21:05:08.6073350Z   CC_HANDLE_NO_REPORTS_FOUND: false
Unit tests (macos, Go 1.27.x)	Upload coverage to Codecov	2026-09-11T21:05:08.6073560Z   CC_JOB_CODE: 
Unit tests (macos, Go 1.27.x)	Upload coverage to Codecov	2026-09-11T21:05:08.6073770Z   CC_LEGACY: false
Unit tests (macos, Go 1.27.x)	Upload coverage to Codecov	2026-09-11T21:05:08.6073930Z   CC_NAME: 
Unit tests (macos, Go 1.27.x)	Upload coverage to Codecov	2026-09-11T21:05:08.6074100Z   CC_NETWORK_FILTER: 
Unit tests (macos, Go 1.27.x)	Upload coverage to Codecov	2026-09-11T21:05:08.6074580Z   CC_NETWORK_PREFIX: 
Unit tests (macos, Go 1.27.x)	Upload coverage to Codecov	2026-09-11T21:05:08.6074810Z   CC_NETWORK_ROOT_FOLDER: 
Unit tests (macos, Go 1.27.x)	Upload coverage to Codecov	2026-09-11T21:05:08.6075000Z   CC_OS: 
Unit tests (macos, Go 1.27.x)	Upload coverage to Codecov	2026-09-11T21:05:08.6075160Z   CC_PARENT_SHA: 
Unit tests (macos, Go 1.27.x)	Upload coverage to Codecov	2026-09-11T21:05:08.6075370Z   CC_PLUGINS: 
Unit tests (macos, Go 1.27.x)	Upload coverage to Codecov	2026-09-11T21:05:08.6075560Z   CC_RECURSE_SUBMODULES: false
Unit tests (macos, Go 1.27.x)	Upload coverage to Codecov	2026-09-11T21:05:08.6075740Z   CC_REPORT_TYPE: 
Unit tests (macos, Go 1.27.x)	Upload coverage to Codecov	2026-09-11T21:05:08.6075920Z   CC_RUN_CMD: upload-coverage
Unit tests (macos, Go 1.27.x)	Upload coverage to Codecov	2026-09-11T21:05:08.6076150Z   CC_SERVICE: github
Unit tests (macos, Go 1.27.x)	Upload coverage to Codecov	2026-09-11T21:05:08.6076320Z   CC_SKIP_VALIDATION: false
Unit tests (macos, Go 1.27.x)	Upload coverage to Codecov	2026-09-11T21:05:08.6076500Z   CC_SLUG: 
Unit tests (macos, Go 1.27.x)	Upload coverage to Codecov	2026-09-11T21:05:08.6076640Z   CC_SWIFT_PROJECT: 
Unit tests (macos, Go 1.27.x)	Upload coverage to Codecov	2026-09-11T21:05:08.6076800Z   CC_USE_PYPI: false
Unit tests (macos, Go 1.27.x)	Upload coverage to Codecov	2026-09-11T21:05:08.6076960Z   CC_VERBOSE: false
Unit tests (macos, Go 1.27.x)	Upload coverage to Codecov	2026-09-11T21:05:08.6077130Z   CC_VERSION: latest
Unit tests (macos, Go 1.27.x)	Upload coverage to Codecov	2026-09-11T21:05:08.6077280Z   CC_YML_PATH: 
Unit tests (macos, Go 1.27.x)	Upload coverage to Codecov	2026-09-11T21:05:08.6077450Z ##[endgroup]
Unit tests (macos, Go 1.27.x)	Upload coverage to Codecov	2026-09-11T21:05:08.6578610Z      _____          _
Unit tests (macos, Go 1.27.x)	Upload coverage to Codecov	2026-09-11T21:05:08.6579790Z     / ____|        | |
Unit tests (macos, Go 1.27.x)	Upload coverage to Codecov	2026-09-11T21:05:08.6580050Z    | |     ___   __| | ___  ___ _____   __
Unit tests (macos, Go 1.27.x)	Upload coverage to Codecov	2026-09-11T21:05:08.6580350Z    | |    / _ \ / _` |/ _ \/ __/ _ \ \ / /
Unit tests (macos, Go 1.27.x)	Upload coverage to Codecov	2026-09-11T21:05:08.6580690Z    | |___| (_) | (_| |  __/ (_| (_) \ V /
Unit tests (macos, Go 1.27.x)	Upload coverage to Codecov	2026-09-11T21:05:08.6581030Z     \_____\___/ \__,_|\___|\___\___/ \_/
Unit tests (macos, Go 1.27.x)	Upload coverage to Codecov	2026-09-11T21:05:08.6582240Z                            ^[[0;31m Wrapper-0.2.9^[[0m
Unit tests (macos, Go 1.27.x)	Upload coverage to Codecov	2026-09-11T21:05:08.6582630Z                            
Unit tests (macos, Go 1.27.x)	Upload coverage to Codecov	2026-09-11T21:05:08.6810840Z ^[[0;32m==>^[[0m Detected ^[[0;36mmacos^[[0m
Unit tests (macos, Go 1.27.x)	Upload coverage to Codecov	2026-09-11T21:05:08.6813020Z ^[[0;32m ->^[[0m Downloading ^[[0;36mhttps://cli.codecov.io/latest/macos/codecov^[[0m
Unit tests (macos, Go 1.27.x)	Upload coverage to Codecov	2026-09-11T21:05:08.7128750Z   % Total    % Received % Xferd  Average Speed   Time    Time     Time  Current
Unit tests (macos, Go 1.27.x)	Upload coverage to Codecov	2026-09-11T21:05:08.7130400Z                                  Dload  Upload   Total   Spent    Left  Speed
Unit tests (macos, Go 1.27.x)	Upload coverage to Codecov	2026-09-11T21:05:08.7130630Z 
Unit tests (macos, Go 1.27.x)	Upload coverage to Codecov	2026-09-11T21:05:09.0614720Z   0     0    0     0    0     0      0      0 --:--:-- --:--:-- --:--:--     0
Unit tests (macos, Go 1.27.x)	Upload coverage to Codecov	2026-09-11T21:05:09.0620790Z 100 20.5M  100 20.5M    0     0  59.0M      0 --:--:-- --:--:-- --:--:-- 59.2M
Unit tests (macos, Go 1.27.x)	Upload coverage to Codecov	2026-09-11T21:05:09.0621590Z ^[[0;32m==>^[[0m Finishing downloading ^[[0;36mmacos:latest^[[0m
Unit tests (macos, Go 1.27.x)	Upload coverage to Codecov	2026-09-11T21:05:09.1162110Z       Version: ^[[0;36mv11.3.1^[[0m
Unit tests (macos, Go 1.27.x)	Upload coverage to Codecov	2026-09-11T21:05:09.1162670Z  
Unit tests (macos, Go 1.27.x)	Upload coverage to Codecov	2026-09-11T21:05:09.2008850Z gpg: directory '/Users/runner/.gnupg' created
Unit tests (macos, Go 1.27.x)	Upload coverage to Codecov	2026-09-11T21:05:09.4876940Z gpg: /Users/runner/.gnupg/trustdb.gpg: trustdb created
Unit tests (macos, Go 1.27.x)	Upload coverage to Codecov	2026-09-11T21:05:09.4879260Z gpg: key 806BB28AED779869: public key "Codecov Uploader (Codecov Uploader Verification Key) <security@codecov.io>" imported
Unit tests (macos, Go 1.27.x)	Upload coverage to Codecov	2026-09-11T21:05:09.5528560Z gpg: Total number processed: 1
Unit tests (macos, Go 1.27.x)	Upload coverage to Codecov	2026-09-11T21:05:09.5530800Z gpg:               imported: 1
Unit tests (macos, Go 1.27.x)	Upload coverage to Codecov	2026-09-11T21:05:09.5547800Z ^[[0;32m==>^[[0m Verifying GPG signature integrity
Unit tests (macos, Go 1.27.x)	Upload coverage to Codecov	2026-09-11T21:05:09.5548590Z ^[[0;32m ->^[[0m Downloading ^[[0;36mhttps://cli.codecov.io/latest/macos/codecov.SHA256SUM^[[0m
Unit tests (macos, Go 1.27.x)	Upload coverage to Codecov	2026-09-11T21:05:09.5549580Z ^[[0;32m ->^[[0m Downloading ^[[0;36mhttps://cli.codecov.io/latest/macos/codecov.SHA256SUM.sig^[[0m
Unit tests (macos, Go 1.27.x)	Upload coverage to Codecov	2026-09-11T21:05:09.5550210Z  
Unit tests (macos, Go 1.27.x)	Upload coverage to Codecov	2026-09-11T21:05:09.6804120Z gpg: Signature made Thu Jul  9 01:38:02 2026 UTC
Unit tests (macos, Go 1.27.x)	Upload coverage to Codecov	2026-09-11T21:05:09.6805260Z gpg:                using RSA key 27034E7FDB850E0BBC2C62FF806BB28AED779869
Unit tests (macos, Go 1.27.x)	Upload coverage to Codecov	2026-09-11T21:05:09.6811010Z gpg: Good signature from "Codecov Uploader (Codecov Uploader Verification Key) <security@codecov.io>" [unknown]
Unit tests (macos, Go 1.27.x)	Upload coverage to Codecov	2026-09-11T21:05:09.6813930Z gpg: WARNING: This key is not certified with a trusted signature!
Unit tests (macos, Go 1.27.x)	Upload coverage to Codecov	2026-09-11T21:05:09.6814560Z gpg:          There is no indication that the signature belongs to the owner.
Unit tests (macos, Go 1.27.x)	Upload coverage to Codecov	2026-09-11T21:05:09.6815030Z       27034E7FDB850E0BBC2C62FF806BB28AED779869
Unit tests (macos, Go 1.27.x)	Upload coverage to Codecov	2026-09-11T21:05:09.8510530Z codecov: OK
Unit tests (macos, Go 1.27.x)	Upload coverage to Codecov	2026-09-11T21:05:09.8516710Z ^[[0;32m==>^[[0m CLI integrity verified
Unit tests (macos, Go 1.27.x)	Upload coverage to Codecov	2026-09-11T21:05:09.8517240Z 
Unit tests (macos, Go 1.27.x)	Upload coverage to Codecov	2026-09-11T21:05:10.0131500Z ^[[0;32m ->^[[0m Token length: 0
Unit tests (macos, Go 1.27.x)	Upload coverage to Codecov	2026-09-11T21:05:10.0131950Z ^[[0;32m==>^[[0m Running upload-coverage
Unit tests (macos, Go 1.27.x)	Upload coverage to Codecov	2026-09-11T21:05:10.0148110Z       ^[[0;36m./codecov  upload-coverage --git-service github --env OS,GO --file coverage.txt --file coverage-root.txt --gcov-executable gcov^[[0m
Unit tests (macos, Go 1.27.x)	Upload coverage to Codecov	2026-09-11T21:05:10.7600810Z info - 2026-09-11 21:05:10,759 -- ci service found: github-actions
Unit tests (macos, Go 1.27.x)	Upload coverage to Codecov	2026-09-11T21:05:10.8685660Z warning - 2026-09-11 21:05:10,868 -- No swift data found.
Unit tests (macos, Go 1.27.x)	Upload coverage to Codecov	2026-09-11T21:05:10.8931430Z warning - 2026-09-11 21:05:10,892 -- No gcov data found.
Unit tests (macos, Go 1.27.x)	Upload coverage to Codecov	2026-09-11T21:05:10.8935240Z warning - 2026-09-11 21:05:10,893 -- coverage.py is not installed or can't be found.
Unit tests (macos, Go 1.27.x)	Upload coverage to Codecov	2026-09-11T21:05:10.9510070Z warning - 2026-09-11 21:05:10,950 -- Some files were not found --- {"not_found_files": ["coverage-root.txt"]}
Unit tests (macos, Go 1.27.x)	Upload coverage to Codecov	2026-09-11T21:05:10.9724290Z info - 2026-09-11 21:05:10,969 -- Found 2 coverage files to report
Unit tests (macos, Go 1.27.x)	Upload coverage to Codecov	2026-09-11T21:05:10.9725290Z info - 2026-09-11 21:05:10,970 -- > /Users/runner/work/quic-go-fast/quic-go-fast/coverage.txt
Unit tests (macos, Go 1.27.x)	Upload coverage to Codecov	2026-09-11T21:05:10.9725880Z info - 2026-09-11 21:05:10,970 -- > /Users/runner/work/quic-go-fast/quic-go-fast/report.xml
Unit tests (macos, Go 1.27.x)	Upload coverage to Codecov	2026-09-11T21:05:11.6456600Z info - 2026-09-11 21:05:11,645 -- Upload queued for processing complete
Unit tests (macos, Go 1.27.x)	Upload coverage to Codecov	2026-09-11T21:05:11.6459950Z error - 2026-09-11 21:05:11,645 -- Upload queued for processing failed: {"message":"Token required - not valid tokenless upload"}
Unit tests (macos, Go 1.27.x)	Upload coverage to Codecov	2026-09-11T21:05:11.9178500Z ##[end-action id=__codecov_codecov-action.__run_8;outcome=success;conclusion=success;duration_ms=3317]
Unit tests (macos, Go 1.27.x)	Upload test report to Codecov	﻿2026-09-11T21:05:11.9523220Z ##[group]Run codecov/codecov-action@fb8b3582c8e4def4969c97caa2f19720cb33a72f
Unit tests (macos, Go 1.27.x)	Upload test report to Codecov	2026-09-11T21:05:11.9523640Z with:
Unit tests (macos, Go 1.27.x)	Upload test report to Codecov	2026-09-11T21:05:11.9523810Z   report_type: test_results
Unit tests (macos, Go 1.27.x)	Upload test report to Codecov	2026-09-11T21:05:11.9523990Z   name: Unit tests
Unit tests (macos, Go 1.27.x)	Upload test report to Codecov	2026-09-11T21:05:11.9524160Z   files: report.xml,report_root.xml
Unit tests (macos, Go 1.27.x)	Upload test report to Codecov	2026-09-11T21:05:11.9524350Z   env_vars: OS,GO
Unit tests (macos, Go 1.27.x)	Upload test report to Codecov	2026-09-11T21:05:11.9524510Z   disable_file_fixes: false
Unit tests (macos, Go 1.27.x)	Upload test report to Codecov	2026-09-11T21:05:11.9524720Z   disable_search: false
Unit tests (macos, Go 1.27.x)	Upload test report to Codecov	2026-09-11T21:05:11.9524910Z   disable_safe_directory: false
Unit tests (macos, Go 1.27.x)	Upload test report to Codecov	2026-09-11T21:05:11.9525130Z   disable_telem: false
Unit tests (macos, Go 1.27.x)	Upload test report to Codecov	2026-09-11T21:05:11.9525290Z   dry_run: false
Unit tests (macos, Go 1.27.x)	Upload test report to Codecov	2026-09-11T21:05:11.9525470Z   fail_ci_if_error: false
Unit tests (macos, Go 1.27.x)	Upload test report to Codecov	2026-09-11T21:05:11.9525680Z   git_service: github
Unit tests (macos, Go 1.27.x)	Upload test report to Codecov	2026-09-11T21:05:11.9526020Z   gcov_executable: gcov
Unit tests (macos, Go 1.27.x)	Upload test report to Codecov	2026-09-11T21:05:11.9526290Z   handle_no_reports_found: false
Unit tests (macos, Go 1.27.x)	Upload test report to Codecov	2026-09-11T21:05:11.9526540Z   recurse_submodules: false
Unit tests (macos, Go 1.27.x)	Upload test report to Codecov	2026-09-11T21:05:11.9526780Z   run_command: upload-coverage
Unit tests (macos, Go 1.27.x)	Upload test report to Codecov	2026-09-11T21:05:11.9527050Z   skip_validation: false
Unit tests (macos, Go 1.27.x)	Upload test report to Codecov	2026-09-11T21:05:11.9527280Z   use_legacy_upload_endpoint: false
Unit tests (macos, Go 1.27.x)	Upload test report to Codecov	2026-09-11T21:05:11.9527570Z   use_oidc: false
Unit tests (macos, Go 1.27.x)	Upload test report to Codecov	2026-09-11T21:05:11.9527720Z   use_pypi: false
Unit tests (macos, Go 1.27.x)	Upload test report to Codecov	2026-09-11T21:05:11.9527910Z   verbose: false
Unit tests (macos, Go 1.27.x)	Upload test report to Codecov	2026-09-11T21:05:11.9528050Z   version: latest
Unit tests (macos, Go 1.27.x)	Upload test report to Codecov	2026-09-11T21:05:11.9528280Z env:
Unit tests (macos, Go 1.27.x)	Upload test report to Codecov	2026-09-11T21:05:11.9528520Z   GOTOOLCHAIN: local
Unit tests (macos, Go 1.27.x)	Upload test report to Codecov	2026-09-11T21:05:11.9528690Z   CC_FORK: false
Unit tests (macos, Go 1.27.x)	Upload test report to Codecov	2026-09-11T21:05:11.9528850Z   CC_BRANCH: 
Unit tests (macos, Go 1.27.x)	Upload test report to Codecov	2026-09-11T21:05:11.9528990Z   CC_SHA: 
Unit tests (macos, Go 1.27.x)	Upload test report to Codecov	2026-09-11T21:05:11.9529120Z   CC_PR: 
Unit tests (macos, Go 1.27.x)	Upload test report to Codecov	2026-09-11T21:05:11.9529250Z   OS: macos
Unit tests (macos, Go 1.27.x)	Upload test report to Codecov	2026-09-11T21:05:11.9529380Z   GO: 1.27.x
Unit tests (macos, Go 1.27.x)	Upload test report to Codecov	2026-09-11T21:05:11.9529520Z ##[endgroup]
Unit tests (macos, Go 1.27.x)	Upload test report to Codecov	2026-09-11T21:05:11.9537140Z ##[start-action display=Check system dependencies;id=__codecov_codecov-action_2.__run]
Unit tests (macos, Go 1.27.x)	Upload test report to Codecov	2026-09-11T21:05:11.9557740Z ##[group]Run missing_deps=""
Unit tests (macos, Go 1.27.x)	Upload test report to Codecov	2026-09-11T21:05:11.9558020Z ^[[36;1mmissing_deps=""^[[0m
Unit tests (macos, Go 1.27.x)	Upload test report to Codecov	2026-09-11T21:05:11.9558230Z ^[[36;1m^[[0m
Unit tests (macos, Go 1.27.x)	Upload test report to Codecov	2026-09-11T21:05:11.9558430Z ^[[36;1m# Check for always-required commands^[[0m
Unit tests (macos, Go 1.27.x)	Upload test report to Codecov	2026-09-11T21:05:11.9558670Z ^[[36;1mfor cmd in bash git curl; do^[[0m
Unit tests (macos, Go 1.27.x)	Upload test report to Codecov	2026-09-11T21:05:11.9559270Z ^[[36;1m  if ! command -v "$cmd" >/dev/null 2>&1; then^[[0m
Unit tests (macos, Go 1.27.x)	Upload test report to Codecov	2026-09-11T21:05:11.9559560Z ^[[36;1m    missing_deps="$missing_deps $cmd"^[[0m
Unit tests (macos, Go 1.27.x)	Upload test report to Codecov	2026-09-11T21:05:11.9559780Z ^[[36;1m  fi^[[0m
Unit tests (macos, Go 1.27.x)	Upload test report to Codecov	2026-09-11T21:05:11.9559960Z ^[[36;1mdone^[[0m
Unit tests (macos, Go 1.27.x)	Upload test report to Codecov	2026-09-11T21:05:11.9560140Z ^[[36;1m^[[0m
Unit tests (macos, Go 1.27.x)	Upload test report to Codecov	2026-09-11T21:05:11.9560400Z ^[[36;1m# Check for gpg only if validation is not being skipped^[[0m
Unit tests (macos, Go 1.27.x)	Upload test report to Codecov	2026-09-11T21:05:11.9560750Z ^[[36;1mif [ "$INPUT_SKIP_VALIDATION" != "true" ]; then^[[0m
Unit tests (macos, Go 1.27.x)	Upload test report to Codecov	2026-09-11T21:05:11.9561100Z ^[[36;1m  if ! command -v gpg >/dev/null 2>&1; then^[[0m
Unit tests (macos, Go 1.27.x)	Upload test report to Codecov	2026-09-11T21:05:11.9561430Z ^[[36;1m    missing_deps="$missing_deps gpg"^[[0m
Unit tests (macos, Go 1.27.x)	Upload test report to Codecov	2026-09-11T21:05:11.9561650Z ^[[36;1m  fi^[[0m
Unit tests (macos, Go 1.27.x)	Upload test report to Codecov	2026-09-11T21:05:11.9561790Z ^[[36;1mfi^[[0m
Unit tests (macos, Go 1.27.x)	Upload test report to Codecov	2026-09-11T21:05:11.9561910Z ^[[36;1m^[[0m
Unit tests (macos, Go 1.27.x)	Upload test report to Codecov	2026-09-11T21:05:11.9562080Z ^[[36;1m# Report missing required dependencies^[[0m
Unit tests (macos, Go 1.27.x)	Upload test report to Codecov	2026-09-11T21:05:11.9562330Z ^[[36;1mif [ -n "$missing_deps" ]; then^[[0m
Unit tests (macos, Go 1.27.x)	Upload test report to Codecov	2026-09-11T21:05:11.9562760Z ^[[36;1m  echo "Error: The following required dependencies are missing:$missing_deps"^[[0m
Unit tests (macos, Go 1.27.x)	Upload test report to Codecov	2026-09-11T21:05:11.9563250Z ^[[36;1m  echo "Please install these dependencies before using this action."^[[0m
Unit tests (macos, Go 1.27.x)	Upload test report to Codecov	2026-09-11T21:05:11.9563620Z ^[[36;1m  exit 1^[[0m
Unit tests (macos, Go 1.27.x)	Upload test report to Codecov	2026-09-11T21:05:11.9563810Z ^[[36;1mfi^[[0m
Unit tests (macos, Go 1.27.x)	Upload test report to Codecov	2026-09-11T21:05:11.9563950Z ^[[36;1m^[[0m
Unit tests (macos, Go 1.27.x)	Upload test report to Codecov	2026-09-11T21:05:11.9564180Z ^[[36;1mecho "All required system dependencies are available."^[[0m
Unit tests (macos, Go 1.27.x)	Upload test report to Codecov	2026-09-11T21:05:11.9613060Z shell: /bin/sh -e {0}
Unit tests (macos, Go 1.27.x)	Upload test report to Codecov	2026-09-11T21:05:11.9613280Z env:
Unit tests (macos, Go 1.27.x)	Upload test report to Codecov	2026-09-11T21:05:11.9613470Z   GOTOOLCHAIN: local
Unit tests (macos, Go 1.27.x)	Upload test report to Codecov	2026-09-11T21:05:11.9613680Z   CC_FORK: false
Unit tests (macos, Go 1.27.x)	Upload test report to Codecov	2026-09-11T21:05:11.9613840Z   CC_BRANCH: 
Unit tests (macos, Go 1.27.x)	Upload test report to Codecov	2026-09-11T21:05:11.9614010Z   CC_SHA: 
Unit tests (macos, Go 1.27.x)	Upload test report to Codecov	2026-09-11T21:05:11.9614180Z   CC_PR: 
Unit tests (macos, Go 1.27.x)	Upload test report to Codecov	2026-09-11T21:05:11.9614340Z   OS: macos
Unit tests (macos, Go 1.27.x)	Upload test report to Codecov	2026-09-11T21:05:11.9614470Z   GO: 1.27.x
Unit tests (macos, Go 1.27.x)	Upload test report to Codecov	2026-09-11T21:05:11.9614620Z   INPUT_SKIP_VALIDATION: false
Unit tests (macos, Go 1.27.x)	Upload test report to Codecov	2026-09-11T21:05:11.9614810Z ##[endgroup]
Unit tests (macos, Go 1.27.x)	Upload test report to Codecov	2026-09-11T21:05:12.0107000Z All required system dependencies are available.
Unit tests (macos, Go 1.27.x)	Upload test report to Codecov	2026-09-11T21:05:12.0117650Z ##[end-action id=__codecov_codecov-action_2.__run;outcome=success;conclusion=success;duration_ms=57]
Unit tests (macos, Go 1.27.x)	Upload test report to Codecov	2026-09-11T21:05:12.0120790Z ##[start-action display=Action version;id=__codecov_codecov-action_2.__run_2]
Unit tests (macos, Go 1.27.x)	Upload test report to Codecov	2026-09-11T21:05:12.0176690Z ##[group]Run CC_ACTION_VERSION=$(cat ${GITHUB_ACTION_PATH}/src/version)
Unit tests (macos, Go 1.27.x)	Upload test report to Codecov	2026-09-11T21:05:12.0177300Z ^[[36;1mCC_ACTION_VERSION=$(cat ${GITHUB_ACTION_PATH}/src/version)^[[0m
Unit tests (macos, Go 1.27.x)	Upload test report to Codecov	2026-09-11T21:05:12.0177930Z ^[[36;1mecho -e "\033[0;32m==>\033[0m Running Action version $CC_ACTION_VERSION"^[[0m
Unit tests (macos, Go 1.27.x)	Upload test report to Codecov	2026-09-11T21:05:12.0263820Z shell: /bin/bash --noprofile --norc -e -o pipefail {0}
Unit tests (macos, Go 1.27.x)	Upload test report to Codecov	2026-09-11T21:05:12.0264780Z env:
Unit tests (macos, Go 1.27.x)	Upload test report to Codecov	2026-09-11T21:05:12.0265270Z   GOTOOLCHAIN: local
Unit tests (macos, Go 1.27.x)	Upload test report to Codecov	2026-09-11T21:05:12.0265800Z   CC_FORK: false
Unit tests (macos, Go 1.27.x)	Upload test report to Codecov	2026-09-11T21:05:12.0266470Z   CC_BRANCH: 
Unit tests (macos, Go 1.27.x)	Upload test report to Codecov	2026-09-11T21:05:12.0266910Z   CC_SHA: 
Unit tests (macos, Go 1.27.x)	Upload test report to Codecov	2026-09-11T21:05:12.0267390Z   CC_PR: 
Unit tests (macos, Go 1.27.x)	Upload test report to Codecov	2026-09-11T21:05:12.0267830Z   OS: macos
Unit tests (macos, Go 1.27.x)	Upload test report to Codecov	2026-09-11T21:05:12.0268290Z   GO: 1.27.x
Unit tests (macos, Go 1.27.x)	Upload test report to Codecov	2026-09-11T21:05:12.0269780Z ##[endgroup]
Unit tests (macos, Go 1.27.x)	Upload test report to Codecov	2026-09-11T21:05:12.0721890Z ^[[0;32m==>^[[0m Running Action version 7.0.0
Unit tests (macos, Go 1.27.x)	Upload test report to Codecov	2026-09-11T21:05:12.0731040Z ##[end-action id=__codecov_codecov-action_2.__run_2;outcome=success;conclusion=success;duration_ms=60]
Unit tests (macos, Go 1.27.x)	Upload test report to Codecov	2026-09-11T21:05:12.0733970Z ##[start-action display=Set safe directory;id=__codecov_codecov-action_2.__run_3]
Unit tests (macos, Go 1.27.x)	Upload test report to Codecov	2026-09-11T21:05:12.0767260Z ##[group]Run git config --global --add safe.directory "/Users/runner/work/quic-go-fast/quic-go-fast"
Unit tests (macos, Go 1.27.x)	Upload test report to Codecov	2026-09-11T21:05:12.0768110Z ^[[36;1mgit config --global --add safe.directory "/Users/runner/work/quic-go-fast/quic-go-fast"^[[0m
Unit tests (macos, Go 1.27.x)	Upload test report to Codecov	2026-09-11T21:05:12.0768700Z ^[[36;1mgit config --global --add safe.directory "$GITHUB_WORKSPACE"^[[0m
Unit tests (macos, Go 1.27.x)	Upload test report to Codecov	2026-09-11T21:05:12.0813770Z shell: /bin/bash --noprofile --norc -e -o pipefail {0}
Unit tests (macos, Go 1.27.x)	Upload test report to Codecov	2026-09-11T21:05:12.0814110Z env:
Unit tests (macos, Go 1.27.x)	Upload test report to Codecov	2026-09-11T21:05:12.0814280Z   GOTOOLCHAIN: local
Unit tests (macos, Go 1.27.x)	Upload test report to Codecov	2026-09-11T21:05:12.0814500Z   CC_FORK: false
Unit tests (macos, Go 1.27.x)	Upload test report to Codecov	2026-09-11T21:05:12.0814690Z   CC_BRANCH: 
Unit tests (macos, Go 1.27.x)	Upload test report to Codecov	2026-09-11T21:05:12.0814860Z   CC_SHA: 
Unit tests (macos, Go 1.27.x)	Upload test report to Codecov	2026-09-11T21:05:12.0815040Z   CC_PR: 
Unit tests (macos, Go 1.27.x)	Upload test report to Codecov	2026-09-11T21:05:12.0815190Z   OS: macos
Unit tests (macos, Go 1.27.x)	Upload test report to Codecov	2026-09-11T21:05:12.0815370Z   GO: 1.27.x
Unit tests (macos, Go 1.27.x)	Upload test report to Codecov	2026-09-11T21:05:12.0816300Z ##[endgroup]
Unit tests (macos, Go 1.27.x)	Upload test report to Codecov	2026-09-11T21:05:12.1529740Z ##[end-action id=__codecov_codecov-action_2.__run_3;outcome=success;conclusion=success;duration_ms=79]
Unit tests (macos, Go 1.27.x)	Upload test report to Codecov	2026-09-11T21:05:12.1535530Z ##[start-action display=Set fork;id=__codecov_codecov-action_2.__run_4]
Unit tests (macos, Go 1.27.x)	Upload test report to Codecov	2026-09-11T21:05:12.1555630Z ##[group]Run CC_FORK="false"
Unit tests (macos, Go 1.27.x)	Upload test report to Codecov	2026-09-11T21:05:12.1555900Z ^[[36;1mCC_FORK="false"^[[0m
Unit tests (macos, Go 1.27.x)	Upload test report to Codecov	2026-09-11T21:05:12.1556380Z ^[[36;1mif [ -n "$GITHUB_EVENT_PULL_REQUEST_HEAD_REPO_FULL_NAME" ] && [ "$GITHUB_EVENT_PULL_REQUEST_HEAD_REPO_FULL_NAME" != "$GITHUB_REPOSITORY" ];^[[0m
Unit tests (macos, Go 1.27.x)	Upload test report to Codecov	2026-09-11T21:05:12.1556900Z ^[[36;1mthen^[[0m
Unit tests (macos, Go 1.27.x)	Upload test report to Codecov	2026-09-11T21:05:12.1557110Z ^[[36;1m  echo -e "\033[0;32m==>\033[0m Fork detected"^[[0m
Unit tests (macos, Go 1.27.x)	Upload test report to Codecov	2026-09-11T21:05:12.1557400Z ^[[36;1m  CC_FORK="true"^[[0m
Unit tests (macos, Go 1.27.x)	Upload test report to Codecov	2026-09-11T21:05:12.1557620Z ^[[36;1mfi^[[0m
Unit tests (macos, Go 1.27.x)	Upload test report to Codecov	2026-09-11T21:05:12.1557810Z ^[[36;1mecho "CC_FORK=$CC_FORK" >> "$GITHUB_ENV"^[[0m
Unit tests (macos, Go 1.27.x)	Upload test report to Codecov	2026-09-11T21:05:12.1594070Z shell: /bin/bash --noprofile --norc -e -o pipefail {0}
Unit tests (macos, Go 1.27.x)	Upload test report to Codecov	2026-09-11T21:05:12.1594360Z env:
Unit tests (macos, Go 1.27.x)	Upload test report to Codecov	2026-09-11T21:05:12.1594630Z   GOTOOLCHAIN: local
Unit tests (macos, Go 1.27.x)	Upload test report to Codecov	2026-09-11T21:05:12.1594830Z   CC_FORK: false
Unit tests (macos, Go 1.27.x)	Upload test report to Codecov	2026-09-11T21:05:12.1595090Z   CC_BRANCH: 
Unit tests (macos, Go 1.27.x)	Upload test report to Codecov	2026-09-11T21:05:12.1595250Z   CC_SHA: 
Unit tests (macos, Go 1.27.x)	Upload test report to Codecov	2026-09-11T21:05:12.1595390Z   CC_PR: 
Unit tests (macos, Go 1.27.x)	Upload test report to Codecov	2026-09-11T21:05:12.1595540Z   OS: macos
Unit tests (macos, Go 1.27.x)	Upload test report to Codecov	2026-09-11T21:05:12.1595740Z   GO: 1.27.x
Unit tests (macos, Go 1.27.x)	Upload test report to Codecov	2026-09-11T21:05:12.1595930Z   GITHUB_EVENT_PULL_REQUEST_HEAD_LABEL: 
Unit tests (macos, Go 1.27.x)	Upload test report to Codecov	2026-09-11T21:05:12.1596200Z   GITHUB_EVENT_PULL_REQUEST_HEAD_REPO_FULL_NAME: 
Unit tests (macos, Go 1.27.x)	Upload test report to Codecov	2026-09-11T21:05:12.1596470Z   GITHUB_REPOSITORY: the-sarge/quic-go-fast
Unit tests (macos, Go 1.27.x)	Upload test report to Codecov	2026-09-11T21:05:12.1596720Z ##[endgroup]
Unit tests (macos, Go 1.27.x)	Upload test report to Codecov	2026-09-11T21:05:12.2227840Z ##[end-action id=__codecov_codecov-action_2.__run_4;outcome=success;conclusion=success;duration_ms=69]
Unit tests (macos, Go 1.27.x)	Upload test report to Codecov	2026-09-11T21:05:12.2231870Z ##[start-action display=Get OIDC token;id=__codecov_codecov-action_2.oidc]
Unit tests (macos, Go 1.27.x)	Upload test report to Codecov	2026-09-11T21:05:12.2337690Z ##[group]Run actions/github-script@ed597411d8f924073f98dfc5c65a23a2325f34cd
Unit tests (macos, Go 1.27.x)	Upload test report to Codecov	2026-09-11T21:05:12.2338970Z with:
Unit tests (macos, Go 1.27.x)	Upload test report to Codecov	2026-09-11T21:05:12.2339720Z   script: if (process.env.CC_USE_OIDC === 'true' && process.env.CC_FORK != 'true') {
Unit tests (macos, Go 1.27.x)	Upload test report to Codecov	  const id_token = await core.getIDToken(process.env.CC_OIDC_AUDIENCE)
Unit tests (macos, Go 1.27.x)	Upload test report to Codecov	  return id_token
Unit tests (macos, Go 1.27.x)	Upload test report to Codecov	}
Unit tests (macos, Go 1.27.x)	Upload test report to Codecov	
Unit tests (macos, Go 1.27.x)	Upload test report to Codecov	2026-09-11T21:05:12.2347400Z   github-token: ***
Unit tests (macos, Go 1.27.x)	Upload test report to Codecov	2026-09-11T21:05:12.2347630Z   debug: false
Unit tests (macos, Go 1.27.x)	Upload test report to Codecov	2026-09-11T21:05:12.2347870Z   user-agent: actions/github-script
Unit tests (macos, Go 1.27.x)	Upload test report to Codecov	2026-09-11T21:05:12.2348920Z   result-encoding: json
Unit tests (macos, Go 1.27.x)	Upload test report to Codecov	2026-09-11T21:05:12.2349660Z   retries: 0
Unit tests (macos, Go 1.27.x)	Upload test report to Codecov	2026-09-11T21:05:12.2350940Z   retry-exempt-status-codes: 400,401,403,404,422
Unit tests (macos, Go 1.27.x)	Upload test report to Codecov	2026-09-11T21:05:12.2351340Z env:
Unit tests (macos, Go 1.27.x)	Upload test report to Codecov	2026-09-11T21:05:12.2351670Z   GOTOOLCHAIN: local
Unit tests (macos, Go 1.27.x)	Upload test report to Codecov	2026-09-11T21:05:12.2353210Z   CC_FORK: false
Unit tests (macos, Go 1.27.x)	Upload test report to Codecov	2026-09-11T21:05:12.2353390Z   CC_BRANCH: 
Unit tests (macos, Go 1.27.x)	Upload test report to Codecov	2026-09-11T21:05:12.2353550Z   CC_SHA: 
Unit tests (macos, Go 1.27.x)	Upload test report to Codecov	2026-09-11T21:05:12.2353760Z   CC_PR: 
Unit tests (macos, Go 1.27.x)	Upload test report to Codecov	2026-09-11T21:05:12.2353950Z   OS: macos
Unit tests (macos, Go 1.27.x)	Upload test report to Codecov	2026-09-11T21:05:12.2354730Z   GO: 1.27.x
Unit tests (macos, Go 1.27.x)	Upload test report to Codecov	2026-09-11T21:05:12.2354940Z   CC_OIDC_AUDIENCE: https://codecov.io
Unit tests (macos, Go 1.27.x)	Upload test report to Codecov	2026-09-11T21:05:12.2355210Z   CC_USE_OIDC: false
Unit tests (macos, Go 1.27.x)	Upload test report to Codecov	2026-09-11T21:05:12.2355380Z ##[endgroup]
Unit tests (macos, Go 1.27.x)	Upload test report to Codecov	2026-09-11T21:05:12.4217550Z ##[end-action id=__codecov_codecov-action_2.oidc;outcome=success;conclusion=success;duration_ms=198]
Unit tests (macos, Go 1.27.x)	Upload test report to Codecov	2026-09-11T21:05:12.4222050Z ##[start-action display=Get and set token;id=__codecov_codecov-action_2.__run_5]
Unit tests (macos, Go 1.27.x)	Upload test report to Codecov	2026-09-11T21:05:12.4246350Z ##[group]Run if [ "$INPUT_USE_OIDC" == 'true' ] && [ "$CC_FORK" != 'true' ];
Unit tests (macos, Go 1.27.x)	Upload test report to Codecov	2026-09-11T21:05:12.4246880Z ^[[36;1mif [ "$INPUT_USE_OIDC" == 'true' ] && [ "$CC_FORK" != 'true' ];^[[0m
Unit tests (macos, Go 1.27.x)	Upload test report to Codecov	2026-09-11T21:05:12.4247220Z ^[[36;1mthen^[[0m
Unit tests (macos, Go 1.27.x)	Upload test report to Codecov	2026-09-11T21:05:12.4247520Z ^[[36;1m  echo "CC_TOKEN=$CC_OIDC_TOKEN" >> "$GITHUB_ENV"^[[0m
Unit tests (macos, Go 1.27.x)	Upload test report to Codecov	2026-09-11T21:05:12.4247890Z ^[[36;1melif [ -n "$INPUT_CODECOV_TOKEN" ];^[[0m
Unit tests (macos, Go 1.27.x)	Upload test report to Codecov	2026-09-11T21:05:12.4248140Z ^[[36;1mthen^[[0m
Unit tests (macos, Go 1.27.x)	Upload test report to Codecov	2026-09-11T21:05:12.4249420Z ^[[36;1m  echo -e "\033[0;32m==>\033[0m Token set from env"^[[0m
Unit tests (macos, Go 1.27.x)	Upload test report to Codecov	2026-09-11T21:05:12.4251910Z ^[[36;1m    echo "CC_TOKEN=$INPUT_CODECOV_TOKEN" >> "$GITHUB_ENV"^[[0m
Unit tests (macos, Go 1.27.x)	Upload test report to Codecov	2026-09-11T21:05:12.4252280Z ^[[36;1melse^[[0m
Unit tests (macos, Go 1.27.x)	Upload test report to Codecov	2026-09-11T21:05:12.4252470Z ^[[36;1m  if [ -n "$INPUT_TOKEN" ];^[[0m
Unit tests (macos, Go 1.27.x)	Upload test report to Codecov	2026-09-11T21:05:12.4252710Z ^[[36;1m  then^[[0m
Unit tests (macos, Go 1.27.x)	Upload test report to Codecov	2026-09-11T21:05:12.4252950Z ^[[36;1m    echo -e "\033[0;32m==>\033[0m Token set from input"^[[0m
Unit tests (macos, Go 1.27.x)	Upload test report to Codecov	2026-09-11T21:05:12.4253340Z ^[[36;1m    CC_TOKEN=$(echo "$INPUT_TOKEN" | tr -d '\n')^[[0m
Unit tests (macos, Go 1.27.x)	Upload test report to Codecov	2026-09-11T21:05:12.4254280Z ^[[36;1m    echo "CC_TOKEN=$CC_TOKEN" >> "$GITHUB_ENV"^[[0m
Unit tests (macos, Go 1.27.x)	Upload test report to Codecov	2026-09-11T21:05:12.4254670Z ^[[36;1m  fi^[[0m
Unit tests (macos, Go 1.27.x)	Upload test report to Codecov	2026-09-11T21:05:12.4254880Z ^[[36;1mfi^[[0m
Unit tests (macos, Go 1.27.x)	Upload test report to Codecov	2026-09-11T21:05:12.4307670Z shell: /bin/bash --noprofile --norc -e -o pipefail {0}
Unit tests (macos, Go 1.27.x)	Upload test report to Codecov	2026-09-11T21:05:12.4308120Z env:
Unit tests (macos, Go 1.27.x)	Upload test report to Codecov	2026-09-11T21:05:12.4308880Z   GOTOOLCHAIN: local
Unit tests (macos, Go 1.27.x)	Upload test report to Codecov	2026-09-11T21:05:12.4310460Z   CC_FORK: false
Unit tests (macos, Go 1.27.x)	Upload test report to Codecov	2026-09-11T21:05:12.4311610Z   CC_BRANCH: 
Unit tests (macos, Go 1.27.x)	Upload test report to Codecov	2026-09-11T21:05:12.4312240Z   CC_SHA: 
Unit tests (macos, Go 1.27.x)	Upload test report to Codecov	2026-09-11T21:05:12.4312790Z   CC_PR: 
Unit tests (macos, Go 1.27.x)	Upload test report to Codecov	2026-09-11T21:05:12.4313440Z   OS: macos
Unit tests (macos, Go 1.27.x)	Upload test report to Codecov	2026-09-11T21:05:12.4314160Z   GO: 1.27.x
Unit tests (macos, Go 1.27.x)	Upload test report to Codecov	2026-09-11T21:05:12.4314690Z   CC_OIDC_TOKEN: 
Unit tests (macos, Go 1.27.x)	Upload test report to Codecov	2026-09-11T21:05:12.4315400Z   CC_OIDC_AUDIENCE: https://codecov.io
Unit tests (macos, Go 1.27.x)	Upload test report to Codecov	2026-09-11T21:05:12.4316080Z   INPUT_USE_OIDC: false
Unit tests (macos, Go 1.27.x)	Upload test report to Codecov	2026-09-11T21:05:12.4316660Z   INPUT_TOKEN: 
Unit tests (macos, Go 1.27.x)	Upload test report to Codecov	2026-09-11T21:05:12.4317220Z   INPUT_CODECOV_TOKEN: 
Unit tests (macos, Go 1.27.x)	Upload test report to Codecov	2026-09-11T21:05:12.4317830Z ##[endgroup]
Unit tests (macos, Go 1.27.x)	Upload test report to Codecov	2026-09-11T21:05:12.4835070Z ##[end-action id=__codecov_codecov-action_2.__run_5;outcome=success;conclusion=success;duration_ms=61]
Unit tests (macos, Go 1.27.x)	Upload test report to Codecov	2026-09-11T21:05:12.4844980Z ##[start-action display=Override branch for forks;id=__codecov_codecov-action_2.__run_6]
Unit tests (macos, Go 1.27.x)	Upload test report to Codecov	2026-09-11T21:05:12.4893160Z ##[group]Run if [ -z "$CC_BRANCH" ] && [ -z "$CC_TOKEN" ] && [ "$CC_FORK" == 'true' ]
Unit tests (macos, Go 1.27.x)	Upload test report to Codecov	2026-09-11T21:05:12.4894460Z ^[[36;1mif [ -z "$CC_BRANCH" ] && [ -z "$CC_TOKEN" ] && [ "$CC_FORK" == 'true' ]^[[0m
Unit tests (macos, Go 1.27.x)	Upload test report to Codecov	2026-09-11T21:05:12.4916840Z ^[[36;1mthen^[[0m
Unit tests (macos, Go 1.27.x)	Upload test report to Codecov	2026-09-11T21:05:12.4918080Z ^[[36;1m  echo -e "\033[0;32m==>\033[0m Fork detected, setting branch to $GITHUB_EVENT_PULL_REQUEST_HEAD_LABEL"^[[0m
Unit tests (macos, Go 1.27.x)	Upload test report to Codecov	2026-09-11T21:05:12.4919400Z ^[[36;1m  TOKENLESS="$GITHUB_EVENT_PULL_REQUEST_HEAD_LABEL"^[[0m
Unit tests (macos, Go 1.27.x)	Upload test report to Codecov	2026-09-11T21:05:12.4920490Z ^[[36;1m  CC_BRANCH="$GITHUB_EVENT_PULL_REQUEST_HEAD_LABEL"^[[0m
Unit tests (macos, Go 1.27.x)	Upload test report to Codecov	2026-09-11T21:05:12.4921430Z ^[[36;1m  echo "TOKENLESS=$TOKENLESS" >> "$GITHUB_ENV"^[[0m
Unit tests (macos, Go 1.27.x)	Upload test report to Codecov	2026-09-11T21:05:12.4922210Z ^[[36;1mfi^[[0m
Unit tests (macos, Go 1.27.x)	Upload test report to Codecov	2026-09-11T21:05:12.4922710Z ^[[36;1m^[[0m
Unit tests (macos, Go 1.27.x)	Upload test report to Codecov	2026-09-11T21:05:12.4923380Z ^[[36;1mecho "CC_BRANCH=$CC_BRANCH" >> "$GITHUB_ENV"^[[0m
Unit tests (macos, Go 1.27.x)	Upload test report to Codecov	2026-09-11T21:05:12.4991650Z shell: /bin/bash --noprofile --norc -e -o pipefail {0}
Unit tests (macos, Go 1.27.x)	Upload test report to Codecov	2026-09-11T21:05:12.4992070Z env:
Unit tests (macos, Go 1.27.x)	Upload test report to Codecov	2026-09-11T21:05:12.4993240Z   GOTOOLCHAIN: local
Unit tests (macos, Go 1.27.x)	Upload test report to Codecov	2026-09-11T21:05:12.4993490Z   CC_FORK: false
Unit tests (macos, Go 1.27.x)	Upload test report to Codecov	2026-09-11T21:05:12.4993730Z   CC_BRANCH: 
Unit tests (macos, Go 1.27.x)	Upload test report to Codecov	2026-09-11T21:05:12.4993990Z   CC_SHA: 
Unit tests (macos, Go 1.27.x)	Upload test report to Codecov	2026-09-11T21:05:12.4994130Z   CC_PR: 
Unit tests (macos, Go 1.27.x)	Upload test report to Codecov	2026-09-11T21:05:12.4994340Z   OS: macos
Unit tests (macos, Go 1.27.x)	Upload test report to Codecov	2026-09-11T21:05:12.4994580Z   GO: 1.27.x
Unit tests (macos, Go 1.27.x)	Upload test report to Codecov	2026-09-11T21:05:12.4994780Z   GITHUB_EVENT_PULL_REQUEST_HEAD_LABEL: 
Unit tests (macos, Go 1.27.x)	Upload test report to Codecov	2026-09-11T21:05:12.4995050Z   GITHUB_EVENT_PULL_REQUEST_HEAD_REPO_FULL_NAME: 
Unit tests (macos, Go 1.27.x)	Upload test report to Codecov	2026-09-11T21:05:12.4995310Z   GITHUB_REPOSITORY: the-sarge/quic-go-fast
Unit tests (macos, Go 1.27.x)	Upload test report to Codecov	2026-09-11T21:05:12.4995570Z ##[endgroup]
Unit tests (macos, Go 1.27.x)	Upload test report to Codecov	2026-09-11T21:05:12.5452300Z ##[end-action id=__codecov_codecov-action_2.__run_6;outcome=success;conclusion=success;duration_ms=60]
Unit tests (macos, Go 1.27.x)	Upload test report to Codecov	2026-09-11T21:05:12.5456850Z ##[start-action display=Override commits and pr for pull requests;id=__codecov_codecov-action_2.__run_7]
Unit tests (macos, Go 1.27.x)	Upload test report to Codecov	2026-09-11T21:05:12.5480340Z ##[group]Run if [ -z "$CC_SHA" ];
Unit tests (macos, Go 1.27.x)	Upload test report to Codecov	2026-09-11T21:05:12.5480880Z ^[[36;1mif [ -z "$CC_SHA" ];^[[0m
Unit tests (macos, Go 1.27.x)	Upload test report to Codecov	2026-09-11T21:05:12.5481170Z ^[[36;1mthen^[[0m
Unit tests (macos, Go 1.27.x)	Upload test report to Codecov	2026-09-11T21:05:12.5481440Z ^[[36;1m  CC_SHA="$GITHUB_EVENT_PULL_REQUEST_HEAD_SHA"^[[0m
Unit tests (macos, Go 1.27.x)	Upload test report to Codecov	2026-09-11T21:05:12.5481780Z ^[[36;1mfi^[[0m
Unit tests (macos, Go 1.27.x)	Upload test report to Codecov	2026-09-11T21:05:12.5482030Z ^[[36;1mif [ -z "$CC_PR" ] && [ "$CC_FORK" == 'true' ];^[[0m
Unit tests (macos, Go 1.27.x)	Upload test report to Codecov	2026-09-11T21:05:12.5482310Z ^[[36;1mthen^[[0m
Unit tests (macos, Go 1.27.x)	Upload test report to Codecov	2026-09-11T21:05:12.5482500Z ^[[36;1m  CC_PR="$GITHUB_EVENT_NUMBER"^[[0m
Unit tests (macos, Go 1.27.x)	Upload test report to Codecov	2026-09-11T21:05:12.5483010Z ^[[36;1mfi^[[0m
Unit tests (macos, Go 1.27.x)	Upload test report to Codecov	2026-09-11T21:05:12.5483240Z ^[[36;1m^[[0m
Unit tests (macos, Go 1.27.x)	Upload test report to Codecov	2026-09-11T21:05:12.5483520Z ^[[36;1mecho "CC_SHA=$CC_SHA" >> "$GITHUB_ENV"^[[0m
Unit tests (macos, Go 1.27.x)	Upload test report to Codecov	2026-09-11T21:05:12.5483830Z ^[[36;1mecho "CC_PR=$CC_PR" >> "$GITHUB_ENV"^[[0m
Unit tests (macos, Go 1.27.x)	Upload test report to Codecov	2026-09-11T21:05:12.5541680Z shell: /bin/bash --noprofile --norc -e -o pipefail {0}
Unit tests (macos, Go 1.27.x)	Upload test report to Codecov	2026-09-11T21:05:12.5542000Z env:
Unit tests (macos, Go 1.27.x)	Upload test report to Codecov	2026-09-11T21:05:12.5542400Z   GOTOOLCHAIN: local
Unit tests (macos, Go 1.27.x)	Upload test report to Codecov	2026-09-11T21:05:12.5542750Z   CC_FORK: false
Unit tests (macos, Go 1.27.x)	Upload test report to Codecov	2026-09-11T21:05:12.5543070Z   CC_BRANCH: 
Unit tests (macos, Go 1.27.x)	Upload test report to Codecov	2026-09-11T21:05:12.5543240Z   CC_SHA: 
Unit tests (macos, Go 1.27.x)	Upload test report to Codecov	2026-09-11T21:05:12.5543430Z   CC_PR: 
Unit tests (macos, Go 1.27.x)	Upload test report to Codecov	2026-09-11T21:05:12.5543880Z   OS: macos
Unit tests (macos, Go 1.27.x)	Upload test report to Codecov	2026-09-11T21:05:12.5544060Z   GO: 1.27.x
Unit tests (macos, Go 1.27.x)	Upload test report to Codecov	2026-09-11T21:05:12.5544260Z   GITHUB_EVENT_NAME: push
Unit tests (macos, Go 1.27.x)	Upload test report to Codecov	2026-09-11T21:05:12.5544470Z   GITHUB_EVENT_NUMBER: 
Unit tests (macos, Go 1.27.x)	Upload test report to Codecov	2026-09-11T21:05:12.5544810Z   GITHUB_EVENT_PULL_REQUEST_HEAD_SHA: 
Unit tests (macos, Go 1.27.x)	Upload test report to Codecov	2026-09-11T21:05:12.5545160Z ##[endgroup]
Unit tests (macos, Go 1.27.x)	Upload test report to Codecov	2026-09-11T21:05:12.6007130Z ##[end-action id=__codecov_codecov-action_2.__run_7;outcome=success;conclusion=success;duration_ms=54]
Unit tests (macos, Go 1.27.x)	Upload test report to Codecov	2026-09-11T21:05:12.6014950Z ##[start-action display=Upload coverage to Codecov;id=__codecov_codecov-action_2.__run_8]
Unit tests (macos, Go 1.27.x)	Upload test report to Codecov	2026-09-11T21:05:12.6037400Z ##[group]Run ${GITHUB_ACTION_PATH}/dist/codecov.sh
Unit tests (macos, Go 1.27.x)	Upload test report to Codecov	2026-09-11T21:05:12.6037820Z ^[[36;1m${GITHUB_ACTION_PATH}/dist/codecov.sh^[[0m
Unit tests (macos, Go 1.27.x)	Upload test report to Codecov	2026-09-11T21:05:12.6082830Z shell: /bin/bash --noprofile --norc -e -o pipefail {0}
Unit tests (macos, Go 1.27.x)	Upload test report to Codecov	2026-09-11T21:05:12.6083140Z env:
Unit tests (macos, Go 1.27.x)	Upload test report to Codecov	2026-09-11T21:05:12.6083310Z   GOTOOLCHAIN: local
Unit tests (macos, Go 1.27.x)	Upload test report to Codecov	2026-09-11T21:05:12.6083500Z   CC_FORK: false
Unit tests (macos, Go 1.27.x)	Upload test report to Codecov	2026-09-11T21:05:12.6083710Z   CC_BRANCH: 
Unit tests (macos, Go 1.27.x)	Upload test report to Codecov	2026-09-11T21:05:12.6083910Z   CC_SHA: 
Unit tests (macos, Go 1.27.x)	Upload test report to Codecov	2026-09-11T21:05:12.6084170Z   CC_PR: 
Unit tests (macos, Go 1.27.x)	Upload test report to Codecov	2026-09-11T21:05:12.6084360Z   OS: macos
Unit tests (macos, Go 1.27.x)	Upload test report to Codecov	2026-09-11T21:05:12.6084510Z   GO: 1.27.x
Unit tests (macos, Go 1.27.x)	Upload test report to Codecov	2026-09-11T21:05:12.6084670Z   CC_BASE_SHA: 
Unit tests (macos, Go 1.27.x)	Upload test report to Codecov	2026-09-11T21:05:12.6084840Z   CC_BINARY: 
Unit tests (macos, Go 1.27.x)	Upload test report to Codecov	2026-09-11T21:05:12.6084980Z   CC_BUILD: 
Unit tests (macos, Go 1.27.x)	Upload test report to Codecov	2026-09-11T21:05:12.6085140Z   CC_BUILD_URL: 
Unit tests (macos, Go 1.27.x)	Upload test report to Codecov	2026-09-11T21:05:12.6085310Z   CC_CODE: 
Unit tests (macos, Go 1.27.x)	Upload test report to Codecov	2026-09-11T21:05:12.6085510Z   CC_DIR: 
Unit tests (macos, Go 1.27.x)	Upload test report to Codecov	2026-09-11T21:05:12.6085820Z   CC_DISABLE_FILE_FIXES: false
Unit tests (macos, Go 1.27.x)	Upload test report to Codecov	2026-09-11T21:05:12.6086180Z   CC_DISABLE_SEARCH: false
Unit tests (macos, Go 1.27.x)	Upload test report to Codecov	2026-09-11T21:05:12.6086400Z   CC_DISABLE_TELEM: false
Unit tests (macos, Go 1.27.x)	Upload test report to Codecov	2026-09-11T21:05:12.6086670Z   CC_DRY_RUN: false
Unit tests (macos, Go 1.27.x)	Upload test report to Codecov	2026-09-11T21:05:12.6086880Z   CC_ENTERPRISE_URL: 
Unit tests (macos, Go 1.27.x)	Upload test report to Codecov	2026-09-11T21:05:12.6087070Z   CC_ENV: OS,GO
Unit tests (macos, Go 1.27.x)	Upload test report to Codecov	2026-09-11T21:05:12.6087260Z   CC_EXCLUDES: 
Unit tests (macos, Go 1.27.x)	Upload test report to Codecov	2026-09-11T21:05:12.6087480Z   CC_FAIL_ON_ERROR: false
Unit tests (macos, Go 1.27.x)	Upload test report to Codecov	2026-09-11T21:05:12.6087750Z   CC_FILES: report.xml,report_root.xml
Unit tests (macos, Go 1.27.x)	Upload test report to Codecov	2026-09-11T21:05:12.6087980Z   CC_FLAGS: 
Unit tests (macos, Go 1.27.x)	Upload test report to Codecov	2026-09-11T21:05:12.6088160Z   CC_FORCE: 
Unit tests (macos, Go 1.27.x)	Upload test report to Codecov	2026-09-11T21:05:12.6088350Z   CC_GCOV_ARGS: 
Unit tests (macos, Go 1.27.x)	Upload test report to Codecov	2026-09-11T21:05:12.6088580Z   CC_GCOV_EXECUTABLE: gcov
Unit tests (macos, Go 1.27.x)	Upload test report to Codecov	2026-09-11T21:05:12.6089130Z   CC_GCOV_IGNORE: 
Unit tests (macos, Go 1.27.x)	Upload test report to Codecov	2026-09-11T21:05:12.6089310Z   CC_GCOV_INCLUDE: 
Unit tests (macos, Go 1.27.x)	Upload test report to Codecov	2026-09-11T21:05:12.6090380Z   CC_GIT_SERVICE: github
Unit tests (macos, Go 1.27.x)	Upload test report to Codecov	2026-09-11T21:05:12.6091020Z   CC_HANDLE_NO_REPORTS_FOUND: false
Unit tests (macos, Go 1.27.x)	Upload test report to Codecov	2026-09-11T21:05:12.6091610Z   CC_JOB_CODE: 
Unit tests (macos, Go 1.27.x)	Upload test report to Codecov	2026-09-11T21:05:12.6092100Z   CC_LEGACY: false
Unit tests (macos, Go 1.27.x)	Upload test report to Codecov	2026-09-11T21:05:12.6092310Z   CC_NAME: Unit tests
Unit tests (macos, Go 1.27.x)	Upload test report to Codecov	2026-09-11T21:05:12.6092510Z   CC_NETWORK_FILTER: 
Unit tests (macos, Go 1.27.x)	Upload test report to Codecov	2026-09-11T21:05:12.6092710Z   CC_NETWORK_PREFIX: 
Unit tests (macos, Go 1.27.x)	Upload test report to Codecov	2026-09-11T21:05:12.6093010Z   CC_NETWORK_ROOT_FOLDER: 
Unit tests (macos, Go 1.27.x)	Upload test report to Codecov	2026-09-11T21:05:12.6093230Z   CC_OS: 
Unit tests (macos, Go 1.27.x)	Upload test report to Codecov	2026-09-11T21:05:12.6093450Z   CC_PARENT_SHA: 
Unit tests (macos, Go 1.27.x)	Upload test report to Codecov	2026-09-11T21:05:12.6093680Z   CC_PLUGINS: 
Unit tests (macos, Go 1.27.x)	Upload test report to Codecov	2026-09-11T21:05:12.6093850Z   CC_RECURSE_SUBMODULES: false
Unit tests (macos, Go 1.27.x)	Upload test report to Codecov	2026-09-11T21:05:12.6094080Z   CC_REPORT_TYPE: test_results
Unit tests (macos, Go 1.27.x)	Upload test report to Codecov	2026-09-11T21:05:12.6094310Z   CC_RUN_CMD: upload-coverage
Unit tests (macos, Go 1.27.x)	Upload test report to Codecov	2026-09-11T21:05:12.6094580Z   CC_SERVICE: github
Unit tests (macos, Go 1.27.x)	Upload test report to Codecov	2026-09-11T21:05:12.6094780Z   CC_SKIP_VALIDATION: false
Unit tests (macos, Go 1.27.x)	Upload test report to Codecov	2026-09-11T21:05:12.6094960Z   CC_SLUG: 
Unit tests (macos, Go 1.27.x)	Upload test report to Codecov	2026-09-11T21:05:12.6095130Z   CC_SWIFT_PROJECT: 
Unit tests (macos, Go 1.27.x)	Upload test report to Codecov	2026-09-11T21:05:12.6095360Z   CC_USE_PYPI: false
Unit tests (macos, Go 1.27.x)	Upload test report to Codecov	2026-09-11T21:05:12.6095570Z   CC_VERBOSE: false
Unit tests (macos, Go 1.27.x)	Upload test report to Codecov	2026-09-11T21:05:12.6095780Z   CC_VERSION: latest
Unit tests (macos, Go 1.27.x)	Upload test report to Codecov	2026-09-11T21:05:12.6096010Z   CC_YML_PATH: 
Unit tests (macos, Go 1.27.x)	Upload test report to Codecov	2026-09-11T21:05:12.6096680Z ##[endgroup]
Unit tests (macos, Go 1.27.x)	Upload test report to Codecov	2026-09-11T21:05:12.6690280Z      _____          _
Unit tests (macos, Go 1.27.x)	Upload test report to Codecov	2026-09-11T21:05:12.6692440Z     / ____|        | |
Unit tests (macos, Go 1.27.x)	Upload test report to Codecov	2026-09-11T21:05:12.6693430Z    | |     ___   __| | ___  ___ _____   __
Unit tests (macos, Go 1.27.x)	Upload test report to Codecov	2026-09-11T21:05:12.6694650Z    | |    / _ \ / _` |/ _ \/ __/ _ \ \ / /
Unit tests (macos, Go 1.27.x)	Upload test report to Codecov	2026-09-11T21:05:12.6695520Z    | |___| (_) | (_| |  __/ (_| (_) \ V /
Unit tests (macos, Go 1.27.x)	Upload test report to Codecov	2026-09-11T21:05:12.6696480Z     \_____\___/ \__,_|\___|\___\___/ \_/
Unit tests (macos, Go 1.27.x)	Upload test report to Codecov	2026-09-11T21:05:12.6698930Z                            ^[[0;31m Wrapper-0.2.9^[[0m
Unit tests (macos, Go 1.27.x)	Upload test report to Codecov	2026-09-11T21:05:12.6703510Z                            
Unit tests (macos, Go 1.27.x)	Upload test report to Codecov	2026-09-11T21:05:12.6824470Z ^[[0;32m==>^[[0m Detected ^[[0;36mmacos^[[0m
Unit tests (macos, Go 1.27.x)	Upload test report to Codecov	2026-09-11T21:05:12.6826240Z ^[[0;32m ->^[[0m Downloading ^[[0;36mhttps://cli.codecov.io/latest/macos/codecov^[[0m
Unit tests (macos, Go 1.27.x)	Upload test report to Codecov	2026-09-11T21:05:12.7032950Z   % Total    % Received % Xferd  Average Speed   Time    Time     Time  Current
Unit tests (macos, Go 1.27.x)	Upload test report to Codecov	2026-09-11T21:05:12.7060780Z                                  Dload  Upload   Total   Spent    Left  Speed
Unit tests (macos, Go 1.27.x)	Upload test report to Codecov	2026-09-11T21:05:12.7075300Z 
Unit tests (macos, Go 1.27.x)	Upload test report to Codecov	2026-09-11T21:05:13.2353440Z   0     0    0     0    0     0      0      0 --:--:-- --:--:-- --:--:--     0
Unit tests (macos, Go 1.27.x)	Upload test report to Codecov	2026-09-11T21:05:13.2355150Z 100 20.5M  100 20.5M    0     0  38.6M      0 --:--:-- --:--:-- --:--:-- 38.7M
Unit tests (macos, Go 1.27.x)	Upload test report to Codecov	2026-09-11T21:05:13.2405390Z ^[[0;32m==>^[[0m Finishing downloading ^[[0;36mmacos:latest^[[0m
Unit tests (macos, Go 1.27.x)	Upload test report to Codecov	2026-09-11T21:05:13.3072900Z       Version: ^[[0;36mv11.3.1^[[0m
Unit tests (macos, Go 1.27.x)	Upload test report to Codecov	2026-09-11T21:05:13.3073670Z  
Unit tests (macos, Go 1.27.x)	Upload test report to Codecov	2026-09-11T21:05:13.5582690Z gpg: key 806BB28AED779869: "Codecov Uploader (Codecov Uploader Verification Key) <security@codecov.io>" not changed
Unit tests (macos, Go 1.27.x)	Upload test report to Codecov	2026-09-11T21:05:13.5585560Z gpg: Total number processed: 1
Unit tests (macos, Go 1.27.x)	Upload test report to Codecov	2026-09-11T21:05:13.5586660Z gpg:              unchanged: 1
Unit tests (macos, Go 1.27.x)	Upload test report to Codecov	2026-09-11T21:05:13.5589870Z ^[[0;32m==>^[[0m Verifying GPG signature integrity
Unit tests (macos, Go 1.27.x)	Upload test report to Codecov	2026-09-11T21:05:13.5591500Z ^[[0;32m ->^[[0m Downloading ^[[0;36mhttps://cli.codecov.io/latest/macos/codecov.SHA256SUM^[[0m
Unit tests (macos, Go 1.27.x)	Upload test report to Codecov	2026-09-11T21:05:13.5593430Z ^[[0;32m ->^[[0m Downloading ^[[0;36mhttps://cli.codecov.io/latest/macos/codecov.SHA256SUM.sig^[[0m
Unit tests (macos, Go 1.27.x)	Upload test report to Codecov	2026-09-11T21:05:13.5594570Z  
Unit tests (macos, Go 1.27.x)	Upload test report to Codecov	2026-09-11T21:05:13.7057570Z gpg: Signature made Thu Jul  9 01:38:02 2026 UTC
Unit tests (macos, Go 1.27.x)	Upload test report to Codecov	2026-09-11T21:05:13.7058230Z gpg:                using RSA key 27034E7FDB850E0BBC2C62FF806BB28AED779869
Unit tests (macos, Go 1.27.x)	Upload test report to Codecov	2026-09-11T21:05:13.7072410Z gpg: Good signature from "Codecov Uploader (Codecov Uploader Verification Key) <security@codecov.io>" [unknown]
Unit tests (macos, Go 1.27.x)	Upload test report to Codecov	2026-09-11T21:05:13.7074020Z gpg: WARNING: This key is not certified with a trusted signature!
Unit tests (macos, Go 1.27.x)	Upload test report to Codecov	2026-09-11T21:05:13.7075220Z gpg:          There is no indication that the signature belongs to the owner.
Unit tests (macos, Go 1.27.x)	Upload test report to Codecov	2026-09-11T21:05:13.7076490Z       27034E7FDB850E0BBC2C62FF806BB28AED779869
Unit tests (macos, Go 1.27.x)	Upload test report to Codecov	2026-09-11T21:05:13.8396170Z codecov: OK
Unit tests (macos, Go 1.27.x)	Upload test report to Codecov	2026-09-11T21:05:13.8417750Z ^[[0;32m==>^[[0m CLI integrity verified
Unit tests (macos, Go 1.27.x)	Upload test report to Codecov	2026-09-11T21:05:13.8418100Z 
Unit tests (macos, Go 1.27.x)	Upload test report to Codecov	2026-09-11T21:05:14.0679050Z ^[[0;32m ->^[[0m Token length: 0
Unit tests (macos, Go 1.27.x)	Upload test report to Codecov	2026-09-11T21:05:14.0680050Z ^[[0;32m==>^[[0m Running upload-coverage
Unit tests (macos, Go 1.27.x)	Upload test report to Codecov	2026-09-11T21:05:14.0720190Z       ^[[0;36m./codecov  upload-coverage --git-service github --env OS,GO --file report.xml --file report_root.xml --gcov-executable gcov --name Unit tests --report-type test_results^[[0m
Unit tests (macos, Go 1.27.x)	Upload test report to Codecov	2026-09-11T21:05:14.7752660Z info - 2026-09-11 21:05:14,774 -- ci service found: github-actions
Unit tests (macos, Go 1.27.x)	Upload test report to Codecov	2026-09-11T21:05:14.8798490Z warning - 2026-09-11 21:05:14,878 -- Branch `codex/g2-journal` is protected but no token was provided
Unit tests (macos, Go 1.27.x)	Upload test report to Codecov	2026-09-11T21:05:14.8800840Z warning - 2026-09-11 21:05:14,878 -- For information on Codecov upload tokens, see https://docs.codecov.com/docs/codecov-tokens
Unit tests (macos, Go 1.27.x)	Upload test report to Codecov	2026-09-11T21:05:15.0986420Z info - 2026-09-11 21:05:15,098 -- Commit creating complete
Unit tests (macos, Go 1.27.x)	Upload test report to Codecov	2026-09-11T21:05:15.0988280Z error - 2026-09-11 21:05:15,098 -- Commit creating failed: {"message":"Token required - not valid tokenless upload"}
Unit tests (macos, Go 1.27.x)	Upload test report to Codecov	2026-09-11T21:05:15.2413210Z Sentry is attempting to send 2 pending events
Unit tests (macos, Go 1.27.x)	Upload test report to Codecov	2026-09-11T21:05:15.2414100Z Waiting up to 2 seconds
Unit tests (macos, Go 1.27.x)	Upload test report to Codecov	2026-09-11T21:05:15.2415270Z Press Ctrl-C to quit
Unit tests (macos, Go 1.27.x)	Upload test report to Codecov	2026-09-11T21:05:15.3754730Z ^[[0;31m==> Failed to run upload-coverage^[[0m
Unit tests (macos, Go 1.27.x)	Upload test report to Codecov	2026-09-11T21:05:15.3781040Z ##[end-action id=__codecov_codecov-action_2.__run_8;outcome=success;conclusion=success;duration_ms=2776]
Unit tests (macos, Go 1.27.x)	Post Run actions/checkout@v7	﻿2026-09-11T21:05:15.4035930Z Post job cleanup.
Unit tests (macos, Go 1.27.x)	Post Run actions/checkout@v7	2026-09-11T21:05:15.5707940Z [command]/opt/homebrew/bin/git version
Unit tests (macos, Go 1.27.x)	Post Run actions/checkout@v7	2026-09-11T21:05:15.5874920Z git version 2.55.0
Unit tests (macos, Go 1.27.x)	Post Run actions/checkout@v7	2026-09-11T21:05:15.5907290Z Copying '/Users/runner/.gitconfig' to '/Users/runner/work/_temp/3bab8ec0-b30c-4aa7-aa67-7c8494a8816d/.gitconfig'
Unit tests (macos, Go 1.27.x)	Post Run actions/checkout@v7	2026-09-11T21:05:15.5918630Z Temporarily overriding HOME='/Users/runner/work/_temp/3bab8ec0-b30c-4aa7-aa67-7c8494a8816d' before making global git config changes
Unit tests (macos, Go 1.27.x)	Post Run actions/checkout@v7	2026-09-11T21:05:15.5920830Z Adding repository directory to the temporary git global config as a safe directory
Unit tests (macos, Go 1.27.x)	Post Run actions/checkout@v7	2026-09-11T21:05:15.5923630Z [command]/opt/homebrew/bin/git config --global --add safe.directory /Users/runner/work/quic-go-fast/quic-go-fast
Unit tests (macos, Go 1.27.x)	Post Run actions/checkout@v7	2026-09-11T21:05:15.6017080Z Removing SSH command configuration
Unit tests (macos, Go 1.27.x)	Post Run actions/checkout@v7	2026-09-11T21:05:15.6021930Z [command]/opt/homebrew/bin/git config --local --name-only --get-regexp core\.sshCommand
Unit tests (macos, Go 1.27.x)	Post Run actions/checkout@v7	2026-09-11T21:05:15.6132640Z [command]/opt/homebrew/bin/git submodule foreach --recursive sh -c "git config --local --name-only --get-regexp 'core\.sshCommand' && git config --local --unset-all 'core.sshCommand' || :"
Unit tests (macos, Go 1.27.x)	Post Run actions/checkout@v7	2026-09-11T21:05:15.7434660Z Removing HTTP extra header
Unit tests (macos, Go 1.27.x)	Post Run actions/checkout@v7	2026-09-11T21:05:15.7439310Z [command]/opt/homebrew/bin/git config --local --name-only --get-regexp http\.https\:\/\/github\.com\/\.extraheader
Unit tests (macos, Go 1.27.x)	Post Run actions/checkout@v7	2026-09-11T21:05:15.7547790Z [command]/opt/homebrew/bin/git submodule foreach --recursive sh -c "git config --local --name-only --get-regexp 'http\.https\:\/\/github\.com\/\.extraheader' && git config --local --unset-all 'http.https://github.com/.extraheader' || :"
Unit tests (macos, Go 1.27.x)	Post Run actions/checkout@v7	2026-09-11T21:05:15.8887240Z Removing includeIf entries pointing to credentials config files
Unit tests (macos, Go 1.27.x)	Post Run actions/checkout@v7	2026-09-11T21:05:15.8894540Z [command]/opt/homebrew/bin/git config --local --name-only --get-regexp ^includeIf\.gitdir:
Unit tests (macos, Go 1.27.x)	Post Run actions/checkout@v7	2026-09-11T21:05:15.9020630Z includeif.gitdir:/Users/runner/work/quic-go-fast/quic-go-fast/.git.path
Unit tests (macos, Go 1.27.x)	Post Run actions/checkout@v7	2026-09-11T21:05:15.9021530Z includeif.gitdir:/Users/runner/work/quic-go-fast/quic-go-fast/.git/worktrees/*.path
Unit tests (macos, Go 1.27.x)	Post Run actions/checkout@v7	2026-09-11T21:05:15.9022290Z includeif.gitdir:/github/workspace/.git.path
Unit tests (macos, Go 1.27.x)	Post Run actions/checkout@v7	2026-09-11T21:05:15.9023970Z includeif.gitdir:/github/workspace/.git/worktrees/*.path
Unit tests (macos, Go 1.27.x)	Post Run actions/checkout@v7	2026-09-11T21:05:15.9032860Z [command]/opt/homebrew/bin/git config --local --get-all includeif.gitdir:/Users/runner/work/quic-go-fast/quic-go-fast/.git.path
Unit tests (macos, Go 1.27.x)	Post Run actions/checkout@v7	2026-09-11T21:05:15.9147360Z /Users/runner/work/_temp/git-credentials-b4580a22-db54-4a5a-908c-7e192ebf8487.config
Unit tests (macos, Go 1.27.x)	Post Run actions/checkout@v7	2026-09-11T21:05:15.9163670Z [command]/opt/homebrew/bin/git config --local --unset includeif.gitdir:/Users/runner/work/quic-go-fast/quic-go-fast/.git.path \/Users\/runner\/work\/_temp\/git\-credentials\-b4580a22\-db54\-4a5a\-908c\-7e192ebf8487\.config
Unit tests (macos, Go 1.27.x)	Post Run actions/checkout@v7	2026-09-11T21:05:15.9278810Z [command]/opt/homebrew/bin/git config --local --get-all includeif.gitdir:/Users/runner/work/quic-go-fast/quic-go-fast/.git/worktrees/*.path
Unit tests (macos, Go 1.27.x)	Post Run actions/checkout@v7	2026-09-11T21:05:15.9351890Z /Users/runner/work/_temp/git-credentials-b4580a22-db54-4a5a-908c-7e192ebf8487.config
Unit tests (macos, Go 1.27.x)	Post Run actions/checkout@v7	2026-09-11T21:05:15.9369100Z [command]/opt/homebrew/bin/git config --local --unset includeif.gitdir:/Users/runner/work/quic-go-fast/quic-go-fast/.git/worktrees/*.path \/Users\/runner\/work\/_temp\/git\-credentials\-b4580a22\-db54\-4a5a\-908c\-7e192ebf8487\.config
Unit tests (macos, Go 1.27.x)	Post Run actions/checkout@v7	2026-09-11T21:05:15.9454730Z [command]/opt/homebrew/bin/git config --local --get-all includeif.gitdir:/github/workspace/.git.path
Unit tests (macos, Go 1.27.x)	Post Run actions/checkout@v7	2026-09-11T21:05:15.9525080Z /github/runner_temp/git-credentials-b4580a22-db54-4a5a-908c-7e192ebf8487.config
Unit tests (macos, Go 1.27.x)	Post Run actions/checkout@v7	2026-09-11T21:05:15.9535370Z [command]/opt/homebrew/bin/git config --local --unset includeif.gitdir:/github/workspace/.git.path \/github\/runner_temp\/git\-credentials\-b4580a22\-db54\-4a5a\-908c\-7e192ebf8487\.config
Unit tests (macos, Go 1.27.x)	Post Run actions/checkout@v7	2026-09-11T21:05:15.9617110Z [command]/opt/homebrew/bin/git config --local --get-all includeif.gitdir:/github/workspace/.git/worktrees/*.path
Unit tests (macos, Go 1.27.x)	Post Run actions/checkout@v7	2026-09-11T21:05:15.9750040Z /github/runner_temp/git-credentials-b4580a22-db54-4a5a-908c-7e192ebf8487.config
Unit tests (macos, Go 1.27.x)	Post Run actions/checkout@v7	2026-09-11T21:05:15.9765140Z [command]/opt/homebrew/bin/git config --local --unset includeif.gitdir:/github/workspace/.git/worktrees/*.path \/github\/runner_temp\/git\-credentials\-b4580a22\-db54\-4a5a\-908c\-7e192ebf8487\.config
Unit tests (macos, Go 1.27.x)	Post Run actions/checkout@v7	2026-09-11T21:05:15.9903120Z [command]/opt/homebrew/bin/git submodule foreach --recursive git config --local --show-origin --name-only --get-regexp remote.origin.url
Unit tests (macos, Go 1.27.x)	Post Run actions/checkout@v7	2026-09-11T21:05:16.1504820Z Removing credentials config '/Users/runner/work/_temp/git-credentials-b4580a22-db54-4a5a-908c-7e192ebf8487.config'
Unit tests (macos, Go 1.27.x)	Complete job	﻿2026-09-11T21:05:16.1698670Z Cleaning up orphan processes
Unit tests (macos, Go 1.27.x)	Complete job	2026-09-11T21:05:16.2117590Z Terminate orphan process: pid (1985) (scdaemon)
Unit tests (macos, Go 1.27.x)	Complete job	2026-09-11T21:05:16.2480290Z Terminate orphan process: pid (1984) (gpg-agent)
Unit tests (macos, Go 1.27.x)	Complete job	2026-09-11T21:05:16.2899980Z Terminate orphan process: pid (1981) (keyboxd)
