using QUIC version: v2
-test.shuffle 1789088800293547000
=== RUN   TestGetConfigForClientErrorsConnectionRejection
--- PASS: TestGetConfigForClientErrorsConnectionRejection (0.00s)
=== RUN   TestFaultyPacketConn
=== RUN   TestFaultyPacketConn/client
    timeout_test.go:435: blocking client's connection after 22 packets
=== RUN   TestFaultyPacketConn/server
    timeout_test.go:435: blocking server's connection after 16 packets
--- PASS: TestFaultyPacketConn (0.00s)
    --- PASS: TestFaultyPacketConn/client (0.00s)
    --- PASS: TestFaultyPacketConn/server (0.00s)
=== RUN   TestDatagramSizeLimitWithMTUDiscovery
--- PASS: TestDatagramSizeLimitWithMTUDiscovery (0.04s)
=== RUN   TestHandshakeFailsWithoutClientCert
--- PASS: TestHandshakeFailsWithoutClientCert (0.00s)
=== RUN   TestDownloadWithFixedRTT
=== RUN   TestDownloadWithFixedRTT/10ms
=== RUN   TestDownloadWithFixedRTT/100ms
=== RUN   TestDownloadWithFixedRTT/500ms
--- PASS: TestDownloadWithFixedRTT (0.01s)
    --- PASS: TestDownloadWithFixedRTT/10ms (0.00s)
    --- PASS: TestDownloadWithFixedRTT/100ms (0.00s)
    --- PASS: TestDownloadWithFixedRTT/500ms (0.00s)
=== RUN   TestMITMForgedVersionNegotiationPacket
--- PASS: TestMITMForgedVersionNegotiationPacket (0.00s)
=== RUN   TestTimeoutAfterInactivity
--- PASS: TestTimeoutAfterInactivity (0.00s)
=== RUN   TestQlogHandshake
--- PASS: TestQlogHandshake (0.00s)
=== RUN   TestHandshakeWithPacketLoss
=== RUN   TestHandshakeWithPacketLoss/drop_1st_packet_in_direction_to_client
=== RUN   TestHandshakeWithPacketLoss/drop_1st_packet_in_direction_to_client/retry:_true/post_quantum:_false/long_cert_chain:_false/client_speaks_first
    handshake_drop_test.go:382: dropped 1 packets
=== RUN   TestHandshakeWithPacketLoss/drop_1st_packet_in_direction_to_client/retry:_true/post_quantum:_false/long_cert_chain:_false/server_speaks_first
    handshake_drop_test.go:382: dropped 1 packets
=== RUN   TestHandshakeWithPacketLoss/drop_1st_packet_in_direction_to_client/retry:_true/post_quantum:_false/long_cert_chain:_false/nobody_speaks
    handshake_drop_test.go:382: dropped 1 packets
=== RUN   TestHandshakeWithPacketLoss/drop_1st_packet_in_direction_to_client/retry:_false/post_quantum:_false/long_cert_chain:_false/client_speaks_first
    handshake_drop_test.go:382: dropped 1 packets
=== RUN   TestHandshakeWithPacketLoss/drop_1st_packet_in_direction_to_client/retry:_false/post_quantum:_false/long_cert_chain:_false/server_speaks_first
    handshake_drop_test.go:382: dropped 1 packets
=== RUN   TestHandshakeWithPacketLoss/drop_1st_packet_in_direction_to_client/retry:_false/post_quantum:_false/long_cert_chain:_false/nobody_speaks
    handshake_drop_test.go:382: dropped 1 packets
=== RUN   TestHandshakeWithPacketLoss/drop_1st_packet_in_direction_to_client/retry:_false/post_quantum:_false/long_cert_chain:_true/client_speaks_first
    handshake_drop_test.go:382: dropped 1 packets
=== RUN   TestHandshakeWithPacketLoss/drop_1st_packet_in_direction_to_client/retry:_false/post_quantum:_false/long_cert_chain:_true/server_speaks_first
    handshake_drop_test.go:382: dropped 1 packets
=== RUN   TestHandshakeWithPacketLoss/drop_1st_packet_in_direction_to_client/retry:_false/post_quantum:_false/long_cert_chain:_true/nobody_speaks
    handshake_drop_test.go:382: dropped 1 packets
=== RUN   TestHandshakeWithPacketLoss/drop_1st_packet_in_direction_to_client/retry:_false/post_quantum:_true/long_cert_chain:_false/client_speaks_first
    handshake_drop_test.go:382: dropped 1 packets
=== RUN   TestHandshakeWithPacketLoss/drop_1st_packet_in_direction_to_client/retry:_false/post_quantum:_true/long_cert_chain:_false/server_speaks_first
    handshake_drop_test.go:382: dropped 1 packets
=== RUN   TestHandshakeWithPacketLoss/drop_1st_packet_in_direction_to_client/retry:_false/post_quantum:_true/long_cert_chain:_false/nobody_speaks
    handshake_drop_test.go:382: dropped 1 packets
=== RUN   TestHandshakeWithPacketLoss/drop_1st_packet_in_direction_to_client/retry:_false/post_quantum:_true/long_cert_chain:_true/client_speaks_first
    handshake_drop_test.go:382: dropped 1 packets
=== RUN   TestHandshakeWithPacketLoss/drop_1st_packet_in_direction_to_client/retry:_false/post_quantum:_true/long_cert_chain:_true/server_speaks_first
    handshake_drop_test.go:382: dropped 1 packets
=== RUN   TestHandshakeWithPacketLoss/drop_1st_packet_in_direction_to_client/retry:_false/post_quantum:_true/long_cert_chain:_true/nobody_speaks
    handshake_drop_test.go:382: dropped 1 packets
=== RUN   TestHandshakeWithPacketLoss/drop_first_3_packets_in_direction_to_client
=== RUN   TestHandshakeWithPacketLoss/drop_first_3_packets_in_direction_to_client/retry:_true/post_quantum:_false/long_cert_chain:_false/client_speaks_first
    handshake_drop_test.go:382: dropped 3 packets
=== RUN   TestHandshakeWithPacketLoss/drop_first_3_packets_in_direction_to_client/retry:_true/post_quantum:_false/long_cert_chain:_false/server_speaks_first
    handshake_drop_test.go:382: dropped 3 packets
=== RUN   TestHandshakeWithPacketLoss/drop_first_3_packets_in_direction_to_client/retry:_true/post_quantum:_false/long_cert_chain:_false/nobody_speaks
    handshake_drop_test.go:382: dropped 3 packets
=== RUN   TestHandshakeWithPacketLoss/drop_first_3_packets_in_direction_to_client/retry:_false/post_quantum:_false/long_cert_chain:_false/client_speaks_first
    handshake_drop_test.go:382: dropped 3 packets
=== RUN   TestHandshakeWithPacketLoss/drop_first_3_packets_in_direction_to_client/retry:_false/post_quantum:_false/long_cert_chain:_false/server_speaks_first
    handshake_drop_test.go:382: dropped 3 packets
=== RUN   TestHandshakeWithPacketLoss/drop_first_3_packets_in_direction_to_client/retry:_false/post_quantum:_false/long_cert_chain:_false/nobody_speaks
    handshake_drop_test.go:382: dropped 3 packets
=== RUN   TestHandshakeWithPacketLoss/drop_first_3_packets_in_direction_to_client/retry:_false/post_quantum:_false/long_cert_chain:_true/client_speaks_first
    handshake_drop_test.go:382: dropped 3 packets
=== RUN   TestHandshakeWithPacketLoss/drop_first_3_packets_in_direction_to_client/retry:_false/post_quantum:_false/long_cert_chain:_true/server_speaks_first
    handshake_drop_test.go:382: dropped 3 packets
=== RUN   TestHandshakeWithPacketLoss/drop_first_3_packets_in_direction_to_client/retry:_false/post_quantum:_false/long_cert_chain:_true/nobody_speaks
    handshake_drop_test.go:382: dropped 3 packets
=== RUN   TestHandshakeWithPacketLoss/drop_first_3_packets_in_direction_to_client/retry:_false/post_quantum:_true/long_cert_chain:_false/client_speaks_first
    handshake_drop_test.go:382: dropped 3 packets
=== RUN   TestHandshakeWithPacketLoss/drop_first_3_packets_in_direction_to_client/retry:_false/post_quantum:_true/long_cert_chain:_false/server_speaks_first
    handshake_drop_test.go:382: dropped 3 packets
=== RUN   TestHandshakeWithPacketLoss/drop_first_3_packets_in_direction_to_client/retry:_false/post_quantum:_true/long_cert_chain:_false/nobody_speaks
    handshake_drop_test.go:382: dropped 3 packets
=== RUN   TestHandshakeWithPacketLoss/drop_first_3_packets_in_direction_to_client/retry:_false/post_quantum:_true/long_cert_chain:_true/client_speaks_first
    handshake_drop_test.go:382: dropped 3 packets
=== RUN   TestHandshakeWithPacketLoss/drop_first_3_packets_in_direction_to_client/retry:_false/post_quantum:_true/long_cert_chain:_true/server_speaks_first
    handshake_drop_test.go:382: dropped 3 packets
=== RUN   TestHandshakeWithPacketLoss/drop_first_3_packets_in_direction_to_client/retry:_false/post_quantum:_true/long_cert_chain:_true/nobody_speaks
    handshake_drop_test.go:382: dropped 3 packets
=== RUN   TestHandshakeWithPacketLoss/drop_every_3rd_of_first_30_packets,_phase_1_in_direction_to_client
=== RUN   TestHandshakeWithPacketLoss/drop_every_3rd_of_first_30_packets,_phase_1_in_direction_to_client/retry:_true/post_quantum:_false/long_cert_chain:_false/client_speaks_first
    handshake_drop_test.go:382: dropped 4 packets
=== RUN   TestHandshakeWithPacketLoss/drop_every_3rd_of_first_30_packets,_phase_1_in_direction_to_client/retry:_true/post_quantum:_false/long_cert_chain:_false/server_speaks_first
    handshake_drop_test.go:382: dropped 7 packets
=== RUN   TestHandshakeWithPacketLoss/drop_every_3rd_of_first_30_packets,_phase_1_in_direction_to_client/retry:_true/post_quantum:_false/long_cert_chain:_false/nobody_speaks
    handshake_drop_test.go:382: dropped 4 packets
=== RUN   TestHandshakeWithPacketLoss/drop_every_3rd_of_first_30_packets,_phase_1_in_direction_to_client/retry:_false/post_quantum:_false/long_cert_chain:_false/client_speaks_first
    handshake_drop_test.go:382: dropped 3 packets
=== RUN   TestHandshakeWithPacketLoss/drop_every_3rd_of_first_30_packets,_phase_1_in_direction_to_client/retry:_false/post_quantum:_false/long_cert_chain:_false/server_speaks_first
    handshake_drop_test.go:382: dropped 6 packets
=== RUN   TestHandshakeWithPacketLoss/drop_every_3rd_of_first_30_packets,_phase_1_in_direction_to_client/retry:_false/post_quantum:_false/long_cert_chain:_false/nobody_speaks
    handshake_drop_test.go:382: dropped 3 packets
=== RUN   TestHandshakeWithPacketLoss/drop_every_3rd_of_first_30_packets,_phase_1_in_direction_to_client/retry:_false/post_quantum:_false/long_cert_chain:_true/client_speaks_first
    handshake_drop_test.go:382: dropped 5 packets
=== RUN   TestHandshakeWithPacketLoss/drop_every_3rd_of_first_30_packets,_phase_1_in_direction_to_client/retry:_false/post_quantum:_false/long_cert_chain:_true/server_speaks_first
    handshake_drop_test.go:382: dropped 7 packets
=== RUN   TestHandshakeWithPacketLoss/drop_every_3rd_of_first_30_packets,_phase_1_in_direction_to_client/retry:_false/post_quantum:_false/long_cert_chain:_true/nobody_speaks
    handshake_drop_test.go:382: dropped 5 packets
=== RUN   TestHandshakeWithPacketLoss/drop_every_3rd_of_first_30_packets,_phase_1_in_direction_to_client/retry:_false/post_quantum:_true/long_cert_chain:_false/client_speaks_first
    handshake_drop_test.go:382: dropped 3 packets
=== RUN   TestHandshakeWithPacketLoss/drop_every_3rd_of_first_30_packets,_phase_1_in_direction_to_client/retry:_false/post_quantum:_true/long_cert_chain:_false/server_speaks_first
    handshake_drop_test.go:382: dropped 5 packets
=== RUN   TestHandshakeWithPacketLoss/drop_every_3rd_of_first_30_packets,_phase_1_in_direction_to_client/retry:_false/post_quantum:_true/long_cert_chain:_false/nobody_speaks
    handshake_drop_test.go:382: dropped 3 packets
=== RUN   TestHandshakeWithPacketLoss/drop_every_3rd_of_first_30_packets,_phase_1_in_direction_to_client/retry:_false/post_quantum:_true/long_cert_chain:_true/client_speaks_first
    handshake_drop_test.go:382: dropped 4 packets
=== RUN   TestHandshakeWithPacketLoss/drop_every_3rd_of_first_30_packets,_phase_1_in_direction_to_client/retry:_false/post_quantum:_true/long_cert_chain:_true/server_speaks_first
    handshake_drop_test.go:382: dropped 6 packets
=== RUN   TestHandshakeWithPacketLoss/drop_every_3rd_of_first_30_packets,_phase_1_in_direction_to_client/retry:_false/post_quantum:_true/long_cert_chain:_true/nobody_speaks
    handshake_drop_test.go:382: dropped 4 packets
=== RUN   TestHandshakeWithPacketLoss/drop_every_3rd_of_first_30_packets,_phase_2_in_direction_to_client
=== RUN   TestHandshakeWithPacketLoss/drop_every_3rd_of_first_30_packets,_phase_2_in_direction_to_client/retry:_true/post_quantum:_false/long_cert_chain:_false/client_speaks_first
    handshake_drop_test.go:382: dropped 4 packets
=== RUN   TestHandshakeWithPacketLoss/drop_every_3rd_of_first_30_packets,_phase_2_in_direction_to_client/retry:_true/post_quantum:_false/long_cert_chain:_false/server_speaks_first
    handshake_drop_test.go:382: dropped 6 packets
=== RUN   TestHandshakeWithPacketLoss/drop_every_3rd_of_first_30_packets,_phase_2_in_direction_to_client/retry:_true/post_quantum:_false/long_cert_chain:_false/nobody_speaks
    handshake_drop_test.go:382: dropped 4 packets
=== RUN   TestHandshakeWithPacketLoss/drop_every_3rd_of_first_30_packets,_phase_2_in_direction_to_client/retry:_false/post_quantum:_false/long_cert_chain:_false/client_speaks_first
    handshake_drop_test.go:382: dropped 1 packets
=== RUN   TestHandshakeWithPacketLoss/drop_every_3rd_of_first_30_packets,_phase_2_in_direction_to_client/retry:_false/post_quantum:_false/long_cert_chain:_false/server_speaks_first
    handshake_drop_test.go:382: dropped 3 packets
=== RUN   TestHandshakeWithPacketLoss/drop_every_3rd_of_first_30_packets,_phase_2_in_direction_to_client/retry:_false/post_quantum:_false/long_cert_chain:_false/nobody_speaks
    handshake_drop_test.go:382: dropped 1 packets
=== RUN   TestHandshakeWithPacketLoss/drop_every_3rd_of_first_30_packets,_phase_2_in_direction_to_client/retry:_false/post_quantum:_false/long_cert_chain:_true/client_speaks_first
    handshake_drop_test.go:382: dropped 3 packets
=== RUN   TestHandshakeWithPacketLoss/drop_every_3rd_of_first_30_packets,_phase_2_in_direction_to_client/retry:_false/post_quantum:_false/long_cert_chain:_true/server_speaks_first
    handshake_drop_test.go:382: dropped 5 packets
=== RUN   TestHandshakeWithPacketLoss/drop_every_3rd_of_first_30_packets,_phase_2_in_direction_to_client/retry:_false/post_quantum:_false/long_cert_chain:_true/nobody_speaks
    handshake_drop_test.go:382: dropped 3 packets
=== RUN   TestHandshakeWithPacketLoss/drop_every_3rd_of_first_30_packets,_phase_2_in_direction_to_client/retry:_false/post_quantum:_true/long_cert_chain:_false/client_speaks_first
    handshake_drop_test.go:382: dropped 2 packets
=== RUN   TestHandshakeWithPacketLoss/drop_every_3rd_of_first_30_packets,_phase_2_in_direction_to_client/retry:_false/post_quantum:_true/long_cert_chain:_false/server_speaks_first
    handshake_drop_test.go:382: dropped 5 packets
=== RUN   TestHandshakeWithPacketLoss/drop_every_3rd_of_first_30_packets,_phase_2_in_direction_to_client/retry:_false/post_quantum:_true/long_cert_chain:_false/nobody_speaks
    handshake_drop_test.go:382: dropped 2 packets
=== RUN   TestHandshakeWithPacketLoss/drop_every_3rd_of_first_30_packets,_phase_2_in_direction_to_client/retry:_false/post_quantum:_true/long_cert_chain:_true/client_speaks_first
    handshake_drop_test.go:382: dropped 4 packets
=== RUN   TestHandshakeWithPacketLoss/drop_every_3rd_of_first_30_packets,_phase_2_in_direction_to_client/retry:_false/post_quantum:_true/long_cert_chain:_true/server_speaks_first
    handshake_drop_test.go:382: dropped 6 packets
=== RUN   TestHandshakeWithPacketLoss/drop_every_3rd_of_first_30_packets,_phase_2_in_direction_to_client/retry:_false/post_quantum:_true/long_cert_chain:_true/nobody_speaks
    handshake_drop_test.go:382: dropped 4 packets
=== RUN   TestHandshakeWithPacketLoss/drop_every_3rd_of_first_30_packets,_phase_3_in_direction_to_client
=== RUN   TestHandshakeWithPacketLoss/drop_every_3rd_of_first_30_packets,_phase_3_in_direction_to_client/retry:_true/post_quantum:_false/long_cert_chain:_false/client_speaks_first
    handshake_drop_test.go:382: dropped 1 packets
=== RUN   TestHandshakeWithPacketLoss/drop_every_3rd_of_first_30_packets,_phase_3_in_direction_to_client/retry:_true/post_quantum:_false/long_cert_chain:_false/server_speaks_first
    handshake_drop_test.go:382: dropped 3 packets
=== RUN   TestHandshakeWithPacketLoss/drop_every_3rd_of_first_30_packets,_phase_3_in_direction_to_client/retry:_true/post_quantum:_false/long_cert_chain:_false/nobody_speaks
    handshake_drop_test.go:382: dropped 1 packets
=== RUN   TestHandshakeWithPacketLoss/drop_every_3rd_of_first_30_packets,_phase_3_in_direction_to_client/retry:_false/post_quantum:_false/long_cert_chain:_false/client_speaks_first
    handshake_drop_test.go:382: dropped 1 packets
=== RUN   TestHandshakeWithPacketLoss/drop_every_3rd_of_first_30_packets,_phase_3_in_direction_to_client/retry:_false/post_quantum:_false/long_cert_chain:_false/server_speaks_first
    handshake_drop_test.go:382: dropped 3 packets
=== RUN   TestHandshakeWithPacketLoss/drop_every_3rd_of_first_30_packets,_phase_3_in_direction_to_client/retry:_false/post_quantum:_false/long_cert_chain:_false/nobody_speaks
    handshake_drop_test.go:382: dropped 1 packets
=== RUN   TestHandshakeWithPacketLoss/drop_every_3rd_of_first_30_packets,_phase_3_in_direction_to_client/retry:_false/post_quantum:_false/long_cert_chain:_true/client_speaks_first
    handshake_drop_test.go:382: dropped 3 packets
=== RUN   TestHandshakeWithPacketLoss/drop_every_3rd_of_first_30_packets,_phase_3_in_direction_to_client/retry:_false/post_quantum:_false/long_cert_chain:_true/server_speaks_first
    handshake_drop_test.go:382: dropped 5 packets
=== RUN   TestHandshakeWithPacketLoss/drop_every_3rd_of_first_30_packets,_phase_3_in_direction_to_client/retry:_false/post_quantum:_false/long_cert_chain:_true/nobody_speaks
    handshake_drop_test.go:382: dropped 3 packets
=== RUN   TestHandshakeWithPacketLoss/drop_every_3rd_of_first_30_packets,_phase_3_in_direction_to_client/retry:_false/post_quantum:_true/long_cert_chain:_false/client_speaks_first
    handshake_drop_test.go:382: dropped 1 packets
=== RUN   TestHandshakeWithPacketLoss/drop_every_3rd_of_first_30_packets,_phase_3_in_direction_to_client/retry:_false/post_quantum:_true/long_cert_chain:_false/server_speaks_first
    handshake_drop_test.go:382: dropped 3 packets
=== RUN   TestHandshakeWithPacketLoss/drop_every_3rd_of_first_30_packets,_phase_3_in_direction_to_client/retry:_false/post_quantum:_true/long_cert_chain:_false/nobody_speaks
    handshake_drop_test.go:382: dropped 1 packets
=== RUN   TestHandshakeWithPacketLoss/drop_every_3rd_of_first_30_packets,_phase_3_in_direction_to_client/retry:_false/post_quantum:_true/long_cert_chain:_true/client_speaks_first
    handshake_drop_test.go:382: dropped 3 packets
=== RUN   TestHandshakeWithPacketLoss/drop_every_3rd_of_first_30_packets,_phase_3_in_direction_to_client/retry:_false/post_quantum:_true/long_cert_chain:_true/server_speaks_first
    handshake_drop_test.go:382: dropped 5 packets
=== RUN   TestHandshakeWithPacketLoss/drop_every_3rd_of_first_30_packets,_phase_3_in_direction_to_client/retry:_false/post_quantum:_true/long_cert_chain:_true/nobody_speaks
    handshake_drop_test.go:382: dropped 3 packets
=== RUN   TestHandshakeWithPacketLoss/drop_1/3_of_packets_in_direction_to_client
    handshake_drop_test.go:282: random loss is opt-in stress; set QUIC_GO_TEST_RANDOM_LOSS=1
=== RUN   TestHandshakeWithPacketLoss/drop_1st_packet_in_direction_to_server
=== RUN   TestHandshakeWithPacketLoss/drop_1st_packet_in_direction_to_server/retry:_true/post_quantum:_false/long_cert_chain:_false/client_speaks_first
    handshake_drop_test.go:382: dropped 1 packets
=== RUN   TestHandshakeWithPacketLoss/drop_1st_packet_in_direction_to_server/retry:_true/post_quantum:_false/long_cert_chain:_false/server_speaks_first
    handshake_drop_test.go:382: dropped 1 packets
=== RUN   TestHandshakeWithPacketLoss/drop_1st_packet_in_direction_to_server/retry:_true/post_quantum:_false/long_cert_chain:_false/nobody_speaks
    handshake_drop_test.go:382: dropped 1 packets
=== RUN   TestHandshakeWithPacketLoss/drop_1st_packet_in_direction_to_server/retry:_false/post_quantum:_false/long_cert_chain:_false/client_speaks_first
    handshake_drop_test.go:382: dropped 1 packets
=== RUN   TestHandshakeWithPacketLoss/drop_1st_packet_in_direction_to_server/retry:_false/post_quantum:_false/long_cert_chain:_false/server_speaks_first
    handshake_drop_test.go:382: dropped 1 packets
=== RUN   TestHandshakeWithPacketLoss/drop_1st_packet_in_direction_to_server/retry:_false/post_quantum:_false/long_cert_chain:_false/nobody_speaks
    handshake_drop_test.go:382: dropped 1 packets
=== RUN   TestHandshakeWithPacketLoss/drop_1st_packet_in_direction_to_server/retry:_false/post_quantum:_false/long_cert_chain:_true/client_speaks_first
    handshake_drop_test.go:382: dropped 1 packets
=== RUN   TestHandshakeWithPacketLoss/drop_1st_packet_in_direction_to_server/retry:_false/post_quantum:_false/long_cert_chain:_true/server_speaks_first
    handshake_drop_test.go:382: dropped 1 packets
=== RUN   TestHandshakeWithPacketLoss/drop_1st_packet_in_direction_to_server/retry:_false/post_quantum:_false/long_cert_chain:_true/nobody_speaks
    handshake_drop_test.go:382: dropped 1 packets
=== RUN   TestHandshakeWithPacketLoss/drop_1st_packet_in_direction_to_server/retry:_false/post_quantum:_true/long_cert_chain:_false/client_speaks_first
    handshake_drop_test.go:382: dropped 1 packets
=== RUN   TestHandshakeWithPacketLoss/drop_1st_packet_in_direction_to_server/retry:_false/post_quantum:_true/long_cert_chain:_false/server_speaks_first
    handshake_drop_test.go:382: dropped 1 packets
=== RUN   TestHandshakeWithPacketLoss/drop_1st_packet_in_direction_to_server/retry:_false/post_quantum:_true/long_cert_chain:_false/nobody_speaks
    handshake_drop_test.go:382: dropped 1 packets
=== RUN   TestHandshakeWithPacketLoss/drop_1st_packet_in_direction_to_server/retry:_false/post_quantum:_true/long_cert_chain:_true/client_speaks_first
    handshake_drop_test.go:382: dropped 1 packets
=== RUN   TestHandshakeWithPacketLoss/drop_1st_packet_in_direction_to_server/retry:_false/post_quantum:_true/long_cert_chain:_true/server_speaks_first
    handshake_drop_test.go:382: dropped 1 packets
=== RUN   TestHandshakeWithPacketLoss/drop_1st_packet_in_direction_to_server/retry:_false/post_quantum:_true/long_cert_chain:_true/nobody_speaks
    handshake_drop_test.go:382: dropped 1 packets
=== RUN   TestHandshakeWithPacketLoss/drop_first_3_packets_in_direction_to_server
=== RUN   TestHandshakeWithPacketLoss/drop_first_3_packets_in_direction_to_server/retry:_true/post_quantum:_false/long_cert_chain:_false/client_speaks_first
    handshake_drop_test.go:382: dropped 3 packets
=== RUN   TestHandshakeWithPacketLoss/drop_first_3_packets_in_direction_to_server/retry:_true/post_quantum:_false/long_cert_chain:_false/server_speaks_first
    handshake_drop_test.go:382: dropped 3 packets
=== RUN   TestHandshakeWithPacketLoss/drop_first_3_packets_in_direction_to_server/retry:_true/post_quantum:_false/long_cert_chain:_false/nobody_speaks
    handshake_drop_test.go:382: dropped 3 packets
=== RUN   TestHandshakeWithPacketLoss/drop_first_3_packets_in_direction_to_server/retry:_false/post_quantum:_false/long_cert_chain:_false/client_speaks_first
    handshake_drop_test.go:382: dropped 3 packets
=== RUN   TestHandshakeWithPacketLoss/drop_first_3_packets_in_direction_to_server/retry:_false/post_quantum:_false/long_cert_chain:_false/server_speaks_first
    handshake_drop_test.go:382: dropped 3 packets
=== RUN   TestHandshakeWithPacketLoss/drop_first_3_packets_in_direction_to_server/retry:_false/post_quantum:_false/long_cert_chain:_false/nobody_speaks
    handshake_drop_test.go:382: dropped 3 packets
=== RUN   TestHandshakeWithPacketLoss/drop_first_3_packets_in_direction_to_server/retry:_false/post_quantum:_false/long_cert_chain:_true/client_speaks_first
    handshake_drop_test.go:382: dropped 3 packets
=== RUN   TestHandshakeWithPacketLoss/drop_first_3_packets_in_direction_to_server/retry:_false/post_quantum:_false/long_cert_chain:_true/server_speaks_first
    handshake_drop_test.go:382: dropped 3 packets
=== RUN   TestHandshakeWithPacketLoss/drop_first_3_packets_in_direction_to_server/retry:_false/post_quantum:_false/long_cert_chain:_true/nobody_speaks
    handshake_drop_test.go:382: dropped 3 packets
=== RUN   TestHandshakeWithPacketLoss/drop_first_3_packets_in_direction_to_server/retry:_false/post_quantum:_true/long_cert_chain:_false/client_speaks_first
    handshake_drop_test.go:382: dropped 3 packets
=== RUN   TestHandshakeWithPacketLoss/drop_first_3_packets_in_direction_to_server/retry:_false/post_quantum:_true/long_cert_chain:_false/server_speaks_first
    handshake_drop_test.go:382: dropped 3 packets
=== RUN   TestHandshakeWithPacketLoss/drop_first_3_packets_in_direction_to_server/retry:_false/post_quantum:_true/long_cert_chain:_false/nobody_speaks
    handshake_drop_test.go:382: dropped 3 packets
=== RUN   TestHandshakeWithPacketLoss/drop_first_3_packets_in_direction_to_server/retry:_false/post_quantum:_true/long_cert_chain:_true/client_speaks_first
    handshake_drop_test.go:382: dropped 3 packets
=== RUN   TestHandshakeWithPacketLoss/drop_first_3_packets_in_direction_to_server/retry:_false/post_quantum:_true/long_cert_chain:_true/server_speaks_first
    handshake_drop_test.go:382: dropped 3 packets
=== RUN   TestHandshakeWithPacketLoss/drop_first_3_packets_in_direction_to_server/retry:_false/post_quantum:_true/long_cert_chain:_true/nobody_speaks
    handshake_drop_test.go:382: dropped 3 packets
=== RUN   TestHandshakeWithPacketLoss/drop_every_3rd_of_first_30_packets,_phase_1_in_direction_to_server
=== RUN   TestHandshakeWithPacketLoss/drop_every_3rd_of_first_30_packets,_phase_1_in_direction_to_server/retry:_true/post_quantum:_false/long_cert_chain:_false/client_speaks_first
    handshake_drop_test.go:382: dropped 7 packets
=== RUN   TestHandshakeWithPacketLoss/drop_every_3rd_of_first_30_packets,_phase_1_in_direction_to_server/retry:_true/post_quantum:_false/long_cert_chain:_false/server_speaks_first
    handshake_drop_test.go:382: dropped 4 packets
=== RUN   TestHandshakeWithPacketLoss/drop_every_3rd_of_first_30_packets,_phase_1_in_direction_to_server/retry:_true/post_quantum:_false/long_cert_chain:_false/nobody_speaks
    handshake_drop_test.go:382: dropped 4 packets
=== RUN   TestHandshakeWithPacketLoss/drop_every_3rd_of_first_30_packets,_phase_1_in_direction_to_server/retry:_false/post_quantum:_false/long_cert_chain:_false/client_speaks_first
    handshake_drop_test.go:382: dropped 6 packets
=== RUN   TestHandshakeWithPacketLoss/drop_every_3rd_of_first_30_packets,_phase_1_in_direction_to_server/retry:_false/post_quantum:_false/long_cert_chain:_false/server_speaks_first
    handshake_drop_test.go:382: dropped 3 packets
=== RUN   TestHandshakeWithPacketLoss/drop_every_3rd_of_first_30_packets,_phase_1_in_direction_to_server/retry:_false/post_quantum:_false/long_cert_chain:_false/nobody_speaks
    handshake_drop_test.go:382: dropped 3 packets
=== RUN   TestHandshakeWithPacketLoss/drop_every_3rd_of_first_30_packets,_phase_1_in_direction_to_server/retry:_false/post_quantum:_false/long_cert_chain:_true/client_speaks_first
    handshake_drop_test.go:382: dropped 6 packets
=== RUN   TestHandshakeWithPacketLoss/drop_every_3rd_of_first_30_packets,_phase_1_in_direction_to_server/retry:_false/post_quantum:_false/long_cert_chain:_true/server_speaks_first
    handshake_drop_test.go:382: dropped 3 packets
=== RUN   TestHandshakeWithPacketLoss/drop_every_3rd_of_first_30_packets,_phase_1_in_direction_to_server/retry:_false/post_quantum:_false/long_cert_chain:_true/nobody_speaks
    handshake_drop_test.go:382: dropped 3 packets
=== RUN   TestHandshakeWithPacketLoss/drop_every_3rd_of_first_30_packets,_phase_1_in_direction_to_server/retry:_false/post_quantum:_true/long_cert_chain:_false/client_speaks_first
    handshake_drop_test.go:382: dropped 6 packets
=== RUN   TestHandshakeWithPacketLoss/drop_every_3rd_of_first_30_packets,_phase_1_in_direction_to_server/retry:_false/post_quantum:_true/long_cert_chain:_false/server_speaks_first
    handshake_drop_test.go:382: dropped 3 packets
=== RUN   TestHandshakeWithPacketLoss/drop_every_3rd_of_first_30_packets,_phase_1_in_direction_to_server/retry:_false/post_quantum:_true/long_cert_chain:_false/nobody_speaks
    handshake_drop_test.go:382: dropped 3 packets
=== RUN   TestHandshakeWithPacketLoss/drop_every_3rd_of_first_30_packets,_phase_1_in_direction_to_server/retry:_false/post_quantum:_true/long_cert_chain:_true/client_speaks_first
    handshake_drop_test.go:382: dropped 6 packets
=== RUN   TestHandshakeWithPacketLoss/drop_every_3rd_of_first_30_packets,_phase_1_in_direction_to_server/retry:_false/post_quantum:_true/long_cert_chain:_true/server_speaks_first
    handshake_drop_test.go:382: dropped 3 packets
=== RUN   TestHandshakeWithPacketLoss/drop_every_3rd_of_first_30_packets,_phase_1_in_direction_to_server/retry:_false/post_quantum:_true/long_cert_chain:_true/nobody_speaks
    handshake_drop_test.go:382: dropped 3 packets
=== RUN   TestHandshakeWithPacketLoss/drop_every_3rd_of_first_30_packets,_phase_2_in_direction_to_server
=== RUN   TestHandshakeWithPacketLoss/drop_every_3rd_of_first_30_packets,_phase_2_in_direction_to_server/retry:_true/post_quantum:_false/long_cert_chain:_false/client_speaks_first
    handshake_drop_test.go:382: dropped 6 packets
=== RUN   TestHandshakeWithPacketLoss/drop_every_3rd_of_first_30_packets,_phase_2_in_direction_to_server/retry:_true/post_quantum:_false/long_cert_chain:_false/server_speaks_first
    handshake_drop_test.go:382: dropped 3 packets
=== RUN   TestHandshakeWithPacketLoss/drop_every_3rd_of_first_30_packets,_phase_2_in_direction_to_server/retry:_true/post_quantum:_false/long_cert_chain:_false/nobody_speaks
    handshake_drop_test.go:382: dropped 3 packets
=== RUN   TestHandshakeWithPacketLoss/drop_every_3rd_of_first_30_packets,_phase_2_in_direction_to_server/retry:_false/post_quantum:_false/long_cert_chain:_false/client_speaks_first
    handshake_drop_test.go:382: dropped 5 packets
=== RUN   TestHandshakeWithPacketLoss/drop_every_3rd_of_first_30_packets,_phase_2_in_direction_to_server/retry:_false/post_quantum:_false/long_cert_chain:_false/server_speaks_first
    handshake_drop_test.go:382: dropped 2 packets
=== RUN   TestHandshakeWithPacketLoss/drop_every_3rd_of_first_30_packets,_phase_2_in_direction_to_server/retry:_false/post_quantum:_false/long_cert_chain:_false/nobody_speaks
    handshake_drop_test.go:382: dropped 2 packets
=== RUN   TestHandshakeWithPacketLoss/drop_every_3rd_of_first_30_packets,_phase_2_in_direction_to_server/retry:_false/post_quantum:_false/long_cert_chain:_true/client_speaks_first
    handshake_drop_test.go:382: dropped 5 packets
=== RUN   TestHandshakeWithPacketLoss/drop_every_3rd_of_first_30_packets,_phase_2_in_direction_to_server/retry:_false/post_quantum:_false/long_cert_chain:_true/server_speaks_first
    handshake_drop_test.go:382: dropped 2 packets
=== RUN   TestHandshakeWithPacketLoss/drop_every_3rd_of_first_30_packets,_phase_2_in_direction_to_server/retry:_false/post_quantum:_false/long_cert_chain:_true/nobody_speaks
    handshake_drop_test.go:382: dropped 2 packets
=== RUN   TestHandshakeWithPacketLoss/drop_every_3rd_of_first_30_packets,_phase_2_in_direction_to_server/retry:_false/post_quantum:_true/long_cert_chain:_false/client_speaks_first
    handshake_drop_test.go:382: dropped 6 packets
=== RUN   TestHandshakeWithPacketLoss/drop_every_3rd_of_first_30_packets,_phase_2_in_direction_to_server/retry:_false/post_quantum:_true/long_cert_chain:_false/server_speaks_first
    handshake_drop_test.go:382: dropped 3 packets
=== RUN   TestHandshakeWithPacketLoss/drop_every_3rd_of_first_30_packets,_phase_2_in_direction_to_server/retry:_false/post_quantum:_true/long_cert_chain:_false/nobody_speaks
    handshake_drop_test.go:382: dropped 3 packets
=== RUN   TestHandshakeWithPacketLoss/drop_every_3rd_of_first_30_packets,_phase_2_in_direction_to_server/retry:_false/post_quantum:_true/long_cert_chain:_true/client_speaks_first
    handshake_drop_test.go:382: dropped 6 packets
=== RUN   TestHandshakeWithPacketLoss/drop_every_3rd_of_first_30_packets,_phase_2_in_direction_to_server/retry:_false/post_quantum:_true/long_cert_chain:_true/server_speaks_first
    handshake_drop_test.go:382: dropped 3 packets
=== RUN   TestHandshakeWithPacketLoss/drop_every_3rd_of_first_30_packets,_phase_2_in_direction_to_server/retry:_false/post_quantum:_true/long_cert_chain:_true/nobody_speaks
    handshake_drop_test.go:382: dropped 3 packets
=== RUN   TestHandshakeWithPacketLoss/drop_every_3rd_of_first_30_packets,_phase_3_in_direction_to_server
=== RUN   TestHandshakeWithPacketLoss/drop_every_3rd_of_first_30_packets,_phase_3_in_direction_to_server/retry:_true/post_quantum:_false/long_cert_chain:_false/client_speaks_first
    handshake_drop_test.go:382: dropped 5 packets
=== RUN   TestHandshakeWithPacketLoss/drop_every_3rd_of_first_30_packets,_phase_3_in_direction_to_server/retry:_true/post_quantum:_false/long_cert_chain:_false/server_speaks_first
    handshake_drop_test.go:382: dropped 2 packets
=== RUN   TestHandshakeWithPacketLoss/drop_every_3rd_of_first_30_packets,_phase_3_in_direction_to_server/retry:_true/post_quantum:_false/long_cert_chain:_false/nobody_speaks
    handshake_drop_test.go:382: dropped 2 packets
=== RUN   TestHandshakeWithPacketLoss/drop_every_3rd_of_first_30_packets,_phase_3_in_direction_to_server/retry:_false/post_quantum:_false/long_cert_chain:_false/client_speaks_first
    handshake_drop_test.go:382: dropped 4 packets
=== RUN   TestHandshakeWithPacketLoss/drop_every_3rd_of_first_30_packets,_phase_3_in_direction_to_server/retry:_false/post_quantum:_false/long_cert_chain:_false/server_speaks_first
    handshake_drop_test.go:382: dropped 1 packets
=== RUN   TestHandshakeWithPacketLoss/drop_every_3rd_of_first_30_packets,_phase_3_in_direction_to_server/retry:_false/post_quantum:_false/long_cert_chain:_false/nobody_speaks
    handshake_drop_test.go:382: dropped 1 packets
=== RUN   TestHandshakeWithPacketLoss/drop_every_3rd_of_first_30_packets,_phase_3_in_direction_to_server/retry:_false/post_quantum:_false/long_cert_chain:_true/client_speaks_first
    handshake_drop_test.go:382: dropped 5 packets
=== RUN   TestHandshakeWithPacketLoss/drop_every_3rd_of_first_30_packets,_phase_3_in_direction_to_server/retry:_false/post_quantum:_false/long_cert_chain:_true/server_speaks_first
    handshake_drop_test.go:382: dropped 2 packets
=== RUN   TestHandshakeWithPacketLoss/drop_every_3rd_of_first_30_packets,_phase_3_in_direction_to_server/retry:_false/post_quantum:_false/long_cert_chain:_true/nobody_speaks
    handshake_drop_test.go:382: dropped 2 packets
=== RUN   TestHandshakeWithPacketLoss/drop_every_3rd_of_first_30_packets,_phase_3_in_direction_to_server/retry:_false/post_quantum:_true/long_cert_chain:_false/client_speaks_first
    handshake_drop_test.go:382: dropped 4 packets
=== RUN   TestHandshakeWithPacketLoss/drop_every_3rd_of_first_30_packets,_phase_3_in_direction_to_server/retry:_false/post_quantum:_true/long_cert_chain:_false/server_speaks_first
    handshake_drop_test.go:382: dropped 2 packets
=== RUN   TestHandshakeWithPacketLoss/drop_every_3rd_of_first_30_packets,_phase_3_in_direction_to_server/retry:_false/post_quantum:_true/long_cert_chain:_false/nobody_speaks
    handshake_drop_test.go:382: dropped 2 packets
=== RUN   TestHandshakeWithPacketLoss/drop_every_3rd_of_first_30_packets,_phase_3_in_direction_to_server/retry:_false/post_quantum:_true/long_cert_chain:_true/client_speaks_first
    handshake_drop_test.go:382: dropped 5 packets
=== RUN   TestHandshakeWithPacketLoss/drop_every_3rd_of_first_30_packets,_phase_3_in_direction_to_server/retry:_false/post_quantum:_true/long_cert_chain:_true/server_speaks_first
    handshake_drop_test.go:382: dropped 2 packets
=== RUN   TestHandshakeWithPacketLoss/drop_every_3rd_of_first_30_packets,_phase_3_in_direction_to_server/retry:_false/post_quantum:_true/long_cert_chain:_true/nobody_speaks
    handshake_drop_test.go:382: dropped 2 packets
=== RUN   TestHandshakeWithPacketLoss/drop_1/3_of_packets_in_direction_to_server
    handshake_drop_test.go:282: random loss is opt-in stress; set QUIC_GO_TEST_RANDOM_LOSS=1
=== RUN   TestHandshakeWithPacketLoss/drop_1st_packet_in_direction_both
=== RUN   TestHandshakeWithPacketLoss/drop_1st_packet_in_direction_both/retry:_true/post_quantum:_false/long_cert_chain:_false/client_speaks_first
    handshake_drop_test.go:382: dropped 2 packets
=== RUN   TestHandshakeWithPacketLoss/drop_1st_packet_in_direction_both/retry:_true/post_quantum:_false/long_cert_chain:_false/server_speaks_first
    handshake_drop_test.go:382: dropped 2 packets
=== RUN   TestHandshakeWithPacketLoss/drop_1st_packet_in_direction_both/retry:_true/post_quantum:_false/long_cert_chain:_false/nobody_speaks
    handshake_drop_test.go:382: dropped 2 packets
=== RUN   TestHandshakeWithPacketLoss/drop_1st_packet_in_direction_both/retry:_false/post_quantum:_false/long_cert_chain:_false/client_speaks_first
    handshake_drop_test.go:382: dropped 2 packets
=== RUN   TestHandshakeWithPacketLoss/drop_1st_packet_in_direction_both/retry:_false/post_quantum:_false/long_cert_chain:_false/server_speaks_first
    handshake_drop_test.go:382: dropped 2 packets
=== RUN   TestHandshakeWithPacketLoss/drop_1st_packet_in_direction_both/retry:_false/post_quantum:_false/long_cert_chain:_false/nobody_speaks
    handshake_drop_test.go:382: dropped 2 packets
=== RUN   TestHandshakeWithPacketLoss/drop_1st_packet_in_direction_both/retry:_false/post_quantum:_false/long_cert_chain:_true/client_speaks_first
    handshake_drop_test.go:382: dropped 2 packets
=== RUN   TestHandshakeWithPacketLoss/drop_1st_packet_in_direction_both/retry:_false/post_quantum:_false/long_cert_chain:_true/server_speaks_first
    handshake_drop_test.go:382: dropped 2 packets
=== RUN   TestHandshakeWithPacketLoss/drop_1st_packet_in_direction_both/retry:_false/post_quantum:_false/long_cert_chain:_true/nobody_speaks
    handshake_drop_test.go:382: dropped 2 packets
=== RUN   TestHandshakeWithPacketLoss/drop_1st_packet_in_direction_both/retry:_false/post_quantum:_true/long_cert_chain:_false/client_speaks_first
    handshake_drop_test.go:382: dropped 2 packets
=== RUN   TestHandshakeWithPacketLoss/drop_1st_packet_in_direction_both/retry:_false/post_quantum:_true/long_cert_chain:_false/server_speaks_first
    handshake_drop_test.go:382: dropped 2 packets
=== RUN   TestHandshakeWithPacketLoss/drop_1st_packet_in_direction_both/retry:_false/post_quantum:_true/long_cert_chain:_false/nobody_speaks
    handshake_drop_test.go:382: dropped 2 packets
=== RUN   TestHandshakeWithPacketLoss/drop_1st_packet_in_direction_both/retry:_false/post_quantum:_true/long_cert_chain:_true/client_speaks_first
    handshake_drop_test.go:382: dropped 2 packets
=== RUN   TestHandshakeWithPacketLoss/drop_1st_packet_in_direction_both/retry:_false/post_quantum:_true/long_cert_chain:_true/server_speaks_first
    handshake_drop_test.go:382: dropped 2 packets
=== RUN   TestHandshakeWithPacketLoss/drop_1st_packet_in_direction_both/retry:_false/post_quantum:_true/long_cert_chain:_true/nobody_speaks
    handshake_drop_test.go:382: dropped 2 packets
=== RUN   TestHandshakeWithPacketLoss/drop_first_3_packets_in_direction_both
=== RUN   TestHandshakeWithPacketLoss/drop_first_3_packets_in_direction_both/retry:_true/post_quantum:_false/long_cert_chain:_false/client_speaks_first
    handshake_drop_test.go:382: dropped 6 packets
=== RUN   TestHandshakeWithPacketLoss/drop_first_3_packets_in_direction_both/retry:_true/post_quantum:_false/long_cert_chain:_false/server_speaks_first
    handshake_drop_test.go:382: dropped 6 packets
=== RUN   TestHandshakeWithPacketLoss/drop_first_3_packets_in_direction_both/retry:_true/post_quantum:_false/long_cert_chain:_false/nobody_speaks
    handshake_drop_test.go:382: dropped 6 packets
=== RUN   TestHandshakeWithPacketLoss/drop_first_3_packets_in_direction_both/retry:_false/post_quantum:_false/long_cert_chain:_false/client_speaks_first
    handshake_drop_test.go:382: dropped 6 packets
=== RUN   TestHandshakeWithPacketLoss/drop_first_3_packets_in_direction_both/retry:_false/post_quantum:_false/long_cert_chain:_false/server_speaks_first
    handshake_drop_test.go:382: dropped 6 packets
=== RUN   TestHandshakeWithPacketLoss/drop_first_3_packets_in_direction_both/retry:_false/post_quantum:_false/long_cert_chain:_false/nobody_speaks
    handshake_drop_test.go:382: dropped 6 packets
=== RUN   TestHandshakeWithPacketLoss/drop_first_3_packets_in_direction_both/retry:_false/post_quantum:_false/long_cert_chain:_true/client_speaks_first
    handshake_drop_test.go:382: dropped 6 packets
=== RUN   TestHandshakeWithPacketLoss/drop_first_3_packets_in_direction_both/retry:_false/post_quantum:_false/long_cert_chain:_true/server_speaks_first
    handshake_drop_test.go:382: dropped 6 packets
=== RUN   TestHandshakeWithPacketLoss/drop_first_3_packets_in_direction_both/retry:_false/post_quantum:_false/long_cert_chain:_true/nobody_speaks
    handshake_drop_test.go:382: dropped 6 packets
=== RUN   TestHandshakeWithPacketLoss/drop_first_3_packets_in_direction_both/retry:_false/post_quantum:_true/long_cert_chain:_false/client_speaks_first
    handshake_drop_test.go:382: dropped 6 packets
=== RUN   TestHandshakeWithPacketLoss/drop_first_3_packets_in_direction_both/retry:_false/post_quantum:_true/long_cert_chain:_false/server_speaks_first
    handshake_drop_test.go:382: dropped 6 packets
=== RUN   TestHandshakeWithPacketLoss/drop_first_3_packets_in_direction_both/retry:_false/post_quantum:_true/long_cert_chain:_false/nobody_speaks
    handshake_drop_test.go:382: dropped 6 packets
=== RUN   TestHandshakeWithPacketLoss/drop_first_3_packets_in_direction_both/retry:_false/post_quantum:_true/long_cert_chain:_true/client_speaks_first
    handshake_drop_test.go:382: dropped 6 packets
=== RUN   TestHandshakeWithPacketLoss/drop_first_3_packets_in_direction_both/retry:_false/post_quantum:_true/long_cert_chain:_true/server_speaks_first
    handshake_drop_test.go:382: dropped 6 packets
=== RUN   TestHandshakeWithPacketLoss/drop_first_3_packets_in_direction_both/retry:_false/post_quantum:_true/long_cert_chain:_true/nobody_speaks
    handshake_drop_test.go:382: dropped 6 packets
=== RUN   TestHandshakeWithPacketLoss/drop_every_3rd_of_first_30_packets,_phase_1_in_direction_both
=== RUN   TestHandshakeWithPacketLoss/drop_every_3rd_of_first_30_packets,_phase_1_in_direction_both/retry:_true/post_quantum:_false/long_cert_chain:_false/client_speaks_first
    handshake_drop_test.go:382: dropped 11 packets
=== RUN   TestHandshakeWithPacketLoss/drop_every_3rd_of_first_30_packets,_phase_1_in_direction_both/retry:_true/post_quantum:_false/long_cert_chain:_false/server_speaks_first
    handshake_drop_test.go:382: dropped 11 packets
=== RUN   TestHandshakeWithPacketLoss/drop_every_3rd_of_first_30_packets,_phase_1_in_direction_both/retry:_true/post_quantum:_false/long_cert_chain:_false/nobody_speaks
    handshake_drop_test.go:382: dropped 7 packets
=== RUN   TestHandshakeWithPacketLoss/drop_every_3rd_of_first_30_packets,_phase_1_in_direction_both/retry:_false/post_quantum:_false/long_cert_chain:_false/client_speaks_first
    handshake_drop_test.go:382: dropped 10 packets
=== RUN   TestHandshakeWithPacketLoss/drop_every_3rd_of_first_30_packets,_phase_1_in_direction_both/retry:_false/post_quantum:_false/long_cert_chain:_false/server_speaks_first
    handshake_drop_test.go:382: dropped 12 packets
=== RUN   TestHandshakeWithPacketLoss/drop_every_3rd_of_first_30_packets,_phase_1_in_direction_both/retry:_false/post_quantum:_false/long_cert_chain:_false/nobody_speaks
    handshake_drop_test.go:382: dropped 6 packets
=== RUN   TestHandshakeWithPacketLoss/drop_every_3rd_of_first_30_packets,_phase_1_in_direction_both/retry:_false/post_quantum:_false/long_cert_chain:_true/client_speaks_first
    handshake_drop_test.go:382: dropped 14 packets
=== RUN   TestHandshakeWithPacketLoss/drop_every_3rd_of_first_30_packets,_phase_1_in_direction_both/retry:_false/post_quantum:_false/long_cert_chain:_true/server_speaks_first
    handshake_drop_test.go:382: dropped 12 packets
=== RUN   TestHandshakeWithPacketLoss/drop_every_3rd_of_first_30_packets,_phase_1_in_direction_both/retry:_false/post_quantum:_false/long_cert_chain:_true/nobody_speaks
    handshake_drop_test.go:382: dropped 8 packets
=== RUN   TestHandshakeWithPacketLoss/drop_every_3rd_of_first_30_packets,_phase_1_in_direction_both/retry:_false/post_quantum:_true/long_cert_chain:_false/client_speaks_first
    handshake_drop_test.go:382: dropped 14 packets
=== RUN   TestHandshakeWithPacketLoss/drop_every_3rd_of_first_30_packets,_phase_1_in_direction_both/retry:_false/post_quantum:_true/long_cert_chain:_false/server_speaks_first
    handshake_drop_test.go:382: dropped 7 packets
=== RUN   TestHandshakeWithPacketLoss/drop_every_3rd_of_first_30_packets,_phase_1_in_direction_both/retry:_false/post_quantum:_true/long_cert_chain:_false/nobody_speaks
    handshake_drop_test.go:382: dropped 4 packets
=== RUN   TestHandshakeWithPacketLoss/drop_every_3rd_of_first_30_packets,_phase_1_in_direction_both/retry:_false/post_quantum:_true/long_cert_chain:_true/client_speaks_first
    handshake_drop_test.go:382: dropped 13 packets
=== RUN   TestHandshakeWithPacketLoss/drop_every_3rd_of_first_30_packets,_phase_1_in_direction_both/retry:_false/post_quantum:_true/long_cert_chain:_true/server_speaks_first
    handshake_drop_test.go:382: dropped 12 packets
=== RUN   TestHandshakeWithPacketLoss/drop_every_3rd_of_first_30_packets,_phase_1_in_direction_both/retry:_false/post_quantum:_true/long_cert_chain:_true/nobody_speaks
    handshake_drop_test.go:382: dropped 9 packets
=== RUN   TestHandshakeWithPacketLoss/drop_every_3rd_of_first_30_packets,_phase_2_in_direction_both
=== RUN   TestHandshakeWithPacketLoss/drop_every_3rd_of_first_30_packets,_phase_2_in_direction_both/retry:_true/post_quantum:_false/long_cert_chain:_false/client_speaks_first
    handshake_drop_test.go:382: dropped 10 packets
=== RUN   TestHandshakeWithPacketLoss/drop_every_3rd_of_first_30_packets,_phase_2_in_direction_both/retry:_true/post_quantum:_false/long_cert_chain:_false/server_speaks_first
    handshake_drop_test.go:382: dropped 12 packets
=== RUN   TestHandshakeWithPacketLoss/drop_every_3rd_of_first_30_packets,_phase_2_in_direction_both/retry:_true/post_quantum:_false/long_cert_chain:_false/nobody_speaks
    handshake_drop_test.go:382: dropped 6 packets
=== RUN   TestHandshakeWithPacketLoss/drop_every_3rd_of_first_30_packets,_phase_2_in_direction_both/retry:_false/post_quantum:_false/long_cert_chain:_false/client_speaks_first
    handshake_drop_test.go:382: dropped 7 packets
=== RUN   TestHandshakeWithPacketLoss/drop_every_3rd_of_first_30_packets,_phase_2_in_direction_both/retry:_false/post_quantum:_false/long_cert_chain:_false/server_speaks_first
    handshake_drop_test.go:382: dropped 11 packets
=== RUN   TestHandshakeWithPacketLoss/drop_every_3rd_of_first_30_packets,_phase_2_in_direction_both/retry:_false/post_quantum:_false/long_cert_chain:_false/nobody_speaks
    handshake_drop_test.go:382: dropped 3 packets
=== RUN   TestHandshakeWithPacketLoss/drop_every_3rd_of_first_30_packets,_phase_2_in_direction_both/retry:_false/post_quantum:_false/long_cert_chain:_true/client_speaks_first
    handshake_drop_test.go:382: dropped 11 packets
=== RUN   TestHandshakeWithPacketLoss/drop_every_3rd_of_first_30_packets,_phase_2_in_direction_both/retry:_false/post_quantum:_false/long_cert_chain:_true/server_speaks_first
    handshake_drop_test.go:382: dropped 11 packets
=== RUN   TestHandshakeWithPacketLoss/drop_every_3rd_of_first_30_packets,_phase_2_in_direction_both/retry:_false/post_quantum:_false/long_cert_chain:_true/nobody_speaks
    handshake_drop_test.go:382: dropped 6 packets
=== RUN   TestHandshakeWithPacketLoss/drop_every_3rd_of_first_30_packets,_phase_2_in_direction_both/retry:_false/post_quantum:_true/long_cert_chain:_false/client_speaks_first
    handshake_drop_test.go:382: dropped 9 packets
=== RUN   TestHandshakeWithPacketLoss/drop_every_3rd_of_first_30_packets,_phase_2_in_direction_both/retry:_false/post_quantum:_true/long_cert_chain:_false/server_speaks_first
    handshake_drop_test.go:382: dropped 9 packets
=== RUN   TestHandshakeWithPacketLoss/drop_every_3rd_of_first_30_packets,_phase_2_in_direction_both/retry:_false/post_quantum:_true/long_cert_chain:_false/nobody_speaks
    handshake_drop_test.go:382: dropped 5 packets
=== RUN   TestHandshakeWithPacketLoss/drop_every_3rd_of_first_30_packets,_phase_2_in_direction_both/retry:_false/post_quantum:_true/long_cert_chain:_true/client_speaks_first
    handshake_drop_test.go:382: dropped 15 packets
=== RUN   TestHandshakeWithPacketLoss/drop_every_3rd_of_first_30_packets,_phase_2_in_direction_both/retry:_false/post_quantum:_true/long_cert_chain:_true/server_speaks_first
    handshake_drop_test.go:382: dropped 14 packets
=== RUN   TestHandshakeWithPacketLoss/drop_every_3rd_of_first_30_packets,_phase_2_in_direction_both/retry:_false/post_quantum:_true/long_cert_chain:_true/nobody_speaks
    handshake_drop_test.go:382: dropped 9 packets
=== RUN   TestHandshakeWithPacketLoss/drop_every_3rd_of_first_30_packets,_phase_3_in_direction_both
=== RUN   TestHandshakeWithPacketLoss/drop_every_3rd_of_first_30_packets,_phase_3_in_direction_both/retry:_true/post_quantum:_false/long_cert_chain:_false/client_speaks_first
    handshake_drop_test.go:382: dropped 7 packets
=== RUN   TestHandshakeWithPacketLoss/drop_every_3rd_of_first_30_packets,_phase_3_in_direction_both/retry:_true/post_quantum:_false/long_cert_chain:_false/server_speaks_first
    handshake_drop_test.go:382: dropped 11 packets
=== RUN   TestHandshakeWithPacketLoss/drop_every_3rd_of_first_30_packets,_phase_3_in_direction_both/retry:_true/post_quantum:_false/long_cert_chain:_false/nobody_speaks
    handshake_drop_test.go:382: dropped 3 packets
=== RUN   TestHandshakeWithPacketLoss/drop_every_3rd_of_first_30_packets,_phase_3_in_direction_both/retry:_false/post_quantum:_false/long_cert_chain:_false/client_speaks_first
    handshake_drop_test.go:382: dropped 7 packets
=== RUN   TestHandshakeWithPacketLoss/drop_every_3rd_of_first_30_packets,_phase_3_in_direction_both/retry:_false/post_quantum:_false/long_cert_chain:_false/server_speaks_first
    handshake_drop_test.go:382: dropped 5 packets
=== RUN   TestHandshakeWithPacketLoss/drop_every_3rd_of_first_30_packets,_phase_3_in_direction_both/retry:_false/post_quantum:_false/long_cert_chain:_false/nobody_speaks
    handshake_drop_test.go:382: dropped 2 packets
=== RUN   TestHandshakeWithPacketLoss/drop_every_3rd_of_first_30_packets,_phase_3_in_direction_both/retry:_false/post_quantum:_false/long_cert_chain:_true/client_speaks_first
    handshake_drop_test.go:382: dropped 11 packets
=== RUN   TestHandshakeWithPacketLoss/drop_every_3rd_of_first_30_packets,_phase_3_in_direction_both/retry:_false/post_quantum:_false/long_cert_chain:_true/server_speaks_first
    handshake_drop_test.go:382: dropped 8 packets
=== RUN   TestHandshakeWithPacketLoss/drop_every_3rd_of_first_30_packets,_phase_3_in_direction_both/retry:_false/post_quantum:_false/long_cert_chain:_true/nobody_speaks
    handshake_drop_test.go:382: dropped 5 packets
=== RUN   TestHandshakeWithPacketLoss/drop_every_3rd_of_first_30_packets,_phase_3_in_direction_both/retry:_false/post_quantum:_true/long_cert_chain:_false/client_speaks_first
    handshake_drop_test.go:382: dropped 7 packets
=== RUN   TestHandshakeWithPacketLoss/drop_every_3rd_of_first_30_packets,_phase_3_in_direction_both/retry:_false/post_quantum:_true/long_cert_chain:_false/server_speaks_first
    handshake_drop_test.go:382: dropped 11 packets
=== RUN   TestHandshakeWithPacketLoss/drop_every_3rd_of_first_30_packets,_phase_3_in_direction_both/retry:_false/post_quantum:_true/long_cert_chain:_false/nobody_speaks
    handshake_drop_test.go:382: dropped 3 packets
=== RUN   TestHandshakeWithPacketLoss/drop_every_3rd_of_first_30_packets,_phase_3_in_direction_both/retry:_false/post_quantum:_true/long_cert_chain:_true/client_speaks_first
    handshake_drop_test.go:382: dropped 12 packets
=== RUN   TestHandshakeWithPacketLoss/drop_every_3rd_of_first_30_packets,_phase_3_in_direction_both/retry:_false/post_quantum:_true/long_cert_chain:_true/server_speaks_first
    handshake_drop_test.go:382: dropped 12 packets
=== RUN   TestHandshakeWithPacketLoss/drop_every_3rd_of_first_30_packets,_phase_3_in_direction_both/retry:_false/post_quantum:_true/long_cert_chain:_true/nobody_speaks
    handshake_drop_test.go:382: dropped 7 packets
=== RUN   TestHandshakeWithPacketLoss/drop_1/3_of_packets_in_direction_both
    handshake_drop_test.go:282: random loss is opt-in stress; set QUIC_GO_TEST_RANDOM_LOSS=1
--- PASS: TestHandshakeWithPacketLoss (0.23s)
    --- PASS: TestHandshakeWithPacketLoss/drop_1st_packet_in_direction_to_client (0.02s)
        --- PASS: TestHandshakeWithPacketLoss/drop_1st_packet_in_direction_to_client/retry:_true/post_quantum:_false/long_cert_chain:_false/client_speaks_first (0.00s)
        --- PASS: TestHandshakeWithPacketLoss/drop_1st_packet_in_direction_to_client/retry:_true/post_quantum:_false/long_cert_chain:_false/server_speaks_first (0.00s)
        --- PASS: TestHandshakeWithPacketLoss/drop_1st_packet_in_direction_to_client/retry:_true/post_quantum:_false/long_cert_chain:_false/nobody_speaks (0.00s)
        --- PASS: TestHandshakeWithPacketLoss/drop_1st_packet_in_direction_to_client/retry:_false/post_quantum:_false/long_cert_chain:_false/client_speaks_first (0.00s)
        --- PASS: TestHandshakeWithPacketLoss/drop_1st_packet_in_direction_to_client/retry:_false/post_quantum:_false/long_cert_chain:_false/server_speaks_first (0.00s)
        --- PASS: TestHandshakeWithPacketLoss/drop_1st_packet_in_direction_to_client/retry:_false/post_quantum:_false/long_cert_chain:_false/nobody_speaks (0.00s)
        --- PASS: TestHandshakeWithPacketLoss/drop_1st_packet_in_direction_to_client/retry:_false/post_quantum:_false/long_cert_chain:_true/client_speaks_first (0.00s)
        --- PASS: TestHandshakeWithPacketLoss/drop_1st_packet_in_direction_to_client/retry:_false/post_quantum:_false/long_cert_chain:_true/server_speaks_first (0.00s)
        --- PASS: TestHandshakeWithPacketLoss/drop_1st_packet_in_direction_to_client/retry:_false/post_quantum:_false/long_cert_chain:_true/nobody_speaks (0.00s)
        --- PASS: TestHandshakeWithPacketLoss/drop_1st_packet_in_direction_to_client/retry:_false/post_quantum:_true/long_cert_chain:_false/client_speaks_first (0.00s)
        --- PASS: TestHandshakeWithPacketLoss/drop_1st_packet_in_direction_to_client/retry:_false/post_quantum:_true/long_cert_chain:_false/server_speaks_first (0.00s)
        --- PASS: TestHandshakeWithPacketLoss/drop_1st_packet_in_direction_to_client/retry:_false/post_quantum:_true/long_cert_chain:_false/nobody_speaks (0.00s)
        --- PASS: TestHandshakeWithPacketLoss/drop_1st_packet_in_direction_to_client/retry:_false/post_quantum:_true/long_cert_chain:_true/client_speaks_first (0.00s)
        --- PASS: TestHandshakeWithPacketLoss/drop_1st_packet_in_direction_to_client/retry:_false/post_quantum:_true/long_cert_chain:_true/server_speaks_first (0.00s)
        --- PASS: TestHandshakeWithPacketLoss/drop_1st_packet_in_direction_to_client/retry:_false/post_quantum:_true/long_cert_chain:_true/nobody_speaks (0.00s)
    --- PASS: TestHandshakeWithPacketLoss/drop_first_3_packets_in_direction_to_client (0.02s)
        --- PASS: TestHandshakeWithPacketLoss/drop_first_3_packets_in_direction_to_client/retry:_true/post_quantum:_false/long_cert_chain:_false/client_speaks_first (0.00s)
        --- PASS: TestHandshakeWithPacketLoss/drop_first_3_packets_in_direction_to_client/retry:_true/post_quantum:_false/long_cert_chain:_false/server_speaks_first (0.00s)
        --- PASS: TestHandshakeWithPacketLoss/drop_first_3_packets_in_direction_to_client/retry:_true/post_quantum:_false/long_cert_chain:_false/nobody_speaks (0.00s)
        --- PASS: TestHandshakeWithPacketLoss/drop_first_3_packets_in_direction_to_client/retry:_false/post_quantum:_false/long_cert_chain:_false/client_speaks_first (0.00s)
        --- PASS: TestHandshakeWithPacketLoss/drop_first_3_packets_in_direction_to_client/retry:_false/post_quantum:_false/long_cert_chain:_false/server_speaks_first (0.00s)
        --- PASS: TestHandshakeWithPacketLoss/drop_first_3_packets_in_direction_to_client/retry:_false/post_quantum:_false/long_cert_chain:_false/nobody_speaks (0.00s)
        --- PASS: TestHandshakeWithPacketLoss/drop_first_3_packets_in_direction_to_client/retry:_false/post_quantum:_false/long_cert_chain:_true/client_speaks_first (0.00s)
        --- PASS: TestHandshakeWithPacketLoss/drop_first_3_packets_in_direction_to_client/retry:_false/post_quantum:_false/long_cert_chain:_true/server_speaks_first (0.00s)
        --- PASS: TestHandshakeWithPacketLoss/drop_first_3_packets_in_direction_to_client/retry:_false/post_quantum:_false/long_cert_chain:_true/nobody_speaks (0.00s)
        --- PASS: TestHandshakeWithPacketLoss/drop_first_3_packets_in_direction_to_client/retry:_false/post_quantum:_true/long_cert_chain:_false/client_speaks_first (0.00s)
        --- PASS: TestHandshakeWithPacketLoss/drop_first_3_packets_in_direction_to_client/retry:_false/post_quantum:_true/long_cert_chain:_false/server_speaks_first (0.00s)
        --- PASS: TestHandshakeWithPacketLoss/drop_first_3_packets_in_direction_to_client/retry:_false/post_quantum:_true/long_cert_chain:_false/nobody_speaks (0.00s)
        --- PASS: TestHandshakeWithPacketLoss/drop_first_3_packets_in_direction_to_client/retry:_false/post_quantum:_true/long_cert_chain:_true/client_speaks_first (0.00s)
        --- PASS: TestHandshakeWithPacketLoss/drop_first_3_packets_in_direction_to_client/retry:_false/post_quantum:_true/long_cert_chain:_true/server_speaks_first (0.00s)
        --- PASS: TestHandshakeWithPacketLoss/drop_first_3_packets_in_direction_to_client/retry:_false/post_quantum:_true/long_cert_chain:_true/nobody_speaks (0.00s)
    --- PASS: TestHandshakeWithPacketLoss/drop_every_3rd_of_first_30_packets,_phase_1_in_direction_to_client (0.02s)
        --- PASS: TestHandshakeWithPacketLoss/drop_every_3rd_of_first_30_packets,_phase_1_in_direction_to_client/retry:_true/post_quantum:_false/long_cert_chain:_false/client_speaks_first (0.00s)
        --- PASS: TestHandshakeWithPacketLoss/drop_every_3rd_of_first_30_packets,_phase_1_in_direction_to_client/retry:_true/post_quantum:_false/long_cert_chain:_false/server_speaks_first (0.00s)
        --- PASS: TestHandshakeWithPacketLoss/drop_every_3rd_of_first_30_packets,_phase_1_in_direction_to_client/retry:_true/post_quantum:_false/long_cert_chain:_false/nobody_speaks (0.00s)
        --- PASS: TestHandshakeWithPacketLoss/drop_every_3rd_of_first_30_packets,_phase_1_in_direction_to_client/retry:_false/post_quantum:_false/long_cert_chain:_false/client_speaks_first (0.00s)
        --- PASS: TestHandshakeWithPacketLoss/drop_every_3rd_of_first_30_packets,_phase_1_in_direction_to_client/retry:_false/post_quantum:_false/long_cert_chain:_false/server_speaks_first (0.00s)
        --- PASS: TestHandshakeWithPacketLoss/drop_every_3rd_of_first_30_packets,_phase_1_in_direction_to_client/retry:_false/post_quantum:_false/long_cert_chain:_false/nobody_speaks (0.00s)
        --- PASS: TestHandshakeWithPacketLoss/drop_every_3rd_of_first_30_packets,_phase_1_in_direction_to_client/retry:_false/post_quantum:_false/long_cert_chain:_true/client_speaks_first (0.00s)
        --- PASS: TestHandshakeWithPacketLoss/drop_every_3rd_of_first_30_packets,_phase_1_in_direction_to_client/retry:_false/post_quantum:_false/long_cert_chain:_true/server_speaks_first (0.00s)
        --- PASS: TestHandshakeWithPacketLoss/drop_every_3rd_of_first_30_packets,_phase_1_in_direction_to_client/retry:_false/post_quantum:_false/long_cert_chain:_true/nobody_speaks (0.00s)
        --- PASS: TestHandshakeWithPacketLoss/drop_every_3rd_of_first_30_packets,_phase_1_in_direction_to_client/retry:_false/post_quantum:_true/long_cert_chain:_false/client_speaks_first (0.00s)
        --- PASS: TestHandshakeWithPacketLoss/drop_every_3rd_of_first_30_packets,_phase_1_in_direction_to_client/retry:_false/post_quantum:_true/long_cert_chain:_false/server_speaks_first (0.00s)
        --- PASS: TestHandshakeWithPacketLoss/drop_every_3rd_of_first_30_packets,_phase_1_in_direction_to_client/retry:_false/post_quantum:_true/long_cert_chain:_false/nobody_speaks (0.00s)
        --- PASS: TestHandshakeWithPacketLoss/drop_every_3rd_of_first_30_packets,_phase_1_in_direction_to_client/retry:_false/post_quantum:_true/long_cert_chain:_true/client_speaks_first (0.00s)
        --- PASS: TestHandshakeWithPacketLoss/drop_every_3rd_of_first_30_packets,_phase_1_in_direction_to_client/retry:_false/post_quantum:_true/long_cert_chain:_true/server_speaks_first (0.00s)
        --- PASS: TestHandshakeWithPacketLoss/drop_every_3rd_of_first_30_packets,_phase_1_in_direction_to_client/retry:_false/post_quantum:_true/long_cert_chain:_true/nobody_speaks (0.00s)
    --- PASS: TestHandshakeWithPacketLoss/drop_every_3rd_of_first_30_packets,_phase_2_in_direction_to_client (0.02s)
        --- PASS: TestHandshakeWithPacketLoss/drop_every_3rd_of_first_30_packets,_phase_2_in_direction_to_client/retry:_true/post_quantum:_false/long_cert_chain:_false/client_speaks_first (0.00s)
        --- PASS: TestHandshakeWithPacketLoss/drop_every_3rd_of_first_30_packets,_phase_2_in_direction_to_client/retry:_true/post_quantum:_false/long_cert_chain:_false/server_speaks_first (0.00s)
        --- PASS: TestHandshakeWithPacketLoss/drop_every_3rd_of_first_30_packets,_phase_2_in_direction_to_client/retry:_true/post_quantum:_false/long_cert_chain:_false/nobody_speaks (0.00s)
        --- PASS: TestHandshakeWithPacketLoss/drop_every_3rd_of_first_30_packets,_phase_2_in_direction_to_client/retry:_false/post_quantum:_false/long_cert_chain:_false/client_speaks_first (0.00s)
        --- PASS: TestHandshakeWithPacketLoss/drop_every_3rd_of_first_30_packets,_phase_2_in_direction_to_client/retry:_false/post_quantum:_false/long_cert_chain:_false/server_speaks_first (0.00s)
        --- PASS: TestHandshakeWithPacketLoss/drop_every_3rd_of_first_30_packets,_phase_2_in_direction_to_client/retry:_false/post_quantum:_false/long_cert_chain:_false/nobody_speaks (0.00s)
        --- PASS: TestHandshakeWithPacketLoss/drop_every_3rd_of_first_30_packets,_phase_2_in_direction_to_client/retry:_false/post_quantum:_false/long_cert_chain:_true/client_speaks_first (0.00s)
        --- PASS: TestHandshakeWithPacketLoss/drop_every_3rd_of_first_30_packets,_phase_2_in_direction_to_client/retry:_false/post_quantum:_false/long_cert_chain:_true/server_speaks_first (0.00s)
        --- PASS: TestHandshakeWithPacketLoss/drop_every_3rd_of_first_30_packets,_phase_2_in_direction_to_client/retry:_false/post_quantum:_false/long_cert_chain:_true/nobody_speaks (0.00s)
        --- PASS: TestHandshakeWithPacketLoss/drop_every_3rd_of_first_30_packets,_phase_2_in_direction_to_client/retry:_false/post_quantum:_true/long_cert_chain:_false/client_speaks_first (0.00s)
        --- PASS: TestHandshakeWithPacketLoss/drop_every_3rd_of_first_30_packets,_phase_2_in_direction_to_client/retry:_false/post_quantum:_true/long_cert_chain:_false/server_speaks_first (0.00s)
        --- PASS: TestHandshakeWithPacketLoss/drop_every_3rd_of_first_30_packets,_phase_2_in_direction_to_client/retry:_false/post_quantum:_true/long_cert_chain:_false/nobody_speaks (0.00s)
        --- PASS: TestHandshakeWithPacketLoss/drop_every_3rd_of_first_30_packets,_phase_2_in_direction_to_client/retry:_false/post_quantum:_true/long_cert_chain:_true/client_speaks_first (0.00s)
        --- PASS: TestHandshakeWithPacketLoss/drop_every_3rd_of_first_30_packets,_phase_2_in_direction_to_client/retry:_false/post_quantum:_true/long_cert_chain:_true/server_speaks_first (0.00s)
        --- PASS: TestHandshakeWithPacketLoss/drop_every_3rd_of_first_30_packets,_phase_2_in_direction_to_client/retry:_false/post_quantum:_true/long_cert_chain:_true/nobody_speaks (0.00s)
    --- PASS: TestHandshakeWithPacketLoss/drop_every_3rd_of_first_30_packets,_phase_3_in_direction_to_client (0.01s)
        --- PASS: TestHandshakeWithPacketLoss/drop_every_3rd_of_first_30_packets,_phase_3_in_direction_to_client/retry:_true/post_quantum:_false/long_cert_chain:_false/client_speaks_first (0.00s)
        --- PASS: TestHandshakeWithPacketLoss/drop_every_3rd_of_first_30_packets,_phase_3_in_direction_to_client/retry:_true/post_quantum:_false/long_cert_chain:_false/server_speaks_first (0.00s)
        --- PASS: TestHandshakeWithPacketLoss/drop_every_3rd_of_first_30_packets,_phase_3_in_direction_to_client/retry:_true/post_quantum:_false/long_cert_chain:_false/nobody_speaks (0.00s)
        --- PASS: TestHandshakeWithPacketLoss/drop_every_3rd_of_first_30_packets,_phase_3_in_direction_to_client/retry:_false/post_quantum:_false/long_cert_chain:_false/client_speaks_first (0.00s)
        --- PASS: TestHandshakeWithPacketLoss/drop_every_3rd_of_first_30_packets,_phase_3_in_direction_to_client/retry:_false/post_quantum:_false/long_cert_chain:_false/server_speaks_first (0.00s)
        --- PASS: TestHandshakeWithPacketLoss/drop_every_3rd_of_first_30_packets,_phase_3_in_direction_to_client/retry:_false/post_quantum:_false/long_cert_chain:_false/nobody_speaks (0.00s)
        --- PASS: TestHandshakeWithPacketLoss/drop_every_3rd_of_first_30_packets,_phase_3_in_direction_to_client/retry:_false/post_quantum:_false/long_cert_chain:_true/client_speaks_first (0.00s)
        --- PASS: TestHandshakeWithPacketLoss/drop_every_3rd_of_first_30_packets,_phase_3_in_direction_to_client/retry:_false/post_quantum:_false/long_cert_chain:_true/server_speaks_first (0.00s)
        --- PASS: TestHandshakeWithPacketLoss/drop_every_3rd_of_first_30_packets,_phase_3_in_direction_to_client/retry:_false/post_quantum:_false/long_cert_chain:_true/nobody_speaks (0.00s)
        --- PASS: TestHandshakeWithPacketLoss/drop_every_3rd_of_first_30_packets,_phase_3_in_direction_to_client/retry:_false/post_quantum:_true/long_cert_chain:_false/client_speaks_first (0.00s)
        --- PASS: TestHandshakeWithPacketLoss/drop_every_3rd_of_first_30_packets,_phase_3_in_direction_to_client/retry:_false/post_quantum:_true/long_cert_chain:_false/server_speaks_first (0.00s)
        --- PASS: TestHandshakeWithPacketLoss/drop_every_3rd_of_first_30_packets,_phase_3_in_direction_to_client/retry:_false/post_quantum:_true/long_cert_chain:_false/nobody_speaks (0.00s)
        --- PASS: TestHandshakeWithPacketLoss/drop_every_3rd_of_first_30_packets,_phase_3_in_direction_to_client/retry:_false/post_quantum:_true/long_cert_chain:_true/client_speaks_first (0.00s)
        --- PASS: TestHandshakeWithPacketLoss/drop_every_3rd_of_first_30_packets,_phase_3_in_direction_to_client/retry:_false/post_quantum:_true/long_cert_chain:_true/server_speaks_first (0.00s)
        --- PASS: TestHandshakeWithPacketLoss/drop_every_3rd_of_first_30_packets,_phase_3_in_direction_to_client/retry:_false/post_quantum:_true/long_cert_chain:_true/nobody_speaks (0.00s)
    --- SKIP: TestHandshakeWithPacketLoss/drop_1/3_of_packets_in_direction_to_client (0.00s)
    --- PASS: TestHandshakeWithPacketLoss/drop_1st_packet_in_direction_to_server (0.01s)
        --- PASS: TestHandshakeWithPacketLoss/drop_1st_packet_in_direction_to_server/retry:_true/post_quantum:_false/long_cert_chain:_false/client_speaks_first (0.00s)
        --- PASS: TestHandshakeWithPacketLoss/drop_1st_packet_in_direction_to_server/retry:_true/post_quantum:_false/long_cert_chain:_false/server_speaks_first (0.00s)
        --- PASS: TestHandshakeWithPacketLoss/drop_1st_packet_in_direction_to_server/retry:_true/post_quantum:_false/long_cert_chain:_false/nobody_speaks (0.00s)
        --- PASS: TestHandshakeWithPacketLoss/drop_1st_packet_in_direction_to_server/retry:_false/post_quantum:_false/long_cert_chain:_false/client_speaks_first (0.00s)
        --- PASS: TestHandshakeWithPacketLoss/drop_1st_packet_in_direction_to_server/retry:_false/post_quantum:_false/long_cert_chain:_false/server_speaks_first (0.00s)
        --- PASS: TestHandshakeWithPacketLoss/drop_1st_packet_in_direction_to_server/retry:_false/post_quantum:_false/long_cert_chain:_false/nobody_speaks (0.00s)
        --- PASS: TestHandshakeWithPacketLoss/drop_1st_packet_in_direction_to_server/retry:_false/post_quantum:_false/long_cert_chain:_true/client_speaks_first (0.00s)
        --- PASS: TestHandshakeWithPacketLoss/drop_1st_packet_in_direction_to_server/retry:_false/post_quantum:_false/long_cert_chain:_true/server_speaks_first (0.00s)
        --- PASS: TestHandshakeWithPacketLoss/drop_1st_packet_in_direction_to_server/retry:_false/post_quantum:_false/long_cert_chain:_true/nobody_speaks (0.00s)
        --- PASS: TestHandshakeWithPacketLoss/drop_1st_packet_in_direction_to_server/retry:_false/post_quantum:_true/long_cert_chain:_false/client_speaks_first (0.00s)
        --- PASS: TestHandshakeWithPacketLoss/drop_1st_packet_in_direction_to_server/retry:_false/post_quantum:_true/long_cert_chain:_false/server_speaks_first (0.00s)
        --- PASS: TestHandshakeWithPacketLoss/drop_1st_packet_in_direction_to_server/retry:_false/post_quantum:_true/long_cert_chain:_false/nobody_speaks (0.00s)
        --- PASS: TestHandshakeWithPacketLoss/drop_1st_packet_in_direction_to_server/retry:_false/post_quantum:_true/long_cert_chain:_true/client_speaks_first (0.00s)
        --- PASS: TestHandshakeWithPacketLoss/drop_1st_packet_in_direction_to_server/retry:_false/post_quantum:_true/long_cert_chain:_true/server_speaks_first (0.00s)
        --- PASS: TestHandshakeWithPacketLoss/drop_1st_packet_in_direction_to_server/retry:_false/post_quantum:_true/long_cert_chain:_true/nobody_speaks (0.00s)
    --- PASS: TestHandshakeWithPacketLoss/drop_first_3_packets_in_direction_to_server (0.01s)
        --- PASS: TestHandshakeWithPacketLoss/drop_first_3_packets_in_direction_to_server/retry:_true/post_quantum:_false/long_cert_chain:_false/client_speaks_first (0.00s)
        --- PASS: TestHandshakeWithPacketLoss/drop_first_3_packets_in_direction_to_server/retry:_true/post_quantum:_false/long_cert_chain:_false/server_speaks_first (0.00s)
        --- PASS: TestHandshakeWithPacketLoss/drop_first_3_packets_in_direction_to_server/retry:_true/post_quantum:_false/long_cert_chain:_false/nobody_speaks (0.00s)
        --- PASS: TestHandshakeWithPacketLoss/drop_first_3_packets_in_direction_to_server/retry:_false/post_quantum:_false/long_cert_chain:_false/client_speaks_first (0.00s)
        --- PASS: TestHandshakeWithPacketLoss/drop_first_3_packets_in_direction_to_server/retry:_false/post_quantum:_false/long_cert_chain:_false/server_speaks_first (0.00s)
        --- PASS: TestHandshakeWithPacketLoss/drop_first_3_packets_in_direction_to_server/retry:_false/post_quantum:_false/long_cert_chain:_false/nobody_speaks (0.00s)
        --- PASS: TestHandshakeWithPacketLoss/drop_first_3_packets_in_direction_to_server/retry:_false/post_quantum:_false/long_cert_chain:_true/client_speaks_first (0.00s)
        --- PASS: TestHandshakeWithPacketLoss/drop_first_3_packets_in_direction_to_server/retry:_false/post_quantum:_false/long_cert_chain:_true/server_speaks_first (0.00s)
        --- PASS: TestHandshakeWithPacketLoss/drop_first_3_packets_in_direction_to_server/retry:_false/post_quantum:_false/long_cert_chain:_true/nobody_speaks (0.00s)
        --- PASS: TestHandshakeWithPacketLoss/drop_first_3_packets_in_direction_to_server/retry:_false/post_quantum:_true/long_cert_chain:_false/client_speaks_first (0.00s)
        --- PASS: TestHandshakeWithPacketLoss/drop_first_3_packets_in_direction_to_server/retry:_false/post_quantum:_true/long_cert_chain:_false/server_speaks_first (0.00s)
        --- PASS: TestHandshakeWithPacketLoss/drop_first_3_packets_in_direction_to_server/retry:_false/post_quantum:_true/long_cert_chain:_false/nobody_speaks (0.00s)
        --- PASS: TestHandshakeWithPacketLoss/drop_first_3_packets_in_direction_to_server/retry:_false/post_quantum:_true/long_cert_chain:_true/client_speaks_first (0.00s)
        --- PASS: TestHandshakeWithPacketLoss/drop_first_3_packets_in_direction_to_server/retry:_false/post_quantum:_true/long_cert_chain:_true/server_speaks_first (0.00s)
        --- PASS: TestHandshakeWithPacketLoss/drop_first_3_packets_in_direction_to_server/retry:_false/post_quantum:_true/long_cert_chain:_true/nobody_speaks (0.00s)
    --- PASS: TestHandshakeWithPacketLoss/drop_every_3rd_of_first_30_packets,_phase_1_in_direction_to_server (0.01s)
        --- PASS: TestHandshakeWithPacketLoss/drop_every_3rd_of_first_30_packets,_phase_1_in_direction_to_server/retry:_true/post_quantum:_false/long_cert_chain:_false/client_speaks_first (0.00s)
        --- PASS: TestHandshakeWithPacketLoss/drop_every_3rd_of_first_30_packets,_phase_1_in_direction_to_server/retry:_true/post_quantum:_false/long_cert_chain:_false/server_speaks_first (0.00s)
        --- PASS: TestHandshakeWithPacketLoss/drop_every_3rd_of_first_30_packets,_phase_1_in_direction_to_server/retry:_true/post_quantum:_false/long_cert_chain:_false/nobody_speaks (0.00s)
        --- PASS: TestHandshakeWithPacketLoss/drop_every_3rd_of_first_30_packets,_phase_1_in_direction_to_server/retry:_false/post_quantum:_false/long_cert_chain:_false/client_speaks_first (0.00s)
        --- PASS: TestHandshakeWithPacketLoss/drop_every_3rd_of_first_30_packets,_phase_1_in_direction_to_server/retry:_false/post_quantum:_false/long_cert_chain:_false/server_speaks_first (0.00s)
        --- PASS: TestHandshakeWithPacketLoss/drop_every_3rd_of_first_30_packets,_phase_1_in_direction_to_server/retry:_false/post_quantum:_false/long_cert_chain:_false/nobody_speaks (0.00s)
        --- PASS: TestHandshakeWithPacketLoss/drop_every_3rd_of_first_30_packets,_phase_1_in_direction_to_server/retry:_false/post_quantum:_false/long_cert_chain:_true/client_speaks_first (0.00s)
        --- PASS: TestHandshakeWithPacketLoss/drop_every_3rd_of_first_30_packets,_phase_1_in_direction_to_server/retry:_false/post_quantum:_false/long_cert_chain:_true/server_speaks_first (0.00s)
        --- PASS: TestHandshakeWithPacketLoss/drop_every_3rd_of_first_30_packets,_phase_1_in_direction_to_server/retry:_false/post_quantum:_false/long_cert_chain:_true/nobody_speaks (0.00s)
        --- PASS: TestHandshakeWithPacketLoss/drop_every_3rd_of_first_30_packets,_phase_1_in_direction_to_server/retry:_false/post_quantum:_true/long_cert_chain:_false/client_speaks_first (0.00s)
        --- PASS: TestHandshakeWithPacketLoss/drop_every_3rd_of_first_30_packets,_phase_1_in_direction_to_server/retry:_false/post_quantum:_true/long_cert_chain:_false/server_speaks_first (0.00s)
        --- PASS: TestHandshakeWithPacketLoss/drop_every_3rd_of_first_30_packets,_phase_1_in_direction_to_server/retry:_false/post_quantum:_true/long_cert_chain:_false/nobody_speaks (0.00s)
        --- PASS: TestHandshakeWithPacketLoss/drop_every_3rd_of_first_30_packets,_phase_1_in_direction_to_server/retry:_false/post_quantum:_true/long_cert_chain:_true/client_speaks_first (0.00s)
        --- PASS: TestHandshakeWithPacketLoss/drop_every_3rd_of_first_30_packets,_phase_1_in_direction_to_server/retry:_false/post_quantum:_true/long_cert_chain:_true/server_speaks_first (0.00s)
        --- PASS: TestHandshakeWithPacketLoss/drop_every_3rd_of_first_30_packets,_phase_1_in_direction_to_server/retry:_false/post_quantum:_true/long_cert_chain:_true/nobody_speaks (0.00s)
    --- PASS: TestHandshakeWithPacketLoss/drop_every_3rd_of_first_30_packets,_phase_2_in_direction_to_server (0.02s)
        --- PASS: TestHandshakeWithPacketLoss/drop_every_3rd_of_first_30_packets,_phase_2_in_direction_to_server/retry:_true/post_quantum:_false/long_cert_chain:_false/client_speaks_first (0.00s)
        --- PASS: TestHandshakeWithPacketLoss/drop_every_3rd_of_first_30_packets,_phase_2_in_direction_to_server/retry:_true/post_quantum:_false/long_cert_chain:_false/server_speaks_first (0.00s)
        --- PASS: TestHandshakeWithPacketLoss/drop_every_3rd_of_first_30_packets,_phase_2_in_direction_to_server/retry:_true/post_quantum:_false/long_cert_chain:_false/nobody_speaks (0.00s)
        --- PASS: TestHandshakeWithPacketLoss/drop_every_3rd_of_first_30_packets,_phase_2_in_direction_to_server/retry:_false/post_quantum:_false/long_cert_chain:_false/client_speaks_first (0.00s)
        --- PASS: TestHandshakeWithPacketLoss/drop_every_3rd_of_first_30_packets,_phase_2_in_direction_to_server/retry:_false/post_quantum:_false/long_cert_chain:_false/server_speaks_first (0.00s)
        --- PASS: TestHandshakeWithPacketLoss/drop_every_3rd_of_first_30_packets,_phase_2_in_direction_to_server/retry:_false/post_quantum:_false/long_cert_chain:_false/nobody_speaks (0.00s)
        --- PASS: TestHandshakeWithPacketLoss/drop_every_3rd_of_first_30_packets,_phase_2_in_direction_to_server/retry:_false/post_quantum:_false/long_cert_chain:_true/client_speaks_first (0.00s)
        --- PASS: TestHandshakeWithPacketLoss/drop_every_3rd_of_first_30_packets,_phase_2_in_direction_to_server/retry:_false/post_quantum:_false/long_cert_chain:_true/server_speaks_first (0.00s)
        --- PASS: TestHandshakeWithPacketLoss/drop_every_3rd_of_first_30_packets,_phase_2_in_direction_to_server/retry:_false/post_quantum:_false/long_cert_chain:_true/nobody_speaks (0.00s)
        --- PASS: TestHandshakeWithPacketLoss/drop_every_3rd_of_first_30_packets,_phase_2_in_direction_to_server/retry:_false/post_quantum:_true/long_cert_chain:_false/client_speaks_first (0.00s)
        --- PASS: TestHandshakeWithPacketLoss/drop_every_3rd_of_first_30_packets,_phase_2_in_direction_to_server/retry:_false/post_quantum:_true/long_cert_chain:_false/server_speaks_first (0.00s)
        --- PASS: TestHandshakeWithPacketLoss/drop_every_3rd_of_first_30_packets,_phase_2_in_direction_to_server/retry:_false/post_quantum:_true/long_cert_chain:_false/nobody_speaks (0.00s)
        --- PASS: TestHandshakeWithPacketLoss/drop_every_3rd_of_first_30_packets,_phase_2_in_direction_to_server/retry:_false/post_quantum:_true/long_cert_chain:_true/client_speaks_first (0.00s)
        --- PASS: TestHandshakeWithPacketLoss/drop_every_3rd_of_first_30_packets,_phase_2_in_direction_to_server/retry:_false/post_quantum:_true/long_cert_chain:_true/server_speaks_first (0.00s)
        --- PASS: TestHandshakeWithPacketLoss/drop_every_3rd_of_first_30_packets,_phase_2_in_direction_to_server/retry:_false/post_quantum:_true/long_cert_chain:_true/nobody_speaks (0.00s)
    --- PASS: TestHandshakeWithPacketLoss/drop_every_3rd_of_first_30_packets,_phase_3_in_direction_to_server (0.01s)
        --- PASS: TestHandshakeWithPacketLoss/drop_every_3rd_of_first_30_packets,_phase_3_in_direction_to_server/retry:_true/post_quantum:_false/long_cert_chain:_false/client_speaks_first (0.00s)
        --- PASS: TestHandshakeWithPacketLoss/drop_every_3rd_of_first_30_packets,_phase_3_in_direction_to_server/retry:_true/post_quantum:_false/long_cert_chain:_false/server_speaks_first (0.00s)
        --- PASS: TestHandshakeWithPacketLoss/drop_every_3rd_of_first_30_packets,_phase_3_in_direction_to_server/retry:_true/post_quantum:_false/long_cert_chain:_false/nobody_speaks (0.00s)
        --- PASS: TestHandshakeWithPacketLoss/drop_every_3rd_of_first_30_packets,_phase_3_in_direction_to_server/retry:_false/post_quantum:_false/long_cert_chain:_false/client_speaks_first (0.00s)
        --- PASS: TestHandshakeWithPacketLoss/drop_every_3rd_of_first_30_packets,_phase_3_in_direction_to_server/retry:_false/post_quantum:_false/long_cert_chain:_false/server_speaks_first (0.00s)
        --- PASS: TestHandshakeWithPacketLoss/drop_every_3rd_of_first_30_packets,_phase_3_in_direction_to_server/retry:_false/post_quantum:_false/long_cert_chain:_false/nobody_speaks (0.00s)
        --- PASS: TestHandshakeWithPacketLoss/drop_every_3rd_of_first_30_packets,_phase_3_in_direction_to_server/retry:_false/post_quantum:_false/long_cert_chain:_true/client_speaks_first (0.00s)
        --- PASS: TestHandshakeWithPacketLoss/drop_every_3rd_of_first_30_packets,_phase_3_in_direction_to_server/retry:_false/post_quantum:_false/long_cert_chain:_true/server_speaks_first (0.00s)
        --- PASS: TestHandshakeWithPacketLoss/drop_every_3rd_of_first_30_packets,_phase_3_in_direction_to_server/retry:_false/post_quantum:_false/long_cert_chain:_true/nobody_speaks (0.00s)
        --- PASS: TestHandshakeWithPacketLoss/drop_every_3rd_of_first_30_packets,_phase_3_in_direction_to_server/retry:_false/post_quantum:_true/long_cert_chain:_false/client_speaks_first (0.00s)
        --- PASS: TestHandshakeWithPacketLoss/drop_every_3rd_of_first_30_packets,_phase_3_in_direction_to_server/retry:_false/post_quantum:_true/long_cert_chain:_false/server_speaks_first (0.00s)
        --- PASS: TestHandshakeWithPacketLoss/drop_every_3rd_of_first_30_packets,_phase_3_in_direction_to_server/retry:_false/post_quantum:_true/long_cert_chain:_false/nobody_speaks (0.00s)
        --- PASS: TestHandshakeWithPacketLoss/drop_every_3rd_of_first_30_packets,_phase_3_in_direction_to_server/retry:_false/post_quantum:_true/long_cert_chain:_true/client_speaks_first (0.00s)
        --- PASS: TestHandshakeWithPacketLoss/drop_every_3rd_of_first_30_packets,_phase_3_in_direction_to_server/retry:_false/post_quantum:_true/long_cert_chain:_true/server_speaks_first (0.00s)
        --- PASS: TestHandshakeWithPacketLoss/drop_every_3rd_of_first_30_packets,_phase_3_in_direction_to_server/retry:_false/post_quantum:_true/long_cert_chain:_true/nobody_speaks (0.00s)
    --- SKIP: TestHandshakeWithPacketLoss/drop_1/3_of_packets_in_direction_to_server (0.00s)
    --- PASS: TestHandshakeWithPacketLoss/drop_1st_packet_in_direction_both (0.01s)
        --- PASS: TestHandshakeWithPacketLoss/drop_1st_packet_in_direction_both/retry:_true/post_quantum:_false/long_cert_chain:_false/client_speaks_first (0.00s)
        --- PASS: TestHandshakeWithPacketLoss/drop_1st_packet_in_direction_both/retry:_true/post_quantum:_false/long_cert_chain:_false/server_speaks_first (0.00s)
        --- PASS: TestHandshakeWithPacketLoss/drop_1st_packet_in_direction_both/retry:_true/post_quantum:_false/long_cert_chain:_false/nobody_speaks (0.00s)
        --- PASS: TestHandshakeWithPacketLoss/drop_1st_packet_in_direction_both/retry:_false/post_quantum:_false/long_cert_chain:_false/client_speaks_first (0.00s)
        --- PASS: TestHandshakeWithPacketLoss/drop_1st_packet_in_direction_both/retry:_false/post_quantum:_false/long_cert_chain:_false/server_speaks_first (0.00s)
        --- PASS: TestHandshakeWithPacketLoss/drop_1st_packet_in_direction_both/retry:_false/post_quantum:_false/long_cert_chain:_false/nobody_speaks (0.00s)
        --- PASS: TestHandshakeWithPacketLoss/drop_1st_packet_in_direction_both/retry:_false/post_quantum:_false/long_cert_chain:_true/client_speaks_first (0.00s)
        --- PASS: TestHandshakeWithPacketLoss/drop_1st_packet_in_direction_both/retry:_false/post_quantum:_false/long_cert_chain:_true/server_speaks_first (0.00s)
        --- PASS: TestHandshakeWithPacketLoss/drop_1st_packet_in_direction_both/retry:_false/post_quantum:_false/long_cert_chain:_true/nobody_speaks (0.00s)
        --- PASS: TestHandshakeWithPacketLoss/drop_1st_packet_in_direction_both/retry:_false/post_quantum:_true/long_cert_chain:_false/client_speaks_first (0.00s)
        --- PASS: TestHandshakeWithPacketLoss/drop_1st_packet_in_direction_both/retry:_false/post_quantum:_true/long_cert_chain:_false/server_speaks_first (0.00s)
        --- PASS: TestHandshakeWithPacketLoss/drop_1st_packet_in_direction_both/retry:_false/post_quantum:_true/long_cert_chain:_false/nobody_speaks (0.00s)
        --- PASS: TestHandshakeWithPacketLoss/drop_1st_packet_in_direction_both/retry:_false/post_quantum:_true/long_cert_chain:_true/client_speaks_first (0.00s)
        --- PASS: TestHandshakeWithPacketLoss/drop_1st_packet_in_direction_both/retry:_false/post_quantum:_true/long_cert_chain:_true/server_speaks_first (0.00s)
        --- PASS: TestHandshakeWithPacketLoss/drop_1st_packet_in_direction_both/retry:_false/post_quantum:_true/long_cert_chain:_true/nobody_speaks (0.00s)
    --- PASS: TestHandshakeWithPacketLoss/drop_first_3_packets_in_direction_both (0.01s)
        --- PASS: TestHandshakeWithPacketLoss/drop_first_3_packets_in_direction_both/retry:_true/post_quantum:_false/long_cert_chain:_false/client_speaks_first (0.00s)
        --- PASS: TestHandshakeWithPacketLoss/drop_first_3_packets_in_direction_both/retry:_true/post_quantum:_false/long_cert_chain:_false/server_speaks_first (0.00s)
        --- PASS: TestHandshakeWithPacketLoss/drop_first_3_packets_in_direction_both/retry:_true/post_quantum:_false/long_cert_chain:_false/nobody_speaks (0.00s)
        --- PASS: TestHandshakeWithPacketLoss/drop_first_3_packets_in_direction_both/retry:_false/post_quantum:_false/long_cert_chain:_false/client_speaks_first (0.00s)
        --- PASS: TestHandshakeWithPacketLoss/drop_first_3_packets_in_direction_both/retry:_false/post_quantum:_false/long_cert_chain:_false/server_speaks_first (0.00s)
        --- PASS: TestHandshakeWithPacketLoss/drop_first_3_packets_in_direction_both/retry:_false/post_quantum:_false/long_cert_chain:_false/nobody_speaks (0.00s)
        --- PASS: TestHandshakeWithPacketLoss/drop_first_3_packets_in_direction_both/retry:_false/post_quantum:_false/long_cert_chain:_true/client_speaks_first (0.00s)
        --- PASS: TestHandshakeWithPacketLoss/drop_first_3_packets_in_direction_both/retry:_false/post_quantum:_false/long_cert_chain:_true/server_speaks_first (0.00s)
        --- PASS: TestHandshakeWithPacketLoss/drop_first_3_packets_in_direction_both/retry:_false/post_quantum:_false/long_cert_chain:_true/nobody_speaks (0.00s)
        --- PASS: TestHandshakeWithPacketLoss/drop_first_3_packets_in_direction_both/retry:_false/post_quantum:_true/long_cert_chain:_false/client_speaks_first (0.00s)
        --- PASS: TestHandshakeWithPacketLoss/drop_first_3_packets_in_direction_both/retry:_false/post_quantum:_true/long_cert_chain:_false/server_speaks_first (0.00s)
        --- PASS: TestHandshakeWithPacketLoss/drop_first_3_packets_in_direction_both/retry:_false/post_quantum:_true/long_cert_chain:_false/nobody_speaks (0.00s)
        --- PASS: TestHandshakeWithPacketLoss/drop_first_3_packets_in_direction_both/retry:_false/post_quantum:_true/long_cert_chain:_true/client_speaks_first (0.00s)
        --- PASS: TestHandshakeWithPacketLoss/drop_first_3_packets_in_direction_both/retry:_false/post_quantum:_true/long_cert_chain:_true/server_speaks_first (0.00s)
        --- PASS: TestHandshakeWithPacketLoss/drop_first_3_packets_in_direction_both/retry:_false/post_quantum:_true/long_cert_chain:_true/nobody_speaks (0.00s)
    --- PASS: TestHandshakeWithPacketLoss/drop_every_3rd_of_first_30_packets,_phase_1_in_direction_both (0.02s)
        --- PASS: TestHandshakeWithPacketLoss/drop_every_3rd_of_first_30_packets,_phase_1_in_direction_both/retry:_true/post_quantum:_false/long_cert_chain:_false/client_speaks_first (0.00s)
        --- PASS: TestHandshakeWithPacketLoss/drop_every_3rd_of_first_30_packets,_phase_1_in_direction_both/retry:_true/post_quantum:_false/long_cert_chain:_false/server_speaks_first (0.00s)
        --- PASS: TestHandshakeWithPacketLoss/drop_every_3rd_of_first_30_packets,_phase_1_in_direction_both/retry:_true/post_quantum:_false/long_cert_chain:_false/nobody_speaks (0.00s)
        --- PASS: TestHandshakeWithPacketLoss/drop_every_3rd_of_first_30_packets,_phase_1_in_direction_both/retry:_false/post_quantum:_false/long_cert_chain:_false/client_speaks_first (0.00s)
        --- PASS: TestHandshakeWithPacketLoss/drop_every_3rd_of_first_30_packets,_phase_1_in_direction_both/retry:_false/post_quantum:_false/long_cert_chain:_false/server_speaks_first (0.00s)
        --- PASS: TestHandshakeWithPacketLoss/drop_every_3rd_of_first_30_packets,_phase_1_in_direction_both/retry:_false/post_quantum:_false/long_cert_chain:_false/nobody_speaks (0.00s)
        --- PASS: TestHandshakeWithPacketLoss/drop_every_3rd_of_first_30_packets,_phase_1_in_direction_both/retry:_false/post_quantum:_false/long_cert_chain:_true/client_speaks_first (0.00s)
        --- PASS: TestHandshakeWithPacketLoss/drop_every_3rd_of_first_30_packets,_phase_1_in_direction_both/retry:_false/post_quantum:_false/long_cert_chain:_true/server_speaks_first (0.00s)
        --- PASS: TestHandshakeWithPacketLoss/drop_every_3rd_of_first_30_packets,_phase_1_in_direction_both/retry:_false/post_quantum:_false/long_cert_chain:_true/nobody_speaks (0.00s)
        --- PASS: TestHandshakeWithPacketLoss/drop_every_3rd_of_first_30_packets,_phase_1_in_direction_both/retry:_false/post_quantum:_true/long_cert_chain:_false/client_speaks_first (0.00s)
        --- PASS: TestHandshakeWithPacketLoss/drop_every_3rd_of_first_30_packets,_phase_1_in_direction_both/retry:_false/post_quantum:_true/long_cert_chain:_false/server_speaks_first (0.00s)
        --- PASS: TestHandshakeWithPacketLoss/drop_every_3rd_of_first_30_packets,_phase_1_in_direction_both/retry:_false/post_quantum:_true/long_cert_chain:_false/nobody_speaks (0.00s)
        --- PASS: TestHandshakeWithPacketLoss/drop_every_3rd_of_first_30_packets,_phase_1_in_direction_both/retry:_false/post_quantum:_true/long_cert_chain:_true/client_speaks_first (0.00s)
        --- PASS: TestHandshakeWithPacketLoss/drop_every_3rd_of_first_30_packets,_phase_1_in_direction_both/retry:_false/post_quantum:_true/long_cert_chain:_true/server_speaks_first (0.00s)
        --- PASS: TestHandshakeWithPacketLoss/drop_every_3rd_of_first_30_packets,_phase_1_in_direction_both/retry:_false/post_quantum:_true/long_cert_chain:_true/nobody_speaks (0.00s)
    --- PASS: TestHandshakeWithPacketLoss/drop_every_3rd_of_first_30_packets,_phase_2_in_direction_both (0.02s)
        --- PASS: TestHandshakeWithPacketLoss/drop_every_3rd_of_first_30_packets,_phase_2_in_direction_both/retry:_true/post_quantum:_false/long_cert_chain:_false/client_speaks_first (0.00s)
        --- PASS: TestHandshakeWithPacketLoss/drop_every_3rd_of_first_30_packets,_phase_2_in_direction_both/retry:_true/post_quantum:_false/long_cert_chain:_false/server_speaks_first (0.00s)
        --- PASS: TestHandshakeWithPacketLoss/drop_every_3rd_of_first_30_packets,_phase_2_in_direction_both/retry:_true/post_quantum:_false/long_cert_chain:_false/nobody_speaks (0.00s)
        --- PASS: TestHandshakeWithPacketLoss/drop_every_3rd_of_first_30_packets,_phase_2_in_direction_both/retry:_false/post_quantum:_false/long_cert_chain:_false/client_speaks_first (0.00s)
        --- PASS: TestHandshakeWithPacketLoss/drop_every_3rd_of_first_30_packets,_phase_2_in_direction_both/retry:_false/post_quantum:_false/long_cert_chain:_false/server_speaks_first (0.00s)
        --- PASS: TestHandshakeWithPacketLoss/drop_every_3rd_of_first_30_packets,_phase_2_in_direction_both/retry:_false/post_quantum:_false/long_cert_chain:_false/nobody_speaks (0.00s)
        --- PASS: TestHandshakeWithPacketLoss/drop_every_3rd_of_first_30_packets,_phase_2_in_direction_both/retry:_false/post_quantum:_false/long_cert_chain:_true/client_speaks_first (0.00s)
        --- PASS: TestHandshakeWithPacketLoss/drop_every_3rd_of_first_30_packets,_phase_2_in_direction_both/retry:_false/post_quantum:_false/long_cert_chain:_true/server_speaks_first (0.00s)
        --- PASS: TestHandshakeWithPacketLoss/drop_every_3rd_of_first_30_packets,_phase_2_in_direction_both/retry:_false/post_quantum:_false/long_cert_chain:_true/nobody_speaks (0.00s)
        --- PASS: TestHandshakeWithPacketLoss/drop_every_3rd_of_first_30_packets,_phase_2_in_direction_both/retry:_false/post_quantum:_true/long_cert_chain:_false/client_speaks_first (0.00s)
        --- PASS: TestHandshakeWithPacketLoss/drop_every_3rd_of_first_30_packets,_phase_2_in_direction_both/retry:_false/post_quantum:_true/long_cert_chain:_false/server_speaks_first (0.00s)
        --- PASS: TestHandshakeWithPacketLoss/drop_every_3rd_of_first_30_packets,_phase_2_in_direction_both/retry:_false/post_quantum:_true/long_cert_chain:_false/nobody_speaks (0.00s)
        --- PASS: TestHandshakeWithPacketLoss/drop_every_3rd_of_first_30_packets,_phase_2_in_direction_both/retry:_false/post_quantum:_true/long_cert_chain:_true/client_speaks_first (0.00s)
        --- PASS: TestHandshakeWithPacketLoss/drop_every_3rd_of_first_30_packets,_phase_2_in_direction_both/retry:_false/post_quantum:_true/long_cert_chain:_true/server_speaks_first (0.00s)
        --- PASS: TestHandshakeWithPacketLoss/drop_every_3rd_of_first_30_packets,_phase_2_in_direction_both/retry:_false/post_quantum:_true/long_cert_chain:_true/nobody_speaks (0.00s)
    --- PASS: TestHandshakeWithPacketLoss/drop_every_3rd_of_first_30_packets,_phase_3_in_direction_both (0.02s)
        --- PASS: TestHandshakeWithPacketLoss/drop_every_3rd_of_first_30_packets,_phase_3_in_direction_both/retry:_true/post_quantum:_false/long_cert_chain:_false/client_speaks_first (0.00s)
        --- PASS: TestHandshakeWithPacketLoss/drop_every_3rd_of_first_30_packets,_phase_3_in_direction_both/retry:_true/post_quantum:_false/long_cert_chain:_false/server_speaks_first (0.00s)
        --- PASS: TestHandshakeWithPacketLoss/drop_every_3rd_of_first_30_packets,_phase_3_in_direction_both/retry:_true/post_quantum:_false/long_cert_chain:_false/nobody_speaks (0.00s)
        --- PASS: TestHandshakeWithPacketLoss/drop_every_3rd_of_first_30_packets,_phase_3_in_direction_both/retry:_false/post_quantum:_false/long_cert_chain:_false/client_speaks_first (0.00s)
        --- PASS: TestHandshakeWithPacketLoss/drop_every_3rd_of_first_30_packets,_phase_3_in_direction_both/retry:_false/post_quantum:_false/long_cert_chain:_false/server_speaks_first (0.00s)
        --- PASS: TestHandshakeWithPacketLoss/drop_every_3rd_of_first_30_packets,_phase_3_in_direction_both/retry:_false/post_quantum:_false/long_cert_chain:_false/nobody_speaks (0.00s)
        --- PASS: TestHandshakeWithPacketLoss/drop_every_3rd_of_first_30_packets,_phase_3_in_direction_both/retry:_false/post_quantum:_false/long_cert_chain:_true/client_speaks_first (0.00s)
        --- PASS: TestHandshakeWithPacketLoss/drop_every_3rd_of_first_30_packets,_phase_3_in_direction_both/retry:_false/post_quantum:_false/long_cert_chain:_true/server_speaks_first (0.00s)
        --- PASS: TestHandshakeWithPacketLoss/drop_every_3rd_of_first_30_packets,_phase_3_in_direction_both/retry:_false/post_quantum:_false/long_cert_chain:_true/nobody_speaks (0.00s)
        --- PASS: TestHandshakeWithPacketLoss/drop_every_3rd_of_first_30_packets,_phase_3_in_direction_both/retry:_false/post_quantum:_true/long_cert_chain:_false/client_speaks_first (0.00s)
        --- PASS: TestHandshakeWithPacketLoss/drop_every_3rd_of_first_30_packets,_phase_3_in_direction_both/retry:_false/post_quantum:_true/long_cert_chain:_false/server_speaks_first (0.00s)
        --- PASS: TestHandshakeWithPacketLoss/drop_every_3rd_of_first_30_packets,_phase_3_in_direction_both/retry:_false/post_quantum:_true/long_cert_chain:_false/nobody_speaks (0.00s)
        --- PASS: TestHandshakeWithPacketLoss/drop_every_3rd_of_first_30_packets,_phase_3_in_direction_both/retry:_false/post_quantum:_true/long_cert_chain:_true/client_speaks_first (0.00s)
        --- PASS: TestHandshakeWithPacketLoss/drop_every_3rd_of_first_30_packets,_phase_3_in_direction_both/retry:_false/post_quantum:_true/long_cert_chain:_true/server_speaks_first (0.00s)
        --- PASS: TestHandshakeWithPacketLoss/drop_every_3rd_of_first_30_packets,_phase_3_in_direction_both/retry:_false/post_quantum:_true/long_cert_chain:_true/nobody_speaks (0.00s)
    --- SKIP: TestHandshakeWithPacketLoss/drop_1/3_of_packets_in_direction_both (0.00s)
=== RUN   TestTLSConfigGetConfigForClientAddresses
--- PASS: TestTLSConfigGetConfigForClientAddresses (0.00s)
=== RUN   TestDatagramSizeLimit
--- PASS: TestDatagramSizeLimit (0.00s)
=== RUN   TestHandshakeRandomLossOptIn
=== RUN   TestHandshakeRandomLossOptIn/default
=== RUN   TestHandshakeRandomLossOptIn/enabled
--- PASS: TestHandshakeRandomLossOptIn (0.36s)
    --- PASS: TestHandshakeRandomLossOptIn/default (0.18s)
    --- PASS: TestHandshakeRandomLossOptIn/enabled (0.18s)
=== RUN   Test0RTTDatagrams
    zero_rtt_test.go:1149: sent 1 0-RTT packets
--- PASS: Test0RTTDatagrams (0.00s)
=== RUN   TestHTTP0RTT
--- PASS: TestHTTP0RTT (0.46s)
=== RUN   TestMITCorruptPacketsRandom
    mitm_test.go:84: random corruption is opt-in stress; set QUIC_GO_TEST_RANDOM_CORRUPTION=1
--- SKIP: TestMITCorruptPacketsRandom (0.00s)
=== RUN   TestCorruptionCaptureIncompleteRecords
=== RUN   TestCorruptionCaptureIncompleteRecords/oversized_event
=== RUN   TestCorruptionCaptureIncompleteRecords/failed_file_write
corruption capture write failed: path=/var/folders/ph/8tf9wjq95wjcv0qf93zg96c00000gn/T/TestCorruptionCaptureIncompleteRecords4269588093/001/handshake-2436188794.jsonl error=write /var/folders/ph/8tf9wjq95wjcv0qf93zg96c00000gn/T/TestCorruptionCaptureIncompleteRecords4269588093/001/handshake-2436188794.jsonl: file already closed
    corruption_capture_helper_test.go:67: corruption capture: path=/var/folders/ph/8tf9wjq95wjcv0qf93zg96c00000gn/T/TestCorruptionCaptureIncompleteRecords4269588093/001/handshake-2436188794.jsonl dropped=0 error=write /var/folders/ph/8tf9wjq95wjcv0qf93zg96c00000gn/T/TestCorruptionCaptureIncompleteRecords4269588093/001/handshake-2436188794.jsonl: file already closed
--- PASS: TestCorruptionCaptureIncompleteRecords (0.02s)
    --- PASS: TestCorruptionCaptureIncompleteRecords/oversized_event (0.02s)
    --- PASS: TestCorruptionCaptureIncompleteRecords/failed_file_write (0.00s)
=== RUN   TestHandshakeCancellationError
--- PASS: TestHandshakeCancellationError (0.00s)
=== RUN   TestHTTPHeaderSizeLimitServer
=== RUN   TestHTTPHeaderSizeLimitServer/large_HEADERS_frame
=== RUN   TestHTTPHeaderSizeLimitServer/large_decompressed_HEADERS_frame
--- PASS: TestHTTPHeaderSizeLimitServer (0.01s)
    --- PASS: TestHTTPHeaderSizeLimitServer/large_HEADERS_frame (0.00s)
    --- PASS: TestHTTPHeaderSizeLimitServer/large_decompressed_HEADERS_frame (0.00s)
=== RUN   TestConnContextRejection
=== RUN   TestConnContextRejection/rejecting
=== RUN   TestConnContextRejection/not_rejecting
--- PASS: TestConnContextRejection (0.00s)
    --- PASS: TestConnContextRejection/rejecting (0.00s)
    --- PASS: TestConnContextRejection/not_rejecting (0.00s)
=== RUN   TestStreamPriority
=== RUN   TestStreamPriority/incremental_streams_use_urgency_and_round_robin
=== RUN   TestStreamPriority/non-incremental_streams_use_stream_ID
--- PASS: TestStreamPriority (0.01s)
    --- PASS: TestStreamPriority/incremental_streams_use_urgency_and_round_robin (0.00s)
    --- PASS: TestStreamPriority/non-incremental_streams_use_stream_ID (0.00s)
=== RUN   TestHandshakeServerMismatch
--- PASS: TestHandshakeServerMismatch (0.00s)
=== RUN   TestMultiplexingNonQUICPackets
--- PASS: TestMultiplexingNonQUICPackets (0.06s)
=== RUN   TestCorruptionCaptureHandshakePrefix
--- PASS: TestCorruptionCaptureHandshakePrefix (0.02s)
=== RUN   TestGetConfigForClient
--- PASS: TestGetConfigForClient (0.00s)
=== RUN   TestHTTPStreamer
--- PASS: TestHTTPStreamer (0.01s)
=== RUN   TestHandshakeCapturedCorruption
=== RUN   TestHandshakeCapturedCorruption/Initial_starvation
    handshake_corruption_capture_test.go:206: Initial attempts=5 damaged=5 received_CRYPTO=0 received_ACK=6 authentication_drops=5 PTO=4 released=false handshake_keys=false
=== RUN   TestHandshakeCapturedCorruption/release_retransmission
    handshake_corruption_capture_test.go:206: Initial attempts=3 damaged=1 received_CRYPTO=2 received_ACK=1 authentication_drops=1 PTO=1 released=true handshake_keys=true
=== RUN   TestHandshakeCapturedCorruption/undamaged
    handshake_corruption_capture_test.go:206: Initial attempts=1 damaged=0 received_CRYPTO=1 received_ACK=1 authentication_drops=0 PTO=0 released=false handshake_keys=true
--- PASS: TestHandshakeCapturedCorruption (0.00s)
    --- PASS: TestHandshakeCapturedCorruption/Initial_starvation (0.00s)
    --- PASS: TestHandshakeCapturedCorruption/release_retransmission (0.00s)
    --- PASS: TestHandshakeCapturedCorruption/undamaged (0.00s)
=== RUN   TestACKBundling
    packetization_test.go:126: bundled incoming packets: 98 / 100
    packetization_test.go:127: bundled outgoing packets: 98 / 100
--- PASS: TestACKBundling (1.17s)
=== RUN   TestConnectionIDsZeroLength
    conn_id_test.go:39: issuing 6 byte connection ID from the server
    conn_id_test.go:39: issuing 0 byte connection ID from the client
--- PASS: TestConnectionIDsZeroLength (0.01s)
=== RUN   TestMITCorruptPackets
=== RUN   TestMITCorruptPackets/towards_the_server
=== RUN   TestMITCorruptPackets/towards_the_server/initial
    mitm_test.go:219: corrupted 1 packets
=== RUN   TestMITCorruptPackets/towards_the_server/handshake
    mitm_test.go:219: corrupted 1 packets
=== RUN   TestMITCorruptPackets/towards_the_server/1RTT
    mitm_test.go:219: corrupted 1 packets
=== RUN   TestMITCorruptPackets/towards_the_client
=== RUN   TestMITCorruptPackets/towards_the_client/initial
    mitm_test.go:219: corrupted 1 packets
=== RUN   TestMITCorruptPackets/towards_the_client/handshake
    mitm_test.go:219: corrupted 1 packets
=== RUN   TestMITCorruptPackets/towards_the_client/1RTT
    mitm_test.go:219: corrupted 1 packets
--- PASS: TestMITCorruptPackets (1.48s)
    --- PASS: TestMITCorruptPackets/towards_the_server (0.71s)
        --- PASS: TestMITCorruptPackets/towards_the_server/initial (0.27s)
        --- PASS: TestMITCorruptPackets/towards_the_server/handshake (0.16s)
        --- PASS: TestMITCorruptPackets/towards_the_server/1RTT (0.28s)
    --- PASS: TestMITCorruptPackets/towards_the_client (0.77s)
        --- PASS: TestMITCorruptPackets/towards_the_client/initial (0.31s)
        --- PASS: TestMITCorruptPackets/towards_the_client/handshake (0.17s)
        --- PASS: TestMITCorruptPackets/towards_the_client/1RTT (0.29s)
=== RUN   Test0RTTDataLoss
    zero_rtt_test.go:425: sent 10 0-RTT packets, dropped 2 of those.
--- PASS: Test0RTTDataLoss (0.01s)
=== RUN   TestNoPacketsSentWhenClientHelloFails
--- PASS: TestNoPacketsSentWhenClientHelloFails (0.05s)
=== RUN   TestCorruptionDiagnosticsCallback
=== RUN   TestCorruptionDiagnosticsCallback/Incoming
=== RUN   TestCorruptionDiagnosticsCallback/Outgoing
--- PASS: TestCorruptionDiagnosticsCallback (0.00s)
    --- PASS: TestCorruptionDiagnosticsCallback/Incoming (0.00s)
    --- PASS: TestCorruptionDiagnosticsCallback/Outgoing (0.00s)
=== RUN   TestPathMTUDiscovery
    mtu_test.go:209: max client packet size: 1396, MTU: 1400
    mtu_test.go:210: max datagram size: initial: 1163, final: 1359
    mtu_test.go:211: max server packet size: 1234, MTU: 1400
--- PASS: TestPathMTUDiscovery (0.86s)
=== RUN   Test0RTTRejectedOnStreamLimitDecrease
    zero_rtt_test.go:709: sent 4 0-RTT packets
--- PASS: Test0RTTRejectedOnStreamLimitDecrease (0.00s)
=== RUN   TestHTTPErrAbortHandler
--- PASS: TestHTTPErrAbortHandler (0.00s)
=== RUN   TestHTTPGzip
--- PASS: TestHTTPGzip (0.00s)
=== RUN   TestMITMForgedInitialPacketWithAck
--- PASS: TestMITMForgedInitialPacketWithAck (0.00s)
=== RUN   TestHandshakeDiagnosticsEventSnapshot
--- PASS: TestHandshakeDiagnosticsEventSnapshot (0.00s)
=== RUN   TestDatagramLoss
    datagram_test.go:331: dropped 21 to client and 16 to server out of 200 packets
    datagram_test.go:334: server received 84 out of 100 sent datagrams
    datagram_test.go:336: client received 79 out of 100 sent datagrams
--- PASS: TestDatagramLoss (0.00s)
=== RUN   TestWriteWithLimitStreamFlowControl
--- PASS: TestWriteWithLimitStreamFlowControl (0.00s)
=== RUN   Test0RTTWithSessionTicketData
=== RUN   Test0RTTWithSessionTicketData/server
=== RUN   Test0RTTWithSessionTicketData/client
--- PASS: Test0RTTWithSessionTicketData (0.01s)
    --- PASS: Test0RTTWithSessionTicketData/server (0.00s)
    --- PASS: Test0RTTWithSessionTicketData/client (0.00s)
=== RUN   TestHandshakeDiagnosticsTruncation
--- PASS: TestHandshakeDiagnosticsTruncation (0.00s)
=== RUN   TestStreamReadCancellation
=== RUN   TestStreamReadCancellation/immediate
=== RUN   TestStreamReadCancellation/after_reading_some_data
=== RUN   TestStreamReadCancellation/concurrent
--- PASS: TestStreamReadCancellation (0.26s)
    --- PASS: TestStreamReadCancellation/immediate (0.08s)
    --- PASS: TestStreamReadCancellation/after_reading_some_data (0.11s)
    --- PASS: TestStreamReadCancellation/concurrent (0.07s)
=== RUN   TestHTTPSettings
=== RUN   TestHTTPSettings/server_settings
=== RUN   TestHTTPSettings/client_settings
--- PASS: TestHTTPSettings (0.00s)
    --- PASS: TestHTTPSettings/server_settings (0.00s)
    --- PASS: TestHTTPSettings/client_settings (0.00s)
=== RUN   TestHTTPDatagrams
--- PASS: TestHTTPDatagrams (0.00s)
=== RUN   TestMultiplexingServerAndClientOnSameConn
--- PASS: TestMultiplexingServerAndClientOnSameConn (0.00s)
=== RUN   TestHandshakeCapturedLoss
=== RUN   TestHandshakeCapturedLoss/ACK_blackout
=== RUN   TestHandshakeCapturedLoss/deliver_gap
=== RUN   TestHandshakeCapturedLoss/restore_ACKs
=== RUN   TestHandshakeCapturedLoss/delayed_ACK_feedback
--- PASS: TestHandshakeCapturedLoss (0.00s)
    --- PASS: TestHandshakeCapturedLoss/ACK_blackout (0.00s)
    --- PASS: TestHandshakeCapturedLoss/deliver_gap (0.00s)
    --- PASS: TestHandshakeCapturedLoss/restore_ACKs (0.00s)
    --- PASS: TestHandshakeCapturedLoss/delayed_ACK_feedback (0.00s)
=== RUN   TestMultiplexesConnectionsToSameServer
--- PASS: TestMultiplexesConnectionsToSameServer (0.00s)
=== RUN   TestIdleTimeout
    timeout_test.go:129: server connection timed out after 20.001s (idle timeout: 20s)
    timeout_test.go:138: client connection timed out after 20.0005s (idle timeout: 20s)
--- PASS: TestIdleTimeout (0.00s)
=== RUN   TestInitialPacketSize
--- PASS: TestInitialPacketSize (0.00s)
=== RUN   TestDrainServerAcceptQueue
--- PASS: TestDrainServerAcceptQueue (0.09s)
=== RUN   TestHTTPCaptureConcurrentFinalization
--- PASS: TestHTTPCaptureConcurrentFinalization (0.06s)
=== RUN   TestHandshakeDiagnosticsFailureReport
--- PASS: TestHandshakeDiagnosticsFailureReport (0.00s)
=== RUN   TestHandshakeCipherSuites
=== RUN   TestHandshakeCipherSuites/TLS_AES_128_GCM_SHA256
=== RUN   TestHandshakeCipherSuites/TLS_AES_256_GCM_SHA384
=== RUN   TestHandshakeCipherSuites/TLS_CHACHA20_POLY1305_SHA256
--- PASS: TestHandshakeCipherSuites (0.01s)
    --- PASS: TestHandshakeCipherSuites/TLS_AES_128_GCM_SHA256 (0.00s)
    --- PASS: TestHandshakeCipherSuites/TLS_AES_256_GCM_SHA384 (0.00s)
    --- PASS: TestHandshakeCipherSuites/TLS_CHACHA20_POLY1305_SHA256 (0.00s)
=== RUN   TestMITMForgedRetryPacket
--- PASS: TestMITMForgedRetryPacket (0.15s)
=== RUN   Test0RTTRetransmitOnRetry
=== RUN   Test0RTTRetransmitOnRetry/no_retry
=== RUN   Test0RTTRetransmitOnRetry/with_retry
--- PASS: Test0RTTRetransmitOnRetry (0.00s)
    --- PASS: Test0RTTRetransmitOnRetry/no_retry (0.00s)
    --- PASS: Test0RTTRetransmitOnRetry/with_retry (0.00s)
=== RUN   TestHandshakeDiagnosticsCleanup
=== RUN   TestHandshakeDiagnosticsCleanup/pass
=== RUN   TestHandshakeDiagnosticsCleanup/fail
--- PASS: TestHandshakeDiagnosticsCleanup (0.35s)
    --- PASS: TestHandshakeDiagnosticsCleanup/pass (0.18s)
    --- PASS: TestHandshakeDiagnosticsCleanup/fail (0.18s)
=== RUN   TestHTTPRequestTrailers
--- PASS: TestHTTPRequestTrailers (0.01s)
=== RUN   TestHTTP3Qlog
--- PASS: TestHTTP3Qlog (0.00s)
=== RUN   TestCorruptionCaptureOverflow
--- PASS: TestCorruptionCaptureOverflow (0.09s)
=== RUN   TestHTTPClientTrace
--- PASS: TestHTTPClientTrace (0.10s)
=== RUN   TestStreamWriteCancellation
=== RUN   TestStreamWriteCancellation/immediate
=== RUN   TestStreamWriteCancellation/after_writing_some_data
=== RUN   TestStreamWriteCancellation/concurrent
--- PASS: TestStreamWriteCancellation (0.26s)
    --- PASS: TestStreamWriteCancellation/immediate (0.08s)
    --- PASS: TestStreamWriteCancellation/after_writing_some_data (0.12s)
    --- PASS: TestStreamWriteCancellation/concurrent (0.07s)
=== RUN   TestWriteDeadlineAsync
--- PASS: TestWriteDeadlineAsync (0.33s)
=== RUN   TestHandshakeCorruption
=== RUN   TestHandshakeCorruption/initial/corrupt
=== RUN   TestHandshakeCorruption/initial/control
=== RUN   TestHandshakeCorruption/handshake/corrupt
=== RUN   TestHandshakeCorruption/handshake/control
=== RUN   TestHandshakeCorruption/handshake/deadline
--- PASS: TestHandshakeCorruption (0.00s)
    --- PASS: TestHandshakeCorruption/initial/corrupt (0.00s)
    --- PASS: TestHandshakeCorruption/initial/control (0.00s)
    --- PASS: TestHandshakeCorruption/handshake/corrupt (0.00s)
    --- PASS: TestHandshakeCorruption/handshake/control (0.00s)
    --- PASS: TestHandshakeCorruption/handshake/deadline (0.00s)
=== RUN   TestHTTP0RTTWithChangedServerSettings
=== RUN   TestHTTP0RTTWithChangedServerSettings/increased
=== RUN   TestHTTP0RTTWithChangedServerSettings/decreased
--- PASS: TestHTTP0RTTWithChangedServerSettings (0.31s)
    --- PASS: TestHTTP0RTTWithChangedServerSettings/increased (0.16s)
    --- PASS: TestHTTP0RTTWithChangedServerSettings/decreased (0.16s)
=== RUN   TestNATRebinding
--- PASS: TestNATRebinding (0.81s)
=== RUN   TestPathMTUDiscoverySnapshot
    mtu_snapshot_test.go:97: MTU event=1326, DATAGRAM limit during ACK=1163
    mtu_snapshot_test.go:105: after close: MTU=1326, DATAGRAM limit=1289
--- PASS: TestPathMTUDiscoverySnapshot (0.03s)
=== RUN   TestHTTPHeaders
--- PASS: TestHTTPHeaders (0.00s)
=== RUN   Test0RTTTransfer
    zero_rtt_test.go:210: sent 29 0-RTT packets
    zero_rtt_test.go:212: received 29 0-RTT packets
--- PASS: Test0RTTTransfer (0.01s)
=== RUN   TestConnContextFreshContext
--- PASS: TestConnContextFreshContext (0.00s)
=== RUN   TestStreamDataBlocked
--- PASS: TestStreamDataBlocked (0.09s)
=== RUN   TestMultiplexingConnectToSelf
--- PASS: TestMultiplexingConnectToSelf (0.01s)
=== RUN   TestHTTPConnContext
--- PASS: TestHTTPConnContext (0.00s)
=== RUN   TestCorruptionFiniteCallback
=== RUN   TestCorruptionFiniteCallback/initial
=== RUN   TestCorruptionFiniteCallback/initial/Incoming
=== RUN   TestCorruptionFiniteCallback/initial/Outgoing
=== RUN   TestCorruptionFiniteCallback/handshake
=== RUN   TestCorruptionFiniteCallback/handshake/Incoming
=== RUN   TestCorruptionFiniteCallback/handshake/Outgoing
=== RUN   TestCorruptionFiniteCallback/1RTT
=== RUN   TestCorruptionFiniteCallback/1RTT/Incoming
=== RUN   TestCorruptionFiniteCallback/1RTT/Outgoing
--- PASS: TestCorruptionFiniteCallback (0.00s)
    --- PASS: TestCorruptionFiniteCallback/initial (0.00s)
        --- PASS: TestCorruptionFiniteCallback/initial/Incoming (0.00s)
        --- PASS: TestCorruptionFiniteCallback/initial/Outgoing (0.00s)
    --- PASS: TestCorruptionFiniteCallback/handshake (0.00s)
        --- PASS: TestCorruptionFiniteCallback/handshake/Incoming (0.00s)
        --- PASS: TestCorruptionFiniteCallback/handshake/Outgoing (0.00s)
    --- PASS: TestCorruptionFiniteCallback/1RTT (0.00s)
        --- PASS: TestCorruptionFiniteCallback/1RTT/Incoming (0.00s)
        --- PASS: TestCorruptionFiniteCallback/1RTT/Outgoing (0.00s)
=== RUN   TestMultiplexingToDifferentServers
--- PASS: TestMultiplexingToDifferentServers (0.01s)
=== RUN   TestContextOnClientSide
--- PASS: TestContextOnClientSide (0.00s)
=== RUN   Test0RTTRejectedOnConnectionWindowDecrease
--- PASS: Test0RTTRejectedOnConnectionWindowDecrease (0.00s)
=== RUN   TestHTTPClientRequestContextCancellation
=== RUN   TestHTTPClientRequestContextCancellation/before_response
=== RUN   TestHTTPClientRequestContextCancellation/after_response
--- PASS: TestHTTPClientRequestContextCancellation (0.05s)
    --- PASS: TestHTTPClientRequestContextCancellation/before_response (0.05s)
    --- PASS: TestHTTPClientRequestContextCancellation/after_response (0.00s)
=== RUN   TestHTTPStreamedRequests
--- PASS: TestHTTPStreamedRequests (0.00s)
=== RUN   TestHTTPDatagramStreamReset
--- PASS: TestHTTPDatagramStreamReset (0.01s)
=== RUN   TestHTTPShutdown
--- PASS: TestHTTPShutdown (0.00s)
=== RUN   TestQlogDirEnvironmentVariable
--- PASS: TestQlogDirEnvironmentVariable (0.00s)
=== RUN   Test0RTTWithIncreasedStreamLimit
--- PASS: Test0RTTWithIncreasedStreamLimit (0.00s)
=== RUN   TestKeyUpdates
    key_update_test.go:90: Used 601 key phases on outgoing and 601 key phases on incoming packets.
--- PASS: TestKeyUpdates (0.21s)
=== RUN   TestEarlyData
--- PASS: TestEarlyData (0.17s)
=== RUN   TestALPN
--- PASS: TestALPN (0.00s)
=== RUN   TestHTTPServeQUICConn
--- PASS: TestHTTPServeQUICConn (0.00s)
=== RUN   TestConnectionIDsCustomGenerator
    conn_id_test.go:47: using 16 byte connection ID generator for the server
    conn_id_test.go:47: using 17 byte connection ID generator for the client
--- PASS: TestConnectionIDsCustomGenerator (0.00s)
=== RUN   TestCancelOpenStreamSync
    cancelation_test.go:552: Canceled OpenStreamSync 12 times
--- PASS: TestCancelOpenStreamSync (0.38s)
=== RUN   TestHandshakePacketBuffering
    handshake_drop_test.go:451: buffered packets: 2
--- PASS: TestHandshakePacketBuffering (0.00s)
=== RUN   TestPacketDrops
=== RUN   TestPacketDrops/from_client
    drop_test.go:75: sending a message every 93.758379ms, 50 times
    drop_test.go:76: dropping packets for 1.433333828s, after a delay of 1.369507003s
    drop_test.go:114: dropped 25 packets
=== RUN   TestPacketDrops/from_server
    drop_test.go:75: sending a message every 99.997641ms, 50 times
    drop_test.go:76: dropping packets for 1.837510189s, after a delay of 58.067803ms
    drop_test.go:114: dropped 22 packets
--- PASS: TestPacketDrops (0.00s)
    --- PASS: TestPacketDrops/from_client (0.00s)
    --- PASS: TestPacketDrops/from_server (0.00s)
=== RUN   TestDataBlockedDelayedDelivery
=== RUN   TestDataBlockedDelayedDelivery/stream
=== RUN   TestDataBlockedDelayedDelivery/connection
--- PASS: TestDataBlockedDelayedDelivery (0.24s)
    --- PASS: TestDataBlockedDelayedDelivery/stream (0.12s)
    --- PASS: TestDataBlockedDelayedDelivery/connection (0.12s)
=== RUN   TestConnectionMigrationConcurrentAddresses
--- PASS: TestConnectionMigrationConcurrentAddresses (0.16s)
=== RUN   TestReadDeadlineSync
--- PASS: TestReadDeadlineSync (0.31s)
=== RUN   TestQlogHandshakeFailed
--- PASS: TestQlogHandshakeFailed (0.00s)
=== RUN   TestHeavyStreamCancellation
--- PASS: TestHeavyStreamCancellation (1.00s)
=== RUN   TestReadDeadlineAsync
--- PASS: TestReadDeadlineAsync (0.31s)
=== RUN   TestHTTPPost
=== RUN   TestHTTPPost/small
=== RUN   TestHTTPPost/big
--- PASS: TestHTTPPost (0.01s)
    --- PASS: TestHTTPPost/small (0.00s)
    --- PASS: TestHTTPPost/big (0.01s)
=== RUN   TestDropOneThirdDirection
=== RUN   TestDropOneThirdDirection/to_client
=== RUN   TestDropOneThirdDirection/to_server
=== RUN   TestDropOneThirdDirection/both
--- PASS: TestDropOneThirdDirection (0.00s)
    --- PASS: TestDropOneThirdDirection/to_client (0.00s)
    --- PASS: TestDropOneThirdDirection/to_server (0.00s)
    --- PASS: TestDropOneThirdDirection/both (0.00s)
=== RUN   TestHandshake05RTT
=== RUN   TestHandshake05RTT/using_ListenEarly
=== RUN   TestHandshake05RTT/using_Listen
--- PASS: TestHandshake05RTT (0.00s)
    --- PASS: TestHandshake05RTT/using_ListenEarly (0.00s)
    --- PASS: TestHandshake05RTT/using_Listen (0.00s)
=== RUN   TestHTTPHeaderSizeLimitClient
=== RUN   TestHTTPHeaderSizeLimitClient/large_HEADERS_frame
=== RUN   TestHTTPHeaderSizeLimitClient/large_decompressed_HEADERS_frame
--- PASS: TestHTTPHeaderSizeLimitClient (0.00s)
    --- PASS: TestHTTPHeaderSizeLimitClient/large_HEADERS_frame (0.00s)
    --- PASS: TestHTTPHeaderSizeLimitClient/large_decompressed_HEADERS_frame (0.00s)
=== RUN   TestHTTP3ListenerClosing
=== RUN   TestHTTP3ListenerClosing/application_listener
=== RUN   TestHTTP3ListenerClosing/listener_created_by_the_http3.Server
--- PASS: TestHTTP3ListenerClosing (0.04s)
    --- PASS: TestHTTP3ListenerClosing/application_listener (0.00s)
    --- PASS: TestHTTP3ListenerClosing/listener_created_by_the_http3.Server (0.04s)
=== RUN   TestKeepAlive
--- PASS: TestKeepAlive (0.00s)
=== RUN   TestContentLengthForSmallResponse
--- PASS: TestContentLengthForSmallResponse (0.00s)
=== RUN   TestStatelessResets
=== RUN   TestStatelessResets/zero-length_connection_IDs
=== RUN   TestStatelessResets/10_byte_connection_IDs
--- PASS: TestStatelessResets (0.00s)
    --- PASS: TestStatelessResets/zero-length_connection_IDs (0.00s)
    --- PASS: TestStatelessResets/10_byte_connection_IDs (0.00s)
=== RUN   TestTLSSessionResumption
=== RUN   TestTLSSessionResumption/uses_session_resumption
=== RUN   TestTLSSessionResumption/disabled_in_tls.Config
=== RUN   TestTLSSessionResumption/disabled_in_tls.Config.GetConfigForClient
--- PASS: TestTLSSessionResumption (0.00s)
    --- PASS: TestTLSSessionResumption/uses_session_resumption (0.00s)
    --- PASS: TestTLSSessionResumption/disabled_in_tls.Config (0.00s)
    --- PASS: TestTLSSessionResumption/disabled_in_tls.Config.GetConfigForClient (0.00s)
=== RUN   TestConnectionMigration
--- PASS: TestConnectionMigration (0.16s)
=== RUN   TestServerTransportClose
--- PASS: TestServerTransportClose (0.18s)
=== RUN   TestMITMInjectRandomPackets
=== RUN   TestMITMInjectRandomPackets/towards_the_server
=== RUN   TestMITMInjectRandomPackets/towards_the_client
--- PASS: TestMITMInjectRandomPackets (0.38s)
    --- PASS: TestMITMInjectRandomPackets/towards_the_server (0.19s)
    --- PASS: TestMITMInjectRandomPackets/towards_the_client (0.19s)
=== RUN   TestHTTP3ListenerGracefulShutdown
=== RUN   TestHTTP3ListenerGracefulShutdown/application_listener
=== RUN   TestHTTP3ListenerGracefulShutdown/listener_created_by_the_http3.Server
--- PASS: TestHTTP3ListenerGracefulShutdown (0.17s)
    --- PASS: TestHTTP3ListenerGracefulShutdown/application_listener (0.06s)
    --- PASS: TestHTTP3ListenerGracefulShutdown/listener_created_by_the_http3.Server (0.10s)
=== RUN   TestHandshakeRTTHelloRetryRequest
--- PASS: TestHandshakeRTTHelloRetryRequest (0.00s)
=== RUN   TestConnectionMigrationConcurrentState
--- PASS: TestConnectionMigrationConcurrentState (0.16s)
=== RUN   TestHTTPResponseTrailers
--- PASS: TestHTTPResponseTrailers (0.00s)
=== RUN   TestCancelAcceptStream
    cancelation_test.go:455: canceled AcceptStream 32 times
--- PASS: TestCancelAcceptStream (0.15s)
=== RUN   TestStreamReadWriteCancellation
=== RUN   TestStreamReadWriteCancellation/immediate
=== RUN   TestStreamReadWriteCancellation/after_writing_some_data
--- PASS: TestStreamReadWriteCancellation (0.18s)
    --- PASS: TestStreamReadWriteCancellation/immediate (0.09s)
    --- PASS: TestStreamReadWriteCancellation/after_writing_some_data (0.10s)
=== RUN   TestCorruptionCaptureInterruptedFixtureCleanup
--- PASS: TestCorruptionCaptureInterruptedFixtureCleanup (3.19s)
=== RUN   TestHTTPDifferentOrigins
--- PASS: TestHTTPDifferentOrigins (0.00s)
=== RUN   TestDatagramNegotiation
=== RUN   TestDatagramNegotiation/server_enable,_client_enable
=== RUN   TestDatagramNegotiation/server_enable,_client_disable
=== RUN   TestDatagramNegotiation/server_disable,_client_enable
=== RUN   TestDatagramNegotiation/server_disable,_client_disable
--- PASS: TestDatagramNegotiation (0.00s)
    --- PASS: TestDatagramNegotiation/server_enable,_client_enable (0.00s)
    --- PASS: TestDatagramNegotiation/server_enable,_client_disable (0.00s)
    --- PASS: TestDatagramNegotiation/server_disable,_client_enable (0.00s)
    --- PASS: TestDatagramNegotiation/server_disable,_client_disable (0.00s)
=== RUN   TestConnectionIDsRandomLengths
    conn_id_test.go:43: issuing 11 byte connection ID from the server
    conn_id_test.go:43: issuing 7 byte connection ID from the client
--- PASS: TestConnectionIDsRandomLengths (0.00s)
=== RUN   TestHandshakeAddrResolutionHelpers
=== RUN   TestHandshakeAddrResolutionHelpers/early=false
=== RUN   TestHandshakeAddrResolutionHelpers/early=true
--- PASS: TestHandshakeAddrResolutionHelpers (0.00s)
    --- PASS: TestHandshakeAddrResolutionHelpers/early=false (0.00s)
    --- PASS: TestHandshakeAddrResolutionHelpers/early=true (0.00s)
=== RUN   TestCorruptionCaptureBatchFinalization
--- PASS: TestCorruptionCaptureBatchFinalization (0.01s)
=== RUN   TestConnContextOnServerSide
--- PASS: TestConnContextOnServerSide (0.00s)
=== RUN   TestTimeoutReaderJoinsClose
--- PASS: TestTimeoutReaderJoinsClose (0.00s)
=== RUN   TestHTTPRequestRetryAfterIdleTimeout
=== RUN   TestHTTPRequestRetryAfterIdleTimeout/only_cached_conn
=== RUN   TestHTTPRequestRetryAfterIdleTimeout/allow_re-dialing
--- PASS: TestHTTPRequestRetryAfterIdleTimeout (0.18s)
    --- PASS: TestHTTPRequestRetryAfterIdleTimeout/only_cached_conn (0.08s)
    --- PASS: TestHTTPRequestRetryAfterIdleTimeout/allow_re-dialing (0.09s)
=== RUN   Test0RTTWaitForHandshakeCompletion
    zero_rtt_test.go:375: received 6 STREAM frames in 0-RTT packets
--- PASS: Test0RTTWaitForHandshakeCompletion (0.01s)
=== RUN   TestInvalidToken
--- PASS: TestInvalidToken (0.04s)
=== RUN   TestConnectionCloseRetransmission
--- PASS: TestConnectionCloseRetransmission (0.01s)
=== RUN   TestHTTPDatagramClose
--- PASS: TestHTTPDatagramClose (0.00s)
=== RUN   TestClosedConnectionsInAcceptQueue
--- PASS: TestClosedConnectionsInAcceptQueue (0.08s)
=== RUN   TestMITMDuplicatePackets
=== RUN   TestMITMDuplicatePackets/towards_the_server
=== RUN   TestMITMDuplicatePackets/towards_the_client
--- PASS: TestMITMDuplicatePackets (0.12s)
    --- PASS: TestMITMDuplicatePackets/towards_the_server (0.01s)
    --- PASS: TestMITMDuplicatePackets/towards_the_client (0.11s)
=== RUN   TestGracefulShutdownLongLivedRequest
=== RUN   TestGracefulShutdownLongLivedRequest/setup_delay_0s
=== RUN   TestGracefulShutdownLongLivedRequest/setup_delay_225ms
--- PASS: TestGracefulShutdownLongLivedRequest (0.39s)
    --- PASS: TestGracefulShutdownLongLivedRequest/setup_delay_0s (0.08s)
    --- PASS: TestGracefulShutdownLongLivedRequest/setup_delay_225ms (0.31s)
=== RUN   TestHTTPServerIdleTimeout
--- PASS: TestHTTPServerIdleTimeout (0.05s)
=== RUN   TestHTTPCaptureQuota
HTTP capture unavailable: HTTP capture quota exhausted: 8 slots reserved
--- PASS: TestHTTPCaptureQuota (0.04s)
=== RUN   TestCorruptionCaptureBatchIncomplete
=== RUN   TestCorruptionCaptureBatchIncomplete/event_budget
=== RUN   TestCorruptionCaptureBatchIncomplete/record_truncation
=== RUN   TestCorruptionCaptureBatchIncomplete/write_failure
corruption capture write failed: path=/var/folders/ph/8tf9wjq95wjcv0qf93zg96c00000gn/T/TestCorruptionCaptureBatchIncomplete1454482163/001/handshake-2019022600.jsonl error=write /var/folders/ph/8tf9wjq95wjcv0qf93zg96c00000gn/T/TestCorruptionCaptureBatchIncomplete1454482163/001/handshake-2019022600.jsonl: file already closed
    corruption_capture_helper_test.go:67: corruption capture: path=/var/folders/ph/8tf9wjq95wjcv0qf93zg96c00000gn/T/TestCorruptionCaptureBatchIncomplete1454482163/001/handshake-2019022600.jsonl dropped=0 error=write /var/folders/ph/8tf9wjq95wjcv0qf93zg96c00000gn/T/TestCorruptionCaptureBatchIncomplete1454482163/001/handshake-2019022600.jsonl: file already closed
--- PASS: TestCorruptionCaptureBatchIncomplete (0.10s)
    --- PASS: TestCorruptionCaptureBatchIncomplete/event_budget (0.09s)
    --- PASS: TestCorruptionCaptureBatchIncomplete/record_truncation (0.01s)
    --- PASS: TestCorruptionCaptureBatchIncomplete/write_failure (0.00s)
=== RUN   TestWriteWithLimitConnectionFlowControl
--- PASS: TestWriteWithLimitConnectionFlowControl (0.00s)
=== RUN   TestHTTPRawConn
--- PASS: TestHTTPRawConn (0.00s)
=== RUN   TestHTTPCaptureFixtureFailure
=== RUN   TestHTTPCaptureFixtureFailure/TestHTTPServerIdleTimeout
=== RUN   TestHTTPCaptureFixtureFailure/TestHTTPReestablishConnectionAfterDialError
--- PASS: TestHTTPCaptureFixtureFailure (0.47s)
    --- PASS: TestHTTPCaptureFixtureFailure/TestHTTPServerIdleTimeout (0.24s)
    --- PASS: TestHTTPCaptureFixtureFailure/TestHTTPReestablishConnectionAfterDialError (0.23s)
=== RUN   TestCorruptionCaptureSocketErrors
--- PASS: TestCorruptionCaptureSocketErrors (0.01s)
=== RUN   TestCorruptionCaptureBatchAfterFinalization
--- PASS: TestCorruptionCaptureBatchAfterFinalization (0.01s)
=== RUN   TestHTTP3ServerHotswap
--- PASS: TestHTTP3ServerHotswap (0.07s)
=== RUN   TestHTTPCaptureRetainsBeyondEarlyDial
--- PASS: TestHTTPCaptureRetainsBeyondEarlyDial (0.01s)
=== RUN   TestTLSGetConfigForClientError
--- PASS: TestTLSGetConfigForClientError (0.00s)
=== RUN   TestGracefulShutdownPendingStreams
--- PASS: TestGracefulShutdownPendingStreams (0.73s)
=== RUN   TestHTTP1xxTerminalResponse
--- PASS: TestHTTP1xxTerminalResponse (0.00s)
=== RUN   TestCorruptionDiagnosticsCleanup
=== RUN   TestCorruptionDiagnosticsCleanup/pass
=== RUN   TestCorruptionDiagnosticsCleanup/fail
--- PASS: TestCorruptionDiagnosticsCleanup (3.67s)
    --- PASS: TestCorruptionDiagnosticsCleanup/pass (0.48s)
    --- PASS: TestCorruptionDiagnosticsCleanup/fail (3.19s)
=== RUN   TestHandshakeExplicitVersions
=== RUN   TestHandshakeExplicitVersions/v1
=== RUN   TestHandshakeExplicitVersions/v2
--- PASS: TestHandshakeExplicitVersions (0.00s)
    --- PASS: TestHandshakeExplicitVersions/v1 (0.00s)
    --- PASS: TestHandshakeExplicitVersions/v2 (0.00s)
=== RUN   TestHandshakeMTUFallback
=== RUN   TestHandshakeMTUFallback/client
    handshake_mtu_test.go:48: client rejected oversized writes: 2
=== RUN   TestHandshakeMTUFallback/server
    handshake_mtu_test.go:48: server rejected oversized writes: 4
--- PASS: TestHandshakeMTUFallback (0.41s)
    --- PASS: TestHandshakeMTUFallback/client (0.20s)
    --- PASS: TestHandshakeMTUFallback/server (0.20s)
=== RUN   TestHandshakeCloseListener
=== RUN   TestHandshakeCloseListener/using_Transport.Listen
=== RUN   TestHandshakeCloseListener/using_Listen
=== RUN   TestHandshakeCloseListener/using_ListenAddr
--- PASS: TestHandshakeCloseListener (0.79s)
    --- PASS: TestHandshakeCloseListener/using_Transport.Listen (0.06s)
    --- PASS: TestHandshakeCloseListener/using_Listen (0.06s)
    --- PASS: TestHandshakeCloseListener/using_ListenAddr (0.66s)
=== RUN   TestGracefulShutdownIdleConnection
--- PASS: TestGracefulShutdownIdleConnection (0.01s)
=== RUN   TestHTTPGet
=== RUN   TestHTTPGet/small
=== RUN   TestHTTPGet/big
--- PASS: TestHTTPGet (0.21s)
    --- PASS: TestHTTPGet/small (0.00s)
    --- PASS: TestHTTPGet/big (0.21s)
=== RUN   TestBidirectionalStreamMultiplexing
=== RUN   TestBidirectionalStreamMultiplexing/client_->_server
=== RUN   TestBidirectionalStreamMultiplexing/client_<->_server
--- PASS: TestBidirectionalStreamMultiplexing (0.01s)
    --- PASS: TestBidirectionalStreamMultiplexing/client_->_server (0.00s)
    --- PASS: TestBidirectionalStreamMultiplexing/client_<->_server (0.00s)
=== RUN   TestCorruptionRandomOptIn
=== RUN   TestCorruptionRandomOptIn/default
=== RUN   TestCorruptionRandomOptIn/enabled
--- PASS: TestCorruptionRandomOptIn (0.36s)
    --- PASS: TestCorruptionRandomOptIn/default (0.18s)
    --- PASS: TestCorruptionRandomOptIn/enabled (0.18s)
=== RUN   TestTimeoutAfterSendingPacket
--- PASS: TestTimeoutAfterSendingPacket (0.00s)
=== RUN   TestHTTPRemoteAddrContextKey
--- PASS: TestHTTPRemoteAddrContextKey (0.00s)
=== RUN   TestHTTPServerIdleTimeoutAfterRetry
=== RUN   TestHTTPServerIdleTimeoutAfterRetry/unusable_first_connection
--- PASS: TestHTTPServerIdleTimeoutAfterRetry (0.04s)
    --- PASS: TestHTTPServerIdleTimeoutAfterRetry/unusable_first_connection (0.04s)
=== RUN   TestHandshakeDiagnosticsConcurrentProducers
--- PASS: TestHandshakeDiagnosticsConcurrentProducers (0.00s)
=== RUN   TestHandshakeDiagnosticsLossObserver
--- PASS: TestHandshakeDiagnosticsLossObserver (0.00s)
=== RUN   Test0RTTRejectedWhenDisabled
    zero_rtt_test.go:862: Sent 4 0-RTT packets.
--- PASS: Test0RTTRejectedWhenDisabled (0.00s)
=== RUN   TestTransportClose
=== RUN   TestTransportClose/Close
=== RUN   TestTransportClose/connection_error
--- PASS: TestTransportClose (0.06s)
    --- PASS: TestTransportClose/Close (0.03s)
    --- PASS: TestTransportClose/connection_error (0.03s)
=== RUN   TestDownloadWithReordering
=== RUN   TestDownloadWithReordering/5ms
    rtt_test.go:175: Smoothed RTT: 4.874ms
    rtt_test.go:178: received 443 short header packets, detected 159 reorderings
=== RUN   TestDownloadWithReordering/50ms
    rtt_test.go:175: Smoothed RTT: 50.13ms
    rtt_test.go:178: received 434 short header packets, detected 144 reorderings
=== RUN   TestDownloadWithReordering/250ms
    rtt_test.go:175: Smoothed RTT: 246.458ms
    rtt_test.go:178: received 436 short header packets, detected 122 reorderings
--- PASS: TestDownloadWithReordering (0.02s)
    --- PASS: TestDownloadWithReordering/5ms (0.01s)
    --- PASS: TestDownloadWithReordering/50ms (0.00s)
    --- PASS: TestDownloadWithReordering/250ms (0.01s)
=== RUN   TestCorruptionCaptureUnicodeLimit
--- PASS: TestCorruptionCaptureUnicodeLimit (0.01s)
=== RUN   TestHandshakeContextTimeout
--- PASS: TestHandshakeContextTimeout (0.06s)
=== RUN   TestHTTPCapturePassingCleanup
--- PASS: TestHTTPCapturePassingCleanup (0.01s)
=== RUN   TestGracefulShutdownShortRequest
--- PASS: TestGracefulShutdownShortRequest (0.03s)
=== RUN   TestHandshakeIdleTimeout
=== RUN   TestHandshakeIdleTimeout/Dial
=== RUN   TestHandshakeIdleTimeout/DialEarly
--- PASS: TestHandshakeIdleTimeout (0.00s)
    --- PASS: TestHandshakeIdleTimeout/Dial (0.00s)
    --- PASS: TestHandshakeIdleTimeout/DialEarly (0.00s)
=== RUN   Test0RTTDisabledOnDial
--- PASS: Test0RTTDisabledOnDial (0.00s)
=== RUN   TestHTTPContextFromQUIC
--- PASS: TestHTTPContextFromQUIC (0.00s)
=== RUN   TestCorruptionCaptureWithoutCleanup
--- PASS: TestCorruptionCaptureWithoutCleanup (0.18s)
=== RUN   TestHTTPMultipleRequests
=== RUN   TestHTTPMultipleRequests/reading_the_response
=== RUN   TestHTTPMultipleRequests/not_reading_the_response
--- PASS: TestHTTPMultipleRequests (0.07s)
    --- PASS: TestHTTPMultipleRequests/reading_the_response (0.00s)
    --- PASS: TestHTTPMultipleRequests/not_reading_the_response (0.07s)
=== RUN   TestTokensFromNewTokenFrames
=== RUN   TestTokensFromNewTokenFrames/MaxTokenAge:_1_hour
=== RUN   TestTokensFromNewTokenFrames/MaxTokenAge:_default
=== RUN   TestTokensFromNewTokenFrames/MaxTokenAge:_very_short
--- PASS: TestTokensFromNewTokenFrames (0.05s)
    --- PASS: TestTokensFromNewTokenFrames/MaxTokenAge:_1_hour (0.02s)
    --- PASS: TestTokensFromNewTokenFrames/MaxTokenAge:_default (0.02s)
    --- PASS: TestTokensFromNewTokenFrames/MaxTokenAge:_very_short (0.02s)
=== RUN   TestHTTP1xxResponse
--- PASS: TestHTTP1xxResponse (0.00s)
=== RUN   TestServerAcceptQueueOverflow
--- PASS: TestServerAcceptQueueOverflow (0.17s)
=== RUN   TestHTTPCaptureIncomplete
=== RUN   TestHTTPCaptureIncomplete/limit
=== RUN   TestHTTPCaptureIncomplete/oversized
=== RUN   TestHTTPCaptureIncomplete/encoding
=== RUN   TestHTTPCaptureIncomplete/write
HTTP capture write failed: path=/var/folders/ph/8tf9wjq95wjcv0qf93zg96c00000gn/T/TestHTTPCaptureIncompletewrite567006898/001/slot-0/capture.jsonl error=write /var/folders/ph/8tf9wjq95wjcv0qf93zg96c00000gn/T/TestHTTPCaptureIncompletewrite567006898/001/slot-0/capture.jsonl: file already closed
--- PASS: TestHTTPCaptureIncomplete (0.02s)
    --- PASS: TestHTTPCaptureIncomplete/limit (0.01s)
    --- PASS: TestHTTPCaptureIncomplete/oversized (0.01s)
    --- PASS: TestHTTPCaptureIncomplete/encoding (0.01s)
    --- PASS: TestHTTPCaptureIncomplete/write (0.00s)
=== RUN   TestConnDataBlocked
--- PASS: TestConnDataBlocked (0.09s)
=== RUN   TestHandshakeRTTRetry
=== RUN   TestHandshakeRTTRetry/retry
=== RUN   TestHandshakeRTTRetry/no_retry
--- PASS: TestHandshakeRTTRetry (0.00s)
    --- PASS: TestHandshakeRTTRetry/retry (0.00s)
    --- PASS: TestHandshakeRTTRetry/no_retry (0.00s)
=== RUN   TestDropOneThirdConsecutiveLimit
=== RUN   TestDropOneThirdConsecutiveLimit/to_client
=== RUN   TestDropOneThirdConsecutiveLimit/to_server
=== RUN   TestDropOneThirdConsecutiveLimit/both
--- PASS: TestDropOneThirdConsecutiveLimit (0.00s)
    --- PASS: TestDropOneThirdConsecutiveLimit/to_client (0.00s)
    --- PASS: TestDropOneThirdConsecutiveLimit/to_server (0.00s)
    --- PASS: TestDropOneThirdConsecutiveLimit/both (0.00s)
=== RUN   TestCorruptionCaptureBeforeMutation
--- PASS: TestCorruptionCaptureBeforeMutation (0.01s)
=== RUN   TestHandshake
=== RUN   TestHandshake/short_cert_chain
=== RUN   TestHandshake/long_cert_chain
--- PASS: TestHandshake (0.00s)
    --- PASS: TestHandshake/short_cert_chain (0.00s)
    --- PASS: TestHandshake/long_cert_chain (0.00s)
=== RUN   TestHTTP3StreamPriority
=== RUN   TestHTTP3StreamPriority/incremental_streams_use_urgency_and_round_robin
=== RUN   TestHTTP3StreamPriority/non-incremental_streams_use_stream_ID
--- PASS: TestHTTP3StreamPriority (0.01s)
    --- PASS: TestHTTP3StreamPriority/incremental_streams_use_urgency_and_round_robin (0.00s)
    --- PASS: TestHTTP3StreamPriority/non-incremental_streams_use_stream_ID (0.00s)
=== RUN   TestHTTPDeadlines
=== RUN   TestHTTPDeadlines/read_deadline
=== RUN   TestHTTPDeadlines/write_deadline
--- PASS: TestHTTPDeadlines (0.11s)
    --- PASS: TestHTTPDeadlines/read_deadline (0.05s)
    --- PASS: TestHTTPDeadlines/write_deadline (0.05s)
=== RUN   Test0RTTRejectedOnDatagramsDisabled
    zero_rtt_test.go:905: Sent 4 0-RTT packets.
--- PASS: Test0RTTRejectedOnDatagramsDisabled (0.00s)
=== RUN   TestWriteDeadlineSync
--- PASS: TestWriteDeadlineSync (0.32s)
=== RUN   TestHTTPRequestAfterGracefulShutdown
=== RUN   TestHTTPRequestAfterGracefulShutdown/Request.GetBody_set
=== RUN   TestHTTPRequestAfterGracefulShutdown/Request.GetBody_not_set
--- PASS: TestHTTPRequestAfterGracefulShutdown (0.30s)
    --- PASS: TestHTTPRequestAfterGracefulShutdown/Request.GetBody_set (0.21s)
    --- PASS: TestHTTPRequestAfterGracefulShutdown/Request.GetBody_not_set (0.09s)
=== RUN   Test0RTTRejectedOnALPNChanged
    zero_rtt_test.go:822: Sent 4 0-RTT packets.
--- PASS: Test0RTTRejectedOnALPNChanged (0.00s)
=== RUN   Test0RTTPacketQueueing
--- PASS: Test0RTTPacketQueueing (0.00s)
=== RUN   TestCorruptionCaptureBatchResults
--- PASS: TestCorruptionCaptureBatchResults (0.01s)
=== RUN   TestUnidirectionalStreams
=== RUN   TestUnidirectionalStreams/client_->_server
=== RUN   TestUnidirectionalStreams/server_->_client
=== RUN   TestUnidirectionalStreams/client_<->_server
--- PASS: TestUnidirectionalStreams (0.09s)
    --- PASS: TestUnidirectionalStreams/client_->_server (0.03s)
    --- PASS: TestUnidirectionalStreams/server_->_client (0.02s)
    --- PASS: TestUnidirectionalStreams/client_<->_server (0.04s)
=== RUN   TestHandshakeDiagnosticsBoundedTrace
--- PASS: TestHandshakeDiagnosticsBoundedTrace (0.00s)
=== RUN   TestMITMForgedInitialPacket
--- PASS: TestMITMForgedInitialPacket (0.15s)
=== RUN   TestHTTPReestablishConnectionAfterDialError
--- PASS: TestHTTPReestablishConnectionAfterDialError (0.01s)
PASS
ok  	github.com/quic-go/quic-go/integrationtests/self	25.405s
