Linux 7.0.0-30-generic (minimax) 	09/06/26 	_x86_64_	(32 CPU)

18:34:35     CPU    %usr   %nice    %sys %iowait    %irq   %soft  %steal  %guest  %gnice   %idle
18:34:36      12   74.75    0.00    0.00    0.00    0.00    0.00    0.00    0.00    0.00   25.25
18:34:36      13   26.53    0.00    0.00    0.00    0.00    0.00    0.00    0.00    0.00   73.47
18:34:36      28    0.00    0.00    0.00    0.00    0.00    0.00    0.00    0.00    0.00  100.00
18:34:36      29    0.00    0.00    0.00    0.00    0.00    0.00    0.00    0.00    0.00  100.00

18:34:36     CPU    %usr   %nice    %sys %iowait    %irq   %soft  %steal  %guest  %gnice   %idle
18:34:37      12   74.49    0.00    0.00    0.00    0.00    0.00    0.00    0.00    0.00   25.51
18:34:37      13   26.80    0.00    0.00    0.00    0.00    0.00    0.00    0.00    0.00   73.20
18:34:37      28    0.00    0.00    0.00    0.00    0.00    0.00    0.00    0.00    0.00  100.00
18:34:37      29    0.00    0.00    0.00    0.00    0.00    0.00    0.00    0.00    0.00  100.00

18:34:37     CPU    %usr   %nice    %sys %iowait    %irq   %soft  %steal  %guest  %gnice   %idle
18:34:38      12   89.90    0.00    0.00    0.00    0.00    0.00    0.00    0.00    0.00   10.10
18:34:38      13    9.38    0.00    0.00    0.00    0.00    0.00    0.00    0.00    0.00   90.62
18:34:38      28    0.00    0.00    0.00    0.00    0.00    0.00    0.00    0.00    0.00  100.00
18:34:38      29    0.00    0.00    0.00    0.00    0.00    0.00    0.00    0.00    0.00  100.00

18:34:38     CPU    %usr   %nice    %sys %iowait    %irq   %soft  %steal  %guest  %gnice   %idle
18:34:39      12   87.76    0.00    0.00    0.00    0.00    0.00    0.00    0.00    0.00   12.24
18:34:39      13   12.50    0.00    0.00    0.00    0.00    0.00    0.00    0.00    0.00   87.50
18:34:39      28    0.00    0.00    0.00    0.00    0.00    0.00    0.00    0.00    0.00  100.00
18:34:39      29    0.00    0.00    0.00    0.00    0.00    0.00    0.00    0.00    0.00  100.00

18:34:39     CPU    %usr   %nice    %sys %iowait    %irq   %soft  %steal  %guest  %gnice   %idle
18:34:40      12   96.00    0.00    0.00    0.00    0.00    0.00    0.00    0.00    0.00    4.00
18:34:40      13    3.00    0.00    1.00    0.00    0.00    0.00    0.00    0.00    0.00   96.00
18:34:40      28    0.00    0.00    0.00    0.00    0.00    0.00    0.00    0.00    0.00  100.00
18:34:40      29    0.00    0.00    0.00    0.00    0.00    0.00    0.00    0.00    0.00  100.00

18:34:40     CPU    %usr   %nice    %sys %iowait    %irq   %soft  %steal  %guest  %gnice   %idle
18:34:41      12  100.00    0.00    0.00    0.00    0.00    0.00    0.00    0.00    0.00    0.00
18:34:41      13    1.01    0.00    0.00    0.00    0.00    0.00    0.00    0.00    0.00   98.99
18:34:41      28    0.00    0.00    0.00    0.00    0.00    0.00    0.00    0.00    0.00  100.00
18:34:41      29    0.00    0.00    0.00    0.00    0.00    0.00    0.00    0.00    0.00  100.00

18:34:41     CPU    %usr   %nice    %sys %iowait    %irq   %soft  %steal  %guest  %gnice   %idle
18:34:42      12  100.00    0.00    0.00    0.00    0.00    0.00    0.00    0.00    0.00    0.00
18:34:42      13    0.00    0.00    0.00    0.00    0.00    0.00    0.00    0.00    0.00  100.00
18:34:42      28    0.00    0.00    0.00    0.00    0.00    0.00    0.00    0.00    0.00  100.00
18:34:42      29    0.00    0.00    0.00    0.00    0.00    0.00    0.00    0.00    0.00  100.00

18:34:42     CPU    %usr   %nice    %sys %iowait    %irq   %soft  %steal  %guest  %gnice   %idle
18:34:43      12  100.00    0.00    0.00    0.00    0.00    0.00    0.00    0.00    0.00    0.00
18:34:43      13    0.00    0.00    0.00    0.00    0.00    0.00    0.00    0.00    0.00  100.00
18:34:43      28    0.00    0.00    0.00    0.00    0.00    0.00    0.00    0.00    0.00  100.00
18:34:43      29    0.00    0.00    0.00    0.00    0.00    0.00    0.00    0.00    0.00  100.00

18:34:43     CPU    %usr   %nice    %sys %iowait    %irq   %soft  %steal  %guest  %gnice   %idle
18:34:44      12   95.05    0.00    0.00    0.00    0.00    0.00    0.00    0.00    0.00    4.95
18:34:44      13    4.08    0.00    0.00    0.00    0.00    0.00    0.00    0.00    0.00   95.92
18:34:44      28    0.00    0.00    0.00    0.00    0.00    0.00    0.00    0.00    0.00  100.00
18:34:44      29    0.00    0.00    0.00    0.00    0.00    0.00    0.00    0.00    0.00  100.00

18:34:44     CPU    %usr   %nice    %sys %iowait    %irq   %soft  %steal  %guest  %gnice   %idle
18:34:45      12   96.97    0.00    0.00    0.00    0.00    0.00    0.00    0.00    0.00    3.03
18:34:45      13    4.04    0.00    0.00    0.00    0.00    0.00    0.00    0.00    0.00   95.96
18:34:45      28    0.00    0.00    0.00    0.00    0.00    0.00    0.00    0.00    0.00  100.00
18:34:45      29    0.00    0.00    0.00    0.00    0.00    0.00    0.00    0.00    0.00  100.00

18:34:45     CPU    %usr   %nice    %sys %iowait    %irq   %soft  %steal  %guest  %gnice   %idle
18:34:46      12  100.00    0.00    0.00    0.00    0.00    0.00    0.00    0.00    0.00    0.00
18:34:46      13    0.00    0.00    0.00    0.00    0.00    0.00    0.00    0.00    0.00  100.00
18:34:46      28    0.00    0.00    0.00    0.00    0.00    0.00    0.00    0.00    0.00  100.00
18:34:46      29    0.00    0.00    0.00    0.00    0.00    0.00    0.00    0.00    0.00  100.00

18:34:46     CPU    %usr   %nice    %sys %iowait    %irq   %soft  %steal  %guest  %gnice   %idle
18:34:47      12  100.00    0.00    0.00    0.00    0.00    0.00    0.00    0.00    0.00    0.00
18:34:47      13    1.01    0.00    0.00    0.00    0.00    0.00    0.00    0.00    0.00   98.99
18:34:47      28    0.00    0.00    0.00    0.00    0.00    0.00    0.00    0.00    0.00  100.00
18:34:47      29    0.00    0.00    0.00    0.00    0.00    0.00    0.00    0.00    0.00  100.00

18:34:47     CPU    %usr   %nice    %sys %iowait    %irq   %soft  %steal  %guest  %gnice   %idle
18:34:48      12   54.55    0.00    1.01    0.00    0.00    0.00    0.00    0.00    0.00   44.44
18:34:48      13   46.94    0.00    1.02    0.00    0.00    0.00    0.00    0.00    0.00   52.04
18:34:48      28    0.00    0.00    0.00    0.00    0.00    0.00    0.00    0.00    0.00  100.00
18:34:48      29    0.00    0.00    0.00    0.00    0.00    0.00    0.00    0.00    0.00  100.00

18:34:48     CPU    %usr   %nice    %sys %iowait    %irq   %soft  %steal  %guest  %gnice   %idle
18:34:49      12   58.76    0.00    0.00    0.00    0.00    0.00    0.00    0.00    0.00   41.24
18:34:49      13   44.90    0.00    0.00    0.00    0.00    0.00    0.00    0.00    0.00   55.10
18:34:49      28    0.00    0.00    0.00    0.00    0.00    0.00    0.00    0.00    0.00  100.00
18:34:49      29    0.00    0.00    0.00    0.00    0.00    0.00    0.00    0.00    0.00  100.00

18:34:49     CPU    %usr   %nice    %sys %iowait    %irq   %soft  %steal  %guest  %gnice   %idle
18:34:50      12   53.61    0.00    0.00    0.00    0.00    0.00    0.00    0.00    0.00   46.39
18:34:50      13   50.00    0.00    0.00    0.00    0.00    0.00    0.00    0.00    0.00   50.00
18:34:50      28    0.00    0.00    0.00    0.00    0.00    0.00    0.00    0.00    0.00  100.00
18:34:50      29    0.00    0.00    0.00    0.00    0.00    0.00    0.00    0.00    0.00  100.00

18:34:50     CPU    %usr   %nice    %sys %iowait    %irq   %soft  %steal  %guest  %gnice   %idle
18:34:51      12   49.48    0.00    0.00    0.00    0.00    0.00    0.00    0.00    0.00   50.52
18:34:51      13   53.61    0.00    0.00    0.00    0.00    0.00    0.00    0.00    0.00   46.39
18:34:51      28    0.00    0.00    0.00    0.00    0.00    0.00    0.00    0.00    0.00  100.00
18:34:51      29    0.00    0.00    0.00    0.00    0.00    0.00    0.00    0.00    0.00  100.00

18:34:51     CPU    %usr   %nice    %sys %iowait    %irq   %soft  %steal  %guest  %gnice   %idle
18:34:52      12   67.01    0.00    0.00    0.00    0.00    0.00    0.00    0.00    0.00   32.99
18:34:52      13   33.33    0.00    0.00    0.00    0.00    0.00    0.00    0.00    0.00   66.67
18:34:52      28    0.00    0.00    0.00    0.00    0.00    0.00    0.00    0.00    0.00  100.00
18:34:52      29    0.00    0.00    0.00    0.00    0.00    0.00    0.00    0.00    0.00  100.00

18:34:52     CPU    %usr   %nice    %sys %iowait    %irq   %soft  %steal  %guest  %gnice   %idle
18:34:53      12   63.27    0.00    0.00    0.00    0.00    0.00    0.00    0.00    0.00   36.73
18:34:53      13   39.00    0.00    0.00    0.00    0.00    0.00    0.00    0.00    0.00   61.00
18:34:53      28    0.00    0.00    0.00    0.00    0.00    0.00    0.00    0.00    0.00  100.00
18:34:53      29    0.00    0.00    0.00    0.00    0.00    0.00    0.00    0.00    0.00  100.00

18:34:53     CPU    %usr   %nice    %sys %iowait    %irq   %soft  %steal  %guest  %gnice   %idle
18:34:54      12   61.62    0.00    0.00    0.00    0.00    0.00    0.00    0.00    0.00   38.38
18:34:54      13   37.76    0.00    0.00    0.00    0.00    0.00    0.00    0.00    0.00   62.24
18:34:54      28    0.00    0.00    0.00    0.00    0.00    0.00    0.00    0.00    0.00  100.00
18:34:54      29    0.00    0.00    0.00    0.00    0.00    0.00    0.00    0.00    0.00  100.00

18:34:54     CPU    %usr   %nice    %sys %iowait    %irq   %soft  %steal  %guest  %gnice   %idle
18:34:55      12   62.24    0.00    0.00    0.00    0.00    0.00    0.00    0.00    0.00   37.76
18:34:55      13   38.38    0.00    0.00    0.00    0.00    0.00    0.00    0.00    0.00   61.62
18:34:55      28    0.00    0.00    0.00    0.00    0.00    0.00    0.00    0.00    0.00  100.00
18:34:55      29    0.00    0.00    0.00    0.00    0.00    0.00    0.00    0.00    0.00  100.00

18:34:55     CPU    %usr   %nice    %sys %iowait    %irq   %soft  %steal  %guest  %gnice   %idle
18:34:56      12   57.14    0.00    1.02    0.00    0.00    0.00    0.00    0.00    0.00   41.84
18:34:56      13   43.00    0.00    1.00    0.00    0.00    0.00    0.00    0.00    0.00   56.00
18:34:56      28    0.00    0.00    0.00    0.00    0.00    0.00    0.00    0.00    0.00  100.00
18:34:56      29    0.00    0.00    0.00    0.00    0.00    0.00    0.00    0.00    0.00  100.00

18:34:56     CPU    %usr   %nice    %sys %iowait    %irq   %soft  %steal  %guest  %gnice   %idle
18:34:57      12   63.27    0.00    0.00    0.00    0.00    0.00    0.00    0.00    0.00   36.73
18:34:57      13   37.11    0.00    0.00    0.00    0.00    0.00    0.00    0.00    0.00   62.89
18:34:57      28    0.00    0.00    0.00    0.00    0.00    0.00    0.00    0.00    0.00  100.00
18:34:57      29    0.00    0.00    0.00    0.00    0.00    0.00    0.00    0.00    0.00  100.00

18:34:57     CPU    %usr   %nice    %sys %iowait    %irq   %soft  %steal  %guest  %gnice   %idle
18:34:58      12   46.94    0.00    4.08    0.00    0.00    0.00    0.00    0.00    0.00   48.98
18:34:58      13   47.52    0.00    2.97    0.00    0.00    0.00    0.00    0.00    0.00   49.50
18:34:58      28    0.00    0.00    0.00    0.00    0.00    0.00    0.00    0.00    0.00  100.00
18:34:58      29    0.99    0.00    0.00    0.00    0.00    0.00    0.00    0.00    0.00   99.01

18:34:58     CPU    %usr   %nice    %sys %iowait    %irq   %soft  %steal  %guest  %gnice   %idle
18:34:59      12   63.27    0.00    3.06    0.00    0.00    0.00    0.00    0.00    0.00   33.67
18:34:59      13   32.65    0.00    2.04    0.00    0.00    0.00    0.00    0.00    0.00   65.31
18:34:59      28    0.00    0.00    0.00    0.00    0.00    0.00    0.00    0.00    0.00  100.00
18:34:59      29    0.00    0.00    0.00    0.00    0.00    0.00    0.00    0.00    0.00  100.00

18:34:59     CPU    %usr   %nice    %sys %iowait    %irq   %soft  %steal  %guest  %gnice   %idle
18:35:00      12   55.67    0.00    1.03    0.00    0.00    0.00    0.00    0.00    0.00   43.30
18:35:00      13   49.48    0.00    0.00    0.00    0.00    0.00    0.00    0.00    0.00   50.52
18:35:00      28    0.00    0.00    0.00    0.00    0.00    0.00    0.00    0.00    0.00  100.00
18:35:00      29    0.00    0.00    0.00    0.00    0.00    0.00    0.00    0.00    0.00  100.00

18:35:00     CPU    %usr   %nice    %sys %iowait    %irq   %soft  %steal  %guest  %gnice   %idle
18:35:01      12   54.64    0.00    0.00    0.00    0.00    0.00    0.00    0.00    0.00   45.36
18:35:01      13   50.00    0.00    1.04    0.00    0.00    0.00    0.00    0.00    0.00   48.96
18:35:01      28    0.00    0.00    0.00    0.00    0.00    0.00    0.00    0.00    0.00  100.00
18:35:01      29    0.00    0.00    0.00    0.00    0.00    0.00    0.00    0.00    0.00  100.00

18:35:01     CPU    %usr   %nice    %sys %iowait    %irq   %soft  %steal  %guest  %gnice   %idle
18:35:02      12   71.13    0.00    2.06    0.00    0.00    0.00    0.00    0.00    0.00   26.80
18:35:02      13   31.25    0.00    1.04    0.00    0.00    0.00    0.00    0.00    0.00   67.71
18:35:02      28    0.00    0.00    0.00    0.00    0.00    0.00    0.00    0.00    0.00  100.00
18:35:02      29    0.00    0.00    0.00    0.00    0.00    0.00    0.00    0.00    0.00  100.00

18:35:02     CPU    %usr   %nice    %sys %iowait    %irq   %soft  %steal  %guest  %gnice   %idle
18:35:03      12   80.81    0.00    3.03    0.00    0.00    0.00    0.00    0.00    0.00   16.16
18:35:03      13   20.43    0.00    0.00    0.00    0.00    0.00    0.00    0.00    0.00   79.57
18:35:03      28    0.00    0.00    0.00    0.00    0.00    0.00    0.00    0.00    0.00  100.00
18:35:03      29    0.00    0.00    0.00    0.00    0.00    0.00    0.00    0.00    0.00  100.00

18:35:03     CPU    %usr   %nice    %sys %iowait    %irq   %soft  %steal  %guest  %gnice   %idle
18:35:04      12   86.00    0.00    2.00    0.00    0.00    0.00    0.00    0.00    0.00   12.00
18:35:04      13   13.86    0.00    5.94    0.00    0.00    0.00    0.00    0.00    0.00   80.20
18:35:04      28    0.00    0.00    0.00    0.00    0.00    0.00    0.00    0.00    0.00  100.00
18:35:04      29    0.00    0.00    0.00    0.00    0.00    0.00    0.00    0.00    0.00  100.00

18:35:04     CPU    %usr   %nice    %sys %iowait    %irq   %soft  %steal  %guest  %gnice   %idle
18:35:05      12   78.79    0.00    2.02    0.00    0.00    0.00    0.00    0.00    0.00   19.19
18:35:05      13   22.22    0.00    5.05    0.00    0.00    0.00    0.00    0.00    0.00   72.73
18:35:05      28    0.00    0.00    0.00    0.00    0.00    0.00    0.00    0.00    0.00  100.00
18:35:05      29    0.00    0.00    0.00    0.00    0.00    0.00    0.00    0.00    0.00  100.00

18:35:05     CPU    %usr   %nice    %sys %iowait    %irq   %soft  %steal  %guest  %gnice   %idle
18:35:06      12   50.48    0.00    5.71    0.00    0.00    0.00    0.00    0.00    0.00   43.81
18:35:06      13   50.98    0.00    4.90    0.00    0.00    0.00    0.00    0.00    0.00   44.12
18:35:06      28    0.00    0.00    0.00    0.00    0.00    0.00    0.00    0.00    0.00  100.00
18:35:06      29    0.00    0.00    0.00    0.00    0.00    0.00    0.00    0.00    0.00  100.00

18:35:06     CPU    %usr   %nice    %sys %iowait    %irq   %soft  %steal  %guest  %gnice   %idle
18:35:07      12   51.49    0.00    3.96    0.00    0.00    0.00    0.00    0.00    0.00   44.55
18:35:07      13   49.50    0.00    4.95    0.00    0.00    0.00    0.00    0.00    0.00   45.54
18:35:07      28    0.00    0.00    0.00    0.00    0.00    0.00    0.00    0.00    0.00  100.00
18:35:07      29    0.00    0.00    0.00    0.00    0.00    0.00    0.00    0.00    0.00  100.00

18:35:07     CPU    %usr   %nice    %sys %iowait    %irq   %soft  %steal  %guest  %gnice   %idle
18:35:08      12   76.24    0.00    1.98    0.00    0.00    0.00    0.00    0.00    0.00   21.78
18:35:08      13   26.21    0.00    7.77    0.00    0.00    0.00    0.00    0.00    0.00   66.02
18:35:08      28    0.00    0.00    0.00    0.00    0.00    0.00    0.00    0.00    0.00  100.00
18:35:08      29    0.00    0.00    0.00    0.00    0.00    0.00    0.00    0.00    0.00  100.00

18:35:08     CPU    %usr   %nice    %sys %iowait    %irq   %soft  %steal  %guest  %gnice   %idle
18:35:09      12   92.00    0.00    1.00    0.00    0.00    0.00    0.00    0.00    0.00    7.00
18:35:09      13   10.78    0.00    6.86    0.00    0.00    0.00    0.00    0.00    0.00   82.35
18:35:09      28    0.00    0.00    0.00    0.00    0.00    0.00    0.00    0.00    0.00  100.00
18:35:09      29    0.00    0.00    0.00    0.00    0.00    0.00    0.00    0.00    0.00  100.00

18:35:09     CPU    %usr   %nice    %sys %iowait    %irq   %soft  %steal  %guest  %gnice   %idle
18:35:10      12   93.00    0.00    1.00    0.00    0.00    0.00    0.00    0.00    0.00    6.00
18:35:10      13    9.28    0.00    4.12    0.00    0.00    0.00    0.00    0.00    0.00   86.60
18:35:10      28    0.00    0.00    0.00    0.00    0.00    0.00    0.00    0.00    0.00  100.00
18:35:10      29    0.00    0.00    0.00    0.00    0.00    0.00    0.00    0.00    0.00  100.00

18:35:10     CPU    %usr   %nice    %sys %iowait    %irq   %soft  %steal  %guest  %gnice   %idle
18:35:11      12   81.63    0.00    1.02    0.00    0.00    0.00    0.00    0.00    0.00   17.35
18:35:11      13   21.43    0.00    6.12    0.00    0.00    0.00    0.00    0.00    0.00   72.45
18:35:11      28    0.00    0.00    0.00    0.00    0.00    0.00    0.00    0.00    0.00  100.00
18:35:11      29    0.00    0.00    0.00    0.00    0.00    0.00    0.00    0.00    0.00  100.00

18:35:11     CPU    %usr   %nice    %sys %iowait    %irq   %soft  %steal  %guest  %gnice   %idle
18:35:12      12   91.00    0.00    0.00    0.00    0.00    0.00    0.00    0.00    0.00    9.00
18:35:12      13    9.09    0.00    0.00    0.00    0.00    0.00    0.00    0.00    0.00   90.91
18:35:12      28    0.00    0.00    0.00    0.00    0.00    0.00    0.00    0.00    0.00  100.00
18:35:12      29    0.00    0.00    0.00    0.00    0.00    0.00    0.00    0.00    0.00  100.00

18:35:12     CPU    %usr   %nice    %sys %iowait    %irq   %soft  %steal  %guest  %gnice   %idle
18:35:13      12  100.00    0.00    0.00    0.00    0.00    0.00    0.00    0.00    0.00    0.00
18:35:13      13    0.00    0.00    0.00    0.00    0.00    0.00    0.00    0.00    0.00  100.00
18:35:13      28    0.00    0.00    0.00    0.00    0.00    0.00    0.00    0.00    0.00  100.00
18:35:13      29    0.00    0.00    0.00    0.00    0.00    0.00    0.00    0.00    0.00  100.00

18:35:13     CPU    %usr   %nice    %sys %iowait    %irq   %soft  %steal  %guest  %gnice   %idle
18:35:14      12   97.03    0.00    0.99    0.00    0.00    0.00    0.00    0.00    0.00    1.98
18:35:14      13    2.02    0.00    0.00    0.00    0.00    0.00    0.00    0.00    0.00   97.98
18:35:14      28    0.00    0.00    0.00    0.00    0.00    0.00    0.00    0.00    0.00  100.00
18:35:14      29    0.00    0.00    0.00    0.00    0.00    0.00    0.00    0.00    0.00  100.00

18:35:14     CPU    %usr   %nice    %sys %iowait    %irq   %soft  %steal  %guest  %gnice   %idle
18:35:15      12  100.00    0.00    0.00    0.00    0.00    0.00    0.00    0.00    0.00    0.00
18:35:15      13    1.01    0.00    0.00    0.00    0.00    0.00    0.00    0.00    0.00   98.99
18:35:15      28    0.00    0.00    0.00    0.00    0.00    0.00    0.00    0.00    0.00  100.00
18:35:15      29    0.00    0.00    0.00    0.00    0.00    0.00    0.00    0.00    0.00  100.00

18:35:15     CPU    %usr   %nice    %sys %iowait    %irq   %soft  %steal  %guest  %gnice   %idle
18:35:16      12   98.00    0.00    0.00    0.00    0.00    0.00    0.00    0.00    0.00    2.00
18:35:16      13    2.02    0.00    0.00    0.00    0.00    0.00    0.00    0.00    0.00   97.98
18:35:16      28    0.00    0.00    0.00    0.00    0.00    0.00    0.00    0.00    0.00  100.00
18:35:16      29    0.00    0.00    0.00    0.00    0.00    0.00    0.00    0.00    0.00  100.00

18:35:16     CPU    %usr   %nice    %sys %iowait    %irq   %soft  %steal  %guest  %gnice   %idle
18:35:17      12  100.00    0.00    0.00    0.00    0.00    0.00    0.00    0.00    0.00    0.00
18:35:17      13    0.00    0.00    0.00    0.00    0.00    0.00    0.00    0.00    0.00  100.00
18:35:17      28    0.00    0.00    0.00    0.00    0.00    0.00    0.00    0.00    0.00  100.00
18:35:17      29    0.00    0.00    0.00    0.00    0.00    0.00    0.00    0.00    0.00  100.00

18:35:17     CPU    %usr   %nice    %sys %iowait    %irq   %soft  %steal  %guest  %gnice   %idle
18:35:18      12   94.95    0.00    0.00    0.00    0.00    0.00    0.00    0.00    0.00    5.05
18:35:18      13    5.05    0.00    1.01    0.00    0.00    0.00    0.00    0.00    0.00   93.94
18:35:18      28    0.00    0.00    0.00    0.00    0.00    0.00    0.00    0.00    0.00  100.00
18:35:18      29    0.00    0.00    0.00    0.00    0.00    0.00    0.00    0.00    0.00  100.00

18:35:18     CPU    %usr   %nice    %sys %iowait    %irq   %soft  %steal  %guest  %gnice   %idle
18:35:19      12   96.04    0.00    0.00    0.00    0.00    0.00    0.00    0.00    0.00    3.96
18:35:19      13    4.04    0.00    0.00    0.00    0.00    0.00    0.00    0.00    0.00   95.96
18:35:19      28    0.00    0.00    0.00    0.00    0.00    0.00    0.00    0.00    0.00  100.00
18:35:19      29    0.00    0.00    0.00    0.00    0.00    0.00    0.00    0.00    0.00  100.00

18:35:19     CPU    %usr   %nice    %sys %iowait    %irq   %soft  %steal  %guest  %gnice   %idle
18:35:20      12   60.82    0.00    0.00    0.00    0.00    0.00    0.00    0.00    0.00   39.18
18:35:20      13   42.27    0.00    0.00    0.00    0.00    0.00    0.00    0.00    0.00   57.73
18:35:20      28    0.00    0.00    0.00    0.00    0.00    0.00    0.00    0.00    0.00  100.00
18:35:20      29    0.00    0.00    0.00    0.00    0.00    0.00    0.00    0.00    0.00  100.00

18:35:20     CPU    %usr   %nice    %sys %iowait    %irq   %soft  %steal  %guest  %gnice   %idle
18:35:21      12   57.14    0.00    0.00    0.00    0.00    0.00    0.00    0.00    0.00   42.86
18:35:21      13   46.39    0.00    0.00    0.00    0.00    0.00    0.00    0.00    0.00   53.61
18:35:21      28    0.00    0.00    0.00    0.00    0.00    0.00    0.00    0.00    0.00  100.00
18:35:21      29    0.00    0.00    0.00    0.00    0.00    0.00    0.00    0.00    0.00  100.00

18:35:21     CPU    %usr   %nice    %sys %iowait    %irq   %soft  %steal  %guest  %gnice   %idle
18:35:22      12   63.92    0.00    0.00    0.00    0.00    0.00    0.00    0.00    0.00   36.08
18:35:22      13   38.95    0.00    0.00    0.00    0.00    0.00    0.00    0.00    0.00   61.05
18:35:22      28    0.00    0.00    0.00    0.00    0.00    0.00    0.00    0.00    0.00  100.00
18:35:22      29    0.00    0.00    0.00    0.00    0.00    0.00    0.00    0.00    0.00  100.00

18:35:22     CPU    %usr   %nice    %sys %iowait    %irq   %soft  %steal  %guest  %gnice   %idle
18:35:23      12   54.64    0.00    0.00    0.00    0.00    0.00    0.00    0.00    0.00   45.36
18:35:23      13   48.45    0.00    0.00    0.00    0.00    0.00    0.00    0.00    0.00   51.55
18:35:23      28    0.00    0.00    0.00    0.00    0.00    0.00    0.00    0.00    0.00  100.00
18:35:23      29    0.00    0.00    0.00    0.00    0.00    0.00    0.00    0.00    0.00  100.00

18:35:23     CPU    %usr   %nice    %sys %iowait    %irq   %soft  %steal  %guest  %gnice   %idle
18:35:24      12   73.47    0.00    0.00    0.00    0.00    0.00    0.00    0.00    0.00   26.53
18:35:24      13   27.55    0.00    0.00    0.00    0.00    0.00    0.00    0.00    0.00   72.45
18:35:24      28    0.00    0.00    0.00    0.00    0.00    0.00    0.00    0.00    0.00  100.00
18:35:24      29    0.00    0.00    0.00    0.00    0.00    0.00    0.00    0.00    0.00  100.00

18:35:24     CPU    %usr   %nice    %sys %iowait    %irq   %soft  %steal  %guest  %gnice   %idle
18:35:25      12   74.75    0.00    0.00    0.00    0.00    0.00    0.00    0.00    0.00   25.25
18:35:25      13   26.26    0.00    0.00    0.00    0.00    0.00    0.00    0.00    0.00   73.74
18:35:25      28    0.00    0.00    0.00    0.00    0.00    0.00    0.00    0.00    0.00  100.00
18:35:25      29    0.00    0.00    0.00    0.00    0.00    0.00    0.00    0.00    0.00  100.00

18:35:25     CPU    %usr   %nice    %sys %iowait    %irq   %soft  %steal  %guest  %gnice   %idle
18:35:26      12   69.39    0.00    0.00    0.00    0.00    0.00    0.00    0.00    0.00   30.61
18:35:26      13   30.30    0.00    0.00    0.00    0.00    0.00    0.00    0.00    0.00   69.70
18:35:26      28    0.00    0.00    0.00    0.00    0.00    0.00    0.00    0.00    0.00  100.00
18:35:26      29    0.00    0.00    0.00    0.00    0.00    0.00    0.00    0.00    0.00  100.00

18:35:26     CPU    %usr   %nice    %sys %iowait    %irq   %soft  %steal  %guest  %gnice   %idle
18:35:27      12   58.59    0.00    1.01    0.00    0.00    0.00    0.00    0.00    0.00   40.40
18:35:27      13   41.84    0.00    0.00    0.00    0.00    0.00    0.00    0.00    0.00   58.16
18:35:27      28    0.00    0.00    0.00    0.00    0.00    0.00    0.00    0.00    0.00  100.00
18:35:27      29    0.00    0.00    0.00    0.00    0.00    0.00    0.00    0.00    0.00  100.00

18:35:27     CPU    %usr   %nice    %sys %iowait    %irq   %soft  %steal  %guest  %gnice   %idle
18:35:28      12   63.27    0.00    0.00    0.00    0.00    0.00    0.00    0.00    0.00   36.73
18:35:28      13   37.37    0.00    0.00    0.00    0.00    0.00    0.00    0.00    0.00   62.63
18:35:28      28    0.00    0.00    0.00    0.00    0.00    0.00    0.00    0.00    0.00  100.00
18:35:28      29    0.00    0.00    0.00    0.00    0.00    0.00    0.00    0.00    0.00  100.00

18:35:28     CPU    %usr   %nice    %sys %iowait    %irq   %soft  %steal  %guest  %gnice   %idle
18:35:29      12   64.65    0.00    0.00    0.00    0.00    0.00    0.00    0.00    0.00   35.35
18:35:29      13   36.73    0.00    0.00    0.00    0.00    0.00    0.00    0.00    0.00   63.27
18:35:29      28    0.00    0.00    0.00    0.00    0.00    0.00    0.00    0.00    0.00  100.00
18:35:29      29    0.00    0.00    0.00    0.00    0.00    0.00    0.00    0.00    0.00  100.00

18:35:29     CPU    %usr   %nice    %sys %iowait    %irq   %soft  %steal  %guest  %gnice   %idle
18:35:30      12   69.07    0.00    0.00    0.00    0.00    0.00    0.00    0.00    0.00   30.93
18:35:30      13   32.00    0.00    0.00    0.00    0.00    0.00    0.00    0.00    0.00   68.00
18:35:30      28    0.00    0.00    0.00    0.00    0.00    0.00    0.00    0.00    0.00  100.00
18:35:30      29    0.00    0.00    0.00    0.00    0.00    0.00    0.00    0.00    0.00  100.00

18:35:30     CPU    %usr   %nice    %sys %iowait    %irq   %soft  %steal  %guest  %gnice   %idle
18:35:31      12   60.20    0.00    0.00    0.00    0.00    0.00    0.00    0.00    0.00   39.80
18:35:31      13   41.84    0.00    0.00    0.00    0.00    0.00    0.00    0.00    0.00   58.16
18:35:31      28    0.00    0.00    0.00    0.00    0.00    0.00    0.00    0.00    0.00  100.00
18:35:31      29    0.00    0.00    0.00    0.00    0.00    0.00    0.00    0.00    0.00  100.00

18:35:31     CPU    %usr   %nice    %sys %iowait    %irq   %soft  %steal  %guest  %gnice   %idle
18:35:32      12   54.64    0.00    0.00    0.00    0.00    0.00    0.00    0.00    0.00   45.36
18:35:32      13   48.45    0.00    1.03    0.00    0.00    0.00    0.00    0.00    0.00   50.52
18:35:32      28    0.00    0.00    0.00    0.00    0.00    0.00    0.00    0.00    0.00  100.00
18:35:32      29    0.00    0.00    0.00    0.00    0.00    0.00    0.00    0.00    0.00  100.00

18:35:32     CPU    %usr   %nice    %sys %iowait    %irq   %soft  %steal  %guest  %gnice   %idle
18:35:33      12   54.74    0.00    0.00    0.00    0.00    0.00    0.00    0.00    0.00   45.26
18:35:33      13   51.04    0.00    0.00    0.00    0.00    0.00    0.00    0.00    0.00   48.96
18:35:33      28    0.00    0.00    0.00    0.00    0.00    0.00    0.00    0.00    0.00  100.00
18:35:33      29    0.00    0.00    0.00    0.00    0.00    0.00    0.00    0.00    0.00  100.00

18:35:33     CPU    %usr   %nice    %sys %iowait    %irq   %soft  %steal  %guest  %gnice   %idle
18:35:34      12   52.08    0.00    1.04    0.00    0.00    0.00    0.00    0.00    0.00   46.88
18:35:34      13   52.58    0.00    1.03    0.00    0.00    0.00    0.00    0.00    0.00   46.39
18:35:34      28    0.00    0.00    0.00    0.00    0.00    0.00    0.00    0.00    0.00  100.00
18:35:34      29    0.00    0.00    0.00    0.00    0.00    0.00    0.00    0.00    0.00  100.00

18:35:34     CPU    %usr   %nice    %sys %iowait    %irq   %soft  %steal  %guest  %gnice   %idle
18:35:35      12   51.04    0.00    1.04    0.00    0.00    0.00    0.00    0.00    0.00   47.92
18:35:35      13   53.61    0.00    1.03    0.00    0.00    0.00    0.00    0.00    0.00   45.36
18:35:35      28    0.00    0.00    0.00    0.00    0.00    0.00    0.00    0.00    0.00  100.00
18:35:35      29    0.00    0.00    0.00    0.00    0.00    0.00    0.00    0.00    0.00  100.00

18:35:35     CPU    %usr   %nice    %sys %iowait    %irq   %soft  %steal  %guest  %gnice   %idle
18:35:36      12   50.00    0.00    4.90    0.00    0.00    0.00    0.00    0.00    0.00   45.10
18:35:36      13   50.98    0.00    4.90    0.00    0.00    0.00    0.00    0.00    0.00   44.12
18:35:36      28    0.00    0.00    0.00    0.00    0.00    0.00    0.00    0.00    0.00  100.00
18:35:36      29    0.00    0.00    0.00    0.00    0.00    0.00    0.00    0.00    0.00  100.00

18:35:36     CPU    %usr   %nice    %sys %iowait    %irq   %soft  %steal  %guest  %gnice   %idle
18:35:37      12   78.22    0.00    2.97    0.00    0.00    0.00    0.00    0.00    0.00   18.81
18:35:37      13   22.64    0.00    9.43    0.00    0.00    0.00    0.00    0.00    0.00   67.92
18:35:37      28    0.00    0.00    0.00    0.00    0.00    0.00    0.00    0.00    0.00  100.00
18:35:37      29    0.00    0.00    0.00    0.00    0.00    0.00    0.00    0.00    0.00  100.00

18:35:37     CPU    %usr   %nice    %sys %iowait    %irq   %soft  %steal  %guest  %gnice   %idle
18:35:38      12   90.00    0.00    1.00    0.00    0.00    0.00    0.00    0.00    0.00    9.00
18:35:38      13   11.00    0.00    5.00    0.00    0.00    0.00    0.00    0.00    0.00   84.00
18:35:38      28    0.00    0.00    0.00    0.00    0.00    0.00    0.00    0.00    0.00  100.00
18:35:38      29    0.00    0.00    0.00    0.00    0.00    0.00    0.00    0.00    0.00  100.00

18:35:38     CPU    %usr   %nice    %sys %iowait    %irq   %soft  %steal  %guest  %gnice   %idle
18:35:39      12   85.86    0.00    1.01    0.00    0.00    0.00    0.00    0.00    0.00   13.13
18:35:39      13   15.31    0.00    4.08    0.00    0.00    0.00    0.00    0.00    0.00   80.61
18:35:39      28    0.00    0.00    0.00    0.00    0.00    0.00    0.00    0.00    0.00  100.00
18:35:39      29    0.00    0.00    0.00    0.00    0.00    0.00    0.00    0.00    0.00  100.00

18:35:39     CPU    %usr   %nice    %sys %iowait    %irq   %soft  %steal  %guest  %gnice   %idle
18:35:40      12   82.00    0.00    1.00    0.00    0.00    0.00    0.00    0.00    0.00   17.00
18:35:40      13   21.00    0.00    6.00    0.00    0.00    0.00    0.00    0.00    0.00   73.00
18:35:40      28    0.00    0.00    0.00    0.00    0.00    0.00    0.00    0.00    0.00  100.00
18:35:40      29    0.00    0.00    0.00    0.00    0.00    0.00    0.00    0.00    0.00  100.00

18:35:40     CPU    %usr   %nice    %sys %iowait    %irq   %soft  %steal  %guest  %gnice   %idle
18:35:41      12   55.56    0.00    4.04    0.00    0.00    0.00    0.00    0.00    0.00   40.40
18:35:41      13   46.53    0.00    4.95    0.00    0.00    0.00    0.00    0.00    0.00   48.51
18:35:41      28    0.00    0.00    0.00    0.00    0.00    0.00    0.00    0.00    0.00  100.00
18:35:41      29    0.00    0.00    0.00    0.00    0.00    0.00    0.00    0.00    0.00  100.00

18:35:41     CPU    %usr   %nice    %sys %iowait    %irq   %soft  %steal  %guest  %gnice   %idle
18:35:42      12   52.43    0.00    5.83    0.00    0.00    0.00    0.00    0.00    0.00   41.75
18:35:42      13   48.08    0.00    7.69    0.00    0.00    0.00    0.00    0.00    0.00   44.23
18:35:42      28    0.00    0.00    0.00    0.00    0.00    0.00    0.00    0.00    0.00  100.00
18:35:42      29    0.00    0.00    0.00    0.00    0.00    0.00    0.00    0.00    0.00  100.00

18:35:42     CPU    %usr   %nice    %sys %iowait    %irq   %soft  %steal  %guest  %gnice   %idle
18:35:43      12   50.00    0.00    6.73    0.00    0.00    0.00    0.00    0.00    0.00   43.27
18:35:43      13   50.96    0.00    6.73    0.00    0.00    0.00    0.00    0.00    0.00   42.31
18:35:43      28    0.00    0.00    0.00    0.00    0.00    0.00    0.00    0.00    0.00  100.00
18:35:43      29    0.00    0.00    0.00    0.00    0.00    0.00    0.00    0.00    0.00  100.00

18:35:43     CPU    %usr   %nice    %sys %iowait    %irq   %soft  %steal  %guest  %gnice   %idle
18:35:44      12   80.81    0.00    1.01    0.00    0.00    0.00    0.00    0.00    0.00   18.18
18:35:44      13   20.20    0.00    2.02    0.00    0.00    0.00    0.00    0.00    0.00   77.78
18:35:44      28    0.00    0.00    0.00    0.00    0.00    0.00    0.00    0.00    0.00  100.00
18:35:44      29    0.00    0.00    0.00    0.00    0.00    0.00    0.00    0.00    0.00  100.00

18:35:44     CPU    %usr   %nice    %sys %iowait    %irq   %soft  %steal  %guest  %gnice   %idle
18:35:45      12   79.59    0.00    0.00    0.00    0.00    0.00    0.00    0.00    0.00   20.41
18:35:45      13   21.43    0.00    0.00    0.00    0.00    0.00    0.00    0.00    0.00   78.57
18:35:45      28    0.00    0.00    0.00    0.00    0.00    0.00    0.00    0.00    0.00  100.00
18:35:45      29    0.00    0.00    0.00    0.00    0.00    0.00    0.00    0.00    0.00  100.00

18:35:45     CPU    %usr   %nice    %sys %iowait    %irq   %soft  %steal  %guest  %gnice   %idle
18:35:46      12   56.12    0.00    0.00    0.00    0.00    0.00    0.00    0.00    0.00   43.88
18:35:46      13   45.92    0.00    0.00    0.00    0.00    0.00    0.00    0.00    0.00   54.08
18:35:46      28    0.00    0.00    0.00    0.00    0.00    0.00    0.00    0.00    0.00  100.00
18:35:46      29    0.00    0.00    0.00    0.00    0.00    0.00    0.00    0.00    0.00  100.00

18:35:46     CPU    %usr   %nice    %sys %iowait    %irq   %soft  %steal  %guest  %gnice   %idle
18:35:47      12   56.57    0.00    0.00    0.00    0.00    0.00    0.00    0.00    0.00   43.43
18:35:47      13   45.36    0.00    0.00    0.00    0.00    0.00    0.00    0.00    0.00   54.64
18:35:47      28    0.00    0.00    0.00    0.00    0.00    0.00    0.00    0.00    0.00  100.00
18:35:47      29    0.00    0.00    0.00    0.00    0.00    0.00    0.00    0.00    0.00  100.00

18:35:47     CPU    %usr   %nice    %sys %iowait    %irq   %soft  %steal  %guest  %gnice   %idle
18:35:48      12   88.00    0.00    1.00    0.00    0.00    0.00    0.00    0.00    0.00   11.00
18:35:48      13   11.11    0.00    0.00    0.00    0.00    0.00    0.00    0.00    0.00   88.89
18:35:48      28    0.00    0.00    0.00    0.00    0.00    0.00    0.00    0.00    0.00  100.00
18:35:48      29    0.00    0.00    0.00    0.00    0.00    0.00    0.00    0.00    0.00  100.00

18:35:48     CPU    %usr   %nice    %sys %iowait    %irq   %soft  %steal  %guest  %gnice   %idle
18:35:49      12  100.00    0.00    0.00    0.00    0.00    0.00    0.00    0.00    0.00    0.00
18:35:49      13    0.00    0.00    0.00    0.00    0.00    0.00    0.00    0.00    0.00  100.00
18:35:49      28    0.00    0.00    0.00    0.00    0.00    0.00    0.00    0.00    0.00  100.00
18:35:49      29    0.00    0.00    0.00    0.00    0.00    0.00    0.00    0.00    0.00  100.00

18:35:49     CPU    %usr   %nice    %sys %iowait    %irq   %soft  %steal  %guest  %gnice   %idle
18:35:50      12   92.93    0.00    0.00    0.00    0.00    0.00    0.00    0.00    0.00    7.07
18:35:50      13    8.00    0.00    0.00    0.00    0.00    0.00    0.00    0.00    0.00   92.00
18:35:50      28    0.00    0.00    0.00    0.00    0.00    0.00    0.00    0.00    0.00  100.00
18:35:50      29    0.00    0.00    0.00    0.00    0.00    0.00    0.00    0.00    0.00  100.00

18:35:50     CPU    %usr   %nice    %sys %iowait    %irq   %soft  %steal  %guest  %gnice   %idle
18:35:51      12  100.00    0.00    0.00    0.00    0.00    0.00    0.00    0.00    0.00    0.00
18:35:51      13    0.00    0.00    0.00    0.00    0.00    0.00    0.00    0.00    0.00  100.00
18:35:51      28    0.00    0.00    0.00    0.00    0.00    0.00    0.00    0.00    0.00  100.00
18:35:51      29    0.00    0.00    0.00    0.00    0.00    0.00    0.00    0.00    0.00  100.00

18:35:51     CPU    %usr   %nice    %sys %iowait    %irq   %soft  %steal  %guest  %gnice   %idle
18:35:52      12   73.74    0.00    0.00    0.00    0.00    0.00    0.00    0.00    0.00   26.26
18:35:52      13   28.57    0.00    1.02    0.00    0.00    0.00    0.00    0.00    0.00   70.41
18:35:52      28    0.00    0.00    0.00    0.00    0.00    0.00    0.00    0.00    0.00  100.00
18:35:52      29    0.00    0.00    0.00    0.00    0.00    0.00    0.00    0.00    0.00  100.00

18:35:52     CPU    %usr   %nice    %sys %iowait    %irq   %soft  %steal  %guest  %gnice   %idle
18:35:53      12   52.04    0.00    0.00    0.00    0.00    0.00    0.00    0.00    0.00   47.96
18:35:53      13   51.04    0.00    0.00    0.00    0.00    0.00    0.00    0.00    0.00   48.96
18:35:53      28    0.00    0.00    0.00    0.00    0.00    0.00    0.00    0.00    0.00  100.00
18:35:53      29    0.00    0.00    0.00    0.00    0.00    0.00    0.00    0.00    0.00  100.00

18:35:53     CPU    %usr   %nice    %sys %iowait    %irq   %soft  %steal  %guest  %gnice   %idle
18:35:54      12   62.24    0.00    0.00    0.00    0.00    0.00    0.00    0.00    0.00   37.76
18:35:54      13   40.62    0.00    0.00    0.00    0.00    0.00    0.00    0.00    0.00   59.38
18:35:54      28    0.00    0.00    0.00    0.00    0.00    0.00    0.00    0.00    0.00  100.00
18:35:54      29    0.00    0.00    0.00    0.00    0.00    0.00    0.00    0.00    0.00  100.00

18:35:54     CPU    %usr   %nice    %sys %iowait    %irq   %soft  %steal  %guest  %gnice   %idle
18:35:55      12   52.58    0.00    0.00    0.00    0.00    0.00    0.00    0.00    0.00   47.42
18:35:55      13   51.04    0.00    0.00    0.00    0.00    0.00    0.00    0.00    0.00   48.96
18:35:55      28    0.00    0.00    0.00    0.00    0.00    0.00    0.00    0.00    0.00  100.00
18:35:55      29    0.00    0.00    0.00    0.00    0.00    0.00    0.00    0.00    0.00  100.00

18:35:55     CPU    %usr   %nice    %sys %iowait    %irq   %soft  %steal  %guest  %gnice   %idle
18:35:56      12   62.24    0.00    0.00    0.00    0.00    0.00    0.00    0.00    0.00   37.76
18:35:56      13   38.38    0.00    0.00    0.00    0.00    0.00    0.00    0.00    0.00   61.62
18:35:56      28    0.00    0.00    0.00    0.00    0.00    0.00    0.00    0.00    0.00  100.00
18:35:56      29    0.00    0.00    0.00    0.00    0.00    0.00    0.00    0.00    0.00  100.00

18:35:56     CPU    %usr   %nice    %sys %iowait    %irq   %soft  %steal  %guest  %gnice   %idle
18:35:57      12   67.35    0.00    0.00    0.00    0.00    0.00    0.00    0.00    0.00   32.65
18:35:57      13   34.00    0.00    0.00    0.00    0.00    0.00    0.00    0.00    0.00   66.00
18:35:57      28    0.00    0.00    0.00    0.00    0.00    0.00    0.00    0.00    0.00  100.00
18:35:57      29    0.00    0.00    0.00    0.00    0.00    0.00    0.00    0.00    0.00  100.00

18:35:57     CPU    %usr   %nice    %sys %iowait    %irq   %soft  %steal  %guest  %gnice   %idle
18:35:58      12   64.29    0.00    0.00    0.00    0.00    0.00    0.00    0.00    0.00   35.71
18:35:58      13   36.73    0.00    0.00    0.00    0.00    0.00    0.00    0.00    0.00   63.27
18:35:58      28    0.00    0.00    0.00    0.00    0.00    0.00    0.00    0.00    0.00  100.00
18:35:58      29    0.00    0.00    0.00    0.00    0.00    0.00    0.00    0.00    0.00  100.00

18:35:58     CPU    %usr   %nice    %sys %iowait    %irq   %soft  %steal  %guest  %gnice   %idle
18:35:59      12   73.74    0.00    0.00    0.00    0.00    0.00    0.00    0.00    0.00   26.26
18:35:59      13   28.00    0.00    0.00    0.00    0.00    0.00    0.00    0.00    0.00   72.00
18:35:59      28    0.00    0.00    0.00    0.00    0.00    0.00    0.00    0.00    0.00  100.00
18:35:59      29    0.00    0.00    0.00    0.00    0.00    0.00    0.00    0.00    0.00  100.00

18:35:59     CPU    %usr   %nice    %sys %iowait    %irq   %soft  %steal  %guest  %gnice   %idle
18:36:00      12   65.98    0.00    0.00    0.00    0.00    0.00    0.00    0.00    0.00   34.02
18:36:00      13   35.00    0.00    0.00    0.00    0.00    0.00    0.00    0.00    0.00   65.00
18:36:00      28    0.00    0.00    0.00    0.00    0.00    0.00    0.00    0.00    0.00  100.00
18:36:00      29    0.00    0.00    0.00    0.00    0.00    0.00    0.00    0.00    0.00  100.00

18:36:00     CPU    %usr   %nice    %sys %iowait    %irq   %soft  %steal  %guest  %gnice   %idle
18:36:01      12   64.29    0.00    0.00    0.00    0.00    0.00    0.00    0.00    0.00   35.71
18:36:01      13   36.73    0.00    0.00    0.00    0.00    0.00    0.00    0.00    0.00   63.27
18:36:01      28    0.00    0.00    0.00    0.00    0.00    0.00    0.00    0.00    0.00  100.00
18:36:01      29    0.00    0.00    0.00    0.00    0.00    0.00    0.00    0.00    0.00  100.00

18:36:01     CPU    %usr   %nice    %sys %iowait    %irq   %soft  %steal  %guest  %gnice   %idle
18:36:02      12   90.82    0.00    0.00    0.00    0.00    0.00    0.00    0.00    0.00    9.18
18:36:02      13   10.10    0.00    1.01    0.00    0.00    0.00    0.00    0.00    0.00   88.89
18:36:02      28    0.00    0.00    0.00    0.00    0.00    0.00    0.00    0.00    0.00  100.00
18:36:02      29    0.00    0.00    0.00    0.00    0.00    0.00    0.00    0.00    0.00  100.00

18:36:02     CPU    %usr   %nice    %sys %iowait    %irq   %soft  %steal  %guest  %gnice   %idle
18:36:03      12   99.01    0.00    0.00    0.00    0.00    0.00    0.00    0.00    0.00    0.99
18:36:03      13    1.02    0.00    0.00    0.00    0.00    0.00    0.00    0.00    0.00   98.98
18:36:03      28    0.00    0.00    0.00    0.00    0.00    0.00    0.00    0.00    0.00  100.00
18:36:03      29    0.00    0.00    0.00    0.00    0.00    0.00    0.00    0.00    0.00  100.00

18:36:03     CPU    %usr   %nice    %sys %iowait    %irq   %soft  %steal  %guest  %gnice   %idle
18:36:04      12   89.00    0.00    1.00    0.00    0.00    0.00    0.00    0.00    0.00   10.00
18:36:04      13   11.70    0.00    0.00    0.00    0.00    0.00    0.00    0.00    0.00   88.30
18:36:04      28    0.00    0.00    0.00    0.00    0.00    0.00    0.00    0.00    0.00  100.00
18:36:04      29    0.00    0.00    0.00    0.00    0.00    0.00    0.00    0.00    0.00  100.00

18:36:04     CPU    %usr   %nice    %sys %iowait    %irq   %soft  %steal  %guest  %gnice   %idle
18:36:05      12   86.60    0.00    0.00    0.00    0.00    0.00    0.00    0.00    0.00   13.40
18:36:05      13   17.20    0.00    0.00    0.00    0.00    0.00    0.00    0.00    0.00   82.80
18:36:05      28    0.00    0.00    0.00    0.00    0.00    0.00    0.00    0.00    0.00  100.00
18:36:05      29    0.00    0.00    0.00    0.00    0.00    0.00    0.00    0.00    0.00  100.00

18:36:05     CPU    %usr   %nice    %sys %iowait    %irq   %soft  %steal  %guest  %gnice   %idle
18:36:06      12   74.49    0.00    0.00    0.00    0.00    0.00    0.00    0.00    0.00   25.51
18:36:06      13   29.47    0.00    1.05    0.00    0.00    0.00    0.00    0.00    0.00   69.47
18:36:06      28    0.00    0.00    0.00    0.00    0.00    0.00    0.00    0.00    0.00  100.00
18:36:06      29    0.00    0.00    0.00    0.00    0.00    0.00    0.00    0.00    0.00  100.00

18:36:06     CPU    %usr   %nice    %sys %iowait    %irq   %soft  %steal  %guest  %gnice   %idle
18:36:07      12   54.64    0.00    1.03    0.00    0.00    0.00    0.00    0.00    0.00   44.33
18:36:07      13   51.04    0.00    0.00    0.00    0.00    0.00    0.00    0.00    0.00   48.96
18:36:07      28    0.00    0.00    0.00    0.00    0.00    0.00    0.00    0.00    0.00  100.00
18:36:07      29    0.00    0.00    0.00    0.00    0.00    0.00    0.00    0.00    0.00  100.00

18:36:07     CPU    %usr   %nice    %sys %iowait    %irq   %soft  %steal  %guest  %gnice   %idle
18:36:08      12   54.29    0.00    5.71    0.00    0.00    0.00    0.00    0.00    0.00   40.00
18:36:08      13   46.73    0.00    6.54    0.00    0.00    0.00    0.00    0.00    0.00   46.73
18:36:08      28    0.00    0.00    0.00    0.00    0.00    0.00    0.00    0.00    0.00  100.00
18:36:08      29    0.00    0.00    0.00    0.00    0.00    0.00    0.00    0.00    0.00  100.00

18:36:08     CPU    %usr   %nice    %sys %iowait    %irq   %soft  %steal  %guest  %gnice   %idle
18:36:09      12   52.83    0.00    6.60    0.00    0.00    0.00    0.00    0.00    0.00   40.57
18:36:09      13   46.73    0.00    8.41    0.00    0.00    0.00    0.00    0.00    0.00   44.86
18:36:09      28    0.00    0.00    0.00    0.00    0.00    0.00    0.00    0.00    0.00  100.00
18:36:09      29    0.00    0.00    0.00    0.00    0.00    0.00    0.00    0.00    0.00  100.00

18:36:09     CPU    %usr   %nice    %sys %iowait    %irq   %soft  %steal  %guest  %gnice   %idle
18:36:10      12   50.47    0.00    8.41    0.00    0.00    0.00    0.00    0.00    0.00   41.12
18:36:10      13   46.23    0.00    9.43    0.00    0.00    0.00    0.00    0.00    0.00   44.34
18:36:10      28    0.00    0.00    0.00    0.00    0.00    0.00    0.00    0.00    0.00  100.00
18:36:10      29    0.00    0.00    0.00    0.00    0.00    0.00    0.00    0.00    0.00  100.00

18:36:10     CPU    %usr   %nice    %sys %iowait    %irq   %soft  %steal  %guest  %gnice   %idle
18:36:11      12   42.86    0.00    9.52    0.00    0.00    0.00    0.00    0.00    0.00   47.62
18:36:11      13   50.94    0.00    9.43    0.00    0.00    0.00    0.00    0.00    0.00   39.62
18:36:11      28    0.00    0.00    0.00    0.00    0.00    0.00    0.00    0.00    0.00  100.00
18:36:11      29    0.00    0.00    0.00    0.00    0.00    0.00    0.00    0.00    0.00  100.00

18:36:11     CPU    %usr   %nice    %sys %iowait    %irq   %soft  %steal  %guest  %gnice   %idle
18:36:12      12   80.20    0.00    2.97    0.00    0.00    0.00    0.00    0.00    0.00   16.83
18:36:12      13   20.59    0.00    7.84    0.00    0.00    0.00    0.00    0.00    0.00   71.57
18:36:12      28    0.00    0.00    0.00    0.00    0.00    0.00    0.00    0.00    0.00  100.00
18:36:12      29    0.00    0.00    0.00    0.00    0.00    0.00    0.00    0.00    0.00  100.00

18:36:12     CPU    %usr   %nice    %sys %iowait    %irq   %soft  %steal  %guest  %gnice   %idle
18:36:13      12   95.00    0.00    1.00    0.00    0.00    0.00    0.00    0.00    0.00    4.00
18:36:13      13    8.74    0.00    7.77    0.00    0.00    0.00    0.00    0.00    0.00   83.50
18:36:13      28    0.00    0.00    0.00    0.00    0.00    0.00    0.00    0.00    0.00  100.00
18:36:13      29    0.00    0.00    0.00    0.00    0.00    0.00    0.00    0.00    0.00  100.00

18:36:13     CPU    %usr   %nice    %sys %iowait    %irq   %soft  %steal  %guest  %gnice   %idle
18:36:14      12   91.92    0.00    0.00    0.00    0.00    0.00    0.00    0.00    0.00    8.08
18:36:14      13   12.00    0.00    7.00    0.00    0.00    0.00    0.00    0.00    0.00   81.00
18:36:14      28    0.00    0.00    0.00    0.00    0.00    0.00    0.00    0.00    0.00  100.00
18:36:14      29    0.00    0.00    0.00    0.00    0.00    0.00    0.00    0.00    0.00  100.00

18:36:14     CPU    %usr   %nice    %sys %iowait    %irq   %soft  %steal  %guest  %gnice   %idle
18:36:15      12   67.33    0.00    2.97    0.00    0.00    0.00    0.00    0.00    0.00   29.70
18:36:15      13   34.34    0.00    5.05    0.00    0.00    0.00    0.00    0.00    0.00   60.61
18:36:15      28    0.00    0.00    0.00    0.00    0.00    0.00    0.00    0.00    0.00  100.00
18:36:15      29    0.00    0.00    0.00    0.00    0.00    0.00    0.00    0.00    0.00  100.00

18:36:15     CPU    %usr   %nice    %sys %iowait    %irq   %soft  %steal  %guest  %gnice   %idle
18:36:16      12   73.47    0.00    1.02    0.00    0.00    0.00    0.00    0.00    0.00   25.51
18:36:16      13   28.57    0.00    1.02    0.00    0.00    0.00    0.00    0.00    0.00   70.41
18:36:16      28    0.00    0.00    0.00    0.00    0.00    0.00    0.00    0.00    0.00  100.00
18:36:16      29    0.00    0.00    0.00    0.00    0.00    0.00    0.00    0.00    0.00  100.00

18:36:16     CPU    %usr   %nice    %sys %iowait    %irq   %soft  %steal  %guest  %gnice   %idle
18:36:17      12   82.65    0.00    0.00    0.00    0.00    0.00    0.00    0.00    0.00   17.35
18:36:17      13   17.71    0.00    0.00    0.00    0.00    0.00    0.00    0.00    0.00   82.29
18:36:17      28    0.00    0.00    0.00    0.00    0.00    0.00    0.00    0.00    0.00  100.00
18:36:17      29    0.00    0.00    0.00    0.00    0.00    0.00    0.00    0.00    0.00  100.00

18:36:17     CPU    %usr   %nice    %sys %iowait    %irq   %soft  %steal  %guest  %gnice   %idle
18:36:18      12   79.00    0.00    0.00    0.00    0.00    0.00    0.00    0.00    0.00   21.00
18:36:18      13   20.41    0.00    1.02    0.00    0.00    0.00    0.00    0.00    0.00   78.57
18:36:18      28    0.00    0.00    0.00    0.00    0.00    0.00    0.00    0.00    0.00  100.00
18:36:18      29    0.00    0.00    0.00    0.00    0.00    0.00    0.00    0.00    0.00  100.00

18:36:18     CPU    %usr   %nice    %sys %iowait    %irq   %soft  %steal  %guest  %gnice   %idle
18:36:19      12   78.12    0.00    0.00    0.00    0.00    0.00    0.00    0.00    0.00   21.88
18:36:19      13   21.43    0.00    2.04    0.00    0.00    0.00    0.00    0.00    0.00   76.53
18:36:19      28    0.00    0.00    0.00    0.00    0.00    0.00    0.00    0.00    0.00  100.00
18:36:19      29    0.00    0.00    0.00    0.00    0.00    0.00    0.00    0.00    0.00  100.00

18:36:19     CPU    %usr   %nice    %sys %iowait    %irq   %soft  %steal  %guest  %gnice   %idle
18:36:20      12   94.00    0.00    0.00    0.00    0.00    0.00    0.00    0.00    0.00    6.00
18:36:20      13    5.10    0.00    1.02    0.00    0.00    0.00    0.00    0.00    0.00   93.88
18:36:20      28    0.00    0.00    0.00    0.00    0.00    0.00    0.00    0.00    0.00  100.00
18:36:20      29    0.00    0.00    0.00    0.00    0.00    0.00    0.00    0.00    0.00  100.00

18:36:20     CPU    %usr   %nice    %sys %iowait    %irq   %soft  %steal  %guest  %gnice   %idle
18:36:21      12  100.00    0.00    0.00    0.00    0.00    0.00    0.00    0.00    0.00    0.00
18:36:21      13    1.00    0.00    0.00    0.00    0.00    0.00    0.00    0.00    0.00   99.00
18:36:21      28    0.00    0.00    0.00    0.00    0.00    0.00    0.00    0.00    0.00  100.00
18:36:21      29    0.00    0.00    0.00    0.00    0.00    0.00    0.00    0.00    0.00  100.00

18:36:21     CPU    %usr   %nice    %sys %iowait    %irq   %soft  %steal  %guest  %gnice   %idle
18:36:22      12   97.00    0.00    1.00    0.00    0.00    0.00    0.00    0.00    0.00    2.00
18:36:22      13    1.02    0.00    0.00    0.00    0.00    0.00    0.00    0.00    0.00   98.98
18:36:22      28    0.99    0.00    0.00    0.00    0.00    0.00    0.00    0.00    0.00   99.01
18:36:22      29    0.00    0.00    0.00    0.00    0.00    0.00    0.00    0.00    0.00  100.00

18:36:22     CPU    %usr   %nice    %sys %iowait    %irq   %soft  %steal  %guest  %gnice   %idle
18:36:23      12  100.00    0.00    0.00    0.00    0.00    0.00    0.00    0.00    0.00    0.00
18:36:23      13    0.99    0.00    0.99    0.00    0.00    0.00    0.00    0.00    0.00   98.02
18:36:23      28    0.00    0.00    0.00    0.00    0.00    0.00    0.00    0.00    0.00  100.00
18:36:23      29    0.00    0.00    0.00    0.00    0.00    0.00    0.00    0.00    0.00  100.00

18:36:23     CPU    %usr   %nice    %sys %iowait    %irq   %soft  %steal  %guest  %gnice   %idle
18:36:24      12   67.35    0.00    0.00    0.00    0.00    0.00    0.00    0.00    0.00   32.65
18:36:24      13   35.05    0.00    0.00    0.00    0.00    0.00    0.00    0.00    0.00   64.95
18:36:24      28    0.00    0.00    0.00    0.00    0.00    0.00    0.00    0.00    0.00  100.00
18:36:24      29    0.00    0.00    0.00    0.00    0.00    0.00    0.00    0.00    0.00  100.00

18:36:24     CPU    %usr   %nice    %sys %iowait    %irq   %soft  %steal  %guest  %gnice   %idle
18:36:25      12   59.18    0.00    0.00    0.00    0.00    0.00    0.00    0.00    0.00   40.82
18:36:25      13   43.75    0.00    0.00    0.00    0.00    0.00    0.00    0.00    0.00   56.25
18:36:25      28    0.00    0.00    0.00    0.00    0.00    0.00    0.00    0.00    0.00  100.00
18:36:25      29    0.00    0.00    0.00    0.00    0.00    0.00    0.00    0.00    0.00  100.00

18:36:25     CPU    %usr   %nice    %sys %iowait    %irq   %soft  %steal  %guest  %gnice   %idle
18:36:26      12   60.20    0.00    0.00    0.00    0.00    0.00    0.00    0.00    0.00   39.80
18:36:26      13   43.75    0.00    0.00    0.00    0.00    0.00    0.00    0.00    0.00   56.25
18:36:26      28    0.00    0.00    0.00    0.00    0.00    0.00    0.00    0.00    0.00  100.00
18:36:26      29    0.00    0.00    0.00    0.00    0.00    0.00    0.00    0.00    0.00  100.00

18:36:26     CPU    %usr   %nice    %sys %iowait    %irq   %soft  %steal  %guest  %gnice   %idle
18:36:27      12   60.20    0.00    0.00    0.00    0.00    0.00    0.00    0.00    0.00   39.80
18:36:27      13   42.71    0.00    0.00    0.00    0.00    0.00    0.00    0.00    0.00   57.29
18:36:27      28    0.00    0.00    0.00    0.00    0.00    0.00    0.00    0.00    0.00  100.00
18:36:27      29    0.00    0.00    0.00    0.00    0.00    0.00    0.00    0.00    0.00  100.00

18:36:27     CPU    %usr   %nice    %sys %iowait    %irq   %soft  %steal  %guest  %gnice   %idle
18:36:28      12   56.70    0.00    0.00    0.00    0.00    0.00    0.00    0.00    0.00   43.30
18:36:28      13   43.88    0.00    0.00    0.00    0.00    0.00    0.00    0.00    0.00   56.12
18:36:28      28    0.00    0.00    0.00    0.00    0.00    0.00    0.00    0.00    0.00  100.00
18:36:28      29    0.00    0.00    0.00    0.00    0.00    0.00    0.00    0.00    0.00  100.00

18:36:28     CPU    %usr   %nice    %sys %iowait    %irq   %soft  %steal  %guest  %gnice   %idle
18:36:29      12   60.20    0.00    0.00    0.00    0.00    0.00    0.00    0.00    0.00   39.80
18:36:29      13   41.00    0.00    0.00    0.00    0.00    0.00    0.00    0.00    0.00   59.00
18:36:29      28    0.00    0.00    0.00    0.00    0.00    0.00    0.00    0.00    0.00  100.00
18:36:29      29    0.00    0.00    0.00    0.00    0.00    0.00    0.00    0.00    0.00  100.00

18:36:29     CPU    %usr   %nice    %sys %iowait    %irq   %soft  %steal  %guest  %gnice   %idle
18:36:30      12   99.00    0.00    0.00    0.00    0.00    0.00    0.00    0.00    0.00    1.00
18:36:30      13    1.01    0.00    1.01    0.00    0.00    0.00    0.00    0.00    0.00   97.98
18:36:30      28    0.00    0.00    0.00    0.00    0.00    0.00    0.00    0.00    0.00  100.00
18:36:30      29    0.00    0.00    0.00    0.00    0.00    0.00    0.00    0.00    0.00  100.00

18:36:30     CPU    %usr   %nice    %sys %iowait    %irq   %soft  %steal  %guest  %gnice   %idle
18:36:31      12   99.00    0.00    0.00    0.00    0.00    0.00    0.00    0.00    0.00    1.00
18:36:31      13    1.00    0.00    1.00    0.00    0.00    0.00    0.00    0.00    0.00   98.00
18:36:31      28    0.00    0.00    0.00    0.00    0.00    0.00    0.00    0.00    0.00  100.00
18:36:31      29    0.00    0.00    0.00    0.00    0.00    0.00    0.00    0.00    0.00  100.00

18:36:31     CPU    %usr   %nice    %sys %iowait    %irq   %soft  %steal  %guest  %gnice   %idle
18:36:32      12  100.00    0.00    0.00    0.00    0.00    0.00    0.00    0.00    0.00    0.00
18:36:32      13    1.01    0.00    1.01    0.00    0.00    0.00    0.00    0.00    0.00   97.98
18:36:32      28    0.00    0.00    0.00    0.00    0.00    0.00    0.00    0.00    0.00  100.00
18:36:32      29    0.00    0.00    0.00    0.00    0.00    0.00    0.00    0.00    0.00  100.00

18:36:32     CPU    %usr   %nice    %sys %iowait    %irq   %soft  %steal  %guest  %gnice   %idle
18:36:33      12   98.02    0.00    0.00    0.00    0.00    0.00    0.00    0.00    0.00    1.98
18:36:33      13    1.03    0.00    0.00    0.00    0.00    0.00    0.00    0.00    0.00   98.97
18:36:33      28    0.00    0.00    0.00    0.00    0.00    0.00    0.00    0.00    0.00  100.00
18:36:33      29    0.00    0.00    0.00    0.00    0.00    0.00    0.00    0.00    0.00  100.00

18:36:33     CPU    %usr   %nice    %sys %iowait    %irq   %soft  %steal  %guest  %gnice   %idle
18:36:34      12   97.98    0.00    0.00    0.00    0.00    0.00    0.00    0.00    0.00    2.02
18:36:34      13    2.06    0.00    0.00    0.00    0.00    0.00    0.00    0.00    0.00   97.94
18:36:34      28    0.00    0.00    0.00    0.00    0.00    0.00    0.00    0.00    0.00  100.00
18:36:34      29    0.00    0.00    0.00    0.00    0.00    0.00    0.00    0.00    0.00  100.00

18:36:34     CPU    %usr   %nice    %sys %iowait    %irq   %soft  %steal  %guest  %gnice   %idle
18:36:35      12   97.96    0.00    0.00    0.00    0.00    0.00    0.00    0.00    0.00    2.04
18:36:35      13    3.06    0.00    0.00    0.00    0.00    0.00    0.00    0.00    0.00   96.94
18:36:35      28    0.00    0.00    0.00    0.00    0.00    0.00    0.00    0.00    0.00  100.00
18:36:35      29    0.00    0.00    0.00    0.00    0.00    0.00    0.00    0.00    0.00  100.00

18:36:35     CPU    %usr   %nice    %sys %iowait    %irq   %soft  %steal  %guest  %gnice   %idle
18:36:36      12   86.00    0.00    2.00    0.00    0.00    0.00    0.00    0.00    0.00   12.00
18:36:36      13   13.83    0.00    0.00    0.00    0.00    0.00    0.00    0.00    0.00   86.17
18:36:36      28    0.00    0.00    0.00    0.00    0.00    0.00    0.00    0.00    0.00  100.00
18:36:36      29    0.00    0.00    0.00    0.00    0.00    0.00    0.00    0.00    0.00  100.00

18:36:36     CPU    %usr   %nice    %sys %iowait    %irq   %soft  %steal  %guest  %gnice   %idle
18:36:37      12   76.29    0.00    1.03    0.00    0.00    0.00    0.00    0.00    0.00   22.68
18:36:37      13   27.66    0.00    0.00    0.00    0.00    0.00    0.00    0.00    0.00   72.34
18:36:37      28    0.00    0.00    0.00    0.00    0.00    0.00    0.00    0.00    0.00  100.00
18:36:37      29    0.00    0.00    0.00    0.00    0.00    0.00    0.00    0.00    0.00  100.00

18:36:37     CPU    %usr   %nice    %sys %iowait    %irq   %soft  %steal  %guest  %gnice   %idle
18:36:38      12   58.76    0.00    1.03    0.00    0.00    0.00    0.00    0.00    0.00   40.21
18:36:38      13   45.36    0.00    1.03    0.00    0.00    0.00    0.00    0.00    0.00   53.61
18:36:38      28    0.00    0.00    0.00    0.00    0.00    0.00    0.00    0.00    0.00  100.00
18:36:38      29    0.00    0.00    0.00    0.00    0.00    0.00    0.00    0.00    0.00  100.00

18:36:38     CPU    %usr   %nice    %sys %iowait    %irq   %soft  %steal  %guest  %gnice   %idle
18:36:39      12   51.58    0.00    0.00    0.00    0.00    0.00    0.00    0.00    0.00   48.42
18:36:39      13   54.17    0.00    0.00    0.00    0.00    0.00    0.00    0.00    0.00   45.83
18:36:39      28    0.00    0.00    0.00    0.00    0.00    0.00    0.00    0.00    0.00  100.00
18:36:39      29    0.00    0.00    0.00    0.00    0.00    0.00    0.00    0.00    0.00  100.00

18:36:39     CPU    %usr   %nice    %sys %iowait    %irq   %soft  %steal  %guest  %gnice   %idle
18:36:40      12   75.00    0.00    2.00    0.00    0.00    0.00    0.00    0.00    0.00   23.00
18:36:40      13   26.92    0.00    7.69    0.00    0.00    0.00    0.00    0.00    0.00   65.38
18:36:40      28    0.00    0.00    0.00    0.00    0.00    0.00    0.00    0.00    0.00  100.00
18:36:40      29    0.00    0.00    0.00    0.00    0.00    0.00    0.00    0.00    0.00  100.00

18:36:40     CPU    %usr   %nice    %sys %iowait    %irq   %soft  %steal  %guest  %gnice   %idle
18:36:41      12   89.00    0.00    1.00    0.00    0.00    0.00    0.00    0.00    0.00   10.00
18:36:41      13   13.46    0.00    7.69    0.00    0.00    0.00    0.00    0.00    0.00   78.85
18:36:41      28    0.00    0.00    0.00    0.00    0.00    0.00    0.00    0.00    0.00  100.00
18:36:41      29    0.00    0.00    0.00    0.00    0.00    0.00    0.00    0.00    0.00  100.00

18:36:41     CPU    %usr   %nice    %sys %iowait    %irq   %soft  %steal  %guest  %gnice   %idle
18:36:42      12   90.00    0.00    0.00    0.00    0.00    0.00    0.00    0.00    0.00   10.00
18:36:42      13   11.76    0.00    6.86    0.00    0.00    0.00    0.00    0.00    0.00   81.37
18:36:42      28    0.00    0.00    0.00    0.00    0.00    0.00    0.00    0.00    0.00  100.00
18:36:42      29    0.00    0.00    0.00    0.00    0.00    0.00    0.00    0.00    0.00  100.00

18:36:42     CPU    %usr   %nice    %sys %iowait    %irq   %soft  %steal  %guest  %gnice   %idle
18:36:43      12   86.00    0.00    1.00    0.00    0.00    0.00    0.00    0.00    0.00   13.00
18:36:43      13   15.69    0.00    6.86    0.00    0.00    0.00    0.00    0.00    0.00   77.45
18:36:43      28    0.00    0.00    0.00    0.00    0.00    0.00    0.00    0.00    0.00  100.00
18:36:43      29    0.00    0.00    0.00    0.00    0.00    0.00    0.00    0.00    0.00  100.00

18:36:43     CPU    %usr   %nice    %sys %iowait    %irq   %soft  %steal  %guest  %gnice   %idle
18:36:44      12   72.73    0.00    1.01    0.00    0.00    0.00    0.00    0.00    0.00   26.26
18:36:44      13   29.70    0.00    5.94    0.00    0.00    0.00    0.00    0.00    0.00   64.36
18:36:44      28    0.00    0.00    0.00    0.00    0.00    0.00    0.00    0.00    0.00  100.00
18:36:44      29    0.00    0.00    0.00    0.00    0.00    0.00    0.00    0.00    0.00  100.00

18:36:44     CPU    %usr   %nice    %sys %iowait    %irq   %soft  %steal  %guest  %gnice   %idle
18:36:45      12   51.52    0.00    3.03    0.00    0.00    0.00    0.00    0.00    0.00   45.45
18:36:45      13   51.52    0.00    4.04    0.00    0.00    0.00    0.00    0.00    0.00   44.44
18:36:45      28    0.00    0.00    0.00    0.00    0.00    0.00    0.00    0.00    0.00  100.00
18:36:45      29    0.00    0.00    0.00    0.00    0.00    0.00    0.00    0.00    0.00  100.00

18:36:45     CPU    %usr   %nice    %sys %iowait    %irq   %soft  %steal  %guest  %gnice   %idle
18:36:46      12   49.49    0.00    4.04    0.00    0.00    0.00    0.00    0.00    0.00   46.46
18:36:46      13   51.52    0.00    5.05    0.00    0.00    0.00    0.00    0.00    0.00   43.43
18:36:46      28    0.00    0.00    0.00    0.00    0.00    0.00    0.00    0.00    0.00  100.00
18:36:46      29    0.00    0.00    0.00    0.00    0.00    0.00    0.00    0.00    0.00  100.00

18:36:46     CPU    %usr   %nice    %sys %iowait    %irq   %soft  %steal  %guest  %gnice   %idle
18:36:47      12   51.00    0.00    7.00    0.00    0.00    0.00    0.00    0.00    0.00   42.00
18:36:47      13   47.00    0.00    7.00    0.00    0.00    0.00    0.00    0.00    0.00   46.00
18:36:47      28    0.00    0.00    0.00    0.00    0.00    0.00    0.00    0.00    0.00  100.00
18:36:47      29    0.00    0.00    0.00    0.00    0.00    0.00    0.00    0.00    0.00  100.00

18:36:47     CPU    %usr   %nice    %sys %iowait    %irq   %soft  %steal  %guest  %gnice   %idle
18:36:48      12   51.52    0.00    2.02    0.00    0.00    0.00    0.00    0.00    0.00   46.46
18:36:48      13   49.49    0.00    2.02    0.00    0.00    0.00    0.00    0.00    0.00   48.48
18:36:48      28    0.00    0.00    0.00    0.00    0.00    0.00    0.00    0.00    0.00  100.00
18:36:48      29    0.00    0.00    0.00    0.00    0.00    0.00    0.00    0.00    0.00  100.00

18:36:48     CPU    %usr   %nice    %sys %iowait    %irq   %soft  %steal  %guest  %gnice   %idle
18:36:49      12   61.22    0.00    0.00    0.00    0.00    0.00    0.00    0.00    0.00   38.78
18:36:49      13   40.40    0.00    0.00    0.00    0.00    0.00    0.00    0.00    0.00   59.60
18:36:49      28    0.00    0.00    0.00    0.00    0.00    0.00    0.00    0.00    0.00  100.00
18:36:49      29    0.00    0.00    0.00    0.00    0.00    0.00    0.00    0.00    0.00  100.00

18:36:49     CPU    %usr   %nice    %sys %iowait    %irq   %soft  %steal  %guest  %gnice   %idle
18:36:50      12   81.82    0.00    0.00    0.00    0.00    0.00    0.00    0.00    0.00   18.18
18:36:50      13   18.37    0.00    1.02    0.00    0.00    0.00    0.00    0.00    0.00   80.61
18:36:50      28    0.00    0.00    0.00    0.00    0.00    0.00    0.00    0.00    0.00  100.00
18:36:50      29    0.00    0.00    0.00    0.00    0.00    0.00    0.00    0.00    0.00  100.00

18:36:50     CPU    %usr   %nice    %sys %iowait    %irq   %soft  %steal  %guest  %gnice   %idle
18:36:51      12   81.82    0.00    0.00    0.00    0.00    0.00    0.00    0.00    0.00   18.18
18:36:51      13   18.95    0.00    0.00    0.00    0.00    0.00    0.00    0.00    0.00   81.05
18:36:51      28    0.00    0.00    0.00    0.00    0.00    0.00    0.00    0.00    0.00  100.00
18:36:51      29    0.00    0.00    0.00    0.00    0.00    0.00    0.00    0.00    0.00  100.00

18:36:51     CPU    %usr   %nice    %sys %iowait    %irq   %soft  %steal  %guest  %gnice   %idle
18:36:52      12   95.96    0.00    0.00    0.00    0.00    0.00    0.00    0.00    0.00    4.04
18:36:52      13    4.04    0.00    0.00    0.00    0.00    0.00    0.00    0.00    0.00   95.96
18:36:52      28    0.00    0.00    0.00    0.00    0.00    0.00    0.00    0.00    0.00  100.00
18:36:52      29    0.00    0.00    0.00    0.00    0.00    0.00    0.00    0.00    0.00  100.00

18:36:52     CPU    %usr   %nice    %sys %iowait    %irq   %soft  %steal  %guest  %gnice   %idle
18:36:53      12  100.00    0.00    0.00    0.00    0.00    0.00    0.00    0.00    0.00    0.00
18:36:53      13    0.00    0.00    0.00    0.00    0.00    0.00    0.00    0.00    0.00  100.00
18:36:53      28    0.00    0.00    0.00    0.00    0.00    0.00    0.00    0.00    0.00  100.00
18:36:53      29    0.00    0.00    0.00    0.00    0.00    0.00    0.00    0.00    0.00  100.00

18:36:53     CPU    %usr   %nice    %sys %iowait    %irq   %soft  %steal  %guest  %gnice   %idle
18:36:54      12   96.04    0.00    0.00    0.00    0.00    0.00    0.00    0.00    0.00    3.96
18:36:54      13    4.00    0.00    0.00    0.00    0.00    0.00    0.00    0.00    0.00   96.00
18:36:54      28    0.00    0.00    0.00    0.00    0.00    0.00    0.00    0.00    0.00  100.00
18:36:54      29    0.00    0.00    0.00    0.00    0.00    0.00    0.00    0.00    0.00  100.00

18:36:54     CPU    %usr   %nice    %sys %iowait    %irq   %soft  %steal  %guest  %gnice   %idle
18:36:55      12   96.97    0.00    0.00    0.00    0.00    0.00    0.00    0.00    0.00    3.03
18:36:55      13    3.06    0.00    0.00    0.00    0.00    0.00    0.00    0.00    0.00   96.94
18:36:55      28    0.00    0.00    0.00    0.00    0.00    0.00    0.00    0.00    0.00  100.00
18:36:55      29    0.00    0.00    0.00    0.00    0.00    0.00    0.00    0.00    0.00  100.00

18:36:55     CPU    %usr   %nice    %sys %iowait    %irq   %soft  %steal  %guest  %gnice   %idle
18:36:56      12  100.00    0.00    0.00    0.00    0.00    0.00    0.00    0.00    0.00    0.00
18:36:56      13    1.00    0.00    1.00    0.00    0.00    0.00    0.00    0.00    0.00   98.00
18:36:56      28    0.00    0.00    0.00    0.00    0.00    0.00    0.00    0.00    0.00  100.00
18:36:56      29    0.00    0.00    0.00    0.00    0.00    0.00    0.00    0.00    0.00  100.00

18:36:56     CPU    %usr   %nice    %sys %iowait    %irq   %soft  %steal  %guest  %gnice   %idle
18:36:57      12   95.00    0.00    0.00    0.00    0.00    0.00    0.00    0.00    0.00    5.00
18:36:57      13    5.05    0.00    0.00    0.00    0.00    0.00    0.00    0.00    0.00   94.95
18:36:57      28    0.00    0.00    0.00    0.00    0.00    0.00    0.00    0.00    0.00  100.00
18:36:57      29    0.00    0.00    0.00    0.00    0.00    0.00    0.00    0.00    0.00  100.00

18:36:57     CPU    %usr   %nice    %sys %iowait    %irq   %soft  %steal  %guest  %gnice   %idle
18:36:58      12   93.00    0.00    0.00    0.00    0.00    0.00    0.00    0.00    0.00    7.00
18:36:58      13    7.14    0.00    0.00    0.00    0.00    0.00    0.00    0.00    0.00   92.86
18:36:58      28    0.00    0.00    0.00    0.00    0.00    0.00    0.00    0.00    0.00  100.00
18:36:58      29    0.00    0.00    0.00    0.00    0.00    0.00    0.00    0.00    0.00  100.00

18:36:58     CPU    %usr   %nice    %sys %iowait    %irq   %soft  %steal  %guest  %gnice   %idle
18:36:59      12   98.00    0.00    0.00    0.00    0.00    0.00    0.00    0.00    0.00    2.00
18:36:59      13    2.02    0.00    0.00    0.00    0.00    0.00    0.00    0.00    0.00   97.98
18:36:59      28    0.00    0.00    0.00    0.00    0.00    0.00    0.00    0.00    0.00  100.00
18:36:59      29    0.00    0.00    0.00    0.00    0.00    0.00    0.00    0.00    0.00  100.00

18:36:59     CPU    %usr   %nice    %sys %iowait    %irq   %soft  %steal  %guest  %gnice   %idle
18:37:00      12   97.00    0.00    0.00    0.00    0.00    0.00    0.00    0.00    0.00    3.00
18:37:00      13    3.06    0.00    0.00    0.00    0.00    0.00    0.00    0.00    0.00   96.94
18:37:00      28    0.00    0.00    0.00    0.00    0.00    0.00    0.00    0.00    0.00  100.00
18:37:00      29    0.00    0.00    0.00    0.00    0.00    0.00    0.00    0.00    0.00  100.00

18:37:00     CPU    %usr   %nice    %sys %iowait    %irq   %soft  %steal  %guest  %gnice   %idle
18:37:01      12   98.99    0.00    0.00    0.00    0.00    0.00    0.00    0.00    0.00    1.01
18:37:01      13    2.04    0.00    0.00    0.00    0.00    0.00    0.00    0.00    0.00   97.96
18:37:01      28    0.00    0.00    0.00    0.00    0.00    0.00    0.00    0.00    0.00  100.00
18:37:01      29    0.00    0.00    0.00    0.00    0.00    0.00    0.00    0.00    0.00  100.00

18:37:01     CPU    %usr   %nice    %sys %iowait    %irq   %soft  %steal  %guest  %gnice   %idle
18:37:02      12   98.02    0.00    0.00    0.00    0.00    0.00    0.00    0.00    0.00    1.98
18:37:02      13    1.02    0.00    0.00    0.00    0.00    0.00    0.00    0.00    0.00   98.98
18:37:02      28    0.00    0.00    0.00    0.00    0.00    0.00    0.00    0.00    0.00  100.00
18:37:02      29    0.00    0.00    0.00    0.00    0.00    0.00    0.00    0.00    0.00  100.00

18:37:02     CPU    %usr   %nice    %sys %iowait    %irq   %soft  %steal  %guest  %gnice   %idle
18:37:03      12   99.00    0.00    0.00    0.00    0.00    0.00    0.00    0.00    0.00    1.00
18:37:03      13    2.02    0.00    0.00    0.00    0.00    0.00    0.00    0.00    0.00   97.98
18:37:03      28    0.00    0.00    0.00    0.00    0.00    0.00    0.00    0.00    0.00  100.00
18:37:03      29    0.00    0.00    0.00    0.00    0.00    0.00    0.00    0.00    0.00  100.00

18:37:03     CPU    %usr   %nice    %sys %iowait    %irq   %soft  %steal  %guest  %gnice   %idle
18:37:04      12   95.00    0.00    4.00    0.00    0.00    0.00    0.00    0.00    0.00    1.00
18:37:04      13    1.03    0.00    0.00    0.00    0.00    0.00    0.00    0.00    0.00   98.97
18:37:04      28    0.00    0.00    0.00    0.00    0.00    0.00    0.00    0.00    0.00  100.00
18:37:04      29    0.00    0.00    0.00    0.00    0.00    0.00    0.00    0.00    0.00  100.00

18:37:04     CPU    %usr   %nice    %sys %iowait    %irq   %soft  %steal  %guest  %gnice   %idle
18:37:05      12   94.95    0.00    4.04    0.00    0.00    0.00    0.00    0.00    0.00    1.01
18:37:05      13    1.02    0.00    1.02    0.00    0.00    0.00    0.00    0.00    0.00   97.96
18:37:05      28    0.00    0.00    0.00    0.00    0.00    0.00    0.00    0.00    0.00  100.00
18:37:05      29    0.00    0.00    0.00    0.00    0.00    0.00    0.00    0.00    0.00  100.00

18:37:05     CPU    %usr   %nice    %sys %iowait    %irq   %soft  %steal  %guest  %gnice   %idle
18:37:06      12   95.05    0.00    1.98    0.00    0.00    0.00    0.00    0.00    0.00    2.97
18:37:06      13    3.06    0.00    0.00    0.00    0.00    0.00    0.00    0.00    0.00   96.94
18:37:06      28    0.00    0.00    0.00    0.00    0.00    0.00    0.00    0.00    0.00  100.00
18:37:06      29    0.00    0.00    0.00    0.00    0.00    0.00    0.00    0.00    0.00  100.00

18:37:06     CPU    %usr   %nice    %sys %iowait    %irq   %soft  %steal  %guest  %gnice   %idle
18:37:07      12   97.98    0.00    0.00    0.00    0.00    0.00    0.00    0.00    0.00    2.02
18:37:07      13    3.06    0.00    0.00    0.00    0.00    0.00    0.00    0.00    0.00   96.94
18:37:07      28    0.00    0.00    0.00    0.00    0.00    0.00    0.00    0.00    0.00  100.00
18:37:07      29    0.00    0.00    0.00    0.00    0.00    0.00    0.00    0.00    0.00  100.00

18:37:07     CPU    %usr   %nice    %sys %iowait    %irq   %soft  %steal  %guest  %gnice   %idle
18:37:08      12   87.88    0.00    1.01    0.00    0.00    0.00    0.00    0.00    0.00   11.11
18:37:08      13   13.40    0.00    1.03    0.00    0.00    0.00    0.00    0.00    0.00   85.57
18:37:08      28    0.00    0.00    0.00    0.00    0.00    0.00    0.00    0.00    0.00  100.00
18:37:08      29    0.00    0.00    0.00    0.00    0.00    0.00    0.00    0.00    0.00  100.00

18:37:08     CPU    %usr   %nice    %sys %iowait    %irq   %soft  %steal  %guest  %gnice   %idle
18:37:09      12   55.79    0.00    2.11    0.00    0.00    0.00    0.00    0.00    0.00   42.11
18:37:09      13   46.32    0.00    1.05    0.00    0.00    0.00    0.00    0.00    0.00   52.63
18:37:09      28    0.00    0.00    0.00    0.00    0.00    0.00    0.00    0.00    0.00  100.00
18:37:09      29    0.00    0.00    0.00    0.00    0.00    0.00    0.00    0.00    0.00  100.00

18:37:09     CPU    %usr   %nice    %sys %iowait    %irq   %soft  %steal  %guest  %gnice   %idle
18:37:10      12   53.61    0.00    1.03    0.00    0.00    0.00    0.00    0.00    0.00   45.36
18:37:10      13   50.52    0.00    1.03    0.00    0.00    0.00    0.00    0.00    0.00   48.45
18:37:10      28    0.00    0.00    0.00    0.00    0.00    0.00    0.00    0.00    0.00  100.00
18:37:10      29    0.00    0.00    0.00    0.00    0.00    0.00    0.00    0.00    0.00  100.00

18:37:10     CPU    %usr   %nice    %sys %iowait    %irq   %soft  %steal  %guest  %gnice   %idle
18:37:11      12   52.58    0.00    1.03    0.00    0.00    0.00    0.00    0.00    0.00   46.39
18:37:11      13   51.04    0.00    1.04    0.00    0.00    0.00    0.00    0.00    0.00   47.92
18:37:11      28    0.00    0.00    0.00    0.00    0.00    0.00    0.00    0.00    0.00  100.00
18:37:11      29    0.00    0.00    0.00    0.00    0.00    0.00    0.00    0.00    0.00  100.00

18:37:11     CPU    %usr   %nice    %sys %iowait    %irq   %soft  %steal  %guest  %gnice   %idle
18:37:12      12   79.38    0.00    1.03    0.00    0.00    0.00    0.00    0.00    0.00   19.59
18:37:12      13   22.22    0.00    5.05    0.00    0.00    0.00    0.00    0.00    0.00   72.73
18:37:12      28    0.00    0.00    0.00    0.00    0.00    0.00    0.00    0.00    0.00  100.00
18:37:12      29    0.00    0.00    0.00    0.00    0.00    0.00    0.00    0.00    0.00  100.00

18:37:12     CPU    %usr   %nice    %sys %iowait    %irq   %soft  %steal  %guest  %gnice   %idle
18:37:13      12   90.20    0.00    0.98    0.00    0.00    0.00    0.00    0.00    0.00    8.82
18:37:13      13   10.78    0.00    6.86    0.00    0.00    0.00    0.00    0.00    0.00   82.35
18:37:13      28    0.00    0.00    0.00    0.00    0.00    0.00    0.00    0.00    0.00  100.00
18:37:13      29    0.00    0.00    0.00    0.00    0.00    0.00    0.00    0.00    0.00  100.00

18:37:13     CPU    %usr   %nice    %sys %iowait    %irq   %soft  %steal  %guest  %gnice   %idle
18:37:14      12   89.80    0.00    0.00    0.00    0.00    0.00    0.00    0.00    0.00   10.20
18:37:14      13   12.87    0.00    5.94    0.00    0.00    0.00    0.00    0.00    0.00   81.19
18:37:14      28    0.00    0.00    0.00    0.00    0.00    0.00    0.00    0.00    0.00  100.00
18:37:14      29    0.00    0.00    0.00    0.00    0.00    0.00    0.00    0.00    0.00  100.00

18:37:14     CPU    %usr   %nice    %sys %iowait    %irq   %soft  %steal  %guest  %gnice   %idle
18:37:15      12   68.63    0.00    3.92    0.00    0.00    0.00    0.00    0.00    0.00   27.45
18:37:15      13   32.35    0.00    5.88    0.00    0.00    0.00    0.00    0.00    0.00   61.76
18:37:15      28    0.00    0.00    0.00    0.00    0.00    0.00    0.00    0.00    0.00  100.00
18:37:15      29    0.00    0.00    0.00    0.00    0.00    0.00    0.00    0.00    0.00  100.00

18:37:15     CPU    %usr   %nice    %sys %iowait    %irq   %soft  %steal  %guest  %gnice   %idle
18:37:16      12   51.49    0.00    3.96    0.00    0.00    0.00    0.00    0.00    0.00   44.55
18:37:16      13   50.00    0.00    4.00    0.00    0.00    0.00    0.00    0.00    0.00   46.00
18:37:16      28    0.00    0.00    0.00    0.00    0.00    0.00    0.00    0.00    0.00  100.00
18:37:16      29    0.00    0.00    0.00    0.00    0.00    0.00    0.00    0.00    0.00  100.00

18:37:16     CPU    %usr   %nice    %sys %iowait    %irq   %soft  %steal  %guest  %gnice   %idle
18:37:17      12   52.53    0.00    4.04    0.00    0.00    0.00    0.00    0.00    0.00   43.43
18:37:17      13   50.50    0.00    4.95    0.00    0.00    0.00    0.00    0.00    0.00   44.55
18:37:17      28    0.00    0.00    0.00    0.00    0.00    0.00    0.00    0.00    0.00  100.00
18:37:17      29    0.00    0.00    0.00    0.00    0.00    0.00    0.00    0.00    0.00  100.00

18:37:17     CPU    %usr   %nice    %sys %iowait    %irq   %soft  %steal  %guest  %gnice   %idle
18:37:18      12   57.14    0.00    3.06    0.00    0.00    0.00    0.00    0.00    0.00   39.80
18:37:18      13   46.94    0.00    3.06    0.00    0.00    0.00    0.00    0.00    0.00   50.00
18:37:18      28    0.00    0.00    0.00    0.00    0.00    0.00    0.00    0.00    0.00  100.00
18:37:18      29    0.00    0.00    0.00    0.00    0.00    0.00    0.00    0.00    0.00  100.00

18:37:18     CPU    %usr   %nice    %sys %iowait    %irq   %soft  %steal  %guest  %gnice   %idle
18:37:19      12   63.00    0.00    3.00    0.00    0.00    0.00    0.00    0.00    0.00   34.00
18:37:19      13   39.00    0.00    5.00    0.00    0.00    0.00    0.00    0.00    0.00   56.00
18:37:19      28    0.00    0.00    0.00    0.00    0.00    0.00    0.00    0.00    0.00  100.00
18:37:19      29    0.00    0.00    0.00    0.00    0.00    0.00    0.00    0.00    0.00  100.00

18:37:19     CPU    %usr   %nice    %sys %iowait    %irq   %soft  %steal  %guest  %gnice   %idle
18:37:20      12   97.03    0.00    0.99    0.00    0.00    0.00    0.00    0.00    0.00    1.98
18:37:20      13    3.09    0.00    2.06    0.00    0.00    0.00    0.00    0.00    0.00   94.85
18:37:20      28    0.00    0.00    0.00    0.00    0.00    0.00    0.00    0.00    0.00  100.00
18:37:20      29    0.00    0.00    0.00    0.00    0.00    0.00    0.00    0.00    0.00  100.00

18:37:20     CPU    %usr   %nice    %sys %iowait    %irq   %soft  %steal  %guest  %gnice   %idle
18:37:21      12  100.00    0.00    0.00    0.00    0.00    0.00    0.00    0.00    0.00    0.00
18:37:21      13    0.00    0.00    0.00    0.00    0.00    0.00    0.00    0.00    0.00  100.00
18:37:21      28    0.00    0.00    0.00    0.00    0.00    0.00    0.00    0.00    0.00  100.00
18:37:21      29    0.00    0.00    0.00    0.00    0.00    0.00    0.00    0.00    0.00  100.00

18:37:21     CPU    %usr   %nice    %sys %iowait    %irq   %soft  %steal  %guest  %gnice   %idle
18:37:22      12  100.00    0.00    0.00    0.00    0.00    0.00    0.00    0.00    0.00    0.00
18:37:22      13    1.02    0.00    0.00    0.00    0.00    0.00    0.00    0.00    0.00   98.98
18:37:22      28    0.00    0.00    0.00    0.00    0.00    0.00    0.00    0.00    0.00  100.00
18:37:22      29    0.00    0.00    0.00    0.00    0.00    0.00    0.00    0.00    0.00  100.00

18:37:22     CPU    %usr   %nice    %sys %iowait    %irq   %soft  %steal  %guest  %gnice   %idle
18:37:23      12  100.00    0.00    0.00    0.00    0.00    0.00    0.00    0.00    0.00    0.00
18:37:23      13    0.00    0.00    0.00    0.00    0.00    0.00    0.00    0.00    0.00  100.00
18:37:23      28    0.00    0.00    0.00    0.00    0.00    0.00    0.00    0.00    0.00  100.00
18:37:23      29    0.00    0.00    0.00    0.00    0.00    0.00    0.00    0.00    0.00  100.00

18:37:23     CPU    %usr   %nice    %sys %iowait    %irq   %soft  %steal  %guest  %gnice   %idle
18:37:24      12   98.00    0.00    0.00    0.00    0.00    0.00    0.00    0.00    0.00    2.00
18:37:24      13    1.03    0.00    0.00    0.00    0.00    0.00    0.00    0.00    0.00   98.97
18:37:24      28    0.00    0.00    0.00    0.00    0.00    0.00    0.00    0.00    0.00  100.00
18:37:24      29    0.00    0.00    0.00    0.00    0.00    0.00    0.00    0.00    0.00  100.00

18:37:24     CPU    %usr   %nice    %sys %iowait    %irq   %soft  %steal  %guest  %gnice   %idle
18:37:25      12  100.00    0.00    0.00    0.00    0.00    0.00    0.00    0.00    0.00    0.00
18:37:25      13    0.00    0.00    0.00    0.00    0.00    0.00    0.00    0.00    0.00  100.00
18:37:25      28    0.00    0.00    0.00    0.00    0.00    0.00    0.00    0.00    0.00  100.00
18:37:25      29    0.00    0.00    0.00    0.00    0.00    0.00    0.00    0.00    0.00  100.00

18:37:25     CPU    %usr   %nice    %sys %iowait    %irq   %soft  %steal  %guest  %gnice   %idle
18:37:26      12  100.00    0.00    0.00    0.00    0.00    0.00    0.00    0.00    0.00    0.00
18:37:26      13    1.00    0.00    1.00    0.00    0.00    0.00    0.00    0.00    0.00   98.00
18:37:26      28    0.00    0.00    0.00    0.00    0.00    0.00    0.00    0.00    0.00  100.00
18:37:26      29    0.00    0.00    0.00    0.00    0.00    0.00    0.00    0.00    0.00  100.00

18:37:26     CPU    %usr   %nice    %sys %iowait    %irq   %soft  %steal  %guest  %gnice   %idle
18:37:27      12  100.00    0.00    0.00    0.00    0.00    0.00    0.00    0.00    0.00    0.00
18:37:27      13    0.00    0.00    0.00    0.00    0.00    0.00    0.00    0.00    0.00  100.00
18:37:27      28    0.00    0.00    0.00    0.00    0.00    0.00    0.00    0.00    0.00  100.00
18:37:27      29    0.00    0.00    0.00    0.00    0.00    0.00    0.00    0.00    0.00  100.00

18:37:27     CPU    %usr   %nice    %sys %iowait    %irq   %soft  %steal  %guest  %gnice   %idle
18:37:28      12   99.00    0.00    0.00    0.00    0.00    0.00    0.00    0.00    0.00    1.00
18:37:28      13    1.01    0.00    0.00    0.00    0.00    0.00    0.00    0.00    0.00   98.99
18:37:28      28    0.00    0.00    0.00    0.00    0.00    0.00    0.00    0.00    0.00  100.00
18:37:28      29    0.00    0.00    0.00    0.00    0.00    0.00    0.00    0.00    0.00  100.00

18:37:28     CPU    %usr   %nice    %sys %iowait    %irq   %soft  %steal  %guest  %gnice   %idle
18:37:29      12  100.00    0.00    0.00    0.00    0.00    0.00    0.00    0.00    0.00    0.00
18:37:29      13    2.97    0.00    0.00    0.00    0.00    0.00    0.00    0.00    0.00   97.03
18:37:29      28    0.00    0.00    0.00    0.00    0.00    0.00    0.00    0.00    0.00  100.00
18:37:29      29    0.00    0.00    0.00    0.00    0.00    0.00    0.00    0.00    0.00  100.00

18:37:29     CPU    %usr   %nice    %sys %iowait    %irq   %soft  %steal  %guest  %gnice   %idle
18:37:30      12  100.00    0.00    0.00    0.00    0.00    0.00    0.00    0.00    0.00    0.00
18:37:30      13    1.01    0.00    0.00    0.00    0.00    0.00    0.00    0.00    0.00   98.99
18:37:30      28    0.00    0.00    0.00    0.00    0.00    0.00    0.00    0.00    0.00  100.00
18:37:30      29    0.00    0.00    0.00    0.00    0.00    0.00    0.00    0.00    0.00  100.00

18:37:30     CPU    %usr   %nice    %sys %iowait    %irq   %soft  %steal  %guest  %gnice   %idle
18:37:31      12  100.00    0.00    0.00    0.00    0.00    0.00    0.00    0.00    0.00    0.00
18:37:31      13    0.00    0.00    0.00    0.00    0.00    0.00    0.00    0.00    0.00  100.00
18:37:31      28    0.00    0.00    0.00    0.00    0.00    0.00    0.00    0.00    0.00  100.00
18:37:31      29    0.00    0.00    0.00    0.00    0.00    0.00    0.00    0.00    0.00  100.00

18:37:31     CPU    %usr   %nice    %sys %iowait    %irq   %soft  %steal  %guest  %gnice   %idle
18:37:32      12   93.94    0.00    0.00    0.00    0.00    0.00    0.00    0.00    0.00    6.06
18:37:32      13    7.22    0.00    0.00    0.00    0.00    0.00    0.00    0.00    0.00   92.78
18:37:32      28    0.00    0.00    0.00    0.00    0.00    0.00    0.00    0.00    0.00  100.00
18:37:32      29    0.00    0.00    0.00    0.00    0.00    0.00    0.00    0.00    0.00  100.00

18:37:32     CPU    %usr   %nice    %sys %iowait    %irq   %soft  %steal  %guest  %gnice   %idle
18:37:33      12   90.00    0.00    0.00    0.00    0.00    0.00    0.00    0.00    0.00   10.00
18:37:33      13   10.64    0.00    0.00    0.00    0.00    0.00    0.00    0.00    0.00   89.36
18:37:33      28    0.00    0.00    0.00    0.00    0.00    0.00    0.00    0.00    0.00  100.00
18:37:33      29    0.00    0.00    0.00    0.00    0.00    0.00    0.00    0.00    0.00  100.00

18:37:33     CPU    %usr   %nice    %sys %iowait    %irq   %soft  %steal  %guest  %gnice   %idle
18:37:34      12   85.00    0.00    2.00    0.00    0.00    0.00    0.00    0.00    0.00   13.00
18:37:34      13   13.68    0.00    1.05    0.00    0.00    0.00    0.00    0.00    0.00   85.26
18:37:34      28    0.00    0.00    0.00    0.00    0.00    0.00    0.00    0.00    0.00  100.00
18:37:34      29    0.00    0.00    0.00    0.00    0.00    0.00    0.00    0.00    0.00  100.00

18:37:34     CPU    %usr   %nice    %sys %iowait    %irq   %soft  %steal  %guest  %gnice   %idle
18:37:35      12   85.86    0.00    2.02    0.00    0.00    0.00    0.00    0.00    0.00   12.12
18:37:35      13   13.68    0.00    0.00    0.00    0.00    0.00    0.00    0.00    0.00   86.32
18:37:35      28    0.00    0.00    0.00    0.00    0.00    0.00    0.00    0.00    0.00  100.00
18:37:35      29    0.00    0.00    0.00    0.00    0.00    0.00    0.00    0.00    0.00  100.00

18:37:35     CPU    %usr   %nice    %sys %iowait    %irq   %soft  %steal  %guest  %gnice   %idle
18:37:36      12   63.27    0.00    1.02    0.00    0.00    0.00    0.00    0.00    0.00   35.71
18:37:36      13   38.14    0.00    0.00    0.00    0.00    0.00    0.00    0.00    0.00   61.86
18:37:36      28    0.00    0.00    0.00    0.00    0.00    0.00    0.00    0.00    0.00  100.00
18:37:36      29    0.00    0.00    0.00    0.00    0.00    0.00    0.00    0.00    0.00  100.00

18:37:36     CPU    %usr   %nice    %sys %iowait    %irq   %soft  %steal  %guest  %gnice   %idle
18:37:37      12   59.18    0.00    0.00    0.00    0.00    0.00    0.00    0.00    0.00   40.82
18:37:37      13   41.41    0.00    0.00    0.00    0.00    0.00    0.00    0.00    0.00   58.59
18:37:37      28    0.00    0.00    0.00    0.00    0.00    0.00    0.00    0.00    0.00  100.00
18:37:37      29    0.00    0.00    0.00    0.00    0.00    0.00    0.00    0.00    0.00  100.00

18:37:37     CPU    %usr   %nice    %sys %iowait    %irq   %soft  %steal  %guest  %gnice   %idle
18:37:38      12   70.41    0.00    0.00    0.00    0.00    0.00    0.00    0.00    0.00   29.59
18:37:38      13   31.00    0.00    1.00    0.00    0.00    0.00    0.00    0.00    0.00   68.00
18:37:38      28    0.00    0.00    0.00    0.00    0.00    0.00    0.00    0.00    0.00  100.00
18:37:38      29    0.00    0.00    0.00    0.00    0.00    0.00    0.00    0.00    0.00  100.00

18:37:38     CPU    %usr   %nice    %sys %iowait    %irq   %soft  %steal  %guest  %gnice   %idle
18:37:39      12   65.66    0.00    0.00    0.00    0.00    0.00    0.00    0.00    0.00   34.34
18:37:39      13   36.63    0.00    0.00    0.00    0.00    0.00    0.00    0.00    0.00   63.37
18:37:39      28    0.00    0.00    0.00    0.00    0.00    0.00    0.00    0.00    0.00  100.00
18:37:39      29    0.00    0.00    0.00    0.00    0.00    0.00    0.00    0.00    0.00  100.00

18:37:39     CPU    %usr   %nice    %sys %iowait    %irq   %soft  %steal  %guest  %gnice   %idle
18:37:40      12   63.27    0.00    1.02    0.00    0.00    0.00    0.00    0.00    0.00   35.71
18:37:40      13   40.21    0.00    0.00    0.00    0.00    0.00    0.00    0.00    0.00   59.79
18:37:40      28    0.00    0.00    0.00    0.00    0.00    0.00    0.00    0.00    0.00  100.00
18:37:40      29    0.00    0.00    0.00    0.00    0.00    0.00    0.00    0.00    0.00  100.00

18:37:40     CPU    %usr   %nice    %sys %iowait    %irq   %soft  %steal  %guest  %gnice   %idle
18:37:41      12   51.04    0.00    0.00    0.00    0.00    0.00    0.00    0.00    0.00   48.96
18:37:41      13   55.21    0.00    0.00    0.00    0.00    0.00    0.00    0.00    0.00   44.79
18:37:41      28    0.00    0.00    0.00    0.00    0.00    0.00    0.00    0.00    0.00  100.00
18:37:41      29    0.00    0.00    0.00    0.00    0.00    0.00    0.00    0.00    0.00  100.00

18:37:41     CPU    %usr   %nice    %sys %iowait    %irq   %soft  %steal  %guest  %gnice   %idle
18:37:42      12   53.12    0.00    0.00    0.00    0.00    0.00    0.00    0.00    0.00   46.88
18:37:42      13   51.55    0.00    1.03    0.00    0.00    0.00    0.00    0.00    0.00   47.42
18:37:42      28    0.00    0.00    0.00    0.00    0.00    0.00    0.00    0.00    0.00  100.00
18:37:42      29    0.00    0.00    0.00    0.00    0.00    0.00    0.00    0.00    0.00  100.00

18:37:42     CPU    %usr   %nice    %sys %iowait    %irq   %soft  %steal  %guest  %gnice   %idle
18:37:43      12   51.04    0.00    2.08    0.00    0.00    0.00    0.00    0.00    0.00   46.88
18:37:43      13   52.58    0.00    1.03    0.00    0.00    0.00    0.00    0.00    0.00   46.39
18:37:43      28    0.00    0.00    0.00    0.00    0.00    0.00    0.00    0.00    0.00  100.00
18:37:43      29    0.00    0.00    0.00    0.00    0.00    0.00    0.00    0.00    0.00  100.00

18:37:43     CPU    %usr   %nice    %sys %iowait    %irq   %soft  %steal  %guest  %gnice   %idle
18:37:44      12   72.73    0.00    0.00    0.00    0.00    0.00    0.00    0.00    0.00   27.27
18:37:44      13   29.81    0.00    7.69    0.00    0.00    0.00    0.00    0.00    0.00   62.50
18:37:44      28    0.00    0.00    0.00    0.00    0.00    0.00    0.00    0.00    0.00  100.00
18:37:44      29    0.00    0.00    0.00    0.00    0.00    0.00    0.00    0.00    0.00  100.00

18:37:44     CPU    %usr   %nice    %sys %iowait    %irq   %soft  %steal  %guest  %gnice   %idle
18:37:45      12   87.25    0.00    2.94    0.00    0.00    0.00    0.00    0.00    0.00    9.80
18:37:45      13   16.36    0.00   10.00    0.00    0.00    0.00    0.00    0.00    0.00   73.64
18:37:45      28    0.00    0.00    0.00    0.00    0.00    0.00    0.00    0.00    0.00  100.00
18:37:45      29    0.00    0.00    0.00    0.00    0.00    0.00    0.00    0.00    0.00  100.00

18:37:45     CPU    %usr   %nice    %sys %iowait    %irq   %soft  %steal  %guest  %gnice   %idle
18:37:46      12   82.35    0.00    1.96    0.00    0.00    0.00    0.00    0.00    0.00   15.69
18:37:46      13   18.87    0.00    8.49    0.00    0.00    0.00    0.00    0.00    0.00   72.64
18:37:46      28    0.00    0.00    0.00    0.00    0.00    0.00    0.00    0.00    0.00  100.00
18:37:46      29    0.00    0.00    0.00    0.00    0.00    0.00    0.00    0.00    0.00  100.00

18:37:46     CPU    %usr   %nice    %sys %iowait    %irq   %soft  %steal  %guest  %gnice   %idle
18:37:47      12   84.16    0.00    0.99    0.00    0.00    0.00    0.00    0.00    0.00   14.85
18:37:47      13   17.48    0.00    7.77    0.00    0.00    0.00    0.00    0.00    0.00   74.76
18:37:47      28    0.00    0.00    0.00    0.00    0.00    0.00    0.00    0.00    0.00  100.00
18:37:47      29    0.00    0.00    0.00    0.00    0.00    0.00    0.00    0.00    0.00  100.00

18:37:47     CPU    %usr   %nice    %sys %iowait    %irq   %soft  %steal  %guest  %gnice   %idle
18:37:48      12   53.92    0.00    4.90    0.00    0.00    0.00    0.00    0.00    0.00   41.18
18:37:48      13   47.52    0.00    4.95    0.00    0.00    0.00    0.00    0.00    0.00   47.52
18:37:48      28    0.00    0.00    0.00    0.00    0.00    0.00    0.00    0.00    0.00  100.00
18:37:48      29    0.00    0.00    0.00    0.00    0.00    0.00    0.00    0.00    0.00  100.00

18:37:48     CPU    %usr   %nice    %sys %iowait    %irq   %soft  %steal  %guest  %gnice   %idle
18:37:49      12   48.08    0.00    6.73    0.00    0.00    0.00    0.00    0.00    0.00   45.19
18:37:49      13   53.33    0.00    7.62    0.00    0.00    0.00    0.00    0.00    0.00   39.05
18:37:49      28    0.00    0.00    0.00    0.00    0.00    0.00    0.00    0.00    0.00  100.00
18:37:49      29    0.00    0.00    0.00    0.00    0.00    0.00    0.00    0.00    0.00  100.00

18:37:49     CPU    %usr   %nice    %sys %iowait    %irq   %soft  %steal  %guest  %gnice   %idle
18:37:50      12   69.00    0.00    3.00    0.00    0.00    0.00    0.00    0.00    0.00   28.00
18:37:50      13   33.01    0.00    7.77    0.00    0.00    0.00    0.00    0.00    0.00   59.22
18:37:50      28    0.00    0.00    0.00    0.00    0.00    0.00    0.00    0.00    0.00  100.00
18:37:50      29    0.00    0.00    0.00    0.00    0.00    0.00    0.00    0.00    0.00  100.00

18:37:50     CPU    %usr   %nice    %sys %iowait    %irq   %soft  %steal  %guest  %gnice   %idle
18:37:51      12   93.00    0.00    1.00    0.00    0.00    0.00    0.00    0.00    0.00    6.00
18:37:51      13    9.90    0.00    5.94    0.00    0.00    0.00    0.00    0.00    0.00   84.16
18:37:51      28    0.00    0.00    0.00    0.00    0.00    0.00    0.00    0.00    0.00  100.00
18:37:51      29    0.00    0.00    0.00    0.00    0.00    0.00    0.00    0.00    0.00  100.00

18:37:51     CPU    %usr   %nice    %sys %iowait    %irq   %soft  %steal  %guest  %gnice   %idle
18:37:52      12   97.00    0.00    0.00    0.00    0.00    0.00    0.00    0.00    0.00    3.00
18:37:52      13    4.04    0.00    4.04    0.00    0.00    0.00    0.00    0.00    0.00   91.92
18:37:52      28    0.99    0.00    0.00    0.00    0.00    0.00    0.00    0.00    0.00   99.01
18:37:52      29    0.00    0.00    0.00    0.00    0.00    0.00    0.00    0.00    0.00  100.00

18:37:52     CPU    %usr   %nice    %sys %iowait    %irq   %soft  %steal  %guest  %gnice   %idle
18:37:53      12   99.01    0.00    0.00    0.00    0.00    0.00    0.00    0.00    0.00    0.99
18:37:53      13    1.04    0.00    0.00    0.00    0.00    0.00    0.00    0.00    0.00   98.96
18:37:53      28    0.00    0.00    0.00    0.00    0.00    0.00    0.00    0.00    0.00  100.00
18:37:53      29    0.00    0.00    0.00    0.00    0.00    0.00    0.00    0.00    0.00  100.00

18:37:53     CPU    %usr   %nice    %sys %iowait    %irq   %soft  %steal  %guest  %gnice   %idle
18:37:54      12   99.00    0.00    0.00    0.00    0.00    0.00    0.00    0.00    0.00    1.00
18:37:54      13    0.00    0.00    0.00    0.00    0.00    0.00    0.00    0.00    0.00  100.00
18:37:54      28    0.00    0.00    0.00    0.00    0.00    0.00    0.00    0.00    0.00  100.00
18:37:54      29    0.00    0.00    0.00    0.00    0.00    0.00    0.00    0.00    0.00  100.00

18:37:54     CPU    %usr   %nice    %sys %iowait    %irq   %soft  %steal  %guest  %gnice   %idle
18:37:55      12   99.00    0.00    0.00    0.00    0.00    0.00    0.00    0.00    0.00    1.00
18:37:55      13    1.04    0.00    0.00    0.00    0.00    0.00    0.00    0.00    0.00   98.96
18:37:55      28    0.00    0.00    0.00    0.00    0.00    0.00    0.00    0.00    0.00  100.00
18:37:55      29    0.00    0.00    0.00    0.00    0.00    0.00    0.00    0.00    0.00  100.00

18:37:55     CPU    %usr   %nice    %sys %iowait    %irq   %soft  %steal  %guest  %gnice   %idle
18:37:56      12   98.99    0.00    0.00    0.00    0.00    0.00    0.00    0.00    0.00    1.01
18:37:56      13    1.02    0.00    0.00    0.00    0.00    0.00    0.00    0.00    0.00   98.98
18:37:56      28    0.00    0.00    0.00    0.00    0.00    0.00    0.00    0.00    0.00  100.00
18:37:56      29    0.00    0.00    0.00    0.00    0.00    0.00    0.00    0.00    0.00  100.00

18:37:56     CPU    %usr   %nice    %sys %iowait    %irq   %soft  %steal  %guest  %gnice   %idle
18:37:57      12  100.00    0.00    0.00    0.00    0.00    0.00    0.00    0.00    0.00    0.00
18:37:57      13    0.00    0.00    0.00    0.00    0.00    0.00    0.00    0.00    0.00  100.00
18:37:57      28    0.00    0.00    0.00    0.00    0.00    0.00    0.00    0.00    0.00  100.00
18:37:57      29    0.00    0.00    0.00    0.00    0.00    0.00    0.00    0.00    0.00  100.00

18:37:57     CPU    %usr   %nice    %sys %iowait    %irq   %soft  %steal  %guest  %gnice   %idle
18:37:58      12   99.00    0.00    0.00    0.00    0.00    0.00    0.00    0.00    0.00    1.00
18:37:58      13    1.00    0.00    0.00    0.00    0.00    0.00    0.00    0.00    0.00   99.00
18:37:58      28    0.00    0.00    0.00    0.00    0.00    0.00    0.00    0.00    0.00  100.00
18:37:58      29    0.00    0.00    0.00    0.00    0.00    0.00    0.00    0.00    0.00  100.00

18:37:58     CPU    %usr   %nice    %sys %iowait    %irq   %soft  %steal  %guest  %gnice   %idle
18:37:59      12  100.00    0.00    0.00    0.00    0.00    0.00    0.00    0.00    0.00    0.00
18:37:59      13    0.00    0.00    0.00    0.00    0.00    0.00    0.00    0.00    0.00  100.00
18:37:59      28    0.00    0.00    0.00    0.00    0.00    0.00    0.00    0.00    0.00  100.00
18:37:59      29    0.00    0.00    0.00    0.00    0.00    0.00    0.00    0.00    0.00  100.00

18:37:59     CPU    %usr   %nice    %sys %iowait    %irq   %soft  %steal  %guest  %gnice   %idle
18:38:00      12  100.00    0.00    0.00    0.00    0.00    0.00    0.00    0.00    0.00    0.00
18:38:00      13    0.00    0.00    1.00    0.00    0.00    0.00    0.00    0.00    0.00   99.00
18:38:00      28    0.00    0.00    0.00    0.00    0.00    0.00    0.00    0.00    0.00  100.00
18:38:00      29    0.00    0.00    0.00    0.00    0.00    0.00    0.00    0.00    0.00  100.00

18:38:00     CPU    %usr   %nice    %sys %iowait    %irq   %soft  %steal  %guest  %gnice   %idle
18:38:01      12  100.00    0.00    0.00    0.00    0.00    0.00    0.00    0.00    0.00    0.00
18:38:01      13    1.01    0.00    0.00    0.00    0.00    0.00    0.00    0.00    0.00   98.99
18:38:01      28    0.00    0.00    0.00    0.00    0.00    0.00    0.00    0.00    0.00  100.00
18:38:01      29    0.00    0.00    0.00    0.00    0.00    0.00    0.00    0.00    0.00  100.00

18:38:01     CPU    %usr   %nice    %sys %iowait    %irq   %soft  %steal  %guest  %gnice   %idle
18:38:02      12   99.00    0.00    0.00    0.00    0.00    0.00    0.00    0.00    0.00    1.00
18:38:02      13    0.00    0.00    0.00    0.00    0.00    0.00    0.00    0.00    0.00  100.00
18:38:02      28    0.00    0.00    0.00    0.00    0.00    0.00    0.00    0.00    0.00  100.00
18:38:02      29    0.00    0.00    0.00    0.00    0.00    0.00    0.00    0.00    0.00  100.00

18:38:02     CPU    %usr   %nice    %sys %iowait    %irq   %soft  %steal  %guest  %gnice   %idle
18:38:03      12  100.00    0.00    0.00    0.00    0.00    0.00    0.00    0.00    0.00    0.00
18:38:03      13    1.01    0.00    0.00    0.00    0.00    0.00    0.00    0.00    0.00   98.99
18:38:03      28    0.00    0.00    0.00    0.00    0.00    0.00    0.00    0.00    0.00  100.00
18:38:03      29    0.00    0.00    0.00    0.00    0.00    0.00    0.00    0.00    0.00  100.00

18:38:03     CPU    %usr   %nice    %sys %iowait    %irq   %soft  %steal  %guest  %gnice   %idle
18:38:04      12   94.00    0.00    0.00    0.00    0.00    0.00    0.00    0.00    0.00    6.00
18:38:04      13    6.19    0.00    0.00    0.00    0.00    0.00    0.00    0.00    0.00   93.81
18:38:04      28    0.00    0.00    0.00    0.00    0.00    0.00    0.00    0.00    0.00  100.00
18:38:04      29    0.00    0.00    0.00    0.00    0.00    0.00    0.00    0.00    0.00  100.00

18:38:04     CPU    %usr   %nice    %sys %iowait    %irq   %soft  %steal  %guest  %gnice   %idle
18:38:05      12   84.00    0.00    1.00    0.00    0.00    0.00    0.00    0.00    0.00   15.00
18:38:05      13   17.02    0.00    0.00    0.00    0.00    0.00    0.00    0.00    0.00   82.98
18:38:05      28    0.00    0.00    0.00    0.00    0.00    0.00    0.00    0.00    0.00  100.00
18:38:05      29    0.00    0.00    0.00    0.00    0.00    0.00    0.00    0.00    0.00  100.00

18:38:05     CPU    %usr   %nice    %sys %iowait    %irq   %soft  %steal  %guest  %gnice   %idle
18:38:06      12   54.64    0.00    0.00    0.00    0.00    0.00    0.00    0.00    0.00   45.36
18:38:06      13   47.92    0.00    0.00    0.00    0.00    0.00    0.00    0.00    0.00   52.08
18:38:06      28    0.00    0.00    0.00    0.00    0.00    0.00    0.00    0.00    0.00  100.00
18:38:06      29    0.00    0.00    0.00    0.00    0.00    0.00    0.00    0.00    0.00  100.00

18:38:06     CPU    %usr   %nice    %sys %iowait    %irq   %soft  %steal  %guest  %gnice   %idle
18:38:07      12   62.24    0.00    1.02    0.00    0.00    0.00    0.00    0.00    0.00   36.73
18:38:07      13   39.58    0.00    1.04    0.00    0.00    0.00    0.00    0.00    0.00   59.38
18:38:07      28    0.00    0.00    0.00    0.00    0.00    0.00    0.00    0.00    0.00  100.00
18:38:07      29    0.00    0.00    0.00    0.00    0.00    0.00    0.00    0.00    0.00  100.00

18:38:07     CPU    %usr   %nice    %sys %iowait    %irq   %soft  %steal  %guest  %gnice   %idle
18:38:08      12   72.45    0.00    1.02    0.00    0.00    0.00    0.00    0.00    0.00   26.53
18:38:08      13   27.27    0.00    1.01    0.00    0.00    0.00    0.00    0.00    0.00   71.72
18:38:08      28    0.00    0.00    0.00    0.00    0.00    0.00    0.00    0.00    0.00  100.00
18:38:08      29    0.00    0.00    0.00    0.00    0.00    0.00    0.00    0.00    0.00  100.00

18:38:08     CPU    %usr   %nice    %sys %iowait    %irq   %soft  %steal  %guest  %gnice   %idle
18:38:09      12   60.20    0.00    0.00    0.00    0.00    0.00    0.00    0.00    0.00   39.80
18:38:09      13   41.41    0.00    0.00    0.00    0.00    0.00    0.00    0.00    0.00   58.59
18:38:09      28    0.00    0.00    0.00    0.00    0.00    0.00    0.00    0.00    0.00  100.00
18:38:09      29    0.00    0.00    0.00    0.00    0.00    0.00    0.00    0.00    0.00  100.00

18:38:09     CPU    %usr   %nice    %sys %iowait    %irq   %soft  %steal  %guest  %gnice   %idle
18:38:10      12   70.41    0.00    0.00    0.00    0.00    0.00    0.00    0.00    0.00   29.59
18:38:10      13   30.30    0.00    0.00    0.00    0.00    0.00    0.00    0.00    0.00   69.70
18:38:10      28    0.00    0.00    0.00    0.00    0.00    0.00    0.00    0.00    0.00  100.00
18:38:10      29    0.00    0.00    0.00    0.00    0.00    0.00    0.00    0.00    0.00  100.00

18:38:10     CPU    %usr   %nice    %sys %iowait    %irq   %soft  %steal  %guest  %gnice   %idle
18:38:11      12   64.95    0.00    0.00    0.00    0.00    0.00    0.00    0.00    0.00   35.05
18:38:11      13   36.63    0.00    0.00    0.00    0.00    0.00    0.00    0.00    0.00   63.37
18:38:11      28    0.00    0.00    0.00    0.00    0.00    0.00    0.00    0.00    0.00  100.00
18:38:11      29    0.00    0.00    0.00    0.00    0.00    0.00    0.00    0.00    0.00  100.00

18:38:11     CPU    %usr   %nice    %sys %iowait    %irq   %soft  %steal  %guest  %gnice   %idle
18:38:12      12   62.63    0.00    1.01    0.00    0.00    0.00    0.00    0.00    0.00   36.36
18:38:12      13   39.18    0.00    0.00    0.00    0.00    0.00    0.00    0.00    0.00   60.82
18:38:12      28    0.00    0.00    0.00    0.00    0.00    0.00    0.00    0.00    0.00  100.00
18:38:12      29    0.00    0.00    0.00    0.00    0.00    0.00    0.00    0.00    0.00  100.00

18:38:12     CPU    %usr   %nice    %sys %iowait    %irq   %soft  %steal  %guest  %gnice   %idle
18:38:13      12   55.21    0.00    0.00    0.00    0.00    0.00    0.00    0.00    0.00   44.79
18:38:13      13   49.48    0.00    1.03    0.00    0.00    0.00    0.00    0.00    0.00   49.48
18:38:13      28    0.00    0.00    0.00    0.00    0.00    0.00    0.00    0.00    0.00  100.00
18:38:13      29    0.00    0.00    0.00    0.00    0.00    0.00    0.00    0.00    0.00  100.00

18:38:13     CPU    %usr   %nice    %sys %iowait    %irq   %soft  %steal  %guest  %gnice   %idle
18:38:14      12   50.00    0.00    1.04    0.00    0.00    0.00    0.00    0.00    0.00   48.96
18:38:14      13   55.21    0.00    0.00    0.00    0.00    0.00    0.00    0.00    0.00   44.79
18:38:14      28    0.00    0.00    0.00    0.00    0.00    0.00    0.00    0.00    0.00  100.00
18:38:14      29    0.00    0.00    0.00    0.00    0.00    0.00    0.00    0.00    0.00  100.00

18:38:14     CPU    %usr   %nice    %sys %iowait    %irq   %soft  %steal  %guest  %gnice   %idle
18:38:15      12   78.79    0.00    1.01    0.00    0.00    0.00    0.00    0.00    0.00   20.20
18:38:15      13   24.47    0.00    0.00    0.00    0.00    0.00    0.00    0.00    0.00   75.53
18:38:15      28    0.00    0.00    0.00    0.00    0.00    0.00    0.00    0.00    0.00  100.00
18:38:15      29    0.00    0.00    0.00    0.00    0.00    0.00    0.00    0.00    0.00  100.00

18:38:15     CPU    %usr   %nice    %sys %iowait    %irq   %soft  %steal  %guest  %gnice   %idle
18:38:16      12   84.85    0.00    1.01    0.00    0.00    0.00    0.00    0.00    0.00   14.14
18:38:16      13   16.67    0.00    2.08    0.00    0.00    0.00    0.00    0.00    0.00   81.25
18:38:16      28    0.00    0.00    0.00    0.00    0.00    0.00    0.00    0.00    0.00  100.00
18:38:16      29    0.00    0.00    0.00    0.00    0.00    0.00    0.00    0.00    0.00  100.00

18:38:16     CPU    %usr   %nice    %sys %iowait    %irq   %soft  %steal  %guest  %gnice   %idle
18:38:17      12   86.87    0.00    1.01    0.00    0.00    0.00    0.00    0.00    0.00   12.12
18:38:17      13   14.85    0.00    6.93    0.00    0.00    0.00    0.00    0.00    0.00   78.22
18:38:17      28    0.00    0.00    0.00    0.00    0.00    0.00    0.00    0.00    0.00  100.00
18:38:17      29    0.00    0.00    0.00    0.00    0.00    0.00    0.00    0.00    0.00  100.00

18:38:17     CPU    %usr   %nice    %sys %iowait    %irq   %soft  %steal  %guest  %gnice   %idle
18:38:18      12   79.21    0.00    2.97    0.00    0.00    0.00    0.00    0.00    0.00   17.82
18:38:18      13   20.19    0.00    8.65    0.00    0.00    0.00    0.00    0.00    0.00   71.15
18:38:18      28    0.00    0.00    0.00    0.00    0.00    0.00    0.00    0.00    0.00  100.00
18:38:18      29    0.00    0.00    0.00    0.00    0.00    0.00    0.00    0.00    0.00  100.00

18:38:18     CPU    %usr   %nice    %sys %iowait    %irq   %soft  %steal  %guest  %gnice   %idle
18:38:19      12   65.05    0.00    7.77    0.00    0.00    0.00    0.00    0.00    0.00   27.18
18:38:19      13   29.81    0.00    9.62    0.00    0.00    0.00    0.00    0.00    0.00   60.58
18:38:19      28    0.00    0.00    0.00    0.00    0.00    0.00    0.00    0.00    0.00  100.00
18:38:19      29    0.00    0.00    0.00    0.00    0.00    0.00    0.00    0.00    0.00  100.00

18:38:19     CPU    %usr   %nice    %sys %iowait    %irq   %soft  %steal  %guest  %gnice   %idle
18:38:20      12   51.46    0.00    5.83    0.00    0.00    0.00    0.00    0.00    0.00   42.72
18:38:20      13   47.12    0.00    7.69    0.00    0.00    0.00    0.00    0.00    0.00   45.19
18:38:20      28    0.00    0.00    0.00    0.00    0.00    0.00    0.00    0.00    0.00  100.00
18:38:20      29    0.00    0.00    0.00    0.00    0.00    0.00    0.00    0.00    0.00  100.00

18:38:20     CPU    %usr   %nice    %sys %iowait    %irq   %soft  %steal  %guest  %gnice   %idle
18:38:21      12   55.77    0.00    6.73    0.00    0.00    0.00    0.00    0.00    0.00   37.50
18:38:21      13   45.63    0.00    6.80    0.00    0.00    0.00    0.00    0.00    0.00   47.57
18:38:21      28    0.00    0.00    0.00    0.00    0.00    0.00    0.00    0.00    0.00  100.00
18:38:21      29    0.00    0.00    0.00    0.00    0.00    0.00    0.00    0.00    0.00  100.00

18:38:21     CPU    %usr   %nice    %sys %iowait    %irq   %soft  %steal  %guest  %gnice   %idle
18:38:22      12   95.00    0.00    0.00    0.00    0.00    0.00    0.00    0.00    0.00    5.00
18:38:22      13    9.52    0.00    8.57    0.00    0.00    0.00    0.00    0.00    0.00   81.90
18:38:22      28    0.00    0.00    0.00    0.00    0.00    0.00    0.00    0.00    0.00  100.00
18:38:22      29    0.00    0.00    0.00    0.00    0.00    0.00    0.00    0.00    0.00  100.00

18:38:22     CPU    %usr   %nice    %sys %iowait    %irq   %soft  %steal  %guest  %gnice   %idle
18:38:23      12   94.00    0.00    1.00    0.00    0.00    0.00    0.00    0.00    0.00    5.00
18:38:23      13   11.11    0.00    4.04    0.00    0.00    0.00    0.00    0.00    0.00   84.85
18:38:23      28    0.00    0.00    0.00    0.00    0.00    0.00    0.00    0.00    0.00  100.00
18:38:23      29    0.00    0.00    0.00    0.00    0.00    0.00    0.00    0.00    0.00  100.00

18:38:23     CPU    %usr   %nice    %sys %iowait    %irq   %soft  %steal  %guest  %gnice   %idle
18:38:24      12   93.00    0.00    0.00    0.00    0.00    0.00    0.00    0.00    0.00    7.00
18:38:24      13    8.16    0.00    3.06    0.00    0.00    0.00    0.00    0.00    0.00   88.78
18:38:24      28    0.00    0.00    0.00    0.00    0.00    0.00    0.00    0.00    0.00  100.00
18:38:24      29    0.00    0.00    0.00    0.00    0.00    0.00    0.00    0.00    0.00  100.00

18:38:24     CPU    %usr   %nice    %sys %iowait    %irq   %soft  %steal  %guest  %gnice   %idle
18:38:25      12   99.00    0.00    0.00    0.00    0.00    0.00    0.00    0.00    0.00    1.00
18:38:25      13    1.04    0.00    0.00    0.00    0.00    0.00    0.00    0.00    0.00   98.96
18:38:25      28    0.00    0.00    0.00    0.00    0.00    0.00    0.00    0.00    0.00  100.00
18:38:25      29    0.00    0.00    0.00    0.00    0.00    0.00    0.00    0.00    0.00  100.00

18:38:25     CPU    %usr   %nice    %sys %iowait    %irq   %soft  %steal  %guest  %gnice   %idle
18:38:26      12   98.00    0.00    0.00    0.00    0.00    0.00    0.00    0.00    0.00    2.00
18:38:26      13    1.04    0.00    0.00    0.00    0.00    0.00    0.00    0.00    0.00   98.96
18:38:26      28    0.00    0.00    0.00    0.00    0.00    0.00    0.00    0.00    0.00  100.00
18:38:26      29    0.00    0.00    0.00    0.00    0.00    0.00    0.00    0.00    0.00  100.00

18:38:26     CPU    %usr   %nice    %sys %iowait    %irq   %soft  %steal  %guest  %gnice   %idle
18:38:27      12   73.47    0.00    0.00    0.00    0.00    0.00    0.00    0.00    0.00   26.53
18:38:27      13   27.84    0.00    0.00    0.00    0.00    0.00    0.00    0.00    0.00   72.16
18:38:27      28    0.00    0.00    0.00    0.00    0.00    0.00    0.00    0.00    0.00  100.00
18:38:27      29    0.00    0.00    0.00    0.00    0.00    0.00    0.00    0.00    0.00  100.00

18:38:27     CPU    %usr   %nice    %sys %iowait    %irq   %soft  %steal  %guest  %gnice   %idle
18:38:28      12   65.66    0.00    0.00    0.00    0.00    0.00    0.00    0.00    0.00   34.34
18:38:28      13   35.35    0.00    1.01    0.00    0.00    0.00    0.00    0.00    0.00   63.64
18:38:28      28    0.00    0.00    0.00    0.00    0.00    0.00    0.00    0.00    0.00  100.00
18:38:28      29    0.00    0.00    0.00    0.00    0.00    0.00    0.00    0.00    0.00  100.00

18:38:28     CPU    %usr   %nice    %sys %iowait    %irq   %soft  %steal  %guest  %gnice   %idle
18:38:29      12  100.00    0.00    0.00    0.00    0.00    0.00    0.00    0.00    0.00    0.00
18:38:29      13    0.00    0.00    0.00    0.00    0.00    0.00    0.00    0.00    0.00  100.00
18:38:29      28    0.00    0.00    0.00    0.00    0.00    0.00    0.00    0.00    0.00  100.00
18:38:29      29    0.00    0.00    0.00    0.00    0.00    0.00    0.00    0.00    0.00  100.00

18:38:29     CPU    %usr   %nice    %sys %iowait    %irq   %soft  %steal  %guest  %gnice   %idle
18:38:30      12   95.00    0.00    0.00    0.00    0.00    0.00    0.00    0.00    0.00    5.00
18:38:30      13    5.00    0.00    0.00    0.00    0.00    0.00    0.00    0.00    0.00   95.00
18:38:30      28    0.00    0.00    0.00    0.00    0.00    0.00    0.00    0.00    0.00  100.00
18:38:30      29    0.00    0.00    0.00    0.00    0.00    0.00    0.00    0.00    0.00  100.00

18:38:30     CPU    %usr   %nice    %sys %iowait    %irq   %soft  %steal  %guest  %gnice   %idle
18:38:31      12   99.00    0.00    0.00    0.00    0.00    0.00    0.00    0.00    0.00    1.00
18:38:31      13    2.02    0.00    0.00    0.00    0.00    0.00    0.00    0.00    0.00   97.98
18:38:31      28    0.00    0.00    0.00    0.00    0.00    0.00    0.00    0.00    0.00  100.00
18:38:31      29    0.00    0.00    0.00    0.00    0.00    0.00    0.00    0.00    0.00  100.00

18:38:31     CPU    %usr   %nice    %sys %iowait    %irq   %soft  %steal  %guest  %gnice   %idle
18:38:32      12   96.00    0.00    0.00    0.00    0.00    0.00    0.00    0.00    0.00    4.00
18:38:32      13    3.06    0.00    0.00    0.00    0.00    0.00    0.00    0.00    0.00   96.94
18:38:32      28    0.00    0.00    0.00    0.00    0.00    0.00    0.00    0.00    0.00  100.00
18:38:32      29    0.00    0.00    0.00    0.00    0.00    0.00    0.00    0.00    0.00  100.00

18:38:32     CPU    %usr   %nice    %sys %iowait    %irq   %soft  %steal  %guest  %gnice   %idle
18:38:33      12   96.97    0.00    0.00    0.00    0.00    0.00    0.00    0.00    0.00    3.03
18:38:33      13    4.04    0.00    0.00    0.00    0.00    0.00    0.00    0.00    0.00   95.96
18:38:33      28    0.00    0.00    0.00    0.00    0.00    0.00    0.00    0.00    0.00  100.00
18:38:33      29    0.00    0.00    0.00    0.00    0.00    0.00    0.00    0.00    0.00  100.00

18:38:33     CPU    %usr   %nice    %sys %iowait    %irq   %soft  %steal  %guest  %gnice   %idle
18:38:34      12   93.00    0.00    1.00    0.00    0.00    0.00    0.00    0.00    0.00    6.00
18:38:34      13    6.06    0.00    1.01    0.00    0.00    0.00    0.00    0.00    0.00   92.93
18:38:34      28    0.00    0.00    0.00    0.00    0.00    0.00    0.00    0.00    0.00  100.00
18:38:34      29    0.00    0.00    0.00    0.00    0.00    0.00    0.00    0.00    0.00  100.00

18:38:34     CPU    %usr   %nice    %sys %iowait    %irq   %soft  %steal  %guest  %gnice   %idle
18:38:35      12   98.00    0.00    0.00    0.00    0.00    0.00    0.00    0.00    0.00    2.00
18:38:35      13    2.02    0.00    0.00    0.00    0.00    0.00    0.00    0.00    0.00   97.98
18:38:35      28    0.00    0.00    0.00    0.00    0.00    0.00    0.00    0.00    0.00  100.00
18:38:35      29    0.00    0.00    0.00    0.00    0.00    0.00    0.00    0.00    0.00  100.00

18:38:35     CPU    %usr   %nice    %sys %iowait    %irq   %soft  %steal  %guest  %gnice   %idle
18:38:36      12   87.00    0.00    0.00    0.00    0.00    0.00    0.00    0.00    0.00   13.00
18:38:36      13   14.43    0.00    0.00    0.00    0.00    0.00    0.00    0.00    0.00   85.57
18:38:36      28    0.00    0.00    0.00    0.00    0.00    0.00    0.00    0.00    0.00  100.00
18:38:36      29    0.00    0.00    0.00    0.00    0.00    0.00    0.00    0.00    0.00  100.00

18:38:36     CPU    %usr   %nice    %sys %iowait    %irq   %soft  %steal  %guest  %gnice   %idle
18:38:37      12   59.18    0.00    0.00    0.00    0.00    0.00    0.00    0.00    0.00   40.82
18:38:37      13   43.75    0.00    0.00    0.00    0.00    0.00    0.00    0.00    0.00   56.25
18:38:37      28    0.00    0.00    0.00    0.00    0.00    0.00    0.00    0.00    0.00  100.00
18:38:37      29    0.00    0.00    0.00    0.00    0.00    0.00    0.00    0.00    0.00  100.00

18:38:37     CPU    %usr   %nice    %sys %iowait    %irq   %soft  %steal  %guest  %gnice   %idle
18:38:38      12   54.17    0.00    0.00    0.00    0.00    0.00    0.00    0.00    0.00   45.83
18:38:38      13   48.45    0.00    0.00    0.00    0.00    0.00    0.00    0.00    0.00   51.55
18:38:38      28    0.00    0.00    0.00    0.00    0.00    0.00    0.00    0.00    0.00  100.00
18:38:38      29    0.00    0.00    0.00    0.00    0.00    0.00    0.00    0.00    0.00  100.00

18:38:38     CPU    %usr   %nice    %sys %iowait    %irq   %soft  %steal  %guest  %gnice   %idle
18:38:39      12   52.58    0.00    0.00    0.00    0.00    0.00    0.00    0.00    0.00   47.42
18:38:39      13   50.52    0.00    0.00    0.00    0.00    0.00    0.00    0.00    0.00   49.48
18:38:39      28    0.00    0.00    0.00    0.00    0.00    0.00    0.00    0.00    0.00  100.00
18:38:39      29    0.00    0.00    0.00    0.00    0.00    0.00    0.00    0.00    0.00  100.00

18:38:39     CPU    %usr   %nice    %sys %iowait    %irq   %soft  %steal  %guest  %gnice   %idle
18:38:40      12   63.92    0.00    0.00    0.00    0.00    0.00    0.00    0.00    0.00   36.08
18:38:40      13   39.80    0.00    0.00    0.00    0.00    0.00    0.00    0.00    0.00   60.20
18:38:40      28    0.00    0.00    0.00    0.00    0.00    0.00    0.00    0.00    0.00  100.00
18:38:40      29    0.00    0.00    0.00    0.00    0.00    0.00    0.00    0.00    0.00  100.00

18:38:40     CPU    %usr   %nice    %sys %iowait    %irq   %soft  %steal  %guest  %gnice   %idle
18:38:41      12   70.41    0.00    0.00    0.00    0.00    0.00    0.00    0.00    0.00   29.59
18:38:41      13   30.30    0.00    0.00    0.00    0.00    0.00    0.00    0.00    0.00   69.70
18:38:41      28    0.00    0.00    0.00    0.00    0.00    0.00    0.00    0.00    0.00  100.00
18:38:41      29    0.00    0.00    0.00    0.00    0.00    0.00    0.00    0.00    0.00  100.00

18:38:41     CPU    %usr   %nice    %sys %iowait    %irq   %soft  %steal  %guest  %gnice   %idle
18:38:42      12   74.75    0.00    1.01    0.00    0.00    0.00    0.00    0.00    0.00   24.24
18:38:42      13   25.00    0.00    0.00    0.00    0.00    0.00    0.00    0.00    0.00   75.00
18:38:42      28    0.00    0.00    0.00    0.00    0.00    0.00    0.00    0.00    0.00  100.00
18:38:42      29    0.00    0.00    0.00    0.00    0.00    0.00    0.00    0.00    0.00  100.00

18:38:42     CPU    %usr   %nice    %sys %iowait    %irq   %soft  %steal  %guest  %gnice   %idle
18:38:43      12   67.35    0.00    0.00    0.00    0.00    0.00    0.00    0.00    0.00   32.65
18:38:43      13   33.67    0.00    0.00    0.00    0.00    0.00    0.00    0.00    0.00   66.33
18:38:43      28    0.00    0.00    0.00    0.00    0.00    0.00    0.00    0.00    0.00  100.00
18:38:43      29    0.00    0.00    0.00    0.00    0.00    0.00    0.00    0.00    0.00  100.00

18:38:43     CPU    %usr   %nice    %sys %iowait    %irq   %soft  %steal  %guest  %gnice   %idle
18:38:44      12   91.92    0.00    0.00    0.00    0.00    0.00    0.00    0.00    0.00    8.08
18:38:44      13    7.14    0.00    0.00    0.00    0.00    0.00    0.00    0.00    0.00   92.86
18:38:44      28    0.00    0.00    0.00    0.00    0.00    0.00    0.00    0.00    0.00  100.00
18:38:44      29    0.00    0.00    0.00    0.00    0.00    0.00    0.00    0.00    0.00  100.00

18:38:44     CPU    %usr   %nice    %sys %iowait    %irq   %soft  %steal  %guest  %gnice   %idle
18:38:45      12  100.00    0.00    0.00    0.00    0.00    0.00    0.00    0.00    0.00    0.00
18:38:45      13    1.02    0.00    0.00    0.00    0.00    0.00    0.00    0.00    0.00   98.98
18:38:45      28    0.00    0.00    0.00    0.00    0.00    0.00    0.00    0.00    0.00  100.00
18:38:45      29    0.00    0.00    0.00    0.00    0.00    0.00    0.00    0.00    0.00  100.00

18:38:45     CPU    %usr   %nice    %sys %iowait    %irq   %soft  %steal  %guest  %gnice   %idle
18:38:46      12   98.99    0.00    0.00    0.00    0.00    0.00    0.00    0.00    0.00    1.01
18:38:46      13    1.03    0.00    0.00    0.00    0.00    0.00    0.00    0.00    0.00   98.97
18:38:46      28    0.00    0.00    0.00    0.00    0.00    0.00    0.00    0.00    0.00  100.00
18:38:46      29    0.00    0.00    0.00    0.00    0.00    0.00    0.00    0.00    0.00  100.00

18:38:46     CPU    %usr   %nice    %sys %iowait    %irq   %soft  %steal  %guest  %gnice   %idle
18:38:47      12   98.02    0.00    0.00    0.00    0.00    0.00    0.00    0.00    0.00    1.98
18:38:47      13    1.03    0.00    0.00    0.00    0.00    0.00    0.00    0.00    0.00   98.97
18:38:47      28    0.00    0.00    0.00    0.00    0.00    0.00    0.00    0.00    0.00  100.00
18:38:47      29    0.00    0.00    0.00    0.00    0.00    0.00    0.00    0.00    0.00  100.00

18:38:47     CPU    %usr   %nice    %sys %iowait    %irq   %soft  %steal  %guest  %gnice   %idle
18:38:48      12   92.00    0.00    2.00    0.00    0.00    0.00    0.00    0.00    0.00    6.00
18:38:48      13    8.00    0.00    3.00    0.00    0.00    0.00    0.00    0.00    0.00   89.00
18:38:48      28    0.00    0.00    0.00    0.00    0.00    0.00    0.00    0.00    0.00  100.00
18:38:48      29    0.00    0.00    0.00    0.00    0.00    0.00    0.00    0.00    0.00  100.00

18:38:48     CPU    %usr   %nice    %sys %iowait    %irq   %soft  %steal  %guest  %gnice   %idle
18:38:49      12   81.37    0.00    2.94    0.00    0.00    0.00    0.00    0.00    0.00   15.69
18:38:49      13   20.19    0.00    6.73    0.00    0.00    0.00    0.00    0.00    0.00   73.08
18:38:49      28    0.00    0.00    0.00    0.00    0.00    0.00    0.00    0.00    0.00  100.00
18:38:49      29    0.00    0.00    0.00    0.00    0.00    0.00    0.00    0.00    0.00  100.00

18:38:49     CPU    %usr   %nice    %sys %iowait    %irq   %soft  %steal  %guest  %gnice   %idle
18:38:50      12   61.54    0.00    5.77    0.00    0.00    0.00    0.00    0.00    0.00   32.69
18:38:50      13   37.74    0.00    7.55    0.00    0.00    0.00    0.00    0.00    0.00   54.72
18:38:50      28    0.00    0.00    0.00    0.00    0.00    0.00    0.00    0.00    0.00  100.00
18:38:50      29    0.00    0.00    0.00    0.00    0.00    0.00    0.00    0.00    0.00  100.00

18:38:50     CPU    %usr   %nice    %sys %iowait    %irq   %soft  %steal  %guest  %gnice   %idle
18:38:51      12   89.32    0.00    1.94    0.00    0.00    0.00    0.00    0.00    0.00    8.74
18:38:51      13   12.26    0.00    9.43    0.00    0.00    0.00    0.00    0.00    0.00   78.30
18:38:51      28    0.00    0.00    0.00    0.00    0.00    0.00    0.00    0.00    0.00  100.00
18:38:51      29    0.00    0.00    0.00    0.00    0.00    0.00    0.00    0.00    0.00  100.00

18:38:51     CPU    %usr   %nice    %sys %iowait    %irq   %soft  %steal  %guest  %gnice   %idle
18:38:52      12   93.00    0.00    1.00    0.00    0.00    0.00    0.00    0.00    0.00    6.00
18:38:52      13    7.84    0.00    7.84    0.00    0.00    0.00    0.00    0.00    0.00   84.31
18:38:52      28    0.00    0.00    0.00    0.00    0.00    0.00    0.00    0.00    0.00  100.00
18:38:52      29    0.00    0.00    0.00    0.00    0.00    0.00    0.00    0.00    0.00  100.00

18:38:52     CPU    %usr   %nice    %sys %iowait    %irq   %soft  %steal  %guest  %gnice   %idle
18:38:53      12   89.00    0.00    1.00    0.00    0.00    0.00    0.00    0.00    0.00   10.00
18:38:53      13   13.40    0.00    5.15    0.00    0.00    0.00    0.00    0.00    0.00   81.44
18:38:53      28    0.00    0.00    0.00    0.00    0.00    0.00    0.00    0.00    0.00  100.00
18:38:53      29    0.00    0.00    0.00    0.00    0.00    0.00    0.00    0.00    0.00  100.00

18:38:53     CPU    %usr   %nice    %sys %iowait    %irq   %soft  %steal  %guest  %gnice   %idle
18:38:54      12   84.69    0.00    0.00    0.00    0.00    0.00    0.00    0.00    0.00   15.31
18:38:54      13   19.39    0.00    5.10    0.00    0.00    0.00    0.00    0.00    0.00   75.51
18:38:54      28    0.00    0.00    0.00    0.00    0.00    0.00    0.00    0.00    0.00  100.00
18:38:54      29    0.00    0.00    0.00    0.00    0.00    0.00    0.00    0.00    0.00  100.00

18:38:54     CPU    %usr   %nice    %sys %iowait    %irq   %soft  %steal  %guest  %gnice   %idle
18:38:55      12   83.67    0.00    1.02    0.00    0.00    0.00    0.00    0.00    0.00   15.31
18:38:55      13   18.81    0.00    6.93    0.00    0.00    0.00    0.00    0.00    0.00   74.26
18:38:55      28    0.00    0.00    0.00    0.00    0.00    0.00    0.00    0.00    0.00  100.00
18:38:55      29    0.00    0.00    0.00    0.00    0.00    0.00    0.00    0.00    0.00  100.00

18:38:55     CPU    %usr   %nice    %sys %iowait    %irq   %soft  %steal  %guest  %gnice   %idle
18:38:56      12   80.20    0.00    1.98    0.00    0.00    0.00    0.00    0.00    0.00   17.82
18:38:56      13   20.62    0.00    3.09    0.00    0.00    0.00    0.00    0.00    0.00   76.29
18:38:56      28    0.00    0.00    0.00    0.00    0.00    0.00    0.00    0.00    0.00  100.00
18:38:56      29    0.00    0.00    0.00    0.00    0.00    0.00    0.00    0.00    0.00  100.00

18:38:56     CPU    %usr   %nice    %sys %iowait    %irq   %soft  %steal  %guest  %gnice   %idle
18:38:57      12  100.00    0.00    0.00    0.00    0.00    0.00    0.00    0.00    0.00    0.00
18:38:57      13    1.03    0.00    0.00    0.00    0.00    0.00    0.00    0.00    0.00   98.97
18:38:57      28    0.00    0.00    0.00    0.00    0.00    0.00    0.00    0.00    0.00  100.00
18:38:57      29    0.00    0.00    0.00    0.00    0.00    0.00    0.00    0.00    0.00  100.00

18:38:57     CPU    %usr   %nice    %sys %iowait    %irq   %soft  %steal  %guest  %gnice   %idle
18:38:58      12  100.00    0.00    0.00    0.00    0.00    0.00    0.00    0.00    0.00    0.00
18:38:58      13    0.00    0.00    0.00    0.00    0.00    0.00    0.00    0.00    0.00  100.00
18:38:58      28    0.00    0.00    0.00    0.00    0.00    0.00    0.00    0.00    0.00  100.00
18:38:58      29    0.00    0.00    0.00    0.00    0.00    0.00    0.00    0.00    0.00  100.00

18:38:58     CPU    %usr   %nice    %sys %iowait    %irq   %soft  %steal  %guest  %gnice   %idle
18:38:59      12  100.00    0.00    0.00    0.00    0.00    0.00    0.00    0.00    0.00    0.00
18:38:59      13    0.00    0.00    0.00    0.00    0.00    0.00    0.00    0.00    0.00  100.00
18:38:59      28    0.00    0.00    0.00    0.00    0.00    0.00    0.00    0.00    0.00  100.00
18:38:59      29    0.00    0.00    0.00    0.00    0.00    0.00    0.00    0.00    0.00  100.00

18:38:59     CPU    %usr   %nice    %sys %iowait    %irq   %soft  %steal  %guest  %gnice   %idle
18:39:00      12  100.00    0.00    0.00    0.00    0.00    0.00    0.00    0.00    0.00    0.00
18:39:00      13    0.00    0.00    0.00    0.00    0.00    0.00    0.00    0.00    0.00  100.00
18:39:00      28    0.00    0.00    0.00    0.00    0.00    0.00    0.00    0.00    0.00  100.00
18:39:00      29    0.00    0.00    0.00    0.00    0.00    0.00    0.00    0.00    0.00  100.00

18:39:00     CPU    %usr   %nice    %sys %iowait    %irq   %soft  %steal  %guest  %gnice   %idle
18:39:01      12  100.00    0.00    0.00    0.00    0.00    0.00    0.00    0.00    0.00    0.00
18:39:01      13    0.00    0.00    0.00    0.00    0.00    0.00    0.00    0.00    0.00  100.00
18:39:01      28    0.00    0.00    0.00    0.00    0.00    0.00    0.00    0.00    0.00  100.00
18:39:01      29    0.00    0.00    0.00    0.00    0.00    0.00    0.00    0.00    0.00  100.00

18:39:01     CPU    %usr   %nice    %sys %iowait    %irq   %soft  %steal  %guest  %gnice   %idle
18:39:02      12   99.00    0.00    0.00    0.00    0.00    0.00    0.00    0.00    0.00    1.00
18:39:02      13    0.00    0.00    0.00    0.00    0.00    0.00    0.00    0.00    0.00  100.00
18:39:02      28    0.00    0.00    0.00    0.00    0.00    0.00    0.00    0.00    0.00  100.00
18:39:02      29    0.00    0.00    0.00    0.00    0.00    0.00    0.00    0.00    0.00  100.00

18:39:02     CPU    %usr   %nice    %sys %iowait    %irq   %soft  %steal  %guest  %gnice   %idle
18:39:03      12  100.00    0.00    0.00    0.00    0.00    0.00    0.00    0.00    0.00    0.00
18:39:03      13    0.00    0.00    0.00    0.00    0.00    0.00    0.00    0.00    0.00  100.00
18:39:03      28    0.00    0.00    0.00    0.00    0.00    0.00    0.00    0.00    0.00  100.00
18:39:03      29    0.00    0.00    0.00    0.00    0.00    0.00    0.00    0.00    0.00  100.00

18:39:03     CPU    %usr   %nice    %sys %iowait    %irq   %soft  %steal  %guest  %gnice   %idle
18:39:04      12  100.00    0.00    0.00    0.00    0.00    0.00    0.00    0.00    0.00    0.00
18:39:04      13    1.00    0.00    1.00    0.00    0.00    0.00    0.00    0.00    0.00   98.00
18:39:04      28    0.00    0.00    0.00    0.00    0.00    0.00    0.00    0.00    0.00  100.00
18:39:04      29    0.00    0.00    0.00    0.00    0.00    0.00    0.00    0.00    0.00  100.00

18:39:04     CPU    %usr   %nice    %sys %iowait    %irq   %soft  %steal  %guest  %gnice   %idle
18:39:05      12  100.00    0.00    0.00    0.00    0.00    0.00    0.00    0.00    0.00    0.00
18:39:05      13    0.00    0.00    0.00    0.00    0.00    0.00    0.00    0.00    0.00  100.00
18:39:05      28    0.00    0.00    0.00    0.00    0.00    0.00    0.00    0.00    0.00  100.00
18:39:05      29    0.00    0.00    0.00    0.00    0.00    0.00    0.00    0.00    0.00  100.00

18:39:05     CPU    %usr   %nice    %sys %iowait    %irq   %soft  %steal  %guest  %gnice   %idle
18:39:06      12  100.00    0.00    0.00    0.00    0.00    0.00    0.00    0.00    0.00    0.00
18:39:06      13    0.00    0.00    0.00    0.00    0.00    0.00    0.00    0.00    0.00  100.00
18:39:06      28    0.00    0.00    0.00    0.00    0.00    0.00    0.00    0.00    0.00  100.00
18:39:06      29    0.00    0.00    0.00    0.00    0.00    0.00    0.00    0.00    0.00  100.00

18:39:06     CPU    %usr   %nice    %sys %iowait    %irq   %soft  %steal  %guest  %gnice   %idle
18:39:07      12  100.00    0.00    0.00    0.00    0.00    0.00    0.00    0.00    0.00    0.00
18:39:07      13    2.97    0.00    0.00    0.00    0.00    0.00    0.00    0.00    0.00   97.03
18:39:07      28    0.00    0.00    0.00    0.00    0.00    0.00    0.00    0.00    0.00  100.00
18:39:07      29    0.00    0.00    0.00    0.00    0.00    0.00    0.00    0.00    0.00  100.00

18:39:07     CPU    %usr   %nice    %sys %iowait    %irq   %soft  %steal  %guest  %gnice   %idle
18:39:08      12   92.08    0.00    4.95    0.00    0.00    0.00    0.00    0.00    0.00    2.97
18:39:08      13    3.06    0.00    0.00    0.00    0.00    0.00    0.00    0.00    0.00   96.94
18:39:08      28    0.00    0.00    0.00    0.00    0.00    0.00    0.00    0.00    0.00  100.00
18:39:08      29    0.00    0.00    0.00    0.00    0.00    0.00    0.00    0.00    0.00  100.00

18:39:08     CPU    %usr   %nice    %sys %iowait    %irq   %soft  %steal  %guest  %gnice   %idle
18:39:09      12   76.00    0.00   14.00    0.00    0.00    0.00    0.00    0.00    0.00   10.00
18:39:09      13   10.53    0.00    2.11    0.00    0.00    0.00    0.00    0.00    0.00   87.37
18:39:09      28    0.00    0.00    0.00    0.00    0.00    0.00    0.00    0.00    0.00  100.00
18:39:09      29    0.00    0.00    0.00    0.00    0.00    0.00    0.00    0.00    0.00  100.00

18:39:09     CPU    %usr   %nice    %sys %iowait    %irq   %soft  %steal  %guest  %gnice   %idle
18:39:10      12   78.57    0.00    8.16    0.00    0.00    0.00    0.00    0.00    0.00   13.27
18:39:10      13   12.63    0.00    2.11    0.00    0.00    0.00    0.00    0.00    0.00   85.26
18:39:10      28    0.00    0.00    0.00    0.00    0.00    0.00    0.00    0.00    0.00  100.00
18:39:10      29    0.00    0.00    0.00    0.00    0.00    0.00    0.00    0.00    0.00  100.00

18:39:10     CPU    %usr   %nice    %sys %iowait    %irq   %soft  %steal  %guest  %gnice   %idle
18:39:11      12   84.85    0.00    0.00    0.00    0.00    0.00    0.00    0.00    0.00   15.15
18:39:11      13   16.84    0.00    0.00    0.00    0.00    0.00    0.00    0.00    0.00   83.16
18:39:11      28    0.00    0.00    0.00    0.00    0.00    0.00    0.00    0.00    0.00  100.00
18:39:11      29    0.00    0.00    0.00    0.00    0.00    0.00    0.00    0.00    0.00  100.00

18:39:11     CPU    %usr   %nice    %sys %iowait    %irq   %soft  %steal  %guest  %gnice   %idle
18:39:12      12   88.78    0.00    0.00    0.00    0.00    0.00    0.00    0.00    0.00   11.22
18:39:12      13   12.63    0.00    0.00    0.00    0.00    0.00    0.00    0.00    0.00   87.37
18:39:12      28    0.00    0.00    0.00    0.00    0.00    0.00    0.00    0.00    0.00  100.00
18:39:12      29    0.00    0.00    0.00    0.00    0.00    0.00    0.00    0.00    0.00  100.00

18:39:12     CPU    %usr   %nice    %sys %iowait    %irq   %soft  %steal  %guest  %gnice   %idle
18:39:13      12   90.10    0.00    0.99    0.00    0.00    0.00    0.00    0.00    0.00    8.91
18:39:13      13    8.16    0.00    0.00    0.00    0.00    0.00    0.00    0.00    0.00   91.84
18:39:13      28    0.00    0.00    0.00    0.00    0.00    0.00    0.00    0.00    0.00  100.00
18:39:13      29    0.00    0.00    0.00    0.00    0.00    0.00    0.00    0.00    0.00  100.00

18:39:13     CPU    %usr   %nice    %sys %iowait    %irq   %soft  %steal  %guest  %gnice   %idle
18:39:14      12   74.49    0.00    0.00    0.00    0.00    0.00    0.00    0.00    0.00   25.51
18:39:14      13   27.00    0.00    0.00    0.00    0.00    0.00    0.00    0.00    0.00   73.00
18:39:14      28    0.00    0.00    0.00    0.00    0.00    0.00    0.00    0.00    0.00  100.00
18:39:14      29    0.00    0.00    0.00    0.00    0.00    0.00    0.00    0.00    0.00  100.00

18:39:14     CPU    %usr   %nice    %sys %iowait    %irq   %soft  %steal  %guest  %gnice   %idle
18:39:15      12   73.47    0.00    0.00    0.00    0.00    0.00    0.00    0.00    0.00   26.53
18:39:15      13   26.53    0.00    0.00    0.00    0.00    0.00    0.00    0.00    0.00   73.47
18:39:15      28    0.00    0.00    0.00    0.00    0.00    0.00    0.00    0.00    0.00  100.00
18:39:15      29    0.00    0.00    0.00    0.00    0.00    0.00    0.00    0.00    0.00  100.00

18:39:15     CPU    %usr   %nice    %sys %iowait    %irq   %soft  %steal  %guest  %gnice   %idle
18:39:16      12   64.65    0.00    0.00    0.00    0.00    0.00    0.00    0.00    0.00   35.35
18:39:16      13   36.36    0.00    0.00    0.00    0.00    0.00    0.00    0.00    0.00   63.64
18:39:16      28    0.00    0.00    0.00    0.00    0.00    0.00    0.00    0.00    0.00  100.00
18:39:16      29    0.00    0.00    0.00    0.00    0.00    0.00    0.00    0.00    0.00  100.00

18:39:16     CPU    %usr   %nice    %sys %iowait    %irq   %soft  %steal  %guest  %gnice   %idle
18:39:17      12   64.95    0.00    0.00    0.00    0.00    0.00    0.00    0.00    0.00   35.05
18:39:17      13   36.36    0.00    0.00    0.00    0.00    0.00    0.00    0.00    0.00   63.64
18:39:17      28    0.00    0.00    0.00    0.00    0.00    0.00    0.00    0.00    0.00  100.00
18:39:17      29    0.00    0.00    0.00    0.00    0.00    0.00    0.00    0.00    0.00  100.00

18:39:17     CPU    %usr   %nice    %sys %iowait    %irq   %soft  %steal  %guest  %gnice   %idle
18:39:18      12   68.69    0.00    0.00    0.00    0.00    0.00    0.00    0.00    0.00   31.31
18:39:18      13   32.00    0.00    1.00    0.00    0.00    0.00    0.00    0.00    0.00   67.00
18:39:18      28    0.99    0.00    0.00    0.00    0.00    0.00    0.00    0.00    0.00   99.01
18:39:18      29    0.00    0.00    0.00    0.00    0.00    0.00    0.00    0.00    0.00  100.00

18:39:18     CPU    %usr   %nice    %sys %iowait    %irq   %soft  %steal  %guest  %gnice   %idle
18:39:19      12   63.92    0.00    0.00    0.00    0.00    0.00    0.00    0.00    0.00   36.08
18:39:19      13   37.76    0.00    0.00    0.00    0.00    0.00    0.00    0.00    0.00   62.24
18:39:19      28    0.00    0.00    0.00    0.00    0.00    0.00    0.00    0.00    0.00  100.00
18:39:19      29    0.00    0.00    0.00    0.00    0.00    0.00    0.00    0.00    0.00  100.00

18:39:19     CPU    %usr   %nice    %sys %iowait    %irq   %soft  %steal  %guest  %gnice   %idle
18:39:20      12   58.76    0.00    0.00    0.00    0.00    0.00    0.00    0.00    0.00   41.24
18:39:20      13   42.86    0.00    0.00    0.00    0.00    0.00    0.00    0.00    0.00   57.14
18:39:20      28    0.00    0.00    0.00    0.00    0.00    0.00    0.00    0.00    0.00  100.00
18:39:20      29    0.00    0.00    0.00    0.00    0.00    0.00    0.00    0.00    0.00  100.00

18:39:20     CPU    %usr   %nice    %sys %iowait    %irq   %soft  %steal  %guest  %gnice   %idle
18:39:21      12   55.21    0.00    0.00    0.00    0.00    0.00    0.00    0.00    0.00   44.79
18:39:21      13   50.52    0.00    0.00    0.00    0.00    0.00    0.00    0.00    0.00   49.48
18:39:21      28    0.00    0.00    0.00    0.00    0.00    0.00    0.00    0.00    0.00  100.00
18:39:21      29    0.00    0.00    0.00    0.00    0.00    0.00    0.00    0.00    0.00  100.00

18:39:21     CPU    %usr   %nice    %sys %iowait    %irq   %soft  %steal  %guest  %gnice   %idle
18:39:22      12   53.68    0.00    1.05    0.00    0.00    0.00    0.00    0.00    0.00   45.26
18:39:22      13   51.04    0.00    0.00    0.00    0.00    0.00    0.00    0.00    0.00   48.96
18:39:22      28    0.00    0.00    0.00    0.00    0.00    0.00    0.00    0.00    0.00  100.00
18:39:22      29    0.00    0.00    0.00    0.00    0.00    0.00    0.00    0.00    0.00  100.00

18:39:22     CPU    %usr   %nice    %sys %iowait    %irq   %soft  %steal  %guest  %gnice   %idle
18:39:23      12   51.02    0.00    2.04    0.00    0.00    0.00    0.00    0.00    0.00   46.94
18:39:23      13   52.08    0.00    1.04    0.00    0.00    0.00    0.00    0.00    0.00   46.88
18:39:23      28    0.00    0.00    0.00    0.00    0.00    0.00    0.00    0.00    0.00  100.00
18:39:23      29    0.00    0.00    0.00    0.00    0.00    0.00    0.00    0.00    0.00  100.00

18:39:23     CPU    %usr   %nice    %sys %iowait    %irq   %soft  %steal  %guest  %gnice   %idle
18:39:24      12   52.58    0.00    3.09    0.00    0.00    0.00    0.00    0.00    0.00   44.33
18:39:24      13   48.96    0.00    3.12    0.00    0.00    0.00    0.00    0.00    0.00   47.92
18:39:24      28    0.00    0.00    0.00    0.00    0.00    0.00    0.00    0.00    0.00  100.00
18:39:24      29    0.00    0.00    0.00    0.00    0.00    0.00    0.00    0.00    0.00  100.00

18:39:24     CPU    %usr   %nice    %sys %iowait    %irq   %soft  %steal  %guest  %gnice   %idle
18:39:25      12   87.13    0.00    3.96    0.00    0.00    0.00    0.00    0.00    0.00    8.91
18:39:25      13   14.81    0.00   10.19    0.00    0.00    0.00    0.00    0.00    0.00   75.00
18:39:25      28    0.00    0.00    0.00    0.00    0.00    0.00    0.00    0.00    0.00  100.00
18:39:25      29    0.00    0.00    0.00    0.00    0.00    0.00    0.00    0.00    0.00  100.00

18:39:25     CPU    %usr   %nice    %sys %iowait    %irq   %soft  %steal  %guest  %gnice   %idle
18:39:26      12   90.00    0.00    2.00    0.00    0.00    0.00    0.00    0.00    0.00    8.00
18:39:26      13   11.76    0.00    7.84    0.00    0.00    0.00    0.00    0.00    0.00   80.39
18:39:26      28    0.00    0.00    0.00    0.00    0.00    0.00    0.00    0.00    0.00  100.00
18:39:26      29    0.00    0.00    0.00    0.00    0.00    0.00    0.00    0.00    0.00  100.00

18:39:26     CPU    %usr   %nice    %sys %iowait    %irq   %soft  %steal  %guest  %gnice   %idle
18:39:27      12   87.88    0.00    1.01    0.00    0.00    0.00    0.00    0.00    0.00   11.11
18:39:27      13   14.00    0.00    6.00    0.00    0.00    0.00    0.00    0.00    0.00   80.00
18:39:27      28    0.00    0.00    0.00    0.00    0.00    0.00    0.00    0.00    0.00  100.00
18:39:27      29    0.00    0.00    0.00    0.00    0.00    0.00    0.00    0.00    0.00  100.00

18:39:27     CPU    %usr   %nice    %sys %iowait    %irq   %soft  %steal  %guest  %gnice   %idle
18:39:28      12   85.86    0.00    1.01    0.00    0.00    0.00    0.00    0.00    0.00   13.13
18:39:28      13   16.33    0.00    5.10    0.00    0.00    0.00    0.00    0.00    0.00   78.57
18:39:28      28    0.00    0.00    0.00    0.00    0.00    0.00    0.00    0.00    0.00  100.00
18:39:28      29    0.00    0.00    0.00    0.00    0.00    0.00    0.00    0.00    0.00  100.00

18:39:28     CPU    %usr   %nice    %sys %iowait    %irq   %soft  %steal  %guest  %gnice   %idle
18:39:29      12   98.99    0.00    0.00    0.00    0.00    0.00    0.00    0.00    0.00    1.01
18:39:29      13    2.04    0.00    0.00    0.00    0.00    0.00    0.00    0.00    0.00   97.96
18:39:29      28    0.00    0.00    0.00    0.00    0.00    0.00    0.00    0.00    0.00  100.00
18:39:29      29    0.00    0.00    0.00    0.00    0.00    0.00    0.00    0.00    0.00  100.00

18:39:29     CPU    %usr   %nice    %sys %iowait    %irq   %soft  %steal  %guest  %gnice   %idle
18:39:30      12   94.00    0.00    0.00    0.00    0.00    0.00    0.00    0.00    0.00    6.00
18:39:30      13    5.21    0.00    0.00    0.00    0.00    0.00    0.00    0.00    0.00   94.79
18:39:30      28    0.00    0.00    0.00    0.00    0.00    0.00    0.00    0.00    0.00  100.00
18:39:30      29    0.00    0.00    0.00    0.00    0.00    0.00    0.00    0.00    0.00  100.00

18:39:30     CPU    %usr   %nice    %sys %iowait    %irq   %soft  %steal  %guest  %gnice   %idle
18:39:31      12   82.83    0.00    0.00    0.00    0.00    0.00    0.00    0.00    0.00   17.17
18:39:31      13   17.71    0.00    0.00    0.00    0.00    0.00    0.00    0.00    0.00   82.29
18:39:31      28    0.00    0.00    0.00    0.00    0.00    0.00    0.00    0.00    0.00  100.00
18:39:31      29    0.00    0.00    0.00    0.00    0.00    0.00    0.00    0.00    0.00  100.00

18:39:31     CPU    %usr   %nice    %sys %iowait    %irq   %soft  %steal  %guest  %gnice   %idle
18:39:32      12   69.39    0.00    0.00    0.00    0.00    0.00    0.00    0.00    0.00   30.61
18:39:32      13   31.63    0.00    0.00    0.00    0.00    0.00    0.00    0.00    0.00   68.37
18:39:32      28    0.00    0.00    0.00    0.00    0.00    0.00    0.00    0.00    0.00  100.00
18:39:32      29    0.00    0.00    0.00    0.00    0.00    0.00    0.00    0.00    0.00  100.00

18:39:32     CPU    %usr   %nice    %sys %iowait    %irq   %soft  %steal  %guest  %gnice   %idle
18:39:33      12  100.00    0.00    0.00    0.00    0.00    0.00    0.00    0.00    0.00    0.00
18:39:33      13    0.00    0.00    1.00    0.00    0.00    0.00    0.00    0.00    0.00   99.00
18:39:33      28    0.00    0.00    0.00    0.00    0.00    0.00    0.00    0.00    0.00  100.00
18:39:33      29    0.00    0.00    0.00    0.00    0.00    0.00    0.00    0.00    0.00  100.00

18:39:33     CPU    %usr   %nice    %sys %iowait    %irq   %soft  %steal  %guest  %gnice   %idle
18:39:34      12   98.00    0.00    0.00    0.00    0.00    0.00    0.00    0.00    0.00    2.00
18:39:34      13    2.00    0.00    0.00    0.00    0.00    0.00    0.00    0.00    0.00   98.00
18:39:34      28    0.00    0.00    0.00    0.00    0.00    0.00    0.00    0.00    0.00  100.00
18:39:34      29    0.00    0.00    1.00    0.00    0.00    0.00    0.00    0.00    0.00   99.00

18:39:34     CPU    %usr   %nice    %sys %iowait    %irq   %soft  %steal  %guest  %gnice   %idle
18:39:35      12  100.00    0.00    0.00    0.00    0.00    0.00    0.00    0.00    0.00    0.00
18:39:35      13    0.00    0.00    0.00    0.00    0.00    0.00    0.00    0.00    0.00  100.00
18:39:35      28    0.00    0.00    0.00    0.00    0.00    0.00    0.00    0.00    0.00  100.00
18:39:35      29    0.00    0.00    0.00    0.00    0.00    0.00    0.00    0.00    0.00  100.00

18:39:35     CPU    %usr   %nice    %sys %iowait    %irq   %soft  %steal  %guest  %gnice   %idle
18:39:36      12   96.97    0.00    0.00    0.00    0.00    0.00    0.00    0.00    0.00    3.03
18:39:36      13    4.00    0.00    0.00    0.00    0.00    0.00    0.00    0.00    0.00   96.00
18:39:36      28    0.00    0.00    0.00    0.00    0.00    0.00    0.00    0.00    0.00  100.00
18:39:36      29    0.00    0.00    0.00    0.00    0.00    0.00    0.00    0.00    0.00  100.00

18:39:36     CPU    %usr   %nice    %sys %iowait    %irq   %soft  %steal  %guest  %gnice   %idle
18:39:37      12   96.04    0.00    0.99    0.00    0.00    0.00    0.00    0.00    0.00    2.97
18:39:37      13    5.00    0.00    3.00    0.00    0.00    0.00    0.00    0.00    0.00   92.00
18:39:37      28    0.00    0.00    0.00    0.00    0.00    0.00    0.00    0.00    0.00  100.00
18:39:37      29    0.00    0.00    0.00    0.00    0.00    0.00    0.00    0.00    0.00  100.00

18:39:37     CPU    %usr   %nice    %sys %iowait    %irq   %soft  %steal  %guest  %gnice   %idle
18:39:38      12   90.91    0.00    0.00    0.00    0.00    0.00    0.00    0.00    0.00    9.09
18:39:38      13   10.10    0.00    0.00    0.00    0.00    0.00    0.00    0.00    0.00   89.90
18:39:38      28    0.00    0.00    0.00    0.00    0.00    0.00    0.00    0.00    0.00  100.00
18:39:38      29    0.00    0.00    0.00    0.00    0.00    0.00    0.00    0.00    0.00  100.00

18:39:38     CPU    %usr   %nice    %sys %iowait    %irq   %soft  %steal  %guest  %gnice   %idle
18:39:39      12  100.00    0.00    0.00    0.00    0.00    0.00    0.00    0.00    0.00    0.00
18:39:39      13    0.00    0.00    1.01    0.00    0.00    0.00    0.00    0.00    0.00   98.99
18:39:39      28    0.00    0.00    0.00    0.00    0.00    0.00    0.00    0.00    0.00  100.00
18:39:39      29    0.00    0.00    0.00    0.00    0.00    0.00    0.00    0.00    0.00  100.00

18:39:39     CPU    %usr   %nice    %sys %iowait    %irq   %soft  %steal  %guest  %gnice   %idle
18:39:40      12   89.90    0.00    0.00    0.00    0.00    0.00    0.00    0.00    0.00   10.10
18:39:40      13   11.11    0.00    0.00    0.00    0.00    0.00    0.00    0.00    0.00   88.89
18:39:40      28    0.00    0.00    0.00    0.00    0.00    0.00    0.00    0.00    0.00  100.00
18:39:40      29    0.00    0.00    0.00    0.00    0.00    0.00    0.00    0.00    0.00  100.00

18:39:40     CPU    %usr   %nice    %sys %iowait    %irq   %soft  %steal  %guest  %gnice   %idle
18:39:41      12   54.64    0.00    0.00    0.00    0.00    0.00    0.00    0.00    0.00   45.36
18:39:41      13   48.45    0.00    0.00    0.00    0.00    0.00    0.00    0.00    0.00   51.55
18:39:41      28    0.00    0.00    0.00    0.00    0.00    0.00    0.00    0.00    0.00  100.00
18:39:41      29    0.00    0.00    0.00    0.00    0.00    0.00    0.00    0.00    0.00  100.00

18:39:41     CPU    %usr   %nice    %sys %iowait    %irq   %soft  %steal  %guest  %gnice   %idle
18:39:42      12   62.24    0.00    0.00    0.00    0.00    0.00    0.00    0.00    0.00   37.76
18:39:42      13   41.67    0.00    0.00    0.00    0.00    0.00    0.00    0.00    0.00   58.33
18:39:42      28    0.00    0.00    0.00    0.00    0.00    0.00    0.00    0.00    0.00  100.00
18:39:42      29    0.00    0.00    0.00    0.00    0.00    0.00    0.00    0.00    0.00  100.00

18:39:42     CPU    %usr   %nice    %sys %iowait    %irq   %soft  %steal  %guest  %gnice   %idle
18:39:43      12   57.14    0.00    0.00    0.00    0.00    0.00    0.00    0.00    0.00   42.86
18:39:43      13   45.83    0.00    0.00    0.00    0.00    0.00    0.00    0.00    0.00   54.17
18:39:43      28    0.00    0.00    0.00    0.00    0.00    0.00    0.00    0.00    0.00  100.00
18:39:43      29    0.00    0.00    0.00    0.00    0.00    0.00    0.00    0.00    0.00  100.00

18:39:43     CPU    %usr   %nice    %sys %iowait    %irq   %soft  %steal  %guest  %gnice   %idle
18:39:44      12   54.17    0.00    0.00    0.00    0.00    0.00    0.00    0.00    0.00   45.83
18:39:44      13   48.98    0.00    0.00    0.00    0.00    0.00    0.00    0.00    0.00   51.02
18:39:44      28    0.00    0.00    0.00    0.00    0.00    0.00    0.00    0.00    0.00  100.00
18:39:44      29    0.00    0.00    0.00    0.00    0.00    0.00    0.00    0.00    0.00  100.00

18:39:44     CPU    %usr   %nice    %sys %iowait    %irq   %soft  %steal  %guest  %gnice   %idle
18:39:45      12   73.47    0.00    0.00    0.00    0.00    0.00    0.00    0.00    0.00   26.53
18:39:45      13   27.00    0.00    0.00    0.00    0.00    0.00    0.00    0.00    0.00   73.00
18:39:45      28    0.00    0.00    0.00    0.00    0.00    0.00    0.00    0.00    0.00  100.00
18:39:45      29    0.00    0.00    0.00    0.00    0.00    0.00    0.00    0.00    0.00  100.00

18:39:45     CPU    %usr   %nice    %sys %iowait    %irq   %soft  %steal  %guest  %gnice   %idle
18:39:46      12   65.66    0.00    1.01    0.00    0.00    0.00    0.00    0.00    0.00   33.33
18:39:46      13   34.34    0.00    0.00    0.00    0.00    0.00    0.00    0.00    0.00   65.66
18:39:46      28    0.00    0.00    0.00    0.00    0.00    0.00    0.00    0.00    0.00  100.00
18:39:46      29    0.00    0.00    0.00    0.00    0.00    0.00    0.00    0.00    0.00  100.00

18:39:46     CPU    %usr   %nice    %sys %iowait    %irq   %soft  %steal  %guest  %gnice   %idle
18:39:47      12   67.35    0.00    0.00    0.00    0.00    0.00    0.00    0.00    0.00   32.65
18:39:47      13   33.33    0.00    0.00    0.00    0.00    0.00    0.00    0.00    0.00   66.67
18:39:47      28    0.00    0.00    0.00    0.00    0.00    0.00    0.00    0.00    0.00  100.00
18:39:47      29    0.00    0.00    0.00    0.00    0.00    0.00    0.00    0.00    0.00  100.00

18:39:47     CPU    %usr   %nice    %sys %iowait    %irq   %soft  %steal  %guest  %gnice   %idle
18:39:48      12   62.24    0.00    0.00    0.00    0.00    0.00    0.00    0.00    0.00   37.76
18:39:48      13   38.38    0.00    0.00    0.00    0.00    0.00    0.00    0.00    0.00   61.62
18:39:48      28    0.00    0.00    0.00    0.00    0.00    0.00    0.00    0.00    0.00  100.00
18:39:48      29    0.00    0.00    0.00    0.00    0.00    0.00    0.00    0.00    0.00  100.00

18:39:48     CPU    %usr   %nice    %sys %iowait    %irq   %soft  %steal  %guest  %gnice   %idle
18:39:49      12   61.22    0.00    0.00    0.00    0.00    0.00    0.00    0.00    0.00   38.78
18:39:49      13   39.80    0.00    0.00    0.00    0.00    0.00    0.00    0.00    0.00   60.20
18:39:49      28    0.00    0.00    0.00    0.00    0.00    0.00    0.00    0.00    0.00  100.00
18:39:49      29    0.00    0.00    0.00    0.00    0.00    0.00    0.00    0.00    0.00  100.00

18:39:49     CPU    %usr   %nice    %sys %iowait    %irq   %soft  %steal  %guest  %gnice   %idle
18:39:50      12   67.35    0.00    0.00    0.00    0.00    0.00    0.00    0.00    0.00   32.65
18:39:50      13   33.67    0.00    0.00    0.00    0.00    0.00    0.00    0.00    0.00   66.33
18:39:50      28    0.00    0.00    0.00    0.00    0.00    0.00    0.00    0.00    0.00  100.00
18:39:50      29    0.00    0.00    0.00    0.00    0.00    0.00    0.00    0.00    0.00  100.00

18:39:50     CPU    %usr   %nice    %sys %iowait    %irq   %soft  %steal  %guest  %gnice   %idle
18:39:51      12   60.20    0.00    0.00    0.00    0.00    0.00    0.00    0.00    0.00   39.80
18:39:51      13   41.00    0.00    0.00    0.00    0.00    0.00    0.00    0.00    0.00   59.00
18:39:51      28    0.00    0.00    0.00    0.00    0.00    0.00    0.00    0.00    0.00  100.00
18:39:51      29    0.00    0.00    0.00    0.00    0.00    0.00    0.00    0.00    0.00  100.00

18:39:51     CPU    %usr   %nice    %sys %iowait    %irq   %soft  %steal  %guest  %gnice   %idle
18:39:52      12   58.76    0.00    0.00    0.00    0.00    0.00    0.00    0.00    0.00   41.24
18:39:52      13   41.84    0.00    1.02    0.00    0.00    0.00    0.00    0.00    0.00   57.14
18:39:52      28    0.00    0.00    0.00    0.00    0.00    0.00    0.00    0.00    0.00  100.00
18:39:52      29    0.00    0.00    0.00    0.00    0.00    0.00    0.00    0.00    0.00  100.00

18:39:52     CPU    %usr   %nice    %sys %iowait    %irq   %soft  %steal  %guest  %gnice   %idle
18:39:53      12   54.74    0.00    1.05    0.00    0.00    0.00    0.00    0.00    0.00   44.21
18:39:53      13   48.96    0.00    1.04    0.00    0.00    0.00    0.00    0.00    0.00   50.00
18:39:53      28    0.00    0.00    0.00    0.00    0.00    0.00    0.00    0.00    0.00  100.00
18:39:53      29    0.00    0.00    0.00    0.00    0.00    0.00    0.00    0.00    0.00  100.00

18:39:53     CPU    %usr   %nice    %sys %iowait    %irq   %soft  %steal  %guest  %gnice   %idle
18:39:54      12   58.76    0.00    2.06    0.00    0.00    0.00    0.00    0.00    0.00   39.18
18:39:54      13   44.21    0.00    0.00    0.00    0.00    0.00    0.00    0.00    0.00   55.79
18:39:54      28    0.00    0.00    0.00    0.00    0.00    0.00    0.00    0.00    0.00  100.00
18:39:54      29    0.00    0.00    0.00    0.00    0.00    0.00    0.00    0.00    0.00  100.00

18:39:54     CPU    %usr   %nice    %sys %iowait    %irq   %soft  %steal  %guest  %gnice   %idle
18:39:55      12   87.76    0.00    1.02    0.00    0.00    0.00    0.00    0.00    0.00   11.22
18:39:55      13   15.79    0.00    1.05    0.00    0.00    0.00    0.00    0.00    0.00   83.16
18:39:55      28    0.00    0.00    0.00    0.00    0.00    0.00    0.00    0.00    0.00  100.00
18:39:55      29    0.00    0.00    0.00    0.00    0.00    0.00    0.00    0.00    0.00  100.00

18:39:55     CPU    %usr   %nice    %sys %iowait    %irq   %soft  %steal  %guest  %gnice   %idle
18:39:56      12   83.84    0.00    1.01    0.00    0.00    0.00    0.00    0.00    0.00   15.15
18:39:56      13   19.39    0.00    3.06    0.00    0.00    0.00    0.00    0.00    0.00   77.55
18:39:56      28    0.00    0.00    0.00    0.00    0.00    0.00    0.00    0.00    0.00  100.00
18:39:56      29    0.00    0.00    0.00    0.00    0.00    0.00    0.00    0.00    0.00  100.00

18:39:56     CPU    %usr   %nice    %sys %iowait    %irq   %soft  %steal  %guest  %gnice   %idle
18:39:57      12   82.35    0.00    1.96    0.00    0.00    0.00    0.00    0.00    0.00   15.69
18:39:57      13   20.00    0.00    7.62    0.00    0.00    0.00    0.00    0.00    0.00   72.38
18:39:57      28    0.00    0.00    0.00    0.00    0.00    0.00    0.00    0.00    0.00  100.00
18:39:57      29    0.00    0.00    0.00    0.00    0.00    0.00    0.00    0.00    0.00  100.00

18:39:57     CPU    %usr   %nice    %sys %iowait    %irq   %soft  %steal  %guest  %gnice   %idle
18:39:58      12   75.73    0.00    3.88    0.00    0.00    0.00    0.00    0.00    0.00   20.39
18:39:58      13   25.00    0.00   10.19    0.00    0.00    0.00    0.00    0.00    0.00   64.81
18:39:58      28    0.00    0.00    0.00    0.00    0.00    0.00    0.00    0.00    0.00  100.00
18:39:58      29    0.00    0.00    0.00    0.00    0.00    0.00    0.00    0.00    0.00  100.00

18:39:58     CPU    %usr   %nice    %sys %iowait    %irq   %soft  %steal  %guest  %gnice   %idle
18:39:59      12   60.19    0.00    3.88    0.00    0.00    0.00    0.00    0.00    0.00   35.92
18:39:59      13   41.00    0.00    4.00    0.00    0.00    0.00    0.00    0.00    0.00   55.00
18:39:59      28    0.00    0.00    0.00    0.00    0.00    0.00    0.00    0.00    0.00  100.00
18:39:59      29    0.00    0.00    0.00    0.00    0.00    0.00    0.00    0.00    0.00  100.00

18:39:59     CPU    %usr   %nice    %sys %iowait    %irq   %soft  %steal  %guest  %gnice   %idle
18:40:00      12   51.00    0.00    3.00    0.00    0.00    0.00    0.00    0.00    0.00   46.00
18:40:00      13   52.53    0.00    2.02    0.00    0.00    0.00    0.00    0.00    0.00   45.45
18:40:00      28    0.00    0.00    0.00    0.00    0.00    0.00    0.00    0.00    0.00  100.00
18:40:00      29    0.00    0.00    0.00    0.00    0.00    0.00    0.00    0.00    0.00  100.00

18:40:00     CPU    %usr   %nice    %sys %iowait    %irq   %soft  %steal  %guest  %gnice   %idle
18:40:01      12   54.08    0.00    0.00    0.00    0.00    0.00    0.00    0.00    0.00   45.92
18:40:01      13   47.96    0.00    0.00    0.00    0.00    0.00    0.00    0.00    0.00   52.04
18:40:01      28    0.00    0.00    0.00    0.00    0.00    0.00    0.00    0.00    0.00  100.00
18:40:01      29    0.00    0.00    0.00    0.00    0.00    0.00    0.00    0.00    0.00  100.00

18:40:01     CPU    %usr   %nice    %sys %iowait    %irq   %soft  %steal  %guest  %gnice   %idle
18:40:02      12   62.63    0.00    1.01    0.00    0.00    0.00    0.00    0.00    0.00   36.36
18:40:02      13   37.76    0.00    0.00    0.00    0.00    0.00    0.00    0.00    0.00   62.24
18:40:02      28    0.00    0.00    0.00    0.00    0.00    0.00    0.00    0.00    0.00  100.00
18:40:02      29    0.00    0.00    0.00    0.00    0.00    0.00    0.00    0.00    0.00  100.00

18:40:02     CPU    %usr   %nice    %sys %iowait    %irq   %soft  %steal  %guest  %gnice   %idle
18:40:03      12   84.85    0.00    0.00    0.00    0.00    0.00    0.00    0.00    0.00   15.15
18:40:03      13   14.58    0.00    0.00    0.00    0.00    0.00    0.00    0.00    0.00   85.42
18:40:03      28    0.00    0.00    0.00    0.00    0.00    0.00    0.00    0.00    0.00  100.00
18:40:03      29    0.00    0.00    0.00    0.00    0.00    0.00    0.00    0.00    0.00  100.00

18:40:03     CPU    %usr   %nice    %sys %iowait    %irq   %soft  %steal  %guest  %gnice   %idle
18:40:04      12   78.57    0.00    0.00    0.00    0.00    0.00    0.00    0.00    0.00   21.43
18:40:04      13   21.65    0.00    0.00    0.00    0.00    0.00    0.00    0.00    0.00   78.35
18:40:04      28    0.00    0.00    0.99    0.00    0.00    0.00    0.00    0.00    0.00   99.01
18:40:04      29    0.00    0.00    0.99    0.00    0.00    0.00    0.00    0.00    0.00   99.01

18:40:04     CPU    %usr   %nice    %sys %iowait    %irq   %soft  %steal  %guest  %gnice   %idle
18:40:05      12  100.00    0.00    0.00    0.00    0.00    0.00    0.00    0.00    0.00    0.00
18:40:05      13    1.00    0.00    0.00    0.00    0.00    0.00    0.00    0.00    0.00   99.00
18:40:05      28    0.00    0.00    0.00    0.00    0.00    0.00    0.00    0.00    0.00  100.00
18:40:05      29    0.00    0.00    0.00    0.00    0.00    0.00    0.00    0.00    0.00  100.00

18:40:05     CPU    %usr   %nice    %sys %iowait    %irq   %soft  %steal  %guest  %gnice   %idle
18:40:06      12   96.97    0.00    0.00    0.00    0.00    0.00    0.00    0.00    0.00    3.03
18:40:06      13    3.03    0.00    1.01    0.00    0.00    0.00    0.00    0.00    0.00   95.96
18:40:06      28    0.00    0.00    0.00    0.00    0.00    0.00    0.00    0.00    0.00  100.00
18:40:06      29    0.00    0.00    0.00    0.00    0.00    0.00    0.00    0.00    0.00  100.00

18:40:06     CPU    %usr   %nice    %sys %iowait    %irq   %soft  %steal  %guest  %gnice   %idle
18:40:07      12  100.00    0.00    0.00    0.00    0.00    0.00    0.00    0.00    0.00    0.00
18:40:07      13    0.00    0.00    0.00    0.00    0.00    0.00    0.00    0.00    0.00  100.00
18:40:07      28    0.00    0.00    0.00    0.00    0.00    0.00    0.00    0.00    0.00  100.00
18:40:07      29    0.00    0.00    0.00    0.00    0.00    0.00    0.00    0.00    0.00  100.00

18:40:07     CPU    %usr   %nice    %sys %iowait    %irq   %soft  %steal  %guest  %gnice   %idle
18:40:08      12   99.00    0.00    0.00    0.00    0.00    0.00    0.00    0.00    0.00    1.00
18:40:08      13    0.00    0.00    0.00    0.00    0.00    0.00    0.00    0.00    0.00  100.00
18:40:08      28    0.00    0.00    0.00    0.00    0.00    0.00    0.00    0.00    0.00  100.00
18:40:08      29    0.00    0.00    0.00    0.00    0.00    0.00    0.00    0.00    0.00  100.00

18:40:08     CPU    %usr   %nice    %sys %iowait    %irq   %soft  %steal  %guest  %gnice   %idle
18:40:09      12  100.00    0.00    0.00    0.00    0.00    0.00    0.00    0.00    0.00    0.00
18:40:09      13    1.01    0.00    0.00    0.00    0.00    0.00    0.00    0.00    0.00   98.99
18:40:09      28    0.00    0.00    0.00    0.00    0.00    0.00    0.00    0.00    0.00  100.00
18:40:09      29    0.00    0.00    0.00    0.00    0.00    0.00    0.00    0.00    0.00  100.00

18:40:09     CPU    %usr   %nice    %sys %iowait    %irq   %soft  %steal  %guest  %gnice   %idle
18:40:10      12   98.99    0.00    0.00    0.00    0.00    0.00    0.00    0.00    0.00    1.01
18:40:10      13    1.02    0.00    0.00    0.00    0.00    0.00    0.00    0.00    0.00   98.98
18:40:10      28    0.00    0.00    0.00    0.00    0.00    0.00    0.00    0.00    0.00  100.00
18:40:10      29    0.00    0.00    0.00    0.00    0.00    0.00    0.00    0.00    0.00  100.00

18:40:10     CPU    %usr   %nice    %sys %iowait    %irq   %soft  %steal  %guest  %gnice   %idle
18:40:11      12   99.01    0.00    0.00    0.00    0.00    0.00    0.00    0.00    0.00    0.99
18:40:11      13    2.97    0.00    0.00    0.00    0.00    0.00    0.00    0.00    0.00   97.03
18:40:11      28    0.00    0.00    0.00    0.00    0.00    0.00    0.00    0.00    0.00  100.00
18:40:11      29    0.00    0.00    0.00    0.00    0.00    0.00    0.00    0.00    0.00  100.00

18:40:11     CPU    %usr   %nice    %sys %iowait    %irq   %soft  %steal  %guest  %gnice   %idle
18:40:12      12   94.00    0.00    0.00    0.00    0.00    0.00    0.00    0.00    0.00    6.00
18:40:12      13    8.08    0.00    0.00    0.00    0.00    0.00    0.00    0.00    0.00   91.92
18:40:12      28    0.00    0.00    0.00    0.00    0.00    0.00    0.00    0.00    0.00  100.00
18:40:12      29    0.00    0.00    0.00    0.00    0.00    0.00    0.00    0.00    0.00  100.00

18:40:12     CPU    %usr   %nice    %sys %iowait    %irq   %soft  %steal  %guest  %gnice   %idle
18:40:13      12   56.70    0.00    0.00    0.00    0.00    0.00    0.00    0.00    0.00   43.30
18:40:13      13   46.94    0.00    0.00    0.00    0.00    0.00    0.00    0.00    0.00   53.06
18:40:13      28    0.00    0.00    0.00    0.00    0.00    0.00    0.00    0.00    0.00  100.00
18:40:13      29    0.00    0.00    0.00    0.00    0.00    0.00    0.00    0.00    0.00  100.00

18:40:13     CPU    %usr   %nice    %sys %iowait    %irq   %soft  %steal  %guest  %gnice   %idle
18:40:14      12   52.08    0.00    0.00    0.00    0.00    0.00    0.00    0.00    0.00   47.92
18:40:14      13   51.55    0.00    0.00    0.00    0.00    0.00    0.00    0.00    0.00   48.45
18:40:14      28    0.00    0.00    0.00    0.00    0.00    0.00    0.00    0.00    0.00  100.00
18:40:14      29    0.00    0.00    0.00    0.00    0.00    0.00    0.00    0.00    0.00  100.00

18:40:14     CPU    %usr   %nice    %sys %iowait    %irq   %soft  %steal  %guest  %gnice   %idle
18:40:15      12   51.02    0.00    0.00    0.00    0.00    0.00    0.00    0.00    0.00   48.98
18:40:15      13   52.58    0.00    0.00    0.00    0.00    0.00    0.00    0.00    0.00   47.42
18:40:15      28    0.00    0.00    0.00    0.00    0.00    0.00    0.00    0.00    0.00  100.00
18:40:15      29    0.00    0.00    0.00    0.00    0.00    0.00    0.00    0.00    0.00  100.00

18:40:15     CPU    %usr   %nice    %sys %iowait    %irq   %soft  %steal  %guest  %gnice   %idle
18:40:16      12   53.12    0.00    0.00    0.00    0.00    0.00    0.00    0.00    0.00   46.88
18:40:16      13   49.48    0.00    0.00    0.00    0.00    0.00    0.00    0.00    0.00   50.52
18:40:16      28    0.00    0.00    0.00    0.00    0.00    0.00    0.00    0.00    0.00  100.00
18:40:16      29    0.00    0.00    0.00    0.00    0.00    0.00    0.00    0.00    0.00  100.00

18:40:16     CPU    %usr   %nice    %sys %iowait    %irq   %soft  %steal  %guest  %gnice   %idle
18:40:17      12   60.82    0.00    0.00    0.00    0.00    0.00    0.00    0.00    0.00   39.18
18:40:17      13   40.00    0.00    0.00    0.00    0.00    0.00    0.00    0.00    0.00   60.00
18:40:17      28    0.00    0.00    0.00    0.00    0.00    0.00    0.00    0.00    0.00  100.00
18:40:17      29    0.00    0.00    0.00    0.00    0.00    0.00    0.00    0.00    0.00  100.00

18:40:17     CPU    %usr   %nice    %sys %iowait    %irq   %soft  %steal  %guest  %gnice   %idle
18:40:18      12   66.33    0.00    0.00    0.00    0.00    0.00    0.00    0.00    0.00   33.67
18:40:18      13   34.34    0.00    0.00    0.00    0.00    0.00    0.00    0.00    0.00   65.66
18:40:18      28    0.00    0.00    0.00    0.00    0.00    0.00    0.00    0.00    0.00  100.00
18:40:18      29    0.00    0.00    0.00    0.00    0.00    0.00    0.00    0.00    0.00  100.00

18:40:18     CPU    %usr   %nice    %sys %iowait    %irq   %soft  %steal  %guest  %gnice   %idle
18:40:19      12   70.41    0.00    0.00    0.00    0.00    0.00    0.00    0.00    0.00   29.59
18:40:19      13   30.30    0.00    0.00    0.00    0.00    0.00    0.00    0.00    0.00   69.70
18:40:19      28    0.00    0.00    0.00    0.00    0.00    0.00    0.00    0.00    0.00  100.00
18:40:19      29    0.00    0.00    0.00    0.00    0.00    0.00    0.00    0.00    0.00  100.00

18:40:19     CPU    %usr   %nice    %sys %iowait    %irq   %soft  %steal  %guest  %gnice   %idle
18:40:20      12   66.33    0.00    0.00    0.00    0.00    0.00    0.00    0.00    0.00   33.67
18:40:20      13   34.34    0.00    1.01    0.00    0.00    0.00    0.00    0.00    0.00   64.65
18:40:20      28    0.00    0.00    0.00    0.00    0.00    0.00    0.00    0.00    0.00  100.00
18:40:20      29    0.00    0.00    0.00    0.00    0.00    0.00    0.00    0.00    0.00  100.00

18:40:20     CPU    %usr   %nice    %sys %iowait    %irq   %soft  %steal  %guest  %gnice   %idle
18:40:21      12   52.53    0.00    1.01    0.00    0.00    0.00    0.00    0.00    0.00   46.46
18:40:21      13   48.00    0.00    0.00    0.00    0.00    0.00    0.00    0.00    0.00   52.00
18:40:21      28    0.00    0.00    0.00    0.00    0.00    0.00    0.00    0.00    0.00  100.00
18:40:21      29    0.00    0.00    0.00    0.00    0.00    0.00    0.00    0.00    0.00  100.00

18:40:21     CPU    %usr   %nice    %sys %iowait    %irq   %soft  %steal  %guest  %gnice   %idle
18:40:22      12   65.31    0.00    0.00    0.00    0.00    0.00    0.00    0.00    0.00   34.69
18:40:22      13   35.35    0.00    1.01    0.00    0.00    0.00    0.00    0.00    0.00   63.64
18:40:22      28    0.00    0.00    0.00    0.00    0.00    0.00    0.00    0.00    0.00  100.00
18:40:22      29    0.00    0.00    0.00    0.00    0.00    0.00    0.00    0.00    0.00  100.00

18:40:22     CPU    %usr   %nice    %sys %iowait    %irq   %soft  %steal  %guest  %gnice   %idle
18:40:23      12   65.98    0.00    0.00    0.00    0.00    0.00    0.00    0.00    0.00   34.02
18:40:23      13   35.00    0.00    0.00    0.00    0.00    0.00    0.00    0.00    0.00   65.00
18:40:23      28    0.00    0.00    0.00    0.00    0.00    0.00    0.00    0.00    0.00  100.00
18:40:23      29    0.00    0.00    0.00    0.00    0.00    0.00    0.00    0.00    0.00  100.00

18:40:23     CPU    %usr   %nice    %sys %iowait    %irq   %soft  %steal  %guest  %gnice   %idle
18:40:24      12   63.92    0.00    1.03    0.00    0.00    0.00    0.00    0.00    0.00   35.05
18:40:24      13   36.73    0.00    0.00    0.00    0.00    0.00    0.00    0.00    0.00   63.27
18:40:24      28    0.00    0.00    0.00    0.00    0.00    0.00    0.00    0.00    0.00  100.00
18:40:24      29    0.00    0.00    0.00    0.00    0.00    0.00    0.00    0.00    0.00  100.00

18:40:24     CPU    %usr   %nice    %sys %iowait    %irq   %soft  %steal  %guest  %gnice   %idle
18:40:25      12   54.74    0.00    0.00    0.00    0.00    0.00    0.00    0.00    0.00   45.26
18:40:25      13   50.52    0.00    1.03    0.00    0.00    0.00    0.00    0.00    0.00   48.45
18:40:25      28    0.00    0.00    0.00    0.00    0.00    0.00    0.00    0.00    0.00  100.00
18:40:25      29    0.00    0.00    0.00    0.00    0.00    0.00    0.00    0.00    0.00  100.00

18:40:25     CPU    %usr   %nice    %sys %iowait    %irq   %soft  %steal  %guest  %gnice   %idle
18:40:26      12   73.74    0.00    1.01    0.00    0.00    0.00    0.00    0.00    0.00   25.25
18:40:26      13   30.11    0.00    0.00    0.00    0.00    0.00    0.00    0.00    0.00   69.89
18:40:26      28    0.00    0.00    0.00    0.00    0.00    0.00    0.00    0.00    0.00  100.00
18:40:26      29    0.00    0.00    0.00    0.00    0.00    0.00    0.00    0.00    0.00  100.00

18:40:26     CPU    %usr   %nice    %sys %iowait    %irq   %soft  %steal  %guest  %gnice   %idle
18:40:27      12   85.86    0.00    0.00    0.00    0.00    0.00    0.00    0.00    0.00   14.14
18:40:27      13   16.13    0.00    0.00    0.00    0.00    0.00    0.00    0.00    0.00   83.87
18:40:27      28    0.00    0.00    0.00    0.00    0.00    0.00    0.00    0.00    0.00  100.00
18:40:27      29    0.00    0.00    0.00    0.00    0.00    0.00    0.00    0.00    0.00  100.00

18:40:27     CPU    %usr   %nice    %sys %iowait    %irq   %soft  %steal  %guest  %gnice   %idle
18:40:28      12   84.85    0.00    1.01    0.00    0.00    0.00    0.00    0.00    0.00   14.14
18:40:28      13   19.59    0.00    1.03    0.00    0.00    0.00    0.00    0.00    0.00   79.38
18:40:28      28    0.00    0.00    0.00    0.00    0.00    0.00    0.00    0.00    0.00  100.00
18:40:28      29    0.00    0.00    0.00    0.00    0.00    0.00    0.00    0.00    0.00  100.00

18:40:28     CPU    %usr   %nice    %sys %iowait    %irq   %soft  %steal  %guest  %gnice   %idle
18:40:29      12   60.38    0.00    6.60    0.00    0.00    0.00    0.00    0.00    0.00   33.02
18:40:29      13   37.96    0.00    9.26    0.00    0.00    0.00    0.00    0.00    0.00   52.78
18:40:29      28    0.00    0.00    0.00    0.00    0.00    0.00    0.00    0.00    0.00  100.00
18:40:29      29    0.00    0.00    0.00    0.00    0.00    0.00    0.00    0.00    0.00  100.00

18:40:29     CPU    %usr   %nice    %sys %iowait    %irq   %soft  %steal  %guest  %gnice   %idle
18:40:30      12   71.15    0.00    4.81    0.00    0.00    0.00    0.00    0.00    0.00   24.04
18:40:30      13   30.00    0.00   10.00    0.00    0.00    0.00    0.00    0.00    0.00   60.00
18:40:30      28    0.00    0.00    0.00    0.00    0.00    0.00    0.00    0.00    0.00  100.00
18:40:30      29    0.00    0.00    0.00    0.00    0.00    0.00    0.00    0.00    0.00  100.00

18:40:30     CPU    %usr   %nice    %sys %iowait    %irq   %soft  %steal  %guest  %gnice   %idle
18:40:31      12   89.90    0.00    1.01    0.00    0.00    0.00    0.00    0.00    0.00    9.09
18:40:31      13   11.76    0.00    6.86    0.00    0.00    0.00    0.00    0.00    0.00   81.37
18:40:31      28    0.00    0.00    0.00    0.00    0.00    0.00    0.00    0.00    0.00  100.00
18:40:31      29    0.00    0.00    0.00    0.00    0.00    0.00    0.00    0.00    0.00  100.00

18:40:31     CPU    %usr   %nice    %sys %iowait    %irq   %soft  %steal  %guest  %gnice   %idle
18:40:32      12   89.00    0.00    1.00    0.00    0.00    0.00    0.00    0.00    0.00   10.00
18:40:32      13   12.38    0.00    8.57    0.00    0.00    0.00    0.00    0.00    0.00   79.05
18:40:32      28    0.00    0.00    0.00    0.00    0.00    0.00    0.00    0.00    0.00  100.00
18:40:32      29    0.00    0.00    0.00    0.00    0.00    0.00    0.00    0.00    0.00  100.00

18:40:32     CPU    %usr   %nice    %sys %iowait    %irq   %soft  %steal  %guest  %gnice   %idle
18:40:33      12   83.00    0.00    1.00    0.00    0.00    0.00    0.00    0.00    0.00   16.00
18:40:33      13   20.83    0.00    4.17    0.00    0.00    0.00    0.00    0.00    0.00   75.00
18:40:33      28    0.00    0.00    0.00    0.00    0.00    0.00    0.00    0.00    0.00  100.00
18:40:33      29    0.00    0.00    0.00    0.00    0.00    0.00    0.00    0.00    0.00  100.00

18:40:33     CPU    %usr   %nice    %sys %iowait    %irq   %soft  %steal  %guest  %gnice   %idle
18:40:34      12   61.62    0.00    3.03    0.00    0.00    0.00    0.00    0.00    0.00   35.35
18:40:34      13   41.24    0.00    3.09    0.00    0.00    0.00    0.00    0.00    0.00   55.67
18:40:34      28    0.00    0.00    0.00    0.00    0.00    0.00    0.00    0.00    0.00  100.00
18:40:34      29    0.00    0.00    0.00    0.00    0.00    0.00    0.00    0.00    0.00  100.00

18:40:34     CPU    %usr   %nice    %sys %iowait    %irq   %soft  %steal  %guest  %gnice   %idle
18:40:35      12   83.00    0.00    1.00    0.00    0.00    0.00    0.00    0.00    0.00   16.00
18:40:35      13   19.59    0.00    4.12    0.00    0.00    0.00    0.00    0.00    0.00   76.29
18:40:35      28    0.00    0.00    0.00    0.00    0.00    0.00    0.00    0.00    0.00  100.00
18:40:35      29    0.00    0.00    0.00    0.00    0.00    0.00    0.00    0.00    0.00  100.00

18:40:35     CPU    %usr   %nice    %sys %iowait    %irq   %soft  %steal  %guest  %gnice   %idle
18:40:36      12   94.00    0.00    1.00    0.00    0.00    0.00    0.00    0.00    0.00    5.00
18:40:36      13    7.22    0.00    3.09    0.00    0.00    0.00    0.00    0.00    0.00   89.69
18:40:36      28    0.00    0.00    0.00    0.00    0.00    0.00    0.00    0.00    0.00  100.00
18:40:36      29    0.00    0.00    0.00    0.00    0.00    0.00    0.00    0.00    0.00  100.00

18:40:36     CPU    %usr   %nice    %sys %iowait    %irq   %soft  %steal  %guest  %gnice   %idle
18:40:37      12  100.00    0.00    0.00    0.00    0.00    0.00    0.00    0.00    0.00    0.00
18:40:37      13    0.00    0.00    1.01    0.00    0.00    0.00    0.00    0.00    0.00   98.99
18:40:37      28    0.00    0.00    0.00    0.00    0.00    0.00    0.00    0.00    0.00  100.00
18:40:37      29    0.00    0.00    0.00    0.00    0.00    0.00    0.00    0.00    0.00  100.00

18:40:37     CPU    %usr   %nice    %sys %iowait    %irq   %soft  %steal  %guest  %gnice   %idle
18:40:38      12  100.00    0.00    0.00    0.00    0.00    0.00    0.00    0.00    0.00    0.00
18:40:38      13    0.00    0.00    0.00    0.00    0.00    0.00    0.00    0.00    0.00  100.00
18:40:38      28    0.00    0.00    0.00    0.00    0.00    0.00    0.00    0.00    0.00  100.00
18:40:38      29    0.00    0.00    0.00    0.00    0.00    0.00    0.00    0.00    0.00  100.00

18:40:38     CPU    %usr   %nice    %sys %iowait    %irq   %soft  %steal  %guest  %gnice   %idle
18:40:39      12  100.00    0.00    0.00    0.00    0.00    0.00    0.00    0.00    0.00    0.00
18:40:39      13    0.00    0.00    0.00    0.00    0.00    0.00    0.00    0.00    0.00  100.00
18:40:39      28    0.00    0.00    0.00    0.00    0.00    0.00    0.00    0.00    0.00  100.00
18:40:39      29    0.00    0.00    0.00    0.00    0.00    0.00    0.00    0.00    0.00  100.00

18:40:39     CPU    %usr   %nice    %sys %iowait    %irq   %soft  %steal  %guest  %gnice   %idle
18:40:40      12  100.00    0.00    0.00    0.00    0.00    0.00    0.00    0.00    0.00    0.00
18:40:40      13    0.00    0.00    0.00    0.00    0.00    0.00    0.00    0.00    0.00  100.00
18:40:40      28    0.00    0.00    0.00    0.00    0.00    0.00    0.00    0.00    0.00  100.00
18:40:40      29    0.00    0.00    0.00    0.00    0.00    0.00    0.00    0.00    0.00  100.00

18:40:40     CPU    %usr   %nice    %sys %iowait    %irq   %soft  %steal  %guest  %gnice   %idle
18:40:41      12  100.00    0.00    0.00    0.00    0.00    0.00    0.00    0.00    0.00    0.00
18:40:41      13    1.01    0.00    0.00    0.00    0.00    0.00    0.00    0.00    0.00   98.99
18:40:41      28    0.00    0.00    0.00    0.00    0.00    0.00    0.00    0.00    0.00  100.00
18:40:41      29    0.00    0.00    0.00    0.00    0.00    0.00    0.00    0.00    0.00  100.00

18:40:41     CPU    %usr   %nice    %sys %iowait    %irq   %soft  %steal  %guest  %gnice   %idle
18:40:42      12  100.00    0.00    0.00    0.00    0.00    0.00    0.00    0.00    0.00    0.00
18:40:42      13    0.00    0.00    1.02    0.00    0.00    0.00    0.00    0.00    0.00   98.98
18:40:42      28    0.00    0.00    0.00    0.00    0.00    0.00    0.00    0.00    0.00  100.00
18:40:42      29    0.00    0.00    0.00    0.00    0.00    0.00    0.00    0.00    0.00  100.00

18:40:42     CPU    %usr   %nice    %sys %iowait    %irq   %soft  %steal  %guest  %gnice   %idle
18:40:43      12   99.01    0.00    0.00    0.00    0.00    0.00    0.00    0.00    0.00    0.99
18:40:43      13    1.01    0.00    3.03    0.00    0.00    0.00    0.00    0.00    0.00   95.96
18:40:43      28    0.00    0.00    0.00    0.00    0.00    0.00    0.00    0.00    0.00  100.00
18:40:43      29    0.00    0.00    0.00    0.00    0.00    0.00    0.00    0.00    0.00  100.00

18:40:43     CPU    %usr   %nice    %sys %iowait    %irq   %soft  %steal  %guest  %gnice   %idle
18:40:44      12  100.00    0.00    0.00    0.00    0.00    0.00    0.00    0.00    0.00    0.00
18:40:44      13    0.00    0.00    0.00    0.00    0.00    0.00    0.00    0.00    0.00  100.00
18:40:44      28    0.00    0.00    0.00    0.00    0.00    0.00    0.00    0.00    0.00  100.00
18:40:44      29    0.00    0.00    0.00    0.00    0.00    0.00    0.00    0.00    0.00  100.00

18:40:44     CPU    %usr   %nice    %sys %iowait    %irq   %soft  %steal  %guest  %gnice   %idle
18:40:45      12   87.88    0.00    0.00    0.00    0.00    0.00    0.00    0.00    0.00   12.12
18:40:45      13   13.83    0.00    0.00    0.00    0.00    0.00    0.00    0.00    0.00   86.17
18:40:45      28    0.00    0.00    0.00    0.00    0.00    0.00    0.00    0.00    0.00  100.00
18:40:45      29    0.00    0.00    0.00    0.00    0.00    0.00    0.00    0.00    0.00  100.00

18:40:45     CPU    %usr   %nice    %sys %iowait    %irq   %soft  %steal  %guest  %gnice   %idle
18:40:46      12   81.82    0.00    0.00    0.00    0.00    0.00    0.00    0.00    0.00   18.18
18:40:46      13   20.00    0.00    0.00    0.00    0.00    0.00    0.00    0.00    0.00   80.00
18:40:46      28    0.00    0.00    0.00    0.00    0.00    0.00    0.00    0.00    0.00  100.00
18:40:46      29    0.00    0.00    0.00    0.00    0.00    0.00    0.00    0.00    0.00  100.00

18:40:46     CPU    %usr   %nice    %sys %iowait    %irq   %soft  %steal  %guest  %gnice   %idle
18:40:47      12   86.87    0.00    0.00    0.00    0.00    0.00    0.00    0.00    0.00   13.13
18:40:47      13   14.74    0.00    0.00    0.00    0.00    0.00    0.00    0.00    0.00   85.26
18:40:47      28    0.00    0.00    0.00    0.00    0.00    0.00    0.00    0.00    0.00  100.00
18:40:47      29    0.00    0.00    0.00    0.00    0.00    0.00    0.00    0.00    0.00  100.00

18:40:47     CPU    %usr   %nice    %sys %iowait    %irq   %soft  %steal  %guest  %gnice   %idle
18:40:48      12   70.41    0.00    0.00    0.00    0.00    0.00    0.00    0.00    0.00   29.59
18:40:48      13   32.29    0.00    0.00    0.00    0.00    0.00    0.00    0.00    0.00   67.71
18:40:48      28    0.99    0.00    0.00    0.00    0.00    0.00    0.00    0.00    0.00   99.01
18:40:48      29    0.00    0.00    0.00    0.00    0.00    0.00    0.00    0.00    0.00  100.00

18:40:48     CPU    %usr   %nice    %sys %iowait    %irq   %soft  %steal  %guest  %gnice   %idle
18:40:49      12   77.00    0.00    0.00    0.00    0.00    0.00    0.00    0.00    0.00   23.00
18:40:49      13   23.47    0.00    0.00    0.00    0.00    0.00    0.00    0.00    0.00   76.53
18:40:49      28    0.00    0.00    0.00    0.00    0.00    0.00    0.00    0.00    0.00  100.00
18:40:49      29    0.00    0.00    0.00    0.00    0.00    0.00    0.00    0.00    0.00  100.00

18:40:49     CPU    %usr   %nice    %sys %iowait    %irq   %soft  %steal  %guest  %gnice   %idle
18:40:50      12   66.67    0.00    1.01    0.00    0.00    0.00    0.00    0.00    0.00   32.32
18:40:50      13   33.33    0.00    0.00    0.00    0.00    0.00    0.00    0.00    0.00   66.67
18:40:50      28    0.00    0.00    0.00    0.00    0.00    0.00    0.00    0.00    0.00  100.00
18:40:50      29    0.00    0.00    0.00    0.00    0.00    0.00    0.00    0.00    0.00  100.00

18:40:50     CPU    %usr   %nice    %sys %iowait    %irq   %soft  %steal  %guest  %gnice   %idle
18:40:51      12   55.67    0.00    0.00    0.00    0.00    0.00    0.00    0.00    0.00   44.33
18:40:51      13   45.10    0.00    0.98    0.00    0.00    0.00    0.00    0.00    0.00   53.92
18:40:51      28    0.00    0.00    0.00    0.00    0.00    0.00    0.00    0.00    0.00  100.00
18:40:51      29    0.00    0.00    0.00    0.00    0.00    0.00    0.00    0.00    0.00  100.00

18:40:51     CPU    %usr   %nice    %sys %iowait    %irq   %soft  %steal  %guest  %gnice   %idle
18:40:52      12   59.79    0.00    0.00    0.00    0.00    0.00    0.00    0.00    0.00   40.21
18:40:52      13   40.40    0.00    0.00    0.00    0.00    0.00    0.00    0.00    0.00   59.60
18:40:52      28    0.00    0.00    0.00    0.00    0.00    0.00    0.00    0.00    0.00  100.00
18:40:52      29    0.00    0.00    0.00    0.00    0.00    0.00    0.00    0.00    0.00  100.00

18:40:52     CPU    %usr   %nice    %sys %iowait    %irq   %soft  %steal  %guest  %gnice   %idle
18:40:53      12   64.95    0.00    0.00    0.00    0.00    0.00    0.00    0.00    0.00   35.05
18:40:53      13   37.00    0.00    1.00    0.00    0.00    0.00    0.00    0.00    0.00   62.00
18:40:53      28    0.00    0.00    0.00    0.00    0.00    0.00    0.00    0.00    0.00  100.00
18:40:53      29    0.00    0.00    0.00    0.00    0.00    0.00    0.00    0.00    0.00  100.00

18:40:53     CPU    %usr   %nice    %sys %iowait    %irq   %soft  %steal  %guest  %gnice   %idle
18:40:54      12   59.60    0.00    1.01    0.00    0.00    0.00    0.00    0.00    0.00   39.39
18:40:54      13   40.82    0.00    0.00    0.00    0.00    0.00    0.00    0.00    0.00   59.18
18:40:54      28    0.00    0.00    0.00    0.00    0.00    0.00    0.00    0.00    0.00  100.00
18:40:54      29    0.00    0.00    0.00    0.00    0.00    0.00    0.00    0.00    0.00  100.00

18:40:54     CPU    %usr   %nice    %sys %iowait    %irq   %soft  %steal  %guest  %gnice   %idle
18:40:55      12   60.20    0.00    0.00    0.00    0.00    0.00    0.00    0.00    0.00   39.80
18:40:55      13   40.59    0.00    0.99    0.00    0.00    0.00    0.00    0.00    0.00   58.42
18:40:55      28    0.00    0.00    0.00    0.00    0.00    0.00    0.00    0.00    0.00  100.00
18:40:55      29    0.00    0.00    0.00    0.00    0.00    0.00    0.00    0.00    0.00  100.00

18:40:55     CPU    %usr   %nice    %sys %iowait    %irq   %soft  %steal  %guest  %gnice   %idle
18:40:56      12   88.89    0.00    0.00    0.00    0.00    0.00    0.00    0.00    0.00   11.11
18:40:56      13   12.24    0.00    0.00    0.00    0.00    0.00    0.00    0.00    0.00   87.76
18:40:56      28    0.00    0.00    0.00    0.00    0.00    0.00    0.00    0.00    0.00  100.00
18:40:56      29    0.00    0.00    0.00    0.00    0.00    0.00    0.00    0.00    0.00  100.00

18:40:56     CPU    %usr   %nice    %sys %iowait    %irq   %soft  %steal  %guest  %gnice   %idle
18:40:57      12   83.67    0.00    0.00    0.00    0.00    0.00    0.00    0.00    0.00   16.33
18:40:57      13   20.43    0.00    0.00    0.00    0.00    0.00    0.00    0.00    0.00   79.57
18:40:57      28    0.00    0.00    0.00    0.00    0.00    0.00    0.00    0.00    0.00  100.00
18:40:57      29    0.00    0.00    0.00    0.00    0.00    0.00    0.00    0.00    0.00  100.00

18:40:57     CPU    %usr   %nice    %sys %iowait    %irq   %soft  %steal  %guest  %gnice   %idle
18:40:58      12   86.87    0.00    1.01    0.00    0.00    0.00    0.00    0.00    0.00   12.12
18:40:58      13   14.89    0.00    0.00    0.00    0.00    0.00    0.00    0.00    0.00   85.11
18:40:58      28    0.00    0.00    0.00    0.00    0.00    0.00    0.00    0.00    0.00  100.00
18:40:58      29    0.00    0.00    0.00    0.00    0.00    0.00    0.00    0.00    0.00  100.00

18:40:58     CPU    %usr   %nice    %sys %iowait    %irq   %soft  %steal  %guest  %gnice   %idle
18:40:59      12   82.83    0.00    0.00    0.00    0.00    0.00    0.00    0.00    0.00   17.17
18:40:59      13   20.43    0.00    0.00    0.00    0.00    0.00    0.00    0.00    0.00   79.57
18:40:59      28    0.00    0.00    0.00    0.00    0.00    0.00    0.00    0.00    0.00  100.00
18:40:59      29    0.00    0.00    0.00    0.00    0.00    0.00    0.00    0.00    0.00  100.00

18:40:59     CPU    %usr   %nice    %sys %iowait    %irq   %soft  %steal  %guest  %gnice   %idle
18:41:00      12   52.63    0.00    0.00    0.00    0.00    0.00    0.00    0.00    0.00   47.37
18:41:00      13   52.58    0.00    1.03    0.00    0.00    0.00    0.00    0.00    0.00   46.39
18:41:00      28    0.00    0.00    0.00    0.00    0.00    0.00    0.00    0.00    0.00  100.00
18:41:00      29    0.00    0.00    0.00    0.00    0.00    0.00    0.00    0.00    0.00  100.00

18:41:00     CPU    %usr   %nice    %sys %iowait    %irq   %soft  %steal  %guest  %gnice   %idle
18:41:01      12   79.61    0.00    2.91    0.00    0.00    0.00    0.00    0.00    0.00   17.48
18:41:01      13   20.91    0.00   11.82    0.00    0.00    0.00    0.00    0.00    0.00   67.27
18:41:01      28    0.00    0.00    0.00    0.00    0.00    0.00    0.00    0.00    0.00  100.00
18:41:01      29    0.00    0.00    0.00    0.00    0.00    0.00    0.00    0.00    0.00  100.00

18:41:01     CPU    %usr   %nice    %sys %iowait    %irq   %soft  %steal  %guest  %gnice   %idle
18:41:02      12   91.09    0.00    1.98    0.00    0.00    0.00    0.00    0.00    0.00    6.93
18:41:02      13   10.91    0.00   11.82    0.00    0.00    0.00    0.00    0.00    0.00   77.27
18:41:02      28    0.00    0.00    0.00    0.00    0.00    0.00    0.00    0.00    0.00  100.00
18:41:02      29    0.00    0.00    0.00    0.00    0.00    0.00    0.00    0.00    0.00  100.00

18:41:02     CPU    %usr   %nice    %sys %iowait    %irq   %soft  %steal  %guest  %gnice   %idle
18:41:03      12   81.19    0.00    1.98    0.00    0.00    0.00    0.00    0.00    0.00   16.83
18:41:03      13   20.79    0.00    4.95    0.00    0.00    0.00    0.00    0.00    0.00   74.26
18:41:03      28    0.00    0.00    0.00    0.00    0.00    0.00    0.00    0.00    0.00  100.00
18:41:03      29    0.00    0.00    0.00    0.00    0.00    0.00    0.00    0.00    0.00  100.00

18:41:03     CPU    %usr   %nice    %sys %iowait    %irq   %soft  %steal  %guest  %gnice   %idle
18:41:04      12   77.23    0.00    1.98    0.00    0.00    0.00    0.00    0.00    0.00   20.79
18:41:04      13   24.51    0.00    5.88    0.00    0.00    0.00    0.00    0.00    0.00   69.61
18:41:04      28    0.00    0.00    0.00    0.00    0.00    0.00    0.00    0.00    0.00  100.00
18:41:04      29    0.00    0.00    0.00    0.00    0.00    0.00    0.00    0.00    0.00  100.00

18:41:04     CPU    %usr   %nice    %sys %iowait    %irq   %soft  %steal  %guest  %gnice   %idle
18:41:05      12   90.82    0.00    1.02    0.00    0.00    0.00    0.00    0.00    0.00    8.16
18:41:05      13   12.12    0.00    6.06    0.00    0.00    0.00    0.00    0.00    0.00   81.82
18:41:05      28    0.00    0.00    0.00    0.00    0.00    0.00    0.00    0.00    0.00  100.00
18:41:05      29    0.00    0.00    0.00    0.00    0.00    0.00    0.00    0.00    0.00  100.00

18:41:05     CPU    %usr   %nice    %sys %iowait    %irq   %soft  %steal  %guest  %gnice   %idle
18:41:06      12   83.00    0.00    2.00    0.00    0.00    0.00    0.00    0.00    0.00   15.00
18:41:06      13   20.20    0.00    5.05    0.00    0.00    0.00    0.00    0.00    0.00   74.75
18:41:06      28    0.00    0.00    0.00    0.00    0.00    0.00    0.00    0.00    0.00  100.00
18:41:06      29    0.00    0.00    0.00    0.00    0.00    0.00    0.00    0.00    0.00  100.00

18:41:06     CPU    %usr   %nice    %sys %iowait    %irq   %soft  %steal  %guest  %gnice   %idle
18:41:07      12   67.65    0.00    3.92    0.00    0.00    0.00    0.00    0.00    0.00   28.43
18:41:07      13   33.33    0.00    8.57    0.00    0.00    0.00    0.00    0.00    0.00   58.10
18:41:07      28    0.00    0.00    0.00    0.00    0.00    0.00    0.00    0.00    0.00  100.00
18:41:07      29    0.00    0.00    0.00    0.00    0.00    0.00    0.00    0.00    0.00  100.00

18:41:07     CPU    %usr   %nice    %sys %iowait    %irq   %soft  %steal  %guest  %gnice   %idle
18:41:08      12   53.40    0.00    5.83    0.00    0.00    0.00    0.00    0.00    0.00   40.78
18:41:08      13   50.49    0.00    5.83    0.00    0.00    0.00    0.00    0.00    0.00   43.69
18:41:08      28    0.00    0.00    0.00    0.00    0.00    0.00    0.00    0.00    0.00  100.00
18:41:08      29    0.00    0.00    0.00    0.00    0.00    0.00    0.00    0.00    0.00  100.00

18:41:08     CPU    %usr   %nice    %sys %iowait    %irq   %soft  %steal  %guest  %gnice   %idle
18:41:09      12   88.00    0.00    0.00    0.00    0.00    0.00    0.00    0.00    0.00   12.00
18:41:09      13   11.34    0.00    0.00    0.00    0.00    0.00    0.00    0.00    0.00   88.66
18:41:09      28    0.00    0.00    0.00    0.00    0.00    0.00    0.00    0.00    0.00  100.00
18:41:09      29    0.00    0.00    0.00    0.00    0.00    0.00    0.00    0.00    0.00  100.00

18:41:09     CPU    %usr   %nice    %sys %iowait    %irq   %soft  %steal  %guest  %gnice   %idle
18:41:10      12   82.65    0.00    0.00    0.00    0.00    0.00    0.00    0.00    0.00   17.35
18:41:10      13   17.71    0.00    0.00    0.00    0.00    0.00    0.00    0.00    0.00   82.29
18:41:10      28    0.00    0.00    0.00    0.00    0.00    0.00    0.00    0.00    0.00  100.00
18:41:10      29    0.00    0.00    0.00    0.00    0.00    0.00    0.00    0.00    0.00  100.00

18:41:10     CPU    %usr   %nice    %sys %iowait    %irq   %soft  %steal  %guest  %gnice   %idle
18:41:11      12   57.73    0.00    0.00    0.00    0.00    0.00    0.00    0.00    0.00   42.27
18:41:11      13   44.44    0.00    0.00    0.00    0.00    0.00    0.00    0.00    0.00   55.56
18:41:11      28    0.00    0.00    0.00    0.00    0.00    0.00    0.00    0.00    0.00  100.00
18:41:11      29    0.00    0.00    0.00    0.00    0.00    0.00    0.00    0.00    0.00  100.00

18:41:11     CPU    %usr   %nice    %sys %iowait    %irq   %soft  %steal  %guest  %gnice   %idle
18:41:12      12   56.00    0.00    0.00    0.00    0.00    0.00    0.00    0.00    0.00   44.00
18:41:12      13   45.36    0.00    0.00    0.00    0.00    0.00    0.00    0.00    0.00   54.64
18:41:12      28    0.00    0.00    0.00    0.00    0.00    0.00    0.00    0.00    0.00  100.00
18:41:12      29    0.00    0.00    0.00    0.00    0.00    0.00    0.00    0.00    0.00  100.00

18:41:12     CPU    %usr   %nice    %sys %iowait    %irq   %soft  %steal  %guest  %gnice   %idle
18:41:13      12  100.00    0.00    0.00    0.00    0.00    0.00    0.00    0.00    0.00    0.00
18:41:13      13    1.98    0.00    0.99    0.00    0.00    0.00    0.00    0.00    0.00   97.03
18:41:13      28    0.00    0.00    0.00    0.00    0.00    0.00    0.00    0.00    0.00  100.00
18:41:13      29    0.00    0.00    0.00    0.00    0.00    0.00    0.00    0.00    0.00  100.00

18:41:13     CPU    %usr   %nice    %sys %iowait    %irq   %soft  %steal  %guest  %gnice   %idle
18:41:14      12  100.00    0.00    0.00    0.00    0.00    0.00    0.00    0.00    0.00    0.00
18:41:14      13    1.00    0.00    1.00    0.00    0.00    0.00    0.00    0.00    0.00   98.00
18:41:14      28    0.00    0.00    0.00    0.00    0.00    0.00    0.00    0.00    0.00  100.00
18:41:14      29    0.00    0.00    0.00    0.00    0.00    0.00    0.00    0.00    0.00  100.00

18:41:14     CPU    %usr   %nice    %sys %iowait    %irq   %soft  %steal  %guest  %gnice   %idle
18:41:15      12   96.00    0.00    0.00    0.00    0.00    0.00    0.00    0.00    0.00    4.00
18:41:15      13    6.93    0.00    0.00    0.00    0.00    0.00    0.00    0.00    0.00   93.07
18:41:15      28    0.00    0.00    0.00    0.00    0.00    0.00    0.00    0.00    0.00  100.00
18:41:15      29    0.00    0.00    0.00    0.00    0.00    0.00    0.00    0.00    0.00  100.00

18:41:15     CPU    %usr   %nice    %sys %iowait    %irq   %soft  %steal  %guest  %gnice   %idle
18:41:16      12  100.00    0.00    0.00    0.00    0.00    0.00    0.00    0.00    0.00    0.00
18:41:16      13    1.00    0.00    0.00    0.00    0.00    0.00    0.00    0.00    0.00   99.00
18:41:16      28    0.00    0.00    0.00    0.00    0.00    0.00    0.00    0.00    0.00  100.00
18:41:16      29    0.00    0.00    0.00    0.00    0.00    0.00    0.00    0.00    0.00  100.00

18:41:16     CPU    %usr   %nice    %sys %iowait    %irq   %soft  %steal  %guest  %gnice   %idle
18:41:17      12   64.95    0.00    0.00    0.00    0.00    0.00    0.00    0.00    0.00   35.05
18:41:17      13   38.54    0.00    0.00    0.00    0.00    0.00    0.00    0.00    0.00   61.46
18:41:17      28    0.00    0.00    0.00    0.00    0.00    0.00    0.00    0.00    0.00  100.00
18:41:17      29    0.00    0.00    0.00    0.00    0.00    0.00    0.00    0.00    0.00  100.00

18:41:17     CPU    %usr   %nice    %sys %iowait    %irq   %soft  %steal  %guest  %gnice   %idle
18:41:18      12   58.16    0.00    0.00    0.00    0.00    0.00    0.00    0.00    0.00   41.84
18:41:18      13   44.79    0.00    0.00    0.00    0.00    0.00    0.00    0.00    0.00   55.21
18:41:18      28    0.00    0.00    0.00    0.00    0.00    0.00    0.00    0.00    0.00  100.00
18:41:18      29    0.00    0.00    0.00    0.00    0.00    0.00    0.00    0.00    0.00  100.00

18:41:18     CPU    %usr   %nice    %sys %iowait    %irq   %soft  %steal  %guest  %gnice   %idle
18:41:19      12   57.14    0.00    0.00    0.00    0.00    0.00    0.00    0.00    0.00   42.86
18:41:19      13   45.83    0.00    0.00    0.00    0.00    0.00    0.00    0.00    0.00   54.17
18:41:19      28    0.00    0.00    0.00    0.00    0.00    0.00    0.00    0.00    0.00  100.00
18:41:19      29    0.00    0.00    0.00    0.00    0.00    0.00    0.00    0.00    0.00  100.00

18:41:19     CPU    %usr   %nice    %sys %iowait    %irq   %soft  %steal  %guest  %gnice   %idle
18:41:20      12   63.92    0.00    0.00    0.00    0.00    0.00    0.00    0.00    0.00   36.08
18:41:20      13   39.58    0.00    0.00    0.00    0.00    0.00    0.00    0.00    0.00   60.42
18:41:20      28    0.00    0.00    0.00    0.00    0.00    0.00    0.00    0.00    0.00  100.00
18:41:20      29    0.00    0.00    0.00    0.00    0.00    0.00    0.00    0.00    0.00  100.00

18:41:20     CPU    %usr   %nice    %sys %iowait    %irq   %soft  %steal  %guest  %gnice   %idle
18:41:21      12   67.68    0.00    1.01    0.00    0.00    0.00    0.00    0.00    0.00   31.31
18:41:21      13   32.32    0.00    0.00    0.00    0.00    0.00    0.00    0.00    0.00   67.68
18:41:21      28    0.00    0.00    0.00    0.00    0.00    0.00    0.00    0.00    0.00  100.00
18:41:21      29    0.00    0.00    0.00    0.00    0.00    0.00    0.00    0.00    0.00  100.00

18:41:21     CPU    %usr   %nice    %sys %iowait    %irq   %soft  %steal  %guest  %gnice   %idle
18:41:22      12   51.52    0.00    0.00    0.00    0.00    0.00    0.00    0.00    0.00   48.48
18:41:22      13   48.48    0.00    0.00    0.00    0.00    0.00    0.00    0.00    0.00   51.52
18:41:22      28    0.00    0.00    0.00    0.00    0.00    0.00    0.00    0.00    0.00  100.00
18:41:22      29    0.00    0.00    0.00    0.00    0.00    0.00    0.00    0.00    0.00  100.00

18:41:22     CPU    %usr   %nice    %sys %iowait    %irq   %soft  %steal  %guest  %gnice   %idle
18:41:23      12   61.86    0.00    4.12    0.00    0.00    0.00    0.00    0.00    0.00   34.02
18:41:23      13   33.33    0.00    2.02    0.00    0.00    0.00    0.00    0.00    0.00   64.65
18:41:23      28    0.00    0.00    0.00    0.00    0.00    0.00    0.00    0.00    0.00  100.00
18:41:23      29    0.00    0.00    0.00    0.00    0.00    0.00    0.00    0.00    0.00  100.00

18:41:23     CPU    %usr   %nice    %sys %iowait    %irq   %soft  %steal  %guest  %gnice   %idle
18:41:24      12   60.20    0.00    4.08    0.00    0.00    0.00    0.00    0.00    0.00   35.71
18:41:24      13   35.35    0.00    1.01    0.00    0.00    0.00    0.00    0.00    0.00   63.64
18:41:24      28    0.00    0.00    0.00    0.00    0.00    0.00    0.00    0.00    0.00  100.00
18:41:24      29    0.00    0.00    0.00    0.00    0.00    0.00    0.00    0.00    0.00  100.00

18:41:24     CPU    %usr   %nice    %sys %iowait    %irq   %soft  %steal  %guest  %gnice   %idle
18:41:25      12   67.35    0.00    0.00    0.00    0.00    0.00    0.00    0.00    0.00   32.65
18:41:25      13   33.33    0.00    0.00    0.00    0.00    0.00    0.00    0.00    0.00   66.67
18:41:25      28    0.00    0.00    0.00    0.00    0.00    0.00    0.00    0.00    0.00  100.00
18:41:25      29    0.00    0.00    0.00    0.00    0.00    0.00    0.00    0.00    0.00  100.00

18:41:25     CPU    %usr   %nice    %sys %iowait    %irq   %soft  %steal  %guest  %gnice   %idle
18:41:26      12   67.01    0.00    0.00    0.00    0.00    0.00    0.00    0.00    0.00   32.99
18:41:26      13   35.00    0.00    0.00    0.00    0.00    0.00    0.00    0.00    0.00   65.00
18:41:26      28    0.00    0.00    0.00    0.00    0.00    0.00    0.00    0.00    0.00  100.00
18:41:26      29    0.00    0.00    0.00    0.00    0.00    0.00    0.00    0.00    0.00  100.00

18:41:26     CPU    %usr   %nice    %sys %iowait    %irq   %soft  %steal  %guest  %gnice   %idle
18:41:27      12   62.63    0.00    1.01    0.00    0.00    0.00    0.00    0.00    0.00   36.36
18:41:27      13   37.76    0.00    0.00    0.00    0.00    0.00    0.00    0.00    0.00   62.24
18:41:27      28    0.00    0.00    0.00    0.00    0.00    0.00    0.00    0.00    0.00  100.00
18:41:27      29    0.00    0.00    0.00    0.00    0.00    0.00    0.00    0.00    0.00  100.00

18:41:27     CPU    %usr   %nice    %sys %iowait    %irq   %soft  %steal  %guest  %gnice   %idle
18:41:28      12   63.92    0.00    0.00    0.00    0.00    0.00    0.00    0.00    0.00   36.08
18:41:28      13   36.73    0.00    0.00    0.00    0.00    0.00    0.00    0.00    0.00   63.27
18:41:28      28    0.00    0.00    0.00    0.00    0.00    0.00    0.00    0.00    0.00  100.00
18:41:28      29    0.00    0.00    0.00    0.00    0.00    0.00    0.00    0.00    0.00  100.00

18:41:28     CPU    %usr   %nice    %sys %iowait    %irq   %soft  %steal  %guest  %gnice   %idle
18:41:29      12   72.45    0.00    1.02    0.00    0.00    0.00    0.00    0.00    0.00   26.53
18:41:29      13   30.53    0.00    1.05    0.00    0.00    0.00    0.00    0.00    0.00   68.42
18:41:29      28    0.00    0.00    0.00    0.00    0.00    0.00    0.00    0.00    0.00  100.00
18:41:29      29    0.00    0.00    0.00    0.00    0.00    0.00    0.00    0.00    0.00  100.00

18:41:29     CPU    %usr   %nice    %sys %iowait    %irq   %soft  %steal  %guest  %gnice   %idle
18:41:30      12   88.78    0.00    0.00    0.00    0.00    0.00    0.00    0.00    0.00   11.22
18:41:30      13   14.74    0.00    0.00    0.00    0.00    0.00    0.00    0.00    0.00   85.26
18:41:30      28    0.00    0.00    0.00    0.00    0.00    0.00    0.00    0.00    0.00  100.00
18:41:30      29    0.00    0.00    0.00    0.00    0.00    0.00    0.00    0.00    0.00  100.00

18:41:30     CPU    %usr   %nice    %sys %iowait    %irq   %soft  %steal  %guest  %gnice   %idle
18:41:31      12   83.00    0.00    2.00    0.00    0.00    0.00    0.00    0.00    0.00   15.00
18:41:31      13   18.28    0.00    0.00    0.00    0.00    0.00    0.00    0.00    0.00   81.72
18:41:31      28    0.00    0.00    0.00    0.00    0.00    0.00    0.00    0.00    0.00  100.00
18:41:31      29    0.00    0.00    0.00    0.00    0.00    0.00    0.00    0.00    0.00  100.00

18:41:31     CPU    %usr   %nice    %sys %iowait    %irq   %soft  %steal  %guest  %gnice   %idle
18:41:32      12   82.47    0.00    0.00    0.00    0.00    0.00    0.00    0.00    0.00   17.53
18:41:32      13   21.05    0.00    1.05    0.00    0.00    0.00    0.00    0.00    0.00   77.89
18:41:32      28    0.00    0.00    0.00    0.00    0.00    0.00    0.00    0.00    0.00  100.00
18:41:32      29    0.00    0.00    0.00    0.00    0.00    0.00    0.00    0.00    0.00  100.00

18:41:32     CPU    %usr   %nice    %sys %iowait    %irq   %soft  %steal  %guest  %gnice   %idle
18:41:33      12   71.29    0.00    2.97    0.00    0.00    0.00    0.00    0.00    0.00   25.74
18:41:33      13   30.39    0.00    5.88    0.00    0.00    0.00    0.00    0.00    0.00   63.73
18:41:33      28    0.00    0.00    0.00    0.00    0.00    0.00    0.00    0.00    0.00  100.00
18:41:33      29    0.00    0.00    0.00    0.00    0.00    0.00    0.00    0.00    0.00  100.00

18:41:33     CPU    %usr   %nice    %sys %iowait    %irq   %soft  %steal  %guest  %gnice   %idle
18:41:34      12   74.00    0.00    2.00    0.00    0.00    0.00    0.00    0.00    0.00   24.00
18:41:34      13   27.45    0.00    5.88    0.00    0.00    0.00    0.00    0.00    0.00   66.67
18:41:34      28    0.00    0.00    0.00    0.00    0.00    0.00    0.00    0.00    0.00  100.00
18:41:34      29    0.00    0.00    0.00    0.00    0.00    0.00    0.00    0.00    0.00  100.00

18:41:34     CPU    %usr   %nice    %sys %iowait    %irq   %soft  %steal  %guest  %gnice   %idle
18:41:35      12   87.13    0.00    3.96    0.00    0.00    0.00    0.00    0.00    0.00    8.91
18:41:35      13   11.00    0.00    6.00    0.00    0.00    0.00    0.00    0.00    0.00   83.00
18:41:35      28    0.00    0.00    0.00    0.00    0.00    0.00    0.00    0.00    0.00  100.00
18:41:35      29    0.00    0.00    0.00    0.00    0.00    0.00    0.00    0.00    0.00  100.00

18:41:35     CPU    %usr   %nice    %sys %iowait    %irq   %soft  %steal  %guest  %gnice   %idle
18:41:36      12   83.17    0.00    4.95    0.00    0.00    0.00    0.00    0.00    0.00   11.88
18:41:36      13   15.69    0.00    6.86    0.00    0.00    0.00    0.00    0.00    0.00   77.45
18:41:36      28    0.00    0.00    0.00    0.00    0.00    0.00    0.00    0.00    0.00  100.00
18:41:36      29    0.00    0.00    0.00    0.00    0.00    0.00    0.00    0.00    0.00  100.00

18:41:36     CPU    %usr   %nice    %sys %iowait    %irq   %soft  %steal  %guest  %gnice   %idle
18:41:37      12   84.00    0.00    1.00    0.00    0.00    0.00    0.00    0.00    0.00   15.00
18:41:37      13   17.82    0.00    6.93    0.00    0.00    0.00    0.00    0.00    0.00   75.25
18:41:37      28    0.00    0.00    0.00    0.00    0.00    0.00    0.00    0.00    0.00  100.00
18:41:37      29    0.00    0.00    0.00    0.00    0.00    0.00    0.00    0.00    0.00  100.00

18:41:37     CPU    %usr   %nice    %sys %iowait    %irq   %soft  %steal  %guest  %gnice   %idle
18:41:38      12   70.00    0.00    3.00    0.00    0.00    0.00    0.00    0.00    0.00   27.00
18:41:38      13   32.65    0.00    4.08    0.00    0.00    0.00    0.00    0.00    0.00   63.27
18:41:38      28    0.00    0.00    0.00    0.00    0.00    0.00    0.00    0.00    0.00  100.00
18:41:38      29    0.00    0.00    0.00    0.00    0.00    0.00    0.00    0.00    0.00  100.00

18:41:38     CPU    %usr   %nice    %sys %iowait    %irq   %soft  %steal  %guest  %gnice   %idle
18:41:39      12   67.35    0.00    2.04    0.00    0.00    0.00    0.00    0.00    0.00   30.61
18:41:39      13   36.00    0.00    5.00    0.00    0.00    0.00    0.00    0.00    0.00   59.00
18:41:39      28    0.00    0.00    0.00    0.00    0.00    0.00    0.00    0.00    0.00  100.00
18:41:39      29    0.00    0.00    0.00    0.00    0.00    0.00    0.00    0.00    0.00  100.00

18:41:39     CPU    %usr   %nice    %sys %iowait    %irq   %soft  %steal  %guest  %gnice   %idle
18:41:40      12   94.12    0.00    0.98    0.00    0.00    0.00    0.00    0.00    0.00    4.90
18:41:40      13    7.00    0.00    7.00    0.00    0.00    0.00    0.00    0.00    0.00   86.00
18:41:40      28    0.00    0.00    0.00    0.00    0.00    0.00    0.00    0.00    0.00  100.00
18:41:40      29    0.00    0.00    0.00    0.00    0.00    0.00    0.00    0.00    0.00  100.00

18:41:40     CPU    %usr   %nice    %sys %iowait    %irq   %soft  %steal  %guest  %gnice   %idle
18:41:41      12  100.00    0.00    0.00    0.00    0.00    0.00    0.00    0.00    0.00    0.00
18:41:41      13    1.03    0.00    1.03    0.00    0.00    0.00    0.00    0.00    0.00   97.94
18:41:41      28    0.00    0.00    0.00    0.00    0.00    0.00    0.00    0.00    0.00  100.00
18:41:41      29    0.00    0.00    0.00    0.00    0.00    0.00    0.00    0.00    0.00  100.00

18:41:41     CPU    %usr   %nice    %sys %iowait    %irq   %soft  %steal  %guest  %gnice   %idle
18:41:42      12   99.00    0.00    0.00    0.00    0.00    0.00    0.00    0.00    0.00    1.00
18:41:42      13    0.00    0.00    0.00    0.00    0.00    0.00    0.00    0.00    0.00  100.00
18:41:42      28    0.00    0.00    0.00    0.00    0.00    0.00    0.00    0.00    0.00  100.00
18:41:42      29    0.00    0.00    0.00    0.00    0.00    0.00    0.00    0.00    0.00  100.00

18:41:42     CPU    %usr   %nice    %sys %iowait    %irq   %soft  %steal  %guest  %gnice   %idle
18:41:43      12   99.00    0.00    0.00    0.00    0.00    0.00    0.00    0.00    0.00    1.00
18:41:43      13    1.04    0.00    0.00    0.00    0.00    0.00    0.00    0.00    0.00   98.96
18:41:43      28    0.00    0.00    0.00    0.00    0.00    0.00    0.00    0.00    0.00  100.00
18:41:43      29    0.00    0.00    0.00    0.00    0.00    0.00    0.00    0.00    0.00  100.00

18:41:43     CPU    %usr   %nice    %sys %iowait    %irq   %soft  %steal  %guest  %gnice   %idle
18:41:44      12   99.00    0.00    0.00    0.00    0.00    0.00    0.00    0.00    0.00    1.00
18:41:44      13    1.03    0.00    0.00    0.00    0.00    0.00    0.00    0.00    0.00   98.97
18:41:44      28    0.00    0.00    0.00    0.00    0.00    0.00    0.00    0.00    0.00  100.00
18:41:44      29    0.00    0.00    0.00    0.00    0.00    0.00    0.00    0.00    0.00  100.00

18:41:44     CPU    %usr   %nice    %sys %iowait    %irq   %soft  %steal  %guest  %gnice   %idle
18:41:45      12   98.04    0.00    0.98    0.00    0.00    0.00    0.00    0.00    0.00    0.98
18:41:45      13    0.00    0.00    0.00    0.00    0.00    0.00    0.00    0.00    0.00  100.00
18:41:45      28    0.00    0.00    0.00    0.00    0.00    0.00    0.00    0.00    0.00  100.00
18:41:45      29    0.00    0.00    0.99    0.00    0.00    0.00    0.00    0.00    0.00   99.01

18:41:45     CPU    %usr   %nice    %sys %iowait    %irq   %soft  %steal  %guest  %gnice   %idle
18:41:46      12  100.00    0.00    0.00    0.00    0.00    0.00    0.00    0.00    0.00    0.00
18:41:46      13    0.00    0.00    0.00    0.00    0.00    0.00    0.00    0.00    0.00  100.00
18:41:46      28    0.00    0.00    0.00    0.00    0.00    0.00    0.00    0.00    0.00  100.00
18:41:46      29    0.00    0.00    0.00    0.00    0.00    0.00    0.00    0.00    0.00  100.00

18:41:46     CPU    %usr   %nice    %sys %iowait    %irq   %soft  %steal  %guest  %gnice   %idle
18:41:47      12  100.00    0.00    0.00    0.00    0.00    0.00    0.00    0.00    0.00    0.00
18:41:47      13    0.00    0.00    0.00    0.00    0.00    0.00    0.00    0.00    0.00  100.00
18:41:47      28    0.00    0.00    0.00    0.00    0.00    0.00    0.00    0.00    0.00  100.00
18:41:47      29    0.00    0.00    0.00    0.00    0.00    0.00    0.00    0.00    0.00  100.00

18:41:47     CPU    %usr   %nice    %sys %iowait    %irq   %soft  %steal  %guest  %gnice   %idle
18:41:48      12  100.00    0.00    0.00    0.00    0.00    0.00    0.00    0.00    0.00    0.00
18:41:48      13    0.00    0.00    0.00    0.00    0.00    0.00    0.00    0.00    0.00  100.00
18:41:48      28    0.00    0.00    0.00    0.00    0.00    0.00    0.00    0.00    0.00  100.00
18:41:48      29    0.00    0.00    0.00    0.00    0.00    0.00    0.00    0.00    0.00  100.00

18:41:48     CPU    %usr   %nice    %sys %iowait    %irq   %soft  %steal  %guest  %gnice   %idle
18:41:49      12   92.00    0.00    0.00    0.00    0.00    0.00    0.00    0.00    0.00    8.00
18:41:49      13    9.47    0.00    1.05    0.00    0.00    0.00    0.00    0.00    0.00   89.47
18:41:49      28    0.00    0.00    0.00    0.00    0.00    0.00    0.00    0.00    0.00  100.00
18:41:49      29    0.00    0.00    0.00    0.00    0.00    0.00    0.00    0.00    0.00  100.00

18:41:49     CPU    %usr   %nice    %sys %iowait    %irq   %soft  %steal  %guest  %gnice   %idle
18:41:50      12   80.61    0.00    0.00    0.00    0.00    0.00    0.00    0.00    0.00   19.39
18:41:50      13   22.11    0.00    0.00    0.00    0.00    0.00    0.00    0.00    0.00   77.89
18:41:50      28    0.00    0.00    0.00    0.00    0.00    0.00    0.00    0.00    0.00  100.00
18:41:50      29    0.00    0.00    0.00    0.00    0.00    0.00    0.00    0.00    0.00  100.00

18:41:50     CPU    %usr   %nice    %sys %iowait    %irq   %soft  %steal  %guest  %gnice   %idle
18:41:51      12   58.16    0.00    0.00    0.00    0.00    0.00    0.00    0.00    0.00   41.84
18:41:51      13   44.79    0.00    0.00    0.00    0.00    0.00    0.00    0.00    0.00   55.21
18:41:51      28    0.00    0.00    0.00    0.00    0.00    0.00    0.00    0.00    0.00  100.00
18:41:51      29    0.00    0.00    0.00    0.00    0.00    0.00    0.00    0.00    0.00  100.00

18:41:51     CPU    %usr   %nice    %sys %iowait    %irq   %soft  %steal  %guest  %gnice   %idle
18:41:52      12   54.17    0.00    0.00    0.00    0.00    0.00    0.00    0.00    0.00   45.83
18:41:52      13   49.49    0.00    1.01    0.00    0.00    0.00    0.00    0.00    0.00   49.49
18:41:52      28    0.00    0.00    0.00    0.00    0.00    0.00    0.00    0.00    0.00  100.00
18:41:52      29    0.00    0.00    0.00    0.00    0.00    0.00    0.00    0.00    0.00  100.00

18:41:52     CPU    %usr   %nice    %sys %iowait    %irq   %soft  %steal  %guest  %gnice   %idle
18:41:53      12   71.43    0.00    0.00    0.00    0.00    0.00    0.00    0.00    0.00   28.57
18:41:53      13   29.29    0.00    0.00    0.00    0.00    0.00    0.00    0.00    0.00   70.71
18:41:53      28    0.00    0.00    0.00    0.00    0.00    0.00    0.00    0.00    0.00  100.00
18:41:53      29    0.00    0.00    0.00    0.00    0.00    0.00    0.00    0.00    0.00  100.00

18:41:53     CPU    %usr   %nice    %sys %iowait    %irq   %soft  %steal  %guest  %gnice   %idle
18:41:54      12   60.20    0.00    0.00    0.00    0.00    0.00    0.00    0.00    0.00   39.80
18:41:54      13   41.00    0.00    0.00    0.00    0.00    0.00    0.00    0.00    0.00   59.00
18:41:54      28    0.00    0.00    0.00    0.00    0.00    0.00    0.00    0.00    0.00  100.00
18:41:54      29    0.00    0.00    0.00    0.00    0.00    0.00    0.00    0.00    0.00  100.00

18:41:54     CPU    %usr   %nice    %sys %iowait    %irq   %soft  %steal  %guest  %gnice   %idle
18:41:55      12   63.92    0.00    0.00    0.00    0.00    0.00    0.00    0.00    0.00   36.08
18:41:55      13   36.36    0.00    0.00    0.00    0.00    0.00    0.00    0.00    0.00   63.64
18:41:55      28    0.00    0.00    0.00    0.00    0.00    0.00    0.00    0.00    0.00  100.00
18:41:55      29    0.00    0.00    0.00    0.00    0.00    0.00    0.00    0.00    0.00  100.00

18:41:55     CPU    %usr   %nice    %sys %iowait    %irq   %soft  %steal  %guest  %gnice   %idle
18:41:56      12   63.64    0.00    0.00    0.00    0.00    0.00    0.00    0.00    0.00   36.36
18:41:56      13   37.37    0.00    0.00    0.00    0.00    0.00    0.00    0.00    0.00   62.63
18:41:56      28    0.00    0.00    0.00    0.00    0.00    0.00    0.00    0.00    0.00  100.00
18:41:56      29    0.00    0.00    0.00    0.00    0.00    0.00    0.00    0.00    0.00  100.00

18:41:56     CPU    %usr   %nice    %sys %iowait    %irq   %soft  %steal  %guest  %gnice   %idle
18:41:57      12   67.35    0.00    0.00    0.00    0.00    0.00    0.00    0.00    0.00   32.65
18:41:57      13   34.34    0.00    0.00    0.00    0.00    0.00    0.00    0.00    0.00   65.66
18:41:57      28    0.00    0.00    0.00    0.00    0.00    0.00    0.00    0.00    0.00  100.00
18:41:57      29    0.00    0.00    0.00    0.00    0.00    0.00    0.00    0.00    0.00  100.00

18:41:57     CPU    %usr   %nice    %sys %iowait    %irq   %soft  %steal  %guest  %gnice   %idle
18:41:58      12   60.42    0.00    0.00    0.00    0.00    0.00    0.00    0.00    0.00   39.58
18:41:58      13   40.40    0.00    0.00    0.00    0.00    0.00    0.00    0.00    0.00   59.60
18:41:58      28    0.00    0.00    0.00    0.00    0.00    0.00    0.00    0.00    0.00  100.00
18:41:58      29    0.00    0.00    0.00    0.00    0.00    0.00    0.00    0.00    0.00  100.00

18:41:58     CPU    %usr   %nice    %sys %iowait    %irq   %soft  %steal  %guest  %gnice   %idle
18:41:59      12   66.33    0.00    0.00    0.00    0.00    0.00    0.00    0.00    0.00   33.67
18:41:59      13   35.35    0.00    0.00    0.00    0.00    0.00    0.00    0.00    0.00   64.65
18:41:59      28    0.00    0.00    0.00    0.00    0.00    0.00    0.00    0.00    0.00  100.00
18:41:59      29    0.00    0.00    0.00    0.00    0.00    0.00    0.00    0.00    0.00  100.00

18:41:59     CPU    %usr   %nice    %sys %iowait    %irq   %soft  %steal  %guest  %gnice   %idle
18:42:00      12   62.24    0.00    0.00    0.00    0.00    0.00    0.00    0.00    0.00   37.76
18:42:00      13   38.38    0.00    0.00    0.00    0.00    0.00    0.00    0.00    0.00   61.62
18:42:00      28    0.00    0.00    0.00    0.00    0.00    0.00    0.00    0.00    0.00  100.00
18:42:00      29    0.00    0.00    0.00    0.00    0.00    0.00    0.00    0.00    0.00  100.00

18:42:00     CPU    %usr   %nice    %sys %iowait    %irq   %soft  %steal  %guest  %gnice   %idle
18:42:01      12   52.04    0.00    2.04    0.00    0.00    0.00    0.00    0.00    0.00   45.92
18:42:01      13   50.53    0.00    1.05    0.00    0.00    0.00    0.00    0.00    0.00   48.42
18:42:01      28    0.00    0.00    0.00    0.00    0.00    0.00    0.00    0.00    0.00  100.00
18:42:01      29    0.00    0.00    0.00    0.00    0.00    0.00    0.00    0.00    0.00  100.00

18:42:01     CPU    %usr   %nice    %sys %iowait    %irq   %soft  %steal  %guest  %gnice   %idle
18:42:02      12   52.63    0.00    1.05    0.00    0.00    0.00    0.00    0.00    0.00   46.32
18:42:02      13   49.48    0.00    2.06    0.00    0.00    0.00    0.00    0.00    0.00   48.45
18:42:02      28    0.00    0.00    0.00    0.00    0.00    0.00    0.00    0.00    0.00  100.00
18:42:02      29    0.00    0.00    0.00    0.00    0.00    0.00    0.00    0.00    0.00  100.00

18:42:02     CPU    %usr   %nice    %sys %iowait    %irq   %soft  %steal  %guest  %gnice   %idle
18:42:03      12   79.59    0.00    1.02    0.00    0.00    0.00    0.00    0.00    0.00   19.39
18:42:03      13   23.40    0.00    1.06    0.00    0.00    0.00    0.00    0.00    0.00   75.53
18:42:03      28    0.00    0.00    0.00    0.00    0.00    0.00    0.00    0.00    0.00  100.00
18:42:03      29    0.00    0.00    0.00    0.00    0.00    0.00    0.00    0.00    0.00  100.00

18:42:03     CPU    %usr   %nice    %sys %iowait    %irq   %soft  %steal  %guest  %gnice   %idle
18:42:04      12   87.00    0.00    1.00    0.00    0.00    0.00    0.00    0.00    0.00   12.00
18:42:04      13   14.89    0.00    0.00    0.00    0.00    0.00    0.00    0.00    0.00   85.11
18:42:04      28    0.00    0.00    0.00    0.00    0.00    0.00    0.00    0.00    0.00  100.00
18:42:04      29    0.00    0.00    0.00    0.99    0.00    0.00    0.00    0.00    0.00   99.01

18:42:04     CPU    %usr   %nice    %sys %iowait    %irq   %soft  %steal  %guest  %gnice   %idle
18:42:05      12   87.00    0.00    1.00    0.00    0.00    0.00    0.00    0.00    0.00   12.00
18:42:05      13   15.00    0.00    6.00    0.00    0.00    0.00    0.00    0.00    0.00   79.00
18:42:05      28    0.00    0.00    0.00    0.00    0.00    0.00    0.00    0.00    0.00  100.00
18:42:05      29    0.00    0.00    0.00    0.00    0.00    0.00    0.00    0.00    0.00  100.00

18:42:05     CPU    %usr   %nice    %sys %iowait    %irq   %soft  %steal  %guest  %gnice   %idle
18:42:06      12   78.22    0.00    1.98    0.00    0.00    0.00    0.00    0.00    0.00   19.80
18:42:06      13   23.30    0.00    6.80    0.00    0.00    0.00    0.00    0.00    0.00   69.90
18:42:06      28    0.00    0.00    0.00    0.00    0.00    0.00    0.00    0.00    0.00  100.00
18:42:06      29    0.00    0.00    0.00    0.00    0.00    0.00    0.00    0.00    0.00  100.00

18:42:06     CPU    %usr   %nice    %sys %iowait    %irq   %soft  %steal  %guest  %gnice   %idle
18:42:07      12   58.00    0.00    3.00    0.00    0.00    0.00    0.00    0.00    0.00   39.00
18:42:07      13   43.69    0.00    5.83    0.00    0.00    0.00    0.00    0.00    0.00   50.49
18:42:07      28    0.99    0.00    0.00    0.00    0.00    0.00    0.00    0.00    0.00   99.01
18:42:07      29    0.00    0.00    0.00    0.00    0.00    0.00    0.00    0.00    0.00  100.00

18:42:07     CPU    %usr   %nice    %sys %iowait    %irq   %soft  %steal  %guest  %gnice   %idle
18:42:08      12   77.23    0.00    1.98    0.00    0.00    0.00    0.00    0.00    0.00   20.79
18:42:08      13   25.49    0.00    5.88    0.00    0.00    0.00    0.00    0.00    0.00   68.63
18:42:08      28    0.00    0.00    0.00    0.00    0.00    0.00    0.00    0.00    0.00  100.00
18:42:08      29    0.00    0.00    0.00    0.00    0.00    0.00    0.00    0.00    0.00  100.00

18:42:08     CPU    %usr   %nice    %sys %iowait    %irq   %soft  %steal  %guest  %gnice   %idle
18:42:09      12   92.00    0.00    1.00    0.00    0.00    0.00    0.00    0.00    0.00    7.00
18:42:09      13    8.16    0.00    6.12    0.00    0.00    0.00    0.00    0.00    0.00   85.71
18:42:09      28    0.00    0.00    0.00    0.00    0.00    0.00    0.00    0.00    0.00  100.00
18:42:09      29    0.00    0.00    0.00    0.00    0.00    0.00    0.00    0.00    0.00  100.00

18:42:09     CPU    %usr   %nice    %sys %iowait    %irq   %soft  %steal  %guest  %gnice   %idle
18:42:10      12   94.00    0.00    0.00    0.00    0.00    0.00    0.00    0.00    0.00    6.00
18:42:10      13   10.00    0.00    6.00    0.00    0.00    0.00    0.00    0.00    0.00   84.00
18:42:10      28    0.00    0.00    0.00    0.00    0.00    0.00    0.00    0.00    0.00  100.00
18:42:10      29    0.00    0.00    0.00    0.00    0.00    0.00    0.00    0.00    0.00  100.00

18:42:10     CPU    %usr   %nice    %sys %iowait    %irq   %soft  %steal  %guest  %gnice   %idle
18:42:11      12   77.00    0.00    3.00    0.00    0.00    0.00    0.00    0.00    0.00   20.00
18:42:11      13   22.77    0.00    7.92    0.00    0.00    0.00    0.00    0.00    0.00   69.31
18:42:11      28    0.00    0.00    0.00    0.00    0.00    0.00    0.00    0.00    0.00  100.00
18:42:11      29    0.00    0.00    0.00    0.00    0.00    0.00    0.00    0.00    0.00  100.00

18:42:11     CPU    %usr   %nice    %sys %iowait    %irq   %soft  %steal  %guest  %gnice   %idle
18:42:12      12   77.00    0.00    4.00    0.00    0.00    0.00    0.00    0.00    0.00   19.00
18:42:12      13   23.53    0.00    6.86    0.00    0.00    0.00    0.00    0.00    0.00   69.61
18:42:12      28    0.00    0.00    0.00    0.00    0.00    0.00    0.00    0.00    0.00  100.00
18:42:12      29    0.00    0.00    0.00    0.00    0.00    0.00    0.00    0.00    0.00  100.00

18:42:12     CPU    %usr   %nice    %sys %iowait    %irq   %soft  %steal  %guest  %gnice   %idle
18:42:13      12   99.00    0.00    0.00    0.00    0.00    0.00    0.00    0.00    0.00    1.00
18:42:13      13    1.03    0.00    2.06    0.00    0.00    0.00    0.00    0.00    0.00   96.91
18:42:13      28    0.00    0.00    0.00    0.00    0.00    0.00    0.00    0.00    0.00  100.00
18:42:13      29    0.00    0.00    0.00    0.00    0.00    0.00    0.00    0.00    0.00  100.00

18:42:13     CPU    %usr   %nice    %sys %iowait    %irq   %soft  %steal  %guest  %gnice   %idle
18:42:14      12  100.00    0.00    0.00    0.00    0.00    0.00    0.00    0.00    0.00    0.00
18:42:14      13    1.03    0.00    0.00    0.00    0.00    0.00    0.00    0.00    0.00   98.97
18:42:14      28    0.00    0.00    0.00    0.00    0.00    0.00    0.00    0.00    0.00  100.00
18:42:14      29    0.00    0.00    0.00    0.00    0.00    0.00    0.00    0.00    0.00  100.00

18:42:14     CPU    %usr   %nice    %sys %iowait    %irq   %soft  %steal  %guest  %gnice   %idle
18:42:15      12   99.00    0.00    0.00    0.00    0.00    0.00    0.00    0.00    0.00    1.00
18:42:15      13    0.00    0.00    0.00    0.00    0.00    0.00    0.00    0.00    0.00  100.00
18:42:15      28    0.00    0.00    0.00    0.00    0.00    0.00    0.00    0.00    0.00  100.00
18:42:15      29    0.00    0.00    0.00    0.00    0.00    0.00    0.00    0.00    0.00  100.00

18:42:15     CPU    %usr   %nice    %sys %iowait    %irq   %soft  %steal  %guest  %gnice   %idle
18:42:16      12  100.00    0.00    0.00    0.00    0.00    0.00    0.00    0.00    0.00    0.00
18:42:16      13    0.00    0.00    0.00    0.00    0.00    0.00    0.00    0.00    0.00  100.00
18:42:16      28    0.00    0.00    0.00    0.99    0.00    0.00    0.00    0.00    0.00   99.01
18:42:16      29    0.00    0.00    0.00    0.00    0.00    0.00    0.00    0.00    0.00  100.00

18:42:16     CPU    %usr   %nice    %sys %iowait    %irq   %soft  %steal  %guest  %gnice   %idle
18:42:17      12   99.00    0.00    1.00    0.00    0.00    0.00    0.00    0.00    0.00    0.00
18:42:17      13    1.01    0.00    0.00    0.00    0.00    0.00    0.00    0.00    0.00   98.99
18:42:17      28    0.00    0.00    0.00    0.00    0.00    0.00    0.00    0.00    0.00  100.00
18:42:17      29    0.00    0.00    0.00    0.00    0.00    0.00    0.00    0.00    0.00  100.00

18:42:17     CPU    %usr   %nice    %sys %iowait    %irq   %soft  %steal  %guest  %gnice   %idle
18:42:18      12   99.00    0.00    0.00    0.00    0.00    0.00    0.00    0.00    0.00    1.00
18:42:18      13    1.01    0.00    0.00    0.00    0.00    0.00    0.00    0.00    0.00   98.99
18:42:18      28    0.00    0.00    0.00    0.00    0.00    0.00    0.00    0.00    0.00  100.00
18:42:18      29    0.00    0.00    0.00    0.00    0.00    0.00    0.00    0.00    0.00  100.00

18:42:18     CPU    %usr   %nice    %sys %iowait    %irq   %soft  %steal  %guest  %gnice   %idle
18:42:19      12  100.00    0.00    0.00    0.00    0.00    0.00    0.00    0.00    0.00    0.00
18:42:19      13    0.00    0.00    0.00    0.00    0.00    0.00    0.00    0.00    0.00  100.00
18:42:19      28    0.00    0.00    0.00    0.00    0.00    0.00    0.00    0.00    0.00  100.00
18:42:19      29    0.00    0.00    0.00    0.00    0.00    0.00    0.00    0.00    0.00  100.00

18:42:19     CPU    %usr   %nice    %sys %iowait    %irq   %soft  %steal  %guest  %gnice   %idle
18:42:20      12   99.01    0.00    0.00    0.00    0.00    0.00    0.00    0.00    0.00    0.99
18:42:20      13    0.00    0.00    0.00    0.00    0.00    0.00    0.00    0.00    0.00  100.00
18:42:20      28    0.00    0.00    0.00    0.00    0.00    0.00    0.00    0.00    0.00  100.00
18:42:20      29    0.00    0.00    0.00    0.00    0.00    0.00    0.00    0.00    0.00  100.00

18:42:20     CPU    %usr   %nice    %sys %iowait    %irq   %soft  %steal  %guest  %gnice   %idle
18:42:21      12  100.00    0.00    0.00    0.00    0.00    0.00    0.00    0.00    0.00    0.00
18:42:21      13    1.01    0.00    0.00    0.00    0.00    0.00    0.00    0.00    0.00   98.99
18:42:21      28    0.00    0.00    0.00    0.00    0.00    0.00    0.00    0.00    0.00  100.00
18:42:21      29    0.00    0.00    0.00    0.00    0.00    0.00    0.00    0.00    0.00  100.00

18:42:21     CPU    %usr   %nice    %sys %iowait    %irq   %soft  %steal  %guest  %gnice   %idle
18:42:22      12  100.00    0.00    0.00    0.00    0.00    0.00    0.00    0.00    0.00    0.00
18:42:22      13    0.00    0.00    1.01    0.00    0.00    0.00    0.00    0.00    0.00   98.99
18:42:22      28    0.00    0.00    0.00    0.00    0.00    0.00    0.00    0.00    0.00  100.00
18:42:22      29    0.00    0.00    0.00    0.00    0.00    0.00    0.00    0.00    0.00  100.00

18:42:22     CPU    %usr   %nice    %sys %iowait    %irq   %soft  %steal  %guest  %gnice   %idle
18:42:23      12  100.00    0.00    0.00    0.00    0.00    0.00    0.00    0.00    0.00    0.00
18:42:23      13    0.00    0.00    0.00    0.00    0.00    0.00    0.00    0.00    0.00  100.00
18:42:23      28    0.00    0.00    0.00    0.00    0.00    0.00    0.00    0.00    0.00  100.00
18:42:23      29    0.00    0.00    0.00    0.00    0.00    0.00    0.00    0.00    0.00  100.00

18:42:23     CPU    %usr   %nice    %sys %iowait    %irq   %soft  %steal  %guest  %gnice   %idle
18:42:24      12  100.00    0.00    0.00    0.00    0.00    0.00    0.00    0.00    0.00    0.00
18:42:24      13    0.00    0.00    0.00    0.00    0.00    0.00    0.00    0.00    0.00  100.00
18:42:24      28    0.00    0.00    0.00    0.00    0.00    0.00    0.00    0.00    0.00  100.00
18:42:24      29    0.00    0.00    0.00    0.00    0.00    0.00    0.00    0.00    0.00  100.00

18:42:24     CPU    %usr   %nice    %sys %iowait    %irq   %soft  %steal  %guest  %gnice   %idle
18:42:25      12   98.99    0.00    0.00    0.00    0.00    0.00    0.00    0.00    0.00    1.01
18:42:25      13    2.02    0.00    0.00    0.00    0.00    0.00    0.00    0.00    0.00   97.98
18:42:25      28    0.00    0.00    0.00    0.00    0.00    0.00    0.00    0.00    0.00  100.00
18:42:25      29    0.00    0.00    0.00    0.00    0.00    0.00    0.00    0.00    0.00  100.00

18:42:25     CPU    %usr   %nice    %sys %iowait    %irq   %soft  %steal  %guest  %gnice   %idle
18:42:26      12   96.97    0.00    0.00    0.00    0.00    0.00    0.00    0.00    0.00    3.03
18:42:26      13    3.06    0.00    0.00    0.00    0.00    0.00    0.00    0.00    0.00   96.94
18:42:26      28    0.00    0.00    0.00    0.00    0.00    0.00    0.00    0.00    0.00  100.00
18:42:26      29    0.00    0.00    0.00    0.00    0.00    0.00    0.00    0.00    0.00  100.00

18:42:26     CPU    %usr   %nice    %sys %iowait    %irq   %soft  %steal  %guest  %gnice   %idle
18:42:27      12   96.00    0.00    0.00    0.00    0.00    0.00    0.00    0.00    0.00    4.00
18:42:27      13    3.06    0.00    0.00    0.00    0.00    0.00    0.00    0.00    0.00   96.94
18:42:27      28    0.00    0.00    0.00    0.00    0.00    0.00    0.00    0.00    0.00  100.00
18:42:27      29    0.00    0.00    0.00    0.00    0.00    0.00    0.00    0.00    0.00  100.00

18:42:27     CPU    %usr   %nice    %sys %iowait    %irq   %soft  %steal  %guest  %gnice   %idle
18:42:28      12   96.00    0.00    0.00    0.00    0.00    0.00    0.00    0.00    0.00    4.00
18:42:28      13    5.10    0.00    0.00    0.00    0.00    0.00    0.00    0.00    0.00   94.90
18:42:28      28    0.00    0.00    0.00    0.00    0.00    0.00    0.00    0.00    0.00  100.00
18:42:28      29    0.00    0.00    0.00    0.00    0.00    0.00    0.00    0.00    0.00  100.00

18:42:28     CPU    %usr   %nice    %sys %iowait    %irq   %soft  %steal  %guest  %gnice   %idle
18:42:29      12   93.94    0.00    0.00    0.00    0.00    0.00    0.00    0.00    0.00    6.06
18:42:29      13    6.19    0.00    0.00    0.00    0.00    0.00    0.00    0.00    0.00   93.81
18:42:29      28    0.00    0.00    0.00    0.00    0.00    0.00    0.00    0.00    0.00  100.00
18:42:29      29    0.00    0.00    0.00    0.00    0.00    0.00    0.00    0.00    0.00  100.00

18:42:29     CPU    %usr   %nice    %sys %iowait    %irq   %soft  %steal  %guest  %gnice   %idle
18:42:30      12   91.00    0.00    0.00    0.00    0.00    0.00    0.00    0.00    0.00    9.00
18:42:30      13    9.18    0.00    0.00    0.00    0.00    0.00    0.00    0.00    0.00   90.82
18:42:30      28    0.00    0.00    0.00    0.00    0.00    0.00    0.00    0.00    0.00  100.00
18:42:30      29    0.00    0.00    0.00    0.00    0.00    0.00    0.00    0.00    0.00  100.00

18:42:30     CPU    %usr   %nice    %sys %iowait    %irq   %soft  %steal  %guest  %gnice   %idle
18:42:31      12   92.86    0.00    0.00    0.00    0.00    0.00    0.00    0.00    0.00    7.14
18:42:31      13    7.14    0.00    1.02    0.00    0.00    0.00    0.00    0.00    0.00   91.84
18:42:31      28    0.00    0.00    0.00    0.00    0.00    0.00    0.00    0.00    0.00  100.00
18:42:31      29    0.00    0.00    0.00    0.00    0.00    0.00    0.00    0.00    0.00  100.00

18:42:31     CPU    %usr   %nice    %sys %iowait    %irq   %soft  %steal  %guest  %gnice   %idle
18:42:32      12   83.84    0.00    0.00    0.00    0.00    0.00    0.00    0.00    0.00   16.16
18:42:32      13   17.35    0.00    0.00    0.00    0.00    0.00    0.00    0.00    0.00   82.65
18:42:32      28    0.00    0.00    0.00    0.00    0.00    0.00    0.00    0.00    0.00  100.00
18:42:32      29    0.00    0.00    0.00    0.00    0.00    0.00    0.00    0.00    0.00  100.00

18:42:32     CPU    %usr   %nice    %sys %iowait    %irq   %soft  %steal  %guest  %gnice   %idle
18:42:33      12   56.70    0.00    1.03    0.00    0.00    0.00    0.00    0.00    0.00   42.27
18:42:33      13   46.88    0.00    0.00    0.00    0.00    0.00    0.00    0.00    0.00   53.12
18:42:33      28    0.00    0.00    0.00    0.00    0.00    0.00    0.00    0.00    0.00  100.00
18:42:33      29    0.00    0.00    0.00    0.00    0.00    0.00    0.00    0.00    0.00  100.00

18:42:33     CPU    %usr   %nice    %sys %iowait    %irq   %soft  %steal  %guest  %gnice   %idle
18:42:34      12   52.08    0.00    0.00    0.00    0.00    0.00    0.00    0.00    0.00   47.92
18:42:34      13   54.17    0.00    0.00    0.00    0.00    0.00    0.00    0.00    0.00   45.83
18:42:34      28    0.00    0.00    0.00    1.00    0.00    0.00    0.00    0.00    0.00   99.00
18:42:34      29    0.00    0.00    0.00    0.00    0.00    0.00    0.00    0.00    0.00  100.00

18:42:34     CPU    %usr   %nice    %sys %iowait    %irq   %soft  %steal  %guest  %gnice   %idle
18:42:35      12   52.08    0.00    0.00    0.00    0.00    0.00    0.00    0.00    0.00   47.92
18:42:35      13   52.63    0.00    0.00    0.00    0.00    0.00    0.00    0.00    0.00   47.37
18:42:35      28    0.00    0.00    0.00    0.00    0.00    0.00    0.00    0.00    0.00  100.00
18:42:35      29    0.00    0.00    0.00    0.00    0.00    0.00    0.00    0.00    0.00  100.00

18:42:35     CPU    %usr   %nice    %sys %iowait    %irq   %soft  %steal  %guest  %gnice   %idle
18:42:36      12   63.92    0.00    0.00    0.00    0.00    0.00    0.00    0.00    0.00   36.08
18:42:36      13   41.67    0.00    1.04    0.00    0.00    0.00    0.00    0.00    0.00   57.29
18:42:36      28    0.00    0.00    0.00    0.00    0.00    0.00    0.00    0.00    0.00  100.00
18:42:36      29    0.00    0.00    0.00    0.00    0.00    0.00    0.00    0.00    0.00  100.00

18:42:36     CPU    %usr   %nice    %sys %iowait    %irq   %soft  %steal  %guest  %gnice   %idle
18:42:37      12   85.15    0.00    1.98    0.00    0.00    0.00    0.00    0.00    0.00   12.87
18:42:37      13   17.31    0.00    6.73    0.00    0.00    0.00    0.00    0.00    0.00   75.96
18:42:37      28    0.00    0.00    0.00    0.00    0.00    0.00    0.00    0.00    0.00  100.00
18:42:37      29    0.00    0.00    0.00    0.00    0.00    0.00    0.00    0.00    0.00  100.00

18:42:37     CPU    %usr   %nice    %sys %iowait    %irq   %soft  %steal  %guest  %gnice   %idle
18:42:38      12   81.55    0.00    2.91    0.00    0.00    0.00    0.00    0.00    0.00   15.53
18:42:38      13   20.00    0.00    7.62    0.00    0.00    0.00    0.00    0.00    0.00   72.38
18:42:38      28    0.00    0.00    0.00    0.00    0.00    0.00    0.00    0.00    0.00  100.00
18:42:38      29    0.00    0.00    0.00    0.00    0.00    0.00    0.00    0.00    0.00  100.00

18:42:38     CPU    %usr   %nice    %sys %iowait    %irq   %soft  %steal  %guest  %gnice   %idle
18:42:39      12   77.23    0.00    2.97    0.00    0.00    0.00    0.00    0.00    0.00   19.80
18:42:39      13   23.30    0.00    6.80    0.00    0.00    0.00    0.00    0.00    0.00   69.90
18:42:39      28    0.00    0.00    0.00    0.00    0.00    0.00    0.00    0.00    0.00  100.00
18:42:39      29    0.00    0.00    0.00    0.00    0.00    0.00    0.00    0.00    0.00  100.00

18:42:39     CPU    %usr   %nice    %sys %iowait    %irq   %soft  %steal  %guest  %gnice   %idle
18:42:40      12   70.00    0.00    3.00    0.00    0.00    0.00    0.00    0.00    0.00   27.00
18:42:40      13   31.37    0.00    6.86    0.00    0.00    0.00    0.00    0.00    0.00   61.76
18:42:40      28    0.00    0.00    0.00    0.00    0.00    0.00    0.00    0.00    0.00  100.00
18:42:40      29    0.00    0.00    0.00    0.00    0.00    0.00    0.00    0.00    0.00  100.00

18:42:40     CPU    %usr   %nice    %sys %iowait    %irq   %soft  %steal  %guest  %gnice   %idle
18:42:41      12   54.00    0.00    3.00    0.00    0.00    0.00    0.00    0.00    0.00   43.00
18:42:41      13   49.50    0.00    3.96    0.00    0.00    0.00    0.00    0.00    0.00   46.53
18:42:41      28    0.00    0.00    0.00    0.00    0.00    0.00    0.00    0.00    0.00  100.00
18:42:41      29    0.00    0.00    0.00    0.00    0.00    0.00    0.00    0.00    0.00  100.00

18:42:41     CPU    %usr   %nice    %sys %iowait    %irq   %soft  %steal  %guest  %gnice   %idle
18:42:42      12   77.78    0.00    2.02    0.00    0.00    0.00    0.00    0.00    0.00   20.20
18:42:42      13   25.74    0.00    5.94    0.00    0.00    0.00    0.00    0.00    0.00   68.32
18:42:42      28    0.00    0.00    0.00    0.00    0.00    0.00    0.00    0.00    0.00  100.00
18:42:42      29    0.00    0.00    0.00    0.00    0.00    0.00    0.00    0.00    0.00  100.00

18:42:42     CPU    %usr   %nice    %sys %iowait    %irq   %soft  %steal  %guest  %gnice   %idle
18:42:43      12   97.03    0.00    0.99    0.00    0.00    0.00    0.00    0.00    0.00    1.98
18:42:43      13    5.05    0.00    5.05    0.00    0.00    0.00    0.00    0.00    0.00   89.90
18:42:43      28    0.00    0.00    0.00    0.00    0.00    0.00    0.00    0.00    0.00  100.00
18:42:43      29    0.00    0.00    0.00    0.00    0.00    0.00    0.00    0.00    0.00  100.00

18:42:43     CPU    %usr   %nice    %sys %iowait    %irq   %soft  %steal  %guest  %gnice   %idle
18:42:44      12   92.93    0.00    0.00    0.00    0.00    0.00    0.00    0.00    0.00    7.07
18:42:44      13    9.47    0.00    3.16    0.00    0.00    0.00    0.00    0.00    0.00   87.37
18:42:44      28    0.00    0.00    0.00    0.00    0.00    0.00    0.00    0.00    0.00  100.00
18:42:44      29    0.00    0.00    0.00    0.00    0.00    0.00    0.00    0.00    0.00  100.00

18:42:44     CPU    %usr   %nice    %sys %iowait    %irq   %soft  %steal  %guest  %gnice   %idle
18:42:45      12   93.00    0.00    0.00    0.00    0.00    0.00    0.00    0.00    0.00    7.00
18:42:45      13    7.22    0.00    2.06    0.00    0.00    0.00    0.00    0.00    0.00   90.72
18:42:45      28    0.00    0.00    0.00    1.00    0.00    0.00    0.00    0.00    0.00   99.00
18:42:45      29    0.00    0.00    0.00    0.00    0.00    0.00    0.00    0.00    0.00  100.00

18:42:45     CPU    %usr   %nice    %sys %iowait    %irq   %soft  %steal  %guest  %gnice   %idle
18:42:46      12   87.88    0.00    0.00    0.00    0.00    0.00    0.00    0.00    0.00   12.12
18:42:46      13   13.40    0.00    0.00    0.00    0.00    0.00    0.00    0.00    0.00   86.60
18:42:46      28    0.00    0.00    0.00    0.00    0.00    0.00    0.00    0.00    0.00  100.00
18:42:46      29    0.00    0.00    0.99    0.00    0.00    0.00    0.00    0.00    0.00   99.01

18:42:46     CPU    %usr   %nice    %sys %iowait    %irq   %soft  %steal  %guest  %gnice   %idle
18:42:47      12   58.59    0.00    0.00    0.00    0.00    0.00    0.00    0.00    0.00   41.41
18:42:47      13   42.42    0.00    0.00    0.00    0.00    0.00    0.00    0.00    0.00   57.58
18:42:47      28    0.00    0.00    0.00    0.00    0.00    0.00    0.00    0.00    0.00  100.00
18:42:47      29    0.00    0.00    0.00    0.00    0.00    0.00    0.00    0.00    0.00  100.00

18:42:47     CPU    %usr   %nice    %sys %iowait    %irq   %soft  %steal  %guest  %gnice   %idle
18:42:48      12   64.29    0.00    0.00    0.00    0.00    0.00    0.00    0.00    0.00   35.71
18:42:48      13   37.11    0.00    0.00    0.00    0.00    0.00    0.00    0.00    0.00   62.89
18:42:48      28    0.00    0.00    0.00    0.00    0.00    0.00    0.00    0.00    0.00  100.00
18:42:48      29    0.00    0.00    0.00    0.00    0.00    0.00    0.00    0.00    0.00  100.00

18:42:48     CPU    %usr   %nice    %sys %iowait    %irq   %soft  %steal  %guest  %gnice   %idle
18:42:49      12   89.11    0.00    0.99    0.00    0.00    0.00    0.00    0.00    0.00    9.90
18:42:49      13   10.20    0.00    0.00    0.00    0.00    0.00    0.00    0.00    0.00   89.80
18:42:49      28    0.00    0.00    0.00    0.00    0.00    0.00    0.00    0.00    0.00  100.00
18:42:49      29    0.00    0.00    0.00    0.00    0.00    0.00    0.00    0.00    0.00  100.00

18:42:49     CPU    %usr   %nice    %sys %iowait    %irq   %soft  %steal  %guest  %gnice   %idle
18:42:50      12  100.00    0.00    0.00    0.00    0.00    0.00    0.00    0.00    0.00    0.00
18:42:50      13    1.00    0.00    0.00    0.00    0.00    0.00    0.00    0.00    0.00   99.00
18:42:50      28    0.00    0.00    0.00    0.00    0.00    0.00    0.00    0.00    0.00  100.00
18:42:50      29    0.00    0.00    0.00    0.00    0.00    0.00    0.00    0.00    0.00  100.00

18:42:50     CPU    %usr   %nice    %sys %iowait    %irq   %soft  %steal  %guest  %gnice   %idle
18:42:51      12   96.04    0.00    0.00    0.00    0.00    0.00    0.00    0.00    0.00    3.96
18:42:51      13    3.00    0.00    1.00    0.00    0.00    0.00    0.00    0.00    0.00   96.00
18:42:51      28    0.00    0.00    0.00    0.00    0.00    0.00    0.00    0.00    0.00  100.00
18:42:51      29    0.00    0.00    0.00    0.00    0.00    0.00    0.00    0.00    0.00  100.00

18:42:51     CPU    %usr   %nice    %sys %iowait    %irq   %soft  %steal  %guest  %gnice   %idle
18:42:52      12  100.00    0.00    0.00    0.00    0.00    0.00    0.00    0.00    0.00    0.00
18:42:52      13    0.00    0.00    0.00    0.00    0.00    0.00    0.00    0.00    0.00  100.00
18:42:52      28    0.00    0.00    0.00    1.00    0.00    0.00    0.00    0.00    0.00   99.00
18:42:52      29    0.00    0.00    0.00    0.00    0.00    0.00    0.00    0.00    0.00  100.00

18:42:52     CPU    %usr   %nice    %sys %iowait    %irq   %soft  %steal  %guest  %gnice   %idle
18:42:53      12   96.97    0.00    0.00    0.00    0.00    0.00    0.00    0.00    0.00    3.03
18:42:53      13    4.04    0.00    0.00    0.00    0.00    0.00    0.00    0.00    0.00   95.96
18:42:53      28    0.00    0.00    0.00    0.00    0.00    0.00    0.00    0.00    0.00  100.00
18:42:53      29    0.00    0.00    0.00    0.00    0.00    0.00    0.00    0.00    0.00  100.00

18:42:53     CPU    %usr   %nice    %sys %iowait    %irq   %soft  %steal  %guest  %gnice   %idle
18:42:54      12  100.00    0.00    0.00    0.00    0.00    0.00    0.00    0.00    0.00    0.00
18:42:54      13    0.00    0.00    0.00    0.00    0.00    0.00    0.00    0.00    0.00  100.00
18:42:54      28    0.00    0.00    0.00    0.00    0.00    0.00    0.00    0.00    0.00  100.00
18:42:54      29    0.00    0.00    0.00    0.00    0.00    0.00    0.00    0.00    0.00  100.00

18:42:54     CPU    %usr   %nice    %sys %iowait    %irq   %soft  %steal  %guest  %gnice   %idle
18:42:55      12   86.87    0.00    0.00    0.00    0.00    0.00    0.00    0.00    0.00   13.13
18:42:55      13   25.25    0.00    4.04    2.02    0.00    0.00    0.00    0.00    0.00   68.69
18:42:55      28    0.00    0.00    0.99    0.00    0.00    0.00    0.00    0.00    0.00   99.01
18:42:55      29    0.00    0.00    0.00    0.00    0.00    0.00    0.00    0.00    0.00  100.00

18:42:55     CPU    %usr   %nice    %sys %iowait    %irq   %soft  %steal  %guest  %gnice   %idle
18:42:56      12   95.00    0.00    0.00    0.00    0.00    0.00    0.00    0.00    0.00    5.00
18:42:56      13    6.06    0.00    0.00    0.00    0.00    0.00    0.00    0.00    0.00   93.94
18:42:56      28    0.00    0.00    0.00    0.00    0.00    0.00    0.00    0.00    0.00  100.00
18:42:56      29    0.00    0.00    1.00    0.00    0.00    0.00    0.00    0.00    0.00   99.00

18:42:56     CPU    %usr   %nice    %sys %iowait    %irq   %soft  %steal  %guest  %gnice   %idle
18:42:57      12   69.70    0.00    1.01    1.01    0.00    0.00    0.00    0.00    0.00   28.28
18:42:57      13   32.29    0.00    1.04    0.00    0.00    0.00    0.00    0.00    0.00   66.67
18:42:57      28    1.00    0.00    0.00    1.00    0.00    0.00    0.00    0.00    0.00   98.00
18:42:57      29    1.01    0.00    2.02    0.00    0.00    0.00    0.00    4.04    0.00   92.93

18:42:57     CPU    %usr   %nice    %sys %iowait    %irq   %soft  %steal  %guest  %gnice   %idle
18:42:58      12   53.12    0.00    0.00    0.00    0.00    0.00    0.00    0.00    0.00   46.88
18:42:58      13   51.04    0.00    0.00    0.00    0.00    0.00    0.00    0.00    0.00   48.96
18:42:58      28    0.00    0.00    0.00    3.00    0.00    0.00    0.00    0.00    0.00   97.00
18:42:58      29    0.00    0.00    0.00    3.00    0.00    0.00    0.00    0.00    0.00   97.00

18:42:58     CPU    %usr   %nice    %sys %iowait    %irq   %soft  %steal  %guest  %gnice   %idle
18:42:59      12   59.18    0.00    0.00    0.00    0.00    0.00    0.00    0.00    0.00   40.82
18:42:59      13   43.75    0.00    0.00    0.00    0.00    0.00    0.00    0.00    0.00   56.25
18:42:59      28    0.00    0.00    0.00    0.00    0.00    0.00    0.00    0.00    0.00  100.00
18:42:59      29    0.00    0.00    0.00    0.00    0.00    0.00    0.00    0.00    0.00  100.00

18:42:59     CPU    %usr   %nice    %sys %iowait    %irq   %soft  %steal  %guest  %gnice   %idle
18:43:00      12   54.17    0.00    0.00    0.00    0.00    0.00    0.00    0.00    0.00   45.83
18:43:00      13   49.48    0.00    0.00    0.00    0.00    0.00    0.00    0.00    0.00   50.52
18:43:00      28    0.00    0.00    0.00    0.99    0.00    0.00    0.00    0.00    0.00   99.01
18:43:00      29    0.00    0.00    0.00    0.00    0.00    0.00    0.00    0.00    0.00  100.00

18:43:00     CPU    %usr   %nice    %sys %iowait    %irq   %soft  %steal  %guest  %gnice   %idle
18:43:01      12   96.97    0.00    0.00    0.00    0.00    0.00    0.00    0.00    0.00    3.03
18:43:01      13    3.12    0.00    0.00    0.00    0.00    0.00    0.00    0.00    0.00   96.88
18:43:01      28    0.00    0.00    0.00    0.00    0.00    0.00    0.00    0.00    0.00  100.00
18:43:01      29    0.00    0.00    1.00    0.00    0.00    0.00    0.00    0.00    0.00   99.00

18:43:01     CPU    %usr   %nice    %sys %iowait    %irq   %soft  %steal  %guest  %gnice   %idle
18:43:02      12   99.00    0.00    0.00    0.00    0.00    0.00    0.00    0.00    0.00    1.00
18:43:02      13    1.02    0.00    0.00    1.02    0.00    0.00    0.00    0.00    0.00   97.96
18:43:02      28    0.00    0.00    0.00    2.00    0.00    0.00    0.00    0.00    0.00   98.00
18:43:02      29    1.01    0.00    0.00    0.00    0.00    0.00    0.00    0.00    0.00   98.99

18:43:02     CPU    %usr   %nice    %sys %iowait    %irq   %soft  %steal  %guest  %gnice   %idle
18:43:03      12   98.99    0.00    0.00    0.00    0.00    0.00    0.00    0.00    0.00    1.01
18:43:03      13    2.04    0.00    0.00    0.00    0.00    0.00    0.00    0.00    0.00   97.96
18:43:03      28    0.00    0.00    0.00    4.04    0.00    0.00    0.00    0.00    0.00   95.96
18:43:03      29    0.00    0.00    0.99    2.97    0.00    0.00    0.00    0.00    0.00   96.04

18:43:03     CPU    %usr   %nice    %sys %iowait    %irq   %soft  %steal  %guest  %gnice   %idle
18:43:04      12   97.03    0.00    0.99    0.00    0.00    0.00    0.00    0.00    0.00    1.98
18:43:04      13    2.06    0.00    0.00    1.03    0.00    0.00    0.00    0.00    0.00   96.91
18:43:04      28    0.00    0.00    1.00    2.00    0.00    0.00    0.00    0.00    0.00   97.00
18:43:04      29    0.00    0.00    0.00    2.02    0.00    0.00    0.00    0.00    0.00   97.98

18:43:04     CPU    %usr   %nice    %sys %iowait    %irq   %soft  %steal  %guest  %gnice   %idle
18:43:05      12   87.76    0.00    1.02    0.00    0.00    0.00    0.00    0.00    0.00   11.22
18:43:05      13   14.58    0.00    1.04    0.00    0.00    0.00    0.00    0.00    0.00   84.38
18:43:05      28    0.00    0.00    0.00    3.00    0.00    0.00    0.00    0.00    0.00   97.00
18:43:05      29    0.00    0.00    1.01    3.03    0.00    0.00    0.00    0.00    0.00   95.96

18:43:05     CPU    %usr   %nice    %sys %iowait    %irq   %soft  %steal  %guest  %gnice   %idle
18:43:06      12   81.44    0.00    0.00    0.00    0.00    0.00    0.00    0.00    0.00   18.56
18:43:06      13   23.40    0.00    0.00    0.00    0.00    0.00    0.00    0.00    0.00   76.60
18:43:06      28    0.00    0.00    0.00    0.00    0.00    0.00    0.00    0.00    0.00  100.00
18:43:06      29    0.00    0.00    0.00    0.00    0.00    0.00    0.00    0.00    0.00  100.00

18:43:06     CPU    %usr   %nice    %sys %iowait    %irq   %soft  %steal  %guest  %gnice   %idle
18:43:07      12   53.06    0.00    1.02    0.00    0.00    0.00    0.00    0.00    0.00   45.92
18:43:07      13   51.04    0.00    1.04    0.00    0.00    0.00    0.00    0.00    0.00   47.92
18:43:07      28    0.00    0.00    0.00    0.00    0.00    0.00    0.00    0.00    0.00  100.00
18:43:07      29    0.00    0.00    0.00    0.00    0.00    0.00    0.00    0.00    0.00  100.00

18:43:07     CPU    %usr   %nice    %sys %iowait    %irq   %soft  %steal  %guest  %gnice   %idle
18:43:08      12   54.74    0.00    0.00    0.00    0.00    0.00    0.00    0.00    0.00   45.26
18:43:08      13   51.55    0.00    0.00    0.00    0.00    0.00    0.00    0.00    0.00   48.45
18:43:08      28    0.00    0.00    0.00    1.00    0.00    0.00    0.00    0.00    0.00   99.00
18:43:08      29    0.00    0.00    0.00    0.00    0.00    0.00    0.00    0.00    0.00  100.00

18:43:08     CPU    %usr   %nice    %sys %iowait    %irq   %soft  %steal  %guest  %gnice   %idle
18:43:09      12   70.00    0.00    1.00    0.00    0.00    0.00    0.00    0.00    0.00   29.00
18:43:09      13   32.32    0.00    5.05    0.00    0.00    0.00    0.00    0.00    0.00   62.63
18:43:09      28    0.00    0.00    0.00    0.00    0.00    0.00    0.00    0.00    0.00  100.00
18:43:09      29    0.00    0.00    0.00    0.00    0.00    0.00    0.00    0.00    0.00  100.00

18:43:09     CPU    %usr   %nice    %sys %iowait    %irq   %soft  %steal  %guest  %gnice   %idle
18:43:10      12   86.00    0.00    1.00    0.00    0.00    0.00    0.00    0.00    0.00   13.00
18:43:10      13   16.83    0.00    4.95    0.00    0.00    0.00    0.00    0.00    0.00   78.22
18:43:10      28    0.00    0.00    0.00    3.03    0.00    0.00    0.00    0.00    0.00   96.97
18:43:10      29    0.00    0.00    1.98    2.97    0.00    0.00    0.00    1.98    0.00   93.07

18:43:10     CPU    %usr   %nice    %sys %iowait    %irq   %soft  %steal  %guest  %gnice   %idle
18:43:11      12   82.18    0.00    1.98    0.00    0.00    0.00    0.00    3.96    0.00   11.88
18:43:11      13   18.18    0.00    5.05    0.00    0.00    0.00    0.00    0.00    0.00   76.77
18:43:11      28    0.00    0.00    0.00    1.00    0.00    0.00    0.00    0.00    0.00   99.00
18:43:11      29    1.00    0.00    4.00    0.00    0.00    0.00    0.00    5.00    0.00   90.00

18:43:11     CPU    %usr   %nice    %sys %iowait    %irq   %soft  %steal  %guest  %gnice   %idle
18:43:12      12   81.82    0.00    1.01    0.00    0.00    0.00    0.00    0.00    0.00   17.17
18:43:12      13   21.21    0.00    4.04    0.00    0.00    0.00    0.00    0.00    0.00   74.75
18:43:12      28    0.00    0.00    0.00    0.00    0.00    0.00    0.00    0.00    0.00  100.00
18:43:12      29    1.00    0.00    2.00    0.00    0.00    0.00    0.00    6.00    0.00   91.00

18:43:12     CPU    %usr   %nice    %sys %iowait    %irq   %soft  %steal  %guest  %gnice   %idle
18:43:13      12   57.14    0.00    2.04    0.00    0.00    0.00    0.00    0.00    0.00   40.82
18:43:13      13   46.46    0.00    4.04    0.00    0.00    0.00    0.00    0.00    0.00   49.49
18:43:13      28    0.00    0.00    0.00    1.00    0.00    0.00    0.00    0.00    0.00   99.00
18:43:13      29    0.99    0.00    0.99    0.00    0.00    0.00    0.00    0.99    0.00   97.03

18:43:13     CPU    %usr   %nice    %sys %iowait    %irq   %soft  %steal  %guest  %gnice   %idle
18:43:14      12   56.70    0.00    2.06    1.03    0.00    0.00    0.00    0.00    0.00   40.21
18:43:14      13   48.45    0.00    1.03    1.03    0.00    0.00    0.00    0.00    0.00   49.48
18:43:14      28    0.00    0.00    0.00   24.49    0.00    0.00    0.00    0.00    0.00   75.51
18:43:14      29    0.00    0.00    0.00   21.43    0.00    0.00    0.00    0.00    0.00   78.57

18:43:14     CPU    %usr   %nice    %sys %iowait    %irq   %soft  %steal  %guest  %gnice   %idle
18:43:15      12   76.53    0.00    1.02    0.00    0.00    0.00    0.00    1.02    0.00   21.43
18:43:15      13   25.77    0.00    4.12    0.00    0.00    0.00    0.00    1.03    0.00   69.07
18:43:15      28    0.00    0.00    1.01    5.05    0.00    0.00    0.00    4.04    0.00   89.90
18:43:15      29    0.00    0.00    3.03    5.05    0.00    0.00    0.00    4.04    0.00   87.88

18:43:15     CPU    %usr   %nice    %sys %iowait    %irq   %soft  %steal  %guest  %gnice   %idle
18:43:16      12   92.93    0.00    1.01    0.00    0.00    0.00    0.00    0.00    0.00    6.06
18:43:16      13   10.20    0.00    4.08    0.00    0.00    0.00    0.00    0.00    0.00   85.71
18:43:16      28    0.00    0.00    0.00    0.00    0.00    0.00    0.00    0.00    0.00  100.00
18:43:16      29    0.00    0.00    0.00    0.00    0.00    0.00    0.00    0.00    0.00  100.00

18:43:16     CPU    %usr   %nice    %sys %iowait    %irq   %soft  %steal  %guest  %gnice   %idle
18:43:17      12   99.00    0.00    0.00    0.00    0.00    0.00    0.00    0.00    0.00    1.00
18:43:17      13    2.06    0.00    2.06    0.00    0.00    0.00    0.00    0.00    0.00   95.88
18:43:17      28    0.00    0.00    0.00    0.00    0.00    0.00    0.00    0.00    0.00  100.00
18:43:17      29    0.00    0.00    0.00    0.00    0.00    0.00    0.00    0.00    0.00  100.00

18:43:17     CPU    %usr   %nice    %sys %iowait    %irq   %soft  %steal  %guest  %gnice   %idle
18:43:18      12   99.01    0.00    0.00    0.00    0.00    0.00    0.00    0.00    0.00    0.99
18:43:18      13    0.00    0.00    0.00    0.00    0.00    0.00    0.00    0.00    0.00  100.00
18:43:18      28    0.00    0.00    0.00    0.00    0.00    0.00    0.00    0.00    0.00  100.00
18:43:18      29    0.00    0.00    0.00    0.00    0.00    0.00    0.00    0.00    0.00  100.00

18:43:18     CPU    %usr   %nice    %sys %iowait    %irq   %soft  %steal  %guest  %gnice   %idle
18:43:19      12  100.00    0.00    0.00    0.00    0.00    0.00    0.00    0.00    0.00    0.00
18:43:19      13    0.00    0.00    0.00    0.00    0.00    0.00    0.00    0.00    0.00  100.00
18:43:19      28    0.00    0.00    0.00    0.00    0.00    0.00    0.00    0.00    0.00  100.00
18:43:19      29    0.00    0.00    0.00    0.00    0.00    0.00    0.00    0.00    0.00  100.00

18:43:19     CPU    %usr   %nice    %sys %iowait    %irq   %soft  %steal  %guest  %gnice   %idle
18:43:20      12  100.00    0.00    0.00    0.00    0.00    0.00    0.00    0.00    0.00    0.00
18:43:20      13    0.00    0.00    1.03    0.00    0.00    0.00    0.00    0.00    0.00   98.97
18:43:20      28    0.00    0.00    0.00    0.00    0.00    0.00    0.00    0.00    0.00  100.00
18:43:20      29    0.00    0.00    0.00    1.00    0.00    0.00    0.00    0.00    0.00   99.00

18:43:20     CPU    %usr   %nice    %sys %iowait    %irq   %soft  %steal  %guest  %gnice   %idle
18:43:21      12   98.02    0.00    0.99    0.00    0.00    0.00    0.00    0.00    0.00    0.99
18:43:21      13    1.01    0.00    0.00    0.00    0.00    0.00    0.00    0.00    0.00   98.99
18:43:21      28    0.98    0.00    0.00    0.98    0.00    0.00    0.00    0.00    0.00   98.04
18:43:21      29    0.00    0.00    0.00    1.00    0.00    0.00    0.00    0.00    0.00   99.00

18:43:21     CPU    %usr   %nice    %sys %iowait    %irq   %soft  %steal  %guest  %gnice   %idle
18:43:22      12  100.00    0.00    0.00    0.00    0.00    0.00    0.00    0.00    0.00    0.00
18:43:22      13    0.00    0.00    0.00    0.00    0.00    0.00    0.00    0.00    0.00  100.00
18:43:22      28    0.00    0.00    0.00    0.00    0.00    0.00    0.00    0.00    0.00  100.00
18:43:22      29    0.00    0.00    0.00    1.01    0.00    0.00    0.00    0.00    0.00   98.99

18:43:22     CPU    %usr   %nice    %sys %iowait    %irq   %soft  %steal  %guest  %gnice   %idle
18:43:23      12   98.99    0.00    0.00    0.00    0.00    0.00    0.00    0.00    0.00    1.01
18:43:23      13    2.02    0.00    0.00    0.00    0.00    0.00    0.00    0.00    0.00   97.98
18:43:23      28    0.00    0.00    0.00    0.00    0.00    0.00    0.00    0.00    0.00  100.00
18:43:23      29    0.00    0.00    1.00    1.00    0.00    0.00    0.00    0.00    0.00   98.00

18:43:23     CPU    %usr   %nice    %sys %iowait    %irq   %soft  %steal  %guest  %gnice   %idle
18:43:24      12   99.01    0.00    0.00    0.00    0.00    0.00    0.00    0.00    0.00    0.99
18:43:24      13    0.00    0.00    0.00    0.00    0.00    0.00    0.00    0.00    0.00  100.00
18:43:24      28    0.00    0.00    0.00    1.00    0.00    0.00    0.00    0.00    0.00   99.00
18:43:24      29    0.00    0.00    0.00    1.01    0.00    0.00    0.00    0.00    0.00   98.99

18:43:24     CPU    %usr   %nice    %sys %iowait    %irq   %soft  %steal  %guest  %gnice   %idle
18:43:25      12   98.99    0.00    0.00    0.00    0.00    0.00    0.00    0.00    0.00    1.01
18:43:25      13    2.00    0.00    1.00    0.00    0.00    0.00    0.00    0.00    0.00   97.00
18:43:25      28    0.00    0.00    0.00    0.00    0.00    0.00    0.00    0.00    0.00  100.00
18:43:25      29    0.00    0.00    0.00    0.00    0.00    0.00    0.00    0.00    0.00  100.00

18:43:25     CPU    %usr   %nice    %sys %iowait    %irq   %soft  %steal  %guest  %gnice   %idle
18:43:26      12   98.00    0.00    0.00    0.00    0.00    0.00    0.00    0.00    0.00    2.00
18:43:26      13    2.04    0.00    0.00    0.00    0.00    0.00    0.00    0.00    0.00   97.96
18:43:26      28    0.00    0.00    0.00    4.00    0.00    0.00    0.00    0.00    0.00   96.00
18:43:26      29    0.00    0.00    0.00    6.00    0.00    0.00    0.00    0.00    0.00   94.00

18:43:26     CPU    %usr   %nice    %sys %iowait    %irq   %soft  %steal  %guest  %gnice   %idle
18:43:27      12  100.00    0.00    0.00    0.00    0.00    0.00    0.00    0.00    0.00    0.00
18:43:27      13    1.01    0.00    0.00    0.00    0.00    0.00    0.00    0.00    0.00   98.99
18:43:27      28    0.00    0.00    1.00    0.00    0.00    0.00    0.00    0.00    0.00   99.00
18:43:27      29    0.00    0.00    0.00    1.01    0.00    0.00    0.00    0.00    0.00   98.99

18:43:27     CPU    %usr   %nice    %sys %iowait    %irq   %soft  %steal  %guest  %gnice   %idle
18:43:28      12   96.00    0.00    0.00    0.00    0.00    0.00    0.00    0.00    0.00    4.00
18:43:28      13    3.06    0.00    0.00    0.00    0.00    0.00    0.00    0.00    0.00   96.94
18:43:28      28    0.00    0.00    0.00    0.99    0.00    0.00    0.00    0.00    0.00   99.01
18:43:28      29    0.00    0.00    0.00    1.01    0.00    0.00    0.00    0.00    0.00   98.99

18:43:28     CPU    %usr   %nice    %sys %iowait    %irq   %soft  %steal  %guest  %gnice   %idle
18:43:29      12   88.89    0.00    0.00    0.00    0.00    0.00    0.00    0.00    0.00   11.11
18:43:29      13   12.37    0.00    1.03    0.00    0.00    0.00    0.00    0.00    0.00   86.60
18:43:29      28    0.00    0.00    0.00    0.00    0.00    0.00    0.00    0.00    0.00  100.00
18:43:29      29    0.00    0.00    0.00    0.00    0.00    0.00    0.00    0.00    0.00  100.00

18:43:29     CPU    %usr   %nice    %sys %iowait    %irq   %soft  %steal  %guest  %gnice   %idle
18:43:30      12   84.85    0.00    0.00    0.00    0.00    0.00    0.00    0.00    0.00   15.15
18:43:30      13   16.84    0.00    0.00    0.00    0.00    0.00    0.00    0.00    0.00   83.16
18:43:30      28    0.00    0.00    0.00    0.00    0.00    0.00    0.00    0.00    0.00  100.00
18:43:30      29    0.00    0.00    0.99    0.00    0.00    0.00    0.00    0.00    0.00   99.01

18:43:30     CPU    %usr   %nice    %sys %iowait    %irq   %soft  %steal  %guest  %gnice   %idle
18:43:31      12   65.31    0.00    0.00    0.00    0.00    0.00    0.00    0.00    0.00   34.69
18:43:31      13   39.18    0.00    0.00    0.00    0.00    0.00    0.00    0.00    0.00   60.82
18:43:31      28    0.00    0.00    0.00    0.00    0.00    0.00    0.00    0.00    0.00  100.00
18:43:31      29    0.00    0.00    0.00    2.97    0.00    0.00    0.00    0.00    0.00   97.03

18:43:31     CPU    %usr   %nice    %sys %iowait    %irq   %soft  %steal  %guest  %gnice   %idle
18:43:32      12   60.82    0.00    0.00    0.00    0.00    0.00    0.00    0.00    0.00   39.18
18:43:32      13   42.71    0.00    0.00    0.00    0.00    0.00    0.00    0.00    0.00   57.29
18:43:32      28    0.00    0.00    0.00    1.00    0.00    0.00    0.00    0.00    0.00   99.00
18:43:32      29    0.00    0.00    0.00    0.00    0.00    0.00    0.00    0.00    0.00  100.00

18:43:32     CPU    %usr   %nice    %sys %iowait    %irq   %soft  %steal  %guest  %gnice   %idle
18:43:33      12   56.12    0.00    0.00    0.00    0.00    0.00    0.00    0.00    0.00   43.88
18:43:33      13   44.90    0.00    0.00    0.00    0.00    0.00    0.00    0.00    0.00   55.10
18:43:33      28    0.00    0.00    0.00    0.00    0.00    0.00    0.00    0.00    0.00  100.00
18:43:33      29    0.00    0.00    0.00    1.00    0.00    0.00    0.00    0.00    0.00   99.00

18:43:33     CPU    %usr   %nice    %sys %iowait    %irq   %soft  %steal  %guest  %gnice   %idle
18:43:34      12   63.27    0.00    0.00    0.00    0.00    0.00    0.00    0.00    0.00   36.73
18:43:34      13   38.38    0.00    0.00    0.00    0.00    0.00    0.00    0.00    0.00   61.62
18:43:34      28    0.00    0.00    1.02    0.00    0.00    0.00    0.00    0.00    0.00   98.98
18:43:34      29    0.00    0.00    0.00    3.03    0.00    0.00    0.00    0.00    0.00   96.97

18:43:34     CPU    %usr   %nice    %sys %iowait    %irq   %soft  %steal  %guest  %gnice   %idle
18:43:35      12   57.73    0.00    2.06    0.00    0.00    0.00    0.00    0.00    0.00   40.21
18:43:35      13   39.00    0.00    2.00    0.00    0.00    0.00    0.00    0.00    0.00   59.00
18:43:35      28    0.00    0.00    0.00    2.00    0.00    0.00    0.00    0.00    0.00   98.00
18:43:35      29    0.00    0.00    0.00    6.06    0.00    0.00    0.00    0.00    0.00   93.94

18:43:35     CPU    %usr   %nice    %sys %iowait    %irq   %soft  %steal  %guest  %gnice   %idle
18:43:36      12   59.18    0.00    4.08    0.00    0.00    0.00    0.00    0.00    0.00   36.73
18:43:36      13   36.36    0.00    2.02    0.00    0.00    0.00    0.00    0.00    0.00   61.62
18:43:36      28    0.00    0.00    1.01    4.04    0.00    0.00    0.00    0.00    0.00   94.95
18:43:36      29    0.00    0.00    1.01    4.04    0.00    0.00    0.00    0.00    0.00   94.95

18:43:36     CPU    %usr   %nice    %sys %iowait    %irq   %soft  %steal  %guest  %gnice   %idle
18:43:37      12   58.33    0.00    1.04    0.00    0.00    0.00    0.00    0.00    0.00   40.62
18:43:37      13   44.90    0.00    1.02    1.02    0.00    0.00    0.00    0.00    0.00   53.06
18:43:37      28    1.03    0.00    0.00   22.68    0.00    0.00    0.00    0.00    0.00   76.29
18:43:37      29    0.99    0.00    0.99   23.76    0.00    0.00    0.00    6.93    0.00   67.33

18:43:37     CPU    %usr   %nice    %sys %iowait    %irq   %soft  %steal  %guest  %gnice   %idle
18:43:38      12   55.21    0.00    0.00    0.00    0.00    0.00    0.00    0.00    0.00   44.79
18:43:38      13   50.00    0.00    0.00    0.00    0.00    0.00    0.00    0.00    0.00   50.00
18:43:38      28    0.00    0.00    0.00    5.05    0.00    0.00    0.00    0.00    0.00   94.95
18:43:38      29    0.00    0.00    1.01    4.04    0.00    0.00    0.00    0.00    0.00   94.95

18:43:38     CPU    %usr   %nice    %sys %iowait    %irq   %soft  %steal  %guest  %gnice   %idle
18:43:39      12   67.35    0.00    5.10    0.00    0.00    0.00    0.00    2.04    0.00   25.51
18:43:39      13   35.42    0.00    4.17    0.00    0.00    0.00    0.00    0.00    0.00   60.42
18:43:39      28    0.00    0.00    1.01    2.02    0.00    0.00    0.00    0.00    0.00   96.97
18:43:39      29    0.00    0.00    0.00    2.02    0.00    0.00    0.00    0.00    0.00   97.98

18:43:39     CPU    %usr   %nice    %sys %iowait    %irq   %soft  %steal  %guest  %gnice   %idle
18:43:40      12   83.67    0.00    2.04    0.00    0.00    0.00    0.00    1.02    0.00   13.27
18:43:40      13   19.15    0.00    0.00    0.00    0.00    0.00    0.00    0.00    0.00   80.85
18:43:40      28    1.02    0.00    0.00    0.00    0.00    0.00    0.00    0.00    0.00   98.98
18:43:40      29    1.00    0.00    1.00    0.00    0.00    0.00    0.00    0.00    0.00   98.00

18:43:40     CPU    %usr   %nice    %sys %iowait    %irq   %soft  %steal  %guest  %gnice   %idle
18:43:41      12   86.87    0.00    1.01    0.00    0.00    0.00    0.00    0.00    0.00   12.12
18:43:41      13   15.31    0.00    3.06    0.00    0.00    0.00    0.00    0.00    0.00   81.63
18:43:41      28    0.00    0.00    1.01    2.02    0.00    0.00    0.00    0.00    0.00   96.97
18:43:41      29    0.00    0.00    0.00    5.00    0.00    0.00    0.00    0.00    0.00   95.00

18:43:41     CPU    %usr   %nice    %sys %iowait    %irq   %soft  %steal  %guest  %gnice   %idle
18:43:42      12   83.84    0.00    1.01    0.00    0.00    0.00    0.00    0.00    0.00   15.15
18:43:42      13   19.80    0.00    4.95    0.00    0.00    0.00    0.00    0.00    0.00   75.25
18:43:42      28    0.00    0.00    0.00    2.00    0.00    0.00    0.00    0.00    0.00   98.00
18:43:42      29    0.00    0.00    0.00    2.02    0.00    0.00    0.00    0.00    0.00   97.98

18:43:42     CPU    %usr   %nice    %sys %iowait    %irq   %soft  %steal  %guest  %gnice   %idle
18:43:43      12   75.76    0.00    2.02    0.00    0.00    0.00    0.00    1.01    0.00   21.21
18:43:43      13   27.27    0.00    7.07    0.00    0.00    0.00    0.00    1.01    0.00   64.65
18:43:43      28    1.00    0.00    2.00    0.00    0.00    0.00    0.00    2.00    0.00   95.00
18:43:43      29    0.00    0.00    2.00    0.00    0.00    0.00    0.00    1.00    0.00   97.00

18:43:43     CPU    %usr   %nice    %sys %iowait    %irq   %soft  %steal  %guest  %gnice   %idle
18:43:44      12   61.62    0.00    2.02    0.00    0.00    0.00    0.00    0.00    0.00   36.36
18:43:44      13   39.60    0.00    3.96    0.00    0.00    0.00    0.00    0.99    0.00   55.45
18:43:44      28    1.01    0.00    2.02    0.00    0.00    0.00    0.00    3.03    0.00   93.94
18:43:44      29    0.00    0.00    0.00    0.00    0.00    0.00    0.00    0.00    0.00  100.00

18:43:44     CPU    %usr   %nice    %sys %iowait    %irq   %soft  %steal  %guest  %gnice   %idle
18:43:45      12   83.84    0.00    1.01    0.00    0.00    0.00    0.00    5.05    0.00   10.10
18:43:45      13   17.35    0.00    4.08    0.00    0.00    0.00    0.00    0.00    0.00   78.57
18:43:45      28    0.00    0.00    1.01    0.00    0.00    0.00    0.00    2.02    0.00   96.97
18:43:45      29    0.00    0.00    0.00    0.99    0.00    0.00    0.00    0.00    0.00   99.01

18:43:45     CPU    %usr   %nice    %sys %iowait    %irq   %soft  %steal  %guest  %gnice   %idle
18:43:46      12   93.94    0.00    1.01    0.00    0.00    0.00    0.00    1.01    0.00    4.04
18:43:46      13   10.42    0.00    9.38    0.00    0.00    0.00    0.00    0.00    0.00   80.21
18:43:46      28    0.00    0.00    0.99    0.00    0.00    0.00    0.00    0.00    0.00   99.01
18:43:46      29    0.00    0.00    0.00    0.00    0.00    0.00    0.00    0.00    0.00  100.00

18:43:46     CPU    %usr   %nice    %sys %iowait    %irq   %soft  %steal  %guest  %gnice   %idle
18:43:47      12   91.00    0.00    1.00    0.00    0.00    0.00    0.00    0.00    0.00    8.00
18:43:47      13   10.89    0.00    7.92    0.00    0.00    0.00    0.00    0.99    0.00   80.20
18:43:47      28    0.00    0.00    0.00    0.00    0.00    0.00    0.00    0.00    0.00  100.00
18:43:47      29    0.00    0.00    0.99    0.99    0.00    0.00    0.00    0.00    0.00   98.02

18:43:47     CPU    %usr   %nice    %sys %iowait    %irq   %soft  %steal  %guest  %gnice   %idle
18:43:48      12   83.84    0.00    1.01    0.00    0.00    0.00    0.00    0.00    0.00   15.15
18:43:48      13   21.15    0.00    8.65    0.00    0.00    0.00    0.00    0.00    0.00   70.19
18:43:48      28    0.00    0.00    0.00    1.00    0.00    0.00    0.00    2.00    0.00   97.00
18:43:48      29    0.00    0.00    0.00    0.00    0.00    0.00    0.00    0.00    0.00  100.00

18:43:48     CPU    %usr   %nice    %sys %iowait    %irq   %soft  %steal  %guest  %gnice   %idle
18:43:49      12   57.29    0.00    1.04    0.00    0.00    0.00    0.00    1.04    0.00   40.62
18:43:49      13   45.10    0.00    3.92    0.00    0.00    0.00    0.00    0.00    0.00   50.98
18:43:49      28    1.01    0.00    1.01    0.00    0.00    0.00    0.00   25.25    0.00   72.73
18:43:49      29    0.00    0.00    0.00    0.00    0.00    0.00    0.00    0.00    0.00  100.00

18:43:49     CPU    %usr   %nice    %sys %iowait    %irq   %soft  %steal  %guest  %gnice   %idle
18:43:50      12   30.21    0.00    0.00    0.00    0.00    0.00    0.00    0.00    0.00   69.79
18:43:50      13   72.73    0.00    0.00    0.00    0.00    0.00    0.00    0.00    0.00   27.27
18:43:50      28    1.01    0.00    5.05    0.00    0.00    0.00    0.00   29.29    0.00   64.65
18:43:50      29    0.00    0.00    0.00    0.99    0.00    0.00    0.00    0.00    0.00   99.01

18:43:50     CPU    %usr   %nice    %sys %iowait    %irq   %soft  %steal  %guest  %gnice   %idle
18:43:51      12   30.21    0.00    1.04    0.00    0.00    0.00    0.00    0.00    0.00   68.75
18:43:51      13   71.43    0.00    0.00    0.00    0.00    0.00    0.00    0.00    0.00   28.57
18:43:51      28    2.04    0.00    4.08    0.00    0.00    0.00    0.00   24.49    0.00   69.39
18:43:51      29    0.00    0.00    0.00    0.00    0.00    0.00    0.00    0.00    0.00  100.00

18:43:51     CPU    %usr   %nice    %sys %iowait    %irq   %soft  %steal  %guest  %gnice   %idle
18:43:52      12   29.47    0.00    0.00    0.00    0.00    0.00    0.00    0.00    0.00   70.53
18:43:52      13   72.73    0.00    0.00    0.00    0.00    0.00    0.00    0.00    0.00   27.27
18:43:52      28    2.00    0.00    4.00    0.00    0.00    0.00    0.00   36.00    0.00   58.00
18:43:52      29    0.00    0.00    0.00    1.00    0.00    0.00    0.00    0.00    0.00   99.00

18:43:52     CPU    %usr   %nice    %sys %iowait    %irq   %soft  %steal  %guest  %gnice   %idle
18:43:53      12   38.14    0.00    0.00    0.00    0.00    0.00    0.00    0.00    0.00   61.86
18:43:53      13   63.00    0.00    0.00    0.00    0.00    0.00    0.00    0.00    0.00   37.00
18:43:53      28    1.02    0.00    4.08    0.00    0.00    0.00    0.00   30.61    0.00   64.29
18:43:53      29    0.00    0.00    0.00    0.00    0.00    0.00    0.00    0.00    0.00  100.00

18:43:53     CPU    %usr   %nice    %sys %iowait    %irq   %soft  %steal  %guest  %gnice   %idle
18:43:54      12   15.15    0.00    1.01    0.00    0.00    0.00    0.00    0.00    0.00   83.84
18:43:54      13   85.00    0.00    0.00    0.00    0.00    0.00    0.00    0.00    0.00   15.00
18:43:54      28    2.00    0.00   13.00    0.00    0.00    0.00    0.00   62.00    0.00   23.00
18:43:54      29    0.00    0.00    0.00    2.97    0.00    0.00    0.00    0.00    0.00   97.03

18:43:54     CPU    %usr   %nice    %sys %iowait    %irq   %soft  %steal  %guest  %gnice   %idle
18:43:55      12    7.07    0.00    1.01    0.00    0.00    0.00    0.00    1.01    0.00   90.91
18:43:55      13   91.00    0.00    1.00    0.00    0.00    0.00    0.00    0.00    0.00    8.00
18:43:55      28    3.00    0.00   24.00    0.00    0.00    0.00    0.00   61.00    0.00   12.00
18:43:55      29    0.00    0.00    0.00    0.00    0.00    0.00    0.00    0.00    0.00  100.00

18:43:55     CPU    %usr   %nice    %sys %iowait    %irq   %soft  %steal  %guest  %gnice   %idle
18:43:56      12    7.00    0.00    0.00    1.00    0.00    0.00    0.00    0.00    0.00   92.00
18:43:56      13   93.00    0.00    0.00    0.00    0.00    0.00    0.00    0.00    0.00    7.00
18:43:56      28    3.96    0.00   24.75    0.00    0.00    0.00    0.00   46.53    0.00   24.75
18:43:56      29    0.00    0.00    0.00    0.00    0.00    0.00    0.00    0.00    0.00  100.00

18:43:56     CPU    %usr   %nice    %sys %iowait    %irq   %soft  %steal  %guest  %gnice   %idle
18:43:57      12   26.53    0.00    0.00    0.00    0.00    0.00    0.00    0.00    0.00   73.47
18:43:57      13   73.74    0.00    0.00    0.00    0.00    0.00    0.00    0.00    0.00   26.26
18:43:57      28    3.03    0.00   20.20    0.00    0.00    0.00    0.00   46.46    0.00   30.30
18:43:57      29    0.00    0.00    0.00    0.00    0.00    0.00    0.00    0.00    0.00  100.00

18:43:57     CPU    %usr   %nice    %sys %iowait    %irq   %soft  %steal  %guest  %gnice   %idle
18:43:58      12   25.25    0.00    0.00    0.00    0.00    0.00    0.00    0.00    0.00   74.75
18:43:58      13   75.00    0.00    0.00    0.00    0.00    0.00    0.00    0.00    0.00   25.00
18:43:58      28    4.00    0.00   20.00    0.00    0.00    0.00    0.00   36.00    0.00   40.00
18:43:58      29    0.00    0.00    0.00    0.00    0.00    0.00    0.00    0.00    0.00  100.00

18:43:58     CPU    %usr   %nice    %sys %iowait    %irq   %soft  %steal  %guest  %gnice   %idle
18:43:59      12   31.63    0.00    0.00    0.00    0.00    0.00    0.00    0.00    0.00   68.37
18:43:59      13   68.00    0.00    1.00    0.00    0.00    0.00    0.00    0.00    0.00   31.00
18:43:59      28    3.00    0.00   15.00    0.00    0.00    0.00    0.00   46.00    0.00   36.00
18:43:59      29    0.00    0.00    0.00    1.00    0.00    0.00    0.00    0.00    0.00   99.00

18:43:59     CPU    %usr   %nice    %sys %iowait    %irq   %soft  %steal  %guest  %gnice   %idle
18:44:00      12   19.00    0.00    1.00    0.00    0.00    0.00    0.00    0.00    0.00   80.00
18:44:00      13   81.00    0.00    0.00    0.00    0.00    0.00    0.00    0.00    0.00   19.00
18:44:00      28    3.03    0.00   24.24    0.00    0.00    0.00    0.00   36.36    0.00   36.36
18:44:00      29    0.00    0.00    0.00    0.00    0.00    0.00    0.00    0.00    0.00  100.00

18:44:00     CPU    %usr   %nice    %sys %iowait    %irq   %soft  %steal  %guest  %gnice   %idle
18:44:01      12   40.00    0.00    1.05    0.00    0.00    0.00    0.00    0.00    0.00   58.95
18:44:01      13   63.64    0.00    0.00    0.00    0.00    0.00    0.00    0.00    0.00   36.36
18:44:01      28    4.00    0.00   20.00    0.00    0.00    0.00    0.00   35.00    0.00   41.00
18:44:01      29    0.00    0.00    0.00    0.00    0.00    0.00    0.00    0.00    0.00  100.00

18:44:01     CPU    %usr   %nice    %sys %iowait    %irq   %soft  %steal  %guest  %gnice   %idle
18:44:02      12   51.09    0.00    0.00    0.00    0.00    0.00    0.00    0.00    0.00   48.91
18:44:02      13   54.08    0.00    0.00    0.00    0.00    0.00    0.00    0.00    0.00   45.92
18:44:02      28    2.02    0.00   10.10    0.00    0.00    0.00    0.00   21.21    0.00   66.67
18:44:02      29    0.00    0.00    0.00    0.00    0.00    0.00    0.00    0.00    0.00  100.00

18:44:02     CPU    %usr   %nice    %sys %iowait    %irq   %soft  %steal  %guest  %gnice   %idle
18:44:03      12   62.24    0.00    0.00    0.00    0.00    0.00    0.00    0.00    0.00   37.76
18:44:03      13   40.62    0.00    0.00    0.00    0.00    0.00    0.00    0.00    0.00   59.38
18:44:03      28    0.00    0.00    0.00    0.00    0.00    0.00    0.00    0.00    0.00  100.00
18:44:03      29    0.00    0.00    0.00    0.00    0.00    0.00    0.00    0.00    0.00  100.00

18:44:03     CPU    %usr   %nice    %sys %iowait    %irq   %soft  %steal  %guest  %gnice   %idle
18:44:04      12   58.76    0.00    1.03    0.00    0.00    0.00    0.00    2.06    0.00   38.14
18:44:04      13   44.79    0.00    0.00    0.00    0.00    0.00    0.00    0.00    0.00   55.21
18:44:04      28    0.00    0.00    0.00    0.00    0.00    0.00    0.00    0.00    0.00  100.00
18:44:04      29    0.00    0.00    0.00    0.00    0.00    0.00    0.00    0.00    0.00  100.00

18:44:04     CPU    %usr   %nice    %sys %iowait    %irq   %soft  %steal  %guest  %gnice   %idle
18:44:05      12   58.76    0.00    0.00    0.00    0.00    0.00    0.00    0.00    0.00   41.24
18:44:05      13   43.56    0.00    0.99    0.99    0.00    0.00    0.00    0.00    0.00   54.46
18:44:05      28    0.00    0.00    0.00    0.00    0.00    0.00    0.00    0.00    0.00  100.00
18:44:05      29    0.00    0.00    0.00    1.00    0.00    0.00    0.00    0.00    0.00   99.00

18:44:05     CPU    %usr   %nice    %sys %iowait    %irq   %soft  %steal  %guest  %gnice   %idle
18:44:06      12   65.31    0.00    0.00    0.00    0.00    0.00    0.00    0.00    0.00   34.69
18:44:06      13   34.69    0.00    0.00    0.00    0.00    0.00    0.00    0.00    0.00   65.31
18:44:06      28    0.00    0.00    0.00    0.00    0.00    0.00    0.00    0.00    0.00  100.00
18:44:06      29    0.00    0.00    0.00    0.00    0.00    0.00    0.00    0.00    0.00  100.00

18:44:06     CPU    %usr   %nice    %sys %iowait    %irq   %soft  %steal  %guest  %gnice   %idle
18:44:07      12   67.35    0.00    0.00    0.00    0.00    0.00    0.00    0.00    0.00   32.65
18:44:07      13   34.00    0.00    0.00    0.00    0.00    0.00    0.00    0.00    0.00   66.00
18:44:07      28    0.00    0.00    0.00    0.00    0.00    0.00    0.00    0.00    0.00  100.00
18:44:07      29    0.00    0.00    0.00    1.00    0.00    0.00    0.00    0.00    0.00   99.00

18:44:07     CPU    %usr   %nice    %sys %iowait    %irq   %soft  %steal  %guest  %gnice   %idle
18:44:08      12   66.33    0.00    0.00    0.00    0.00    0.00    0.00    1.02    0.00   32.65
18:44:08      13   34.00    0.00    1.00    0.00    0.00    0.00    0.00    1.00    0.00   64.00
18:44:08      28    0.00    0.00    0.00    0.00    0.00    0.00    0.00    0.00    0.00  100.00
18:44:08      29    0.00    0.00    0.00    0.00    0.00    0.00    0.00    0.00    0.00  100.00

18:44:08     CPU    %usr   %nice    %sys %iowait    %irq   %soft  %steal  %guest  %gnice   %idle
18:44:09      12   66.00    0.00    1.00    0.00    0.00    0.00    0.00    0.00    0.00   33.00
18:44:09      13   34.02    0.00    0.00    0.00    0.00    0.00    0.00    0.00    0.00   65.98
18:44:09      28    0.00    0.00    0.00    0.00    0.00    0.00    0.00    0.00    0.00  100.00
18:44:09      29    0.00    0.00    1.02    1.02    0.00    0.00    0.00    0.00    0.00   97.96

18:44:09     CPU    %usr   %nice    %sys %iowait    %irq   %soft  %steal  %guest  %gnice   %idle
18:44:10      12   57.14    0.00    0.00    0.00    0.00    0.00    0.00    1.02    0.00   41.84
18:44:10      13   44.44    0.00    0.00    0.00    0.00    0.00    0.00    0.00    0.00   55.56
18:44:10      28    0.00    0.00    0.00    0.00    0.00    0.00    0.00    0.00    0.00  100.00
18:44:10      29    1.00    0.00    1.00    1.00    0.00    0.00    0.00    0.00    0.00   97.00

18:44:10     CPU    %usr   %nice    %sys %iowait    %irq   %soft  %steal  %guest  %gnice   %idle
18:44:11      12   63.92    0.00    0.00    0.00    0.00    0.00    0.00    0.00    0.00   36.08
18:44:11      13   37.00    0.00    1.00    0.00    0.00    0.00    0.00    0.00    0.00   62.00
18:44:11      28    0.00    0.00    0.00    1.00    0.00    0.00    0.00    0.00    0.00   99.00
18:44:11      29    0.00    0.00    0.00    1.00    0.00    0.00    0.00    0.00    0.00   99.00

18:44:11     CPU    %usr   %nice    %sys %iowait    %irq   %soft  %steal  %guest  %gnice   %idle
18:44:12      12   60.82    0.00    0.00    0.00    0.00    0.00    0.00    0.00    0.00   39.18
18:44:12      13   40.40    0.00    0.00    0.00    0.00    0.00    0.00    0.00    0.00   59.60
18:44:12      28    0.00    0.00    0.00    2.02    0.00    0.00    0.00    0.00    0.00   97.98
18:44:12      29    0.00    0.00    0.00    3.03    0.00    0.00    0.00    0.00    0.00   96.97

18:44:12     CPU    %usr   %nice    %sys %iowait    %irq   %soft  %steal  %guest  %gnice   %idle
18:44:13      12   56.57    0.00    3.03    0.00    0.00    0.00    0.00    0.00    0.00   40.40
18:44:13      13   43.00    0.00    4.00    0.00    0.00    0.00    0.00    0.00    0.00   53.00
18:44:13      28    0.00    0.00    0.00    1.98    0.00    0.00    0.00    0.00    0.00   98.02
18:44:13      29    0.00    0.00    0.00    1.01    0.00    0.00    0.00    0.00    0.00   98.99

18:44:13     CPU    %usr   %nice    %sys %iowait    %irq   %soft  %steal  %guest  %gnice   %idle
18:44:14      12   48.51    0.00    6.93    0.00    0.00    0.00    0.00    0.00    0.00   44.55
18:44:14      13   50.00    0.00    4.90    0.00    0.00    0.00    0.00    0.00    0.00   45.10
18:44:14      28    0.00    0.00    0.00    0.00    0.00    0.00    0.00    0.00    0.00  100.00
18:44:14      29    0.00    0.00    0.98    1.96    0.00    0.00    0.00    0.00    0.00   97.06

18:44:14     CPU    %usr   %nice    %sys %iowait    %irq   %soft  %steal  %guest  %gnice   %idle
18:44:15      12   58.82    0.00    3.92    0.00    0.00    0.00    0.00    0.00    0.00   37.25
18:44:15      13   43.00    0.00    4.00    0.00    0.00    0.00    0.00    3.00    0.00   50.00
18:44:15      28    0.00    0.00    0.00    2.00    0.00    0.00    0.00    0.00    0.00   98.00
18:44:15      29    0.00    0.00    0.00    2.02    0.00    0.00    0.00    0.00    0.00   97.98

18:44:15     CPU    %usr   %nice    %sys %iowait    %irq   %soft  %steal  %guest  %gnice   %idle
18:44:16      12   89.00    0.00    1.00    0.00    0.00    0.00    0.00    0.00    0.00   10.00
18:44:16      13   12.62    0.00    6.80    0.00    0.00    0.00    0.00    0.00    0.00   80.58
18:44:16      28    0.00    0.00    0.00    0.00    0.00    0.00    0.00    0.00    0.00  100.00
18:44:16      29    0.00    0.00    0.00    0.00    0.00    0.00    0.00    0.00    0.00  100.00

18:44:16     CPU    %usr   %nice    %sys %iowait    %irq   %soft  %steal  %guest  %gnice   %idle
18:44:17      12   88.00    0.00    1.00    0.00    0.00    0.00    0.00    0.00    0.00   11.00
18:44:17      13   14.29    0.00    4.08    0.00    0.00    0.00    0.00    1.02    0.00   80.61
18:44:17      28    0.00    0.00    0.00    0.00    0.00    0.00    0.00    0.00    0.00  100.00
18:44:17      29    0.00    0.00    0.00    0.00    0.00    0.00    0.00    0.00    0.00  100.00

18:44:17     CPU    %usr   %nice    %sys %iowait    %irq   %soft  %steal  %guest  %gnice   %idle
18:44:18      12   90.91    0.00    0.00    0.00    0.00    0.00    0.00    3.03    0.00    6.06
18:44:18      13   12.37    0.00    6.19    0.00    0.00    0.00    0.00    0.00    0.00   81.44
18:44:18      28    0.00    0.00    0.00    0.00    0.00    0.00    0.00    0.00    0.00  100.00
18:44:18      29    0.99    0.00    1.98    0.00    0.00    0.00    0.00    6.93    0.00   90.10

18:44:18     CPU    %usr   %nice    %sys %iowait    %irq   %soft  %steal  %guest  %gnice   %idle
18:44:19      12   63.37    0.00    3.96    0.00    0.00    0.00    0.00    4.95    0.00   27.72
18:44:19      13   40.00    0.00    4.00    0.00    0.00    0.00    0.00    5.00    0.00   51.00
18:44:19      28    0.00    0.00    0.00    0.00    0.00    0.00    0.00    0.00    0.00  100.00
18:44:19      29    0.00    0.00    0.00    0.99    0.00    0.00    0.00    0.00    0.00   99.01

18:44:19     CPU    %usr   %nice    %sys %iowait    %irq   %soft  %steal  %guest  %gnice   %idle
18:44:20      12   59.60    0.00    3.03    0.00    0.00    0.00    0.00    1.01    0.00   36.36
18:44:20      13   45.00    0.00    4.00    0.00    0.00    0.00    0.00    1.00    0.00   50.00
18:44:20      28    0.00    0.00    1.00    0.00    0.00    0.00    0.00    9.00    0.00   90.00
18:44:20      29    0.00    0.00    0.00    0.00    0.00    0.00    0.00    0.00    0.00  100.00

18:44:20     CPU    %usr   %nice    %sys %iowait    %irq   %soft  %steal  %guest  %gnice   %idle
18:44:21      12   33.33    0.00    1.08    0.00    0.00    0.00    0.00    0.00    0.00   65.59
18:44:21      13   70.71    0.00    2.02    0.00    0.00    0.00    0.00    0.00    0.00   27.27
18:44:21      28    2.00    0.00    3.00    0.00    0.00    0.00    0.00   46.00    0.00   49.00
18:44:21      29    0.00    0.00    0.00    0.00    0.00    0.00    0.00    0.00    0.00  100.00

18:44:21     CPU    %usr   %nice    %sys %iowait    %irq   %soft  %steal  %guest  %gnice   %idle
18:44:22      12   12.22    0.00    0.00    0.00    0.00    0.00    0.00    0.00    0.00   87.78
18:44:22      13   88.00    0.00    0.00    0.00    0.00    0.00    0.00    0.00    0.00   12.00
18:44:22      28    0.99    0.00    4.95    0.00    0.00    0.00    0.00   70.30    0.00   23.76
18:44:22      29    0.00    0.00    0.00    0.00    0.00    0.00    0.00    0.00    0.00  100.00

18:44:22     CPU    %usr   %nice    %sys %iowait    %irq   %soft  %steal  %guest  %gnice   %idle
18:44:23      12   31.18    0.00    0.00    0.00    0.00    0.00    0.00    0.00    0.00   68.82
18:44:23      13   70.41    0.00    1.02    0.00    0.00    0.00    0.00    0.00    0.00   28.57
18:44:23      28    3.03    0.00    6.06    0.00    0.00    0.00    0.00   31.31    0.00   59.60
18:44:23      29    0.00    0.00    0.00    0.00    0.00    0.00    0.00    0.00    0.00  100.00

18:44:23     CPU    %usr   %nice    %sys %iowait    %irq   %soft  %steal  %guest  %gnice   %idle
18:44:24      12   56.70    0.00    0.00    0.00    0.00    0.00    0.00    0.00    0.00   43.30
18:44:24      13   45.92    0.00    0.00    0.00    0.00    0.00    0.00    0.00    0.00   54.08
18:44:24      28    0.00    0.00    1.98    0.00    0.00    0.00    0.00    7.92    0.00   90.10
18:44:24      29    0.00    0.00    0.00    2.02    0.00    0.00    0.00    0.00    0.00   97.98

18:44:24     CPU    %usr   %nice    %sys %iowait    %irq   %soft  %steal  %guest  %gnice   %idle
18:44:25      12   84.00    0.00    0.00    0.00    0.00    0.00    0.00    0.00    0.00   16.00
18:44:25      13   16.16    0.00    0.00    0.00    0.00    0.00    0.00    0.00    0.00   83.84
18:44:25      28    0.00    0.00    0.00    1.00    0.00    0.00    0.00    0.00    0.00   99.00
18:44:25      29    0.00    0.00    0.00    0.99    0.00    0.00    0.00    0.00    0.00   99.01

18:44:25     CPU    %usr   %nice    %sys %iowait    %irq   %soft  %steal  %guest  %gnice   %idle
18:44:26      12  100.00    0.00    0.00    0.00    0.00    0.00    0.00    0.00    0.00    0.00
18:44:26      13    0.00    0.00    0.00    0.00    0.00    0.00    0.00    0.00    0.00  100.00
18:44:26      28    0.00    0.00    0.00    0.00    0.00    0.00    0.00    0.00    0.00  100.00
18:44:26      29    0.00    0.00    0.00    2.00    0.00    0.00    0.00    0.00    0.00   98.00

18:44:26     CPU    %usr   %nice    %sys %iowait    %irq   %soft  %steal  %guest  %gnice   %idle
18:44:27      12   93.07    0.00    0.99    0.00    0.00    0.00    0.00    0.00    0.00    5.94
18:44:27      13    6.00    0.00    1.00    0.00    0.00    0.00    0.00    0.00    0.00   93.00
18:44:27      28    0.00    0.00    0.00    0.99    0.00    0.00    0.00    0.00    0.00   99.01
18:44:27      29    0.00    0.00    0.00    3.03    0.00    0.00    0.00    0.00    0.00   96.97

18:44:27     CPU    %usr   %nice    %sys %iowait    %irq   %soft  %steal  %guest  %gnice   %idle
18:44:28      12  100.00    0.00    0.00    0.00    0.00    0.00    0.00    0.00    0.00    0.00
18:44:28      13    0.00    0.00    0.00    0.00    0.00    0.00    0.00    0.00    0.00  100.00
18:44:28      28    0.00    0.00    0.00    0.00    0.00    0.00    0.00    0.00    0.00  100.00
18:44:28      29    0.00    0.00    0.00    0.00    0.00    0.00    0.00    0.00    0.00  100.00

18:44:28     CPU    %usr   %nice    %sys %iowait    %irq   %soft  %steal  %guest  %gnice   %idle
18:44:29      12   93.00    0.00    0.00    0.00    0.00    0.00    0.00    0.00    0.00    7.00
18:44:29      13    7.00    0.00    1.00    0.00    0.00    0.00    0.00    1.00    0.00   91.00
18:44:29      28    0.00    0.00    0.00    0.00    0.00    0.00    0.00    0.00    0.00  100.00
18:44:29      29    0.00    0.00    0.00    1.00    0.00    0.00    0.00    0.00    0.00   99.00

18:44:29     CPU    %usr   %nice    %sys %iowait    %irq   %soft  %steal  %guest  %gnice   %idle
18:44:30      12  100.00    0.00    0.00    0.00    0.00    0.00    0.00    0.00    0.00    0.00
18:44:30      13    0.00    0.00    0.00    0.00    0.00    0.00    0.00    0.00    0.00  100.00
18:44:30      28    0.00    0.00    0.00    0.00    0.00    0.00    0.00    0.00    0.00  100.00
18:44:30      29    0.00    0.00    0.00    0.00    0.00    0.00    0.00    0.00    0.00  100.00

18:44:30     CPU    %usr   %nice    %sys %iowait    %irq   %soft  %steal  %guest  %gnice   %idle
18:44:31      12   96.00    0.00    0.00    0.00    0.00    0.00    0.00    0.00    0.00    4.00
18:44:31      13    5.94    0.00    0.00    0.00    0.00    0.00    0.00    0.00    0.00   94.06
18:44:31      28    0.00    0.00    0.00    0.00    0.00    0.00    0.00    0.00    0.00  100.00
18:44:31      29    0.00    0.00    0.00    0.00    0.00    0.00    0.00    0.00    0.00  100.00

18:44:31     CPU    %usr   %nice    %sys %iowait    %irq   %soft  %steal  %guest  %gnice   %idle
18:44:32      12   93.94    0.00    0.00    0.00    0.00    0.00    0.00    0.00    0.00    6.06
18:44:32      13   11.43    0.00    0.95    0.95    0.00    0.00    0.00    0.00    0.00   86.67
18:44:32      28    0.00    0.00    0.00    1.00    0.00    0.00    0.00    0.00    0.00   99.00
18:44:32      29    0.00    0.00    1.00    0.00    0.00    0.00    0.00    0.00    0.00   99.00

18:44:32     CPU    %usr   %nice    %sys %iowait    %irq   %soft  %steal  %guest  %gnice   %idle
18:44:33      12   80.61    0.00    0.00    0.00    0.00    0.00    0.00    0.00    0.00   19.39
18:44:33      13   23.23    0.00    0.00    0.00    0.00    0.00    0.00    0.00    0.00   76.77
18:44:33      28    0.00    0.00    0.00    0.00    0.00    0.00    0.00    0.00    0.00  100.00
18:44:33      29    0.00    0.00    0.00    2.00    0.00    0.00    0.00    0.00    0.00   98.00

18:44:33     CPU    %usr   %nice    %sys %iowait    %irq   %soft  %steal  %guest  %gnice   %idle
18:44:34      12   67.35    0.00    0.00    0.00    0.00    0.00    0.00    0.00    0.00   32.65
18:44:34      13   34.74    0.00    0.00    0.00    0.00    0.00    0.00    0.00    0.00   65.26
18:44:34      28    0.00    0.00    0.00    1.00    0.00    0.00    0.00    0.00    0.00   99.00
18:44:34      29    0.00    0.00    0.99    1.98    0.00    0.00    0.00    0.00    0.00   97.03

18:44:34     CPU    %usr   %nice    %sys %iowait    %irq   %soft  %steal  %guest  %gnice   %idle
18:44:35      12   61.86    0.00    0.00    0.00    0.00    0.00    0.00    0.00    0.00   38.14
18:44:35      13   40.82    0.00    1.02    0.00    0.00    0.00    0.00    0.00    0.00   58.16
18:44:35      28    0.00    0.00    0.00    0.00    0.00    0.00    0.00    0.00    0.00  100.00
18:44:35      29    0.00    0.00    0.00    0.00    0.00    0.00    0.00    0.00    0.00  100.00

18:44:35     CPU    %usr   %nice    %sys %iowait    %irq   %soft  %steal  %guest  %gnice   %idle
18:44:36      12   59.18    0.00    1.02    0.00    0.00    0.00    0.00    0.00    0.00   39.80
18:44:36      13   43.75    0.00    0.00    0.00    0.00    0.00    0.00    0.00    0.00   56.25
18:44:36      28    0.00    0.00    0.00    0.00    0.00    0.00    0.00    0.00    0.00  100.00
18:44:36      29    0.00    0.00    0.00    0.00    0.00    0.00    0.00    0.00    0.00  100.00

18:44:36     CPU    %usr   %nice    %sys %iowait    %irq   %soft  %steal  %guest  %gnice   %idle
18:44:37      12   51.55    0.00    0.00    0.00    0.00    0.00    0.00    0.00    0.00   48.45
18:44:37      13   49.49    0.00    1.01    0.00    0.00    0.00    0.00    0.00    0.00   49.49
18:44:37      28    0.00    0.00    0.00    0.00    0.00    0.00    0.00    0.00    0.00  100.00
18:44:37      29    0.00    0.00    0.00    0.00    0.00    0.00    0.00    0.00    0.00  100.00

18:44:37     CPU    %usr   %nice    %sys %iowait    %irq   %soft  %steal  %guest  %gnice   %idle
18:44:38      12   62.63    0.00    0.00    0.00    0.00    0.00    0.00    0.00    0.00   37.37
18:44:38      13   37.76    0.00    0.00    0.00    0.00    0.00    0.00    0.00    0.00   62.24
18:44:38      28    0.00    0.00    0.00    0.00    0.00    0.00    0.00    0.00    0.00  100.00
18:44:38      29    0.00    0.00    0.00    0.00    0.00    0.00    0.00    0.00    0.00  100.00

18:44:38     CPU    %usr   %nice    %sys %iowait    %irq   %soft  %steal  %guest  %gnice   %idle
18:44:39      12   60.82    0.00    1.03    0.00    0.00    0.00    0.00    0.00    0.00   38.14
18:44:39      13   40.40    0.00    1.01    0.00    0.00    0.00    0.00    0.00    0.00   58.59
18:44:39      28    0.00    0.00    0.00    0.00    0.00    0.00    0.00    0.00    0.00  100.00
18:44:39      29    0.00    0.00    1.00    3.00    0.00    0.00    0.00    1.00    0.00   95.00

18:44:39     CPU    %usr   %nice    %sys %iowait    %irq   %soft  %steal  %guest  %gnice   %idle
18:44:40      12   72.73    0.00    0.00    0.00    0.00    0.00    0.00    0.00    0.00   27.27
18:44:40      13   28.28    0.00    1.01    0.00    0.00    0.00    0.00    1.01    0.00   69.70
18:44:40      28    0.00    0.00    0.00    0.00    0.00    0.00    0.00    0.00    0.00  100.00
18:44:40      29    0.00    0.00    2.97    0.00    0.00    0.00    0.00    3.96    0.00   93.07

18:44:40     CPU    %usr   %nice    %sys %iowait    %irq   %soft  %steal  %guest  %gnice   %idle
18:44:41      12   65.98    0.00    0.00    0.00    0.00    0.00    0.00    0.00    0.00   34.02
18:44:41      13   34.69    0.00    0.00    0.00    0.00    0.00    0.00    0.00    0.00   65.31
18:44:41      28    0.00    0.00    0.00    0.00    0.00    0.00    0.00    0.00    0.00  100.00
18:44:41      29    0.00    0.00    0.00    0.00    0.00    0.00    0.00    0.00    0.00  100.00

18:44:41     CPU    %usr   %nice    %sys %iowait    %irq   %soft  %steal  %guest  %gnice   %idle
18:44:42      12   52.04    0.00    0.00    0.00    0.00    0.00    0.00    0.00    0.00   47.96
18:44:42      13   49.50    0.00    0.00    0.00    0.00    0.00    0.00    0.00    0.00   50.50
18:44:42      28    0.00    0.00    0.00    0.00    0.00    0.00    0.00    0.00    0.00  100.00
18:44:42      29    0.00    0.00    0.00    2.00    0.00    0.00    0.00    0.00    0.00   98.00

18:44:42     CPU    %usr   %nice    %sys %iowait    %irq   %soft  %steal  %guest  %gnice   %idle
18:44:43      12   70.10    0.00    0.00    0.00    0.00    0.00    0.00    0.00    0.00   29.90
18:44:43      13   30.61    0.00    1.02    0.00    0.00    0.00    0.00    0.00    0.00   68.37
18:44:43      28    0.00    0.00    0.00    0.00    0.00    0.00    0.00    0.00    0.00  100.00
18:44:43      29    1.01    0.00    6.06    0.00    0.00    0.00    0.00   14.14    0.00   78.79

18:44:43     CPU    %usr   %nice    %sys %iowait    %irq   %soft  %steal  %guest  %gnice   %idle
18:44:44      12   70.71    0.00    1.01    0.00    0.00    0.00    0.00    0.00    0.00   28.28
18:44:44      13   30.30    0.00    0.00    0.00    0.00    0.00    0.00    0.00    0.00   69.70
18:44:44      28    0.00    0.00    0.00    0.00    0.00    0.00    0.00    0.00    0.00  100.00
18:44:44      29    1.00    0.00    2.00    0.00    0.00    0.00    0.00    9.00    0.00   88.00

18:44:44     CPU    %usr   %nice    %sys %iowait    %irq   %soft  %steal  %guest  %gnice   %idle
18:44:45      12   66.67    0.00    0.00    0.00    0.00    0.00    0.00    0.00    0.00   33.33
18:44:45      13   35.71    0.00    0.00    0.00    0.00    0.00    0.00    0.00    0.00   64.29
18:44:45      28    0.00    0.00    0.00    0.00    0.00    0.00    0.00    0.00    0.00  100.00
18:44:45      29    0.00    0.00    0.00    0.00    0.00    0.00    0.00    0.00    0.00  100.00

18:44:45     CPU    %usr   %nice    %sys %iowait    %irq   %soft  %steal  %guest  %gnice   %idle
18:44:46      12   83.84    0.00    1.01    0.00    0.00    0.00    0.00    0.00    0.00   15.15
18:44:46      13   19.15    0.00    1.06    0.00    0.00    0.00    0.00    0.00    0.00   79.79
18:44:46      28    0.00    0.00    0.00    0.00    0.00    0.00    0.00    0.00    0.00  100.00
18:44:46      29    0.00    0.00    0.00    0.00    0.00    0.00    0.00    0.00    0.00  100.00

18:44:46     CPU    %usr   %nice    %sys %iowait    %irq   %soft  %steal  %guest  %gnice   %idle
18:44:47      12   85.71    0.00    0.00    0.00    0.00    0.00    0.00    0.00    0.00   14.29
18:44:47      13   17.02    0.00    0.00    0.00    0.00    0.00    0.00    0.00    0.00   82.98
18:44:47      28    0.00    0.00    0.00    0.00    0.00    0.00    0.00    0.00    0.00  100.00
18:44:47      29    0.00    0.00    0.00    0.00    0.00    0.00    0.00    0.00    0.00  100.00

18:44:47     CPU    %usr   %nice    %sys %iowait    %irq   %soft  %steal  %guest  %gnice   %idle
18:44:48      12   82.65    0.00    1.02    0.00    0.00    0.00    0.00    0.00    0.00   16.33
18:44:48      13   20.21    0.00    0.00    0.00    0.00    0.00    0.00    0.00    0.00   79.79
18:44:48      28    0.00    0.00    0.00    0.00    0.00    0.00    0.00    0.00    0.00  100.00
18:44:48      29    0.00    0.00    0.00    0.00    0.00    0.00    0.00    0.00    0.00  100.00

18:44:48     CPU    %usr   %nice    %sys %iowait    %irq   %soft  %steal  %guest  %gnice   %idle
18:44:49      12   55.56    0.00    1.01    0.00    0.00    0.00    0.00    0.00    0.00   43.43
18:44:49      13   49.48    0.00    2.06    0.00    0.00    0.00    0.00    0.00    0.00   48.45
18:44:49      28    0.00    0.00    0.00    0.00    0.00    0.00    0.00    0.00    0.00  100.00
18:44:49      29    0.00    0.00    0.00    0.00    0.00    0.00    0.00    0.00    0.00  100.00

18:44:49     CPU    %usr   %nice    %sys %iowait    %irq   %soft  %steal  %guest  %gnice   %idle
18:44:50      12   72.45    0.00    1.02    0.00    0.00    0.00    0.00    0.00    0.00   26.53
18:44:50      13   32.32    0.00    3.03    0.00    0.00    0.00    0.00    0.00    0.00   64.65
18:44:50      28    0.00    0.00    0.00    0.00    0.00    0.00    0.00    0.00    0.00  100.00
18:44:50      29    0.00    0.00    0.00    2.00    0.00    0.00    0.00    0.00    0.00   98.00

18:44:50     CPU    %usr   %nice    %sys %iowait    %irq   %soft  %steal  %guest  %gnice   %idle
18:44:51      12   83.67    0.00    0.00    0.00    0.00    0.00    0.00   10.20    0.00    6.12
18:44:51      13   17.71    0.00    4.17    0.00    0.00    0.00    0.00    0.00    0.00   78.12
18:44:51      28    0.00    0.00    0.00    0.00    0.00    0.00    0.00    0.00    0.00  100.00
18:44:51      29    0.00    0.00    0.00    0.00    0.00    0.00    0.00    0.00    0.00  100.00

18:44:51     CPU    %usr   %nice    %sys %iowait    %irq   %soft  %steal  %guest  %gnice   %idle
18:44:52      12   89.00    0.00    1.00    0.00    0.00    0.00    0.00    0.00    0.00   10.00
18:44:52      13   13.27    0.00    5.10    0.00    0.00    0.00    0.00    0.00    0.00   81.63
18:44:52      28    0.00    0.00    0.00    0.00    0.00    0.00    0.00    0.00    0.00  100.00
18:44:52      29    0.00    0.00    0.00    0.00    0.00    0.00    0.00    0.00    0.00  100.00

18:44:52     CPU    %usr   %nice    %sys %iowait    %irq   %soft  %steal  %guest  %gnice   %idle
18:44:53      12   93.00    0.00    1.00    0.00    0.00    0.00    0.00    0.00    0.00    6.00
18:44:53      13    7.37    0.00    2.11    0.00    0.00    0.00    0.00    0.00    0.00   90.53
18:44:53      28    0.00    0.00    0.00    0.00    0.00    0.00    0.00    0.00    0.00  100.00
18:44:53      29    0.00    0.00    0.00    0.00    0.00    0.00    0.00    0.00    0.00  100.00

18:44:53     CPU    %usr   %nice    %sys %iowait    %irq   %soft  %steal  %guest  %gnice   %idle
18:44:54      12   99.00    0.00    0.00    0.00    0.00    0.00    0.00    0.00    0.00    1.00
18:44:54      13    2.06    0.00    0.00    0.00    0.00    0.00    0.00    0.00    0.00   97.94
18:44:54      28    0.00    0.00    0.00    0.00    0.00    0.00    0.00    0.00    0.00  100.00
18:44:54      29    0.00    0.00    0.00    0.00    0.00    0.00    0.00    0.00    0.00  100.00

18:44:54     CPU    %usr   %nice    %sys %iowait    %irq   %soft  %steal  %guest  %gnice   %idle
18:44:55      12   99.00    0.00    0.00    0.00    0.00    0.00    0.00    0.00    0.00    1.00
18:44:55      13    0.00    0.00    0.00    0.00    0.00    0.00    0.00    0.00    0.00  100.00
18:44:55      28    0.00    0.00    0.00    0.00    0.00    0.00    0.00    0.00    0.00  100.00
18:44:55      29    0.00    0.00    0.00    2.00    0.00    0.00    0.00    0.00    0.00   98.00

18:44:55     CPU    %usr   %nice    %sys %iowait    %irq   %soft  %steal  %guest  %gnice   %idle
18:44:56      12   98.00    0.00    0.00    0.00    0.00    0.00    0.00    0.00    0.00    2.00
18:44:56      13    2.08    0.00    0.00    0.00    0.00    0.00    0.00    0.00    0.00   97.92
18:44:56      28    0.00    0.00    0.99    0.00    0.00    0.00    0.00    0.00    0.00   99.01
18:44:56      29    0.00    0.00    0.00    0.99    0.00    0.00    0.00    0.00    0.00   99.01

18:44:56     CPU    %usr   %nice    %sys %iowait    %irq   %soft  %steal  %guest  %gnice   %idle
18:44:57      12   97.98    0.00    0.00    0.00    0.00    0.00    0.00    0.00    0.00    2.02
18:44:57      13    2.04    0.00    1.02    0.00    0.00    0.00    0.00    0.00    0.00   96.94
18:44:57      28    0.00    0.00    0.00    0.00    0.00    0.00    0.00    0.00    0.00  100.00
18:44:57      29    0.00    0.00    0.00    0.00    0.00    0.00    0.00    0.00    0.00  100.00

18:44:57     CPU    %usr   %nice    %sys %iowait    %irq   %soft  %steal  %guest  %gnice   %idle
18:44:58      12  100.00    0.00    0.00    0.00    0.00    0.00    0.00    0.00    0.00    0.00
18:44:58      13    0.00    0.00    0.00    0.00    0.00    0.00    0.00    0.00    0.00  100.00
18:44:58      28    0.00    0.00    0.00    0.00    0.00    0.00    0.00    0.00    0.00  100.00
18:44:58      29    0.00    0.00    0.00    0.00    0.00    0.00    0.00    0.00    0.00  100.00

18:44:58     CPU    %usr   %nice    %sys %iowait    %irq   %soft  %steal  %guest  %gnice   %idle
18:44:59      12   98.00    0.00    0.00    0.00    0.00    0.00    0.00    0.00    0.00    2.00
18:44:59      13    3.00    0.00    0.00    0.00    0.00    0.00    0.00    0.00    0.00   97.00
18:44:59      28    0.00    0.00    0.00    0.00    0.00    0.00    0.00    0.00    0.00  100.00
18:44:59      29    0.00    0.00    0.00    0.00    0.00    0.00    0.00    0.00    0.00  100.00

18:44:59     CPU    %usr   %nice    %sys %iowait    %irq   %soft  %steal  %guest  %gnice   %idle
18:45:00      12  100.00    0.00    0.00    0.00    0.00    0.00    0.00    0.00    0.00    0.00
18:45:00      13    0.00    0.00    0.00    0.00    0.00    0.00    0.00    0.00    0.00  100.00
18:45:00      28    0.00    0.00    0.00    0.00    0.00    0.00    0.00    0.00    0.00  100.00
18:45:00      29    0.00    0.00    0.00    2.00    0.00    0.00    0.00    0.00    0.00   98.00

18:45:00     CPU    %usr   %nice    %sys %iowait    %irq   %soft  %steal  %guest  %gnice   %idle
18:45:01      12   95.05    0.00    0.00    0.00    0.00    0.00    0.00    0.00    0.00    4.95
18:45:01      13    4.00    0.00    1.00    0.00    0.00    0.00    0.00    0.00    0.00   95.00
18:45:01      28    0.00    0.00    0.00    0.00    0.00    0.00    0.00    0.00    0.00  100.00
18:45:01      29    0.00    0.00    0.00    0.00    0.00    0.00    0.00    0.00    0.00  100.00

18:45:01     CPU    %usr   %nice    %sys %iowait    %irq   %soft  %steal  %guest  %gnice   %idle
18:45:02      12  100.00    0.00    0.00    0.00    0.00    0.00    0.00    0.00    0.00    0.00
18:45:02      13    0.00    0.00    0.00    1.02    0.00    0.00    0.00    0.00    0.00   98.98
18:45:02      28    0.00    0.00    0.00    0.00    0.00    0.00    0.00    0.00    0.00  100.00
18:45:02      29    0.00    0.00    0.00    0.00    0.00    0.00    0.00    0.00    0.00  100.00

18:45:02     CPU    %usr   %nice    %sys %iowait    %irq   %soft  %steal  %guest  %gnice   %idle
18:45:03      12  100.00    0.00    0.00    0.00    0.00    0.00    0.00    0.00    0.00    0.00
18:45:03      13    0.00    0.00    0.00    0.00    0.00    0.00    0.00    1.02    0.00   98.98
18:45:03      28    0.00    0.00    0.00    0.00    0.00    0.00    0.00    0.00    0.00  100.00
18:45:03      29    0.00    0.00    0.00    2.00    0.00    0.00    0.00    0.00    0.00   98.00

18:45:03     CPU    %usr   %nice    %sys %iowait    %irq   %soft  %steal  %guest  %gnice   %idle
18:45:04      12  100.00    0.00    0.00    0.00    0.00    0.00    0.00    0.00    0.00    0.00
18:45:04      13    0.00    0.00    0.00    0.00    0.00    0.00    0.00    0.00    0.00  100.00
18:45:04      28    0.00    0.00    0.00    0.00    0.00    0.00    0.00    0.00    0.00  100.00
18:45:04      29    0.00    0.00    0.00    0.00    0.00    0.00    0.00    0.00    0.00  100.00

18:45:04     CPU    %usr   %nice    %sys %iowait    %irq   %soft  %steal  %guest  %gnice   %idle
18:45:05      12   90.00    0.00    0.00    0.00    0.00    0.00    0.00    0.00    0.00   10.00
18:45:05      13   11.22    0.00    0.00    0.00    0.00    0.00    0.00    0.00    0.00   88.78
18:45:05      28    0.00    0.00    0.00    2.00    0.00    0.00    0.00    0.00    0.00   98.00
18:45:05      29    1.00    0.00    0.00    1.00    0.00    0.00    0.00    0.00    0.00   98.00

18:45:05     CPU    %usr   %nice    %sys %iowait    %irq   %soft  %steal  %guest  %gnice   %idle
18:45:06      12   77.55    0.00    0.00    0.00    0.00    0.00    0.00    0.00    0.00   22.45
18:45:06      13   26.32    0.00    0.00    0.00    0.00    0.00    0.00    0.00    0.00   73.68
18:45:06      28    0.00    0.00    0.00    0.00    0.00    0.00    0.00    0.00    0.00  100.00
18:45:06      29    0.00    0.00    1.01    0.00    0.00    0.00    0.00    2.02    0.00   96.97

18:45:06     CPU    %usr   %nice    %sys %iowait    %irq   %soft  %steal  %guest  %gnice   %idle
18:45:07      12   79.59    0.00    0.00    0.00    0.00    0.00    0.00    0.00    0.00   20.41
18:45:07      13   21.88    0.00    1.04    0.00    0.00    0.00    0.00    0.00    0.00   77.08
18:45:07      28    0.00    0.00    0.00    2.97    0.00    0.00    0.00    0.00    0.00   97.03
18:45:07      29    0.00    0.00    0.00    2.02    0.00    0.00    0.00    0.00    0.00   97.98

18:45:07     CPU    %usr   %nice    %sys %iowait    %irq   %soft  %steal  %guest  %gnice   %idle
18:45:08      12   62.89    0.00    0.00    0.00    0.00    0.00    0.00    0.00    0.00   37.11
18:45:08      13   41.24    0.00    0.00    0.00    0.00    0.00    0.00    0.00    0.00   58.76
18:45:08      28    0.00    0.00    0.00    0.00    0.00    0.00    0.00    0.00    0.00  100.00
18:45:08      29    0.00    0.00    0.00    0.00    0.00    0.00    0.00    0.00    0.00  100.00

18:45:08     CPU    %usr   %nice    %sys %iowait    %irq   %soft  %steal  %guest  %gnice   %idle
18:45:09      12   63.64    0.00    1.01    0.00    0.00    0.00    0.00    0.00    0.00   35.35
18:45:09      13   38.14    0.00    0.00    0.00    0.00    0.00    0.00    0.00    0.00   61.86
18:45:09      28    0.00    0.00    0.00    2.02    0.00    0.00    0.00    0.00    0.00   97.98
18:45:09      29    0.00    0.00    0.00    0.00    0.00    0.00    0.00    0.00    0.00  100.00

18:45:09     CPU    %usr   %nice    %sys %iowait    %irq   %soft  %steal  %guest  %gnice   %idle
18:45:10      12   69.39    0.00    0.00    0.00    0.00    0.00    0.00    0.00    0.00   30.61
18:45:10      13   31.31    0.00    0.00    0.00    0.00    0.00    0.00    0.00    0.00   68.69
18:45:10      28    0.00    0.00    0.00    0.00    0.00    0.00    0.00    0.00    0.00  100.00
18:45:10      29    0.00    0.00    0.00    0.00    0.00    0.00    0.00    0.00    0.00  100.00

18:45:10     CPU    %usr   %nice    %sys %iowait    %irq   %soft  %steal  %guest  %gnice   %idle
18:45:11      12   62.24    0.00    0.00    0.00    0.00    0.00    0.00    0.00    0.00   37.76
18:45:11      13   38.61    0.00    0.99    0.00    0.00    0.00    0.00    0.00    0.00   60.40
18:45:11      28    0.00    0.00    0.00    0.00    0.00    0.00    0.00    0.00    0.00  100.00
18:45:11      29    0.00    0.00    0.00    1.00    0.00    0.00    0.00    0.00    0.00   99.00

18:45:11     CPU    %usr   %nice    %sys %iowait    %irq   %soft  %steal  %guest  %gnice   %idle
18:45:12      12   67.35    0.00    0.00    0.00    0.00    0.00    0.00    0.00    0.00   32.65
18:45:12      13   34.00    0.00    0.00    0.00    0.00    0.00    0.00    0.00    0.00   66.00
18:45:12      28    0.00    0.00    0.00    0.00    0.00    0.00    0.00    0.00    0.00  100.00
18:45:12      29    0.00    0.00    0.00    0.00    0.00    0.00    0.00    0.00    0.00  100.00

18:45:12     CPU    %usr   %nice    %sys %iowait    %irq   %soft  %steal  %guest  %gnice   %idle
18:45:13      12   58.76    0.00    0.00    0.00    0.00    0.00    0.00    0.00    0.00   41.24
18:45:13      13   42.42    0.00    0.00    0.00    0.00    0.00    0.00    0.00    0.00   57.58
18:45:13      28    0.00    0.00    0.00    0.00    0.00    0.00    0.00    0.00    0.00  100.00
18:45:13      29    0.00    0.00    0.00    0.00    0.00    0.00    0.00    0.00    0.00  100.00

18:45:13     CPU    %usr   %nice    %sys %iowait    %irq   %soft  %steal  %guest  %gnice   %idle
18:45:14      12   67.35    0.00    1.02    0.00    0.00    0.00    0.00    0.00    0.00   31.63
18:45:14      13   33.33    0.00    0.00    0.00    0.00    0.00    0.00    0.00    0.00   66.67
18:45:14      28    0.00    0.00    0.00    0.00    0.00    0.00    0.00    0.00    0.00  100.00
18:45:14      29    0.00    0.00    0.00    0.00    0.00    0.00    0.00    0.00    0.00  100.00

18:45:14     CPU    %usr   %nice    %sys %iowait    %irq   %soft  %steal  %guest  %gnice   %idle
18:45:15      12   60.82    0.00    0.00    0.00    0.00    0.00    0.00    0.00    0.00   39.18
18:45:15      13   40.40    0.00    0.00    0.00    0.00    0.00    0.00    0.00    0.00   59.60
18:45:15      28    0.00    0.00    0.00    0.00    0.00    0.00    0.00    0.00    0.00  100.00
18:45:15      29    0.00    0.00    0.00    2.00    0.00    0.00    0.00    0.00    0.00   98.00

18:45:15     CPU    %usr   %nice    %sys %iowait    %irq   %soft  %steal  %guest  %gnice   %idle
18:45:16      12   72.16    0.00    0.00    0.00    0.00    0.00    0.00    0.00    0.00   27.84
18:45:16      13   29.00    0.00    1.00    0.00    0.00    0.00    0.00    0.00    0.00   70.00
18:45:16      28    0.00    0.00    0.00    0.00    0.00    0.00    0.00    0.00    0.00  100.00
18:45:16      29    0.00    0.00    0.00    0.00    0.00    0.00    0.00    0.00    0.00  100.00

18:45:16     CPU    %usr   %nice    %sys %iowait    %irq   %soft  %steal  %guest  %gnice   %idle
18:45:17      12   57.73    0.00    0.00    0.00    0.00    0.00    0.00    0.00    0.00   42.27
18:45:17      13   44.90    0.00    0.00    0.00    0.00    0.00    0.00    0.00    0.00   55.10
18:45:17      28    0.00    0.00    0.00    0.00    0.00    0.00    0.00    0.00    0.00  100.00
18:45:17      29    0.00    0.00    0.00    1.00    0.00    0.00    0.00    0.00    0.00   99.00

18:45:17     CPU    %usr   %nice    %sys %iowait    %irq   %soft  %steal  %guest  %gnice   %idle
18:45:18      12   52.08    0.00    2.08    0.00    0.00    0.00    0.00    0.00    0.00   45.83
18:45:18      13   51.58    0.00    1.05    0.00    0.00    0.00    0.00    0.00    0.00   47.37
18:45:18      28    0.00    0.00    0.00    0.00    0.00    0.00    0.00    0.00    0.00  100.00
18:45:18      29    0.00    0.00    0.00    0.00    0.00    0.00    0.00    0.00    0.00  100.00

18:45:18     CPU    %usr   %nice    %sys %iowait    %irq   %soft  %steal  %guest  %gnice   %idle
18:45:19      12   51.55    0.00    2.06    0.00    0.00    0.00    0.00    0.00    0.00   46.39
18:45:19      13   51.55    0.00    1.03    0.00    0.00    0.00    0.00    0.00    0.00   47.42
18:45:19      28    0.00    0.00    0.00    0.00    0.00    0.00    0.00    0.00    0.00  100.00
18:45:19      29    0.00    0.00    0.00    0.00    0.00    0.00    0.00    0.00    0.00  100.00

18:45:19     CPU    %usr   %nice    %sys %iowait    %irq   %soft  %steal  %guest  %gnice   %idle
18:45:20      12   51.58    0.00    0.00    0.00    0.00    0.00    0.00    0.00    0.00   48.42
18:45:20      13   53.61    0.00    1.03    0.00    0.00    0.00    0.00    0.00    0.00   45.36
18:45:20      28    0.00    0.00    0.00    0.00    0.00    0.00    0.00    0.00    0.00  100.00
18:45:20      29    0.00    0.00    0.00    0.00    0.00    0.00    0.00    0.00    0.00  100.00

18:45:20     CPU    %usr   %nice    %sys %iowait    %irq   %soft  %steal  %guest  %gnice   %idle
18:45:21      12   52.00    0.00    2.00    0.00    0.00    0.00    0.00    0.00    0.00   46.00
18:45:21      13   53.06    0.00    1.02    0.00    0.00    0.00    0.00    0.00    0.00   45.92
18:45:21      28    0.00    0.00    0.00    0.00    0.00    0.00    0.00    0.00    0.00  100.00
18:45:21      29    0.00    0.00    0.00    0.00    0.00    0.00    0.00    0.00    0.00  100.00

18:45:21     CPU    %usr   %nice    %sys %iowait    %irq   %soft  %steal  %guest  %gnice   %idle
18:45:22      12   70.00    0.00    2.00    0.00    0.00    0.00    0.00    0.00    0.00   28.00
18:45:22      13   32.67    0.00    4.95    0.00    0.00    0.00    0.00    0.00    0.00   62.38
18:45:22      28    0.00    0.00    0.00    0.00    0.00    0.00    0.00    0.00    0.00  100.00
18:45:22      29    0.00    0.00    0.00    0.00    0.00    0.00    0.00    0.00    0.00  100.00

18:45:22     CPU    %usr   %nice    %sys %iowait    %irq   %soft  %steal  %guest  %gnice   %idle
18:45:23      12   83.84    0.00    1.01    0.00    0.00    0.00    0.00    0.00    0.00   15.15
18:45:23      13   20.39    0.00    4.85    0.00    0.00    0.00    0.00    0.00    0.00   74.76
18:45:23      28    0.00    0.00    0.00    0.00    0.00    0.00    0.00    0.00    0.00  100.00
18:45:23      29    0.00    0.00    0.00    4.00    0.00    0.00    0.00    0.00    0.00   96.00

18:45:23     CPU    %usr   %nice    %sys %iowait    %irq   %soft  %steal  %guest  %gnice   %idle
18:45:24      12   87.25    0.00    1.96    0.00    0.00    0.00    0.00    0.00    0.00   10.78
18:45:24      13   13.13    0.00    4.04    0.00    0.00    0.00    0.00    0.00    0.00   82.83
18:45:24      28    0.00    0.00    0.00    0.00    0.00    0.00    0.00    0.00    0.00  100.00
18:45:24      29    0.00    0.00    0.00    0.00    0.00    0.00    0.00    0.00    0.00  100.00

18:45:24     CPU    %usr   %nice    %sys %iowait    %irq   %soft  %steal  %guest  %gnice   %idle
18:45:25      12   89.00    0.00    1.00    0.00    0.00    0.00    0.00    0.00    0.00   10.00
18:45:25      13   11.22    0.00    5.10    0.00    0.00    0.00    0.00    0.00    0.00   83.67
18:45:25      28    0.00    0.00    0.00    0.00    0.00    0.00    0.00    0.00    0.00  100.00
18:45:25      29    0.00    0.00    0.00    0.00    0.00    0.00    0.00    0.00    0.00  100.00

18:45:25     CPU    %usr   %nice    %sys %iowait    %irq   %soft  %steal  %guest  %gnice   %idle
18:45:26      12   99.00    0.00    0.00    0.00    0.00    0.00    0.00    0.00    0.00    1.00
18:45:26      13    1.03    0.00    0.00    0.00    0.00    0.00    0.00    0.00    0.00   98.97
18:45:26      28    0.00    0.00    0.00    0.00    0.00    0.00    0.00    0.00    0.00  100.00
18:45:26      29    0.00    0.00    0.00    0.00    0.00    0.00    0.00    0.00    0.00  100.00

18:45:26     CPU    %usr   %nice    %sys %iowait    %irq   %soft  %steal  %guest  %gnice   %idle
18:45:27      12   95.96    0.00    0.00    0.00    0.00    0.00    0.00    0.00    0.00    4.04
18:45:27      13    5.10    0.00    0.00    0.00    0.00    0.00    0.00    0.00    0.00   94.90
18:45:27      28    0.00    0.00    0.00    0.00    0.00    0.00    0.00    0.00    0.00  100.00
18:45:27      29    0.00    0.00    0.00    0.00    0.00    0.00    0.00    0.00    0.00  100.00

18:45:27     CPU    %usr   %nice    %sys %iowait    %irq   %soft  %steal  %guest  %gnice   %idle
18:45:28      12   96.94    0.00    0.00    0.00    0.00    0.00    0.00    0.00    0.00    3.06
18:45:28      13    4.17    0.00    0.00    0.00    0.00    0.00    0.00    0.00    0.00   95.83
18:45:28      28    0.00    0.00    0.00    0.00    0.00    0.00    0.00    0.00    0.00  100.00
18:45:28      29    0.00    0.00    0.00    3.00    0.00    0.00    0.00    0.00    0.00   97.00

18:45:28     CPU    %usr   %nice    %sys %iowait    %irq   %soft  %steal  %guest  %gnice   %idle
18:45:29      12   98.00    0.00    0.00    0.00    0.00    0.00    0.00    0.00    0.00    2.00
18:45:29      13    2.04    0.00    0.00    0.00    0.00    0.00    0.00    0.00    0.00   97.96
18:45:29      28    0.00    0.00    0.00    0.00    0.00    0.00    0.00    0.00    0.00  100.00
18:45:29      29    0.00    0.00    0.00    0.00    0.00    0.00    0.00    0.00    0.00  100.00

18:45:29     CPU    %usr   %nice    %sys %iowait    %irq   %soft  %steal  %guest  %gnice   %idle
18:45:30      12   96.00    0.00    0.00    0.00    0.00    0.00    0.00    0.00    0.00    4.00
18:45:30      13    3.03    0.00    1.01    0.00    0.00    0.00    0.00    0.00    0.00   95.96
18:45:30      28    0.00    0.00    0.00    0.00    0.00    0.00    0.00    0.00    0.00  100.00
18:45:30      29    0.00    0.00    0.00    0.00    0.00    0.00    0.00    0.00    0.00  100.00

18:45:30     CPU    %usr   %nice    %sys %iowait    %irq   %soft  %steal  %guest  %gnice   %idle
18:45:31      12  100.00    0.00    0.00    0.00    0.00    0.00    0.00    0.00    0.00    0.00
18:45:31      13    1.00    0.00    0.00    0.00    0.00    0.00    0.00    0.00    0.00   99.00
18:45:31      28    0.00    0.00    0.00    0.00    0.00    0.00    0.00    0.00    0.00  100.00
18:45:31      29    0.00    0.00    0.00    0.00    0.00    0.00    0.00    0.00    0.00  100.00

18:45:31     CPU    %usr   %nice    %sys %iowait    %irq   %soft  %steal  %guest  %gnice   %idle
18:45:32      12  100.00    0.00    0.00    0.00    0.00    0.00    0.00    0.00    0.00    0.00
18:45:32      13    0.00    0.00    0.00    0.00    0.00    0.00    0.00    0.00    0.00  100.00
18:45:32      28    0.00    0.00    0.00    0.00    0.00    0.00    0.00    0.00    0.00  100.00
18:45:32      29    0.00    0.00    0.00    0.00    0.00    0.00    0.00    0.00    0.00  100.00

18:45:32     CPU    %usr   %nice    %sys %iowait    %irq   %soft  %steal  %guest  %gnice   %idle
18:45:33      12   98.00    0.00    0.00    0.00    0.00    0.00    0.00    0.00    0.00    2.00
18:45:33      13    3.00    0.00    0.00    0.00    0.00    0.00    0.00    0.00    0.00   97.00
18:45:33      28    0.00    0.00    0.00    0.00    0.00    0.00    0.00    0.00    0.00  100.00
18:45:33      29    0.00    0.00    0.00    0.00    0.00    0.00    0.00    0.00    0.00  100.00

18:45:33     CPU    %usr   %nice    %sys %iowait    %irq   %soft  %steal  %guest  %gnice   %idle
18:45:34      12  100.00    0.00    0.00    0.00    0.00    0.00    0.00    0.00    0.00    0.00
18:45:34      13    5.71    0.00    0.95    0.00    0.00    0.00    0.00    0.00    0.00   93.33
18:45:34      28    0.00    0.00    0.00    0.00    0.00    0.00    0.00    0.00    0.00  100.00
18:45:34      29    0.00    0.00    0.00    0.00    0.00    0.00    0.00    0.00    0.00  100.00

18:45:34     CPU    %usr   %nice    %sys %iowait    %irq   %soft  %steal  %guest  %gnice   %idle
18:45:35      12  100.00    0.00    0.00    0.00    0.00    0.00    0.00    0.00    0.00    0.00
18:45:35      13    2.94    0.00    0.98    0.00    0.00    0.00    0.00    0.00    0.00   96.08
18:45:35      28    0.00    0.00    0.00    0.00    0.00    0.00    0.00    0.00    0.00  100.00
18:45:35      29    0.00    0.00    0.00    0.99    0.00    0.00    0.00    0.00    0.00   99.01

18:45:35     CPU    %usr   %nice    %sys %iowait    %irq   %soft  %steal  %guest  %gnice   %idle
18:45:36      12   96.00    0.00    0.00    0.00    0.00    0.00    0.00    0.00    0.00    4.00
18:45:36      13    4.04    0.00    0.00    0.00    0.00    0.00    0.00    0.00    0.00   95.96
18:45:36      28    0.00    0.00    0.00    1.00    0.00    0.00    0.00    0.00    0.00   99.00
18:45:36      29    0.00    0.00    1.00    1.00    0.00    0.00    0.00    0.00    0.00   98.00

18:45:36     CPU    %usr   %nice    %sys %iowait    %irq   %soft  %steal  %guest  %gnice   %idle
18:45:37      12   85.86    0.00    0.00    0.00    0.00    0.00    0.00    0.00    0.00   14.14
18:45:37      13   15.31    0.00    0.00    0.00    0.00    0.00    0.00    0.00    0.00   84.69
18:45:37      28    0.00    0.00    0.00    0.00    0.00    0.00    0.00    0.00    0.00  100.00
18:45:37      29    0.00    0.00    0.00    1.00    0.00    0.00    0.00    0.00    0.00   99.00

18:45:37     CPU    %usr   %nice    %sys %iowait    %irq   %soft  %steal  %guest  %gnice   %idle
18:45:38      12   86.87    0.00    0.00    0.00    0.00    0.00    0.00    0.00    0.00   13.13
18:45:38      13   14.74    0.00    1.05    0.00    0.00    0.00    0.00    1.05    0.00   83.16
18:45:38      28    0.00    0.00    0.00    0.00    0.00    0.00    0.00    0.00    0.00  100.00
18:45:38      29    0.00    0.00    0.00    2.00    0.00    0.00    0.00    0.00    0.00   98.00

18:45:38     CPU    %usr   %nice    %sys %iowait    %irq   %soft  %steal  %guest  %gnice   %idle
18:45:39      12   77.55    0.00    0.00    0.00    0.00    0.00    0.00    0.00    0.00   22.45
18:45:39      13   24.21    0.00    0.00    0.00    0.00    0.00    0.00    0.00    0.00   75.79
18:45:39      28    0.00    0.00    0.00    0.00    0.00    0.00    0.00    0.00    0.00  100.00
18:45:39      29    0.00    0.00    0.00    0.00    0.00    0.00    0.00    0.00    0.00  100.00

18:45:39     CPU    %usr   %nice    %sys %iowait    %irq   %soft  %steal  %guest  %gnice   %idle
18:45:40      12   57.14    0.00    1.02    0.00    0.00    0.00    0.00    0.00    0.00   41.84
18:45:40      13   46.39    0.00    0.00    0.00    0.00    0.00    0.00    0.00    0.00   53.61
18:45:40      28    0.00    0.00    0.00    0.00    0.00    0.00    0.00    0.00    0.00  100.00
18:45:40      29    0.00    0.00    0.00    0.00    0.00    0.00    0.00    0.00    0.00  100.00

18:45:40     CPU    %usr   %nice    %sys %iowait    %irq   %soft  %steal  %guest  %gnice   %idle
18:45:41      12   63.92    0.00    0.00    0.00    0.00    0.00    0.00    0.00    0.00   36.08
18:45:41      13   38.54    0.00    0.00    0.00    0.00    0.00    0.00    0.00    0.00   61.46
18:45:41      28    0.00    0.00    0.00    0.00    0.00    0.00    0.00    0.00    0.00  100.00
18:45:41      29    0.00    0.00    0.00    0.00    0.00    0.00    0.00    0.00    0.00  100.00

18:45:41     CPU    %usr   %nice    %sys %iowait    %irq   %soft  %steal  %guest  %gnice   %idle
18:45:42      12   69.70    0.00    0.00    0.00    0.00    0.00    0.00    0.00    0.00   30.30
18:45:42      13   31.31    0.00    0.00    0.00    0.00    0.00    0.00    0.00    0.00   68.69
18:45:42      28    0.00    0.00    0.00    0.99    0.00    0.00    0.00    0.00    0.00   99.01
18:45:42      29    0.00    0.00    0.00    0.00    0.00    0.00    0.00    0.00    0.00  100.00

18:45:42     CPU    %usr   %nice    %sys %iowait    %irq   %soft  %steal  %guest  %gnice   %idle
18:45:43      12   63.27    0.00    0.00    0.00    0.00    0.00    0.00    0.00    0.00   36.73
18:45:43      13   38.00    0.00    0.00    0.00    0.00    0.00    0.00    0.00    0.00   62.00
18:45:43      28    0.00    0.00    0.00    0.00    0.00    0.00    0.00    0.00    0.00  100.00
18:45:43      29    0.00    0.00    0.00    0.00    0.00    0.00    0.00    0.00    0.00  100.00

18:45:43     CPU    %usr   %nice    %sys %iowait    %irq   %soft  %steal  %guest  %gnice   %idle
18:45:44      12   66.33    0.00    0.00    0.00    0.00    0.00    0.00    0.00    0.00   33.67
18:45:44      13   34.34    0.00    0.00    0.00    0.00    0.00    0.00    0.00    0.00   65.66
18:45:44      28    0.00    0.00    0.00    0.00    0.00    0.00    0.00    0.00    0.00  100.00
18:45:44      29    0.00    0.00    0.00    0.00    0.00    0.00    0.00    0.00    0.00  100.00

18:45:44     CPU    %usr   %nice    %sys %iowait    %irq   %soft  %steal  %guest  %gnice   %idle
18:45:45      12   69.07    0.00    0.00    0.00    0.00    0.00    0.00    0.00    0.00   30.93
18:45:45      13   31.68    0.00    0.99    0.00    0.00    0.00    0.00    0.00    0.00   67.33
18:45:45      28    0.00    0.00    0.00    0.00    0.00    0.00    0.00    0.00    0.00  100.00
18:45:45      29    0.98    0.00    0.00    0.98    0.00    0.00    0.00    0.00    0.00   98.04

18:45:45     CPU    %usr   %nice    %sys %iowait    %irq   %soft  %steal  %guest  %gnice   %idle
18:45:46      12   64.29    0.00    1.02    0.00    0.00    0.00    0.00    0.00    0.00   34.69
18:45:46      13   37.00    0.00    1.00    0.00    0.00    0.00    0.00    0.00    0.00   62.00
18:45:46      28    0.00    0.00    0.00    0.00    0.00    0.00    0.00    0.00    0.00  100.00
18:45:46      29    0.00    0.00    0.00    0.00    0.00    0.00    0.00    0.00    0.00  100.00

18:45:46     CPU    %usr   %nice    %sys %iowait    %irq   %soft  %steal  %guest  %gnice   %idle
18:45:47      12   59.79    0.00    0.00    0.00    0.00    0.00    0.00    0.00    0.00   40.21
18:45:47      13   41.00    0.00    1.00    0.00    0.00    0.00    0.00    0.00    0.00   58.00
18:45:47      28    0.00    0.00    0.00    0.00    0.00    0.00    0.00    0.00    0.00  100.00
18:45:47      29    0.00    0.00    0.00    1.00    0.00    0.00    0.00    0.00    0.00   99.00

18:45:47     CPU    %usr   %nice    %sys %iowait    %irq   %soft  %steal  %guest  %gnice   %idle
18:45:48      12   59.18    0.00    0.00    0.00    0.00    0.00    0.00    0.00    0.00   40.82
18:45:48      13   42.57    0.00    0.00    0.00    0.00    0.00    0.00    0.00    0.00   57.43
18:45:48      28    0.00    0.00    0.00    0.00    0.00    0.00    0.00    0.00    0.00  100.00
18:45:48      29    0.00    0.00    0.00    0.00    0.00    0.00    0.00    0.00    0.00  100.00

18:45:48     CPU    %usr   %nice    %sys %iowait    %irq   %soft  %steal  %guest  %gnice   %idle
18:45:49      12   59.18    0.00    1.02    0.00    0.00    0.00    0.00    0.00    0.00   39.80
18:45:49      13   42.42    0.00    1.01    0.00    0.00    0.00    0.00    1.01    0.00   55.56
18:45:49      28    0.00    0.00    0.00    0.00    0.00    0.00    0.00    0.00    0.00  100.00
18:45:49      29    0.00    0.00    0.00    0.00    0.00    0.00    0.00    0.00    0.00  100.00

18:45:49     CPU    %usr   %nice    %sys %iowait    %irq   %soft  %steal  %guest  %gnice   %idle
18:45:50      12   55.10    0.00    1.02    1.02    0.00    0.00    0.00    0.00    0.00   42.86
18:45:50      13   48.96    0.00    1.04    0.00    0.00    0.00    0.00    0.00    0.00   50.00
18:45:50      28    0.00    0.00    0.00    0.00    0.00    0.00    0.00    0.00    0.00  100.00
18:45:50      29    0.00    0.00    0.00    0.00    0.00    0.00    0.00    0.00    0.00  100.00

18:45:50     CPU    %usr   %nice    %sys %iowait    %irq   %soft  %steal  %guest  %gnice   %idle
18:45:51      12   51.04    0.00    1.04    0.00    0.00    0.00    0.00    0.00    0.00   47.92
18:45:51      13   52.58    0.00    1.03    0.00    0.00    0.00    0.00    0.00    0.00   46.39
18:45:51      28    0.00    0.00    0.00    0.00    0.00    0.00    0.00    0.00    0.00  100.00
18:45:51      29    0.00    0.00    0.00    0.00    0.00    0.00    0.00    0.00    0.00  100.00

18:45:51     CPU    %usr   %nice    %sys %iowait    %irq   %soft  %steal  %guest  %gnice   %idle
18:45:52      12   52.08    0.00    0.00    0.00    0.00    0.00    0.00    0.00    0.00   47.92
18:45:52      13   53.12    0.00    1.04    0.00    0.00    0.00    0.00    0.00    0.00   45.83
18:45:52      28    0.00    0.00    0.00    0.00    0.00    0.00    0.00    0.00    0.00  100.00
18:45:52      29    0.00    0.00    0.00    0.00    0.00    0.00    0.00    0.00    0.00  100.00

18:45:52     CPU    %usr   %nice    %sys %iowait    %irq   %soft  %steal  %guest  %gnice   %idle
18:45:53      12   77.55    0.00    1.02    0.00    0.00    0.00    0.00    0.00    0.00   21.43
18:45:53      13   26.80    0.00    2.06    0.00    0.00    0.00    0.00    0.00    0.00   71.13
18:45:53      28    0.00    0.00    0.00    0.00    0.00    0.00    0.00    0.00    0.00  100.00
18:45:53      29    0.00    0.00    0.00    0.00    0.00    0.00    0.00    0.00    0.00  100.00

18:45:53     CPU    %usr   %nice    %sys %iowait    %irq   %soft  %steal  %guest  %gnice   %idle
18:45:54      12   85.29    0.00    2.94    0.00    0.00    0.00    0.00    0.00    0.00   11.76
18:45:54      13   15.24    0.00    8.57    0.00    0.00    0.00    0.00    0.00    0.00   76.19
18:45:54      28    0.00    0.00    0.00    0.00    0.00    0.00    0.00    0.00    0.00  100.00
18:45:54      29    0.00    0.00    0.00    0.00    0.00    0.00    0.00    0.00    0.00  100.00

18:45:54     CPU    %usr   %nice    %sys %iowait    %irq   %soft  %steal  %guest  %gnice   %idle
18:45:55      12   91.09    0.00    0.99    0.00    0.00    0.00    0.00    0.00    0.00    7.92
18:45:55      13   11.32    0.00    8.49    0.00    0.00    0.00    0.00    0.00    0.00   80.19
18:45:55      28    0.00    0.00    0.00    0.00    0.00    0.00    0.00    0.00    0.00  100.00
18:45:55      29    0.00    0.00    0.00    2.00    0.00    0.00    0.00    0.00    0.00   98.00

18:45:55     CPU    %usr   %nice    %sys %iowait    %irq   %soft  %steal  %guest  %gnice   %idle
18:45:56      12   67.96    0.00    3.88    0.00    0.00    0.00    0.00    0.00    0.00   28.16
18:45:56      13   32.38    0.00    7.62    0.00    0.00    0.00    0.00    0.00    0.00   60.00
18:45:56      28    0.00    0.00    0.00    0.00    0.00    0.00    0.00    0.00    0.00  100.00
18:45:56      29    0.00    0.00    0.00    0.00    0.00    0.00    0.00    0.00    0.00  100.00

18:45:56     CPU    %usr   %nice    %sys %iowait    %irq   %soft  %steal  %guest  %gnice   %idle
18:45:57      12   52.43    0.00    5.83    0.00    0.00    0.00    0.00    0.00    0.00   41.75
18:45:57      13   48.54    0.00    6.80    0.00    0.00    0.00    0.00    0.00    0.00   44.66
18:45:57      28    0.00    0.00    0.00    0.00    0.00    0.00    0.00    0.00    0.00  100.00
18:45:57      29    0.00    0.00    0.00    1.00    0.00    0.00    0.00    0.00    0.00   99.00

18:45:57     CPU    %usr   %nice    %sys %iowait    %irq   %soft  %steal  %guest  %gnice   %idle
18:45:58      12   52.48    0.00    4.95    0.00    0.00    0.00    0.00    0.00    0.00   42.57
18:45:58      13   49.02    0.00    4.90    0.00    0.00    0.00    0.00    0.00    0.00   46.08
18:45:58      28    0.00    0.00    0.00    0.00    0.00    0.00    0.00    0.00    0.00  100.00
18:45:58      29    0.00    0.00    0.00    0.00    0.00    0.00    0.00    0.00    0.00  100.00

18:45:58     CPU    %usr   %nice    %sys %iowait    %irq   %soft  %steal  %guest  %gnice   %idle
18:45:59      12   65.35    0.00    3.96    0.00    0.00    0.00    0.00    0.00    0.00   30.69
18:45:59      13   36.63    0.00    5.94    0.00    0.00    0.00    0.00    0.00    0.00   57.43
18:45:59      28    0.00    0.00    0.00    0.00    0.00    0.00    0.00    0.00    0.00  100.00
18:45:59      29    0.00    0.00    0.00    0.00    0.00    0.00    0.00    0.00    0.00  100.00

18:45:59     CPU    %usr   %nice    %sys %iowait    %irq   %soft  %steal  %guest  %gnice   %idle
18:46:00      12   93.88    0.00    1.02    0.00    0.00    0.00    0.00    0.00    0.00    5.10
18:46:00      13   10.38    0.00   10.38    0.00    0.00    0.00    0.00    0.00    0.00   79.25
18:46:00      28    0.00    0.00    0.00    1.00    0.00    0.00    0.00    0.00    0.00   99.00
18:46:00      29    0.00    0.00    0.00    0.00    0.00    0.00    0.00    0.00    0.00  100.00

18:46:00     CPU    %usr   %nice    %sys %iowait    %irq   %soft  %steal  %guest  %gnice   %idle
18:46:01      12   97.00    0.00    0.00    0.00    0.00    0.00    0.00    0.00    0.00    3.00
18:46:01      13    4.85    0.00    7.77    0.00    0.00    0.00    0.00    0.00    0.00   87.38
18:46:01      28    0.00    0.00    0.00    0.00    0.00    0.00    0.00    0.00    0.00  100.00
18:46:01      29    0.00    0.00    0.00    0.99    0.00    0.00    0.00    0.00    0.00   99.01

18:46:01     CPU    %usr   %nice    %sys %iowait    %irq   %soft  %steal  %guest  %gnice   %idle
18:46:02      12  100.00    0.00    0.00    0.00    0.00    0.00    0.00    0.00    0.00    0.00
18:46:02      13    1.00    0.00    0.00    0.00    0.00    0.00    0.00    0.00    0.00   99.00
18:46:02      28    0.00    0.00    0.00    0.00    0.00    0.00    0.00    0.00    0.00  100.00
18:46:02      29    0.00    0.00    0.00    0.00    0.00    0.00    0.00    0.00    0.00  100.00

18:46:02     CPU    %usr   %nice    %sys %iowait    %irq   %soft  %steal  %guest  %gnice   %idle
18:46:03      12  100.00    0.00    0.00    0.00    0.00    0.00    0.00    0.00    0.00    0.00
18:46:03      13    0.00    0.00    1.01    0.00    0.00    0.00    0.00    0.00    0.00   98.99
18:46:03      28    0.00    0.00    0.00    0.00    0.00    0.00    0.00    0.00    0.00  100.00
18:46:03      29    0.00    0.00    0.00    0.99    0.00    0.00    0.00    0.00    0.00   99.01

18:46:03     CPU    %usr   %nice    %sys %iowait    %irq   %soft  %steal  %guest  %gnice   %idle
18:46:04      12  100.00    0.00    0.00    0.00    0.00    0.00    0.00    0.00    0.00    0.00
18:46:04      13    0.00    0.00    0.00    0.00    0.00    0.00    0.00    0.00    0.00  100.00
18:46:04      28    0.00    0.00    0.00    0.00    0.00    0.00    0.00    0.00    0.00  100.00
18:46:04      29    0.00    0.00    0.00    0.00    0.00    0.00    0.00    0.00    0.00  100.00

18:46:04     CPU    %usr   %nice    %sys %iowait    %irq   %soft  %steal  %guest  %gnice   %idle
18:46:05      12   97.06    0.00    0.98    0.00    0.00    0.00    0.00    0.00    0.00    1.96
18:46:05      13    2.00    0.00    0.00    0.00    0.00    0.00    0.00    0.00    0.00   98.00
18:46:05      28    0.00    0.00    0.00    0.00    0.00    0.00    0.00    0.00    0.00  100.00
18:46:05      29    0.00    0.00    0.00    0.00    0.00    0.00    0.00    0.00    0.00  100.00

18:46:05     CPU    %usr   %nice    %sys %iowait    %irq   %soft  %steal  %guest  %gnice   %idle
18:46:06      12  100.00    0.00    0.00    0.00    0.00    0.00    0.00    0.00    0.00    0.00
18:46:06      13    0.00    0.00    0.00    0.00    0.00    0.00    0.00    0.00    0.00  100.00
18:46:06      28    0.00    0.00    0.00    0.00    0.00    0.00    0.00    0.00    0.00  100.00
18:46:06      29    0.00    0.00    0.00    2.00    0.00    0.00    0.00    0.00    0.00   98.00

18:46:06     CPU    %usr   %nice    %sys %iowait    %irq   %soft  %steal  %guest  %gnice   %idle
18:46:07      12   98.00    0.00    0.00    0.00    0.00    0.00    0.00    0.00    0.00    2.00
18:46:07      13    3.03    0.00    0.00    0.00    0.00    0.00    0.00    0.00    0.00   96.97
18:46:07      28    0.00    0.00    0.00    0.00    0.00    0.00    0.00    0.00    0.00  100.00
18:46:07      29    0.00    0.00    0.00    0.00    0.00    0.00    0.00    0.00    0.00  100.00

18:46:07     CPU    %usr   %nice    %sys %iowait    %irq   %soft  %steal  %guest  %gnice   %idle
18:46:08      12  100.00    0.00    0.00    0.00    0.00    0.00    0.00    0.00    0.00    0.00
18:46:08      13    1.94    0.00    2.91    0.00    0.00    0.00    0.00    0.00    0.00   95.15
18:46:08      28    0.00    0.00    0.00    0.00    0.00    0.00    0.00    0.00    0.00  100.00
18:46:08      29    0.00    0.00    0.00    0.00    0.00    0.00    0.00    0.00    0.00  100.00

18:46:08     CPU    %usr   %nice    %sys %iowait    %irq   %soft  %steal  %guest  %gnice   %idle
18:46:09      12  100.00    0.00    0.00    0.00    0.00    0.00    0.00    0.00    0.00    0.00
18:46:09      13    3.92    0.00    0.98    0.00    0.00    0.00    0.00    0.00    0.00   95.10
18:46:09      28    0.00    0.00    0.00    0.00    0.00    0.00    0.00    0.00    0.00  100.00
18:46:09      29    0.00    0.00    0.00    0.00    0.00    0.00    0.00    0.00    0.00  100.00

18:46:09     CPU    %usr   %nice    %sys %iowait    %irq   %soft  %steal  %guest  %gnice   %idle
18:46:10      12   90.00    0.00    0.00    0.00    0.00    0.00    0.00    0.00    0.00   10.00
18:46:10      13   10.64    0.00    0.00    0.00    0.00    0.00    0.00    0.00    0.00   89.36
18:46:10      28    0.00    0.00    0.00    0.00    0.00    0.00    0.00    0.00    0.00  100.00
18:46:10      29    0.00    0.00    0.00    1.00    0.00    0.00    0.00    0.00    0.00   99.00

18:46:10     CPU    %usr   %nice    %sys %iowait    %irq   %soft  %steal  %guest  %gnice   %idle
18:46:11      12   81.82    0.00    0.00    0.00    0.00    0.00    0.00    0.00    0.00   18.18
18:46:11      13   20.00    0.00    0.00    0.00    0.00    0.00    0.00    0.00    0.00   80.00
18:46:11      28    0.00    0.00    0.00    0.00    0.00    0.00    0.00    0.00    0.00  100.00
18:46:11      29    0.00    0.00    0.00    0.00    0.00    0.00    0.00    0.00    0.00  100.00

18:46:11     CPU    %usr   %nice    %sys %iowait    %irq   %soft  %steal  %guest  %gnice   %idle
18:46:12      12   59.38    0.00    0.00    0.00    0.00    0.00    0.00    0.00    0.00   40.62
18:46:12      13   43.88    0.00    1.02    0.00    0.00    0.00    0.00    0.00    0.00   55.10
18:46:12      28    0.00    0.00    0.00    0.00    0.00    0.00    0.00    0.00    0.00  100.00
18:46:12      29    0.00    0.00    0.00    0.00    0.00    0.00    0.00    0.00    0.00  100.00

18:46:12     CPU    %usr   %nice    %sys %iowait    %irq   %soft  %steal  %guest  %gnice   %idle
18:46:13      12   62.24    0.00    0.00    0.00    0.00    0.00    0.00    0.00    0.00   37.76
18:46:13      13   40.21    0.00    0.00    0.00    0.00    0.00    0.00    0.00    0.00   59.79
18:46:13      28    0.00    0.00    0.00    0.00    0.00    0.00    0.00    0.00    0.00  100.00
18:46:13      29    0.00    0.00    0.00    0.00    0.00    0.00    0.00    0.00    0.00  100.00

18:46:13     CPU    %usr   %nice    %sys %iowait    %irq   %soft  %steal  %guest  %gnice   %idle
18:46:14      12   68.37    0.00    0.00    0.00    0.00    0.00    0.00    0.00    0.00   31.63
18:46:14      13   33.00    0.00    0.00    0.00    0.00    0.00    0.00    0.00    0.00   67.00
18:46:14      28    0.00    0.00    0.00    0.00    0.00    0.00    0.00    0.00    0.00  100.00
18:46:14      29    0.00    0.00    0.00    0.00    0.00    0.00    0.00    0.00    0.00  100.00

18:46:14     CPU    %usr   %nice    %sys %iowait    %irq   %soft  %steal  %guest  %gnice   %idle
18:46:15      12   66.33    0.00    1.02    0.00    0.00    0.00    0.00    0.00    0.00   32.65
18:46:15      13   34.34    0.00    0.00    0.00    0.00    0.00    0.00    0.00    0.00   65.66
18:46:15      28    0.00    0.00    0.00    0.00    0.00    0.00    0.00    0.00    0.00  100.00
18:46:15      29    0.00    0.00    0.00    0.00    0.00    0.00    0.00    0.00    0.00  100.00

18:46:15     CPU    %usr   %nice    %sys %iowait    %irq   %soft  %steal  %guest  %gnice   %idle
18:46:16      12   70.41    0.00    0.00    0.00    0.00    0.00    0.00    0.00    0.00   29.59
18:46:16      13   30.30    0.00    0.00    0.00    0.00    0.00    0.00    0.00    0.00   69.70
18:46:16      28    0.00    0.00    0.00    0.00    0.00    0.00    0.00    0.00    0.00  100.00
18:46:16      29    0.00    0.00    0.00    0.00    0.00    0.00    0.00    0.00    0.00  100.00

18:46:16     CPU    %usr   %nice    %sys %iowait    %irq   %soft  %steal  %guest  %gnice   %idle
18:46:17      12   67.35    0.00    0.00    0.00    0.00    0.00    0.00    0.00    0.00   32.65
18:46:17      13   34.34    0.00    0.00    0.00    0.00    0.00    0.00    0.00    0.00   65.66
18:46:17      28    0.00    0.00    0.00    0.00    0.00    0.00    0.00    0.00    0.00  100.00
18:46:17      29    0.00    0.00    0.00    0.00    0.00    0.00    0.00    0.00    0.00  100.00

18:46:17     CPU    %usr   %nice    %sys %iowait    %irq   %soft  %steal  %guest  %gnice   %idle
18:46:18      12   66.67    0.00    0.00    0.00    0.00    0.00    0.00    0.00    0.00   33.33
18:46:18      13   33.67    0.00    0.00    0.00    0.00    0.00    0.00    0.00    0.00   66.33
18:46:18      28    0.00    0.00    0.00    0.00    0.00    0.00    0.00    0.00    0.00  100.00
18:46:18      29    0.00    0.00    0.00    0.00    0.00    0.00    0.00    0.00    0.00  100.00

18:46:18     CPU    %usr   %nice    %sys %iowait    %irq   %soft  %steal  %guest  %gnice   %idle
18:46:19      12   68.37    0.00    0.00    0.00    0.00    0.00    0.00    0.00    0.00   31.63
18:46:19      13   32.67    0.00    0.99    0.00    0.00    0.00    0.00    0.00    0.00   66.34
18:46:19      28    0.00    0.00    0.00    0.00    0.00    0.00    0.00    0.00    0.00  100.00
18:46:19      29    0.00    0.00    0.00    0.00    0.00    0.00    0.00    0.00    0.00  100.00

18:46:19     CPU    %usr   %nice    %sys %iowait    %irq   %soft  %steal  %guest  %gnice   %idle
18:46:20      12   64.95    0.00    0.00    0.00    0.00    0.00    0.00    0.00    0.00   35.05
18:46:20      13   36.73    0.00    0.00    0.00    0.00    0.00    0.00    0.00    0.00   63.27
18:46:20      28    0.00    0.00    0.00    0.00    0.00    0.00    0.00    0.00    0.00  100.00
18:46:20      29    0.00    0.00    0.00    1.00    0.00    0.00    0.00    0.00    0.00   99.00

18:46:20     CPU    %usr   %nice    %sys %iowait    %irq   %soft  %steal  %guest  %gnice   %idle
18:46:21      12   60.61    0.00    1.01    0.00    0.00    0.00    0.00    0.00    0.00   38.38
18:46:21      13   40.40    0.00    0.00    0.00    0.00    0.00    0.00    0.00    0.00   59.60
18:46:21      28    0.00    0.00    0.00    0.00    0.00    0.00    0.00    0.00    0.00  100.00
18:46:21      29    0.00    0.00    0.00    0.00    0.00    0.00    0.00    0.00    0.00  100.00

18:46:21     CPU    %usr   %nice    %sys %iowait    %irq   %soft  %steal  %guest  %gnice   %idle
18:46:22      12   54.74    0.00    0.00    0.00    0.00    0.00    0.00    0.00    0.00   45.26
18:46:22      13   51.58    0.00    0.00    0.00    0.00    0.00    0.00    0.00    0.00   48.42
18:46:22      28    0.00    0.00    0.00    0.00    0.00    0.00    0.00    0.00    0.00  100.00
18:46:22      29    0.00    0.00    0.00    0.00    0.00    0.00    0.00    0.00    0.00  100.00

18:46:22     CPU    %usr   %nice    %sys %iowait    %irq   %soft  %steal  %guest  %gnice   %idle
18:46:23      12   54.17    0.00    0.00    0.00    0.00    0.00    0.00    0.00    0.00   45.83
18:46:23      13   51.02    0.00    1.02    0.00    0.00    0.00    0.00    0.00    0.00   47.96
18:46:23      28    0.00    0.00    0.00    0.00    0.00    0.00    0.00    0.00    0.00  100.00
18:46:23      29    0.00    0.00    0.00    0.00    0.00    0.00    0.00    0.00    0.00  100.00

18:46:23     CPU    %usr   %nice    %sys %iowait    %irq   %soft  %steal  %guest  %gnice   %idle
18:46:24      12   77.55    0.00    2.04    0.00    0.00    0.00    0.00    0.00    0.00   20.41
18:46:24      13   23.66    0.00    1.08    0.00    0.00    0.00    0.00    0.00    0.00   75.27
18:46:24      28    0.00    0.00    0.00    0.00    0.00    0.00    0.00    0.00    0.00  100.00
18:46:24      29    0.00    0.00    0.00    0.00    0.00    0.00    0.00    0.00    0.00  100.00

18:46:24     CPU    %usr   %nice    %sys %iowait    %irq   %soft  %steal  %guest  %gnice   %idle
18:46:25      12   82.83    0.00    2.02    0.00    0.00    0.00    0.00    0.00    0.00   15.15
18:46:25      13   18.95    0.00    1.05    0.00    0.00    0.00    0.00    0.00    0.00   80.00
18:46:25      28    0.00    0.00    0.00    0.00    0.00    0.00    0.00    0.00    0.00  100.00
18:46:25      29    0.00    0.00    0.00    0.00    0.00    0.00    0.00    0.00    0.00  100.00

18:46:25     CPU    %usr   %nice    %sys %iowait    %irq   %soft  %steal  %guest  %gnice   %idle
18:46:26      12   79.80    0.00    1.01    0.00    0.00    0.00    0.00    0.00    0.00   19.19
18:46:26      13   23.76    0.00    4.95    0.00    0.00    0.00    0.00    0.00    0.00   71.29
18:46:26      28    0.00    0.00    0.00    0.00    0.00    0.00    0.00    0.00    0.00  100.00
18:46:26      29    0.00    0.00    0.00    0.00    0.00    0.00    0.00    0.00    0.00  100.00

18:46:26     CPU    %usr   %nice    %sys %iowait    %irq   %soft  %steal  %guest  %gnice   %idle
18:46:27      12   69.00    0.00    3.00    0.00    0.00    0.00    0.00    0.00    0.00   28.00
18:46:27      13   32.04    0.00    5.83    0.00    0.00    0.00    0.00    0.00    0.00   62.14
18:46:27      28    0.00    0.00    0.00    3.03    0.00    0.00    0.00    0.00    0.00   96.97
18:46:27      29    0.00    0.00    0.00    0.00    0.00    0.00    0.00    0.00    0.00  100.00

18:46:27     CPU    %usr   %nice    %sys %iowait    %irq   %soft  %steal  %guest  %gnice   %idle
18:46:28      12   75.73    0.00    5.83    0.00    0.00    0.00    0.00    0.00    0.00   18.45
18:46:28      13   20.95    0.00    9.52    0.00    0.00    0.00    0.00    0.00    0.00   69.52
18:46:28      28    0.00    0.00    0.00    0.99    0.00    0.00    0.00    0.00    0.00   99.01
18:46:28      29    0.00    0.00    0.00    1.00    0.00    0.00    0.00    0.00    0.00   99.00

18:46:28     CPU    %usr   %nice    %sys %iowait    %irq   %soft  %steal  %guest  %gnice   %idle
18:46:29      12   81.37    0.00    4.90    0.00    0.00    0.00    0.00    0.00    0.00   13.73
18:46:29      13   16.50    0.00    7.77    0.00    0.00    0.00    0.00    0.00    0.00   75.73
18:46:29      28    0.00    0.00    0.00    0.00    0.00    0.00    0.00    0.00    0.00  100.00
18:46:29      29    0.00    0.00    0.00    0.00    0.00    0.00    0.00    0.00    0.00  100.00

18:46:29     CPU    %usr   %nice    %sys %iowait    %irq   %soft  %steal  %guest  %gnice   %idle
18:46:30      12   88.00    0.00    1.00    0.00    0.00    0.00    0.00    0.00    0.00   11.00
18:46:30      13   15.00    0.00    6.00    0.00    0.00    0.00    0.00    0.00    0.00   79.00
18:46:30      28    0.00    0.00    0.00    0.00    0.00    0.00    0.00    0.00    0.00  100.00
18:46:30      29    0.00    0.00    0.00    0.00    0.00    0.00    0.00    0.00    0.00  100.00

18:46:30     CPU    %usr   %nice    %sys %iowait    %irq   %soft  %steal  %guest  %gnice   %idle
18:46:31      12   81.82    0.00    2.02    0.00    0.00    0.00    0.00    0.00    0.00   16.16
18:46:31      13   22.00    0.00    7.00    0.00    0.00    0.00    0.00    1.00    0.00   70.00
18:46:31      28    1.00    0.00    4.00    0.00    0.00    0.00    0.00    5.00    0.00   90.00
18:46:31      29    0.00    0.00    0.00    0.00    0.00    0.00    0.00    0.00    0.00  100.00

18:46:31     CPU    %usr   %nice    %sys %iowait    %irq   %soft  %steal  %guest  %gnice   %idle
18:46:32      12   43.75    0.00    2.08    0.00    0.00    0.00    0.00    0.00    0.00   54.17
18:46:32      13   67.00    0.00    2.00    0.00    0.00    0.00    0.00    0.00    0.00   31.00
18:46:32      28    3.96    0.00   22.77    0.00    0.00    0.00    0.00   33.66    0.00   39.60
18:46:32      29    0.00    0.00    0.00    2.97    0.00    0.00    0.00    0.00    0.00   97.03

18:46:32     CPU    %usr   %nice    %sys %iowait    %irq   %soft  %steal  %guest  %gnice   %idle
18:46:33      12   57.14    0.00    2.04    0.00    0.00    0.00    0.00    0.00    0.00   40.82
18:46:33      13   46.46    0.00    3.03    0.00    0.00    0.00    0.00    0.00    0.00   50.51
18:46:33      28    0.00    0.00    0.00    0.00    0.00    0.00    0.00    0.00    0.00  100.00
18:46:33      29    0.00    0.00    0.99    0.00    0.00    0.00    0.00    0.00    0.00   99.01

18:46:33     CPU    %usr   %nice    %sys %iowait    %irq   %soft  %steal  %guest  %gnice   %idle
18:46:34      12   87.76    0.00    0.00    0.00    0.00    0.00    0.00    0.00    0.00   12.24
18:46:34      13   12.37    0.00    1.03    0.00    0.00    0.00    0.00    5.15    0.00   81.44
18:46:34      28    0.00    0.00    0.00    0.00    0.00    0.00    0.00    0.00    0.00  100.00
18:46:34      29    0.00    0.00    0.00    3.03    0.00    0.00    0.00    0.00    0.00   96.97

18:46:34     CPU    %usr   %nice    %sys %iowait    %irq   %soft  %steal  %guest  %gnice   %idle
18:46:35      12   92.93    0.00    0.00    0.00    0.00    0.00    0.00    0.00    0.00    7.07
18:46:35      13    7.29    0.00    0.00    0.00    0.00    0.00    0.00    0.00    0.00   92.71
18:46:35      28    0.00    0.00    0.00    0.00    0.00    0.00    0.00    0.00    0.00  100.00
18:46:35      29    0.00    0.00    0.00    0.00    0.00    0.00    0.00    0.00    0.00  100.00

18:46:35     CPU    %usr   %nice    %sys %iowait    %irq   %soft  %steal  %guest  %gnice   %idle
18:46:36      12   84.00    0.00    0.00    0.00    0.00    0.00    0.00    0.00    0.00   16.00
18:46:36      13   16.49    0.00    0.00    0.00    0.00    0.00    0.00    0.00    0.00   83.51
18:46:36      28    0.00    0.00    0.00    0.00    0.00    0.00    0.00    0.00    0.00  100.00
18:46:36      29    0.00    0.00    0.00    0.00    0.00    0.00    0.00    0.00    0.00  100.00
